Enlace,Precio,Dormitorios,Superficie,Num_baños,Descripción,Metro,Renfe,Bus,Farmacia,Bar,Restaurante,Hospital,Supermercado,Tienda,Colegio,Imagenes,Vistas,Estado_conservacion,Garaje,Trastero,Piscina,Terraza_balcon,Seguridad_portero,Etiqueta,Amueblado,Calle_tranquila,Imagenes_locales,Aire acondicionado,Tipo_de_inmueble,Año_de_construccion,Calefaccion,Jardin,Ascensor,Tipo_vivienda,Planta_ordinal,distrito/ciudad,Localización_normalizada,Latitud,Longitud,announcement_id,Precio_m2,Longitud_desc,Riqueza_desc,Polaridad_desc,Subjetividad_desc,Adjetivos_positivos,Urgencia_desc,tipo_suelo,material_pared,tipo_ventana,altura_techo,elementos_estructurales_visibles,nivel_lujo,nivel_modernidad,estilo_principal,paleta_colores,calidad_iluminacion,espacio_abierto,distribucion_espacios,espacios_almacenaje,zonas_exteriores,tecnologia_visible,calidad_bano,equipamiento_cocina,defectos_visibles,nivel_foto_profesional,equilibrio_composicion,distorsion_perspectiva,num_imagenes
https://www.tecnocasa.es/venta/piso/madrid/madrid/600811.html,475000.0,3,131.0,2,"Exclusivo Ático de Lujo: Un Refugio de Confort y Estilo

Descubre este magnífico ático que redefine el concepto de confort y elegancia. Disfruta de 3 amplias HABITACIONES dobles, cada una diseñada para ofrecer un ambiente sereno y acogedor. Los grandes ventanales permiten que la luz natural inunde los espacios, creando un refugio perfecto para el descanso.

Los 2 BAÑOS son amplios y están adaptados para personas con movilidad reducida, garantizando accesibilidad sin comprometer el estilo. Cada detalle ha sido cuidadosamente considerado para proporcionar comodidad y elegancia.

La COCINA es un verdadero sueño para los amantes de la gastronomía. Totalmente equipada con electrodomésticos de última generación, cuenta con una generosa zona de COMEDOR donde podrás disfrutar de deliciosas comidas en compañía de tus seres queridos. La distribución abierta permite que la luz natural fluya libremente, creando un ambiente cálido y acogedor.

El SALON es el corazón del hogar: amplio y luminoso, ofrece un espacio ideal para relajarse o entretener a amigos y familiares. Desde aquí, accedes a una espectacular TERRAZA de 50 METROS CUADRADOS que se convierte en tu oasis privado. Con vistas excepcionales que te dejarán sin aliento, esta terraza está equipada con toldos retráctiles, permitiéndote disfrutar del aire libre en cualquier momento del día, ya sea bajo el sol radiante o en la sombra refrescante.

Entre las comodidades adicionales que hacen de este ático un lugar único se incluyen:
Climatización Perfecta: Aire acondicionado frío/calor en todas las estancias asegura tu confort durante todo el año, mientras que la calefacción a gas individual proporciona calidez en los meses más fríos.

Aislamiento Superior: Ventanas de Climalit oscilobatientes con adición en cada una de mosquitero y toldo garantizan un excelente aislamiento térmico y acústico, creando un ambiente tranquilo y confortable.

Diseño Elegante: Suelo de gres cerámico de primera calidad en todas las áreas combina durabilidad con un estilo contemporáneo que complementa perfectamente la estética general del hogar.

Plazas de Garaje Amplias: El precio incluye 3 amplias plazas de garaje, accesibles mediante un elevador de coches, lo que añade una capa adicional de comodidad a tu vida diaria.

Puertas: Todas las puertas de primerísima calidad, de 82,5 cm de ancho, ideales para personas en silla de ruedas

Trastero: con acceso desde la terraza para un mayor espacio de almacenamiento.

Con acceso directo desde las plazas de garaje al interior de la vivienda, cada detalle ha sido pensado para tu comodidad. No pierdas la oportunidad de vivir en este espectacular ático que combina lujo, funcionalidad y una ubicación privilegiada.
Este ático no solo ofrece un hogar; proporciona un estilo de vida.

Disfruta de la extrema tranquilidad gracias a la ausencia de vecinos a los lados, lo que garantiza privacidad y serenidad. La abundante luz natural inunda cada rincón, creando un ambiente vibrante y acogedor.

¡Ven a descubrir tu nuevo hogar!",1,1,1,1,1,1,0,1,1,1,"['https://cdn-media.medialabtc.it/es/agencies/md027/estates/600811/images/8531578/gallery_media.jpeg', 'https://cdn-media.medialabtc.it/es/agencies/md027/estates/600811/images/8531575/gallery_media.jpeg', 'https://cdn-media.medialabtc.it/es/agencies/md027/estates/600811/images/8531583/gallery_media.jpeg', 'https://cdn-media.medialabtc.it/es/agencies/md027/estates/600811/images/8531480/gallery_media.jpeg', 'https://cdn-media.medialabtc.it/es/agencies/md027/estates/600811/images/8756575/gallery_media.jpeg', 'https://cdn-media.medialabtc.it/es/agencies/md027/estates/600811/images/8531571/gallery_media.jpeg', 'https://cdn-media.medialabtc.it/es/agencies/md027/estates/600811/images/8531579/gallery_media.jpeg', 'https://cdn-media.medialabtc.it/es/agencies/md027/estates/600811/images/8756574/gallery_media.jpeg', 'https://cdn-media.medialabtc.it/es/agencies/md027/estates/600811/images/8531566/gallery_media.jpeg', 'https://cdn-media.medialabtc.it/es/agencies/md027/estates/600811/images/8531573/gallery_media.jpeg', 'https://cdn-media.medialabtc.it/es/agencies/md027/estates/600811/images/8756571/gallery_media.jpeg', 'https://cdn-media.medialabtc.it/es/agencies/md027/estates/600811/images/8756569/gallery_media.jpeg', 'https://cdn-media.medialabtc.it/es/agencies/md027/estates/600811/images/8756566/gallery_media.jpeg', 'https://cdn-media.medialabtc.it/es/agencies/md027/estates/600811/images/8531581/gallery_media.jpeg', 'https://cdn-media.medialabtc.it/es/agencies/md027/estates/600811/images/8531483/gallery_media.jpeg', 'https://cdn-media.medialabtc.it/es/agencies/md027/estates/600811/images/8756568/gallery_media.jpeg', 'https://cdn-media.medialabtc.it/es/agencies/md027/estates/600811/images/8531565/gallery_media.jpeg', 'https://cdn-media.medialabtc.it/es/agencies/md027/estates/600811/images/8531580/gallery_media.jpeg']",1,Desconocido,1,1,0,1,0,B,0,0,"['imagenes_tecnocasa\\anuncio_1371\\0.jpeg', 'imagenes_tecnocasa\\anuncio_1371\\1.jpeg', 'imagenes_tecnocasa\\anuncio_1371\\2.jpeg', 'imagenes_tecnocasa\\anuncio_1371\\3.jpeg', 'imagenes_tecnocasa\\anuncio_1371\\4.jpeg', 'imagenes_tecnocasa\\anuncio_1371\\5.jpeg', 'imagenes_tecnocasa\\anuncio_1371\\6.jpeg', 'imagenes_tecnocasa\\anuncio_1371\\7.jpeg', 'imagenes_tecnocasa\\anuncio_1371\\8.jpeg', 'imagenes_tecnocasa\\anuncio_1371\\9.jpeg', 'imagenes_tecnocasa\\anuncio_1371\\10.jpeg', 'imagenes_tecnocasa\\anuncio_1371\\11.jpeg', 'imagenes_tecnocasa\\anuncio_1371\\12.jpeg', 'imagenes_tecnocasa\\anuncio_1371\\13.jpeg', 'imagenes_tecnocasa\\anuncio_1371\\14.jpeg', 'imagenes_tecnocasa\\anuncio_1371\\15.jpeg', 'imagenes_tecnocasa\\anuncio_1371\\16.jpeg', 'imagenes_tecnocasa\\anuncio_1371\\17.jpeg']",1,Señorial,1978,1,0,1,piso,4,Madrid,"Villaverde Alto, Madrid",40.4167047,-3.7035825,1371,3625.9541984732823,466.0,285.0,0.28214285714285714,0.5714285714285714,4.0,1.0,parquet,pintura,corredera,estándar (2.4-2.8m),nada,5.8,3.8,clásico,"['#F5F5DC', '#A0522D', '#DEB887']",buena,False,convencional,normal,ninguno,ninguno,estándar,parcialmente equipada,ninguno,7.8,6.8,ninguna,5
https://www.tecnocasa.es/venta/piso/madrid/madrid/614472.html,305000.0,3,92.0,1,"Tecnocasa Estudio Inmobiliario Amposta vende piso de 92m.

Se trata de una octava planta con doble ascensor muy luminosa para entrar a vivir compuesta por: salón, cocina, tres dormitorios, baño con ventana y trastero.
Excelente ubicación muy próximo al metro de Simancas y distintas lineas de autobús.",1,0,1,1,1,1,1,1,1,1,"['https://cdn-media.medialabtc.it/es/agencies/md043/estates/614472/images/8826194/gallery_media.jpeg', 'https://cdn-media.medialabtc.it/es/agencies/md043/estates/614472/images/8826158/gallery_media.jpeg', 'https://cdn-media.medialabtc.it/es/agencies/md043/estates/614472/images/8826186/gallery_media.jpeg', 'https://cdn-media.medialabtc.it/es/agencies/md043/estates/614472/images/8826192/gallery_media.jpeg', 'https://cdn-media.medialabtc.it/es/agencies/md043/estates/614472/images/8826196/gallery_media.jpeg', 'https://cdn-media.medialabtc.it/es/agencies/md043/estates/614472/images/8826157/gallery_media.jpeg', 'https://cdn-media.medialabtc.it/es/agencies/md043/estates/614472/images/8826155/gallery_media.jpeg', 'https://cdn-media.medialabtc.it/es/agencies/md043/estates/614472/images/8826159/gallery_media.jpeg', 'https://cdn-media.medialabtc.it/es/agencies/md043/estates/614472/images/8826190/gallery_media.jpeg', 'https://cdn-media.medialabtc.it/es/agencies/md043/estates/614472/images/8826188/gallery_media.jpeg', 'https://cdn-media.medialabtc.it/es/agencies/md043/estates/614472/images/8826187/gallery_media.jpeg', 'https://cdn-media.medialabtc.it/es/agencies/md043/estates/614472/images/8826189/gallery_media.jpeg', 'https://cdn-media.medialabtc.it/es/agencies/md043/estates/614472/images/8826184/gallery_media.jpeg', 'https://cdn-media.medialabtc.it/es/agencies/md043/estates/614472/images/8826156/gallery_media.jpeg', 'https://cdn-media.medialabtc.it/es/agencies/md043/estates/614472/images/8826183/gallery_media.jpeg', 'https://cdn-media.medialabtc.it/es/agencies/md043/estates/614472/images/8826195/gallery_media.jpeg', 'https://cdn-media.medialabtc.it/es/agencies/md043/estates/614472/images/8826197/gallery_media.jpeg', 'https://cdn-media.medialabtc.it/es/agencies/md043/estates/614472/images/8826191/gallery_media.jpeg', 'https://cdn-media.medialabtc.it/es/agencies/md043/estates/614472/images/8826182/gallery_media.jpeg', 'https://cdn-media.medialabtc.it/es/agencies/md043/estates/614472/images/8826161/gallery_media.jpeg', 'https://cdn-media.medialabtc.it/es/agencies/md043/estates/614472/images/8826193/gallery_media.jpeg']",0,Desconocido,0,1,0,0,0,E,0,0,"['imagenes_tecnocasa\\anuncio_1372\\0.jpeg', 'imagenes_tecnocasa\\anuncio_1372\\1.jpeg', 'imagenes_tecnocasa\\anuncio_1372\\2.jpeg', 'imagenes_tecnocasa\\anuncio_1372\\3.jpeg', 'imagenes_tecnocasa\\anuncio_1372\\4.jpeg', 'imagenes_tecnocasa\\anuncio_1372\\5.jpeg', 'imagenes_tecnocasa\\anuncio_1372\\6.jpeg', 'imagenes_tecnocasa\\anuncio_1372\\7.jpeg', 'imagenes_tecnocasa\\anuncio_1372\\8.jpeg', 'imagenes_tecnocasa\\anuncio_1372\\9.jpeg', 'imagenes_tecnocasa\\anuncio_1372\\10.jpeg', 'imagenes_tecnocasa\\anuncio_1372\\11.jpeg', 'imagenes_tecnocasa\\anuncio_1372\\12.jpeg', 'imagenes_tecnocasa\\anuncio_1372\\13.jpeg', 'imagenes_tecnocasa\\anuncio_1372\\14.jpeg', 'imagenes_tecnocasa\\anuncio_1372\\15.jpeg', 'imagenes_tecnocasa\\anuncio_1372\\16.jpeg', 'imagenes_tecnocasa\\anuncio_1372\\17.jpeg', 'imagenes_tecnocasa\\anuncio_1372\\18.jpeg', 'imagenes_tecnocasa\\anuncio_1372\\19.jpeg', 'imagenes_tecnocasa\\anuncio_1372\\20.jpeg']",0,Señorial,1974,1,0,0,piso,8,Madrid,"Simancas, Madrid",40.4167047,-3.7035825,1372,3315.217391304348,47.0,41.0,0.0,0.0,0.0,0.0,cerámica,pintura,abatible,estándar (2.4-2.8m),nada,3.4,5.0,moderno,"['#F2F2F2', '#FFFFFF', '#A0A0A0']",regular,False,convencional,limitado,ninguno,ninguno,estándar,básica,ninguno,6.2,6.6,ninguna,5
https://www.tecnocasa.es/venta/piso/madrid/madrid/611649.html,425000.0,2,78.0,1,"Agencia inmobiliaria de MADRID - zona SALAMANCA - FUENTE DEL BERRO - GUINDALERA - Vende piso en Calle Fundadores
Vivienda alquilada en rentabilidad hasta junio de 2025.
Exterior a reformar, compuesta de dos dormitorios, salón, cocina y cuarto de baño completo.
Dispone de trastero.
Finca con ascensor.
Ubicado entre el parque de la fuente del berro, la glorieta de O´donnell y la plaza de Manuel Becerra, dispone de todo tipo de servicios en los alrededores, como, colegios, hospitales, farmacias, supermercados, parques y una gran red de transporte público.
Tecnocasa dispone de un servicio financiero de consulta gratuita para nuestros clientes. Para mas información acerca de la propiedad y el arrendamiento no dude en consultarnos.",1,1,1,1,1,1,1,1,1,1,"['https://cdn-media.medialabtc.it/es/agencies/md097/estates/611649/images/8773319/gallery_media.jpeg', 'https://cdn-media.medialabtc.it/es/agencies/md097/estates/611649/images/8773313/gallery_media.jpeg', 'https://cdn-media.medialabtc.it/es/agencies/md097/estates/611649/images/8773331/gallery_media.jpeg', 'https://cdn-media.medialabtc.it/es/agencies/md097/estates/611649/images/8773322/gallery_media.jpeg', 'https://cdn-media.medialabtc.it/es/agencies/md097/estates/611649/images/8773309/gallery_media.jpeg', 'https://cdn-media.medialabtc.it/es/agencies/md097/estates/611649/images/8773315/gallery_media.jpeg', 'https://cdn-media.medialabtc.it/es/agencies/md097/estates/611649/images/8773327/gallery_media.jpeg', 'https://cdn-media.medialabtc.it/es/agencies/md097/estates/611649/images/8773330/gallery_media.jpeg', 'https://cdn-media.medialabtc.it/es/agencies/md097/estates/611649/images/8773332/gallery_media.jpeg', 'https://cdn-media.medialabtc.it/es/agencies/md097/estates/611649/images/8773314/gallery_media.jpeg', 'https://cdn-media.medialabtc.it/es/agencies/md097/estates/611649/images/8773321/gallery_media.jpeg', 'https://cdn-media.medialabtc.it/es/agencies/md097/estates/611649/images/8773326/gallery_media.jpeg', 'https://cdn-media.medialabtc.it/es/agencies/md097/estates/611649/images/8773325/gallery_media.jpeg', 'https://cdn-media.medialabtc.it/es/agencies/md097/estates/611649/images/8773310/gallery_media.jpeg', 'https://cdn-media.medialabtc.it/es/agencies/md097/estates/611649/images/8773316/gallery_media.jpeg', 'https://cdn-media.medialabtc.it/es/agencies/md097/estates/611649/images/8773328/gallery_media.jpeg', 'https://cdn-media.medialabtc.it/es/agencies/md097/estates/611649/images/8773323/gallery_media.jpeg', 'https://cdn-media.medialabtc.it/es/agencies/md097/estates/611649/images/8773329/gallery_media.jpeg', 'https://cdn-media.medialabtc.it/es/agencies/md097/estates/611649/images/8773312/gallery_media.jpeg', 'https://cdn-media.medialabtc.it/es/agencies/md097/estates/611649/images/8773324/gallery_media.jpeg', 'https://cdn-media.medialabtc.it/es/agencies/md097/estates/611649/images/8773317/gallery_media.jpeg', 'https://cdn-media.medialabtc.it/es/agencies/md097/estates/611649/images/8773311/gallery_media.jpeg', 'https://cdn-media.medialabtc.it/es/agencies/md097/estates/611649/images/8773308/gallery_media.jpeg', 'https://cdn-media.medialabtc.it/es/agencies/md097/estates/611649/images/8773318/gallery_media.jpeg', 'https://cdn-media.medialabtc.it/es/agencies/md097/estates/611649/images/8773320/gallery_media.jpeg']",0,A reformar,0,1,0,0,0,E,0,0,"['imagenes_tecnocasa\\anuncio_1376\\0.jpeg', 'imagenes_tecnocasa\\anuncio_1376\\1.jpeg', 'imagenes_tecnocasa\\anuncio_1376\\2.jpeg', 'imagenes_tecnocasa\\anuncio_1376\\3.jpeg', 'imagenes_tecnocasa\\anuncio_1376\\4.jpeg', 'imagenes_tecnocasa\\anuncio_1376\\5.jpeg', 'imagenes_tecnocasa\\anuncio_1376\\6.jpeg', 'imagenes_tecnocasa\\anuncio_1376\\7.jpeg', 'imagenes_tecnocasa\\anuncio_1376\\8.jpeg', 'imagenes_tecnocasa\\anuncio_1376\\9.jpeg', 'imagenes_tecnocasa\\anuncio_1376\\10.jpeg', 'imagenes_tecnocasa\\anuncio_1376\\11.jpeg', 'imagenes_tecnocasa\\anuncio_1376\\12.jpeg', 'imagenes_tecnocasa\\anuncio_1376\\13.jpeg', 'imagenes_tecnocasa\\anuncio_1376\\14.jpeg', 'imagenes_tecnocasa\\anuncio_1376\\15.jpeg', 'imagenes_tecnocasa\\anuncio_1376\\16.jpeg', 'imagenes_tecnocasa\\anuncio_1376\\17.jpeg', 'imagenes_tecnocasa\\anuncio_1376\\18.jpeg', 'imagenes_tecnocasa\\anuncio_1376\\19.jpeg', 'imagenes_tecnocasa\\anuncio_1376\\20.jpeg', 'imagenes_tecnocasa\\anuncio_1376\\21.jpeg', 'imagenes_tecnocasa\\anuncio_1376\\22.jpeg', 'imagenes_tecnocasa\\anuncio_1376\\23.jpeg', 'imagenes_tecnocasa\\anuncio_1376\\24.jpeg']",1,Media,1998,1,0,0,piso,2,Fuente del Berro,"Fuente Del Berro, Madrid",40.424977,-3.6636998,1376,5448.717948717948,114.0,87.0,0.0,0.0,0.0,0.0,otro,pintura,otro,estándar (2.4-2.8m),nada,2.2,1.8,convencional,"['#C88141', '#D2B48C', '#A0522D']",regular,False,convencional,limitado,ninguno,ninguno,estándar,básica,ninguno,4.8,5.2,ninguna,5
https://www.tecnocasa.es/venta/piso/madrid/alcala-de-henares/611638.html,167000.0,3,64.0,1,"Agencia Inmobiliaria de Alcalá de Henares, TECNOCASA zona REYES CATÓLICOS VENDE PISO DE ESQUINA EN CALLE CRISTOBAL COLON.
la vivienda cuenta con 3 dormitorios, salón de paso con salida a una agradable terraza desde la que se puede disfrutar de unas buenas vistas, cuarto de baño reformado integralmente con plato de ducha y puerta corredera que facilita su acceso, cocina equipada con muebles altos, bajos y electrodomésticos.
la vivienda hace esquina y es totalmente exterior, cuenta con una gran luminosidad gracias a su orientación sur y a no tener ningún edificio delante.
puertas de madera, carpintería exterior con doble ventana, suelos de tarima, puerta exterior blindada, calefacción por bomba de frio/calor con dos equipos, uno de ellos en salón y otro de ellos en dormitorio principal, equipo anti condensación en salón, electricidad reformada, fontanería reformada en cuarto de baño.
la vivienda se entrega con mobiliario y electrodomesticos.
edificio con ascensor.
además la vivienda cuenta con todo tipo de servicios e instalaciones a su alrededor, colegios, parques, supermercados, farmacias, paradas de autobús urbano e interurbano, taxis, bancos, bares, restaurantes, galerías de alimentación con comercios al por menor etc.
No dudes en venir a verla porque puede ser lo que estás buscando.
Además te recordamos que te ayudamos con la financiación de la vivienda gracias a nuestro departamento financiero KIRON, llegando a conseguir hasta un 100% de hipoteca sobre el precio de compraventa.
Infórmese en nuestra oficina. MEJOR VERLO.",0,1,1,1,1,1,1,1,1,1,"['https://cdn-media.medialabtc.it/es/agencies/md532/estates/611638/images/8764327/gallery_media.jpeg', 'https://cdn-media.medialabtc.it/es/agencies/md532/estates/611638/images/8764319/gallery_media.jpeg', 'https://cdn-media.medialabtc.it/es/agencies/md532/estates/611638/images/8764325/gallery_media.jpeg', 'https://cdn-media.medialabtc.it/es/agencies/md532/estates/611638/images/8764335/gallery_media.jpeg', 'https://cdn-media.medialabtc.it/es/agencies/md532/estates/611638/images/8764334/gallery_media.jpeg', 'https://cdn-media.medialabtc.it/es/agencies/md532/estates/611638/images/8764333/gallery_media.jpeg', 'https://cdn-media.medialabtc.it/es/agencies/md532/estates/611638/images/8764317/gallery_media.jpeg', 'https://cdn-media.medialabtc.it/es/agencies/md532/estates/611638/images/8764331/gallery_media.jpeg', 'https://cdn-media.medialabtc.it/es/agencies/md532/estates/611638/images/8764329/gallery_media.jpeg', 'https://cdn-media.medialabtc.it/es/agencies/md532/estates/611638/images/8764323/gallery_media.jpeg', 'https://cdn-media.medialabtc.it/es/agencies/md532/estates/611638/images/8764314/gallery_media.jpeg', 'https://cdn-media.medialabtc.it/es/agencies/md532/estates/611638/images/8764326/gallery_media.jpeg', 'https://cdn-media.medialabtc.it/es/agencies/md532/estates/611638/images/8764324/gallery_media.jpeg', 'https://cdn-media.medialabtc.it/es/agencies/md532/estates/611638/images/8764316/gallery_media.jpeg', 'https://cdn-media.medialabtc.it/es/agencies/md532/estates/611638/images/8764313/gallery_media.jpeg', 'https://cdn-media.medialabtc.it/es/agencies/md532/estates/611638/images/8764336/gallery_media.jpeg', 'https://cdn-media.medialabtc.it/es/agencies/md532/estates/611638/images/8764318/gallery_media.jpeg', 'https://cdn-media.medialabtc.it/es/agencies/md532/estates/611638/images/8764321/gallery_media.jpeg', 'https://cdn-media.medialabtc.it/es/agencies/md532/estates/611638/images/8764330/gallery_media.jpeg', 'https://cdn-media.medialabtc.it/es/agencies/md532/estates/611638/images/8764320/gallery_media.jpeg', 'https://cdn-media.medialabtc.it/es/agencies/md532/estates/611638/images/8764315/gallery_media.jpeg', 'https://cdn-media.medialabtc.it/es/agencies/md532/estates/611638/images/8764328/gallery_media.jpeg', 'https://cdn-media.medialabtc.it/es/agencies/md532/estates/611638/images/8764337/gallery_media.jpeg', 'https://cdn-media.medialabtc.it/es/agencies/md532/estates/611638/images/8764322/gallery_media.jpeg', 'https://cdn-media.medialabtc.it/es/agencies/md532/estates/611638/images/8764338/gallery_media.jpeg']",0,Reformado,0,0,0,1,0,G,1,0,"['imagenes_tecnocasa\\anuncio_1381\\0.jpeg', 'imagenes_tecnocasa\\anuncio_1381\\1.jpeg', 'imagenes_tecnocasa\\anuncio_1381\\2.jpeg', 'imagenes_tecnocasa\\anuncio_1381\\3.jpeg', 'imagenes_tecnocasa\\anuncio_1381\\4.jpeg', 'imagenes_tecnocasa\\anuncio_1381\\5.jpeg', 'imagenes_tecnocasa\\anuncio_1381\\6.jpeg', 'imagenes_tecnocasa\\anuncio_1381\\7.jpeg', 'imagenes_tecnocasa\\anuncio_1381\\8.jpeg', 'imagenes_tecnocasa\\anuncio_1381\\9.jpeg', 'imagenes_tecnocasa\\anuncio_1381\\10.jpeg', 'imagenes_tecnocasa\\anuncio_1381\\11.jpeg', 'imagenes_tecnocasa\\anuncio_1381\\12.jpeg', 'imagenes_tecnocasa\\anuncio_1381\\13.jpeg', 'imagenes_tecnocasa\\anuncio_1381\\14.jpeg', 'imagenes_tecnocasa\\anuncio_1381\\15.jpeg', 'imagenes_tecnocasa\\anuncio_1381\\16.jpeg', 'imagenes_tecnocasa\\anuncio_1381\\17.jpeg', 'imagenes_tecnocasa\\anuncio_1381\\18.jpeg', 'imagenes_tecnocasa\\anuncio_1381\\19.jpeg', 'imagenes_tecnocasa\\anuncio_1381\\20.jpeg', 'imagenes_tecnocasa\\anuncio_1381\\21.jpeg', 'imagenes_tecnocasa\\anuncio_1381\\22.jpeg', 'imagenes_tecnocasa\\anuncio_1381\\23.jpeg', 'imagenes_tecnocasa\\anuncio_1381\\24.jpeg']",1,Popular,1968,0,0,0,piso,4,Alcalá de Henares,"Reyes Catolicos, Alcalá De Henares",40.481954,-3.363981,1381,2609.375,237.0,163.0,0.0,0.0,1.0,0.0,otro,pintura,otro,estándar (2.4-2.8m),nada,3.4,4.4,convencional,"['#F2F2F2', '#A0522D', '#000000']",regular,False,convencional,limitado,ninguno,ninguno,estándar,parcialmente equipada,ninguno,6.4,5.4,ninguna,5
https://www.tecnocasa.es/venta/piso/madrid/alcala-de-henares/566340.html,140000.0,3,66.0,1,"Agencia inmobiliaria de TECNOCASA de ALCALÁ DE HENARES - PUERTA DE MADRID - REYES CATOLICOS, vende piso de reformado de 3 dormitorio en la calle VIOLETA.

El piso esta reformado y dispone de una superficie construida de unos 66 m2 aprox. Se compone de un amplio salón exterior con una terraza cerrada, cocina totalmente equipada, 3 dormitorios con armarios empotrados y baño completo con plato de ducha.

La vivienda dispone de ascensor y calefacción de gas natural.

No dudes en venir a verla porque puede ser lo que estas buscando. Además te recordamos que te ayudamos con la financiación hasta un 100% de la vivienda gracias a nuestro departamento financiero KIRON.

Infórmese en nuestra oficina. MEJOR VERLO",0,1,1,1,1,1,1,1,1,1,"['https://cdn-media.medialabtc.it/es/agencies/mdbid/estates/566340/images/8832374/gallery_media.jpeg', 'https://cdn-media.medialabtc.it/es/agencies/mdbid/estates/566340/images/8832380/gallery_media.jpeg', 'https://cdn-media.medialabtc.it/es/agencies/mdbid/estates/566340/images/8832382/gallery_media.jpeg', 'https://cdn-media.medialabtc.it/es/agencies/mdbid/estates/566340/images/8832378/gallery_media.jpeg', 'https://cdn-media.medialabtc.it/es/agencies/mdbid/estates/566340/images/8832366/gallery_media.jpeg', 'https://cdn-media.medialabtc.it/es/agencies/mdbid/estates/566340/images/8832384/gallery_media.jpeg', 'https://cdn-media.medialabtc.it/es/agencies/mdbid/estates/566340/images/8832375/gallery_media.jpeg', 'https://cdn-media.medialabtc.it/es/agencies/mdbid/estates/566340/images/8832367/gallery_media.jpeg', 'https://cdn-media.medialabtc.it/es/agencies/mdbid/estates/566340/images/8832372/gallery_media.jpeg', 'https://cdn-media.medialabtc.it/es/agencies/mdbid/estates/566340/images/8832381/gallery_media.jpeg', 'https://cdn-media.medialabtc.it/es/agencies/mdbid/estates/566340/images/8832379/gallery_media.jpeg', 'https://cdn-media.medialabtc.it/es/agencies/mdbid/estates/566340/images/8832377/gallery_media.jpeg', 'https://cdn-media.medialabtc.it/es/agencies/mdbid/estates/566340/images/8832373/gallery_media.jpeg', 'https://cdn-media.medialabtc.it/es/agencies/mdbid/estates/566340/images/8832385/gallery_media.jpeg', 'https://cdn-media.medialabtc.it/es/agencies/mdbid/estates/566340/images/8832365/gallery_media.jpeg', 'https://cdn-media.medialabtc.it/es/agencies/mdbid/estates/566340/images/8832369/gallery_media.jpeg', 'https://cdn-media.medialabtc.it/es/agencies/mdbid/estates/566340/images/8832368/gallery_media.jpeg', 'https://cdn-media.medialabtc.it/es/agencies/mdbid/estates/566340/images/8832376/gallery_media.jpeg', 'https://cdn-media.medialabtc.it/es/agencies/mdbid/estates/566340/images/8832371/gallery_media.jpeg', 'https://cdn-media.medialabtc.it/es/agencies/mdbid/estates/566340/images/8832383/gallery_media.jpeg', 'https://cdn-media.medialabtc.it/es/agencies/mdbid/estates/566340/images/8832386/gallery_media.jpeg', 'https://cdn-media.medialabtc.it/es/agencies/mdbid/estates/566340/images/8832370/gallery_media.jpeg']",0,Reformado,0,0,0,1,0,E,0,0,"['imagenes_tecnocasa\\anuncio_1382\\0.jpeg', 'imagenes_tecnocasa\\anuncio_1382\\1.jpeg', 'imagenes_tecnocasa\\anuncio_1382\\2.jpeg', 'imagenes_tecnocasa\\anuncio_1382\\3.jpeg', 'imagenes_tecnocasa\\anuncio_1382\\4.jpeg', 'imagenes_tecnocasa\\anuncio_1382\\5.jpeg', 'imagenes_tecnocasa\\anuncio_1382\\6.jpeg', 'imagenes_tecnocasa\\anuncio_1382\\7.jpeg', 'imagenes_tecnocasa\\anuncio_1382\\8.jpeg', 'imagenes_tecnocasa\\anuncio_1382\\9.jpeg', 'imagenes_tecnocasa\\anuncio_1382\\10.jpeg', 'imagenes_tecnocasa\\anuncio_1382\\11.jpeg', 'imagenes_tecnocasa\\anuncio_1382\\12.jpeg', 'imagenes_tecnocasa\\anuncio_1382\\13.jpeg', 'imagenes_tecnocasa\\anuncio_1382\\14.jpeg', 'imagenes_tecnocasa\\anuncio_1382\\15.jpeg', 'imagenes_tecnocasa\\anuncio_1382\\16.jpeg', 'imagenes_tecnocasa\\anuncio_1382\\17.jpeg', 'imagenes_tecnocasa\\anuncio_1382\\18.jpeg', 'imagenes_tecnocasa\\anuncio_1382\\19.jpeg', 'imagenes_tecnocasa\\anuncio_1382\\20.jpeg', 'imagenes_tecnocasa\\anuncio_1382\\21.jpeg']",0,Media,1975,0,0,0,piso,2,Alcalá de Henares,"Reyes Catolicos, Alcalá De Henares",40.481954,-3.363981,1382,2121.212121212121,117.0,86.0,0.1,0.4,2.0,0.0,cerámica,pintura,corredera,estándar (2.4-2.8m),nada,3.4,4.0,convencional,"['#F2E4D1', '#A0522D', '#FFFFFF']",regular,True,convencional,normal,ninguno,ninguno,estándar,básica,ninguno,6.0,6.2,ninguna,5
https://www.tecnocasa.es/venta/piso/madrid/madrid/606632.html,320000.0,1,61.0,1,"Agencia Inmobiliaria en la zona ARTURO SORIA - EL SALVADOR, MADRID. Si quieres vender un piso o comprar una casa es la mejor opción. ¡No lo dudes, contacta con nosotros!
¡OPORTUNIDAD! Piso en venta en la exclusiva calle Sánchez Díaz, en el prestigioso barrio de ARTURO SORIA, MADRID.
Se trata de una primera planta de 61 m² ubicada en una tranquila urbanización privada que cuenta con piscina. El piso dispone de una habitación con vestidor, ideal para quienes buscan comodidad y organización, además de ser muy luminoso gracias a su excelente orientación.
Situado en una zona residencial y señorial, el entorno combina tranquilidad y proximidad a todos los servicios necesarios. Una oportunidad única para vivir o invertir en una de las mejores áreas de Madrid. ¡Contáctanos para concertar una visita!
LE INTERESA ESTA VIVIENDA, PASE SU PROPUESTA COMERCIAL A NUESTRO EQUIPO DE ASESORES
Estaremos encantados de ampliarle información sobre la vivienda o asesorarle sobre las posibilidades de reforma y decoración que disponemos. Si tiene problemas con la financiación, también le ayudaremos.
Esta interesado en vender su casa, pídanos una valoración gratuita de su inmueble.

TECNOCASA - MADRID - VENDER - CASA - PISO - RAPIDO - TASACION - CIUDAD LINEAL - ARTURO SORIA - EL SALVADOR.",1,0,1,1,1,1,1,1,1,1,"['https://cdn-media.medialabtc.it/es/agencies/md111/estates/606632/images/8647423/gallery_media.jpeg', 'https://cdn-media.medialabtc.it/es/agencies/md111/estates/606632/images/8647430/gallery_media.jpeg', 'https://cdn-media.medialabtc.it/es/agencies/md111/estates/606632/images/8647419/gallery_media.jpeg', 'https://cdn-media.medialabtc.it/es/agencies/md111/estates/606632/images/8647433/gallery_media.jpeg', 'https://cdn-media.medialabtc.it/es/agencies/md111/estates/606632/images/8647421/gallery_media.jpeg', 'https://cdn-media.medialabtc.it/es/agencies/md111/estates/606632/images/8647424/gallery_media.jpeg', 'https://cdn-media.medialabtc.it/es/agencies/md111/estates/606632/images/8647422/gallery_media.jpeg', 'https://cdn-media.medialabtc.it/es/agencies/md111/estates/606632/images/8647427/gallery_media.jpeg', 'https://cdn-media.medialabtc.it/es/agencies/md111/estates/606632/images/8647434/gallery_media.jpeg', 'https://cdn-media.medialabtc.it/es/agencies/md111/estates/606632/images/8647425/gallery_media.jpeg', 'https://cdn-media.medialabtc.it/es/agencies/md111/estates/606632/images/8647431/gallery_media.jpeg', 'https://cdn-media.medialabtc.it/es/agencies/md111/estates/606632/images/8647418/gallery_media.jpeg', 'https://cdn-media.medialabtc.it/es/agencies/md111/estates/606632/images/8647426/gallery_media.jpeg', 'https://cdn-media.medialabtc.it/es/agencies/md111/estates/606632/images/8647420/gallery_media.jpeg', 'https://cdn-media.medialabtc.it/es/agencies/md111/estates/606632/images/8647428/gallery_media.jpeg', 'https://cdn-media.medialabtc.it/es/agencies/md111/estates/606632/images/8647429/gallery_media.jpeg', 'https://cdn-media.medialabtc.it/es/agencies/md111/estates/606632/images/8647337/gallery_media.jpeg']",0,Desconocido,0,0,1,0,0,E,0,0,"['imagenes_tecnocasa\\anuncio_1383\\0.jpeg', 'imagenes_tecnocasa\\anuncio_1383\\1.jpeg', 'imagenes_tecnocasa\\anuncio_1383\\2.jpeg', 'imagenes_tecnocasa\\anuncio_1383\\3.jpeg', 'imagenes_tecnocasa\\anuncio_1383\\4.jpeg', 'imagenes_tecnocasa\\anuncio_1383\\5.jpeg', 'imagenes_tecnocasa\\anuncio_1383\\6.jpeg', 'imagenes_tecnocasa\\anuncio_1383\\7.jpeg', 'imagenes_tecnocasa\\anuncio_1383\\8.jpeg', 'imagenes_tecnocasa\\anuncio_1383\\9.jpeg', 'imagenes_tecnocasa\\anuncio_1383\\10.jpeg', 'imagenes_tecnocasa\\anuncio_1383\\11.jpeg', 'imagenes_tecnocasa\\anuncio_1383\\12.jpeg', 'imagenes_tecnocasa\\anuncio_1383\\13.jpeg', 'imagenes_tecnocasa\\anuncio_1383\\14.jpeg', 'imagenes_tecnocasa\\anuncio_1383\\15.jpeg', 'imagenes_tecnocasa\\anuncio_1383\\16.jpeg']",0,Popular,1988,1,0,1,piso,1,Madrid,"Salvador, Madrid",40.4167047,-3.7035825,1383,5245.901639344263,206.0,144.0,1.0,1.0,1.0,1.0,otro,pintura,otro,estándar (2.4-2.8m),nada,3.0,3.8,convencional,"['#0077BE', '#808080', '#008000']",regular,True,convencional,limitado,ninguno,ninguno,estándar,parcialmente equipada,ninguno,6.2,6.0,ninguna,5
https://www.tecnocasa.es/venta/piso/madrid/coslada/612264.html,300000.0,3,102.0,1,"Agencia inmobiliaria TECNOCASA de COSLADA VALLEAGUADO- LA CAÑADA
EN VENTA : Descubre esta acogedora vivienda en el corazón de Valleaguado, ideal para quienes buscan comodidad y funcionalidad. La vivienda se encuentra en la calle COLOMBIA . TOTALMENTE REFORMADA PARA ENTRAR A VIVIR. Con una superficie de 102 m2, este piso ofrece un espacio bien distribuido que incluye tres dormitorios uno de ellos con armario empotrado, perfectos para familias o para quienes necesitan un espacio adicional para trabajar desde casa. La propiedad cuenta con un baño completo con ducha , lo que garantiza comodidad para todos los miembros del hogar. Salón con TERRAZA ACRISTALADA. Cocina equipada con sala de estar. TIENE AIRE ACONDICIONADO Y TRASTERO. Construida en 1980, esta vivienda combina el encanto de su época con las posibilidades de personalización que ofrece. La ubicación en Coslada proporciona acceso a una amplia gama de servicios, como tiendas, restaurantes y transporte público, facilitando el día a día de sus residentes. Este piso es una excelente oportunidad para quienes desean establecerse en una zona tranquila, pero bien conectada con el resto de la ciudad. No pierdas la oportunidad de visitar esta propiedad y descubrir todo lo que tiene para ofrecer.",1,1,1,1,1,1,0,1,1,1,"['https://cdn-media.medialabtc.it/es/agencies/mdbo4/estates/612264/images/8777868/gallery_media.jpeg', 'https://cdn-media.medialabtc.it/es/agencies/mdbo4/estates/612264/images/8777863/gallery_media.jpeg', 'https://cdn-media.medialabtc.it/es/agencies/mdbo4/estates/612264/images/8777871/gallery_media.jpeg', 'https://cdn-media.medialabtc.it/es/agencies/mdbo4/estates/612264/images/8777870/gallery_media.jpeg', 'https://cdn-media.medialabtc.it/es/agencies/mdbo4/estates/612264/images/8777886/gallery_media.jpeg', 'https://cdn-media.medialabtc.it/es/agencies/mdbo4/estates/612264/images/8777879/gallery_media.jpeg', 'https://cdn-media.medialabtc.it/es/agencies/mdbo4/estates/612264/images/8777876/gallery_media.jpeg', 'https://cdn-media.medialabtc.it/es/agencies/mdbo4/estates/612264/images/8777874/gallery_media.jpeg', 'https://cdn-media.medialabtc.it/es/agencies/mdbo4/estates/612264/images/8777883/gallery_media.jpeg', 'https://cdn-media.medialabtc.it/es/agencies/mdbo4/estates/612264/images/8777881/gallery_media.jpeg', 'https://cdn-media.medialabtc.it/es/agencies/mdbo4/estates/612264/images/8808131/gallery_media.jpeg', 'https://cdn-media.medialabtc.it/es/agencies/mdbo4/estates/612264/images/8777869/gallery_media.jpeg', 'https://cdn-media.medialabtc.it/es/agencies/mdbo4/estates/612264/images/8777873/gallery_media.jpeg', 'https://cdn-media.medialabtc.it/es/agencies/mdbo4/estates/612264/images/8777867/gallery_media.jpeg', 'https://cdn-media.medialabtc.it/es/agencies/mdbo4/estates/612264/images/8777878/gallery_media.jpeg', 'https://cdn-media.medialabtc.it/es/agencies/mdbo4/estates/612264/images/8777861/gallery_media.jpeg', 'https://cdn-media.medialabtc.it/es/agencies/mdbo4/estates/612264/images/8777860/gallery_media.jpeg', 'https://cdn-media.medialabtc.it/es/agencies/mdbo4/estates/612264/images/8777884/gallery_media.jpeg', 'https://cdn-media.medialabtc.it/es/agencies/mdbo4/estates/612264/images/8777882/gallery_media.jpeg', 'https://cdn-media.medialabtc.it/es/agencies/mdbo4/estates/612264/images/8777875/gallery_media.jpeg', 'https://cdn-media.medialabtc.it/es/agencies/mdbo4/estates/612264/images/8777859/gallery_media.jpeg', 'https://cdn-media.medialabtc.it/es/agencies/mdbo4/estates/612264/images/8777880/gallery_media.jpeg', 'https://cdn-media.medialabtc.it/es/agencies/mdbo4/estates/612264/images/8777864/gallery_media.jpeg', 'https://cdn-media.medialabtc.it/es/agencies/mdbo4/estates/612264/images/8777887/gallery_media.jpeg', 'https://cdn-media.medialabtc.it/es/agencies/mdbo4/estates/612264/images/8777865/gallery_media.jpeg', 'https://cdn-media.medialabtc.it/es/agencies/mdbo4/estates/612264/images/8777866/gallery_media.jpeg', 'https://cdn-media.medialabtc.it/es/agencies/mdbo4/estates/612264/images/8777858/gallery_media.jpeg', 'https://cdn-media.medialabtc.it/es/agencies/mdbo4/estates/612264/images/8777885/gallery_media.jpeg', 'https://cdn-media.medialabtc.it/es/agencies/mdbo4/estates/612264/images/8777872/gallery_media.jpeg']",0,Desconocido,0,1,0,1,0,F,0,1,"['imagenes_tecnocasa\\anuncio_1385\\0.jpeg', 'imagenes_tecnocasa\\anuncio_1385\\1.jpeg', 'imagenes_tecnocasa\\anuncio_1385\\2.jpeg', 'imagenes_tecnocasa\\anuncio_1385\\3.jpeg', 'imagenes_tecnocasa\\anuncio_1385\\4.jpeg', 'imagenes_tecnocasa\\anuncio_1385\\5.jpeg', 'imagenes_tecnocasa\\anuncio_1385\\6.jpeg', 'imagenes_tecnocasa\\anuncio_1385\\7.jpeg', 'imagenes_tecnocasa\\anuncio_1385\\8.jpeg', 'imagenes_tecnocasa\\anuncio_1385\\9.jpeg', 'imagenes_tecnocasa\\anuncio_1385\\10.jpeg', 'imagenes_tecnocasa\\anuncio_1385\\11.jpeg', 'imagenes_tecnocasa\\anuncio_1385\\12.jpeg', 'imagenes_tecnocasa\\anuncio_1385\\13.jpeg', 'imagenes_tecnocasa\\anuncio_1385\\14.jpeg', 'imagenes_tecnocasa\\anuncio_1385\\15.jpeg', 'imagenes_tecnocasa\\anuncio_1385\\16.jpeg', 'imagenes_tecnocasa\\anuncio_1385\\17.jpeg', 'imagenes_tecnocasa\\anuncio_1385\\18.jpeg', 'imagenes_tecnocasa\\anuncio_1385\\19.jpeg', 'imagenes_tecnocasa\\anuncio_1385\\20.jpeg', 'imagenes_tecnocasa\\anuncio_1385\\21.jpeg', 'imagenes_tecnocasa\\anuncio_1385\\22.jpeg', 'imagenes_tecnocasa\\anuncio_1385\\23.jpeg', 'imagenes_tecnocasa\\anuncio_1385\\24.jpeg', 'imagenes_tecnocasa\\anuncio_1385\\25.jpeg', 'imagenes_tecnocasa\\anuncio_1385\\26.jpeg', 'imagenes_tecnocasa\\anuncio_1385\\27.jpeg', 'imagenes_tecnocasa\\anuncio_1385\\28.jpeg']",1,Media,1976,1,0,0,piso,1,Coslada,Coslada,40.423802,-3.5552882,1385,2941.176470588235,197.0,139.0,0.9,1.0,0.0,1.0,cerámica,pintura,corredera,estándar (2.4-2.8m),nada,3.8,3.8,clásico,"['#A0522D', '#DEB887', '#FFFFE0']",buena,False,convencional,limitado,ninguno,ninguno,estándar,básica,ninguno,6.6,7.2,ninguna,5
https://www.tecnocasa.es/venta/piso/madrid/leganes/600832.html,132500.0,1,35.0,1,"TECNOCASA ZARZAQUEMADA RIOJA VENDE cuatro estudios a estrenar en la calle de las Alpujarras, con entrada por la Avenida de la Lengua Española, perfectos para quienes buscan comodidad y modernidad. La cocina se entrega amueblada con vitrocerámica, horno y campana extractora.

La calefacción es eléctrica, en el baño se instalará un toallero eléctrico.
Con una orientación sur que garantiza luminosidad durante todo el día, estos estudios ofrecen un ambiente acogedor y cálido. Ubicados en una zona tranquila, disfrutarás de fácil aparcamiento y acceso directo desde la calle. Además, estarás a un paso de servicios esenciales, colegios e institutos y centros comerciales como Parquesur.

La conectividad es inmejorable con la parada de Metrosur a menos de 100 metros y el apeadero Renfe Zarzaquemada a menos de 1000 metros. Si eres amante del deporte, las instalaciones como el Pabellón Europa y la Piscina Municipal El Carrascal están a tu disposición. Aprovecha nuestra valoración gratuita de la vivienda y recibe asesoramiento en trámites de venta o alquiler. ¡Visítanos en nuestra oficina en la calle Bureba nº 37 posterior y da el primer paso hacia tu nuevo hogar!
Alta rentabilidad en alquiler.

El presente anuncio contiene imágenes no contractuales y meramente ilustrativas, sujetas a modificaciones por exigencias de orden técnico, jurídico o comercial de la dirección facultativa o autoridad competente. Todas las infografías son orientativas y podrán ser objeto de variación en los proyectos técnicos. Durante el desarrollo del proyecto, la dirección facultativa por motivos técnicos o administrativos se reserva el derecho de efectuar modificaciones en distribuciones, dimensiones, superficies y materiales, sin que ello suponga disminución en la calidad de los materiales. El mobiliario no está incluido y el equipamiento de las viviendas.",1,1,1,1,1,1,0,1,1,1,"['https://cdn-media.medialabtc.it/es/agencies/mdbc7/estates/600832/images/8521659/gallery_media.jpeg', 'https://cdn-media.medialabtc.it/es/agencies/mdbc7/estates/600832/images/8521664/gallery_media.jpeg', 'https://cdn-media.medialabtc.it/es/agencies/mdbc7/estates/600832/images/8521660/gallery_media.jpeg', 'https://cdn-media.medialabtc.it/es/agencies/mdbc7/estates/600832/images/8521652/gallery_media.jpeg', 'https://cdn-media.medialabtc.it/es/agencies/mdbc7/estates/600832/images/8521653/gallery_media.jpeg', 'https://cdn-media.medialabtc.it/es/agencies/mdbc7/estates/600832/images/8521663/gallery_media.jpeg', 'https://cdn-media.medialabtc.it/es/agencies/mdbc7/estates/600832/images/8521656/gallery_media.jpeg', 'https://cdn-media.medialabtc.it/es/agencies/mdbc7/estates/600832/images/8521658/gallery_media.jpeg', 'https://cdn-media.medialabtc.it/es/agencies/mdbc7/estates/600832/images/8611109/gallery_media.jpeg', 'https://cdn-media.medialabtc.it/es/agencies/mdbc7/estates/600832/images/8521661/gallery_media.jpeg', 'https://cdn-media.medialabtc.it/es/agencies/mdbc7/estates/600832/images/8521655/gallery_media.jpeg', 'https://cdn-media.medialabtc.it/es/agencies/mdbc7/estates/600832/images/8521662/gallery_media.jpeg', 'https://cdn-media.medialabtc.it/es/agencies/mdbc7/estates/600832/images/8521654/gallery_media.jpeg', 'https://cdn-media.medialabtc.it/es/agencies/mdbc7/estates/600832/images/8521657/gallery_media.jpeg']",0,Desconocido,1,0,1,0,0,Desconocida,0,1,"['imagenes_tecnocasa\\anuncio_1386\\0.jpeg', 'imagenes_tecnocasa\\anuncio_1386\\1.jpeg', 'imagenes_tecnocasa\\anuncio_1386\\2.jpeg', 'imagenes_tecnocasa\\anuncio_1386\\3.jpeg', 'imagenes_tecnocasa\\anuncio_1386\\4.jpeg', 'imagenes_tecnocasa\\anuncio_1386\\5.jpeg', 'imagenes_tecnocasa\\anuncio_1386\\6.jpeg', 'imagenes_tecnocasa\\anuncio_1386\\7.jpeg', 'imagenes_tecnocasa\\anuncio_1386\\8.jpeg', 'imagenes_tecnocasa\\anuncio_1386\\9.jpeg', 'imagenes_tecnocasa\\anuncio_1386\\10.jpeg', 'imagenes_tecnocasa\\anuncio_1386\\11.jpeg', 'imagenes_tecnocasa\\anuncio_1386\\12.jpeg', 'imagenes_tecnocasa\\anuncio_1386\\13.jpeg']",0,Señorial,2024,0,0,0,piso,1,Leganés,"Zarzaquemada, Leganés",40.3281942,-3.76527,1386,3785.714285714286,279.0,187.0,0.0,0.0,0.0,0.0,otro,otro,otro,estándar (2.4-2.8m),nada,3.2,4.2,otro,"['#FFFFFF', '#000000', '#AAAAAA']",regular,False,convencional,limitado,ninguno,ninguno,estándar,básica,ninguno,5.0,7.2,ninguna,5
https://www.tecnocasa.es/venta/piso/madrid/madrid/598542.html,200000.0,4,114.0,1,"Agencia inmobiliaria de MADRID zona VALLECAS - ÁREA ENTREVÍAS Vende
Fantástico piso en cuarta planta.
La vivienda consta de 4 dormitorios (posibilidad de hacer 5 dormitorios), salón, amplia terraza exterior de 8 m2, cocina, baño, trastero y amplio distribuidor con acceso a otra terraza interior de 7 m2. Buena distribución con triple orientación exterior e interior y muy buena iluminación.
Vivienda para reforma parcial y baño completamente reformado. Suelos en gres y terrazo. Ventanas amplias con cerramientos de aluminio gris. Vivienda equipada con aire acondicionado.
Se encuentra a menos de 5 minutos andando de la estación de Renfe Asamblea de Madrid - Entrevías.
Consulte financiación. Ideal como vivienda habitual o inversión-.",1,1,1,1,1,1,0,1,0,1,"['https://cdn-media.medialabtc.it/es/agencies/md013/estates/598542/images/8538928/gallery_media.jpeg', 'https://cdn-media.medialabtc.it/es/agencies/md013/estates/598542/images/8538927/gallery_media.jpeg', 'https://cdn-media.medialabtc.it/es/agencies/md013/estates/598542/images/8538916/gallery_media.jpeg', 'https://cdn-media.medialabtc.it/es/agencies/md013/estates/598542/images/8538921/gallery_media.jpeg', 'https://cdn-media.medialabtc.it/es/agencies/md013/estates/598542/images/8538919/gallery_media.jpeg', 'https://cdn-media.medialabtc.it/es/agencies/md013/estates/598542/images/8538918/gallery_media.jpeg', 'https://cdn-media.medialabtc.it/es/agencies/md013/estates/598542/images/8538929/gallery_media.jpeg', 'https://cdn-media.medialabtc.it/es/agencies/md013/estates/598542/images/8538924/gallery_media.jpeg', 'https://cdn-media.medialabtc.it/es/agencies/md013/estates/598542/images/8538922/gallery_media.jpeg', 'https://cdn-media.medialabtc.it/es/agencies/md013/estates/598542/images/8538917/gallery_media.jpeg', 'https://cdn-media.medialabtc.it/es/agencies/md013/estates/598542/images/8538925/gallery_media.jpeg', 'https://cdn-media.medialabtc.it/es/agencies/md013/estates/598542/images/8538920/gallery_media.jpeg', 'https://cdn-media.medialabtc.it/es/agencies/md013/estates/598542/images/8538923/gallery_media.jpeg', 'https://cdn-media.medialabtc.it/es/agencies/md013/estates/598542/images/8538926/gallery_media.jpeg']",0,Reformado,0,1,0,1,0,Desconocida,0,0,"['imagenes_tecnocasa\\anuncio_1388\\0.jpeg', 'imagenes_tecnocasa\\anuncio_1388\\1.jpeg', 'imagenes_tecnocasa\\anuncio_1388\\2.jpeg', 'imagenes_tecnocasa\\anuncio_1388\\3.jpeg', 'imagenes_tecnocasa\\anuncio_1388\\4.jpeg', 'imagenes_tecnocasa\\anuncio_1388\\5.jpeg', 'imagenes_tecnocasa\\anuncio_1388\\6.jpeg', 'imagenes_tecnocasa\\anuncio_1388\\7.jpeg', 'imagenes_tecnocasa\\anuncio_1388\\8.jpeg', 'imagenes_tecnocasa\\anuncio_1388\\9.jpeg', 'imagenes_tecnocasa\\anuncio_1388\\10.jpeg', 'imagenes_tecnocasa\\anuncio_1388\\11.jpeg', 'imagenes_tecnocasa\\anuncio_1388\\12.jpeg', 'imagenes_tecnocasa\\anuncio_1388\\13.jpeg']",1,Popular,1970,0,0,0,piso,4,Entrevías,"Entrevías, Madrid",40.3790449,-3.6717573,1388,1754.3859649122808,111.0,87.0,0.9,1.0,2.0,0.0,cerámica,pintura,corredera,estándar (2.4-2.8m),nada,3.4,2.2,convencional,"['#FFB3BA', '#DEB887', '#FFF8DC']",regular,False,convencional,limitado,ninguno,ninguno,estándar,básica,ninguno,6.4,6.2,ninguna,5
https://www.tecnocasa.es/venta/casa/madrid/el-alamo/535684.html,380000.0,5,299.0,4,"Agencia inmobiliaria de Fuenlabrada zona Barrio Belén - Fuenlabrada Centro Tecnocasa ESTUDIO NUEVO FUENLABRADA SL Vende Chalet en el 'ALAMO' del año 2006 con reforma posterior a la construcción, la cual se detalla:

- Dispone de 5 Dormitorios, uno de ellos habilitado para Jacuzzi Roca con baño suite, 2 dormitorios matrimoniales y 2 Dormitorios dobles con escalera de caracol con 2 salones en altillo independiente cada uno.
- Dispone de 4 Baños, 3 baños completos con plato de ducha ( 1 de ellos con cabina de hidromasaje) y 1 aseo, 2 dispuestos en suite a dormitorios y 2 independientes.
- Salón comedor amplio con diferentes estancias muy luminoso con acceso a Patio.
- Cocina amplia con encimera de granito amarillo, vitrocerámica 4 fuegos y campana vista.
- Patio Exterior con casi 300m de parcela en la que se encuentra piscina desmontable de 5m de diámetro, jardín distribuido en terrazas individuales, 2 porches de madera maciza y tejado, barbacoa de obra con fregadero, almacén de leña, caseta de madera maciza e invernadero.
- Garaje con hueco de hasta 4 vehículos mas 1 vehículo en la rampa de acceso al mismo, actualmente tiene una zona destinada a taller mecánico y zona destinada a bodega y conservación de vinos a la temperatura adecuada.

El chalet ha obtenido en el momento de la construcción mejoras de calidad así como aire acondicionado en todas las habitaciones, armarios empotrados vestidos en roble con puertas correderas con espejo, carpintería de aluminio climalit oscilobatiente, conducto para aspiración por dependencias y conducto para la ropa que va al garaje directamente.
La vivienda se encuentra en la zona más elevada de la población de El Álamo, teniendo unas vistas que llegan hasta Madrid Centro desde la misma. La localidad está perfectamente comunicada con los autobuses 529, 529A y 539 con horario nocturno y también por carretera a través de la salida 31 de la A5, Autopista R5 y Carretera convencional M404 que conecta con poblaciones aledañas.

El Álamo es un pueblo con un censo superior a los 10.000 habitantes, garantizando toda la tranquilidad que se espera de una población de el extrarradio de Madrid pero teniendo todo tipo de servicios, así como Centro de Salud con servicio de urgencias de día, supermercados como Ahorramas, Mercadona, Coviran... Dispone de Gimnasio y Centro deportivo en el que se pueden realizar diversas actividades como Tenis, Padel, Futbol 7 y 11, baloncesto, Triatlón, Piscina Invierno y verano con escuela... En la misma localidad se encuentran diversos Restaurantes conocidos en el sur de Madrid por su calidad gastronómica así como Restaurante el Molino y franquicias conocidas como 100 Montaditos, Telepizza, Tony Romas, TGB (The Good Burguer).",0,0,1,0,0,1,0,0,0,1,"['https://cdn-media.medialabtc.it/es/agencies/md572/estates/535684/images/6977680/gallery_media.jpeg', 'https://cdn-media.medialabtc.it/es/agencies/md572/estates/535684/images/6977686/gallery_media.jpeg', 'https://cdn-media.medialabtc.it/es/agencies/md572/estates/535684/images/6977428/gallery_media.jpeg', 'https://cdn-media.medialabtc.it/es/agencies/md572/estates/535684/images/6977682/gallery_media.jpeg', 'https://cdn-media.medialabtc.it/es/agencies/md572/estates/535684/images/6977684/gallery_media.jpeg', 'https://cdn-media.medialabtc.it/es/agencies/md572/estates/535684/images/6977431/gallery_media.jpeg', 'https://cdn-media.medialabtc.it/es/agencies/md572/estates/535684/images/6977435/gallery_media.jpeg', 'https://cdn-media.medialabtc.it/es/agencies/md572/estates/535684/images/6977667/gallery_media.jpeg', 'https://cdn-media.medialabtc.it/es/agencies/md572/estates/535684/images/6977664/gallery_media.jpeg', 'https://cdn-media.medialabtc.it/es/agencies/md572/estates/535684/images/6977665/gallery_media.jpeg', 'https://cdn-media.medialabtc.it/es/agencies/md572/estates/535684/images/6977688/gallery_media.jpeg', 'https://cdn-media.medialabtc.it/es/agencies/md572/estates/535684/images/6977692/gallery_media.jpeg', 'https://cdn-media.medialabtc.it/es/agencies/md572/estates/535684/images/6977433/gallery_media.jpeg', 'https://cdn-media.medialabtc.it/es/agencies/md572/estates/535684/images/6977436/gallery_media.jpeg', 'https://cdn-media.medialabtc.it/es/agencies/md572/estates/535684/images/6977434/gallery_media.jpeg', 'https://cdn-media.medialabtc.it/es/agencies/md572/estates/535684/images/6977430/gallery_media.jpeg', 'https://cdn-media.medialabtc.it/es/agencies/md572/estates/535684/images/6977666/gallery_media.jpeg', 'https://cdn-media.medialabtc.it/es/agencies/md572/estates/535684/images/6977429/gallery_media.jpeg', 'https://cdn-media.medialabtc.it/es/agencies/md572/estates/535684/images/6977683/gallery_media.jpeg', 'https://cdn-media.medialabtc.it/es/agencies/md572/estates/535684/images/6977427/gallery_media.jpeg', 'https://cdn-media.medialabtc.it/es/agencies/md572/estates/535684/images/6977662/gallery_media.jpeg', 'https://cdn-media.medialabtc.it/es/agencies/md572/estates/535684/images/6977663/gallery_media.jpeg', 'https://cdn-media.medialabtc.it/es/agencies/md572/estates/535684/images/6977690/gallery_media.jpeg', 'https://cdn-media.medialabtc.it/es/agencies/md572/estates/535684/images/6977691/gallery_media.jpeg', 'https://cdn-media.medialabtc.it/es/agencies/md572/estates/535684/images/6977685/gallery_media.jpeg', 'https://cdn-media.medialabtc.it/es/agencies/md572/estates/535684/images/6977687/gallery_media.jpeg', 'https://cdn-media.medialabtc.it/es/agencies/md572/estates/535684/images/6977689/gallery_media.jpeg', 'https://cdn-media.medialabtc.it/es/agencies/md572/estates/535684/images/6977681/gallery_media.jpeg', 'https://cdn-media.medialabtc.it/es/agencies/md572/estates/535684/images/6977661/gallery_media.jpeg', 'https://cdn-media.medialabtc.it/es/agencies/md572/estates/535684/images/6977432/gallery_media.jpeg']",1,Desconocido,1,1,1,1,0,E,0,0,"['imagenes_tecnocasa\\anuncio_1393\\0.jpeg', 'imagenes_tecnocasa\\anuncio_1393\\1.jpeg', 'imagenes_tecnocasa\\anuncio_1393\\2.jpeg', 'imagenes_tecnocasa\\anuncio_1393\\3.jpeg', 'imagenes_tecnocasa\\anuncio_1393\\4.jpeg', 'imagenes_tecnocasa\\anuncio_1393\\5.jpeg', 'imagenes_tecnocasa\\anuncio_1393\\6.jpeg', 'imagenes_tecnocasa\\anuncio_1393\\7.jpeg', 'imagenes_tecnocasa\\anuncio_1393\\8.jpeg', 'imagenes_tecnocasa\\anuncio_1393\\9.jpeg', 'imagenes_tecnocasa\\anuncio_1393\\10.jpeg', 'imagenes_tecnocasa\\anuncio_1393\\11.jpeg', 'imagenes_tecnocasa\\anuncio_1393\\12.jpeg', 'imagenes_tecnocasa\\anuncio_1393\\13.jpeg', 'imagenes_tecnocasa\\anuncio_1393\\14.jpeg', 'imagenes_tecnocasa\\anuncio_1393\\15.jpeg', 'imagenes_tecnocasa\\anuncio_1393\\16.jpeg', 'imagenes_tecnocasa\\anuncio_1393\\17.jpeg', 'imagenes_tecnocasa\\anuncio_1393\\18.jpeg', 'imagenes_tecnocasa\\anuncio_1393\\19.jpeg', 'imagenes_tecnocasa\\anuncio_1393\\20.jpeg', 'imagenes_tecnocasa\\anuncio_1393\\21.jpeg', 'imagenes_tecnocasa\\anuncio_1393\\22.jpeg', 'imagenes_tecnocasa\\anuncio_1393\\23.jpeg', 'imagenes_tecnocasa\\anuncio_1393\\24.jpeg', 'imagenes_tecnocasa\\anuncio_1393\\25.jpeg', 'imagenes_tecnocasa\\anuncio_1393\\26.jpeg', 'imagenes_tecnocasa\\anuncio_1393\\27.jpeg', 'imagenes_tecnocasa\\anuncio_1393\\28.jpeg', 'imagenes_tecnocasa\\anuncio_1393\\29.jpeg']",1,Media,1994,1,1,0,casa,2,El Álamo,El Álamo,40.2307296,-3.9905893,1393,1270.9030100334448,441.0,271.0,0.7,0.75,2.0,0.0,otro,pintura,corredera,estándar (2.4-2.8m),nada,3.8,3.6,rústico,"['#F2E8CF', '#D1A097', '#A77261']",buena,False,convencional,limitado,ninguno,ninguno,estándar,básica,ninguno,7.0,6.0,ninguna,5
https://www.tecnocasa.es/venta/casa/madrid/san-martin-de-la-vega/605428.html,289500.0,2,165.0,1,"Tecnocasa Agencia Inmobiliaria pone a la venta increible vivienda en la Vega del Pingarrón, situada a excasos kilometros del centro de San Martin de la Vega, en una zona de campo, donde lo que reina es la tranquilidad, para gente amante de la naturaleza.
La vivienda dispone de 2.190m2 de parcela, distribuidas en dos viviendas independientes.
La primera vivienda, está compuesta de un porche cerrado que da acceso a la vivienda, el cual nos encontramos un amplio salón en dos ambientes, el cual tiene la chimenea, lo que le aporta una zona calida y totalmente reformada, dos amplios dormitorios, y un cuarto de baño con plato de ducha, todo ello en una única planta.
La segunda vivienda, en la parte de abajo, cuenta con una cocina, un baño, un salón y un dormitorio, todo tipo loft.
Un amplio jardin con piscina, cenador, cocina de verano independiente, barbacoa de obra, garaje para varios vehículos, el patio cuenta con dimensión bastante amplia, en la cual nos encontramos una zona de arboles frutales, gallinero etc..
La vivienda dispone de mejoras como aires acondicionados con bomba de frio y calor, grupo de presión de agua caliente, calefacción mediante gasoil etc.. mejor consultar
MEJOR VER, NO DUDE EN CONSULTARNOS, SOMOS ESPECIALISTAS EN LA ZONA
PARA LA REALIZACIÓN DE VISITAS ES IMPRESCINDIBLE EL ESTUDIO DE VIABILIDAD POR PARTE DE KIRON, PARA EN CASO DE COMPRA GARANTIZAR LA OPERACIÓN.",0,0,1,0,0,0,0,0,0,0,"['https://cdn-media.medialabtc.it/es/agencies/md559/estates/605428/images/8624203/gallery_media.jpeg', 'https://cdn-media.medialabtc.it/es/agencies/md559/estates/605428/images/8624199/gallery_media.jpeg', 'https://cdn-media.medialabtc.it/es/agencies/md559/estates/605428/images/8624219/gallery_media.jpeg', 'https://cdn-media.medialabtc.it/es/agencies/md559/estates/605428/images/8624212/gallery_media.jpeg', 'https://cdn-media.medialabtc.it/es/agencies/md559/estates/605428/images/8624218/gallery_media.jpeg', 'https://cdn-media.medialabtc.it/es/agencies/md559/estates/605428/images/8624197/gallery_media.jpeg', 'https://cdn-media.medialabtc.it/es/agencies/md559/estates/605428/images/8624204/gallery_media.jpeg', 'https://cdn-media.medialabtc.it/es/agencies/md559/estates/605428/images/8624202/gallery_media.jpeg', 'https://cdn-media.medialabtc.it/es/agencies/md559/estates/605428/images/8624196/gallery_media.jpeg', 'https://cdn-media.medialabtc.it/es/agencies/md559/estates/605428/images/8624193/gallery_media.jpeg', 'https://cdn-media.medialabtc.it/es/agencies/md559/estates/605428/images/8624216/gallery_media.jpeg', 'https://cdn-media.medialabtc.it/es/agencies/md559/estates/605428/images/8624210/gallery_media.jpeg', 'https://cdn-media.medialabtc.it/es/agencies/md559/estates/605428/images/8624195/gallery_media.jpeg', 'https://cdn-media.medialabtc.it/es/agencies/md559/estates/605428/images/8624205/gallery_media.jpeg', 'https://cdn-media.medialabtc.it/es/agencies/md559/estates/605428/images/8624194/gallery_media.jpeg', 'https://cdn-media.medialabtc.it/es/agencies/md559/estates/605428/images/8624198/gallery_media.jpeg', 'https://cdn-media.medialabtc.it/es/agencies/md559/estates/605428/images/8624217/gallery_media.jpeg', 'https://cdn-media.medialabtc.it/es/agencies/md559/estates/605428/images/8624209/gallery_media.jpeg', 'https://cdn-media.medialabtc.it/es/agencies/md559/estates/605428/images/8624208/gallery_media.jpeg', 'https://cdn-media.medialabtc.it/es/agencies/md559/estates/605428/images/8624207/gallery_media.jpeg', 'https://cdn-media.medialabtc.it/es/agencies/md559/estates/605428/images/8624201/gallery_media.jpeg', 'https://cdn-media.medialabtc.it/es/agencies/md559/estates/605428/images/8624211/gallery_media.jpeg', 'https://cdn-media.medialabtc.it/es/agencies/md559/estates/605428/images/8624200/gallery_media.jpeg', 'https://cdn-media.medialabtc.it/es/agencies/md559/estates/605428/images/8624220/gallery_media.jpeg', 'https://cdn-media.medialabtc.it/es/agencies/md559/estates/605428/images/8624213/gallery_media.jpeg', 'https://cdn-media.medialabtc.it/es/agencies/md559/estates/605428/images/8624215/gallery_media.jpeg', 'https://cdn-media.medialabtc.it/es/agencies/md559/estates/605428/images/8624214/gallery_media.jpeg', 'https://cdn-media.medialabtc.it/es/agencies/md559/estates/605428/images/8624206/gallery_media.jpeg']",0,Desconocido,1,0,1,0,0,E,0,0,"['imagenes_tecnocasa\\anuncio_1395\\0.jpeg', 'imagenes_tecnocasa\\anuncio_1395\\1.jpeg', 'imagenes_tecnocasa\\anuncio_1395\\2.jpeg', 'imagenes_tecnocasa\\anuncio_1395\\3.jpeg', 'imagenes_tecnocasa\\anuncio_1395\\4.jpeg', 'imagenes_tecnocasa\\anuncio_1395\\5.jpeg', 'imagenes_tecnocasa\\anuncio_1395\\6.jpeg', 'imagenes_tecnocasa\\anuncio_1395\\7.jpeg', 'imagenes_tecnocasa\\anuncio_1395\\8.jpeg', 'imagenes_tecnocasa\\anuncio_1395\\9.jpeg', 'imagenes_tecnocasa\\anuncio_1395\\10.jpeg', 'imagenes_tecnocasa\\anuncio_1395\\11.jpeg', 'imagenes_tecnocasa\\anuncio_1395\\12.jpeg', 'imagenes_tecnocasa\\anuncio_1395\\13.jpeg', 'imagenes_tecnocasa\\anuncio_1395\\14.jpeg', 'imagenes_tecnocasa\\anuncio_1395\\15.jpeg', 'imagenes_tecnocasa\\anuncio_1395\\16.jpeg', 'imagenes_tecnocasa\\anuncio_1395\\17.jpeg', 'imagenes_tecnocasa\\anuncio_1395\\18.jpeg', 'imagenes_tecnocasa\\anuncio_1395\\19.jpeg', 'imagenes_tecnocasa\\anuncio_1395\\20.jpeg', 'imagenes_tecnocasa\\anuncio_1395\\21.jpeg', 'imagenes_tecnocasa\\anuncio_1395\\22.jpeg', 'imagenes_tecnocasa\\anuncio_1395\\23.jpeg', 'imagenes_tecnocasa\\anuncio_1395\\24.jpeg', 'imagenes_tecnocasa\\anuncio_1395\\25.jpeg', 'imagenes_tecnocasa\\anuncio_1395\\26.jpeg', 'imagenes_tecnocasa\\anuncio_1395\\27.jpeg']",1,Media,2004,1,1,0,casa,2,San Martín de la Vega,San Martín De La Vega,40.2110462,-3.5771806,1395,1754.5454545454545,232.0,148.0,0.0,0.0,1.0,0.0,otro,pintura,corredera,estándar (2.4-2.8m),nada,5.2,5.4,clásico,"['#F2E8CF', '#A0522D', '#FFFFFF']",buena,True,convencional,limitado,ninguno,ninguno,estándar,parcialmente equipada,ninguno,7.2,7.4,ninguna,5
https://www.tecnocasa.es/venta/piso/madrid/madrid/602172.html,172000.0,1,49.0,1,"Tecnocasa Agencia inmobiliaria de MADRID - zona CIUDAD PEGASO - ALAMEDA DE OSUNA - REJAS - Oficina Tecnocasa de MADRID
Vende apartamento situado en Avenida Séptima; (Metro El Capricho línea 5)
SE VENDE CON INQUILINO HASTA EL JULIO DE 2026, ALQUILADO EN 600€ AL MES.
PLANTA BAJA CON PUERTA DIRECTA A CALLE
38 m2
Salón con dormitorio en una estancia, cocina y baño. Completamente rectangular, se encuentra en buen estado, está para entrar a vivir.
La vivienda es tranquila, tiene vista hacia jardín y patio privados.
La zona es muy tranquila dispone de numerosas zonas para pasear y hacer deporte al aire libre.
A 7 minutos del Metro de El Capricho (Línea 5).
Todos los servicios muy cerca como colegios, supermercados, centro de salud, etc.
C. C. PLENILUNIO A 8 MINUTOS ANDANDO.
Conexión con m40, A2, m12, etc.
Visítelo sin ningún compromiso.
HIPOTECA 100%.
Consulte las condiciones de venta o de arrendamiento específicas para cada inmueble. La información contenida en este anuncio no tiene carácter contractual ni vinculante, ya que podría contener alguna incorreción.",1,1,1,1,1,1,0,1,1,1,"['https://cdn-media.medialabtc.it/es/agencies/md064/estates/602172/images/8636197/gallery_media.jpeg', 'https://cdn-media.medialabtc.it/es/agencies/md064/estates/602172/images/8824742/gallery_media.jpeg', 'https://cdn-media.medialabtc.it/es/agencies/md064/estates/602172/images/8824695/gallery_media.jpeg', 'https://cdn-media.medialabtc.it/es/agencies/md064/estates/602172/images/8824694/gallery_media.jpeg', 'https://cdn-media.medialabtc.it/es/agencies/md064/estates/602172/images/8552026/gallery_media.jpeg', 'https://cdn-media.medialabtc.it/es/agencies/md064/estates/602172/images/8824743/gallery_media.jpeg', 'https://cdn-media.medialabtc.it/es/agencies/md064/estates/602172/images/8824698/gallery_media.jpeg', 'https://cdn-media.medialabtc.it/es/agencies/md064/estates/602172/images/8636278/gallery_media.jpeg', 'https://cdn-media.medialabtc.it/es/agencies/md064/estates/602172/images/8824699/gallery_media.jpeg', 'https://cdn-media.medialabtc.it/es/agencies/md064/estates/602172/images/8824700/gallery_media.jpeg', 'https://cdn-media.medialabtc.it/es/agencies/md064/estates/602172/images/8824701/gallery_media.jpeg', 'https://cdn-media.medialabtc.it/es/agencies/md064/estates/602172/images/8636279/gallery_media.jpeg', 'https://cdn-media.medialabtc.it/es/agencies/md064/estates/602172/images/8636196/gallery_media.jpeg', 'https://cdn-media.medialabtc.it/es/agencies/md064/estates/602172/images/8824697/gallery_media.jpeg', 'https://cdn-media.medialabtc.it/es/agencies/md064/estates/602172/images/8824696/gallery_media.jpeg']",0,Buen estado,0,0,0,0,0,E,0,0,"['imagenes_tecnocasa\\anuncio_1396\\0.jpeg', 'imagenes_tecnocasa\\anuncio_1396\\1.jpeg', 'imagenes_tecnocasa\\anuncio_1396\\2.jpeg', 'imagenes_tecnocasa\\anuncio_1396\\3.jpeg', 'imagenes_tecnocasa\\anuncio_1396\\4.jpeg', 'imagenes_tecnocasa\\anuncio_1396\\5.jpeg', 'imagenes_tecnocasa\\anuncio_1396\\6.jpeg', 'imagenes_tecnocasa\\anuncio_1396\\7.jpeg', 'imagenes_tecnocasa\\anuncio_1396\\8.jpeg', 'imagenes_tecnocasa\\anuncio_1396\\9.jpeg', 'imagenes_tecnocasa\\anuncio_1396\\10.jpeg', 'imagenes_tecnocasa\\anuncio_1396\\11.jpeg', 'imagenes_tecnocasa\\anuncio_1396\\12.jpeg', 'imagenes_tecnocasa\\anuncio_1396\\13.jpeg', 'imagenes_tecnocasa\\anuncio_1396\\14.jpeg']",0,Media,2002,0,0,0,piso,1,Madrid,"Rejas, Madrid",40.4167047,-3.7035825,1396,3510.204081632653,174.0,141.0,0.0,0.0,0.0,0.0,otro,pintura,otro,estándar (2.4-2.8m),nada,3.0,3.8,moderno,"['#FFFFFF', '#F2F2F2', '#D3D3D3']",regular,False,convencional,limitado,ninguno,ninguno,estándar,básica,ninguno,3.8,5.0,ninguna,5
https://www.tecnocasa.es/venta/piso/madrid/mostoles/605742.html,425000.0,6,201.0,3,"TECNOCASA ESTORIL II VENDE: PISO DE TORRE. De 6 Dormitorios y 3 Cuartos de Baño, 1 en cuarto de servicio, otro amplio en pasillo ya que se unificaron 2 baños y otro en Suite. Doble entrada por recibidor o cocina con puertas blindadas. Cocina con doble comunicación con suelos en gres, puertas, cercos y marcos de madera. Hall de entrada con paso a un amplio salón comunicado con pasillo distribuidor y gran terraza abierta. Ventanas en aluminio. Muy buena ubicación, orientación y altura. También cuenta con trastero.
Muy Cerca de los diferentes medios de automoción y salida a carreteras A-5, M-50 y M-40. Buena orientación.

Para cualquier duda o consulta póngase en contacto con nosotros por teléfono o visítenos en Pintor Velázquez Nº 5.

Si quiere vender su inmueble o quiere saber el precio de mercado, hacemos VALORACIONES TOTALMENTE GRATUITAS y sin compromiso. Estamos especializados en la zona ya que sólo trabajamos una zona concreta y reducida para tener la mayor exactitud dicho precio.",1,1,1,1,1,1,1,1,1,1,"['https://cdn-media.medialabtc.it/es/agencies/mdbmd/estates/605742/images/8644367/gallery_media.jpeg', 'https://cdn-media.medialabtc.it/es/agencies/mdbmd/estates/605742/images/8644357/gallery_media.jpeg', 'https://cdn-media.medialabtc.it/es/agencies/mdbmd/estates/605742/images/8644376/gallery_media.jpeg', 'https://cdn-media.medialabtc.it/es/agencies/mdbmd/estates/605742/images/8644369/gallery_media.jpeg', 'https://cdn-media.medialabtc.it/es/agencies/mdbmd/estates/605742/images/8644379/gallery_media.jpeg', 'https://cdn-media.medialabtc.it/es/agencies/mdbmd/estates/605742/images/8644374/gallery_media.jpeg', 'https://cdn-media.medialabtc.it/es/agencies/mdbmd/estates/605742/images/8644358/gallery_media.jpeg', 'https://cdn-media.medialabtc.it/es/agencies/mdbmd/estates/605742/images/8644359/gallery_media.jpeg', 'https://cdn-media.medialabtc.it/es/agencies/mdbmd/estates/605742/images/8644353/gallery_media.jpeg', 'https://cdn-media.medialabtc.it/es/agencies/mdbmd/estates/605742/images/8644372/gallery_media.jpeg', 'https://cdn-media.medialabtc.it/es/agencies/mdbmd/estates/605742/images/8644366/gallery_media.jpeg', 'https://cdn-media.medialabtc.it/es/agencies/mdbmd/estates/605742/images/8644375/gallery_media.jpeg', 'https://cdn-media.medialabtc.it/es/agencies/mdbmd/estates/605742/images/8644378/gallery_media.jpeg', 'https://cdn-media.medialabtc.it/es/agencies/mdbmd/estates/605742/images/8644360/gallery_media.jpeg', 'https://cdn-media.medialabtc.it/es/agencies/mdbmd/estates/605742/images/8644362/gallery_media.jpeg', 'https://cdn-media.medialabtc.it/es/agencies/mdbmd/estates/605742/images/8644373/gallery_media.jpeg', 'https://cdn-media.medialabtc.it/es/agencies/mdbmd/estates/605742/images/8644350/gallery_media.jpeg', 'https://cdn-media.medialabtc.it/es/agencies/mdbmd/estates/605742/images/8644364/gallery_media.jpeg', 'https://cdn-media.medialabtc.it/es/agencies/mdbmd/estates/605742/images/8644377/gallery_media.jpeg', 'https://cdn-media.medialabtc.it/es/agencies/mdbmd/estates/605742/images/8644370/gallery_media.jpeg', 'https://cdn-media.medialabtc.it/es/agencies/mdbmd/estates/605742/images/8644361/gallery_media.jpeg', 'https://cdn-media.medialabtc.it/es/agencies/mdbmd/estates/605742/images/8644365/gallery_media.jpeg', 'https://cdn-media.medialabtc.it/es/agencies/mdbmd/estates/605742/images/8644355/gallery_media.jpeg', 'https://cdn-media.medialabtc.it/es/agencies/mdbmd/estates/605742/images/8644351/gallery_media.jpeg', 'https://cdn-media.medialabtc.it/es/agencies/mdbmd/estates/605742/images/8644371/gallery_media.jpeg', 'https://cdn-media.medialabtc.it/es/agencies/mdbmd/estates/605742/images/8644354/gallery_media.jpeg', 'https://cdn-media.medialabtc.it/es/agencies/mdbmd/estates/605742/images/8644380/gallery_media.jpeg', 'https://cdn-media.medialabtc.it/es/agencies/mdbmd/estates/605742/images/8644356/gallery_media.jpeg', 'https://cdn-media.medialabtc.it/es/agencies/mdbmd/estates/605742/images/8644368/gallery_media.jpeg']",0,Desconocido,0,1,0,1,0,E,0,0,"['imagenes_tecnocasa\\anuncio_1398\\0.jpeg', 'imagenes_tecnocasa\\anuncio_1398\\1.jpeg', 'imagenes_tecnocasa\\anuncio_1398\\2.jpeg', 'imagenes_tecnocasa\\anuncio_1398\\3.jpeg', 'imagenes_tecnocasa\\anuncio_1398\\4.jpeg', 'imagenes_tecnocasa\\anuncio_1398\\5.jpeg', 'imagenes_tecnocasa\\anuncio_1398\\6.jpeg', 'imagenes_tecnocasa\\anuncio_1398\\7.jpeg', 'imagenes_tecnocasa\\anuncio_1398\\8.jpeg', 'imagenes_tecnocasa\\anuncio_1398\\9.jpeg', 'imagenes_tecnocasa\\anuncio_1398\\10.jpeg', 'imagenes_tecnocasa\\anuncio_1398\\11.jpeg', 'imagenes_tecnocasa\\anuncio_1398\\12.jpeg', 'imagenes_tecnocasa\\anuncio_1398\\13.jpeg', 'imagenes_tecnocasa\\anuncio_1398\\14.jpeg', 'imagenes_tecnocasa\\anuncio_1398\\15.jpeg', 'imagenes_tecnocasa\\anuncio_1398\\16.jpeg', 'imagenes_tecnocasa\\anuncio_1398\\17.jpeg', 'imagenes_tecnocasa\\anuncio_1398\\18.jpeg', 'imagenes_tecnocasa\\anuncio_1398\\19.jpeg', 'imagenes_tecnocasa\\anuncio_1398\\20.jpeg', 'imagenes_tecnocasa\\anuncio_1398\\21.jpeg', 'imagenes_tecnocasa\\anuncio_1398\\22.jpeg', 'imagenes_tecnocasa\\anuncio_1398\\23.jpeg', 'imagenes_tecnocasa\\anuncio_1398\\24.jpeg', 'imagenes_tecnocasa\\anuncio_1398\\25.jpeg', 'imagenes_tecnocasa\\anuncio_1398\\26.jpeg', 'imagenes_tecnocasa\\anuncio_1398\\27.jpeg', 'imagenes_tecnocasa\\anuncio_1398\\28.jpeg']",1,Popular,1977,0,0,1,piso,1,Móstoles,"Universidad, Móstoles",40.3238525,-3.8649214,1398,2114.427860696517,164.0,122.0,0.0,0.0,1.0,0.0,cerámica,pintura,corredera,estándar (2.4-2.8m),nada,3.6,3.0,convencional,"['#F5F5DC', '#FFE4C4', '#A0522D']",regular,False,convencional,limitado,ninguno,ninguno,estándar,parcialmente equipada,ninguno,6.0,6.2,ninguna,5
https://www.tecnocasa.es/venta/piso/madrid/colmenar-viejo/612324.html,195000.0,3,67.0,1,"Agencia inmobiliaria de COLMENAR VIEJO - ZONA NORTE vende PISO EN EL CERRILLO

Vivienda para entrar a vivir.

Consta de 3 habitaciones, salón con balcon, cuarto de baño y cocina con balcon.

Muy luminoso con calefacción individual con gas natural y ventanas de PVC

Cerca del centro comercial El Mirador, colegios, restaurantes, ambulatorio, paradas de autobús con autobuses directos a Madrid, Tres Cantos y la RENFE. Todos los servicios necesarios están a pocos minutos andando. Con posibilidad de aparcar en el parking público de El Mirador que se encuentra muy cerca de la vivienda.

A tan solo 5 minutos en coche de la estación de Renfe de Colmenar Viejo, 20 minutos de Madrid.
Contamos con departamento FINANCIERO con posibilidad de HIPOTECAS hasta el 100%. CONSULTE SIN COMPROMISO.

Si necesitas vender un inmueble, ponemos a su disposición la VALORACION GRATUITA del inmueble en la que le explicaremos todas las fases de la 'compra y venta' para su mayor tranquilidad y seguridad a la hora de llevar a cabo el cambio de vivienda. Contamos con 2 oficinas en Colmenar Viejo, 350 en la Comunidad de Madrid y más de 870 oficinas en el territorio nacional.",0,1,1,1,0,1,1,1,1,1,"['https://cdn-media.medialabtc.it/es/agencies/md575/estates/612324/images/8792365/gallery_media.jpeg', 'https://cdn-media.medialabtc.it/es/agencies/md575/estates/612324/images/8792347/gallery_media.jpeg', 'https://cdn-media.medialabtc.it/es/agencies/md575/estates/612324/images/8792357/gallery_media.jpeg', 'https://cdn-media.medialabtc.it/es/agencies/md575/estates/612324/images/8792360/gallery_media.jpeg', 'https://cdn-media.medialabtc.it/es/agencies/md575/estates/612324/images/8792364/gallery_media.jpeg', 'https://cdn-media.medialabtc.it/es/agencies/md575/estates/612324/images/8792340/gallery_media.jpeg', 'https://cdn-media.medialabtc.it/es/agencies/md575/estates/612324/images/8792355/gallery_media.jpeg', 'https://cdn-media.medialabtc.it/es/agencies/md575/estates/612324/images/8792361/gallery_media.jpeg', 'https://cdn-media.medialabtc.it/es/agencies/md575/estates/612324/images/8792349/gallery_media.jpeg', 'https://cdn-media.medialabtc.it/es/agencies/md575/estates/612324/images/8792358/gallery_media.jpeg', 'https://cdn-media.medialabtc.it/es/agencies/md575/estates/612324/images/8792356/gallery_media.jpeg', 'https://cdn-media.medialabtc.it/es/agencies/md575/estates/612324/images/8792343/gallery_media.jpeg', 'https://cdn-media.medialabtc.it/es/agencies/md575/estates/612324/images/8792350/gallery_media.jpeg', 'https://cdn-media.medialabtc.it/es/agencies/md575/estates/612324/images/8792341/gallery_media.jpeg', 'https://cdn-media.medialabtc.it/es/agencies/md575/estates/612324/images/8792344/gallery_media.jpeg', 'https://cdn-media.medialabtc.it/es/agencies/md575/estates/612324/images/8792345/gallery_media.jpeg', 'https://cdn-media.medialabtc.it/es/agencies/md575/estates/612324/images/8792354/gallery_media.jpeg', 'https://cdn-media.medialabtc.it/es/agencies/md575/estates/612324/images/8792351/gallery_media.jpeg', 'https://cdn-media.medialabtc.it/es/agencies/md575/estates/612324/images/8792352/gallery_media.jpeg', 'https://cdn-media.medialabtc.it/es/agencies/md575/estates/612324/images/8792363/gallery_media.jpeg', 'https://cdn-media.medialabtc.it/es/agencies/md575/estates/612324/images/8792353/gallery_media.jpeg', 'https://cdn-media.medialabtc.it/es/agencies/md575/estates/612324/images/8792342/gallery_media.jpeg', 'https://cdn-media.medialabtc.it/es/agencies/md575/estates/612324/images/8792359/gallery_media.jpeg', 'https://cdn-media.medialabtc.it/es/agencies/md575/estates/612324/images/8792367/gallery_media.jpeg', 'https://cdn-media.medialabtc.it/es/agencies/md575/estates/612324/images/8792348/gallery_media.jpeg', 'https://cdn-media.medialabtc.it/es/agencies/md575/estates/612324/images/8792366/gallery_media.jpeg', 'https://cdn-media.medialabtc.it/es/agencies/md575/estates/612324/images/8792346/gallery_media.jpeg', 'https://cdn-media.medialabtc.it/es/agencies/md575/estates/612324/images/8792362/gallery_media.jpeg']",1,Desconocido,1,0,0,1,1,E,0,0,"['imagenes_tecnocasa\\anuncio_1399\\0.jpeg', 'imagenes_tecnocasa\\anuncio_1399\\1.jpeg', 'imagenes_tecnocasa\\anuncio_1399\\2.jpeg', 'imagenes_tecnocasa\\anuncio_1399\\3.jpeg', 'imagenes_tecnocasa\\anuncio_1399\\4.jpeg', 'imagenes_tecnocasa\\anuncio_1399\\5.jpeg', 'imagenes_tecnocasa\\anuncio_1399\\6.jpeg', 'imagenes_tecnocasa\\anuncio_1399\\7.jpeg', 'imagenes_tecnocasa\\anuncio_1399\\8.jpeg', 'imagenes_tecnocasa\\anuncio_1399\\9.jpeg', 'imagenes_tecnocasa\\anuncio_1399\\10.jpeg', 'imagenes_tecnocasa\\anuncio_1399\\11.jpeg', 'imagenes_tecnocasa\\anuncio_1399\\12.jpeg', 'imagenes_tecnocasa\\anuncio_1399\\13.jpeg', 'imagenes_tecnocasa\\anuncio_1399\\14.jpeg', 'imagenes_tecnocasa\\anuncio_1399\\15.jpeg', 'imagenes_tecnocasa\\anuncio_1399\\16.jpeg', 'imagenes_tecnocasa\\anuncio_1399\\17.jpeg', 'imagenes_tecnocasa\\anuncio_1399\\18.jpeg', 'imagenes_tecnocasa\\anuncio_1399\\19.jpeg', 'imagenes_tecnocasa\\anuncio_1399\\20.jpeg', 'imagenes_tecnocasa\\anuncio_1399\\21.jpeg', 'imagenes_tecnocasa\\anuncio_1399\\22.jpeg', 'imagenes_tecnocasa\\anuncio_1399\\23.jpeg', 'imagenes_tecnocasa\\anuncio_1399\\24.jpeg', 'imagenes_tecnocasa\\anuncio_1399\\25.jpeg', 'imagenes_tecnocasa\\anuncio_1399\\26.jpeg', 'imagenes_tecnocasa\\anuncio_1399\\27.jpeg']",0,De época,1969,1,0,0,piso,2,Colmenar Viejo,Colmenar Viejo,40.6587726,-3.7659722,1399,2910.4477611940297,193.0,131.0,0.05,0.4,1.0,0.0,parquet,pintura,corredera,estándar (2.4-2.8m),nada,3.8,3.6,clásico,"['#A0522D', '#D2691E', '#8B4513']",regular,False,convencional,limitado,ninguno,ninguno,estándar,básica,ninguno,6.2,6.4,ninguna,5
https://www.tecnocasa.es/venta/piso/madrid/leganes/611957.html,220000.0,3,72.0,1,"Agencia inmobiliaria de Leganés zona Zarzaquemada, Tecnocasa Area Inmoleganes 2024 Slu
EN VENTA: Excelente vivienda completamente exterior muy luminosa en Leganés (Zarzaquemada)
Piso en MONEGROS, listo para entrar a planta de 72m2,Compuesto de 3 dormitorios, terraza , salón, cocina Y baño.
Piso con Ascensor completamente exterior.
Próxima a todos los servicios necesarios como colegios, supermercados, centro de salud, centro de día para mayores, zonas verdes y a escasos minutos de Renfe de ZARZAQUEMADA y Metro JULIAN BESTEIRO.
Si precisa de más información no dude en contactar con nosotros
AVISO LEGAL: Recordamos a nuestros Señores clientes que la información facilitada no constituye una auténtica oferta vinculante ni contractual. Este anuncio publicitario es provisional, y las fotografías y datos en él incluidos están sujetos a posibles modificaciones, consecuencia de exigencias comerciales, jurídicas, técnicas o por mandato expreso de la propiedad. La información aquí contenida procura reflejar una orientación sobre los inmuebles a la fecha de su publicación. La totalidad del contenido que aparece tiene carácter meramente informativo y aproximado, no teniendo, en modo alguno, carácter contractual. Tanto los datos, como las imágenes y planos pueden estar sujetos a cambios, por lo que le invitamos a que, si precisa una información más exacta y detallada, contacte con nosotros y le atenderemos a la mayor brevedad posible. Los contenidos tienen únicamente finalidad informativa y bajo ninguna circunstancia deben usarse ni considerarse como oferta de venta o financiación, solicitud de una oferta de compra o financiación, ni recomendación para realizar cualquier otra transacción, salvo que así se indique expresamente. La información y documentación a ofrecer de acuerdo con lo dispuesto en el Real Decreto 515/1989 (de 21 de abril, relativa a la protección de los consumidores en cuanto a la información a suministrar en la compraventa y arrendamiento de viviendas), será puesta a disposición de los potenciales compradores en las respectivas delegaciones territoriales gestoras del inmueble.",1,1,1,1,1,1,0,1,1,1,"['https://cdn-media.medialabtc.it/es/agencies/mdbcd/estates/611957/images/8776599/gallery_media.jpeg', 'https://cdn-media.medialabtc.it/es/agencies/mdbcd/estates/611957/images/8776603/gallery_media.jpeg', 'https://cdn-media.medialabtc.it/es/agencies/mdbcd/estates/611957/images/8776606/gallery_media.jpeg', 'https://cdn-media.medialabtc.it/es/agencies/mdbcd/estates/611957/images/8776601/gallery_media.jpeg', 'https://cdn-media.medialabtc.it/es/agencies/mdbcd/estates/611957/images/8776597/gallery_media.jpeg', 'https://cdn-media.medialabtc.it/es/agencies/mdbcd/estates/611957/images/8776600/gallery_media.jpeg', 'https://cdn-media.medialabtc.it/es/agencies/mdbcd/estates/611957/images/8776578/gallery_media.jpeg', 'https://cdn-media.medialabtc.it/es/agencies/mdbcd/estates/611957/images/8776590/gallery_media.jpeg', 'https://cdn-media.medialabtc.it/es/agencies/mdbcd/estates/611957/images/8776587/gallery_media.jpeg', 'https://cdn-media.medialabtc.it/es/agencies/mdbcd/estates/611957/images/8776605/gallery_media.jpeg', 'https://cdn-media.medialabtc.it/es/agencies/mdbcd/estates/611957/images/8776581/gallery_media.jpeg', 'https://cdn-media.medialabtc.it/es/agencies/mdbcd/estates/611957/images/8776580/gallery_media.jpeg', 'https://cdn-media.medialabtc.it/es/agencies/mdbcd/estates/611957/images/8776589/gallery_media.jpeg', 'https://cdn-media.medialabtc.it/es/agencies/mdbcd/estates/611957/images/8776582/gallery_media.jpeg', 'https://cdn-media.medialabtc.it/es/agencies/mdbcd/estates/611957/images/8776594/gallery_media.jpeg', 'https://cdn-media.medialabtc.it/es/agencies/mdbcd/estates/611957/images/8776595/gallery_media.jpeg', 'https://cdn-media.medialabtc.it/es/agencies/mdbcd/estates/611957/images/8776604/gallery_media.jpeg', 'https://cdn-media.medialabtc.it/es/agencies/mdbcd/estates/611957/images/8776596/gallery_media.jpeg', 'https://cdn-media.medialabtc.it/es/agencies/mdbcd/estates/611957/images/8776585/gallery_media.jpeg', 'https://cdn-media.medialabtc.it/es/agencies/mdbcd/estates/611957/images/8776579/gallery_media.jpeg', 'https://cdn-media.medialabtc.it/es/agencies/mdbcd/estates/611957/images/8776602/gallery_media.jpeg', 'https://cdn-media.medialabtc.it/es/agencies/mdbcd/estates/611957/images/8776591/gallery_media.jpeg', 'https://cdn-media.medialabtc.it/es/agencies/mdbcd/estates/611957/images/8776598/gallery_media.jpeg']",0,Desconocido,0,0,0,1,0,E,0,0,"['imagenes_tecnocasa\\anuncio_1401\\0.jpeg', 'imagenes_tecnocasa\\anuncio_1401\\1.jpeg', 'imagenes_tecnocasa\\anuncio_1401\\2.jpeg', 'imagenes_tecnocasa\\anuncio_1401\\3.jpeg', 'imagenes_tecnocasa\\anuncio_1401\\4.jpeg', 'imagenes_tecnocasa\\anuncio_1401\\5.jpeg', 'imagenes_tecnocasa\\anuncio_1401\\6.jpeg', 'imagenes_tecnocasa\\anuncio_1401\\7.jpeg', 'imagenes_tecnocasa\\anuncio_1401\\8.jpeg', 'imagenes_tecnocasa\\anuncio_1401\\9.jpeg', 'imagenes_tecnocasa\\anuncio_1401\\10.jpeg', 'imagenes_tecnocasa\\anuncio_1401\\11.jpeg', 'imagenes_tecnocasa\\anuncio_1401\\12.jpeg', 'imagenes_tecnocasa\\anuncio_1401\\13.jpeg', 'imagenes_tecnocasa\\anuncio_1401\\14.jpeg', 'imagenes_tecnocasa\\anuncio_1401\\15.jpeg', 'imagenes_tecnocasa\\anuncio_1401\\16.jpeg', 'imagenes_tecnocasa\\anuncio_1401\\17.jpeg', 'imagenes_tecnocasa\\anuncio_1401\\18.jpeg', 'imagenes_tecnocasa\\anuncio_1401\\19.jpeg', 'imagenes_tecnocasa\\anuncio_1401\\20.jpeg', 'imagenes_tecnocasa\\anuncio_1401\\21.jpeg', 'imagenes_tecnocasa\\anuncio_1401\\22.jpeg']",0,Popular,1972,0,0,0,piso,2,Leganés,"Zarzaquemada, Leganés",40.3281942,-3.76527,1401,3055.5555555555557,311.0,207.0,0.2,0.25,0.0,0.0,cerámica,pintura,corredera,estándar (2.4-2.8m),nada,3.2,3.4,convencional,"['#D2B48C', '#A0522D', '#9ACD32']",regular,False,convencional,limitado,ninguno,ninguno,estándar,parcialmente equipada,ninguno,6.0,6.6,ninguna,5
https://www.tecnocasa.es/venta/piso/madrid/madrid/608701.html,217000.0,1,50.0,2,"Agencia inmobiliaria de Madrid zona VENTAS - EL CARMEN Tecnocasa ESTUDIO VENTAS CONCEPCION SP :
La vivienda ha sido reformada con materiales de alta calidad, ofreciendo un diseño moderno y funcional.
Características de la vivienda:
Distribución: Un dormitorio en la parte superior con una claraboya, tiene un baño en la estancia superior, en la estancia inferior consta de un salon amplio de unos 24 metros utiles con cocina y baño. Totalmente reformado hace 7 o 8 años. En ambas plantas tiene aire acondicionado con bomba de aire de frio y calor. El forjado esta hecho con un material ligero y seguro. Cocina totalmente equipada y reformada igual que los baños. Consta de accesibilidad a la hora de acceder al portal para personas con movilidad reducida.
Estado del edificio:
Inspección Técnica del Edificio (ITE) de comunidad: 30 €/mes.
Ubicación y entorno:
El inmueble se encuentra en una zona estratégica de Madrid, con una excelente comunicación y una amplia oferta de servicios.
A 10 METROS de la estación de metro El Carmen (Línea 5 a vías principales como Alcala, Avenida Daroca y Alcalde Lopez Casero .Varias líneas de autobús en las inmediaciones. Cercanía a centros comerciales y de ocio como Arturo Soria Plaza, O centro comercial ciudad lineal, con una variada oferta comercial, gastronómica y de con múltiples zonas verdes y parques, además de áreas deportivas y espacios de todos los servicios esenciales: colegios, farmacias, supermercados y restaurantes.
Muy cercana a la plaza de toro de ventas, manuel becerra etc.
Para más información o concertar una visita, puede contactar a través del teléfono 663 538 872 o acudir a nuestra oficina en AVENIDA DAROCA 11 ESQUINA CON JOSE MARIA FERNANDEZ LANSEROS – Tecnocasa.
TELEFONO DE CONTACTO: 663 538 872",1,0,1,1,1,1,0,1,1,1,"['https://cdn-media.medialabtc.it/es/agencies/mdaqb/estates/608701/images/8726052/gallery_media.jpeg', 'https://cdn-media.medialabtc.it/es/agencies/mdaqb/estates/608701/images/8726056/gallery_media.jpeg', 'https://cdn-media.medialabtc.it/es/agencies/mdaqb/estates/608701/images/8726043/gallery_media.jpeg', 'https://cdn-media.medialabtc.it/es/agencies/mdaqb/estates/608701/images/8726048/gallery_media.jpeg', 'https://cdn-media.medialabtc.it/es/agencies/mdaqb/estates/608701/images/8726044/gallery_media.jpeg', 'https://cdn-media.medialabtc.it/es/agencies/mdaqb/estates/608701/images/8726040/gallery_media.jpeg', 'https://cdn-media.medialabtc.it/es/agencies/mdaqb/estates/608701/images/8726057/gallery_media.jpeg', 'https://cdn-media.medialabtc.it/es/agencies/mdaqb/estates/608701/images/8726053/gallery_media.jpeg', 'https://cdn-media.medialabtc.it/es/agencies/mdaqb/estates/608701/images/8726045/gallery_media.jpeg', 'https://cdn-media.medialabtc.it/es/agencies/mdaqb/estates/608701/images/8726055/gallery_media.jpeg', 'https://cdn-media.medialabtc.it/es/agencies/mdaqb/estates/608701/images/8726047/gallery_media.jpeg', 'https://cdn-media.medialabtc.it/es/agencies/mdaqb/estates/608701/images/8726042/gallery_media.jpeg', 'https://cdn-media.medialabtc.it/es/agencies/mdaqb/estates/608701/images/8726050/gallery_media.jpeg', 'https://cdn-media.medialabtc.it/es/agencies/mdaqb/estates/608701/images/8726051/gallery_media.jpeg', 'https://cdn-media.medialabtc.it/es/agencies/mdaqb/estates/608701/images/8726046/gallery_media.jpeg', 'https://cdn-media.medialabtc.it/es/agencies/mdaqb/estates/608701/images/8726058/gallery_media.jpeg', 'https://cdn-media.medialabtc.it/es/agencies/mdaqb/estates/608701/images/8726049/gallery_media.jpeg', 'https://cdn-media.medialabtc.it/es/agencies/mdaqb/estates/608701/images/8726041/gallery_media.jpeg', 'https://cdn-media.medialabtc.it/es/agencies/mdaqb/estates/608701/images/8726059/gallery_media.jpeg', 'https://cdn-media.medialabtc.it/es/agencies/mdaqb/estates/608701/images/8726039/gallery_media.jpeg', 'https://cdn-media.medialabtc.it/es/agencies/mdaqb/estates/608701/images/8726054/gallery_media.jpeg']",0,Reformado,0,0,0,0,0,Desconocida,0,0,"['imagenes_tecnocasa\\anuncio_1402\\0.jpeg', 'imagenes_tecnocasa\\anuncio_1402\\1.jpeg', 'imagenes_tecnocasa\\anuncio_1402\\2.jpeg', 'imagenes_tecnocasa\\anuncio_1402\\3.jpeg', 'imagenes_tecnocasa\\anuncio_1402\\4.jpeg', 'imagenes_tecnocasa\\anuncio_1402\\5.jpeg', 'imagenes_tecnocasa\\anuncio_1402\\6.jpeg', 'imagenes_tecnocasa\\anuncio_1402\\7.jpeg', 'imagenes_tecnocasa\\anuncio_1402\\8.jpeg', 'imagenes_tecnocasa\\anuncio_1402\\9.jpeg', 'imagenes_tecnocasa\\anuncio_1402\\10.jpeg', 'imagenes_tecnocasa\\anuncio_1402\\11.jpeg', 'imagenes_tecnocasa\\anuncio_1402\\12.jpeg', 'imagenes_tecnocasa\\anuncio_1402\\13.jpeg', 'imagenes_tecnocasa\\anuncio_1402\\14.jpeg', 'imagenes_tecnocasa\\anuncio_1402\\15.jpeg', 'imagenes_tecnocasa\\anuncio_1402\\16.jpeg', 'imagenes_tecnocasa\\anuncio_1402\\17.jpeg', 'imagenes_tecnocasa\\anuncio_1402\\18.jpeg', 'imagenes_tecnocasa\\anuncio_1402\\19.jpeg', 'imagenes_tecnocasa\\anuncio_1402\\20.jpeg']",1,Señorial,1920,1,0,0,piso,2,Madrid,"Ventas, Madrid",40.4167047,-3.7035825,1402,4340.0,287.0,205.0,0.7,0.9,3.0,0.0,otro,pintura,corredera,estándar (2.4-2.8m),nada,4.8,5.4,moderno,"['#8B0000', '#FFFFFF', '#000000']",regular,False,convencional,normal,ninguno,ninguno,estándar,básica,ninguno,6.6,6.8,ninguna,5
https://www.tecnocasa.es/venta/casa/madrid/alcala-de-henares/610032.html,499000.0,5,200.0,4,"AGENCIA INMOBILIARIA DE ALCALÁ DE HENARES, OFICINA DE TECNOCASA, VENDE EXCLUSIVO CHALETEN CIUDAD 10.
¡Descubre tu nuevo hogar en una ubicación privilegiada! Este magnífico chalet adosado, situado cerca de la nacional A2, te ofrece todo lo que necesitas para una vida cómoda y plena. A solo 5 minutos a pie del hospital y con la Universidad de Alcalá a un paso, disfrutarás de la comodidad de tener supermercados, bancos, farmacias y colegios al alcance de la mano.
Con una superficie construida de 241 m² en una parcela de 171 m², esta vivienda destaca por su amplitud y funcionalidad.
En la planta sótano, encontrarás un garaje con capacidad para tres coches y un práctico cuarto de lavandería.
La planta baja te recibe con un acogedor hall de entrada, una cocina completamente amueblada, un aseo y un luminoso salón comedor que se abre a un encantador patio.
La primera planta alberga tres dormitorios, dos baños completos y terrazas que invitan a relajarse.
En la segunda planta, dos dormitorios adicionales, un baño completo y una estupenda terraza, que ofrecen espacio extra para toda la familia.
Además, podrás disfrutar de las zonas comunes con piscina, ideales para los días soleados.
La vivienda cuenta con calefacción individual de gas natural y aire acondicionado, suelos de gres y parquet en perfecto estado, así como carpintería interior de roble y exterior de aluminio climalit. Construida en el año 2000, se encuentra en excelente estado de conservación.
Además, con el departamento de intermediación financiera KIRON puedes conseguir hasta el 100% de financiación.
No pierdas la oportunidad de vivir en este chalet adosado que combina comodidad, estilo y una ubicación inmejorable. ¡Contáctanos para más información y ven a visitarlo!",0,1,1,1,1,1,1,1,0,1,"['https://cdn-media.medialabtc.it/es/agencies/md582/estates/610032/images/8725833/gallery_media.jpeg', 'https://cdn-media.medialabtc.it/es/agencies/md582/estates/610032/images/8725835/gallery_media.jpeg', 'https://cdn-media.medialabtc.it/es/agencies/md582/estates/610032/images/8725832/gallery_media.jpeg', 'https://cdn-media.medialabtc.it/es/agencies/md582/estates/610032/images/8725843/gallery_media.jpeg', 'https://cdn-media.medialabtc.it/es/agencies/md582/estates/610032/images/8725850/gallery_media.jpeg', 'https://cdn-media.medialabtc.it/es/agencies/md582/estates/610032/images/8725826/gallery_media.jpeg', 'https://cdn-media.medialabtc.it/es/agencies/md582/estates/610032/images/8725828/gallery_media.jpeg', 'https://cdn-media.medialabtc.it/es/agencies/md582/estates/610032/images/8725824/gallery_media.jpeg', 'https://cdn-media.medialabtc.it/es/agencies/md582/estates/610032/images/8725823/gallery_media.jpeg', 'https://cdn-media.medialabtc.it/es/agencies/md582/estates/610032/images/8725848/gallery_media.jpeg', 'https://cdn-media.medialabtc.it/es/agencies/md582/estates/610032/images/8725834/gallery_media.jpeg', 'https://cdn-media.medialabtc.it/es/agencies/md582/estates/610032/images/8725841/gallery_media.jpeg', 'https://cdn-media.medialabtc.it/es/agencies/md582/estates/610032/images/8725825/gallery_media.jpeg', 'https://cdn-media.medialabtc.it/es/agencies/md582/estates/610032/images/8725822/gallery_media.jpeg', 'https://cdn-media.medialabtc.it/es/agencies/md582/estates/610032/images/8725829/gallery_media.jpeg', 'https://cdn-media.medialabtc.it/es/agencies/md582/estates/610032/images/8725831/gallery_media.jpeg', 'https://cdn-media.medialabtc.it/es/agencies/md582/estates/610032/images/8725847/gallery_media.jpeg', 'https://cdn-media.medialabtc.it/es/agencies/md582/estates/610032/images/8725849/gallery_media.jpeg', 'https://cdn-media.medialabtc.it/es/agencies/md582/estates/610032/images/8725845/gallery_media.jpeg', 'https://cdn-media.medialabtc.it/es/agencies/md582/estates/610032/images/8725838/gallery_media.jpeg', 'https://cdn-media.medialabtc.it/es/agencies/md582/estates/610032/images/8725837/gallery_media.jpeg', 'https://cdn-media.medialabtc.it/es/agencies/md582/estates/610032/images/8725827/gallery_media.jpeg', 'https://cdn-media.medialabtc.it/es/agencies/md582/estates/610032/images/8725839/gallery_media.jpeg', 'https://cdn-media.medialabtc.it/es/agencies/md582/estates/610032/images/8725842/gallery_media.jpeg', 'https://cdn-media.medialabtc.it/es/agencies/md582/estates/610032/images/8725846/gallery_media.jpeg', 'https://cdn-media.medialabtc.it/es/agencies/md582/estates/610032/images/8725836/gallery_media.jpeg', 'https://cdn-media.medialabtc.it/es/agencies/md582/estates/610032/images/8725821/gallery_media.jpeg', 'https://cdn-media.medialabtc.it/es/agencies/md582/estates/610032/images/8725840/gallery_media.jpeg', 'https://cdn-media.medialabtc.it/es/agencies/md582/estates/610032/images/8725830/gallery_media.jpeg', 'https://cdn-media.medialabtc.it/es/agencies/md582/estates/610032/images/8725844/gallery_media.jpeg']",0,Desconocido,1,0,1,1,0,E,0,0,"['imagenes_tecnocasa\\anuncio_1404\\0.jpeg', 'imagenes_tecnocasa\\anuncio_1404\\1.jpeg', 'imagenes_tecnocasa\\anuncio_1404\\2.jpeg', 'imagenes_tecnocasa\\anuncio_1404\\3.jpeg', 'imagenes_tecnocasa\\anuncio_1404\\4.jpeg', 'imagenes_tecnocasa\\anuncio_1404\\5.jpeg', 'imagenes_tecnocasa\\anuncio_1404\\6.jpeg', 'imagenes_tecnocasa\\anuncio_1404\\7.jpeg', 'imagenes_tecnocasa\\anuncio_1404\\8.jpeg', 'imagenes_tecnocasa\\anuncio_1404\\9.jpeg', 'imagenes_tecnocasa\\anuncio_1404\\10.jpeg', 'imagenes_tecnocasa\\anuncio_1404\\11.jpeg', 'imagenes_tecnocasa\\anuncio_1404\\12.jpeg', 'imagenes_tecnocasa\\anuncio_1404\\13.jpeg', 'imagenes_tecnocasa\\anuncio_1404\\14.jpeg', 'imagenes_tecnocasa\\anuncio_1404\\15.jpeg', 'imagenes_tecnocasa\\anuncio_1404\\16.jpeg', 'imagenes_tecnocasa\\anuncio_1404\\17.jpeg', 'imagenes_tecnocasa\\anuncio_1404\\18.jpeg', 'imagenes_tecnocasa\\anuncio_1404\\19.jpeg', 'imagenes_tecnocasa\\anuncio_1404\\20.jpeg', 'imagenes_tecnocasa\\anuncio_1404\\21.jpeg', 'imagenes_tecnocasa\\anuncio_1404\\22.jpeg', 'imagenes_tecnocasa\\anuncio_1404\\23.jpeg', 'imagenes_tecnocasa\\anuncio_1404\\24.jpeg', 'imagenes_tecnocasa\\anuncio_1404\\25.jpeg', 'imagenes_tecnocasa\\anuncio_1404\\26.jpeg', 'imagenes_tecnocasa\\anuncio_1404\\27.jpeg', 'imagenes_tecnocasa\\anuncio_1404\\28.jpeg', 'imagenes_tecnocasa\\anuncio_1404\\29.jpeg']",1,Señorial,2000,1,1,0,casa,2,Alcalá de Henares,"Ciudad 10, Alcalá De Henares",40.481954,-3.363981,1404,2495.0,280.0,192.0,0.041666666666666664,0.3,2.0,0.0,cerámica,pintura,corredera,estándar (2.4-2.8m),nada,4.0,5.2,convencional,"['#FFFFFF', '#F2F2F2', '#D2B48C']",buena,False,convencional,limitado,ninguno,ninguno,estándar,parcialmente equipada,ninguno,7.0,6.0,ninguna,5
https://www.tecnocasa.es/venta/piso/madrid/madrid/612796.html,130000.0,1,35.0,1,"Descubre este acogedor apartamento en el barrio de Numancia, ubicado en el distrito de Puente de Vallecas, Madrid. Con una superficie de 35 m², esta propiedad es ideal para quienes buscan un espacio funcional y bien distribuido. Construido en 1910, el apartamento combina el encanto de la arquitectura clásica con las comodidades modernas. El interior cuenta con un dormitorio luminoso y un baño completo, ofreciendo un ambiente cómodo y práctico. La cocina está integrada en el espacio principal, optimizando cada metro cuadrado para tu comodidad. La ubicación es excelente, con fácil acceso a transporte público, comercios y servicios, lo que facilita el día a día. Este apartamento es una oportunidad perfecta para quienes desean vivir en una zona con carácter y buena conexión con el resto de la ciudad. No pierdas la oportunidad de conocer este espacio que puede convertirse en tu nuevo hogar.",1,1,1,1,1,1,0,1,1,1,"['https://cdn-media.medialabtc.it/es/agencies/md000/estates/612796/images/8790019/gallery_media.jpeg', 'https://cdn-media.medialabtc.it/es/agencies/md000/estates/612796/images/8790020/gallery_media.jpeg', 'https://cdn-media.medialabtc.it/es/agencies/md000/estates/612796/images/8790018/gallery_media.jpeg', 'https://cdn-media.medialabtc.it/es/agencies/md000/estates/612796/images/8790017/gallery_media.jpeg', 'https://cdn-media.medialabtc.it/es/agencies/md000/estates/612796/images/8790022/gallery_media.jpeg', 'https://cdn-media.medialabtc.it/es/agencies/md000/estates/612796/images/8790021/gallery_media.jpeg']",0,Desconocido,0,0,0,0,0,Desconocida,0,0,"['imagenes_tecnocasa\\anuncio_1405\\0.jpeg', 'imagenes_tecnocasa\\anuncio_1405\\1.jpeg', 'imagenes_tecnocasa\\anuncio_1405\\2.jpeg', 'imagenes_tecnocasa\\anuncio_1405\\3.jpeg', 'imagenes_tecnocasa\\anuncio_1405\\4.jpeg', 'imagenes_tecnocasa\\anuncio_1405\\5.jpeg']",0,Media,1910,0,0,0,piso,1,Madrid,"Numancia, Madrid",40.4167047,-3.7035825,1405,3714.285714285714,144.0,97.0,0.9,1.0,1.0,1.0,otro,pintura,fija,estándar (2.4-2.8m),nada,3.0,4.0,convencional,"['#F5F5DC', '#28394A', '#FFFFFF']",regular,False,convencional,limitado,ninguno,ninguno,estándar,básica,ninguno,6.0,4.8,leve,5
https://www.tecnocasa.es/venta/piso/madrid/madrid/610338.html,159999.0,3,85.0,1,"TECNOCASA calle SESEÑA Agencia inmobiliaria de MADRID zona ALUCHE - ILLESCAS vende NUDA PROPIEDAD piso en calle ILLESCAS.

NUDA PROPIEDAD de esta vivienda con grandes posibilidades en una zona con gran rentabilidad. EL actual propietario de 61 años conservará el USUFRUCTO VITALICIO DE LA MISMA.

Piso en Aluche Calle ILLESCAS PRINCIPAL. Finca colindante al nuevo PASEO VERDE DEL SUROESTE, donde estarás rodeado de zonas verdes, parques infantiles y un carril bici que te conectara con la casa de Campo, ideal para familias y amantes de la naturaleza.

La vivienda cuenta con 3 dormitorios (dos de ellos dobles), un salón acogedor, una amplia terraza ideal para disfrutar del aire libre, cocina y un cuarto de baño completo. El piso es exterior y muy luminoso, lo que garantiza una atmósfera cálida y agradable.

Ubicado en una finca privada con portero físico y calefacción central, disfrutarás de una comunidad tranquila y con bajos costes. Además, la zona está perfectamente comunicada con varias líneas de autobuses, metro y las principales redes viales como la A5, M30 y M40.

A pocos pasos encontrarás el supermercado LIDL, centros de salud, colegios, centros comerciales y una amplia oferta de ocio y restauración. No pierdas la oportunidad de vivir en una zona con todos los servicios a tu alcance. ¡Ven a visitarlo y descubre tu nuevo hogar!

- LA PARTE USUFRUCTUARIA pagará los consumos de la vivienda, comunidad y seguro multirriesgo de la vivienda por el contenido
- LA PARTE NUDO PROPIETARIA pagará los gastos de IBI anual, derramas extraordinarias y seguro de la vivienda por el continente de la vivienda.",1,1,0,1,1,1,0,1,1,1,"['https://cdn-media.medialabtc.it/es/agencies/mdawc/estates/610338/images/8733541/gallery_media.jpeg', 'https://cdn-media.medialabtc.it/es/agencies/mdawc/estates/610338/images/8733522/gallery_media.jpeg', 'https://cdn-media.medialabtc.it/es/agencies/mdawc/estates/610338/images/8733542/gallery_media.jpeg', 'https://cdn-media.medialabtc.it/es/agencies/mdawc/estates/610338/images/8733535/gallery_media.jpeg', 'https://cdn-media.medialabtc.it/es/agencies/mdawc/estates/610338/images/8733530/gallery_media.jpeg', 'https://cdn-media.medialabtc.it/es/agencies/mdawc/estates/610338/images/8733531/gallery_media.jpeg', 'https://cdn-media.medialabtc.it/es/agencies/mdawc/estates/610338/images/8733525/gallery_media.jpeg', 'https://cdn-media.medialabtc.it/es/agencies/mdawc/estates/610338/images/8733532/gallery_media.jpeg', 'https://cdn-media.medialabtc.it/es/agencies/mdawc/estates/610338/images/8733537/gallery_media.jpeg', 'https://cdn-media.medialabtc.it/es/agencies/mdawc/estates/610338/images/8733534/gallery_media.jpeg', 'https://cdn-media.medialabtc.it/es/agencies/mdawc/estates/610338/images/8733540/gallery_media.jpeg', 'https://cdn-media.medialabtc.it/es/agencies/mdawc/estates/610338/images/8733543/gallery_media.jpeg', 'https://cdn-media.medialabtc.it/es/agencies/mdawc/estates/610338/images/8733526/gallery_media.jpeg', 'https://cdn-media.medialabtc.it/es/agencies/mdawc/estates/610338/images/8733523/gallery_media.jpeg', 'https://cdn-media.medialabtc.it/es/agencies/mdawc/estates/610338/images/8733527/gallery_media.jpeg', 'https://cdn-media.medialabtc.it/es/agencies/mdawc/estates/610338/images/8733533/gallery_media.jpeg', 'https://cdn-media.medialabtc.it/es/agencies/mdawc/estates/610338/images/8733524/gallery_media.jpeg', 'https://cdn-media.medialabtc.it/es/agencies/mdawc/estates/610338/images/8733539/gallery_media.jpeg', 'https://cdn-media.medialabtc.it/es/agencies/mdawc/estates/610338/images/8733536/gallery_media.jpeg', 'https://cdn-media.medialabtc.it/es/agencies/mdawc/estates/610338/images/8733544/gallery_media.jpeg', 'https://cdn-media.medialabtc.it/es/agencies/mdawc/estates/610338/images/8733528/gallery_media.jpeg']",0,Desconocido,0,0,0,1,1,C,0,0,"['imagenes_tecnocasa\\anuncio_1406\\0.jpeg', 'imagenes_tecnocasa\\anuncio_1406\\1.jpeg', 'imagenes_tecnocasa\\anuncio_1406\\2.jpeg', 'imagenes_tecnocasa\\anuncio_1406\\3.jpeg', 'imagenes_tecnocasa\\anuncio_1406\\4.jpeg', 'imagenes_tecnocasa\\anuncio_1406\\5.jpeg', 'imagenes_tecnocasa\\anuncio_1406\\6.jpeg', 'imagenes_tecnocasa\\anuncio_1406\\7.jpeg', 'imagenes_tecnocasa\\anuncio_1406\\8.jpeg', 'imagenes_tecnocasa\\anuncio_1406\\9.jpeg', 'imagenes_tecnocasa\\anuncio_1406\\10.jpeg', 'imagenes_tecnocasa\\anuncio_1406\\11.jpeg', 'imagenes_tecnocasa\\anuncio_1406\\12.jpeg', 'imagenes_tecnocasa\\anuncio_1406\\13.jpeg', 'imagenes_tecnocasa\\anuncio_1406\\14.jpeg', 'imagenes_tecnocasa\\anuncio_1406\\15.jpeg', 'imagenes_tecnocasa\\anuncio_1406\\16.jpeg', 'imagenes_tecnocasa\\anuncio_1406\\17.jpeg', 'imagenes_tecnocasa\\anuncio_1406\\18.jpeg', 'imagenes_tecnocasa\\anuncio_1406\\19.jpeg', 'imagenes_tecnocasa\\anuncio_1406\\20.jpeg']",1,Media,1975,1,0,1,piso,2,Aluche,"Aluche, Madrid",40.392356,-3.7571096,1406,1882.3411764705882,263.0,173.0,0.45,0.5875,1.0,1.0,otro,pintura,otro,estándar (2.4-2.8m),nada,3.6,4.4,moderno,"['#000000', '#000000', '#000000']",buena,False,convencional,otro,otro,ninguno,estándar,otro,ninguno,7.4,6.4,leve,5
https://www.tecnocasa.es/venta/piso/madrid/madrid/603086.html,354000.0,3,90.0,1,"Estudio Tecnocasa Canillas Oeste 2024 S. L.
VENDE EN EXCLUSIVA CASA YA DESCALIFICADA. Chalet adosado de 90 m², distribuido en dos plantas, ofrece un espacio acogedor y funcional para toda la familia. En la planta baja, disfruta de una cocina totalmente equipada, un salón-comedor amplio y luminoso con aire acondicionado, y un aseo. Además, cuenta con un gran patio exterior perfecto para disfrutar del aire libre, equipado con prácticos armarios de almacenaje.
Sube a la planta superior y encuentra tres dormitorios bien distribuidos. El dormitorio principal destaca por su armario empotrado y un elegante mueble aparador. El segundo dormitorio también cuenta con un armario empotrado y suelo de gres, mientras que la tercera habitación se ilumina gracias a un encantador tragaluz. La ubicación es inmejorable: cerca de supermercados, comercios, zonas verdes y parques infantiles, con la estación de metro Esperanza (L4) a un paso.
No dude en llamarnos para concertar su cita y visitar el inmueble, en la que además recibirá el asesoramiento gratuito de nuestro departamento financiero KÌRON. FINANCIACIÓN 100%.",1,1,1,1,1,1,1,1,0,1,"['https://cdn-media.medialabtc.it/es/agencies/md636/estates/603086/images/8575702/gallery_media.jpeg', 'https://cdn-media.medialabtc.it/es/agencies/md636/estates/603086/images/8575701/gallery_media.jpeg', 'https://cdn-media.medialabtc.it/es/agencies/md636/estates/603086/images/8575691/gallery_media.jpeg', 'https://cdn-media.medialabtc.it/es/agencies/md636/estates/603086/images/8575699/gallery_media.jpeg', 'https://cdn-media.medialabtc.it/es/agencies/md636/estates/603086/images/8575698/gallery_media.jpeg', 'https://cdn-media.medialabtc.it/es/agencies/md636/estates/603086/images/8575692/gallery_media.jpeg', 'https://cdn-media.medialabtc.it/es/agencies/md636/estates/603086/images/8575696/gallery_media.jpeg', 'https://cdn-media.medialabtc.it/es/agencies/md636/estates/603086/images/8575703/gallery_media.jpeg', 'https://cdn-media.medialabtc.it/es/agencies/md636/estates/603086/images/8575695/gallery_media.jpeg', 'https://cdn-media.medialabtc.it/es/agencies/md636/estates/603086/images/8573327/gallery_media.jpeg', 'https://cdn-media.medialabtc.it/es/agencies/md636/estates/603086/images/8575700/gallery_media.jpeg', 'https://cdn-media.medialabtc.it/es/agencies/md636/estates/603086/images/8575706/gallery_media.jpeg', 'https://cdn-media.medialabtc.it/es/agencies/md636/estates/603086/images/8575705/gallery_media.jpeg', 'https://cdn-media.medialabtc.it/es/agencies/md636/estates/603086/images/8611786/gallery_media.jpeg', 'https://cdn-media.medialabtc.it/es/agencies/md636/estates/603086/images/8575694/gallery_media.jpeg', 'https://cdn-media.medialabtc.it/es/agencies/md636/estates/603086/images/8575693/gallery_media.jpeg', 'https://cdn-media.medialabtc.it/es/agencies/md636/estates/603086/images/8575704/gallery_media.jpeg']",0,Desconocido,0,0,0,1,0,C,1,0,"['imagenes_tecnocasa\\anuncio_1407\\0.jpeg', 'imagenes_tecnocasa\\anuncio_1407\\1.jpeg', 'imagenes_tecnocasa\\anuncio_1407\\2.jpeg', 'imagenes_tecnocasa\\anuncio_1407\\3.jpeg', 'imagenes_tecnocasa\\anuncio_1407\\4.jpeg', 'imagenes_tecnocasa\\anuncio_1407\\5.jpeg', 'imagenes_tecnocasa\\anuncio_1407\\6.jpeg', 'imagenes_tecnocasa\\anuncio_1407\\7.jpeg', 'imagenes_tecnocasa\\anuncio_1407\\8.jpeg', 'imagenes_tecnocasa\\anuncio_1407\\9.jpeg', 'imagenes_tecnocasa\\anuncio_1407\\10.jpeg', 'imagenes_tecnocasa\\anuncio_1407\\11.jpeg', 'imagenes_tecnocasa\\anuncio_1407\\12.jpeg', 'imagenes_tecnocasa\\anuncio_1407\\13.jpeg', 'imagenes_tecnocasa\\anuncio_1407\\14.jpeg', 'imagenes_tecnocasa\\anuncio_1407\\15.jpeg', 'imagenes_tecnocasa\\anuncio_1407\\16.jpeg']",1,Señorial,2003,0,0,0,piso,3,Madrid,"Canillas, Madrid",40.4167047,-3.7035825,1407,3933.3333333333335,171.0,126.0,0.7,0.9,2.0,0.0,cerámica,pintura,corredera,estándar (2.4-2.8m),nada,4.0,4.4,convencional,"['#F5F5DC', '#FFF8DC', '#FAEBD7']",regular,False,convencional,limitado,ninguno,ninguno,estándar,parcialmente equipada,ninguno,6.4,6.6,ninguna,5
https://www.tecnocasa.es/venta/casa/madrid/torres-de-la-alameda/613708.html,419900.0,7,267.0,3,"¡OPORTUNIDAD para tener nuevo hogar en Torres de la Alameda CON NEGOCIO INCORPORADO!

Agencia inmobiliaria TECNOCASA Estudio Loeches-Torres de la Alameda VENDE ESPECTACULAR casa pareada, construida en 1973, que combina un diseño moderno con detalles acogedores que te harán sentir en casa desde el primer momento.

Con una superficie construida de 267 m², ofrece seis amplios dormitorios y tres baños bien distribuidos, ideales para familias que buscan espacio y comodidad. La orientación sur-este garantiza luminosidad durante todo el día, mientras que el patio y la terraza es perfecta para disfrutar de momentos al aire libre.

¿Qué la hace especial? Tener dos viviendas en una ofreciéndote versatilidad para tu estilo de vida ya que una vivienda en la parte de abajo cuenta con dos habitaciones, baño, cocina, salón y patio, mientras que en la segunda vivienda tendrás 4 habitaciones, un salón, una cocina, un baño, varios espacios con funcionalidad de trastero y una terraza cerrada.

¡OPORTUNIDAD DE NEGOCIO!

La planta de abajo da acceso a un local de 50 metros que actualmente está funcionado como panadería a pleno rendimiento con un espacio de tienda y de almacen.

La vivienda está en excelente estado, situada en el centro de Torres, el entorno es apacible y está bien comunicado, ofreciendo una excelente relación calidad-precio. No pierdas la oportunidad de vivir en un lugar donde el confort y la tranquilidad se unen a tan solo un paso de la ciudad.

No pierdas esta oportunidad y benefíciate del asesoramiento financiero gratuito KIRON y la financiación al 100%. ¡Ven a verlo y enamórate de tu futuro hogar!",0,0,1,1,1,1,0,1,1,1,"['https://cdn-media.medialabtc.it/es/agencies/md595/estates/613708/images/8813865/gallery_media.jpeg', 'https://cdn-media.medialabtc.it/es/agencies/md595/estates/613708/images/8813857/gallery_media.jpeg', 'https://cdn-media.medialabtc.it/es/agencies/md595/estates/613708/images/8813861/gallery_media.jpeg', 'https://cdn-media.medialabtc.it/es/agencies/md595/estates/613708/images/8813860/gallery_media.jpeg', 'https://cdn-media.medialabtc.it/es/agencies/md595/estates/613708/images/8813864/gallery_media.jpeg', 'https://cdn-media.medialabtc.it/es/agencies/md595/estates/613708/images/8813849/gallery_media.jpeg', 'https://cdn-media.medialabtc.it/es/agencies/md595/estates/613708/images/8813868/gallery_media.jpeg', 'https://cdn-media.medialabtc.it/es/agencies/md595/estates/613708/images/8813858/gallery_media.jpeg', 'https://cdn-media.medialabtc.it/es/agencies/md595/estates/613708/images/8813862/gallery_media.jpeg', 'https://cdn-media.medialabtc.it/es/agencies/md595/estates/613708/images/8813867/gallery_media.jpeg', 'https://cdn-media.medialabtc.it/es/agencies/md595/estates/613708/images/8813851/gallery_media.jpeg', 'https://cdn-media.medialabtc.it/es/agencies/md595/estates/613708/images/8813853/gallery_media.jpeg', 'https://cdn-media.medialabtc.it/es/agencies/md595/estates/613708/images/8813863/gallery_media.jpeg', 'https://cdn-media.medialabtc.it/es/agencies/md595/estates/613708/images/8813869/gallery_media.jpeg', 'https://cdn-media.medialabtc.it/es/agencies/md595/estates/613708/images/8813850/gallery_media.jpeg', 'https://cdn-media.medialabtc.it/es/agencies/md595/estates/613708/images/8813866/gallery_media.jpeg', 'https://cdn-media.medialabtc.it/es/agencies/md595/estates/613708/images/8813859/gallery_media.jpeg', 'https://cdn-media.medialabtc.it/es/agencies/md595/estates/613708/images/8813856/gallery_media.jpeg', 'https://cdn-media.medialabtc.it/es/agencies/md595/estates/613708/images/8813855/gallery_media.jpeg', 'https://cdn-media.medialabtc.it/es/agencies/md595/estates/613708/images/8813854/gallery_media.jpeg', 'https://cdn-media.medialabtc.it/es/agencies/md595/estates/613708/images/8813852/gallery_media.jpeg']",0,Desconocido,0,1,0,1,0,Desconocida,0,0,"['imagenes_tecnocasa\\anuncio_1408\\0.jpeg', 'imagenes_tecnocasa\\anuncio_1408\\1.jpeg', 'imagenes_tecnocasa\\anuncio_1408\\2.jpeg', 'imagenes_tecnocasa\\anuncio_1408\\3.jpeg', 'imagenes_tecnocasa\\anuncio_1408\\4.jpeg', 'imagenes_tecnocasa\\anuncio_1408\\5.jpeg', 'imagenes_tecnocasa\\anuncio_1408\\6.jpeg', 'imagenes_tecnocasa\\anuncio_1408\\7.jpeg', 'imagenes_tecnocasa\\anuncio_1408\\8.jpeg', 'imagenes_tecnocasa\\anuncio_1408\\9.jpeg', 'imagenes_tecnocasa\\anuncio_1408\\10.jpeg', 'imagenes_tecnocasa\\anuncio_1408\\11.jpeg', 'imagenes_tecnocasa\\anuncio_1408\\12.jpeg', 'imagenes_tecnocasa\\anuncio_1408\\13.jpeg', 'imagenes_tecnocasa\\anuncio_1408\\14.jpeg', 'imagenes_tecnocasa\\anuncio_1408\\15.jpeg', 'imagenes_tecnocasa\\anuncio_1408\\16.jpeg', 'imagenes_tecnocasa\\anuncio_1408\\17.jpeg', 'imagenes_tecnocasa\\anuncio_1408\\18.jpeg', 'imagenes_tecnocasa\\anuncio_1408\\19.jpeg', 'imagenes_tecnocasa\\anuncio_1408\\20.jpeg']",0,Media,1973,0,0,0,casa,1,Torres de la Alameda,Torres De La Alameda,40.4021516,-3.360625,1408,1572.6591760299625,261.0,163.0,0.0,0.0,2.0,0.0,cerámica,pintura,otro,estándar (2.4-2.8m),nada,3.0,3.4,convencional,"['#D2B48C', '#808080', '#A0522D']",regular,False,convencional,limitado,ninguno,ninguno,estándar,básica,ninguno,5.8,5.2,ninguna,5
https://www.tecnocasa.es/venta/piso/madrid/leganes/612249.html,142000.0,1,33.0,1,"Agencia inmobiliaria de LEGANÉS zona ZARZAQUEMADA - AVENIDA REY JUAN CARLOS I Oficina Tecnocasa
Comercializamos en exclusiva la venta de vivienda tipo estudio compuesta por ambiente para dormitorio y salon-cocina con cuarto de baño completo (142.000€)
El local ha sido adaptado para cumplir con todas las normas de habitabilidad como vivienda. Se esta realizando una adecuacion completa en todas las instalaciones: electricidad, fontaneria y climatizacion para garantizar el comfort y seguridad de los futuros propietarios.
Consulte con nosotros cualquier cuestión relativa a la memoria de calidades e instalaciones.
Barrio ideal para familias con todo tipo de servicios en la zona, comercios de barrio y colegios.

Servicios de transporte público: línea de metro Julián Besteiro y Casa del Reloj. Lineas de autobuses.

No dude en ponerse en contacto y visitar el inmueble sin compromiso, y si lo precisa, le ofrecemos asesoramiento financiero gratuito con unas inmejorables condiciones hipotecarias.

Si esta pensando en un cambio de vivienda también le ofrecemos el servicio de VALORACIÓN GRATUITO.",1,1,1,1,1,1,0,1,1,1,"['https://cdn-media.medialabtc.it/es/agencies/md561/estates/612249/images/8775483/gallery_media.jpeg', 'https://cdn-media.medialabtc.it/es/agencies/md561/estates/612249/images/8775491/gallery_media.jpeg', 'https://cdn-media.medialabtc.it/es/agencies/md561/estates/612249/images/8775809/gallery_media.jpeg', 'https://cdn-media.medialabtc.it/es/agencies/md561/estates/612249/images/8775485/gallery_media.jpeg', 'https://cdn-media.medialabtc.it/es/agencies/md561/estates/612249/images/8775486/gallery_media.jpeg', 'https://cdn-media.medialabtc.it/es/agencies/md561/estates/612249/images/8775484/gallery_media.jpeg', 'https://cdn-media.medialabtc.it/es/agencies/md561/estates/612249/images/8775487/gallery_media.jpeg', 'https://cdn-media.medialabtc.it/es/agencies/md561/estates/612249/images/8775490/gallery_media.jpeg', 'https://cdn-media.medialabtc.it/es/agencies/md561/estates/612249/images/8775488/gallery_media.jpeg']",0,Desconocido,0,0,0,0,1,Desconocida,0,0,"['imagenes_tecnocasa\\anuncio_1409\\0.jpeg', 'imagenes_tecnocasa\\anuncio_1409\\1.jpeg', 'imagenes_tecnocasa\\anuncio_1409\\2.jpeg', 'imagenes_tecnocasa\\anuncio_1409\\3.jpeg', 'imagenes_tecnocasa\\anuncio_1409\\4.jpeg', 'imagenes_tecnocasa\\anuncio_1409\\5.jpeg', 'imagenes_tecnocasa\\anuncio_1409\\6.jpeg', 'imagenes_tecnocasa\\anuncio_1409\\7.jpeg', 'imagenes_tecnocasa\\anuncio_1409\\8.jpeg']",0,Popular,1977,0,0,0,piso,1,Leganés,"Zarzaquemada, Leganés",40.3281942,-3.76527,1409,4303.030303030303,163.0,122.0,0.45,0.5,0.0,1.0,otro,otro,otro,estándar (2.4-2.8m),nada,5.0,6.4,moderno,"['#FFFFFF', '#000000', '#808080']",buena,True,eficiente,limitado,ninguno,ninguno,estándar,básica,ninguno,7.8,7.0,ninguna,5
https://www.tecnocasa.es/venta/piso/madrid/leganes/599097.html,220000.0,3,66.0,1,"Agencia inmobiliaria de MADRID - zona LEGANÉS - Oficina Tecnocasa VENDE.
1ª planta exterior en magnífica ubicación, cercana a 3 grandes avenidas de Leganés.
La vivienda se distribuye del siguiente modo: Amplio salón independiente con aire acondicionado y salida a una maravillosa terraza cerrada, 3 dormitorios muy luminosos y amplios, cocina totalmente amueblada y actualizada, cuarto de baño con ventana y calefacción independiente de gas en toda la vivienda.
Orientación SUR por lo que no le falta luz a ninguna de sus estancias, actualmente sin ascensor.
Le brindamos la opción de compra plaza de garaje en un parking cercano a la finca desde 5.000 €.
Muy bien comunicado, con rápido acceso por carretera, Cercanías línea C-5 (18 minutos a Atocha), Metro sur parada Casa del reloj a menos de 500m, Leganés central y Autobuses interurbanos directos a Aluche, Oporto entre otros. Cercano a la Universidad Carlos III y rodeado de Colegios, tanto de primaria como de secundaria. Zonas verdes. Cuenta con un Centro de Salud cercano.
No dude en ponerse en contacto con nuestros asesores para más información o para concertar una cita para ver la vivienda.
¡PREGUNTA POR LA FINANCIACIÓN CON KIRON!
NO SE REFLEJA DIRECCIÓN EXACTA DE LA VIVIENDA POR PRIVACIDAD, LA DIRECCIÓN REFLEJADA EN EL ANUNCIO ESTA A ESCASOS METROS DE ELLA PARA QUE PUEDAN TENER UN PUNTO DE REFERENCIA DE DONDE SE UBICA EXACTAMENTE.",1,1,1,1,1,1,1,1,1,1,"['https://cdn-media.medialabtc.it/es/agencies/md503/estates/599097/images/8510597/gallery_media.jpeg', 'https://cdn-media.medialabtc.it/es/agencies/md503/estates/599097/images/8511992/gallery_media.jpeg', 'https://cdn-media.medialabtc.it/es/agencies/md503/estates/599097/images/8510594/gallery_media.jpeg', 'https://cdn-media.medialabtc.it/es/agencies/md503/estates/599097/images/8510598/gallery_media.jpeg', 'https://cdn-media.medialabtc.it/es/agencies/md503/estates/599097/images/8510596/gallery_media.jpeg', 'https://cdn-media.medialabtc.it/es/agencies/md503/estates/599097/images/8510599/gallery_media.jpeg', 'https://cdn-media.medialabtc.it/es/agencies/md503/estates/599097/images/8510575/gallery_media.jpeg', 'https://cdn-media.medialabtc.it/es/agencies/md503/estates/599097/images/8510574/gallery_media.jpeg', 'https://cdn-media.medialabtc.it/es/agencies/md503/estates/599097/images/8510573/gallery_media.jpeg', 'https://cdn-media.medialabtc.it/es/agencies/md503/estates/599097/images/8512239/gallery_media.jpeg']",0,Desconocido,1,0,0,1,0,E,0,0,"['imagenes_tecnocasa\\anuncio_1411\\0.jpeg', 'imagenes_tecnocasa\\anuncio_1411\\1.jpeg', 'imagenes_tecnocasa\\anuncio_1411\\2.jpeg', 'imagenes_tecnocasa\\anuncio_1411\\3.jpeg', 'imagenes_tecnocasa\\anuncio_1411\\4.jpeg', 'imagenes_tecnocasa\\anuncio_1411\\5.jpeg', 'imagenes_tecnocasa\\anuncio_1411\\6.jpeg', 'imagenes_tecnocasa\\anuncio_1411\\7.jpeg', 'imagenes_tecnocasa\\anuncio_1411\\8.jpeg', 'imagenes_tecnocasa\\anuncio_1411\\9.jpeg']",0,Media,1968,0,0,1,piso,3,Leganés,"Batallas, Leganés",40.3281942,-3.76527,1411,3333.3333333333335,228.0,175.0,0.0,0.25,2.0,0.0,parquet,pintura,corredera,estándar (2.4-2.8m),nada,4.4,4.4,convencional,"['#F5F5DC', '#A0522D', '#FFFFFF']",regular,True,convencional,normal,ninguno,ninguno,estándar,básica,ninguno,6.4,6.8,ninguna,5
https://www.tecnocasa.es/venta/piso/madrid/madrid/607697.html,330000.0,3,100.0,2,"VIVIENDA PERTENECIENTE AL PLAN 18000, el precio es por el valor de vuelo. El suelo es propiedad del Ayuntamiento y su compra es opcional. Ubicada en CALLE FÉLIX RODRÍGUEZ DE LA FUENTE.
¡Oportunidad única en Moratalaz! Presentamos esta estupenda vivienda en venta, ideal para familias o como inversión.
Situada en la sexta planta de un edificio con ascensor, esta propiedad de 92 metros cuadrados destaca por su luminosidad y buen estado. Consta de tres dormitorios, dos baños completos, un amplio salón-comedor y una cocina perfectamente equipada. Además, incluye dos plazas de garaje y acceso a un jardín comunitario, todo lo necesario para disfrutar de una vida cómoda y tranquila. La vivienda, al igual que el edificio, dispone de acceso adaptado para personas con movilidad reducida.
La ubicación cuenta con fácil acceso a la M30, A3 y transporte público, lo que facilita la movilidad y conexión con el resto de la ciudad.
El barrio de Moratalaz es conocido por sus zonas verdes y servicios cercanos, ofreciendo un entorno agradable y familiar. La finca cuenta con calefacción individual y suelos de cerámicos, garantizando el máximo confort durante todo el año. La vivienda cuenta con ascensor en planta tanto al inmueble como al aparcamiento.
Construida en 1995, esta vivienda se encuentra en excelente estado de conservación y está lista para entrar a vivir.
Los armarios empotrados en los dormitorios proporcionan un espacio de almacenamiento adicional, mientras que la orientación asegura una excelente iluminación natural durante todo el día.
No pierdas la oportunidad de visitar esta propiedad y descubrir todas sus ventajas. Para más información o para concertar una visita, no dudes en contactarnos.
Estamos ubicados en Camino de los Vinateros 81 y somos especialistas en tramitación de herencias, cambio de vivienda y valoraciones gratuitas. ¡Te esperamos!",1,1,1,1,1,1,0,1,1,1,"['https://cdn-media.medialabtc.it/es/agencies/md046/estates/607697/images/8805664/gallery_media.jpeg', 'https://cdn-media.medialabtc.it/es/agencies/md046/estates/607697/images/8805671/gallery_media.jpeg', 'https://cdn-media.medialabtc.it/es/agencies/md046/estates/607697/images/8805679/gallery_media.jpeg', 'https://cdn-media.medialabtc.it/es/agencies/md046/estates/607697/images/8805665/gallery_media.jpeg', 'https://cdn-media.medialabtc.it/es/agencies/md046/estates/607697/images/8805456/gallery_media.jpeg', 'https://cdn-media.medialabtc.it/es/agencies/md046/estates/607697/images/8805657/gallery_media.jpeg', 'https://cdn-media.medialabtc.it/es/agencies/md046/estates/607697/images/8805666/gallery_media.jpeg', 'https://cdn-media.medialabtc.it/es/agencies/md046/estates/607697/images/8805663/gallery_media.jpeg', 'https://cdn-media.medialabtc.it/es/agencies/md046/estates/607697/images/8805683/gallery_media.jpeg', 'https://cdn-media.medialabtc.it/es/agencies/md046/estates/607697/images/8805682/gallery_media.jpeg', 'https://cdn-media.medialabtc.it/es/agencies/md046/estates/607697/images/8805656/gallery_media.jpeg', 'https://cdn-media.medialabtc.it/es/agencies/md046/estates/607697/images/8805676/gallery_media.jpeg', 'https://cdn-media.medialabtc.it/es/agencies/md046/estates/607697/images/8805660/gallery_media.jpeg', 'https://cdn-media.medialabtc.it/es/agencies/md046/estates/607697/images/8805686/gallery_media.jpeg', 'https://cdn-media.medialabtc.it/es/agencies/md046/estates/607697/images/8805662/gallery_media.jpeg', 'https://cdn-media.medialabtc.it/es/agencies/md046/estates/607697/images/8805681/gallery_media.jpeg', 'https://cdn-media.medialabtc.it/es/agencies/md046/estates/607697/images/8805670/gallery_media.jpeg', 'https://cdn-media.medialabtc.it/es/agencies/md046/estates/607697/images/8805678/gallery_media.jpeg', 'https://cdn-media.medialabtc.it/es/agencies/md046/estates/607697/images/8805655/gallery_media.jpeg', 'https://cdn-media.medialabtc.it/es/agencies/md046/estates/607697/images/8805669/gallery_media.jpeg', 'https://cdn-media.medialabtc.it/es/agencies/md046/estates/607697/images/8805688/gallery_media.jpeg', 'https://cdn-media.medialabtc.it/es/agencies/md046/estates/607697/images/8805661/gallery_media.jpeg', 'https://cdn-media.medialabtc.it/es/agencies/md046/estates/607697/images/8805684/gallery_media.jpeg', 'https://cdn-media.medialabtc.it/es/agencies/md046/estates/607697/images/8805687/gallery_media.jpeg', 'https://cdn-media.medialabtc.it/es/agencies/md046/estates/607697/images/8805675/gallery_media.jpeg', 'https://cdn-media.medialabtc.it/es/agencies/md046/estates/607697/images/8805680/gallery_media.jpeg', 'https://cdn-media.medialabtc.it/es/agencies/md046/estates/607697/images/8805667/gallery_media.jpeg', 'https://cdn-media.medialabtc.it/es/agencies/md046/estates/607697/images/8805673/gallery_media.jpeg', 'https://cdn-media.medialabtc.it/es/agencies/md046/estates/607697/images/8805685/gallery_media.jpeg', 'https://cdn-media.medialabtc.it/es/agencies/md046/estates/607697/images/8805658/gallery_media.jpeg']",0,Desconocido,1,0,0,0,0,E,0,0,"['imagenes_tecnocasa\\anuncio_1414\\0.jpeg', 'imagenes_tecnocasa\\anuncio_1414\\1.jpeg', 'imagenes_tecnocasa\\anuncio_1414\\2.jpeg', 'imagenes_tecnocasa\\anuncio_1414\\3.jpeg', 'imagenes_tecnocasa\\anuncio_1414\\4.jpeg', 'imagenes_tecnocasa\\anuncio_1414\\5.jpeg', 'imagenes_tecnocasa\\anuncio_1414\\6.jpeg', 'imagenes_tecnocasa\\anuncio_1414\\7.jpeg', 'imagenes_tecnocasa\\anuncio_1414\\8.jpeg', 'imagenes_tecnocasa\\anuncio_1414\\9.jpeg', 'imagenes_tecnocasa\\anuncio_1414\\10.jpeg', 'imagenes_tecnocasa\\anuncio_1414\\11.jpeg', 'imagenes_tecnocasa\\anuncio_1414\\12.jpeg', 'imagenes_tecnocasa\\anuncio_1414\\13.jpeg', 'imagenes_tecnocasa\\anuncio_1414\\14.jpeg', 'imagenes_tecnocasa\\anuncio_1414\\15.jpeg', 'imagenes_tecnocasa\\anuncio_1414\\16.jpeg', 'imagenes_tecnocasa\\anuncio_1414\\17.jpeg', 'imagenes_tecnocasa\\anuncio_1414\\18.jpeg', 'imagenes_tecnocasa\\anuncio_1414\\19.jpeg', 'imagenes_tecnocasa\\anuncio_1414\\20.jpeg', 'imagenes_tecnocasa\\anuncio_1414\\21.jpeg', 'imagenes_tecnocasa\\anuncio_1414\\22.jpeg', 'imagenes_tecnocasa\\anuncio_1414\\23.jpeg', 'imagenes_tecnocasa\\anuncio_1414\\24.jpeg', 'imagenes_tecnocasa\\anuncio_1414\\25.jpeg', 'imagenes_tecnocasa\\anuncio_1414\\26.jpeg', 'imagenes_tecnocasa\\anuncio_1414\\27.jpeg', 'imagenes_tecnocasa\\anuncio_1414\\28.jpeg', 'imagenes_tecnocasa\\anuncio_1414\\29.jpeg']",1,Media,1995,1,0,0,piso,6,Madrid,Madrid,40.4167047,-3.7035825,1414,3300.0,293.0,188.0,0.35,0.575,1.0,1.0,otro,pintura,otro,estándar (2.4-2.8m),nada,3.4,4.2,convencional,"['#A6C0D2', '#F2F2F2', '#C08A69']",buena,False,convencional,limitado,ninguno,ninguno,estándar,básica,ninguno,7.4,6.4,ninguna,5
https://www.tecnocasa.es/venta/piso/madrid/madrid/610686.html,269000.0,3,78.0,1,"agencia inmobiliaria de MADRID zona SAN BLAS - CANILLEJAS Oficina Tecnocasa:
EN VENTA: Estudio Inmobiliario Canillejas Norte S, L. presenta este estupendo piso. Ubicado en zona muy bien conectada con estaciones de buses y metros muy cercanos, cuenta con 82 m2 contruidos esta vivienda de tres dormitorios y un baño destaca por su excelente distribucion y luminosidad ademas cuenta con una excelente terraza que se convierte en el espacio ideal para disfrutar de momentos al aire libre en familia",1,0,1,1,1,1,0,1,1,1,"['https://cdn-media.medialabtc.it/es/agencies/md619/estates/610686/images/8753465/gallery_media.jpeg', 'https://cdn-media.medialabtc.it/es/agencies/md619/estates/610686/images/8813542/gallery_media.jpeg', 'https://cdn-media.medialabtc.it/es/agencies/md619/estates/610686/images/8753428/gallery_media.jpeg', 'https://cdn-media.medialabtc.it/es/agencies/md619/estates/610686/images/8753429/gallery_media.jpeg', 'https://cdn-media.medialabtc.it/es/agencies/md619/estates/610686/images/8813521/gallery_media.jpeg', 'https://cdn-media.medialabtc.it/es/agencies/md619/estates/610686/images/8753462/gallery_media.jpeg', 'https://cdn-media.medialabtc.it/es/agencies/md619/estates/610686/images/8753464/gallery_media.jpeg', 'https://cdn-media.medialabtc.it/es/agencies/md619/estates/610686/images/8753441/gallery_media.jpeg', 'https://cdn-media.medialabtc.it/es/agencies/md619/estates/610686/images/8753435/gallery_media.jpeg', 'https://cdn-media.medialabtc.it/es/agencies/md619/estates/610686/images/8753437/gallery_media.jpeg', 'https://cdn-media.medialabtc.it/es/agencies/md619/estates/610686/images/8753467/gallery_media.jpeg', 'https://cdn-media.medialabtc.it/es/agencies/md619/estates/610686/images/8753427/gallery_media.jpeg', 'https://cdn-media.medialabtc.it/es/agencies/md619/estates/610686/images/8753438/gallery_media.jpeg', 'https://cdn-media.medialabtc.it/es/agencies/md619/estates/610686/images/8753466/gallery_media.jpeg', 'https://cdn-media.medialabtc.it/es/agencies/md619/estates/610686/images/8753431/gallery_media.jpeg', 'https://cdn-media.medialabtc.it/es/agencies/md619/estates/610686/images/8753433/gallery_media.jpeg', 'https://cdn-media.medialabtc.it/es/agencies/md619/estates/610686/images/8753440/gallery_media.jpeg', 'https://cdn-media.medialabtc.it/es/agencies/md619/estates/610686/images/8753439/gallery_media.jpeg', 'https://cdn-media.medialabtc.it/es/agencies/md619/estates/610686/images/8813520/gallery_media.jpeg', 'https://cdn-media.medialabtc.it/es/agencies/md619/estates/610686/images/8753468/gallery_media.jpeg', 'https://cdn-media.medialabtc.it/es/agencies/md619/estates/610686/images/8753469/gallery_media.jpeg', 'https://cdn-media.medialabtc.it/es/agencies/md619/estates/610686/images/8753436/gallery_media.jpeg', 'https://cdn-media.medialabtc.it/es/agencies/md619/estates/610686/images/8753432/gallery_media.jpeg', 'https://cdn-media.medialabtc.it/es/agencies/md619/estates/610686/images/8753463/gallery_media.jpeg', 'https://cdn-media.medialabtc.it/es/agencies/md619/estates/610686/images/8813543/gallery_media.jpeg', 'https://cdn-media.medialabtc.it/es/agencies/md619/estates/610686/images/8753430/gallery_media.jpeg', 'https://cdn-media.medialabtc.it/es/agencies/md619/estates/610686/images/8753434/gallery_media.jpeg']",0,Desconocido,0,0,0,1,0,E,0,0,"['imagenes_tecnocasa\\anuncio_1416\\0.jpeg', 'imagenes_tecnocasa\\anuncio_1416\\1.jpeg', 'imagenes_tecnocasa\\anuncio_1416\\2.jpeg', 'imagenes_tecnocasa\\anuncio_1416\\3.jpeg', 'imagenes_tecnocasa\\anuncio_1416\\4.jpeg', 'imagenes_tecnocasa\\anuncio_1416\\5.jpeg', 'imagenes_tecnocasa\\anuncio_1416\\6.jpeg', 'imagenes_tecnocasa\\anuncio_1416\\7.jpeg', 'imagenes_tecnocasa\\anuncio_1416\\8.jpeg', 'imagenes_tecnocasa\\anuncio_1416\\9.jpeg', 'imagenes_tecnocasa\\anuncio_1416\\10.jpeg', 'imagenes_tecnocasa\\anuncio_1416\\11.jpeg', 'imagenes_tecnocasa\\anuncio_1416\\12.jpeg', 'imagenes_tecnocasa\\anuncio_1416\\13.jpeg', 'imagenes_tecnocasa\\anuncio_1416\\14.jpeg', 'imagenes_tecnocasa\\anuncio_1416\\15.jpeg', 'imagenes_tecnocasa\\anuncio_1416\\16.jpeg', 'imagenes_tecnocasa\\anuncio_1416\\17.jpeg', 'imagenes_tecnocasa\\anuncio_1416\\18.jpeg', 'imagenes_tecnocasa\\anuncio_1416\\19.jpeg', 'imagenes_tecnocasa\\anuncio_1416\\20.jpeg', 'imagenes_tecnocasa\\anuncio_1416\\21.jpeg', 'imagenes_tecnocasa\\anuncio_1416\\22.jpeg', 'imagenes_tecnocasa\\anuncio_1416\\23.jpeg', 'imagenes_tecnocasa\\anuncio_1416\\24.jpeg', 'imagenes_tecnocasa\\anuncio_1416\\25.jpeg', 'imagenes_tecnocasa\\anuncio_1416\\26.jpeg']",0,Media,1955,1,0,0,piso,1,Madrid,"San Blas, Canillejas, Madrid",40.4167047,-3.7035825,1416,3448.7179487179487,79.0,66.0,0.9,1.0,0.0,1.0,cerámica,pintura,corredera,estándar (2.4-2.8m),nada,3.2,3.4,convencional,"['#FFFFFF', '#000000', '#D3D3D3']",regular,False,convencional,limitado,ninguno,ninguno,estándar,parcialmente equipada,ninguno,5.2,6.2,ninguna,5
https://www.tecnocasa.es/venta/casa/madrid/torres-de-la-alameda/611492.html,249900.0,5,174.0,2,"¡OPORTUNIDAD para tener nuevo hogar en Torres de la Alameda!

Agencia inmobiliaria TECNOCASA Estudio Loeches-Torres de la Alameda VENDE ENCANTADORA casa de madera pareada, construida en 2012, que combina un diseño moderno con detalles acogedores que te harán sentir en casa desde el primer momento.

Con una superficie de 174 m², ofrece cinco amplios dormitorios y tres baños bien distribuidos, ideales para familias que buscan espacio y comodidad. La orientación sur-este garantiza luminosidad durante todo el día, mientras que la terraza es perfecta para disfrutar de momentos al aire libre.

¿Qué la hace especial? Tener dos viviendas en una ofreciéndote versatilidad para tu estilo de vida ya que una vivienda cuenta con una habitación, baño, cocina y salón, mientras que en la segunda vivienda tendrás 4 habitaciones y dos baños.

La vivienda está en excelente estado, con armarios empotrados y un trastero que proporcionan soluciones de almacenamiento prácticas. Además, cuenta con una plaza de garaje incluida, lo que añade un plus de comodidad. Situada en una de las mejores zonas de Torres, el entorno es apacible y está bien comunicado, ofreciendo una excelente relación calidad-precio. No pierdas la oportunidad de vivir en un lugar donde el confort y la tranquilidad se unen a tan solo un paso de la ciudad.

No pierdas esta oportunidad y benefíciate del asesoramiento financiero gratuito KIRON y la financiación al 100%. ¡Ven a verlo y enamórate de tu futuro hogar!",0,0,1,1,1,1,0,0,1,1,"['https://cdn-media.medialabtc.it/es/agencies/md595/estates/611492/images/8770155/gallery_media.jpeg', 'https://cdn-media.medialabtc.it/es/agencies/md595/estates/611492/images/8770211/gallery_media.jpeg', 'https://cdn-media.medialabtc.it/es/agencies/md595/estates/611492/images/8770599/gallery_media.jpeg', 'https://cdn-media.medialabtc.it/es/agencies/md595/estates/611492/images/8770151/gallery_media.jpeg', 'https://cdn-media.medialabtc.it/es/agencies/md595/estates/611492/images/8770214/gallery_media.jpeg', 'https://cdn-media.medialabtc.it/es/agencies/md595/estates/611492/images/8770206/gallery_media.jpeg', 'https://cdn-media.medialabtc.it/es/agencies/md595/estates/611492/images/8770154/gallery_media.jpeg', 'https://cdn-media.medialabtc.it/es/agencies/md595/estates/611492/images/8770153/gallery_media.jpeg', 'https://cdn-media.medialabtc.it/es/agencies/md595/estates/611492/images/8770150/gallery_media.jpeg', 'https://cdn-media.medialabtc.it/es/agencies/md595/estates/611492/images/8770207/gallery_media.jpeg', 'https://cdn-media.medialabtc.it/es/agencies/md595/estates/611492/images/8770156/gallery_media.jpeg', 'https://cdn-media.medialabtc.it/es/agencies/md595/estates/611492/images/8770209/gallery_media.jpeg', 'https://cdn-media.medialabtc.it/es/agencies/md595/estates/611492/images/8770157/gallery_media.jpeg', 'https://cdn-media.medialabtc.it/es/agencies/md595/estates/611492/images/8770215/gallery_media.jpeg', 'https://cdn-media.medialabtc.it/es/agencies/md595/estates/611492/images/8770152/gallery_media.jpeg', 'https://cdn-media.medialabtc.it/es/agencies/md595/estates/611492/images/8770600/gallery_media.jpeg', 'https://cdn-media.medialabtc.it/es/agencies/md595/estates/611492/images/8770212/gallery_media.jpeg', 'https://cdn-media.medialabtc.it/es/agencies/md595/estates/611492/images/8770205/gallery_media.jpeg', 'https://cdn-media.medialabtc.it/es/agencies/md595/estates/611492/images/8770217/gallery_media.jpeg', 'https://cdn-media.medialabtc.it/es/agencies/md595/estates/611492/images/8770210/gallery_media.jpeg', 'https://cdn-media.medialabtc.it/es/agencies/md595/estates/611492/images/8770216/gallery_media.jpeg']",0,Desconocido,1,1,0,1,0,Desconocida,0,0,"['imagenes_tecnocasa\\anuncio_1418\\0.jpeg', 'imagenes_tecnocasa\\anuncio_1418\\1.jpeg', 'imagenes_tecnocasa\\anuncio_1418\\2.jpeg', 'imagenes_tecnocasa\\anuncio_1418\\3.jpeg', 'imagenes_tecnocasa\\anuncio_1418\\4.jpeg', 'imagenes_tecnocasa\\anuncio_1418\\5.jpeg', 'imagenes_tecnocasa\\anuncio_1418\\6.jpeg', 'imagenes_tecnocasa\\anuncio_1418\\7.jpeg', 'imagenes_tecnocasa\\anuncio_1418\\8.jpeg', 'imagenes_tecnocasa\\anuncio_1418\\9.jpeg', 'imagenes_tecnocasa\\anuncio_1418\\10.jpeg', 'imagenes_tecnocasa\\anuncio_1418\\11.jpeg', 'imagenes_tecnocasa\\anuncio_1418\\12.jpeg', 'imagenes_tecnocasa\\anuncio_1418\\13.jpeg', 'imagenes_tecnocasa\\anuncio_1418\\14.jpeg', 'imagenes_tecnocasa\\anuncio_1418\\15.jpeg', 'imagenes_tecnocasa\\anuncio_1418\\16.jpeg', 'imagenes_tecnocasa\\anuncio_1418\\17.jpeg', 'imagenes_tecnocasa\\anuncio_1418\\18.jpeg', 'imagenes_tecnocasa\\anuncio_1418\\19.jpeg', 'imagenes_tecnocasa\\anuncio_1418\\20.jpeg']",0,Media,2012,1,0,0,casa,1,Torres de la Alameda,Torres De La Alameda,40.4021516,-3.360625,1418,1436.2068965517242,235.0,154.0,0.0,0.0,2.0,0.0,otro,madera,corredera,estándar (2.4-2.8m),vigas,4.2,3.0,rústico,"['#A0522D', '#DEB887', '#F5F5DC']",regular,False,convencional,limitado,ninguno,ninguno,estándar,básica,ninguno,6.6,6.4,leve,5
https://www.tecnocasa.es/venta/piso/madrid/leganes/580387.html,157000.0,1,43.0,1,"Agencia inmobiliaria de LEGANÉS zona ZARZAQUEMADA - AVENIDA REY JUAN CARLOS I Oficina Tecnocasa
Comercializamos en exclusiva la venta de vivienda compuesta por salon-cocina, cuarto de baño completo y 1 dormitorio (157.000€)
El local ha sido adaptado para cumplir con todas las normas de habitabilidad como vivienda. Se esta realizando una adecuacion completa en instalaciones electricas, fontaneria y climatizacion para garantizar el comfort y seguridad de los futuros propietarios.
Consulte con nosotros cualquier cuestión relativa a la memoria de calidades e instalaciones.
Barrio ideal para familias con todo tipo de servicios en la zona, comercios de barrio y colegios.

Servicios de transporte público: línea de metro Julián Besteiro y Casa del Reloj. Lineas de autobuses.

No dude en ponerse en contacto y visitar el inmueble sin compromiso, y si lo precisa, le ofrecemos asesoramiento financiero gratuito con unas inmejorables condiciones hipotecarias.

Si esta pensando en un cambio de vivienda también le ofrecemos el servicio de VALORACIÓN GRATUITO.",1,1,1,1,1,1,0,1,1,1,"['https://cdn-media.medialabtc.it/es/agencies/md561/estates/580387/images/8764542/gallery_media.jpeg', 'https://cdn-media.medialabtc.it/es/agencies/md561/estates/580387/images/8764540/gallery_media.jpeg', 'https://cdn-media.medialabtc.it/es/agencies/md561/estates/580387/images/8764536/gallery_media.jpeg', 'https://cdn-media.medialabtc.it/es/agencies/md561/estates/580387/images/8764537/gallery_media.jpeg', 'https://cdn-media.medialabtc.it/es/agencies/md561/estates/580387/images/8764541/gallery_media.jpeg', 'https://cdn-media.medialabtc.it/es/agencies/md561/estates/580387/images/8764538/gallery_media.jpeg', 'https://cdn-media.medialabtc.it/es/agencies/md561/estates/580387/images/8764535/gallery_media.jpeg', 'https://cdn-media.medialabtc.it/es/agencies/md561/estates/580387/images/8764543/gallery_media.jpeg', 'https://cdn-media.medialabtc.it/es/agencies/md561/estates/580387/images/8764539/gallery_media.jpeg', 'https://cdn-media.medialabtc.it/es/agencies/md561/estates/580387/images/8764544/gallery_media.jpeg']",0,Desconocido,0,0,0,0,1,E,0,0,"['imagenes_tecnocasa\\anuncio_1419\\0.jpeg', 'imagenes_tecnocasa\\anuncio_1419\\1.jpeg', 'imagenes_tecnocasa\\anuncio_1419\\2.jpeg', 'imagenes_tecnocasa\\anuncio_1419\\3.jpeg', 'imagenes_tecnocasa\\anuncio_1419\\4.jpeg', 'imagenes_tecnocasa\\anuncio_1419\\5.jpeg', 'imagenes_tecnocasa\\anuncio_1419\\6.jpeg', 'imagenes_tecnocasa\\anuncio_1419\\7.jpeg', 'imagenes_tecnocasa\\anuncio_1419\\8.jpeg', 'imagenes_tecnocasa\\anuncio_1419\\9.jpeg']",0,Popular,1977,0,0,0,piso,1,Leganés,"Zarzaquemada, Leganés",40.3281942,-3.76527,1419,3651.1627906976746,157.0,121.0,0.45,0.5,0.0,1.0,otro,otro,grandes ventanales,estándar (2.4-2.8m),nada,4.8,6.0,moderno,"['#808080', '#A0A0A0', '#D3D3D3']",buena,True,eficiente,limitado,ninguno,ninguno,estándar,básica,ninguno,5.8,7.0,ninguna,5
https://www.tecnocasa.es/venta/piso/madrid/madrid/612592.html,499000.0,4,108.0,2,"AGENCIA INMOBILIARIA de MADRID, Zona Principe Pio. VENDE:

Piso de 4 dormitorios y 2 baños completos, con doble orientación norte-sur. Vivienda con 108m2 construidos. Con terraza en el salón y cocina con balcón con cerramiento hecho.
Ascensor de reciente instalación, Sate.

A escasos metros del Río Manzanares y a menos de 5 minutos de los accesos a la Casa de Campo. Se encuentra a 10 minutos del intercambiador, estación de metro, tren y cercanías de Príncipe Pío, a 2 min estación autobus linea 41 y 75.

El piso se distribuye en:

- Salón independiente con terraza.
- Cocina con Balcón.
- 2 Baños con ventana.
- Dormitorio doble principal.
- 3 Dormitorios individuales.
- Zonas ajardinadas.",1,1,1,1,1,1,0,1,1,1,"['https://cdn-media.medialabtc.it/es/agencies/mdaaa/estates/612592/images/8783836/gallery_media.jpeg', 'https://cdn-media.medialabtc.it/es/agencies/mdaaa/estates/612592/images/8783842/gallery_media.jpeg', 'https://cdn-media.medialabtc.it/es/agencies/mdaaa/estates/612592/images/8783837/gallery_media.jpeg', 'https://cdn-media.medialabtc.it/es/agencies/mdaaa/estates/612592/images/8783834/gallery_media.jpeg', 'https://cdn-media.medialabtc.it/es/agencies/mdaaa/estates/612592/images/8783839/gallery_media.jpeg', 'https://cdn-media.medialabtc.it/es/agencies/mdaaa/estates/612592/images/8783832/gallery_media.jpeg', 'https://cdn-media.medialabtc.it/es/agencies/mdaaa/estates/612592/images/8783841/gallery_media.jpeg', 'https://cdn-media.medialabtc.it/es/agencies/mdaaa/estates/612592/images/8783838/gallery_media.jpeg', 'https://cdn-media.medialabtc.it/es/agencies/mdaaa/estates/612592/images/8783833/gallery_media.jpeg', 'https://cdn-media.medialabtc.it/es/agencies/mdaaa/estates/612592/images/8783840/gallery_media.jpeg', 'https://cdn-media.medialabtc.it/es/agencies/mdaaa/estates/612592/images/8783835/gallery_media.jpeg']",0,Desconocido,0,0,0,1,0,Desconocida,0,0,"['imagenes_tecnocasa\\anuncio_1422\\0.jpeg', 'imagenes_tecnocasa\\anuncio_1422\\1.jpeg', 'imagenes_tecnocasa\\anuncio_1422\\2.jpeg', 'imagenes_tecnocasa\\anuncio_1422\\3.jpeg', 'imagenes_tecnocasa\\anuncio_1422\\4.jpeg', 'imagenes_tecnocasa\\anuncio_1422\\5.jpeg', 'imagenes_tecnocasa\\anuncio_1422\\6.jpeg', 'imagenes_tecnocasa\\anuncio_1422\\7.jpeg', 'imagenes_tecnocasa\\anuncio_1422\\8.jpeg', 'imagenes_tecnocasa\\anuncio_1422\\9.jpeg', 'imagenes_tecnocasa\\anuncio_1422\\10.jpeg']",0,Popular,1962,0,0,0,piso,2,Argüelles,"Argüelles - Casa De Campo, Madrid",40.4307266,-3.7161715,1422,4620.37037037037,116.0,85.0,0.0,0.0,0.0,0.0,cerámica,pintura,corredera,estándar (2.4-2.8m),nada,3.8,3.6,convencional,"['#D2B48C', '#A0522D', '#F5F5DC']",buena,False,convencional,limitado,balcón,ninguno,estándar,básica,ninguno,5.8,6.8,ninguna,5
https://www.tecnocasa.es/venta/piso/madrid/madrid/607442.html,205000.0,2,63.0,1,"Calle San Secundino; 61m2 distribuido en dos dormitorios, salón, cocina y baño.
Situado en entorno tranquilo y ajardinado, cercano a supermercados, colegios, parques, transporte público y circunvalación M-30",1,0,1,1,1,1,0,1,1,1,"['https://cdn-media.medialabtc.it/es/agencies/mdaq4/estates/607442/images/8685463/gallery_media.jpeg', 'https://cdn-media.medialabtc.it/es/agencies/mdaq4/estates/607442/images/8685456/gallery_media.jpeg', 'https://cdn-media.medialabtc.it/es/agencies/mdaq4/estates/607442/images/8685460/gallery_media.jpeg', 'https://cdn-media.medialabtc.it/es/agencies/mdaq4/estates/607442/images/8685464/gallery_media.jpeg', 'https://cdn-media.medialabtc.it/es/agencies/mdaq4/estates/607442/images/8685455/gallery_media.jpeg', 'https://cdn-media.medialabtc.it/es/agencies/mdaq4/estates/607442/images/8685462/gallery_media.jpeg', 'https://cdn-media.medialabtc.it/es/agencies/mdaq4/estates/607442/images/8685466/gallery_media.jpeg', 'https://cdn-media.medialabtc.it/es/agencies/mdaq4/estates/607442/images/8685458/gallery_media.jpeg', 'https://cdn-media.medialabtc.it/es/agencies/mdaq4/estates/607442/images/8685457/gallery_media.jpeg', 'https://cdn-media.medialabtc.it/es/agencies/mdaq4/estates/607442/images/8685461/gallery_media.jpeg', 'https://cdn-media.medialabtc.it/es/agencies/mdaq4/estates/607442/images/8685465/gallery_media.jpeg', 'https://cdn-media.medialabtc.it/es/agencies/mdaq4/estates/607442/images/8685454/gallery_media.jpeg', 'https://cdn-media.medialabtc.it/es/agencies/mdaq4/estates/607442/images/8685459/gallery_media.jpeg']",0,Desconocido,0,0,0,0,0,Desconocida,0,0,"['imagenes_tecnocasa\\anuncio_1424\\0.jpeg', 'imagenes_tecnocasa\\anuncio_1424\\1.jpeg', 'imagenes_tecnocasa\\anuncio_1424\\2.jpeg', 'imagenes_tecnocasa\\anuncio_1424\\3.jpeg', 'imagenes_tecnocasa\\anuncio_1424\\4.jpeg', 'imagenes_tecnocasa\\anuncio_1424\\5.jpeg', 'imagenes_tecnocasa\\anuncio_1424\\6.jpeg', 'imagenes_tecnocasa\\anuncio_1424\\7.jpeg', 'imagenes_tecnocasa\\anuncio_1424\\8.jpeg', 'imagenes_tecnocasa\\anuncio_1424\\9.jpeg', 'imagenes_tecnocasa\\anuncio_1424\\10.jpeg', 'imagenes_tecnocasa\\anuncio_1424\\11.jpeg', 'imagenes_tecnocasa\\anuncio_1424\\12.jpeg']",0,Popular,1965,1,0,1,piso,2,Madrid,"Ventas, Madrid",40.4167047,-3.7035825,1424,3253.968253968254,28.0,25.0,0.0,0.0,1.0,0.0,cerámica,pintura,corredera,estándar (2.4-2.8m),nada,3.4,4.0,convencional,"['#FFFFFF', '#D3D3D3', '#000000']",regular,False,convencional,limitado,ninguno,ninguno,estándar,básica,ninguno,5.8,6.4,ninguna,5
https://www.tecnocasa.es/venta/piso/madrid/alcala-de-henares/610722.html,219900.0,3,94.0,2,"Agencia Inmobiliaria de Alcalá de Henares, TECNOCASA zona REYES CATÓLICOS VENDE PISO EN CALLE NTRA SRA DEL PILAR, ZONA GORRIONES.

la vivienda cuenta con 3 dormitorios, amplio salon con la terraza integrada desde donde podemos apreciar unas bonitas vistas de la ciudad, cocina totalmente reformada con muebles altos y bajos y zona de office, cuarto de baño con plato de ducha y ventana exterior, además dispone de un segundo cuarto de baño en uno de los dormitorios.

puertas de madera en blanco, en algunas estancias las encontramos con el sistema de puerta corredera para poder aprovechar mejor el espacio, puerta de acceso blindada, suelos de Gress en cocina y baños, tarima flotante en toda la vivienda, ventanas de pvc oscilobatientes, aire acondicionado en dormitorio principal, calefacción y agua caliente centralizada. la vivienda cuenta con numerosas mejoras como interruptores táctiles, tomas de antena en todas las estancias, etc.

También disponemos de plazas de garaje a la venta en la zona.

la vivienda cuenta con todo tipo de servicios e instalaciones a su alrededor, colegios, parques, supermercados, farmacias, paradas de autobús urbano e interurbano, taxis, bancos, bares, restaurantes, galerías de alimentación con comercios al por menor etc.

No dudes en venir a verla porque puede ser lo que estás buscando.

Además te recordamos que te ayudamos con la financiación de la vivienda gracias a nuestro departamento financiero KIRON, llegando a conseguir hasta un 100% de hipoteca sobre el precio de compraventa.

Infórmese en nuestra oficina. MEJOR VERLO.",0,1,1,1,1,1,1,1,1,1,"['https://cdn-media.medialabtc.it/es/agencies/md532/estates/610722/images/8807097/gallery_media.jpeg', 'https://cdn-media.medialabtc.it/es/agencies/md532/estates/610722/images/8807093/gallery_media.jpeg', 'https://cdn-media.medialabtc.it/es/agencies/md532/estates/610722/images/8807163/gallery_media.jpeg', 'https://cdn-media.medialabtc.it/es/agencies/md532/estates/610722/images/8807101/gallery_media.jpeg', 'https://cdn-media.medialabtc.it/es/agencies/md532/estates/610722/images/8807095/gallery_media.jpeg', 'https://cdn-media.medialabtc.it/es/agencies/md532/estates/610722/images/8807170/gallery_media.jpeg', 'https://cdn-media.medialabtc.it/es/agencies/md532/estates/610722/images/8807167/gallery_media.jpeg', 'https://cdn-media.medialabtc.it/es/agencies/md532/estates/610722/images/8807165/gallery_media.jpeg', 'https://cdn-media.medialabtc.it/es/agencies/md532/estates/610722/images/8807168/gallery_media.jpeg', 'https://cdn-media.medialabtc.it/es/agencies/md532/estates/610722/images/8807169/gallery_media.jpeg', 'https://cdn-media.medialabtc.it/es/agencies/md532/estates/610722/images/8807098/gallery_media.jpeg', 'https://cdn-media.medialabtc.it/es/agencies/md532/estates/610722/images/8807092/gallery_media.jpeg', 'https://cdn-media.medialabtc.it/es/agencies/md532/estates/610722/images/8807087/gallery_media.jpeg', 'https://cdn-media.medialabtc.it/es/agencies/md532/estates/610722/images/8807099/gallery_media.jpeg', 'https://cdn-media.medialabtc.it/es/agencies/md532/estates/610722/images/8807088/gallery_media.jpeg', 'https://cdn-media.medialabtc.it/es/agencies/md532/estates/610722/images/8807089/gallery_media.jpeg', 'https://cdn-media.medialabtc.it/es/agencies/md532/estates/610722/images/8807090/gallery_media.jpeg', 'https://cdn-media.medialabtc.it/es/agencies/md532/estates/610722/images/8807094/gallery_media.jpeg', 'https://cdn-media.medialabtc.it/es/agencies/md532/estates/610722/images/8807096/gallery_media.jpeg', 'https://cdn-media.medialabtc.it/es/agencies/md532/estates/610722/images/8807091/gallery_media.jpeg', 'https://cdn-media.medialabtc.it/es/agencies/md532/estates/610722/images/8807164/gallery_media.jpeg', 'https://cdn-media.medialabtc.it/es/agencies/md532/estates/610722/images/8807166/gallery_media.jpeg', 'https://cdn-media.medialabtc.it/es/agencies/md532/estates/610722/images/8807100/gallery_media.jpeg', 'https://cdn-media.medialabtc.it/es/agencies/md532/estates/610722/images/8807162/gallery_media.jpeg', 'https://cdn-media.medialabtc.it/es/agencies/md532/estates/610722/images/8807171/gallery_media.jpeg']",1,Desconocido,1,0,0,1,0,Desconocida,1,0,"['imagenes_tecnocasa\\anuncio_1427\\0.jpeg', 'imagenes_tecnocasa\\anuncio_1427\\1.jpeg', 'imagenes_tecnocasa\\anuncio_1427\\2.jpeg', 'imagenes_tecnocasa\\anuncio_1427\\3.jpeg', 'imagenes_tecnocasa\\anuncio_1427\\4.jpeg', 'imagenes_tecnocasa\\anuncio_1427\\5.jpeg', 'imagenes_tecnocasa\\anuncio_1427\\6.jpeg', 'imagenes_tecnocasa\\anuncio_1427\\7.jpeg', 'imagenes_tecnocasa\\anuncio_1427\\8.jpeg', 'imagenes_tecnocasa\\anuncio_1427\\9.jpeg', 'imagenes_tecnocasa\\anuncio_1427\\10.jpeg', 'imagenes_tecnocasa\\anuncio_1427\\11.jpeg', 'imagenes_tecnocasa\\anuncio_1427\\12.jpeg', 'imagenes_tecnocasa\\anuncio_1427\\13.jpeg', 'imagenes_tecnocasa\\anuncio_1427\\14.jpeg', 'imagenes_tecnocasa\\anuncio_1427\\15.jpeg', 'imagenes_tecnocasa\\anuncio_1427\\16.jpeg', 'imagenes_tecnocasa\\anuncio_1427\\17.jpeg', 'imagenes_tecnocasa\\anuncio_1427\\18.jpeg', 'imagenes_tecnocasa\\anuncio_1427\\19.jpeg', 'imagenes_tecnocasa\\anuncio_1427\\20.jpeg', 'imagenes_tecnocasa\\anuncio_1427\\21.jpeg', 'imagenes_tecnocasa\\anuncio_1427\\22.jpeg', 'imagenes_tecnocasa\\anuncio_1427\\23.jpeg', 'imagenes_tecnocasa\\anuncio_1427\\24.jpeg']",0,Popular,1979,1,0,0,piso,9,Alcalá de Henares,"Reyes Catolicos, Alcalá De Henares",40.481954,-3.363981,1427,2339.3617021276596,245.0,171.0,0.0,0.0,1.0,0.0,otro,pintura,otro,estándar (2.4-2.8m),nada,3.8,5.6,moderno,"['#F2F2F2', '#A0522D', '#FFFFFF']",regular,False,convencional,normal,ninguno,ninguno,estándar,básica,ninguno,6.4,6.6,ninguna,5
https://www.tecnocasa.es/venta/piso/madrid/madrid/609605.html,237000.0,2,57.0,1,"Descubre esta acogedora vivienda en el barrio de Ventas, dentro del distrito de Ciudad Lineal, Madrid. Con una superficie de 57 m², este piso ofrece un espacio funcional y bien distribuido, ideal para quienes buscan comodidad y practicidad. La propiedad cuenta con dos dormitorios, perfectos para una pareja o una pequeña familia. El aire acondicionado asegura un ambiente agradable durante todo el año, brindando confort en cada estación. Construido en 1963, este hogar mantiene un encanto clásico mientras se adapta a las necesidades modernas. Su ubicación en un barrio popular te permitirá disfrutar de una vida urbana con acceso a servicios, comercios y transporte público, facilitando tus desplazamientos por la ciudad. Esta es una oportunidad para adquirir una vivienda en una zona con historia y tradición, donde podrás crear tu propio espacio personal. No dejes pasar la oportunidad de conocer este piso en Ventas.",1,0,1,1,1,1,0,1,1,1,"['https://cdn-media.medialabtc.it/es/agencies/mdaq4/estates/609605/images/8778387/gallery_media.jpeg', 'https://cdn-media.medialabtc.it/es/agencies/mdaq4/estates/609605/images/8778256/gallery_media.jpeg', 'https://cdn-media.medialabtc.it/es/agencies/mdaq4/estates/609605/images/8778255/gallery_media.jpeg', 'https://cdn-media.medialabtc.it/es/agencies/mdaq4/estates/609605/images/8778254/gallery_media.jpeg', 'https://cdn-media.medialabtc.it/es/agencies/mdaq4/estates/609605/images/8778259/gallery_media.jpeg', 'https://cdn-media.medialabtc.it/es/agencies/mdaq4/estates/609605/images/8778260/gallery_media.jpeg', 'https://cdn-media.medialabtc.it/es/agencies/mdaq4/estates/609605/images/8778258/gallery_media.jpeg', 'https://cdn-media.medialabtc.it/es/agencies/mdaq4/estates/609605/images/8778386/gallery_media.jpeg', 'https://cdn-media.medialabtc.it/es/agencies/mdaq4/estates/609605/images/8778385/gallery_media.jpeg', 'https://cdn-media.medialabtc.it/es/agencies/mdaq4/estates/609605/images/8778257/gallery_media.jpeg', 'https://cdn-media.medialabtc.it/es/agencies/mdaq4/estates/609605/images/8778253/gallery_media.jpeg']",0,Desconocido,0,0,0,0,0,Desconocida,0,0,"['imagenes_tecnocasa\\anuncio_1428\\0.jpeg', 'imagenes_tecnocasa\\anuncio_1428\\1.jpeg', 'imagenes_tecnocasa\\anuncio_1428\\2.jpeg', 'imagenes_tecnocasa\\anuncio_1428\\3.jpeg', 'imagenes_tecnocasa\\anuncio_1428\\4.jpeg', 'imagenes_tecnocasa\\anuncio_1428\\5.jpeg', 'imagenes_tecnocasa\\anuncio_1428\\6.jpeg', 'imagenes_tecnocasa\\anuncio_1428\\7.jpeg', 'imagenes_tecnocasa\\anuncio_1428\\8.jpeg', 'imagenes_tecnocasa\\anuncio_1428\\9.jpeg', 'imagenes_tecnocasa\\anuncio_1428\\10.jpeg']",1,Popular,1963,1,0,0,piso,2,Madrid,"Ventas, Madrid",40.4167047,-3.7035825,1428,4157.894736842105,144.0,109.0,0.5,0.7333333333333333,0.0,1.0,otro,pintura,corredera,estándar (2.4-2.8m),nada,3.4,4.4,convencional,"['#A0522D', '#8B4513', '#D2691E']",regular,False,convencional,normal,ninguno,ninguno,estándar,básica,ninguno,6.2,6.4,ninguna,5
https://www.tecnocasa.es/venta/piso/madrid/madrid/613482.html,319999.0,3,90.0,1,"Agencia inmobiliaria de MADRID - ZONA ALUCHE - CAMARENA - SAN BRUNO

Vende EXCLUSIVO PISO en la CALLE CAMARENA;

9ª PLANTA CON ASCENSOR ¡URB. SAN BRUNO!
90 m2

Vivienda de 3 dormitorios (ACTUALMENTE 2) con armarios empotrados, amplio salón independiente, cocina, baño, terraza abierta y trastero.

La situación es inmejorable, la mejor ubicación de la Urbanización San Bruno, ya que se encuentra a pocos metros de varios Supermercados y muy próximo al Parque de Aluche, jardines y parque infantil privado de lo Urbanización, así como del Metro y Renfe de Aluche, Paradas de Autobus en la Puerta.

Es una zona residencial muy tranquila y podrá encontrar comercios, supermercados, colegios, centros de salud, biblioteca municipal, etc.

Visítelo sin ningún compromiso
HIPOTECA HASTA 100%.",0,1,0,1,1,1,1,1,1,1,"['https://cdn-media.medialabtc.it/es/agencies/mdaw3/estates/613482/images/8806446/gallery_media.jpeg', 'https://cdn-media.medialabtc.it/es/agencies/mdaw3/estates/613482/images/8806453/gallery_media.jpeg', 'https://cdn-media.medialabtc.it/es/agencies/mdaw3/estates/613482/images/8806457/gallery_media.jpeg', 'https://cdn-media.medialabtc.it/es/agencies/mdaw3/estates/613482/images/8806452/gallery_media.jpeg', 'https://cdn-media.medialabtc.it/es/agencies/mdaw3/estates/613482/images/8806456/gallery_media.jpeg', 'https://cdn-media.medialabtc.it/es/agencies/mdaw3/estates/613482/images/8806460/gallery_media.jpeg', 'https://cdn-media.medialabtc.it/es/agencies/mdaw3/estates/613482/images/8806443/gallery_media.jpeg', 'https://cdn-media.medialabtc.it/es/agencies/mdaw3/estates/613482/images/8806444/gallery_media.jpeg', 'https://cdn-media.medialabtc.it/es/agencies/mdaw3/estates/613482/images/8806451/gallery_media.jpeg', 'https://cdn-media.medialabtc.it/es/agencies/mdaw3/estates/613482/images/8806442/gallery_media.jpeg', 'https://cdn-media.medialabtc.it/es/agencies/mdaw3/estates/613482/images/8806447/gallery_media.jpeg', 'https://cdn-media.medialabtc.it/es/agencies/mdaw3/estates/613482/images/8806450/gallery_media.jpeg', 'https://cdn-media.medialabtc.it/es/agencies/mdaw3/estates/613482/images/8806449/gallery_media.jpeg', 'https://cdn-media.medialabtc.it/es/agencies/mdaw3/estates/613482/images/8806455/gallery_media.jpeg', 'https://cdn-media.medialabtc.it/es/agencies/mdaw3/estates/613482/images/8806445/gallery_media.jpeg', 'https://cdn-media.medialabtc.it/es/agencies/mdaw3/estates/613482/images/8806458/gallery_media.jpeg', 'https://cdn-media.medialabtc.it/es/agencies/mdaw3/estates/613482/images/8806459/gallery_media.jpeg', 'https://cdn-media.medialabtc.it/es/agencies/mdaw3/estates/613482/images/8806448/gallery_media.jpeg', 'https://cdn-media.medialabtc.it/es/agencies/mdaw3/estates/613482/images/8806461/gallery_media.jpeg', 'https://cdn-media.medialabtc.it/es/agencies/mdaw3/estates/613482/images/8806454/gallery_media.jpeg', 'https://cdn-media.medialabtc.it/es/agencies/mdaw3/estates/613482/images/8806421/gallery_media.jpeg']",0,Desconocido,0,1,0,1,0,E,0,0,"['imagenes_tecnocasa\\anuncio_1429\\0.jpeg', 'imagenes_tecnocasa\\anuncio_1429\\1.jpeg', 'imagenes_tecnocasa\\anuncio_1429\\2.jpeg', 'imagenes_tecnocasa\\anuncio_1429\\3.jpeg', 'imagenes_tecnocasa\\anuncio_1429\\4.jpeg', 'imagenes_tecnocasa\\anuncio_1429\\5.jpeg', 'imagenes_tecnocasa\\anuncio_1429\\6.jpeg', 'imagenes_tecnocasa\\anuncio_1429\\7.jpeg', 'imagenes_tecnocasa\\anuncio_1429\\8.jpeg', 'imagenes_tecnocasa\\anuncio_1429\\9.jpeg', 'imagenes_tecnocasa\\anuncio_1429\\10.jpeg', 'imagenes_tecnocasa\\anuncio_1429\\11.jpeg', 'imagenes_tecnocasa\\anuncio_1429\\12.jpeg', 'imagenes_tecnocasa\\anuncio_1429\\13.jpeg', 'imagenes_tecnocasa\\anuncio_1429\\14.jpeg', 'imagenes_tecnocasa\\anuncio_1429\\15.jpeg', 'imagenes_tecnocasa\\anuncio_1429\\16.jpeg', 'imagenes_tecnocasa\\anuncio_1429\\17.jpeg', 'imagenes_tecnocasa\\anuncio_1429\\18.jpeg', 'imagenes_tecnocasa\\anuncio_1429\\19.jpeg', 'imagenes_tecnocasa\\anuncio_1429\\20.jpeg']",0,Popular,1974,1,0,1,piso,2,Aluche,"Aluche, Madrid",40.392356,-3.7571096,1429,3555.5444444444443,122.0,101.0,0.0,0.0,2.0,0.0,cerámica,pintura,corredera,estándar (2.4-2.8m),nada,3.8,4.2,clásico,"['#FFFFFF', '#808080', '#D3D3D3']",regular,False,convencional,limitado,ninguno,ninguno,estándar,básica,ninguno,6.6,6.4,ninguna,5
https://www.tecnocasa.es/venta/casa/madrid/mejorada-del-campo/588487.html,149900.0,3,368.0,1,"Agencia inmobiliaria de Mejorada Del Campo zona Mejorada Del Campo Tecnocasa Estudio Mejorada Del Campo S. L
¿Le gustaría vivir en la zona de Mejorada?
Oficina de TECNOCASA vende finca rústica (NO HIPOTECABLE) compuesta por 3 dormitorios (con salida a balcón independiente), un baño completo, cocina recién reformada con salida al patio. En la zona del patio encontrarás barbacoa y un porche techado.
VIVIENDA ALQUILADA: la persona que quiera comprar esta vivienda tiene que subrogarse al contrato de arrendamiento que actualmente está en vigor.
Una de las condiciones más importantes son la renta (675€) y la duración del contrato, el cual finaliza el 15 de junio de 2025. Para mayor información pueden contactar con Tecnocasa-Mejorada.
Características:
- Calefacción individual.
- Patio
- Garaje.
- Pintura: gotelé.
- Armarios empotrados.
- Zona vigilada por seguridad las 24 horas del día
INFORMESE DE LAS CONDICIONES EN NUESTRA OFICINA SITUADA EN MEJORADA DEL CAMPO, C/ ENRIQUE TIERNO GALVAN Nº7, LOCAL 2. ¡NO DUDES EN LLAMAR!",0,0,1,0,0,0,0,0,0,0,"['https://cdn-media.medialabtc.it/es/agencies/md583/estates/588487/images/8262050/gallery_media.jpeg', 'https://cdn-media.medialabtc.it/es/agencies/md583/estates/588487/images/8262046/gallery_media.jpeg', 'https://cdn-media.medialabtc.it/es/agencies/md583/estates/588487/images/8262055/gallery_media.jpeg', 'https://cdn-media.medialabtc.it/es/agencies/md583/estates/588487/images/8262049/gallery_media.jpeg', 'https://cdn-media.medialabtc.it/es/agencies/md583/estates/588487/images/8262051/gallery_media.jpeg', 'https://cdn-media.medialabtc.it/es/agencies/md583/estates/588487/images/8262044/gallery_media.jpeg', 'https://cdn-media.medialabtc.it/es/agencies/md583/estates/588487/images/8262067/gallery_media.jpeg', 'https://cdn-media.medialabtc.it/es/agencies/md583/estates/588487/images/8262038/gallery_media.jpeg', 'https://cdn-media.medialabtc.it/es/agencies/md583/estates/588487/images/8262074/gallery_media.jpeg', 'https://cdn-media.medialabtc.it/es/agencies/md583/estates/588487/images/8262057/gallery_media.jpeg', 'https://cdn-media.medialabtc.it/es/agencies/md583/estates/588487/images/8262045/gallery_media.jpeg', 'https://cdn-media.medialabtc.it/es/agencies/md583/estates/588487/images/8262056/gallery_media.jpeg', 'https://cdn-media.medialabtc.it/es/agencies/md583/estates/588487/images/8262054/gallery_media.jpeg', 'https://cdn-media.medialabtc.it/es/agencies/md583/estates/588487/images/8262058/gallery_media.jpeg', 'https://cdn-media.medialabtc.it/es/agencies/md583/estates/588487/images/8262053/gallery_media.jpeg', 'https://cdn-media.medialabtc.it/es/agencies/md583/estates/588487/images/8262065/gallery_media.jpeg', 'https://cdn-media.medialabtc.it/es/agencies/md583/estates/588487/images/8262040/gallery_media.jpeg', 'https://cdn-media.medialabtc.it/es/agencies/md583/estates/588487/images/8262039/gallery_media.jpeg', 'https://cdn-media.medialabtc.it/es/agencies/md583/estates/588487/images/8262052/gallery_media.jpeg', 'https://cdn-media.medialabtc.it/es/agencies/md583/estates/588487/images/8262075/gallery_media.jpeg', 'https://cdn-media.medialabtc.it/es/agencies/md583/estates/588487/images/8262070/gallery_media.jpeg', 'https://cdn-media.medialabtc.it/es/agencies/md583/estates/588487/images/8262063/gallery_media.jpeg', 'https://cdn-media.medialabtc.it/es/agencies/md583/estates/588487/images/8262069/gallery_media.jpeg', 'https://cdn-media.medialabtc.it/es/agencies/md583/estates/588487/images/8262061/gallery_media.jpeg', 'https://cdn-media.medialabtc.it/es/agencies/md583/estates/588487/images/8262047/gallery_media.jpeg', 'https://cdn-media.medialabtc.it/es/agencies/md583/estates/588487/images/8262068/gallery_media.jpeg', 'https://cdn-media.medialabtc.it/es/agencies/md583/estates/588487/images/8262042/gallery_media.jpeg', 'https://cdn-media.medialabtc.it/es/agencies/md583/estates/588487/images/8262048/gallery_media.jpeg']",0,Desconocido,1,0,0,1,1,Desconocida,0,0,"['imagenes_tecnocasa\\anuncio_1431\\0.jpeg', 'imagenes_tecnocasa\\anuncio_1431\\1.jpeg', 'imagenes_tecnocasa\\anuncio_1431\\2.jpeg', 'imagenes_tecnocasa\\anuncio_1431\\3.jpeg', 'imagenes_tecnocasa\\anuncio_1431\\4.jpeg', 'imagenes_tecnocasa\\anuncio_1431\\5.jpeg', 'imagenes_tecnocasa\\anuncio_1431\\6.jpeg', 'imagenes_tecnocasa\\anuncio_1431\\7.jpeg', 'imagenes_tecnocasa\\anuncio_1431\\8.jpeg', 'imagenes_tecnocasa\\anuncio_1431\\9.jpeg', 'imagenes_tecnocasa\\anuncio_1431\\10.jpeg', 'imagenes_tecnocasa\\anuncio_1431\\11.jpeg', 'imagenes_tecnocasa\\anuncio_1431\\12.jpeg', 'imagenes_tecnocasa\\anuncio_1431\\13.jpeg', 'imagenes_tecnocasa\\anuncio_1431\\14.jpeg', 'imagenes_tecnocasa\\anuncio_1431\\15.jpeg', 'imagenes_tecnocasa\\anuncio_1431\\16.jpeg', 'imagenes_tecnocasa\\anuncio_1431\\17.jpeg', 'imagenes_tecnocasa\\anuncio_1431\\18.jpeg', 'imagenes_tecnocasa\\anuncio_1431\\19.jpeg', 'imagenes_tecnocasa\\anuncio_1431\\20.jpeg', 'imagenes_tecnocasa\\anuncio_1431\\21.jpeg', 'imagenes_tecnocasa\\anuncio_1431\\22.jpeg', 'imagenes_tecnocasa\\anuncio_1431\\23.jpeg', 'imagenes_tecnocasa\\anuncio_1431\\24.jpeg', 'imagenes_tecnocasa\\anuncio_1431\\25.jpeg', 'imagenes_tecnocasa\\anuncio_1431\\26.jpeg', 'imagenes_tecnocasa\\anuncio_1431\\27.jpeg']",0,Popular,1980,1,0,0,casa,1,Mejorada del Campo,Mejorada Del Campo,40.3971785,-3.4896068,1431,407.3369565217391,162.0,124.0,0.0,0.2,0.0,0.0,otro,pintura,corredera,estándar (2.4-2.8m),nada,3.4,4.4,convencional,"['#D2B48C', '#F5F5DC', '#808080']",buena,False,convencional,limitado,terraza,ninguno,estándar,básica,ninguno,6.2,6.8,ninguna,5
https://www.tecnocasa.es/venta/piso/madrid/madrid/593691.html,135000.0,1,35.0,1,"TECNOCASA OFICINA ESTRECHO 2021 OFRECE EN VENTA: Vivienda en planta baja situada en calle Bravo Murillo, con orientación Este y Oeste, cuenta con dos dormitorios, salón, cocina y baño, todas las estancias tienen ventana. Finca tranquila y con ascensor. La vivienda se encuentra alquilada actualmente con una renta mensual de 500€.
Parada Metro Estrecho (Línea 1) a menos de 1 minuto. Y Santiago Bernabéu (Línea 10) a menos de 15 minutos.
Cerca tiene todos los servicios como restaurantes, farmacias, colegios y centros de salud.
La vivienda se localiza en el barrio de Tetuán, cerca de Bravo Murillo, Infanta Mercedes y General Perón.
Con muy buenas comunicaciones, parada de Autobús lineas 3, 5, 43, 49, 6, 128 y N23, metro LINEA 1, Estrecho, a menos de 5 minutos andando.
Financiación de hasta el 100% con nuestro departamento financiero, Kíron. Asesoramiento gratuito y sin compromiso, no dude en consultarnos.
30 años en el barrio, ¡Gracias por la confianza!",1,1,1,1,1,1,0,1,1,1,"['https://cdn-media.medialabtc.it/es/agencies/md019/estates/593691/images/8764734/gallery_media.jpeg', 'https://cdn-media.medialabtc.it/es/agencies/md019/estates/593691/images/8764764/gallery_media.jpeg', 'https://cdn-media.medialabtc.it/es/agencies/md019/estates/593691/images/8764762/gallery_media.jpeg', 'https://cdn-media.medialabtc.it/es/agencies/md019/estates/593691/images/8764763/gallery_media.jpeg', 'https://cdn-media.medialabtc.it/es/agencies/md019/estates/593691/images/8764741/gallery_media.jpeg', 'https://cdn-media.medialabtc.it/es/agencies/md019/estates/593691/images/8764738/gallery_media.jpeg', 'https://cdn-media.medialabtc.it/es/agencies/md019/estates/593691/images/8764740/gallery_media.jpeg', 'https://cdn-media.medialabtc.it/es/agencies/md019/estates/593691/images/8764736/gallery_media.jpeg', 'https://cdn-media.medialabtc.it/es/agencies/md019/estates/593691/images/8764765/gallery_media.jpeg', 'https://cdn-media.medialabtc.it/es/agencies/md019/estates/593691/images/8764737/gallery_media.jpeg', 'https://cdn-media.medialabtc.it/es/agencies/md019/estates/593691/images/8764766/gallery_media.jpeg', 'https://cdn-media.medialabtc.it/es/agencies/md019/estates/593691/images/8764735/gallery_media.jpeg', 'https://cdn-media.medialabtc.it/es/agencies/md019/estates/593691/images/8764739/gallery_media.jpeg', 'https://cdn-media.medialabtc.it/es/agencies/md019/estates/593691/images/8764733/gallery_media.jpeg', 'https://cdn-media.medialabtc.it/es/agencies/md019/estates/593691/images/8764767/gallery_media.jpeg']",0,Desconocido,0,0,0,0,0,Desconocida,0,0,"['imagenes_tecnocasa\\anuncio_1432\\0.jpeg', 'imagenes_tecnocasa\\anuncio_1432\\1.jpeg', 'imagenes_tecnocasa\\anuncio_1432\\2.jpeg', 'imagenes_tecnocasa\\anuncio_1432\\3.jpeg', 'imagenes_tecnocasa\\anuncio_1432\\4.jpeg', 'imagenes_tecnocasa\\anuncio_1432\\5.jpeg', 'imagenes_tecnocasa\\anuncio_1432\\6.jpeg', 'imagenes_tecnocasa\\anuncio_1432\\7.jpeg', 'imagenes_tecnocasa\\anuncio_1432\\8.jpeg', 'imagenes_tecnocasa\\anuncio_1432\\9.jpeg', 'imagenes_tecnocasa\\anuncio_1432\\10.jpeg', 'imagenes_tecnocasa\\anuncio_1432\\11.jpeg', 'imagenes_tecnocasa\\anuncio_1432\\12.jpeg', 'imagenes_tecnocasa\\anuncio_1432\\13.jpeg', 'imagenes_tecnocasa\\anuncio_1432\\14.jpeg']",0,Media,1930,0,0,1,piso,0,Berruguete,"Berruguete, Madrid",40.4602706,-3.7043452,1432,3857.1428571428573,156.0,122.0,0.06250000000000003,0.5,0.0,0.0,otro,pintura,corredera,estándar (2.4-2.8m),nada,3.8,3.2,clásico,"['#F2E8CF', '#C69E79', '#A0785A']",regular,False,convencional,normal,ninguno,ninguno,estándar,básica,ninguno,6.4,6.6,ninguna,5
https://www.tecnocasa.es/venta/piso/madrid/villalbilla/608384.html,365000.0,4,140.0,2,"TECNOCASA VILLALBILLA EL VISO VENDE BAJO DUPLEX.

Fantástico y luminoso bajo dúplex con una ubicación inmejorable, en la avenida principal de El Viso.

En la planta baja, serás recibido por un práctico armario empotrado vestido en la entrada, un aseo y un luminoso salón con salida al patio, equipado con aire acondicionado Daikin controlado por wifi. La cocina reformada, con persiana motorizada, encimera porcelánica y electrodomésticos integrados, muy luminosa.

En la segunda planta, encontrarás cuatro amplias habitaciones con armarios empotrados; tres de ellas cuentan con aire acondicionado Daikin y control por wifi. La habitación principal destaca por su baño en suite, ofreciendo privacidad y confort. Además, todas las ventanas de la vivienda están provistas de mosquiteras, y la calefacción es de gas, garantizando eficiencia y bienestar en cada rincón.

Disfruta de un patio con pérgola y toldo, armario de aluminio e instalación de antena TV ideal para reuniones al aire libre. La propiedad también INCLUYE dos plazas de garaje y un trastero.

La urbanización cuenta con instalaciones como pista de baloncesto, jardín para niños, barras de gimnasio al aire libre, merendero, piscina y pista de pádel.

CONTACTANOS PARA MAS INFORMACIÓN O PARA CONCRETAR UNA VISITA.
CONSULTA CON NUESTRO DEPARTAMENTO FINANCIERO KIRON EL 100% DE TU FINANCIACION.",0,0,1,1,1,1,0,1,0,1,"['https://cdn-media.medialabtc.it/es/agencies/md553/estates/608384/images/8695270/gallery_media.jpeg', 'https://cdn-media.medialabtc.it/es/agencies/md553/estates/608384/images/8695281/gallery_media.jpeg', 'https://cdn-media.medialabtc.it/es/agencies/md553/estates/608384/images/8695268/gallery_media.jpeg', 'https://cdn-media.medialabtc.it/es/agencies/md553/estates/608384/images/8695287/gallery_media.jpeg', 'https://cdn-media.medialabtc.it/es/agencies/md553/estates/608384/images/8695273/gallery_media.jpeg', 'https://cdn-media.medialabtc.it/es/agencies/md553/estates/608384/images/8695278/gallery_media.jpeg', 'https://cdn-media.medialabtc.it/es/agencies/md553/estates/608384/images/8695264/gallery_media.jpeg', 'https://cdn-media.medialabtc.it/es/agencies/md553/estates/608384/images/8695292/gallery_media.jpeg', 'https://cdn-media.medialabtc.it/es/agencies/md553/estates/608384/images/8695280/gallery_media.jpeg', 'https://cdn-media.medialabtc.it/es/agencies/md553/estates/608384/images/8695277/gallery_media.jpeg', 'https://cdn-media.medialabtc.it/es/agencies/md553/estates/608384/images/8695276/gallery_media.jpeg', 'https://cdn-media.medialabtc.it/es/agencies/md553/estates/608384/images/8695271/gallery_media.jpeg', 'https://cdn-media.medialabtc.it/es/agencies/md553/estates/608384/images/8698590/gallery_media.jpeg', 'https://cdn-media.medialabtc.it/es/agencies/md553/estates/608384/images/8695279/gallery_media.jpeg', 'https://cdn-media.medialabtc.it/es/agencies/md553/estates/608384/images/8695288/gallery_media.jpeg', 'https://cdn-media.medialabtc.it/es/agencies/md553/estates/608384/images/8695283/gallery_media.jpeg', 'https://cdn-media.medialabtc.it/es/agencies/md553/estates/608384/images/8695272/gallery_media.jpeg', 'https://cdn-media.medialabtc.it/es/agencies/md553/estates/608384/images/8695275/gallery_media.jpeg', 'https://cdn-media.medialabtc.it/es/agencies/md553/estates/608384/images/8695266/gallery_media.jpeg', 'https://cdn-media.medialabtc.it/es/agencies/md553/estates/608384/images/8695265/gallery_media.jpeg', 'https://cdn-media.medialabtc.it/es/agencies/md553/estates/608384/images/8695267/gallery_media.jpeg', 'https://cdn-media.medialabtc.it/es/agencies/md553/estates/608384/images/8695289/gallery_media.jpeg', 'https://cdn-media.medialabtc.it/es/agencies/md553/estates/608384/images/8695282/gallery_media.jpeg', 'https://cdn-media.medialabtc.it/es/agencies/md553/estates/608384/images/8695291/gallery_media.jpeg', 'https://cdn-media.medialabtc.it/es/agencies/md553/estates/608384/images/8695290/gallery_media.jpeg', 'https://cdn-media.medialabtc.it/es/agencies/md553/estates/608384/images/8695284/gallery_media.jpeg', 'https://cdn-media.medialabtc.it/es/agencies/md553/estates/608384/images/8695285/gallery_media.jpeg', 'https://cdn-media.medialabtc.it/es/agencies/md553/estates/608384/images/8695274/gallery_media.jpeg', 'https://cdn-media.medialabtc.it/es/agencies/md553/estates/608384/images/8695286/gallery_media.jpeg', 'https://cdn-media.medialabtc.it/es/agencies/md553/estates/608384/images/8695269/gallery_media.jpeg']",0,Desconocido,1,1,1,0,0,B,1,0,"['imagenes_tecnocasa\\anuncio_1438\\0.jpeg', 'imagenes_tecnocasa\\anuncio_1438\\1.jpeg', 'imagenes_tecnocasa\\anuncio_1438\\2.jpeg', 'imagenes_tecnocasa\\anuncio_1438\\3.jpeg', 'imagenes_tecnocasa\\anuncio_1438\\4.jpeg', 'imagenes_tecnocasa\\anuncio_1438\\5.jpeg', 'imagenes_tecnocasa\\anuncio_1438\\6.jpeg', 'imagenes_tecnocasa\\anuncio_1438\\7.jpeg', 'imagenes_tecnocasa\\anuncio_1438\\8.jpeg', 'imagenes_tecnocasa\\anuncio_1438\\9.jpeg', 'imagenes_tecnocasa\\anuncio_1438\\10.jpeg', 'imagenes_tecnocasa\\anuncio_1438\\11.jpeg', 'imagenes_tecnocasa\\anuncio_1438\\12.jpeg', 'imagenes_tecnocasa\\anuncio_1438\\13.jpeg', 'imagenes_tecnocasa\\anuncio_1438\\14.jpeg', 'imagenes_tecnocasa\\anuncio_1438\\15.jpeg', 'imagenes_tecnocasa\\anuncio_1438\\16.jpeg', 'imagenes_tecnocasa\\anuncio_1438\\17.jpeg', 'imagenes_tecnocasa\\anuncio_1438\\18.jpeg', 'imagenes_tecnocasa\\anuncio_1438\\19.jpeg', 'imagenes_tecnocasa\\anuncio_1438\\20.jpeg', 'imagenes_tecnocasa\\anuncio_1438\\21.jpeg', 'imagenes_tecnocasa\\anuncio_1438\\22.jpeg', 'imagenes_tecnocasa\\anuncio_1438\\23.jpeg', 'imagenes_tecnocasa\\anuncio_1438\\24.jpeg', 'imagenes_tecnocasa\\anuncio_1438\\25.jpeg', 'imagenes_tecnocasa\\anuncio_1438\\26.jpeg', 'imagenes_tecnocasa\\anuncio_1438\\27.jpeg', 'imagenes_tecnocasa\\anuncio_1438\\28.jpeg', 'imagenes_tecnocasa\\anuncio_1438\\29.jpeg']",0,Popular,2022,0,1,1,piso,1,Villalbilla,Villalbilla,40.4323665,-3.2987815,1438,2607.1428571428573,206.0,145.0,0.9,1.0,1.0,1.0,cerámica,pintura,corredera,estándar (2.4-2.8m),nada,4.4,6.4,moderno,"['#F2F2F2', '#D3D3D3', '#222222']",buena,False,eficiente,normal,ninguno,ninguno,estándar,básica,ninguno,7.0,7.4,ninguna,5
https://www.tecnocasa.es/venta/casa/madrid/villalbilla/606556.html,550000.0,5,621.0,1,"AGENCIA INMOBILIARIA TECNOCASA VENDE FANTASTICO CHALET INDEPENDIENTE, ideal para familias que buscan espacio, comodidad y un entorno tranquilo. La casa cuenta con tres plantas y amplias estancias:

Planta baja:

1 dormitorio adicional.
Baño completo.
Dos salones con chimenea y comedor independiente.
Cocina con comedor, perfecta para reuniones familiares.

Primera planta:

5 dormitorios, uno de ellos con baño en suite.
Un baño completo adicional.
Terraza con vistas al cerro del Viso.

Planta sótano:

Garaje con espacio para tres coches
Zona de caldera
Bodega
Espacio de ocio

En el exterior, esta propiedad destaca por sus instalaciones:

Porche en la parte trasera, ideal para relajarse al aire libre.
Piscina olímpica para disfrutar del verano.
Cenador con barbacoa y horno de leña, ideal para eventos y celebraciones.
Huerto con su propia casita de obra para almacenamiento o disfrute.

Además la vivienda cuenta con persianas automáticas en la planta baja

Un hogar único que combina amplitud, naturaleza y todas las comodidades necesarias para vivir con total tranquilidad.

¡Contáctanos para más información o para concertar una visita! CONSULTA CON NUESTRO DEPARTAMENTO FINANCIERO KIRON EL 100% DE TU FINANCIACIÓN.",0,0,1,0,0,0,1,0,0,0,"['https://cdn-media.medialabtc.it/es/agencies/md553/estates/606556/images/8663558/gallery_media.jpeg', 'https://cdn-media.medialabtc.it/es/agencies/md553/estates/606556/images/8663547/gallery_media.jpeg', 'https://cdn-media.medialabtc.it/es/agencies/md553/estates/606556/images/8663540/gallery_media.jpeg', 'https://cdn-media.medialabtc.it/es/agencies/md553/estates/606556/images/8663517/gallery_media.jpeg', 'https://cdn-media.medialabtc.it/es/agencies/md553/estates/606556/images/8663542/gallery_media.jpeg', 'https://cdn-media.medialabtc.it/es/agencies/md553/estates/606556/images/8663555/gallery_media.jpeg', 'https://cdn-media.medialabtc.it/es/agencies/md553/estates/606556/images/8663513/gallery_media.jpeg', 'https://cdn-media.medialabtc.it/es/agencies/md553/estates/606556/images/8663554/gallery_media.jpeg', 'https://cdn-media.medialabtc.it/es/agencies/md553/estates/606556/images/8663560/gallery_media.jpeg', 'https://cdn-media.medialabtc.it/es/agencies/md553/estates/606556/images/8663539/gallery_media.jpeg', 'https://cdn-media.medialabtc.it/es/agencies/md553/estates/606556/images/8663552/gallery_media.jpeg', 'https://cdn-media.medialabtc.it/es/agencies/md553/estates/606556/images/8663559/gallery_media.jpeg', 'https://cdn-media.medialabtc.it/es/agencies/md553/estates/606556/images/8663545/gallery_media.jpeg', 'https://cdn-media.medialabtc.it/es/agencies/md553/estates/606556/images/8663567/gallery_media.jpeg', 'https://cdn-media.medialabtc.it/es/agencies/md553/estates/606556/images/8663549/gallery_media.jpeg', 'https://cdn-media.medialabtc.it/es/agencies/md553/estates/606556/images/8663541/gallery_media.jpeg', 'https://cdn-media.medialabtc.it/es/agencies/md553/estates/606556/images/8663561/gallery_media.jpeg', 'https://cdn-media.medialabtc.it/es/agencies/md553/estates/606556/images/8663553/gallery_media.jpeg', 'https://cdn-media.medialabtc.it/es/agencies/md553/estates/606556/images/8663568/gallery_media.jpeg', 'https://cdn-media.medialabtc.it/es/agencies/md553/estates/606556/images/8663550/gallery_media.jpeg', 'https://cdn-media.medialabtc.it/es/agencies/md553/estates/606556/images/8663546/gallery_media.jpeg', 'https://cdn-media.medialabtc.it/es/agencies/md553/estates/606556/images/8663562/gallery_media.jpeg', 'https://cdn-media.medialabtc.it/es/agencies/md553/estates/606556/images/8663564/gallery_media.jpeg', 'https://cdn-media.medialabtc.it/es/agencies/md553/estates/606556/images/8663514/gallery_media.jpeg', 'https://cdn-media.medialabtc.it/es/agencies/md553/estates/606556/images/8663548/gallery_media.jpeg', 'https://cdn-media.medialabtc.it/es/agencies/md553/estates/606556/images/8663557/gallery_media.jpeg', 'https://cdn-media.medialabtc.it/es/agencies/md553/estates/606556/images/8663512/gallery_media.jpeg', 'https://cdn-media.medialabtc.it/es/agencies/md553/estates/606556/images/8663543/gallery_media.jpeg', 'https://cdn-media.medialabtc.it/es/agencies/md553/estates/606556/images/8663544/gallery_media.jpeg', 'https://cdn-media.medialabtc.it/es/agencies/md553/estates/606556/images/8663556/gallery_media.jpeg']",1,Desconocido,1,0,1,1,0,E,0,0,"['imagenes_tecnocasa\\anuncio_1439\\0.jpeg', 'imagenes_tecnocasa\\anuncio_1439\\1.jpeg', 'imagenes_tecnocasa\\anuncio_1439\\2.jpeg', 'imagenes_tecnocasa\\anuncio_1439\\3.jpeg', 'imagenes_tecnocasa\\anuncio_1439\\4.jpeg', 'imagenes_tecnocasa\\anuncio_1439\\5.jpeg', 'imagenes_tecnocasa\\anuncio_1439\\6.jpeg', 'imagenes_tecnocasa\\anuncio_1439\\7.jpeg', 'imagenes_tecnocasa\\anuncio_1439\\8.jpeg', 'imagenes_tecnocasa\\anuncio_1439\\9.jpeg', 'imagenes_tecnocasa\\anuncio_1439\\10.jpeg', 'imagenes_tecnocasa\\anuncio_1439\\11.jpeg', 'imagenes_tecnocasa\\anuncio_1439\\12.jpeg', 'imagenes_tecnocasa\\anuncio_1439\\13.jpeg', 'imagenes_tecnocasa\\anuncio_1439\\14.jpeg', 'imagenes_tecnocasa\\anuncio_1439\\15.jpeg', 'imagenes_tecnocasa\\anuncio_1439\\16.jpeg', 'imagenes_tecnocasa\\anuncio_1439\\17.jpeg', 'imagenes_tecnocasa\\anuncio_1439\\18.jpeg', 'imagenes_tecnocasa\\anuncio_1439\\19.jpeg', 'imagenes_tecnocasa\\anuncio_1439\\20.jpeg', 'imagenes_tecnocasa\\anuncio_1439\\21.jpeg', 'imagenes_tecnocasa\\anuncio_1439\\22.jpeg', 'imagenes_tecnocasa\\anuncio_1439\\23.jpeg', 'imagenes_tecnocasa\\anuncio_1439\\24.jpeg', 'imagenes_tecnocasa\\anuncio_1439\\25.jpeg', 'imagenes_tecnocasa\\anuncio_1439\\26.jpeg', 'imagenes_tecnocasa\\anuncio_1439\\27.jpeg', 'imagenes_tecnocasa\\anuncio_1439\\28.jpeg', 'imagenes_tecnocasa\\anuncio_1439\\29.jpeg']",1,Media,1979,1,0,0,casa,1,Villalbilla,Villalbilla,40.4323665,-3.2987815,1439,885.6682769726248,182.0,139.0,0.675,0.9375,1.0,1.0,parquet,pintura,corredera,estándar (2.4-2.8m),nada,6.4,4.0,clásico,"['#F0D8D8', '#A0522D', '#8B4513']",buena,False,convencional,normal,ninguno,ninguno,estándar,básica,ninguno,8.0,7.0,ninguna,5
https://www.tecnocasa.es/venta/piso/madrid/madrid/613176.html,409900.0,1,49.0,1,"El piso se encuentra en la Avenida General Perón, una zona muy deseada en el distrito de Tetuán, Madrid. Este barrio se caracteriza por su excelente comunicación y variedad de servicios. A pocos minutos a pie, encontrarás el Santiago Bernabéu, la zona comercial de Azca y el Paseo de la Castellana, proporcionando un entorno vibrante y dinámico. La cercanía a varias estaciones de metro, autobuses y vías principales garantiza un fácil acceso a cualquier punto de la ciudad.
Características del Inmueble:
El inmueble se encuentra en excelente estado de conservación.
Cuenta con una espaciosa y luminosa habitación, equipada con armarios empotrados que ofrecen amplio espacio de almacenamiento. Un baño completoy bien equipado. Un acogedor salón-comedor, ideal para relajarse y recibir visitas. Cocina totalmente equipada y suficiente espacio de almacenamiento.
Servicios y Equipamiento:
Servicio de portería, proporcionando seguridad y asistencia diaria. El edificio cuenta con ascensor, facilitando el acceso a la vivienda. Calefacción central por conductos, asegurando un ambiente cálido y confortable en los meses fríos.
Avenida General Perón es una calle tranquila, pero a pocos pasos de áreas vibrantes y llenas de vida. En las cercanías, podrás disfrutar de una amplia oferta gastronómica, tiendas de moda, centros comerciales, y espacios de ocio. Además, la zona cuenta con una excelente dotación de servicios como colegios, centros de salud, y áreas verdes. El ambiente del barrio combina lo mejor de la vida urbana con la comodidad de una zona residencial bien establecida.
Esta es una oportunidad única para vivir en una de las zonas más codiciadas de Madrid, en un piso que ofrece todas las comodidades modernas y un entorno urbano inigualable. ¡No pierdas la oportunidad de visitarlo!",1,1,1,1,1,1,0,1,1,1,"['https://cdn-media.medialabtc.it/es/agencies/md031/estates/613176/images/8798268/gallery_media.jpeg', 'https://cdn-media.medialabtc.it/es/agencies/md031/estates/613176/images/8798267/gallery_media.jpeg', 'https://cdn-media.medialabtc.it/es/agencies/md031/estates/613176/images/8798271/gallery_media.jpeg', 'https://cdn-media.medialabtc.it/es/agencies/md031/estates/613176/images/8798270/gallery_media.jpeg', 'https://cdn-media.medialabtc.it/es/agencies/md031/estates/613176/images/8798265/gallery_media.jpeg', 'https://cdn-media.medialabtc.it/es/agencies/md031/estates/613176/images/8798263/gallery_media.jpeg', 'https://cdn-media.medialabtc.it/es/agencies/md031/estates/613176/images/8798269/gallery_media.jpeg', 'https://cdn-media.medialabtc.it/es/agencies/md031/estates/613176/images/8798266/gallery_media.jpeg', 'https://cdn-media.medialabtc.it/es/agencies/md031/estates/613176/images/8798262/gallery_media.jpeg', 'https://cdn-media.medialabtc.it/es/agencies/md031/estates/613176/images/8798264/gallery_media.jpeg']",0,Desconocido,0,0,0,0,1,E,1,1,"['imagenes_tecnocasa\\anuncio_1440\\0.jpeg', 'imagenes_tecnocasa\\anuncio_1440\\1.jpeg', 'imagenes_tecnocasa\\anuncio_1440\\2.jpeg', 'imagenes_tecnocasa\\anuncio_1440\\3.jpeg', 'imagenes_tecnocasa\\anuncio_1440\\4.jpeg', 'imagenes_tecnocasa\\anuncio_1440\\5.jpeg', 'imagenes_tecnocasa\\anuncio_1440\\6.jpeg', 'imagenes_tecnocasa\\anuncio_1440\\7.jpeg', 'imagenes_tecnocasa\\anuncio_1440\\8.jpeg', 'imagenes_tecnocasa\\anuncio_1440\\9.jpeg']",1,Señorial,1975,1,0,0,piso,3,Castillejos,"Tetuán, Cuzco - Castillejos, Madrid",40.4598788,-3.694067,1440,8365.30612244898,276.0,171.0,0.25312500000000004,0.5625,1.0,1.0,cerámica,pintura,corredera,estándar (2.4-2.8m),nada,3.8,4.0,convencional,"['#F2E9E1', '#A0522D', '#FFFFFF']",regular,False,convencional,limitado,ninguno,ninguno,estándar,básica,ninguno,6.8,6.2,ninguna,5
https://www.tecnocasa.es/venta/casa/madrid/alcala-de-henares/594544.html,549900.0,4,255.0,3,"¡Descubre tu nuevo hogar en Alcalá de Henares! Este magnífico chalet pareado, ubicado con cómoda accesibilidad desde la Nacional A-2, te ofrece una vida llena de confort y comodidades. A solo 15 minutos andando de la estación de tren y con paradas de autobús cercanas, la conectividad es inmejorable. La zona cuenta con una amplia variedad de servicios como colegios, institutos, centro de especialidades, bancos, farmacias, bares y comercios.

La vivienda, en buen estado de conservación, se distribuye en cuatro plantas. En el sótano encontrarás espacio para dos vehículos, una bodega con chimenea y una cocina completa. La planta baja dispone de un amplio salón independiente, un patio privado con piscina, una cocina independiente y un aseo de cortesía. En la primera planta se ubican tres dormitorios con armarios empotrados y dos baños completos, uno de ellos en suite. La segunda planta cuenta con una buhardilla reformada, también con armarios empotrados y opción de cuarto de baño.

Los acabados son de alta calidad: suelos de parqué y gres porcelánico, carpintería interior de roble y exterior de aluminio climalit. Además, dispone de aire acondicionado y calefacción por bomba de frío/calor a gas natural. Con orientación norte, sur y oeste, disfrutarás de luz natural durante todo el día.

No te preocupes por la financiación, ya que ofrecemos la posibilidad de financiar hasta el 100% con nuestro departamento de intermediación financiera. También realizamos estudios de viabilidad gratuitos para que puedas tomar la mejor decisión.

Con 305 m² construidos, 4 dormitorios, 3 baños, armarios empotrados, trastero y plaza de garaje, esta casa es ideal para familias que buscan espacio y comodidad. Construida en 2001 y en segunda mano pero en buen estado, esta propiedad es una oportunidad única que no puedes dejar escapar. ¡Ven a visitarla y enamórate!",0,1,1,1,0,1,0,1,1,1,"['https://cdn-media.medialabtc.it/es/agencies/md554/estates/594544/images/8472039/gallery_media.jpeg', 'https://cdn-media.medialabtc.it/es/agencies/md554/estates/594544/images/8472040/gallery_media.jpeg', 'https://cdn-media.medialabtc.it/es/agencies/md554/estates/594544/images/8472029/gallery_media.jpeg', 'https://cdn-media.medialabtc.it/es/agencies/md554/estates/594544/images/8472037/gallery_media.jpeg', 'https://cdn-media.medialabtc.it/es/agencies/md554/estates/594544/images/8472033/gallery_media.jpeg', 'https://cdn-media.medialabtc.it/es/agencies/md554/estates/594544/images/8472045/gallery_media.jpeg', 'https://cdn-media.medialabtc.it/es/agencies/md554/estates/594544/images/8472032/gallery_media.jpeg', 'https://cdn-media.medialabtc.it/es/agencies/md554/estates/594544/images/8472030/gallery_media.jpeg', 'https://cdn-media.medialabtc.it/es/agencies/md554/estates/594544/images/8472044/gallery_media.jpeg', 'https://cdn-media.medialabtc.it/es/agencies/md554/estates/594544/images/8472026/gallery_media.jpeg', 'https://cdn-media.medialabtc.it/es/agencies/md554/estates/594544/images/8472034/gallery_media.jpeg', 'https://cdn-media.medialabtc.it/es/agencies/md554/estates/594544/images/8472025/gallery_media.jpeg', 'https://cdn-media.medialabtc.it/es/agencies/md554/estates/594544/images/8472031/gallery_media.jpeg', 'https://cdn-media.medialabtc.it/es/agencies/md554/estates/594544/images/8472036/gallery_media.jpeg', 'https://cdn-media.medialabtc.it/es/agencies/md554/estates/594544/images/8472041/gallery_media.jpeg', 'https://cdn-media.medialabtc.it/es/agencies/md554/estates/594544/images/8472035/gallery_media.jpeg', 'https://cdn-media.medialabtc.it/es/agencies/md554/estates/594544/images/8472479/gallery_media.jpeg', 'https://cdn-media.medialabtc.it/es/agencies/md554/estates/594544/images/8472048/gallery_media.jpeg', 'https://cdn-media.medialabtc.it/es/agencies/md554/estates/594544/images/8472023/gallery_media.jpeg', 'https://cdn-media.medialabtc.it/es/agencies/md554/estates/594544/images/8472038/gallery_media.jpeg', 'https://cdn-media.medialabtc.it/es/agencies/md554/estates/594544/images/8472047/gallery_media.jpeg', 'https://cdn-media.medialabtc.it/es/agencies/md554/estates/594544/images/8472042/gallery_media.jpeg', 'https://cdn-media.medialabtc.it/es/agencies/md554/estates/594544/images/8472028/gallery_media.jpeg', 'https://cdn-media.medialabtc.it/es/agencies/md554/estates/594544/images/8472043/gallery_media.jpeg', 'https://cdn-media.medialabtc.it/es/agencies/md554/estates/594544/images/8472027/gallery_media.jpeg', 'https://cdn-media.medialabtc.it/es/agencies/md554/estates/594544/images/8472024/gallery_media.jpeg', 'https://cdn-media.medialabtc.it/es/agencies/md554/estates/594544/images/8472478/gallery_media.jpeg', 'https://cdn-media.medialabtc.it/es/agencies/md554/estates/594544/images/8472046/gallery_media.jpeg']",0,Buen estado,1,1,1,0,0,E,0,0,"['imagenes_tecnocasa\\anuncio_1441\\0.jpeg', 'imagenes_tecnocasa\\anuncio_1441\\1.jpeg', 'imagenes_tecnocasa\\anuncio_1441\\2.jpeg', 'imagenes_tecnocasa\\anuncio_1441\\3.jpeg', 'imagenes_tecnocasa\\anuncio_1441\\4.jpeg', 'imagenes_tecnocasa\\anuncio_1441\\5.jpeg', 'imagenes_tecnocasa\\anuncio_1441\\6.jpeg', 'imagenes_tecnocasa\\anuncio_1441\\7.jpeg', 'imagenes_tecnocasa\\anuncio_1441\\8.jpeg', 'imagenes_tecnocasa\\anuncio_1441\\9.jpeg', 'imagenes_tecnocasa\\anuncio_1441\\10.jpeg', 'imagenes_tecnocasa\\anuncio_1441\\11.jpeg', 'imagenes_tecnocasa\\anuncio_1441\\12.jpeg', 'imagenes_tecnocasa\\anuncio_1441\\13.jpeg', 'imagenes_tecnocasa\\anuncio_1441\\14.jpeg', 'imagenes_tecnocasa\\anuncio_1441\\15.jpeg', 'imagenes_tecnocasa\\anuncio_1441\\16.jpeg', 'imagenes_tecnocasa\\anuncio_1441\\17.jpeg', 'imagenes_tecnocasa\\anuncio_1441\\18.jpeg', 'imagenes_tecnocasa\\anuncio_1441\\19.jpeg', 'imagenes_tecnocasa\\anuncio_1441\\20.jpeg', 'imagenes_tecnocasa\\anuncio_1441\\21.jpeg', 'imagenes_tecnocasa\\anuncio_1441\\22.jpeg', 'imagenes_tecnocasa\\anuncio_1441\\23.jpeg', 'imagenes_tecnocasa\\anuncio_1441\\24.jpeg', 'imagenes_tecnocasa\\anuncio_1441\\25.jpeg', 'imagenes_tecnocasa\\anuncio_1441\\26.jpeg', 'imagenes_tecnocasa\\anuncio_1441\\27.jpeg']",1,Media,2001,0,0,0,casa,1,Alcalá de Henares,"Ensanche, Alcalá De Henares",40.481954,-3.363981,1441,2156.470588235294,294.0,198.0,0.39999999999999997,0.6,1.0,1.0,parquet,pintura,no visible,estándar (2.4-2.8m),nada,4.8,3.4,clásico,"['#A0522D', '#F5F5DC', '#8B4513']",regular,False,convencional,limitado,ninguno,ninguno,estándar,no visible,ninguno,6.6,7.2,ninguna,5
https://www.tecnocasa.es/venta/casa/madrid/alcala-de-henares/608026.html,569000.0,4,197.0,4,"AGENCIA INMOBILIARIA DE ALCALÁ DE HENARES, OFICINA DE TECNOCASA VENDE IMPECABLE CHALET ADOSADO EN EL ENSANCHE.

La zona destaca por su cómoda accesibilidad desde la Nacional A-2, además cuenta con numerosas paradas de autobús urbano e interurbano, y la estación de Alcalá de Henares a 2 minutos andando.

Además la zona cuenta con una gran variedad de servicios como: Colegios ( Pablo Neruda, Alborada, Mozart.. . ) Institutos ( IES Pedro Gumiel, IES Doctor Marañón, IES Alborada. ) centro de especialidades Francisco Díaz, además de bancos, farmacias, bares y todo tipo de comercios.

La vivienda se encuentra en un BUEN ESTADO DE CONSERVACIÓN y está distribuida en tres plantas, se compone de:

Planta Baja: Porche delantero, un amplio salón independiente con chimenea, y acceso a un patio privado de 50 m2, solado, cocina totalmente amueblada, un aseo de cortesía y acceso al garaje el cual se encuentra totalmente acondicionado con cocina y baño completo.

Primera planta: Recibidor con cuatro amplios dormitorios y dos baños completos y reformados, uno de ellos en suite principal con bañera, la cual también dispone de armarios empotrados.

Suelos de gres de gran calidad en todas las plantas, carpintería interior de roble, carpintería exterior de aluminio climalit y pintura en listo en toda la vivienda.

La finca dispone de zonas comunes con PISCINA COMUNITARIA, ZONAS VERDES y PISTA DE TENIS.

No lo dude y venga a visitarlo sin compromiso, le va a sorprender su inmejorable estado.

Y NO OLVIDE QUE PODEMOS CONSEGUIR HASTA EL 100% DE FINANCIACIÓN GRACIAS A NUESTRO DEPARTAMENTO DE INTERMEDIACIÓN FINANCIERA KIRON.
ESTUDIOS DE VIABILIDAD GRATUITOS.",0,1,1,1,1,1,0,1,1,1,['https://www.tecnocasa.es/img/home-hero/es/tecnocasa/residential/desktop_6.jpg'],0,Desconocido,1,0,1,0,0,D,0,0,['imagenes_tecnocasa\\anuncio_1442\\0.jpg'],0,Señorial,1991,1,0,0,casa,1,Alcalá de Henares,"Ensanche, Alcalá De Henares",40.481954,-3.363981,1442,2888.3248730964465,263.0,188.0,0.0,0.0,2.0,0.0,otro,otro,otro,otro,nada,0.0,0.0,otro,"['#0077be', '#00aacc', '#ffffff']",otro,False,otro,otro,ninguno,ninguno,otro,otro,ninguno,10.0,7.0,ninguna,1
https://www.tecnocasa.es/venta/piso/madrid/humanes-de-madrid/611814.html,239000.0,3,131.0,2,"AGENCIA INMOBILIARIA HUMANES- ZONA HUMANES DE MADRID- OFICINA TECNOCASA VENDE PISO
VIVIENDA ACTUALMENTE ALQUILADA CON CONTRATO EN VIGOR HASTA 01/03/2026 Y RENTA MENSUAL DE 950 EUROS
'Fantástico piso ubicado en Humanes de Madrid, compuesto por: salón, cocina, 3 dormitorios y 2 baños completos
PLAZA DE GARAJE INCLUIDA EN EL PRECIO
PARA SOLICITAR MAS INFORMACIÓN LLAME AL TELÉFONO
Está situado en una zona en expansión pero ya consolidada con fácil acceso a colegios, institutos, parques, comercios, supermercados, centros médicos y a la red de transportes del municipio.
No dude en llamarnos para concertar su cita para visitar el inmueble en la que además recibirá el asesoramiento gratuito de nuestro departamento financiero KÌRON.",0,1,1,1,0,1,0,1,1,1,"['https://cdn-media.medialabtc.it/es/agencies/md524/estates/611814/images/8773945/gallery_media.jpeg', 'https://cdn-media.medialabtc.it/es/agencies/md524/estates/611814/images/8773940/gallery_media.jpeg', 'https://cdn-media.medialabtc.it/es/agencies/md524/estates/611814/images/8773936/gallery_media.jpeg', 'https://cdn-media.medialabtc.it/es/agencies/md524/estates/611814/images/8773942/gallery_media.jpeg', 'https://cdn-media.medialabtc.it/es/agencies/md524/estates/611814/images/8773948/gallery_media.jpeg', 'https://cdn-media.medialabtc.it/es/agencies/md524/estates/611814/images/8773943/gallery_media.jpeg', 'https://cdn-media.medialabtc.it/es/agencies/md524/estates/611814/images/8773950/gallery_media.jpeg', 'https://cdn-media.medialabtc.it/es/agencies/md524/estates/611814/images/8773962/gallery_media.jpeg', 'https://cdn-media.medialabtc.it/es/agencies/md524/estates/611814/images/8773921/gallery_media.jpeg', 'https://cdn-media.medialabtc.it/es/agencies/md524/estates/611814/images/8773920/gallery_media.jpeg', 'https://cdn-media.medialabtc.it/es/agencies/md524/estates/611814/images/8773947/gallery_media.jpeg', 'https://cdn-media.medialabtc.it/es/agencies/md524/estates/611814/images/8773937/gallery_media.jpeg', 'https://cdn-media.medialabtc.it/es/agencies/md524/estates/611814/images/8773946/gallery_media.jpeg', 'https://cdn-media.medialabtc.it/es/agencies/md524/estates/611814/images/8773939/gallery_media.jpeg', 'https://cdn-media.medialabtc.it/es/agencies/md524/estates/611814/images/8773938/gallery_media.jpeg', 'https://cdn-media.medialabtc.it/es/agencies/md524/estates/611814/images/8773941/gallery_media.jpeg', 'https://cdn-media.medialabtc.it/es/agencies/md524/estates/611814/images/8773949/gallery_media.jpeg', 'https://cdn-media.medialabtc.it/es/agencies/md524/estates/611814/images/8773944/gallery_media.jpeg']",0,Desconocido,1,0,0,0,0,Desconocida,0,0,"['imagenes_tecnocasa\\anuncio_1445\\0.jpeg', 'imagenes_tecnocasa\\anuncio_1445\\1.jpeg', 'imagenes_tecnocasa\\anuncio_1445\\2.jpeg', 'imagenes_tecnocasa\\anuncio_1445\\3.jpeg', 'imagenes_tecnocasa\\anuncio_1445\\4.jpeg', 'imagenes_tecnocasa\\anuncio_1445\\5.jpeg', 'imagenes_tecnocasa\\anuncio_1445\\6.jpeg', 'imagenes_tecnocasa\\anuncio_1445\\7.jpeg', 'imagenes_tecnocasa\\anuncio_1445\\8.jpeg', 'imagenes_tecnocasa\\anuncio_1445\\9.jpeg', 'imagenes_tecnocasa\\anuncio_1445\\10.jpeg', 'imagenes_tecnocasa\\anuncio_1445\\11.jpeg', 'imagenes_tecnocasa\\anuncio_1445\\12.jpeg', 'imagenes_tecnocasa\\anuncio_1445\\13.jpeg', 'imagenes_tecnocasa\\anuncio_1445\\14.jpeg', 'imagenes_tecnocasa\\anuncio_1445\\15.jpeg', 'imagenes_tecnocasa\\anuncio_1445\\16.jpeg', 'imagenes_tecnocasa\\anuncio_1445\\17.jpeg']",1,Media,2000,1,0,1,piso,4,Madrid,Humanes De Madrid,40.4167047,-3.7035825,1445,1824.4274809160306,111.0,97.0,0.0,0.0,0.0,0.0,otro,pintura,no visible,estándar (2.4-2.8m),nada,3.6,4.6,convencional,"['#FFD700', '#A0522D', '#FFFFFF']",regular,False,convencional,normal,ninguno,ninguno,estándar,parcialmente equipada,ninguno,6.0,7.0,ninguna,5
https://www.tecnocasa.es/venta/piso/madrid/madrid/611352.html,145000.0,2,50.0,1,"Piso de 2 dormitorios muy bien ubicado, cerca de todo tipo de servicios.
El inmueble esta para reformar, se encuentra en una de las mejores zonas de Madrid, muy bien ubicada. Cerca del transporte metro Puente de Vallecas.",1,1,1,1,1,1,0,1,1,1,"['https://cdn-media.medialabtc.it/es/agencies/mdadf/estates/611352/images/8791537/gallery_media.jpeg', 'https://cdn-media.medialabtc.it/es/agencies/mdadf/estates/611352/images/8791527/gallery_media.jpeg', 'https://cdn-media.medialabtc.it/es/agencies/mdadf/estates/611352/images/8791531/gallery_media.jpeg', 'https://cdn-media.medialabtc.it/es/agencies/mdadf/estates/611352/images/8791540/gallery_media.jpeg', 'https://cdn-media.medialabtc.it/es/agencies/mdadf/estates/611352/images/8791526/gallery_media.jpeg', 'https://cdn-media.medialabtc.it/es/agencies/mdadf/estates/611352/images/8791529/gallery_media.jpeg', 'https://cdn-media.medialabtc.it/es/agencies/mdadf/estates/611352/images/8791535/gallery_media.jpeg', 'https://cdn-media.medialabtc.it/es/agencies/mdadf/estates/611352/images/8791541/gallery_media.jpeg', 'https://cdn-media.medialabtc.it/es/agencies/mdadf/estates/611352/images/8791532/gallery_media.jpeg', 'https://cdn-media.medialabtc.it/es/agencies/mdadf/estates/611352/images/8791525/gallery_media.jpeg', 'https://cdn-media.medialabtc.it/es/agencies/mdadf/estates/611352/images/8791539/gallery_media.jpeg', 'https://cdn-media.medialabtc.it/es/agencies/mdadf/estates/611352/images/8791533/gallery_media.jpeg', 'https://cdn-media.medialabtc.it/es/agencies/mdadf/estates/611352/images/8791538/gallery_media.jpeg', 'https://cdn-media.medialabtc.it/es/agencies/mdadf/estates/611352/images/8791528/gallery_media.jpeg', 'https://cdn-media.medialabtc.it/es/agencies/mdadf/estates/611352/images/8791536/gallery_media.jpeg', 'https://cdn-media.medialabtc.it/es/agencies/mdadf/estates/611352/images/8791562/gallery_media.jpeg', 'https://cdn-media.medialabtc.it/es/agencies/mdadf/estates/611352/images/8791534/gallery_media.jpeg', 'https://cdn-media.medialabtc.it/es/agencies/mdadf/estates/611352/images/8791530/gallery_media.jpeg']",0,Desconocido,0,0,0,0,0,E,0,0,"['imagenes_tecnocasa\\anuncio_1446\\0.jpeg', 'imagenes_tecnocasa\\anuncio_1446\\1.jpeg', 'imagenes_tecnocasa\\anuncio_1446\\2.jpeg', 'imagenes_tecnocasa\\anuncio_1446\\3.jpeg', 'imagenes_tecnocasa\\anuncio_1446\\4.jpeg', 'imagenes_tecnocasa\\anuncio_1446\\5.jpeg', 'imagenes_tecnocasa\\anuncio_1446\\6.jpeg', 'imagenes_tecnocasa\\anuncio_1446\\7.jpeg', 'imagenes_tecnocasa\\anuncio_1446\\8.jpeg', 'imagenes_tecnocasa\\anuncio_1446\\9.jpeg', 'imagenes_tecnocasa\\anuncio_1446\\10.jpeg', 'imagenes_tecnocasa\\anuncio_1446\\11.jpeg', 'imagenes_tecnocasa\\anuncio_1446\\12.jpeg', 'imagenes_tecnocasa\\anuncio_1446\\13.jpeg', 'imagenes_tecnocasa\\anuncio_1446\\14.jpeg', 'imagenes_tecnocasa\\anuncio_1446\\15.jpeg', 'imagenes_tecnocasa\\anuncio_1446\\16.jpeg', 'imagenes_tecnocasa\\anuncio_1446\\17.jpeg']",0,Media,1920,0,0,1,piso,1,Madrid,"Numancia, Madrid",40.4167047,-3.7035825,1446,2900.0,38.0,31.0,0.0,0.0,0.0,0.0,cerámica,pintura,corredera,estándar (2.4-2.8m),nada,2.8,2.0,clásico,"['#F5F5DC', '#A0522D', '#FFFFFF']",regular,False,convencional,limitado,ninguno,ninguno,estándar,básica,ninguno,5.4,5.6,ninguna,5
https://www.tecnocasa.es/venta/piso/madrid/torres-de-la-alameda/606379.html,209900.0,2,86.0,2,"¡Descubre el hogar de tus sueños en este impresionante piso de 105 m²!
Agencia inmobiliaria TECNOCASA Estudio Loeches-Torres de la Alameda VENDE ESPECTACULAR PISO que ofrece un diseño moderno y elegante, con un amplio y espacioso salón perfecto para recibir a tus invitados. Cuenta con DOS dormitorios, todos con armarios empotrados, y dos baños, uno de ellos en suite, para mayor comodidad. La cocina, completamente amueblada y reformada, similar a una cocina americana, en la que podrás disfrutar de las mejores experiencias gastronómicas.
Las ventanas de aluminio climalit garantizan aislamiento térmico y acústico, mientras que los suelos de tarima aportan calidez y estilo. La calefacción individual de gas natural y el aire acondicionado en el salón aseguran un ambiente confortable durante todo el año. Además, el edificio cuenta con garaje.
Ubicado en una zona con excelentes servicios y comunicaciones, tendrás a tu alcance parques, zonas infantiles y transporte público.
No pierdas esta oportunidad y benefíciate del asesoramiento financiero gratuito KIRON y la financiación al 100%. ¡Ven a verlo y enamórate de tu futuro hogar!",0,0,1,1,1,1,0,1,1,1,"['https://cdn-media.medialabtc.it/es/agencies/md595/estates/606379/images/8648997/gallery_media.jpeg', 'https://cdn-media.medialabtc.it/es/agencies/md595/estates/606379/images/8648996/gallery_media.jpeg', 'https://cdn-media.medialabtc.it/es/agencies/md595/estates/606379/images/8648992/gallery_media.jpeg', 'https://cdn-media.medialabtc.it/es/agencies/md595/estates/606379/images/8648989/gallery_media.jpeg', 'https://cdn-media.medialabtc.it/es/agencies/md595/estates/606379/images/8648991/gallery_media.jpeg', 'https://cdn-media.medialabtc.it/es/agencies/md595/estates/606379/images/8648988/gallery_media.jpeg', 'https://cdn-media.medialabtc.it/es/agencies/md595/estates/606379/images/8649038/gallery_media.jpeg', 'https://cdn-media.medialabtc.it/es/agencies/md595/estates/606379/images/8648990/gallery_media.jpeg', 'https://cdn-media.medialabtc.it/es/agencies/md595/estates/606379/images/8649032/gallery_media.jpeg', 'https://cdn-media.medialabtc.it/es/agencies/md595/estates/606379/images/8649033/gallery_media.jpeg', 'https://cdn-media.medialabtc.it/es/agencies/md595/estates/606379/images/8649030/gallery_media.jpeg', 'https://cdn-media.medialabtc.it/es/agencies/md595/estates/606379/images/8648993/gallery_media.jpeg', 'https://cdn-media.medialabtc.it/es/agencies/md595/estates/606379/images/8649058/gallery_media.jpeg', 'https://cdn-media.medialabtc.it/es/agencies/md595/estates/606379/images/8649036/gallery_media.jpeg', 'https://cdn-media.medialabtc.it/es/agencies/md595/estates/606379/images/8648994/gallery_media.jpeg', 'https://cdn-media.medialabtc.it/es/agencies/md595/estates/606379/images/8649035/gallery_media.jpeg', 'https://cdn-media.medialabtc.it/es/agencies/md595/estates/606379/images/8649037/gallery_media.jpeg', 'https://cdn-media.medialabtc.it/es/agencies/md595/estates/606379/images/8649034/gallery_media.jpeg', 'https://cdn-media.medialabtc.it/es/agencies/md595/estates/606379/images/8649039/gallery_media.jpeg', 'https://cdn-media.medialabtc.it/es/agencies/md595/estates/606379/images/8649031/gallery_media.jpeg', 'https://cdn-media.medialabtc.it/es/agencies/md595/estates/606379/images/8648995/gallery_media.jpeg']",0,Desconocido,1,0,0,0,0,Desconocida,0,0,"['imagenes_tecnocasa\\anuncio_1452\\0.jpeg', 'imagenes_tecnocasa\\anuncio_1452\\1.jpeg', 'imagenes_tecnocasa\\anuncio_1452\\2.jpeg', 'imagenes_tecnocasa\\anuncio_1452\\3.jpeg', 'imagenes_tecnocasa\\anuncio_1452\\4.jpeg', 'imagenes_tecnocasa\\anuncio_1452\\5.jpeg', 'imagenes_tecnocasa\\anuncio_1452\\6.jpeg', 'imagenes_tecnocasa\\anuncio_1452\\7.jpeg', 'imagenes_tecnocasa\\anuncio_1452\\8.jpeg', 'imagenes_tecnocasa\\anuncio_1452\\9.jpeg', 'imagenes_tecnocasa\\anuncio_1452\\10.jpeg', 'imagenes_tecnocasa\\anuncio_1452\\11.jpeg', 'imagenes_tecnocasa\\anuncio_1452\\12.jpeg', 'imagenes_tecnocasa\\anuncio_1452\\13.jpeg', 'imagenes_tecnocasa\\anuncio_1452\\14.jpeg', 'imagenes_tecnocasa\\anuncio_1452\\15.jpeg', 'imagenes_tecnocasa\\anuncio_1452\\16.jpeg', 'imagenes_tecnocasa\\anuncio_1452\\17.jpeg', 'imagenes_tecnocasa\\anuncio_1452\\18.jpeg', 'imagenes_tecnocasa\\anuncio_1452\\19.jpeg', 'imagenes_tecnocasa\\anuncio_1452\\20.jpeg']",0,Popular,2007,0,0,0,piso,1,Torres de la Alameda,Torres De La Alameda,40.4021516,-3.360625,1452,2440.6976744186045,174.0,128.0,0.041666666666666664,0.4000000000000001,2.0,0.0,otro,pintura,abatible,estándar (2.4-2.8m),nada,5.0,6.0,moderno,"['#F5F5DC', '#A0522D', '#D3D3D3']",buena,False,convencional,limitado,ninguno,ninguno,estándar,básica,ninguno,7.0,6.8,ninguna,5
https://www.tecnocasa.es/venta/piso/madrid/mejorada-del-campo/607544.html,290000.0,2,73.0,2,"Agencia inmobiliaria de Mejorada Del Campo zona Mejorada Del Campo Tecnocasa Estudio Mejorada Del Campo S. L
Oficina de TECNOCASA vende:
¿Buscas una vivienda luminosa y con una exclusiva ubicación? Ésta es su Vivienda.
ATICO compuesto de un vestíbulo de entrada con armario empotrado y un primer baño con plato de ducha, salón comedor amplio y luminoso con terraza de 15m y amplios ventanales, vivienda muy luminosa.
Seguido de un segundo baño completo con bañera de hidromasaje, cocina totalmente amueblada con terraza-tendedero y 2 amplias habitaciones equipadas con armarios empotrados.
Este ático incluye una plaza de GARAJE, TRASTERO Y PISCINA comunitaria.
Situado en una tercera planta con ascensor.

Inmejorable cercanía del centro y de todos los servicios y comercios, colegios, restauración...

Características:
- Suelos de tarima
- Piscina comunitaria.
- Amplia terraza .
- Calefacción de gas natural.
- Armarios empotrados.
- Paredes lisas.
- Instalación de gas natural.
Y no lo olvide, si necesita solicitar una hipoteca, le podemos ayudar con nuestro departamento financiero KIRON consiguiendo hasta el 100% de financiación.
INFORMESE DE LAS CONDICIONES EN NUESTRA OFICINA SITUADA EN MEJORADA DEL CAMPO, C/ ENRIQUE TIERNO GALVAN Nº7, LOCAL 2. ¡NO DUDES EN LLAMAR!",0,0,1,1,1,1,0,1,1,1,"['https://cdn-media.medialabtc.it/es/agencies/md583/estates/607544/images/8695932/gallery_media.jpeg', 'https://cdn-media.medialabtc.it/es/agencies/md583/estates/607544/images/8695955/gallery_media.jpeg', 'https://cdn-media.medialabtc.it/es/agencies/md583/estates/607544/images/8695876/gallery_media.jpeg', 'https://cdn-media.medialabtc.it/es/agencies/md583/estates/607544/images/8695946/gallery_media.jpeg', 'https://cdn-media.medialabtc.it/es/agencies/md583/estates/607544/images/8695874/gallery_media.jpeg', 'https://cdn-media.medialabtc.it/es/agencies/md583/estates/607544/images/8695939/gallery_media.jpeg', 'https://cdn-media.medialabtc.it/es/agencies/md583/estates/607544/images/8695953/gallery_media.jpeg', 'https://cdn-media.medialabtc.it/es/agencies/md583/estates/607544/images/8695933/gallery_media.jpeg', 'https://cdn-media.medialabtc.it/es/agencies/md583/estates/607544/images/8695947/gallery_media.jpeg', 'https://cdn-media.medialabtc.it/es/agencies/md583/estates/607544/images/8695954/gallery_media.jpeg', 'https://cdn-media.medialabtc.it/es/agencies/md583/estates/607544/images/8695944/gallery_media.jpeg', 'https://cdn-media.medialabtc.it/es/agencies/md583/estates/607544/images/8695878/gallery_media.jpeg', 'https://cdn-media.medialabtc.it/es/agencies/md583/estates/607544/images/8695928/gallery_media.jpeg', 'https://cdn-media.medialabtc.it/es/agencies/md583/estates/607544/images/8695875/gallery_media.jpeg', 'https://cdn-media.medialabtc.it/es/agencies/md583/estates/607544/images/8695951/gallery_media.jpeg', 'https://cdn-media.medialabtc.it/es/agencies/md583/estates/607544/images/8695940/gallery_media.jpeg', 'https://cdn-media.medialabtc.it/es/agencies/md583/estates/607544/images/8695930/gallery_media.jpeg', 'https://cdn-media.medialabtc.it/es/agencies/md583/estates/607544/images/8695941/gallery_media.jpeg', 'https://cdn-media.medialabtc.it/es/agencies/md583/estates/607544/images/8695880/gallery_media.jpeg', 'https://cdn-media.medialabtc.it/es/agencies/md583/estates/607544/images/8695926/gallery_media.jpeg', 'https://cdn-media.medialabtc.it/es/agencies/md583/estates/607544/images/8695945/gallery_media.jpeg', 'https://cdn-media.medialabtc.it/es/agencies/md583/estates/607544/images/8695925/gallery_media.jpeg', 'https://cdn-media.medialabtc.it/es/agencies/md583/estates/607544/images/8695929/gallery_media.jpeg']",0,Desconocido,1,1,1,1,0,Desconocida,0,0,"['imagenes_tecnocasa\\anuncio_1456\\0.jpeg', 'imagenes_tecnocasa\\anuncio_1456\\1.jpeg', 'imagenes_tecnocasa\\anuncio_1456\\2.jpeg', 'imagenes_tecnocasa\\anuncio_1456\\3.jpeg', 'imagenes_tecnocasa\\anuncio_1456\\4.jpeg', 'imagenes_tecnocasa\\anuncio_1456\\5.jpeg', 'imagenes_tecnocasa\\anuncio_1456\\6.jpeg', 'imagenes_tecnocasa\\anuncio_1456\\7.jpeg', 'imagenes_tecnocasa\\anuncio_1456\\8.jpeg', 'imagenes_tecnocasa\\anuncio_1456\\9.jpeg', 'imagenes_tecnocasa\\anuncio_1456\\10.jpeg', 'imagenes_tecnocasa\\anuncio_1456\\11.jpeg', 'imagenes_tecnocasa\\anuncio_1456\\12.jpeg', 'imagenes_tecnocasa\\anuncio_1456\\13.jpeg', 'imagenes_tecnocasa\\anuncio_1456\\14.jpeg', 'imagenes_tecnocasa\\anuncio_1456\\15.jpeg', 'imagenes_tecnocasa\\anuncio_1456\\16.jpeg', 'imagenes_tecnocasa\\anuncio_1456\\17.jpeg', 'imagenes_tecnocasa\\anuncio_1456\\18.jpeg', 'imagenes_tecnocasa\\anuncio_1456\\19.jpeg', 'imagenes_tecnocasa\\anuncio_1456\\20.jpeg', 'imagenes_tecnocasa\\anuncio_1456\\21.jpeg', 'imagenes_tecnocasa\\anuncio_1456\\22.jpeg']",0,De época,2006,0,0,1,piso,1,Mejorada del Campo,Mejorada Del Campo,40.3971785,-3.4896068,1456,3972.6027397260273,195.0,140.0,0.06666666666666667,0.26666666666666666,2.0,0.0,otro,otro,otro,estándar (2.4-2.8m),nada,3.4,4.8,otro,"['#808080', '#D3D3D3', '#000000']",buena,False,otro,otro,ninguno,ninguno,estándar,otro,ninguno,6.4,7.4,ninguna,5
https://www.tecnocasa.es/venta/piso/madrid/madrid/608458.html,149000.0,1,41.0,1,"TECNOCASA ESTUDIO PASEO JESUITAS SL / MADRID / PUERTA DEL ANGEL/ PASEO EXTREMADURA

VENDE LOCAL:

Oportunidad: LOCAL REGISTRALMENTE Y VIVIENDA CATASTRALMENTE, Un dormitorio, un baño. El piso tiene 46 metros construidos y está para entrar a vivir. La finca es del año 1951. Vivienda a escasos minutos del metro de Puerta del Ángel.

Este local es un semisótano, se distribuye en:

- 1 Dormitorio
- Salón
- Cocina
- 1 Baño

Esta vivienda cuenta con variedad de comercios a su alrededor ya que está a escaso un minuto de Paseo Extremadura. Cuenta también con diferentes servicios públicos junto al pulmón de Madrid, la casa de campo que cuenta con la piscina municipal de Lago y parque de la cuña verde.

Cuenta con variedad de comercios a su alrededor y servicios públicos.
Junto al pulmón de Madrid, la casa de campo, parque de la cuña
verde, trasporte cercano metro Puerta del Ángel y Alto de Extremadura.

Muy cercano a Madrid rio y a príncipe pio. A pocos minutos del
centro.

La zona dispone de varias líneas de autobús (500,138, 31,39, 65, 33 ).

Metro (línea 6, Puerta del Angel, Alto de Extremadura).

NO DEJES ESCAPAR ESTA OPRTUNIDAD Y PONTE EN CONTACTO CON NOSOTROS.

Calle Grandeza Española, metro Puerta del Ángel, Latina, Madrid
Barrio Puerta del Angel
Distrito Latina
Madrid, Madrid.
Si tienes alguna duda recuerda que puedes hablar con consulting paseo extremadura Horario: por chat.
Características básicas46 m² construidos, 40 m² útiles1 habitación1 bañoSegunda mano/buen estadoArmarios empotradosOrientación surConstruido en 1951Calefacción individual: EléctricaEdificioSemi-sótano interiorSin ascensor",1,1,1,1,1,1,1,1,1,1,"['https://cdn-media.medialabtc.it/es/agencies/md077/estates/608458/images/8710778/gallery_media.jpeg', 'https://cdn-media.medialabtc.it/es/agencies/md077/estates/608458/images/8710780/gallery_media.jpeg', 'https://cdn-media.medialabtc.it/es/agencies/md077/estates/608458/images/8710774/gallery_media.jpeg', 'https://cdn-media.medialabtc.it/es/agencies/md077/estates/608458/images/8710730/gallery_media.jpeg', 'https://cdn-media.medialabtc.it/es/agencies/md077/estates/608458/images/8710771/gallery_media.jpeg', 'https://cdn-media.medialabtc.it/es/agencies/md077/estates/608458/images/8710736/gallery_media.jpeg', 'https://cdn-media.medialabtc.it/es/agencies/md077/estates/608458/images/8710777/gallery_media.jpeg', 'https://cdn-media.medialabtc.it/es/agencies/md077/estates/608458/images/8710773/gallery_media.jpeg', 'https://cdn-media.medialabtc.it/es/agencies/md077/estates/608458/images/8710765/gallery_media.jpeg', 'https://cdn-media.medialabtc.it/es/agencies/md077/estates/608458/images/8710766/gallery_media.jpeg', 'https://cdn-media.medialabtc.it/es/agencies/md077/estates/608458/images/8710733/gallery_media.jpeg', 'https://cdn-media.medialabtc.it/es/agencies/md077/estates/608458/images/8710731/gallery_media.jpeg', 'https://cdn-media.medialabtc.it/es/agencies/md077/estates/608458/images/8710738/gallery_media.jpeg', 'https://cdn-media.medialabtc.it/es/agencies/md077/estates/608458/images/8710732/gallery_media.jpeg', 'https://cdn-media.medialabtc.it/es/agencies/md077/estates/608458/images/8710775/gallery_media.jpeg', 'https://cdn-media.medialabtc.it/es/agencies/md077/estates/608458/images/8710737/gallery_media.jpeg', 'https://cdn-media.medialabtc.it/es/agencies/md077/estates/608458/images/8710735/gallery_media.jpeg', 'https://cdn-media.medialabtc.it/es/agencies/md077/estates/608458/images/8710779/gallery_media.jpeg', 'https://cdn-media.medialabtc.it/es/agencies/md077/estates/608458/images/8710769/gallery_media.jpeg', 'https://cdn-media.medialabtc.it/es/agencies/md077/estates/608458/images/8710741/gallery_media.jpeg', 'https://cdn-media.medialabtc.it/es/agencies/md077/estates/608458/images/8710739/gallery_media.jpeg', 'https://cdn-media.medialabtc.it/es/agencies/md077/estates/608458/images/8710763/gallery_media.jpeg', 'https://cdn-media.medialabtc.it/es/agencies/md077/estates/608458/images/8710734/gallery_media.jpeg', 'https://cdn-media.medialabtc.it/es/agencies/md077/estates/608458/images/8710772/gallery_media.jpeg']",0,Desconocido,0,0,1,0,0,E,0,0,"['imagenes_tecnocasa\\anuncio_1457\\0.jpeg', 'imagenes_tecnocasa\\anuncio_1457\\1.jpeg', 'imagenes_tecnocasa\\anuncio_1457\\2.jpeg', 'imagenes_tecnocasa\\anuncio_1457\\3.jpeg', 'imagenes_tecnocasa\\anuncio_1457\\4.jpeg', 'imagenes_tecnocasa\\anuncio_1457\\5.jpeg', 'imagenes_tecnocasa\\anuncio_1457\\6.jpeg', 'imagenes_tecnocasa\\anuncio_1457\\7.jpeg', 'imagenes_tecnocasa\\anuncio_1457\\8.jpeg', 'imagenes_tecnocasa\\anuncio_1457\\9.jpeg', 'imagenes_tecnocasa\\anuncio_1457\\10.jpeg', 'imagenes_tecnocasa\\anuncio_1457\\11.jpeg', 'imagenes_tecnocasa\\anuncio_1457\\12.jpeg', 'imagenes_tecnocasa\\anuncio_1457\\13.jpeg', 'imagenes_tecnocasa\\anuncio_1457\\14.jpeg', 'imagenes_tecnocasa\\anuncio_1457\\15.jpeg', 'imagenes_tecnocasa\\anuncio_1457\\16.jpeg', 'imagenes_tecnocasa\\anuncio_1457\\17.jpeg', 'imagenes_tecnocasa\\anuncio_1457\\18.jpeg', 'imagenes_tecnocasa\\anuncio_1457\\19.jpeg', 'imagenes_tecnocasa\\anuncio_1457\\20.jpeg', 'imagenes_tecnocasa\\anuncio_1457\\21.jpeg', 'imagenes_tecnocasa\\anuncio_1457\\22.jpeg', 'imagenes_tecnocasa\\anuncio_1457\\23.jpeg']",0,Señorial,1951,0,0,0,piso,1,Madrid,"Puerta Del Ángel, Madrid",40.4167047,-3.7035825,1457,3634.1463414634145,253.0,174.0,0.0,0.1,0.0,0.0,otro,pintura,ninguna,estándar (2.4-2.8m),nada,4.0,4.2,moderno,"['#FFFFFF', '#D2691E', '#A0522D']",regular,False,convencional,limitado,ninguno,ninguno,estándar,básica,ninguno,7.0,6.4,ninguna,5
https://www.tecnocasa.es/venta/casa/madrid/alcala-de-henares/607992.html,389900.0,4,164.0,3,"AGENCIA INMOBILIARIA DE ALCALÁ DE HENARES, OFICINA DE TECNOCASA VENDE IMPECABLE CHALET ADOSADO EN EL ENSANCHE.

La zona destaca por su cómoda accesibilidad desde la Nacional A-2, además cuenta con numerosas paradas de autobús urbano e interurbano, y la estación de Alcalá de Henares a sólo 15 minutos andando.

Además la zona cuenta con una gran variedad de servicios como: Colegios ( Pablo Neruda, Alborada, Mozart.. . ) Institutos ( IES Pedro Gumiel, IES Doctor Marañón, IES Alborada. ) centro de especialidades Francisco Díaz, además de bancos, farmacias, bares y todo tipo de comercios.

La vivienda se encuentra en un BUEN ESTADO DE CONSERVACIÓN y está distribuida en tres plantas, se compone de:

Planta Baja: Porche delantero acristalado con cerramiento de climalit, un amplio salón independiente con chimenea, aire acondicionado, y acceso a un patio privado de 30 m2, solado, cocina totalmente amueblada, un aseo de cortesía y acceso al garaje.

Primera planta: Recibidor con tres amplios dormitorios y dos baños completos y reformados, uno de ellos en suite principal con plato de ducha, la cual también dispone de armarios empotrados.

Segunda planta: Buhardilla cerrada con vestidor, cuenta con acceso a una terraza solárium que la hacen un rincón muy luminoso y confortable, también dispone de aire acondicionado.

Suelos de tarima de gran calidad en todas las plantas, carpintería interior de roble, carpintería exterior de aluminio climalit.

La finca dispone de zonas comunes con PISCINA COMUNITARIA Y ZONAS VERDES.

No lo dude y venga a visitarlo sin compromiso, le va a sorprender su inmejorable estado.

Y NO OLVIDE QUE PODEMOS CONSEGUIR HASTA EL 100% DE FINANCIACIÓN GRACIAS A NUESTRO DEPARTAMENTO DE INTERMEDIACIÓN FINANCIERA KIRON.
ESTUDIOS DE VIABILIDAD GRATUITOS.",0,1,1,1,0,1,0,1,1,1,"['https://cdn-media.medialabtc.it/es/agencies/md554/estates/607992/images/8679583/gallery_media.jpeg', 'https://cdn-media.medialabtc.it/es/agencies/md554/estates/607992/images/8679584/gallery_media.jpeg', 'https://cdn-media.medialabtc.it/es/agencies/md554/estates/607992/images/8679573/gallery_media.jpeg', 'https://cdn-media.medialabtc.it/es/agencies/md554/estates/607992/images/8679592/gallery_media.jpeg', 'https://cdn-media.medialabtc.it/es/agencies/md554/estates/607992/images/8679575/gallery_media.jpeg', 'https://cdn-media.medialabtc.it/es/agencies/md554/estates/607992/images/8679571/gallery_media.jpeg', 'https://cdn-media.medialabtc.it/es/agencies/md554/estates/607992/images/8679587/gallery_media.jpeg', 'https://cdn-media.medialabtc.it/es/agencies/md554/estates/607992/images/8679585/gallery_media.jpeg', 'https://cdn-media.medialabtc.it/es/agencies/md554/estates/607992/images/8679588/gallery_media.jpeg', 'https://cdn-media.medialabtc.it/es/agencies/md554/estates/607992/images/8679589/gallery_media.jpeg', 'https://cdn-media.medialabtc.it/es/agencies/md554/estates/607992/images/8679576/gallery_media.jpeg', 'https://cdn-media.medialabtc.it/es/agencies/md554/estates/607992/images/8679560/gallery_media.jpeg', 'https://cdn-media.medialabtc.it/es/agencies/md554/estates/607992/images/8679574/gallery_media.jpeg', 'https://cdn-media.medialabtc.it/es/agencies/md554/estates/607992/images/8679570/gallery_media.jpeg', 'https://cdn-media.medialabtc.it/es/agencies/md554/estates/607992/images/8679578/gallery_media.jpeg', 'https://cdn-media.medialabtc.it/es/agencies/md554/estates/607992/images/8679577/gallery_media.jpeg', 'https://cdn-media.medialabtc.it/es/agencies/md554/estates/607992/images/8679561/gallery_media.jpeg', 'https://cdn-media.medialabtc.it/es/agencies/md554/estates/607992/images/8679559/gallery_media.jpeg', 'https://cdn-media.medialabtc.it/es/agencies/md554/estates/607992/images/8679590/gallery_media.jpeg', 'https://cdn-media.medialabtc.it/es/agencies/md554/estates/607992/images/8679586/gallery_media.jpeg', 'https://cdn-media.medialabtc.it/es/agencies/md554/estates/607992/images/8679591/gallery_media.jpeg', 'https://cdn-media.medialabtc.it/es/agencies/md554/estates/607992/images/8679582/gallery_media.jpeg']",0,Desconocido,1,0,1,1,0,Desconocida,0,0,"['imagenes_tecnocasa\\anuncio_1458\\0.jpeg', 'imagenes_tecnocasa\\anuncio_1458\\1.jpeg', 'imagenes_tecnocasa\\anuncio_1458\\2.jpeg', 'imagenes_tecnocasa\\anuncio_1458\\3.jpeg', 'imagenes_tecnocasa\\anuncio_1458\\4.jpeg', 'imagenes_tecnocasa\\anuncio_1458\\5.jpeg', 'imagenes_tecnocasa\\anuncio_1458\\6.jpeg', 'imagenes_tecnocasa\\anuncio_1458\\7.jpeg', 'imagenes_tecnocasa\\anuncio_1458\\8.jpeg', 'imagenes_tecnocasa\\anuncio_1458\\9.jpeg', 'imagenes_tecnocasa\\anuncio_1458\\10.jpeg', 'imagenes_tecnocasa\\anuncio_1458\\11.jpeg', 'imagenes_tecnocasa\\anuncio_1458\\12.jpeg', 'imagenes_tecnocasa\\anuncio_1458\\13.jpeg', 'imagenes_tecnocasa\\anuncio_1458\\14.jpeg', 'imagenes_tecnocasa\\anuncio_1458\\15.jpeg', 'imagenes_tecnocasa\\anuncio_1458\\16.jpeg', 'imagenes_tecnocasa\\anuncio_1458\\17.jpeg', 'imagenes_tecnocasa\\anuncio_1458\\18.jpeg', 'imagenes_tecnocasa\\anuncio_1458\\19.jpeg', 'imagenes_tecnocasa\\anuncio_1458\\20.jpeg', 'imagenes_tecnocasa\\anuncio_1458\\21.jpeg']",1,Señorial,2001,0,0,0,casa,1,Alcalá de Henares,"Ensanche, Alcalá De Henares",40.481954,-3.363981,1458,2377.439024390244,278.0,197.0,0.0,0.0,3.0,0.0,parquet,pintura,otro,estándar (2.4-2.8m),nada,4.0,3.4,otro,"['#F0E68C', '#FFFFFF', '#A0522D']",regular,False,convencional,limitado,ninguno,ninguno,estándar,básica,ninguno,5.8,5.6,leve,5
https://www.tecnocasa.es/venta/piso/madrid/madrid/565988.html,139900.0,1,25.0,1,"Agencia inmobiliaria de Madrid-Tecnocasa Consulting Estudio Tribunal Centro vende
Estudio reformado en Malasaña.
La vivienda está distribuida en la parte central por un salón dormitorio con aire acondicionado, a la derecha del salón dormitorio, nos encontramos con la cocina reformada y totalmente equipada, a la derecha de la cocina, tenemos el acceso al cuarto de baño, cuenta con plato de ducha y acabados en primeras calidades.
En cuanto a las calidades contamos con suelo de tarima en el salón dormitorio, termo eléctrico, puerta de acordeón lacada en blanco gran ventilación y luminosidad
En cuanto a comodidades la finca cuenta con un gran patio de vecinos en una finca representativa del corazón del barrio de Malasaña, gran oportunidad de tener una vivienda en pleno centro de Madrid la cual puede ofrecer una gran rentabilidad.
Vivienda con I. T. E. favorable.
En cuanto a los servicios que nos ofrece el edificio, cabe destacar que es una de las zonas mas demandadas de la capital. Donde todas las calles y rincones tienen un toque especial que combina la historia del lugar, con la modernidad de una gran ciudad como Madrid. Esta vivienda ubicada en plena zona de Malasaña, situada en el corazón de Madrid, cercana a las calles Gran Vía, Fuencarral, San Bernardo, Carranza, es una zona con gran personalidad que ha sabido reinventarse sin perder su alma. Es el lugar indicado para ir de tapas, descubrir comercios alternativos, iniciar una noche de fiesta o tomar una cerveza al sol en alguna de sus agradables terrazas.
Comunicado por las estaciones de TRIBUNAL (L1 y L10), GRAN VÍA (L1 y L5) y CALLAO (L3 y 5), BILBAO (L4 Y L1) SAN BERNARDO (L2 y L4) y con todos los servicios próximos a la vivienda como líneas de autobús, bancos, comercios etc.
Es sin duda, una oportunidad única de vivir en una de las mejores zonas del centro de Madrid.

Para más información del inmueble no dude en contactarnos.",1,0,1,1,1,1,1,1,1,1,"['https://cdn-media.medialabtc.it/es/agencies/md063/estates/565988/images/8303641/gallery_media.jpeg', 'https://cdn-media.medialabtc.it/es/agencies/md063/estates/565988/images/8303642/gallery_media.jpeg', 'https://cdn-media.medialabtc.it/es/agencies/md063/estates/565988/images/8303660/gallery_media.jpeg', 'https://cdn-media.medialabtc.it/es/agencies/md063/estates/565988/images/8303636/gallery_media.jpeg', 'https://cdn-media.medialabtc.it/es/agencies/md063/estates/565988/images/8303653/gallery_media.jpeg', 'https://cdn-media.medialabtc.it/es/agencies/md063/estates/565988/images/8303640/gallery_media.jpeg', 'https://cdn-media.medialabtc.it/es/agencies/md063/estates/565988/images/8303658/gallery_media.jpeg', 'https://cdn-media.medialabtc.it/es/agencies/md063/estates/565988/images/8303657/gallery_media.jpeg', 'https://cdn-media.medialabtc.it/es/agencies/md063/estates/565988/images/8303645/gallery_media.jpeg', 'https://cdn-media.medialabtc.it/es/agencies/md063/estates/565988/images/8303655/gallery_media.jpeg', 'https://cdn-media.medialabtc.it/es/agencies/md063/estates/565988/images/8303592/gallery_media.jpeg', 'https://cdn-media.medialabtc.it/es/agencies/md063/estates/565988/images/8303647/gallery_media.jpeg', 'https://cdn-media.medialabtc.it/es/agencies/md063/estates/565988/images/8303659/gallery_media.jpeg', 'https://cdn-media.medialabtc.it/es/agencies/md063/estates/565988/images/8303637/gallery_media.jpeg', 'https://cdn-media.medialabtc.it/es/agencies/md063/estates/565988/images/8303591/gallery_media.jpeg', 'https://cdn-media.medialabtc.it/es/agencies/md063/estates/565988/images/8303656/gallery_media.jpeg', 'https://cdn-media.medialabtc.it/es/agencies/md063/estates/565988/images/8303654/gallery_media.jpeg', 'https://cdn-media.medialabtc.it/es/agencies/md063/estates/565988/images/8303649/gallery_media.jpeg', 'https://cdn-media.medialabtc.it/es/agencies/md063/estates/565988/images/8303651/gallery_media.jpeg', 'https://cdn-media.medialabtc.it/es/agencies/md063/estates/565988/images/8303635/gallery_media.jpeg', 'https://cdn-media.medialabtc.it/es/agencies/md063/estates/565988/images/8303648/gallery_media.jpeg', 'https://cdn-media.medialabtc.it/es/agencies/md063/estates/565988/images/8303644/gallery_media.jpeg', 'https://cdn-media.medialabtc.it/es/agencies/md063/estates/565988/images/8303633/gallery_media.jpeg', 'https://cdn-media.medialabtc.it/es/agencies/md063/estates/565988/images/8303646/gallery_media.jpeg', 'https://cdn-media.medialabtc.it/es/agencies/md063/estates/565988/images/8303652/gallery_media.jpeg', 'https://cdn-media.medialabtc.it/es/agencies/md063/estates/565988/images/8303634/gallery_media.jpeg', 'https://cdn-media.medialabtc.it/es/agencies/md063/estates/565988/images/8303643/gallery_media.jpeg', 'https://cdn-media.medialabtc.it/es/agencies/md063/estates/565988/images/8303639/gallery_media.jpeg', 'https://cdn-media.medialabtc.it/es/agencies/md063/estates/565988/images/8303638/gallery_media.jpeg', 'https://cdn-media.medialabtc.it/es/agencies/md063/estates/565988/images/8303650/gallery_media.jpeg']",0,Reformado,0,0,0,0,0,E,0,0,"['imagenes_tecnocasa\\anuncio_1459\\0.jpeg', 'imagenes_tecnocasa\\anuncio_1459\\1.jpeg', 'imagenes_tecnocasa\\anuncio_1459\\2.jpeg', 'imagenes_tecnocasa\\anuncio_1459\\3.jpeg', 'imagenes_tecnocasa\\anuncio_1459\\4.jpeg', 'imagenes_tecnocasa\\anuncio_1459\\5.jpeg', 'imagenes_tecnocasa\\anuncio_1459\\6.jpeg', 'imagenes_tecnocasa\\anuncio_1459\\7.jpeg', 'imagenes_tecnocasa\\anuncio_1459\\8.jpeg', 'imagenes_tecnocasa\\anuncio_1459\\9.jpeg', 'imagenes_tecnocasa\\anuncio_1459\\10.jpeg', 'imagenes_tecnocasa\\anuncio_1459\\11.jpeg', 'imagenes_tecnocasa\\anuncio_1459\\12.jpeg', 'imagenes_tecnocasa\\anuncio_1459\\13.jpeg', 'imagenes_tecnocasa\\anuncio_1459\\14.jpeg', 'imagenes_tecnocasa\\anuncio_1459\\15.jpeg', 'imagenes_tecnocasa\\anuncio_1459\\16.jpeg', 'imagenes_tecnocasa\\anuncio_1459\\17.jpeg', 'imagenes_tecnocasa\\anuncio_1459\\18.jpeg', 'imagenes_tecnocasa\\anuncio_1459\\19.jpeg', 'imagenes_tecnocasa\\anuncio_1459\\20.jpeg', 'imagenes_tecnocasa\\anuncio_1459\\21.jpeg', 'imagenes_tecnocasa\\anuncio_1459\\22.jpeg', 'imagenes_tecnocasa\\anuncio_1459\\23.jpeg', 'imagenes_tecnocasa\\anuncio_1459\\24.jpeg', 'imagenes_tecnocasa\\anuncio_1459\\25.jpeg', 'imagenes_tecnocasa\\anuncio_1459\\26.jpeg', 'imagenes_tecnocasa\\anuncio_1459\\27.jpeg', 'imagenes_tecnocasa\\anuncio_1459\\28.jpeg', 'imagenes_tecnocasa\\anuncio_1459\\29.jpeg']",1,De época,1900,0,0,0,piso,1,Justicia,"Malasaña - Justicia - Universidad, Madrid",40.4232759,-3.6966805,1459,5596.0,324.0,192.0,0.0,0.25,1.0,1.0,otro,pintura,abatible,estándar (2.4-2.8m),nada,3.4,3.8,clásico,"['#FFFFFF', '#F2F2F2', '#A0A0A0']",buena,False,convencional,limitado,ninguno,ninguno,estándar,básica,ninguno,7.6,6.8,ninguna,5
https://www.tecnocasa.es/venta/casa/madrid/aranjuez/607881.html,299999.0,4,171.0,1,"Agencia inmobiliaria de Aranjuez zona Agfa/Plaza De Toros Tecnocasa Estudio Mirador De Aranjuez Slu Vende
Casa adosada, en la zona de Avenida de las Artes, te presentamos esta espectacular casa que combina espacio, diseño y confort en un entorno privilegiado.
Con 4 amplios dormitorios, todos ellos con armarios empotrados, esta vivienda está pensada para cubrir todas las necesidades de una familia. Dos baños completos, el principal completamente reformado cuenta con un moderno plato de ducha..
La cocina, de generoso tamaño y diseño práctico, es el lugar perfecto para disfrutar de tu día a día. El salón - comedor, amplio y lleno de luz, te invita a relajarte en un espacio acogedor y versátil.
El exterior no se queda atrás: un patio privado con mesa y barbacoa de piedra será tu rincón favorito para disfrutar del buen tiempo, organizar reuniones o simplemente desconectar al aire libre. Además, la casa dispone de un garaje con capacidad para hasta 3 coches, un lujo que añade comodidad y valor a esta propiedad.
La vivienda está equipada con aire acondicionado con bomba de frío y calor, además de acumuladores y dos chimeneas elecrticas, asegurando el máximo confort en cualquier época del año.
Ubicada en una de las zonas más cotizadas de Aranjuez, disfrutarás de la tranquilidad de un barrio residencial con todos los servicios al alcance: colegios, supermercados, transporte a 5 minutos y zonas verdes.
Si estás buscando una casa donde cada detalle esté pensado para hacerte la vida más fácil, esta es la oportunidad que no puedes dejar escapar.
Para más información contacte con nosotros sin ningún tipo de compromiso y concierte una visita para conocer el inmueble en la que además podrá informarle de las condiciones de financiación actuales uno de nuestros agentes financieros KIRON. '. '.",0,1,1,1,1,1,0,1,1,1,"['https://cdn-media.medialabtc.it/es/agencies/md616/estates/607881/images/8674655/gallery_media.jpeg', 'https://cdn-media.medialabtc.it/es/agencies/md616/estates/607881/images/8674664/gallery_media.jpeg', 'https://cdn-media.medialabtc.it/es/agencies/md616/estates/607881/images/8674645/gallery_media.jpeg', 'https://cdn-media.medialabtc.it/es/agencies/md616/estates/607881/images/8674662/gallery_media.jpeg', 'https://cdn-media.medialabtc.it/es/agencies/md616/estates/607881/images/8674647/gallery_media.jpeg', 'https://cdn-media.medialabtc.it/es/agencies/md616/estates/607881/images/8674668/gallery_media.jpeg', 'https://cdn-media.medialabtc.it/es/agencies/md616/estates/607881/images/8674667/gallery_media.jpeg', 'https://cdn-media.medialabtc.it/es/agencies/md616/estates/607881/images/8674657/gallery_media.jpeg', 'https://cdn-media.medialabtc.it/es/agencies/md616/estates/607881/images/8674665/gallery_media.jpeg', 'https://cdn-media.medialabtc.it/es/agencies/md616/estates/607881/images/8674661/gallery_media.jpeg', 'https://cdn-media.medialabtc.it/es/agencies/md616/estates/607881/images/8674654/gallery_media.jpeg', 'https://cdn-media.medialabtc.it/es/agencies/md616/estates/607881/images/8674660/gallery_media.jpeg', 'https://cdn-media.medialabtc.it/es/agencies/md616/estates/607881/images/8674669/gallery_media.jpeg', 'https://cdn-media.medialabtc.it/es/agencies/md616/estates/607881/images/8674650/gallery_media.jpeg', 'https://cdn-media.medialabtc.it/es/agencies/md616/estates/607881/images/8674642/gallery_media.jpeg', 'https://cdn-media.medialabtc.it/es/agencies/md616/estates/607881/images/8674656/gallery_media.jpeg', 'https://cdn-media.medialabtc.it/es/agencies/md616/estates/607881/images/8674670/gallery_media.jpeg', 'https://cdn-media.medialabtc.it/es/agencies/md616/estates/607881/images/8674648/gallery_media.jpeg', 'https://cdn-media.medialabtc.it/es/agencies/md616/estates/607881/images/8674666/gallery_media.jpeg', 'https://cdn-media.medialabtc.it/es/agencies/md616/estates/607881/images/8674652/gallery_media.jpeg', 'https://cdn-media.medialabtc.it/es/agencies/md616/estates/607881/images/8674653/gallery_media.jpeg', 'https://cdn-media.medialabtc.it/es/agencies/md616/estates/607881/images/8674663/gallery_media.jpeg', 'https://cdn-media.medialabtc.it/es/agencies/md616/estates/607881/images/8674651/gallery_media.jpeg', 'https://cdn-media.medialabtc.it/es/agencies/md616/estates/607881/images/8674646/gallery_media.jpeg', 'https://cdn-media.medialabtc.it/es/agencies/md616/estates/607881/images/8674658/gallery_media.jpeg', 'https://cdn-media.medialabtc.it/es/agencies/md616/estates/607881/images/8674643/gallery_media.jpeg', 'https://cdn-media.medialabtc.it/es/agencies/md616/estates/607881/images/8674644/gallery_media.jpeg', 'https://cdn-media.medialabtc.it/es/agencies/md616/estates/607881/images/8674659/gallery_media.jpeg', 'https://cdn-media.medialabtc.it/es/agencies/md616/estates/607881/images/8674649/gallery_media.jpeg']",1,Reformado,1,0,0,0,0,B,0,0,"['imagenes_tecnocasa\\anuncio_1460\\0.jpeg', 'imagenes_tecnocasa\\anuncio_1460\\1.jpeg', 'imagenes_tecnocasa\\anuncio_1460\\2.jpeg', 'imagenes_tecnocasa\\anuncio_1460\\3.jpeg', 'imagenes_tecnocasa\\anuncio_1460\\4.jpeg', 'imagenes_tecnocasa\\anuncio_1460\\5.jpeg', 'imagenes_tecnocasa\\anuncio_1460\\6.jpeg', 'imagenes_tecnocasa\\anuncio_1460\\7.jpeg', 'imagenes_tecnocasa\\anuncio_1460\\8.jpeg', 'imagenes_tecnocasa\\anuncio_1460\\9.jpeg', 'imagenes_tecnocasa\\anuncio_1460\\10.jpeg', 'imagenes_tecnocasa\\anuncio_1460\\11.jpeg', 'imagenes_tecnocasa\\anuncio_1460\\12.jpeg', 'imagenes_tecnocasa\\anuncio_1460\\13.jpeg', 'imagenes_tecnocasa\\anuncio_1460\\14.jpeg', 'imagenes_tecnocasa\\anuncio_1460\\15.jpeg', 'imagenes_tecnocasa\\anuncio_1460\\16.jpeg', 'imagenes_tecnocasa\\anuncio_1460\\17.jpeg', 'imagenes_tecnocasa\\anuncio_1460\\18.jpeg', 'imagenes_tecnocasa\\anuncio_1460\\19.jpeg', 'imagenes_tecnocasa\\anuncio_1460\\20.jpeg', 'imagenes_tecnocasa\\anuncio_1460\\21.jpeg', 'imagenes_tecnocasa\\anuncio_1460\\22.jpeg', 'imagenes_tecnocasa\\anuncio_1460\\23.jpeg', 'imagenes_tecnocasa\\anuncio_1460\\24.jpeg', 'imagenes_tecnocasa\\anuncio_1460\\25.jpeg', 'imagenes_tecnocasa\\anuncio_1460\\26.jpeg', 'imagenes_tecnocasa\\anuncio_1460\\27.jpeg', 'imagenes_tecnocasa\\anuncio_1460\\28.jpeg']",1,Media,1975,0,1,0,casa,1,Aranjuez,Aranjuez,40.03221,-3.6039604,1460,1754.3801169590643,294.0,195.0,0.0,0.0,3.0,0.0,cerámica,pintura,corredera,estándar (2.4-2.8m),nada,3.4,3.6,convencional,"['#F2D7D5', '#FFFFFF', '#A0522D']",buena,False,convencional,limitado,ninguno,ninguno,estándar,básica,ninguno,6.2,6.4,ninguna,5
https://www.tecnocasa.es/venta/piso/madrid/fuenlabrada/546963.html,179900.0,3,89.0,1,"La agencia inmobiliaria TECNOCASA FUENLABRADA zona Fuenlabrada II - Fuenlabrada Central VENDE Piso en el CERRO DEL MOLINO, VIVIENDA DE SEGUNDA MANO, compuesto de 3 dormitorios, amplio salón, Terraza cerrada, cocina grande completamente amueblada y baño.

Piso con Ascensor completamente exterior.

La exclusiva y amplia vivienda dispone de suelo de Gress, ventanas de Aluminio, climalit y madera y calefacción central.

Próxima a todos los servicios necesarios como colegios, supermercados, centro de salud, centro de día para mayores, zonas verdes y a escasos minutos de Renfe y Metro Fuenlabrada Central.

Zona perfecta con transito de familias con zonas verdes en el entorno.

A 5 MINUTOS de FUENLABRADA CENTRAL ( AYUNTAMIENTO, JUZGADOS Y CENTRO COMERCIAL PLAZA DE LA ESTACION )
A 5 MINUTOS DE LA PARADA DE METRO PARQUE EUROPA
A 5 MINUTOS A PIE DEL PARQUE DE LA SOLIDARIDAD
Fácil acceso a la carretera M 506 comunicando con M 50, A 42, R 5, A 5
Hospital de Fuenlabrada a 10 minutos
Zona con todos los servicios
Este anuncio publicitario es provisional, y las fotografías y datos en él incluidos están sujetos a posibles modificaciones, consecuencia de exigencias comerciales, jurídicas, técnicas o por mandato expreso de la propiedad. La información aquí contenida procura reflejar una orientación sobre los inmuebles a la fecha de su publicación. Tanto los datos, como las imágenes y planos pueden estar sujetos a cambios, por lo que le invitamos a que, si precisa una información más exacta y detallada, contacte con nosotros y le atenderemos a la mayor brevedad posible. Los contenidos tienen únicamente finalidad informativa y bajo ninguna circunstancia deben usarse ni considerarse como oferta de venta o financiación, solicitud de una oferta de compra o financiación, ni recomendación para realizar cualquier otra transacción, salvo que así se indique expresamente. La información y documentación a ofrecer de acuerdo con lo dispuesto en el Real Decreto 515/1989 (de 21 de abril, relativa a la protección de los consumidores en cuanto a la información a suministrar en la compraventa y arrendamiento de viviendas), será puesta a disposición de los potenciales compradores en las respectivas delegaciones territoriales gestoras del inmueble.",1,1,1,1,1,1,0,1,1,1,"['https://cdn-media.medialabtc.it/es/agencies/md567/estates/546963/images/8783511/gallery_media.jpeg', 'https://cdn-media.medialabtc.it/es/agencies/md567/estates/546963/images/8783671/gallery_media.jpeg', 'https://cdn-media.medialabtc.it/es/agencies/md567/estates/546963/images/8783505/gallery_media.jpeg', 'https://cdn-media.medialabtc.it/es/agencies/md567/estates/546963/images/8783500/gallery_media.jpeg', 'https://cdn-media.medialabtc.it/es/agencies/md567/estates/546963/images/8783670/gallery_media.jpeg', 'https://cdn-media.medialabtc.it/es/agencies/md567/estates/546963/images/8783501/gallery_media.jpeg', 'https://cdn-media.medialabtc.it/es/agencies/md567/estates/546963/images/8783665/gallery_media.jpeg', 'https://cdn-media.medialabtc.it/es/agencies/md567/estates/546963/images/8783669/gallery_media.jpeg', 'https://cdn-media.medialabtc.it/es/agencies/md567/estates/546963/images/8783509/gallery_media.jpeg', 'https://cdn-media.medialabtc.it/es/agencies/md567/estates/546963/images/8783502/gallery_media.jpeg', 'https://cdn-media.medialabtc.it/es/agencies/md567/estates/546963/images/8783503/gallery_media.jpeg', 'https://cdn-media.medialabtc.it/es/agencies/md567/estates/546963/images/8783513/gallery_media.jpeg', 'https://cdn-media.medialabtc.it/es/agencies/md567/estates/546963/images/8783516/gallery_media.jpeg', 'https://cdn-media.medialabtc.it/es/agencies/md567/estates/546963/images/8783510/gallery_media.jpeg', 'https://cdn-media.medialabtc.it/es/agencies/md567/estates/546963/images/8783507/gallery_media.jpeg', 'https://cdn-media.medialabtc.it/es/agencies/md567/estates/546963/images/8783667/gallery_media.jpeg', 'https://cdn-media.medialabtc.it/es/agencies/md567/estates/546963/images/8783514/gallery_media.jpeg', 'https://cdn-media.medialabtc.it/es/agencies/md567/estates/546963/images/8783512/gallery_media.jpeg', 'https://cdn-media.medialabtc.it/es/agencies/md567/estates/546963/images/8783504/gallery_media.jpeg', 'https://cdn-media.medialabtc.it/es/agencies/md567/estates/546963/images/8783672/gallery_media.jpeg', 'https://cdn-media.medialabtc.it/es/agencies/md567/estates/546963/images/8783666/gallery_media.jpeg', 'https://cdn-media.medialabtc.it/es/agencies/md567/estates/546963/images/8783508/gallery_media.jpeg', 'https://cdn-media.medialabtc.it/es/agencies/md567/estates/546963/images/8783506/gallery_media.jpeg', 'https://cdn-media.medialabtc.it/es/agencies/md567/estates/546963/images/8783664/gallery_media.jpeg', 'https://cdn-media.medialabtc.it/es/agencies/md567/estates/546963/images/8783668/gallery_media.jpeg', 'https://cdn-media.medialabtc.it/es/agencies/md567/estates/546963/images/8783518/gallery_media.jpeg', 'https://cdn-media.medialabtc.it/es/agencies/md567/estates/546963/images/8783517/gallery_media.jpeg', 'https://cdn-media.medialabtc.it/es/agencies/md567/estates/546963/images/8783673/gallery_media.jpeg', 'https://cdn-media.medialabtc.it/es/agencies/md567/estates/546963/images/8783515/gallery_media.jpeg']",0,Desconocido,0,0,0,1,0,E,0,0,"['imagenes_tecnocasa\\anuncio_1465\\0.jpeg', 'imagenes_tecnocasa\\anuncio_1465\\1.jpeg', 'imagenes_tecnocasa\\anuncio_1465\\2.jpeg', 'imagenes_tecnocasa\\anuncio_1465\\3.jpeg', 'imagenes_tecnocasa\\anuncio_1465\\4.jpeg', 'imagenes_tecnocasa\\anuncio_1465\\5.jpeg', 'imagenes_tecnocasa\\anuncio_1465\\6.jpeg', 'imagenes_tecnocasa\\anuncio_1465\\7.jpeg', 'imagenes_tecnocasa\\anuncio_1465\\8.jpeg', 'imagenes_tecnocasa\\anuncio_1465\\9.jpeg', 'imagenes_tecnocasa\\anuncio_1465\\10.jpeg', 'imagenes_tecnocasa\\anuncio_1465\\11.jpeg', 'imagenes_tecnocasa\\anuncio_1465\\12.jpeg', 'imagenes_tecnocasa\\anuncio_1465\\13.jpeg', 'imagenes_tecnocasa\\anuncio_1465\\14.jpeg', 'imagenes_tecnocasa\\anuncio_1465\\15.jpeg', 'imagenes_tecnocasa\\anuncio_1465\\16.jpeg', 'imagenes_tecnocasa\\anuncio_1465\\17.jpeg', 'imagenes_tecnocasa\\anuncio_1465\\18.jpeg', 'imagenes_tecnocasa\\anuncio_1465\\19.jpeg', 'imagenes_tecnocasa\\anuncio_1465\\20.jpeg', 'imagenes_tecnocasa\\anuncio_1465\\21.jpeg', 'imagenes_tecnocasa\\anuncio_1465\\22.jpeg', 'imagenes_tecnocasa\\anuncio_1465\\23.jpeg', 'imagenes_tecnocasa\\anuncio_1465\\24.jpeg', 'imagenes_tecnocasa\\anuncio_1465\\25.jpeg', 'imagenes_tecnocasa\\anuncio_1465\\26.jpeg', 'imagenes_tecnocasa\\anuncio_1465\\27.jpeg', 'imagenes_tecnocasa\\anuncio_1465\\28.jpeg']",1,Popular,1979,1,0,1,piso,1,Fuenlabrada,Fuenlabrada,40.282476,-3.7923422,1465,2021.3483146067415,351.0,225.0,0.04,0.26,1.0,0.0,cerámica,pintura,no visible,estándar (2.4-2.8m),nada,3.2,3.0,convencional,"['#A0522D', '#D2691E', '#FFF8DC']",regular,False,convencional,limitado,ninguno,ninguno,básico,básica,ninguno,6.2,6.4,ninguna,5
https://www.tecnocasa.es/venta/piso/madrid/fuenlabrada/599679.html,150000.0,2,84.0,1,"Agencia inmobiliaria de Fuenlabrada zona Barrio Belén - Fuenlabrada Centro Tecnocasa ESTUDIO NUEVO FUENLABRADA SL Vende vivienda semi-reformada, ubicada en la Calle Nazaret de 2 dormitorios (antiguamente 3 dormitorios), Ventanas Climalit en toda la vivienda, Salón de 24m² con acceso a Terraza amplia, Cocina grande de 8m² y baño completo con ventana, plato de ducha y mampara. Dispone de calefacción por radiadores de aluminio por gas natural.
La vivienda se encuentra alquilada actualmente en 800€, contrato en vigor hasta el 01/01/2026 comunicando los futuros compradores con una antelación mínima de 4 meses para ejercitar su derecho de no renovación del contrato de arrendamiento y rescisión del contrato.
La vivienda se encuentra alquilada actualmente en 800€, contrato en vigor hasta el 01/01/2026 comunicando los futuros compradores con una antelación mínima de 4 meses para ejercitar su derecho de no renovación del contrato de arrendamiento y rescisión del contrato.


La vivienda se encuentra pegada a la Calle Móstoles en pleno centro de Fuenlabrada pegada al Centro comercial Plaza de la Estación, ayuntamiento y todo tipo de servicios cercanos, así como estaciones de Metro, Renfe de Fuenlabrada Central...
Con más de 20 años estando Tecnocasa en el Barrio, ofreciendo el mejor servicio y profesionalidad siendo especialistas en:

- COMPRAVENTA Y ALQUILERES
- VALORACION GRATUITA DE SU INMUEBLE
- HERENCIAS
- ASESORAMIENTO PERSONALIZADO PARA VENDEDORES Y COMPRADORES
- VIVIENDA DE PROTECCIÓN OFICIAL (VPO)

Si quieres vender, comprar o alquilar en el barrio confié en Tecnocasa Calle Móstoles 34, Local.

AVISO LEGAL: Recordamos a nuestros Señores clientes que la información facilitada no constituye una auténtica oferta vinculante ni contractual. Este anuncio publicitario es provisional, y las fotografías y datos en él incluidos están sujetos a posibles modificaciones, consecuencia de exigencias comerciales, jurídicas, técnicas o por mandato expreso de la propiedad. La información aquí contenida procura reflejar una orientación sobre los inmuebles a la fecha de su publicación. La totalidad del contenido que aparece tiene carácter meramente informativo y aproximado, no teniendo, en modo alguno, carácter contractual. Tanto los datos, como las imágenes y planos pueden estar sujetos a cambios, por lo que le invitamos a que, si precisa una información más exacta y detallada, contacte con nosotros y le atenderemos a la mayor brevedad posible. Los contenidos tienen únicamente finalidad informativa y bajo ninguna circunstancia deben usarse ni considerarse como oferta de venta o financiación, solicitud de una oferta de compra o financiación, ni recomendación para realizar cualquier otra transacción, salvo que así se indique expresamente. La información y documentación a ofrecer de acuerdo con lo dispuesto en el Real Decreto 515/1989 (de 21 de abril, relativa a la protección de los consumidores en cuanto a la información a suministrar en la compraventa y arrendamiento de viviendas), será puesta a disposición de los potenciales compradores en las respectivas delegaciones territoriales gestoras del inmueble.",1,1,1,1,1,1,0,1,1,1,"['https://cdn-media.medialabtc.it/es/agencies/md572/estates/599679/images/8495060/gallery_media.jpeg', 'https://cdn-media.medialabtc.it/es/agencies/md572/estates/599679/images/8495063/gallery_media.jpeg', 'https://cdn-media.medialabtc.it/es/agencies/md572/estates/599679/images/8495110/gallery_media.jpeg', 'https://cdn-media.medialabtc.it/es/agencies/md572/estates/599679/images/8495065/gallery_media.jpeg', 'https://cdn-media.medialabtc.it/es/agencies/md572/estates/599679/images/8495120/gallery_media.jpeg', 'https://cdn-media.medialabtc.it/es/agencies/md572/estates/599679/images/8495108/gallery_media.jpeg', 'https://cdn-media.medialabtc.it/es/agencies/md572/estates/599679/images/8495109/gallery_media.jpeg', 'https://cdn-media.medialabtc.it/es/agencies/md572/estates/599679/images/8495104/gallery_media.jpeg', 'https://cdn-media.medialabtc.it/es/agencies/md572/estates/599679/images/8495119/gallery_media.jpeg', 'https://cdn-media.medialabtc.it/es/agencies/md572/estates/599679/images/8495111/gallery_media.jpeg', 'https://cdn-media.medialabtc.it/es/agencies/md572/estates/599679/images/8495059/gallery_media.jpeg', 'https://cdn-media.medialabtc.it/es/agencies/md572/estates/599679/images/8495056/gallery_media.jpeg', 'https://cdn-media.medialabtc.it/es/agencies/md572/estates/599679/images/8495116/gallery_media.jpeg', 'https://cdn-media.medialabtc.it/es/agencies/md572/estates/599679/images/8495061/gallery_media.jpeg', 'https://cdn-media.medialabtc.it/es/agencies/md572/estates/599679/images/8495117/gallery_media.jpeg', 'https://cdn-media.medialabtc.it/es/agencies/md572/estates/599679/images/8495113/gallery_media.jpeg', 'https://cdn-media.medialabtc.it/es/agencies/md572/estates/599679/images/8495112/gallery_media.jpeg', 'https://cdn-media.medialabtc.it/es/agencies/md572/estates/599679/images/8495106/gallery_media.jpeg', 'https://cdn-media.medialabtc.it/es/agencies/md572/estates/599679/images/8495062/gallery_media.jpeg', 'https://cdn-media.medialabtc.it/es/agencies/md572/estates/599679/images/8495058/gallery_media.jpeg', 'https://cdn-media.medialabtc.it/es/agencies/md572/estates/599679/images/8495115/gallery_media.jpeg', 'https://cdn-media.medialabtc.it/es/agencies/md572/estates/599679/images/8495105/gallery_media.jpeg']",0,Desconocido,0,0,0,1,0,E,0,0,"['imagenes_tecnocasa\\anuncio_1467\\0.jpeg', 'imagenes_tecnocasa\\anuncio_1467\\1.jpeg', 'imagenes_tecnocasa\\anuncio_1467\\2.jpeg', 'imagenes_tecnocasa\\anuncio_1467\\3.jpeg', 'imagenes_tecnocasa\\anuncio_1467\\4.jpeg', 'imagenes_tecnocasa\\anuncio_1467\\5.jpeg', 'imagenes_tecnocasa\\anuncio_1467\\6.jpeg', 'imagenes_tecnocasa\\anuncio_1467\\7.jpeg', 'imagenes_tecnocasa\\anuncio_1467\\8.jpeg', 'imagenes_tecnocasa\\anuncio_1467\\9.jpeg', 'imagenes_tecnocasa\\anuncio_1467\\10.jpeg', 'imagenes_tecnocasa\\anuncio_1467\\11.jpeg', 'imagenes_tecnocasa\\anuncio_1467\\12.jpeg', 'imagenes_tecnocasa\\anuncio_1467\\13.jpeg', 'imagenes_tecnocasa\\anuncio_1467\\14.jpeg', 'imagenes_tecnocasa\\anuncio_1467\\15.jpeg', 'imagenes_tecnocasa\\anuncio_1467\\16.jpeg', 'imagenes_tecnocasa\\anuncio_1467\\17.jpeg', 'imagenes_tecnocasa\\anuncio_1467\\18.jpeg', 'imagenes_tecnocasa\\anuncio_1467\\19.jpeg', 'imagenes_tecnocasa\\anuncio_1467\\20.jpeg', 'imagenes_tecnocasa\\anuncio_1467\\21.jpeg']",0,Media,1971,0,0,0,piso,4,Fuenlabrada,Fuenlabrada,40.282476,-3.7923422,1467,1785.7142857142858,468.0,273.0,0.1,0.23000000000000004,0.0,0.0,parquet,pintura,corredera,estándar (2.4-2.8m),nada,2.6,2.6,convencional,"['#FFF0F5', '#A0522D', '#808080']",regular,False,convencional,limitado,ninguno,ninguno,básico,básica,ninguno,5.8,6.0,leve,5
https://www.tecnocasa.es/venta/piso/madrid/madrid/599186.html,199000.0,3,74.0,1,"TECNOCASA PARQUE DE LAS AVENIDAS, VENDE.
Inmueble en planta semisotano, con 4 ventanas a la calle (una en cada estancia), formado por amplio hall de entrada, salón-comedor, dormitorio doble con armario empotrado, cocina y baño. El inmueble se ubica en una de las zonas mas tranquilas del barrio, con zonas ajardinadas, colegios, áreas deportivas y para niños
La propiedad está ubicada en el distrito Salamanca, barrio de la Guindalera, PARQUE DE LAS AVENIDAS, una de las zonas más emblemáticas y exclusivas de la ciudad. El carácter residencial del barrio, convive con la actividad comercial, lo que le hacen un lugar idóneo para vivir. Por su situación tiene accesos directo a la M-30 en ambos sentidos, así como comunicaciones con todo Madrid, destacando las salidas hacia la A-2, calles de Alcalá, Diego de León y la Avenida de América entre otras, existe en la zona una amplia dotación de transporte público, así como colegios, guarderías y escuelas infantiles, y todo tipo de supermercados.
Este inmueble originalmente se encontraba catastrado como vivienda y registrado como local, actualmente se ha presentado la escritura para el cambio de uso registral.
Honorarios de intermediación no incluidos en el precio.",1,1,1,1,1,1,1,1,1,1,"['https://cdn-media.medialabtc.it/es/agencies/mdasb/estates/599186/images/8569467/gallery_media.jpeg', 'https://cdn-media.medialabtc.it/es/agencies/mdasb/estates/599186/images/8569464/gallery_media.jpeg', 'https://cdn-media.medialabtc.it/es/agencies/mdasb/estates/599186/images/8569462/gallery_media.jpeg', 'https://cdn-media.medialabtc.it/es/agencies/mdasb/estates/599186/images/8569456/gallery_media.jpeg', 'https://cdn-media.medialabtc.it/es/agencies/mdasb/estates/599186/images/8569468/gallery_media.jpeg', 'https://cdn-media.medialabtc.it/es/agencies/mdasb/estates/599186/images/8569466/gallery_media.jpeg', 'https://cdn-media.medialabtc.it/es/agencies/mdasb/estates/599186/images/8569457/gallery_media.jpeg', 'https://cdn-media.medialabtc.it/es/agencies/mdasb/estates/599186/images/8569459/gallery_media.jpeg', 'https://cdn-media.medialabtc.it/es/agencies/mdasb/estates/599186/images/8569470/gallery_media.jpeg', 'https://cdn-media.medialabtc.it/es/agencies/mdasb/estates/599186/images/8569460/gallery_media.jpeg', 'https://cdn-media.medialabtc.it/es/agencies/mdasb/estates/599186/images/8569469/gallery_media.jpeg', 'https://cdn-media.medialabtc.it/es/agencies/mdasb/estates/599186/images/8569465/gallery_media.jpeg', 'https://cdn-media.medialabtc.it/es/agencies/mdasb/estates/599186/images/8569461/gallery_media.jpeg', 'https://cdn-media.medialabtc.it/es/agencies/mdasb/estates/599186/images/8569458/gallery_media.jpeg', 'https://cdn-media.medialabtc.it/es/agencies/mdasb/estates/599186/images/8569463/gallery_media.jpeg', 'https://cdn-media.medialabtc.it/es/agencies/mdasb/estates/599186/images/8569455/gallery_media.jpeg']",0,Desconocido,0,0,0,0,0,Desconocida,0,0,"['imagenes_tecnocasa\\anuncio_1469\\0.jpeg', 'imagenes_tecnocasa\\anuncio_1469\\1.jpeg', 'imagenes_tecnocasa\\anuncio_1469\\2.jpeg', 'imagenes_tecnocasa\\anuncio_1469\\3.jpeg', 'imagenes_tecnocasa\\anuncio_1469\\4.jpeg', 'imagenes_tecnocasa\\anuncio_1469\\5.jpeg', 'imagenes_tecnocasa\\anuncio_1469\\6.jpeg', 'imagenes_tecnocasa\\anuncio_1469\\7.jpeg', 'imagenes_tecnocasa\\anuncio_1469\\8.jpeg', 'imagenes_tecnocasa\\anuncio_1469\\9.jpeg', 'imagenes_tecnocasa\\anuncio_1469\\10.jpeg', 'imagenes_tecnocasa\\anuncio_1469\\11.jpeg', 'imagenes_tecnocasa\\anuncio_1469\\12.jpeg', 'imagenes_tecnocasa\\anuncio_1469\\13.jpeg', 'imagenes_tecnocasa\\anuncio_1469\\14.jpeg', 'imagenes_tecnocasa\\anuncio_1469\\15.jpeg']",1,Media,1961,1,0,0,piso,2,Madrid,"Parque De Las Avenidas, Madrid",40.4167047,-3.7035825,1469,2689.189189189189,194.0,132.0,0.0,0.0,1.0,0.0,cerámica,pintura,corredera,estándar (2.4-2.8m),nada,3.6,3.4,convencional,"['#FFFFFF', '#F2F2F2', '#A0A0A0']",regular,False,convencional,limitado,ninguno,ninguno,estándar,básica,ninguno,6.4,6.6,ninguna,5
https://www.tecnocasa.es/venta/piso/madrid/madrid/573955.html,408000.0,3,76.0,2,"EDIFICIO RESIDENCIAL DE OBRA NUEVA, FINALIZACIÓN DE OBRAS PREVISTA PARA EL SEGUNDO TRIMESTRE DE 2025. FECHAS DE ENTREGA, PENDIENTE DE CONFIRMAR.
PROMOCIÓN DE 7 VIVIENDAS Y 6 PLAZAS DE GARAJE EN EL DISTRITO SALAMANCA, BARRIO GUINDALERA, PARQUE DE LAS AVENIDAS.
La promoción consta de plantas sótano, baja, primera, segunda y ático retranqueado, está compuesta por 2 áticos de 1 dormitorio, con terraza en planta de 15 m2 y solarium de 35 m2 en cubierta, 4 viviendas de 2 dormitorios y una vivienda estudio/1 dormitorio con patio privado de 20 m2. Cuenta con 6 plazas de garaje en planta sótano anejas a las viviendas.
Las viviendas se entregan con cocinas completamente equipadas con electrodomésticos incluidos.
La propiedad está ubicada en el distrito Salamanca, barrio de la Guindalera, Parque de las Avenidas, una de las zonas más emblemáticas y exclusivas de la ciudad. El carácter residencial del barrio, convive con la actividad comercial, lo que le hacen un lugar idóneo para vivir. Por su situación tiene accesos directo a la M-30 en ambos sentidos, así como comunicaciones con todo Madrid, destacando las salidas hacia la A-2, calles de Alcalá, Diego de León y la Avenida de América entre otras, existe en la zona una amplia dotación de transporte público, así como colegios, guarderías y escuelas infantiles, y todo tipo de supermercado",1,1,1,1,1,1,1,1,1,1,"['https://cdn-media.medialabtc.it/es/agencies/mdasb/estates/573955/images/8028149/gallery_media.jpeg', 'https://cdn-media.medialabtc.it/es/agencies/mdasb/estates/573955/images/8028148/gallery_media.jpeg', 'https://cdn-media.medialabtc.it/es/agencies/mdasb/estates/573955/images/8028093/gallery_media.jpeg', 'https://cdn-media.medialabtc.it/es/agencies/mdasb/estates/573955/images/8028145/gallery_media.jpeg', 'https://cdn-media.medialabtc.it/es/agencies/mdasb/estates/573955/images/8028150/gallery_media.jpeg', 'https://cdn-media.medialabtc.it/es/agencies/mdasb/estates/573955/images/8028094/gallery_media.jpeg', 'https://cdn-media.medialabtc.it/es/agencies/mdasb/estates/573955/images/8028095/gallery_media.jpeg', 'https://cdn-media.medialabtc.it/es/agencies/mdasb/estates/573955/images/8028142/gallery_media.jpeg', 'https://cdn-media.medialabtc.it/es/agencies/mdasb/estates/573955/images/8028146/gallery_media.jpeg', 'https://cdn-media.medialabtc.it/es/agencies/mdasb/estates/573955/images/8028147/gallery_media.jpeg', 'https://cdn-media.medialabtc.it/es/agencies/mdasb/estates/573955/images/8028144/gallery_media.jpeg', 'https://cdn-media.medialabtc.it/es/agencies/mdasb/estates/573955/images/8028143/gallery_media.jpeg']",0,Desconocido,1,0,0,1,0,Desconocida,0,0,"['imagenes_tecnocasa\\anuncio_1470\\0.jpeg', 'imagenes_tecnocasa\\anuncio_1470\\1.jpeg', 'imagenes_tecnocasa\\anuncio_1470\\2.jpeg', 'imagenes_tecnocasa\\anuncio_1470\\3.jpeg', 'imagenes_tecnocasa\\anuncio_1470\\4.jpeg', 'imagenes_tecnocasa\\anuncio_1470\\5.jpeg', 'imagenes_tecnocasa\\anuncio_1470\\6.jpeg', 'imagenes_tecnocasa\\anuncio_1470\\7.jpeg', 'imagenes_tecnocasa\\anuncio_1470\\8.jpeg', 'imagenes_tecnocasa\\anuncio_1470\\9.jpeg', 'imagenes_tecnocasa\\anuncio_1470\\10.jpeg', 'imagenes_tecnocasa\\anuncio_1470\\11.jpeg']",0,De época,2024,0,0,0,piso,2,Guindalera,"Guindalera, Madrid",40.436356,-3.6680189,1470,5368.421052631579,219.0,157.0,0.0,0.0,0.0,0.0,cerámica,pintura,corredera,estándar (2.4-2.8m),nada,6.4,8.0,moderno,"['#F2F2F2', '#A7A7A7', '#595959']",buena,True,eficiente,normal,ninguno,ninguno,estándar,parcialmente equipada,ninguno,8.6,7.6,ninguna,5
https://www.tecnocasa.es/venta/piso/madrid/coslada/602295.html,166300.0,2,68.0,1,"Agencia inmobiliaria Tecnocasa Coslada zona Coslada Pueblo, Barrio Del Puerto Tecnocasa Estudio Nuevo Coslada Pueblo
RESERVADA: Descubre esta acogedora vivienda con una ubicación inmejorable en el centro de COSLADA PUEBLO. La vivienda se encuentra en la calle TRAVESÍA DEL CURTIDOR. Ideal para quienes buscan un hogar cómodo y bien ubicado. Este piso de 68 m² ofrece un espacio funcional con dos dormitorios luminosos, perfecto para familias. La propiedad cuenta con un baño completo con plato de ducha y ventana. Cocina totalmente EQUIPADA. Cuenta con un gran SALÓN-COMEDOR con GRAN VENTANAL lo que hace que tengas un salón muy luminoso con unas vistas inmejorables. Construido en 1975, este hogar combina el encanto de su época con las comodidades modernas. La distribución del piso permite aprovechar al máximo cada metro cuadrado, ofreciendo un ambiente cálido y acogedor. Su ubicación en Coslada proporciona fácil acceso a servicios, transporte público y áreas comerciales, haciendo de esta propiedad una opción práctica para el día a día. No pierdas la oportunidad de visitar este piso y descubrir todo lo que tiene para ofrecer. Contáctanos para más información y para agendar una visita.
¡No dejes pasar esta oportunidad de tener tu propio hogar en una ubicación privilegiada!",1,0,1,1,1,1,0,1,1,1,"['https://cdn-media.medialabtc.it/es/agencies/md615/estates/602295/images/8559813/gallery_media.jpeg', 'https://cdn-media.medialabtc.it/es/agencies/md615/estates/602295/images/8559809/gallery_media.jpeg', 'https://cdn-media.medialabtc.it/es/agencies/md615/estates/602295/images/8559807/gallery_media.jpeg', 'https://cdn-media.medialabtc.it/es/agencies/md615/estates/602295/images/8559798/gallery_media.jpeg', 'https://cdn-media.medialabtc.it/es/agencies/md615/estates/602295/images/8559796/gallery_media.jpeg', 'https://cdn-media.medialabtc.it/es/agencies/md615/estates/602295/images/8559811/gallery_media.jpeg', 'https://cdn-media.medialabtc.it/es/agencies/md615/estates/602295/images/8559801/gallery_media.jpeg', 'https://cdn-media.medialabtc.it/es/agencies/md615/estates/602295/images/8559800/gallery_media.jpeg', 'https://cdn-media.medialabtc.it/es/agencies/md615/estates/602295/images/8559808/gallery_media.jpeg', 'https://cdn-media.medialabtc.it/es/agencies/md615/estates/602295/images/8608793/gallery_media.jpeg', 'https://cdn-media.medialabtc.it/es/agencies/md615/estates/602295/images/8559812/gallery_media.jpeg', 'https://cdn-media.medialabtc.it/es/agencies/md615/estates/602295/images/8559810/gallery_media.jpeg', 'https://cdn-media.medialabtc.it/es/agencies/md615/estates/602295/images/8559802/gallery_media.jpeg', 'https://cdn-media.medialabtc.it/es/agencies/md615/estates/602295/images/8559806/gallery_media.jpeg', 'https://cdn-media.medialabtc.it/es/agencies/md615/estates/602295/images/8559799/gallery_media.jpeg', 'https://cdn-media.medialabtc.it/es/agencies/md615/estates/602295/images/8559803/gallery_media.jpeg', 'https://cdn-media.medialabtc.it/es/agencies/md615/estates/602295/images/8565115/gallery_media.jpeg', 'https://cdn-media.medialabtc.it/es/agencies/md615/estates/602295/images/8559805/gallery_media.jpeg', 'https://cdn-media.medialabtc.it/es/agencies/md615/estates/602295/images/8559797/gallery_media.jpeg']",1,Desconocido,0,0,0,0,0,E,0,0,"['imagenes_tecnocasa\\anuncio_1471\\0.jpeg', 'imagenes_tecnocasa\\anuncio_1471\\1.jpeg', 'imagenes_tecnocasa\\anuncio_1471\\2.jpeg', 'imagenes_tecnocasa\\anuncio_1471\\3.jpeg', 'imagenes_tecnocasa\\anuncio_1471\\4.jpeg', 'imagenes_tecnocasa\\anuncio_1471\\5.jpeg', 'imagenes_tecnocasa\\anuncio_1471\\6.jpeg', 'imagenes_tecnocasa\\anuncio_1471\\7.jpeg', 'imagenes_tecnocasa\\anuncio_1471\\8.jpeg', 'imagenes_tecnocasa\\anuncio_1471\\9.jpeg', 'imagenes_tecnocasa\\anuncio_1471\\10.jpeg', 'imagenes_tecnocasa\\anuncio_1471\\11.jpeg', 'imagenes_tecnocasa\\anuncio_1471\\12.jpeg', 'imagenes_tecnocasa\\anuncio_1471\\13.jpeg', 'imagenes_tecnocasa\\anuncio_1471\\14.jpeg', 'imagenes_tecnocasa\\anuncio_1471\\15.jpeg', 'imagenes_tecnocasa\\anuncio_1471\\16.jpeg', 'imagenes_tecnocasa\\anuncio_1471\\17.jpeg', 'imagenes_tecnocasa\\anuncio_1471\\18.jpeg']",1,Señorial,1970,1,0,1,piso,1,Coslada,Coslada,40.423802,-3.5552882,1471,2445.5882352941176,200.0,140.0,1.0,1.0,1.0,1.0,cerámica,pintura,corredera,estándar (2.4-2.8m),nada,3.4,3.6,convencional,"['#D2B48C', '#F2F2F2', '#966F33']",regular,False,convencional,limitado,ninguno,ninguno,estándar,parcialmente equipada,ninguno,6.4,6.2,ninguna,5
https://www.tecnocasa.es/venta/piso/madrid/madrid/606162.html,260001.0,3,74.0,1,"EN VENTA: Vivienda muy luminosa de 80m2 con 3 dormitorios. Salón muy amplio con acceso a terraza abierta y pasillo distribuidor. Vivienda totalmente exterior y entrada de luz natural.
A 6 minutos del metro de la Elipa (línea 2), 4 minutos del metro de Quintana (línea5) y a 5 minutos del metro de Ascao (línea 7). Zona consolidada con todos los servicios que cualquier persona pueda necesitar; supermercados, colegios, médicos, polideportivos, biblioteca etc. )
Zona consolidada con todos los servicios, comercios, supermercados, colegios, zonas verdes. Fácil acceso a M-30, A2, A3 y a 40 minutos andado del parque del retiro. Zona en auge por el soterramiento de la M-30, imitando a Madrid Rio y uniendo el barrio de Salamanca con el barrio de Ciudad Lineal y ampliación de la línea 11 de metro, la cual conectará el este de Madrid con Barajas. Dispondremos de parada de metro en el barrio de concepción a escasos minutos de la vivienda.",1,0,1,1,1,1,0,1,1,1,"['https://cdn-media.medialabtc.it/es/agencies/md055/estates/606162/images/8638701/gallery_media.jpeg', 'https://cdn-media.medialabtc.it/es/agencies/md055/estates/606162/images/8639034/gallery_media.jpeg', 'https://cdn-media.medialabtc.it/es/agencies/md055/estates/606162/images/8638703/gallery_media.jpeg', 'https://cdn-media.medialabtc.it/es/agencies/md055/estates/606162/images/8638707/gallery_media.jpeg', 'https://cdn-media.medialabtc.it/es/agencies/md055/estates/606162/images/8638702/gallery_media.jpeg', 'https://cdn-media.medialabtc.it/es/agencies/md055/estates/606162/images/8639032/gallery_media.jpeg', 'https://cdn-media.medialabtc.it/es/agencies/md055/estates/606162/images/8638699/gallery_media.jpeg', 'https://cdn-media.medialabtc.it/es/agencies/md055/estates/606162/images/8638705/gallery_media.jpeg', 'https://cdn-media.medialabtc.it/es/agencies/md055/estates/606162/images/8638704/gallery_media.jpeg', 'https://cdn-media.medialabtc.it/es/agencies/md055/estates/606162/images/8639033/gallery_media.jpeg', 'https://cdn-media.medialabtc.it/es/agencies/md055/estates/606162/images/8639031/gallery_media.jpeg', 'https://cdn-media.medialabtc.it/es/agencies/md055/estates/606162/images/8638700/gallery_media.jpeg', 'https://cdn-media.medialabtc.it/es/agencies/md055/estates/606162/images/8638708/gallery_media.jpeg', 'https://cdn-media.medialabtc.it/es/agencies/md055/estates/606162/images/8638706/gallery_media.jpeg', 'https://cdn-media.medialabtc.it/es/agencies/md055/estates/606162/images/8639035/gallery_media.jpeg']",0,Desconocido,0,0,0,1,0,E,0,0,"['imagenes_tecnocasa\\anuncio_1472\\0.jpeg', 'imagenes_tecnocasa\\anuncio_1472\\1.jpeg', 'imagenes_tecnocasa\\anuncio_1472\\2.jpeg', 'imagenes_tecnocasa\\anuncio_1472\\3.jpeg', 'imagenes_tecnocasa\\anuncio_1472\\4.jpeg', 'imagenes_tecnocasa\\anuncio_1472\\5.jpeg', 'imagenes_tecnocasa\\anuncio_1472\\6.jpeg', 'imagenes_tecnocasa\\anuncio_1472\\7.jpeg', 'imagenes_tecnocasa\\anuncio_1472\\8.jpeg', 'imagenes_tecnocasa\\anuncio_1472\\9.jpeg', 'imagenes_tecnocasa\\anuncio_1472\\10.jpeg', 'imagenes_tecnocasa\\anuncio_1472\\11.jpeg', 'imagenes_tecnocasa\\anuncio_1472\\12.jpeg', 'imagenes_tecnocasa\\anuncio_1472\\13.jpeg', 'imagenes_tecnocasa\\anuncio_1472\\14.jpeg']",0,Media,1970,0,0,0,piso,3,Ciudad Lineal,"Ciudad Lineal, Quintana, Madrid",40.4484305,-3.650495,1472,3513.527027027027,158.0,94.0,0.1,0.4,1.0,0.0,parquet,pintura,no visible,estándar (2.4-2.8m),nada,2.8,2.4,convencional,"['#A0522D', '#F5F5DC', '#FFFFFF']",regular,False,convencional,limitado,ninguno,ninguno,estándar,básica,ninguno,5.8,5.4,ninguna,5
https://www.tecnocasa.es/venta/piso/madrid/madrid/612350.html,229000.0,3,63.0,1,"Descubre esta acogedora vivienda en el corazón del municipio de Madrid, ideal para quienes buscan un hogar funcional y bien ubicado. Este piso, construido en 1960, ofrece una distribución práctica en sus 63 m², con tres dormitorios que brindan el espacio necesario para una familia o para quienes desean contar con un despacho o habitación extra. La propiedad se encuentra en una planta media, lo que garantiza una buena iluminación natural y un ambiente tranquilo. Además, cuenta con una terraza que se convierte en el lugar perfecto para disfrutar de momentos al aire libre o para crear un pequeño jardín urbano. Su categoría popular lo hace accesible para quienes buscan una inversión inteligente en una zona con todos los servicios a mano. No pierdas la oportunidad de visitar este piso y descubrir todo su potencial para convertirse en tu próximo hogar.",1,0,1,1,1,1,0,1,1,1,['https://www.tecnocasa.es/img/home-hero/es/tecnocasa/residential/desktop_6.jpg'],0,Desconocido,0,0,0,1,0,Desconocida,0,0,['imagenes_tecnocasa\\anuncio_1476\\0.jpg'],0,Popular,1960,1,0,0,piso,2,Madrid,"Ventas, Madrid",40.4167047,-3.7035825,1476,3634.9206349206347,141.0,102.0,0.4,0.6,1.0,1.0,otro,otro,otro,otro,nada,0.0,0.0,otro,"['#0077be', '#ffffff', '#a7a7a7']",otro,False,otro,otro,ninguno,ninguno,otro,otro,ninguno,8.0,7.0,ninguna,1
https://www.tecnocasa.es/venta/piso/madrid/madrid/605415.html,350000.0,1,67.0,1,"¡Descubre este Ático en el corazón de Argüelles!

Te presentamos este encantador ático de 72 m², una joya en una de las zonas más emblemáticas de la ciudad. Con su diseño moderno y luminoso, este espacio es perfecto para quienes buscan comodidad y estilo.

Características del ático:
- Superficie: 72 m² distribuidos de manera inteligente, maximizando cada rincón.
- Habitación: Una acogedora habitación que ofrece un refugio ideal para descansar.
- Salón: Amplio y luminoso, con grandes ventanales que permiten la entrada de luz natural y ofrecen vistas impresionantes de la ciudad.
- Cocina: Cocina independiente totalmente equipada, perfecta para los amantes de la gastronomía.
- Terraza: Disfruta de una maravillosa terraza privada, ideal para relajarte al aire libre o disfrutar de un buen libro bajo el sol.

Estado del inmueble: Actualmente, el ático se encuentra alquilado, lo que lo convierte en una excelente opción para inversores que buscan una propiedad con rentabilidad inmediata.

Descripción de la zona:
Ubicado en el encantador barrio de Argüelles, este ático te sitúa a pocos pasos de una amplia variedad de servicios, como supermercados, tiendas, cafeterías y restaurantes. La zona es conocida por su ambiente tranquilo y su cercanía a espacios verdes, como el Parque del Oeste, donde podrás disfrutar de paseos y actividades al aire libre. Además, cuenta con excelentes conexiones de transporte público, facilitando el acceso a otras áreas de la ciudad.

Este ático es una oportunidad única para vivir en un entorno vibrante y acogedor. ¡No dejes pasar la oportunidad de visitarlo!

Para más información o para agendar una visita, ¡contáctanos!",1,1,1,1,1,1,1,1,1,1,"['https://cdn-media.medialabtc.it/es/agencies/md085/estates/605415/images/8624148/gallery_media.jpeg', 'https://cdn-media.medialabtc.it/es/agencies/md085/estates/605415/images/8624152/gallery_media.jpeg', 'https://cdn-media.medialabtc.it/es/agencies/md085/estates/605415/images/8624150/gallery_media.jpeg', 'https://cdn-media.medialabtc.it/es/agencies/md085/estates/605415/images/8624153/gallery_media.jpeg', 'https://cdn-media.medialabtc.it/es/agencies/md085/estates/605415/images/8624149/gallery_media.jpeg', 'https://cdn-media.medialabtc.it/es/agencies/md085/estates/605415/images/8624154/gallery_media.jpeg', 'https://cdn-media.medialabtc.it/es/agencies/md085/estates/605415/images/8624151/gallery_media.jpeg']",1,Desconocido,0,0,0,1,0,Desconocida,0,0,"['imagenes_tecnocasa\\anuncio_1477\\0.jpeg', 'imagenes_tecnocasa\\anuncio_1477\\1.jpeg', 'imagenes_tecnocasa\\anuncio_1477\\2.jpeg', 'imagenes_tecnocasa\\anuncio_1477\\3.jpeg', 'imagenes_tecnocasa\\anuncio_1477\\4.jpeg', 'imagenes_tecnocasa\\anuncio_1477\\5.jpeg', 'imagenes_tecnocasa\\anuncio_1477\\6.jpeg']",1,Popular,1930,0,0,0,piso,3,Argüelles,"Argüelles - Casa De Campo, Madrid",40.4307266,-3.7161715,1477,5223.880597014925,260.0,168.0,0.6666666666666666,0.7999999999999999,4.0,1.0,cerámica,pintura,corredera,estándar (2.4-2.8m),nada,3.4,3.6,convencional,"['#F5F5DC', '#FFE4C4', '#D3D3D3']",buena,False,convencional,limitado,ninguno,ninguno,estándar,básica,ninguno,6.0,6.6,ninguna,5
https://www.tecnocasa.es/venta/piso/madrid/galapagar/609238.html,239000.0,3,120.0,2,"POSIBILIDAD DE FINANCIACIÓN AL 100% DE SU PRÉSTAMO HIPOTECARIO.
Agencia inmobiliaria: TECNOCASA GALAPAGAR VENDE EN EXCLUSIVA:

Vivienda Dúplex de 3 habitaciones, cuenta con un amplio salón-comedor luminoso, la planta alta cuenta con un dormitorio principal, y dos habitaciones y un baño completo con bañera, la planta baja cuenta con, el salón-comedor, cocina con salida a tendedero, baño completo con bañera, escalera para subir a la planta de arriba de obra. Todas las estancias cuentan con ventanas. Esta vivienda también cuenta con trastero propio.

Se encuentra en una de las mejores zonas de Galapagar, cercana a servicios como, farmacias, colegios, polideportivo municipal, transporte publico, supermercados y pequeños comercios locales; así como restaurantes y terrazas.

POSIBILIDAD DE FINANCIACIÓN AL 100% DE SU HIPOTECA.

¡SOLICITANOS MAS INFORMACIÓN Y CONCERTA TU VISITA!",0,0,1,1,1,1,0,1,1,1,"['https://cdn-media.medialabtc.it/es/agencies/md618/estates/609238/images/8714898/gallery_media.jpeg', 'https://cdn-media.medialabtc.it/es/agencies/md618/estates/609238/images/8714883/gallery_media.jpeg', 'https://cdn-media.medialabtc.it/es/agencies/md618/estates/609238/images/8714886/gallery_media.jpeg', 'https://cdn-media.medialabtc.it/es/agencies/md618/estates/609238/images/8714900/gallery_media.jpeg', 'https://cdn-media.medialabtc.it/es/agencies/md618/estates/609238/images/8714899/gallery_media.jpeg', 'https://cdn-media.medialabtc.it/es/agencies/md618/estates/609238/images/8714887/gallery_media.jpeg', 'https://cdn-media.medialabtc.it/es/agencies/md618/estates/609238/images/8714896/gallery_media.jpeg', 'https://cdn-media.medialabtc.it/es/agencies/md618/estates/609238/images/8714901/gallery_media.jpeg', 'https://cdn-media.medialabtc.it/es/agencies/md618/estates/609238/images/8714895/gallery_media.jpeg', 'https://cdn-media.medialabtc.it/es/agencies/md618/estates/609238/images/8714892/gallery_media.jpeg', 'https://cdn-media.medialabtc.it/es/agencies/md618/estates/609238/images/8714902/gallery_media.jpeg', 'https://cdn-media.medialabtc.it/es/agencies/md618/estates/609238/images/8714884/gallery_media.jpeg', 'https://cdn-media.medialabtc.it/es/agencies/md618/estates/609238/images/8714890/gallery_media.jpeg', 'https://cdn-media.medialabtc.it/es/agencies/md618/estates/609238/images/8714897/gallery_media.jpeg', 'https://cdn-media.medialabtc.it/es/agencies/md618/estates/609238/images/8714888/gallery_media.jpeg', 'https://cdn-media.medialabtc.it/es/agencies/md618/estates/609238/images/8714889/gallery_media.jpeg', 'https://cdn-media.medialabtc.it/es/agencies/md618/estates/609238/images/8714893/gallery_media.jpeg', 'https://cdn-media.medialabtc.it/es/agencies/md618/estates/609238/images/8714891/gallery_media.jpeg', 'https://cdn-media.medialabtc.it/es/agencies/md618/estates/609238/images/8714882/gallery_media.jpeg', 'https://cdn-media.medialabtc.it/es/agencies/md618/estates/609238/images/8714885/gallery_media.jpeg']",0,Desconocido,0,1,0,0,0,E,0,0,"['imagenes_tecnocasa\\anuncio_1478\\0.jpeg', 'imagenes_tecnocasa\\anuncio_1478\\1.jpeg', 'imagenes_tecnocasa\\anuncio_1478\\2.jpeg', 'imagenes_tecnocasa\\anuncio_1478\\3.jpeg', 'imagenes_tecnocasa\\anuncio_1478\\4.jpeg', 'imagenes_tecnocasa\\anuncio_1478\\5.jpeg', 'imagenes_tecnocasa\\anuncio_1478\\6.jpeg', 'imagenes_tecnocasa\\anuncio_1478\\7.jpeg', 'imagenes_tecnocasa\\anuncio_1478\\8.jpeg', 'imagenes_tecnocasa\\anuncio_1478\\9.jpeg', 'imagenes_tecnocasa\\anuncio_1478\\10.jpeg', 'imagenes_tecnocasa\\anuncio_1478\\11.jpeg', 'imagenes_tecnocasa\\anuncio_1478\\12.jpeg', 'imagenes_tecnocasa\\anuncio_1478\\13.jpeg', 'imagenes_tecnocasa\\anuncio_1478\\14.jpeg', 'imagenes_tecnocasa\\anuncio_1478\\15.jpeg', 'imagenes_tecnocasa\\anuncio_1478\\16.jpeg', 'imagenes_tecnocasa\\anuncio_1478\\17.jpeg', 'imagenes_tecnocasa\\anuncio_1478\\18.jpeg', 'imagenes_tecnocasa\\anuncio_1478\\19.jpeg']",0,Popular,2008,1,0,1,piso,2,Galapagar,Galapagar,40.5774992,-4.0037748,1478,1991.6666666666667,128.0,92.0,0.0,0.0,2.0,0.0,otro,pintura,fija,bajo (<2.4m),nada,3.2,4.2,convencional,"['#F2B58D', '#FFFFFF', '#000000']",regular,False,convencional,limitado,ninguno,ninguno,estándar,básica,ninguno,6.6,6.0,ninguna,5
https://www.tecnocasa.es/venta/piso/madrid/leganes/603288.html,175000.0,3,72.0,1,"Agencia inmobiliaria de Leganés zona Zarzaquemada, Tecnocasa Area Inmoleganes 2024 Slu
EN VENTA: Excelente vivienda reformada completamente exterior muy luminosa en Leganés (Zarzaquemada)
Piso en ZARZAQUEMADA, listo para entrar a planta de 70m2,Compuesto de 3 dormitorios, salón, cocina Y baño.
Piso sin Ascensor completamente exterior.
Próxima a todos los servicios necesarios como colegios, supermercados, centro de salud, centro de día para mayores, zonas verdes y a escasos minutos de Renfe de ZARZAQUEMADA y Metro JULIAN BESTEIRO.
PROXIMAMENTE FOTOS.
Si precisa de más información no dude en contactar con nosotros
AVISO LEGAL: Recordamos a nuestros Señores clientes que la información facilitada no constituye una auténtica oferta vinculante ni contractual. Este anuncio publicitario es provisional, y las fotografías y datos en él incluidos están sujetos a posibles modificaciones, consecuencia de exigencias comerciales, jurídicas, técnicas o por mandato expreso de la propiedad. La información aquí contenida procura reflejar una orientación sobre los inmuebles a la fecha de su publicación. La totalidad del contenido que aparece tiene carácter meramente informativo y aproximado, no teniendo, en modo alguno, carácter contractual. Tanto los datos, como las imágenes y planos pueden estar sujetos a cambios, por lo que le invitamos a que, si precisa una información más exacta y detallada, contacte con nosotros y le atenderemos a la mayor brevedad posible. Los contenidos tienen únicamente finalidad informativa y bajo ninguna circunstancia deben usarse ni considerarse como oferta de venta o financiación, solicitud de una oferta de compra o financiación, ni recomendación para realizar cualquier otra transacción, salvo que así se indique expresamente. La información y documentación a ofrecer de acuerdo con lo dispuesto en el Real Decreto 515/1989 (de 21 de abril, relativa a la protección de los consumidores en cuanto a la información a suministrar en la compraventa y arrendamiento de viviendas), será puesta a disposición de los potenciales compradores en las respectivas delegaciones territoriales gestoras del inmueble.",1,1,1,1,1,1,0,1,1,1,"['https://cdn-media.medialabtc.it/es/agencies/mdbcd/estates/603288/images/8646814/gallery_media.jpeg', 'https://cdn-media.medialabtc.it/es/agencies/mdbcd/estates/603288/images/8646830/gallery_media.jpeg', 'https://cdn-media.medialabtc.it/es/agencies/mdbcd/estates/603288/images/8646827/gallery_media.jpeg', 'https://cdn-media.medialabtc.it/es/agencies/mdbcd/estates/603288/images/8646826/gallery_media.jpeg', 'https://cdn-media.medialabtc.it/es/agencies/mdbcd/estates/603288/images/8646825/gallery_media.jpeg', 'https://cdn-media.medialabtc.it/es/agencies/mdbcd/estates/603288/images/8646823/gallery_media.jpeg', 'https://cdn-media.medialabtc.it/es/agencies/mdbcd/estates/603288/images/8646828/gallery_media.jpeg', 'https://cdn-media.medialabtc.it/es/agencies/mdbcd/estates/603288/images/8646815/gallery_media.jpeg', 'https://cdn-media.medialabtc.it/es/agencies/mdbcd/estates/603288/images/8646835/gallery_media.jpeg', 'https://cdn-media.medialabtc.it/es/agencies/mdbcd/estates/603288/images/8646824/gallery_media.jpeg', 'https://cdn-media.medialabtc.it/es/agencies/mdbcd/estates/603288/images/8646816/gallery_media.jpeg', 'https://cdn-media.medialabtc.it/es/agencies/mdbcd/estates/603288/images/8646819/gallery_media.jpeg', 'https://cdn-media.medialabtc.it/es/agencies/mdbcd/estates/603288/images/8646818/gallery_media.jpeg', 'https://cdn-media.medialabtc.it/es/agencies/mdbcd/estates/603288/images/8646820/gallery_media.jpeg', 'https://cdn-media.medialabtc.it/es/agencies/mdbcd/estates/603288/images/8646822/gallery_media.jpeg', 'https://cdn-media.medialabtc.it/es/agencies/mdbcd/estates/603288/images/8646832/gallery_media.jpeg', 'https://cdn-media.medialabtc.it/es/agencies/mdbcd/estates/603288/images/8646821/gallery_media.jpeg', 'https://cdn-media.medialabtc.it/es/agencies/mdbcd/estates/603288/images/8646812/gallery_media.jpeg', 'https://cdn-media.medialabtc.it/es/agencies/mdbcd/estates/603288/images/8646817/gallery_media.jpeg', 'https://cdn-media.medialabtc.it/es/agencies/mdbcd/estates/603288/images/8646834/gallery_media.jpeg', 'https://cdn-media.medialabtc.it/es/agencies/mdbcd/estates/603288/images/8646831/gallery_media.jpeg', 'https://cdn-media.medialabtc.it/es/agencies/mdbcd/estates/603288/images/8646813/gallery_media.jpeg', 'https://cdn-media.medialabtc.it/es/agencies/mdbcd/estates/603288/images/8646829/gallery_media.jpeg']",0,Desconocido,0,0,0,0,0,E,0,0,"['imagenes_tecnocasa\\anuncio_1479\\0.jpeg', 'imagenes_tecnocasa\\anuncio_1479\\1.jpeg', 'imagenes_tecnocasa\\anuncio_1479\\2.jpeg', 'imagenes_tecnocasa\\anuncio_1479\\3.jpeg', 'imagenes_tecnocasa\\anuncio_1479\\4.jpeg', 'imagenes_tecnocasa\\anuncio_1479\\5.jpeg', 'imagenes_tecnocasa\\anuncio_1479\\6.jpeg', 'imagenes_tecnocasa\\anuncio_1479\\7.jpeg', 'imagenes_tecnocasa\\anuncio_1479\\8.jpeg', 'imagenes_tecnocasa\\anuncio_1479\\9.jpeg', 'imagenes_tecnocasa\\anuncio_1479\\10.jpeg', 'imagenes_tecnocasa\\anuncio_1479\\11.jpeg', 'imagenes_tecnocasa\\anuncio_1479\\12.jpeg', 'imagenes_tecnocasa\\anuncio_1479\\13.jpeg', 'imagenes_tecnocasa\\anuncio_1479\\14.jpeg', 'imagenes_tecnocasa\\anuncio_1479\\15.jpeg', 'imagenes_tecnocasa\\anuncio_1479\\16.jpeg', 'imagenes_tecnocasa\\anuncio_1479\\17.jpeg', 'imagenes_tecnocasa\\anuncio_1479\\18.jpeg', 'imagenes_tecnocasa\\anuncio_1479\\19.jpeg', 'imagenes_tecnocasa\\anuncio_1479\\20.jpeg', 'imagenes_tecnocasa\\anuncio_1479\\21.jpeg', 'imagenes_tecnocasa\\anuncio_1479\\22.jpeg']",1,Popular,1974,0,0,0,piso,1,Leganés,"Zarzaquemada, Leganés",40.3281942,-3.76527,1479,2430.5555555555557,312.0,209.0,0.2,0.25,0.0,0.0,cerámica,pintura,corredera,estándar (2.4-2.8m),nada,3.2,4.0,convencional,"['#F2E9E1', '#A0522D', '#808080']",buena,True,convencional,normal,ninguno,ninguno,estándar,parcialmente equipada,ninguno,5.8,6.2,ninguna,5
https://www.tecnocasa.es/venta/piso/madrid/madrid/608093.html,440000.0,2,76.0,1,"'Tecnocasa Guzmán el Bueno (Registros de agentes inmobiliarios; Rain Nº000792/23) 'Protección de consumidores y usuarios' VENDE: Vivienda con TERRAZA.

Piso con una ubicación privilegiada y muy buena luz, situado en la Calle Marques de Lema a escasos metros del Parque Santander y Cuatro Caminos en zona Vallehermoso, Madrid

440.000 Euros.

Se vende piso de 76 m2 según nota catastral, exterior, con orientación Oeste. Inmueble con armarios empotrados, 1 cuarto de baño, amplio salón de 20 m2 aprox, 2 habitaciones (1 interior), hall, cocina y terraza.

Incluye plaza de garaje de grandes dimensiones y con acceso directo desde el ascensor.

Planta quinta de un edificio de siete alturas, con 6 ascensores, portero físico 24 Horas con servicios de recogida de basuras.

Con todos los servicios (colegios, supermercados, bancos, centro de salud) y con excelentes comunicaciones en transporte publico (metro L6 y L7 -paradas Guzmán el Bueno y Cuatro Caminos y autobuses 2, 44, 45, 64, 127, 132, C y F).

¡Oportunidad! Con Kiron y sus consejeros de crédito podrás encontrar la hipoteca que mejor se adapte a tus necesidades de financiación, valorando todas las ofertas que ofrecen las entidades bancarias de nuestro país con la posibilidad de financiación hasta 100 x 100, asesórate gratis y sin compromiso-. '.

¡MÁS DE 30 AÑOS NOS AVALAN EN EL BARRIO!

-Reserva tu visita. -.",1,1,1,1,1,1,1,1,1,1,"['https://cdn-media.medialabtc.it/es/agencies/md088/estates/608093/images/8734432/gallery_media.jpeg', 'https://cdn-media.medialabtc.it/es/agencies/md088/estates/608093/images/8734466/gallery_media.jpeg', 'https://cdn-media.medialabtc.it/es/agencies/md088/estates/608093/images/8734467/gallery_media.jpeg', 'https://cdn-media.medialabtc.it/es/agencies/md088/estates/608093/images/8734429/gallery_media.jpeg', 'https://cdn-media.medialabtc.it/es/agencies/md088/estates/608093/images/8734433/gallery_media.jpeg', 'https://cdn-media.medialabtc.it/es/agencies/md088/estates/608093/images/8734437/gallery_media.jpeg', 'https://cdn-media.medialabtc.it/es/agencies/md088/estates/608093/images/8734472/gallery_media.jpeg', 'https://cdn-media.medialabtc.it/es/agencies/md088/estates/608093/images/8734428/gallery_media.jpeg', 'https://cdn-media.medialabtc.it/es/agencies/md088/estates/608093/images/8734474/gallery_media.jpeg', 'https://cdn-media.medialabtc.it/es/agencies/md088/estates/608093/images/8734464/gallery_media.jpeg', 'https://cdn-media.medialabtc.it/es/agencies/md088/estates/608093/images/8734473/gallery_media.jpeg', 'https://cdn-media.medialabtc.it/es/agencies/md088/estates/608093/images/8734431/gallery_media.jpeg', 'https://cdn-media.medialabtc.it/es/agencies/md088/estates/608093/images/8734470/gallery_media.jpeg', 'https://cdn-media.medialabtc.it/es/agencies/md088/estates/608093/images/8734463/gallery_media.jpeg', 'https://cdn-media.medialabtc.it/es/agencies/md088/estates/608093/images/8734425/gallery_media.jpeg', 'https://cdn-media.medialabtc.it/es/agencies/md088/estates/608093/images/8734434/gallery_media.jpeg', 'https://cdn-media.medialabtc.it/es/agencies/md088/estates/608093/images/8734468/gallery_media.jpeg', 'https://cdn-media.medialabtc.it/es/agencies/md088/estates/608093/images/8734436/gallery_media.jpeg', 'https://cdn-media.medialabtc.it/es/agencies/md088/estates/608093/images/8734441/gallery_media.jpeg', 'https://cdn-media.medialabtc.it/es/agencies/md088/estates/608093/images/8734435/gallery_media.jpeg', 'https://cdn-media.medialabtc.it/es/agencies/md088/estates/608093/images/8734440/gallery_media.jpeg', 'https://cdn-media.medialabtc.it/es/agencies/md088/estates/608093/images/8734465/gallery_media.jpeg', 'https://cdn-media.medialabtc.it/es/agencies/md088/estates/608093/images/8734469/gallery_media.jpeg', 'https://cdn-media.medialabtc.it/es/agencies/md088/estates/608093/images/8734427/gallery_media.jpeg', 'https://cdn-media.medialabtc.it/es/agencies/md088/estates/608093/images/8734439/gallery_media.jpeg', 'https://cdn-media.medialabtc.it/es/agencies/md088/estates/608093/images/8734426/gallery_media.jpeg', 'https://cdn-media.medialabtc.it/es/agencies/md088/estates/608093/images/8734438/gallery_media.jpeg', 'https://cdn-media.medialabtc.it/es/agencies/md088/estates/608093/images/8734430/gallery_media.jpeg', 'https://cdn-media.medialabtc.it/es/agencies/md088/estates/608093/images/8734471/gallery_media.jpeg', 'https://cdn-media.medialabtc.it/es/agencies/md088/estates/608093/images/8734462/gallery_media.jpeg']",0,Desconocido,1,0,0,1,1,E,0,0,"['imagenes_tecnocasa\\anuncio_1481\\0.jpeg', 'imagenes_tecnocasa\\anuncio_1481\\1.jpeg', 'imagenes_tecnocasa\\anuncio_1481\\2.jpeg', 'imagenes_tecnocasa\\anuncio_1481\\3.jpeg', 'imagenes_tecnocasa\\anuncio_1481\\4.jpeg', 'imagenes_tecnocasa\\anuncio_1481\\5.jpeg', 'imagenes_tecnocasa\\anuncio_1481\\6.jpeg', 'imagenes_tecnocasa\\anuncio_1481\\7.jpeg', 'imagenes_tecnocasa\\anuncio_1481\\8.jpeg', 'imagenes_tecnocasa\\anuncio_1481\\9.jpeg', 'imagenes_tecnocasa\\anuncio_1481\\10.jpeg', 'imagenes_tecnocasa\\anuncio_1481\\11.jpeg', 'imagenes_tecnocasa\\anuncio_1481\\12.jpeg', 'imagenes_tecnocasa\\anuncio_1481\\13.jpeg', 'imagenes_tecnocasa\\anuncio_1481\\14.jpeg', 'imagenes_tecnocasa\\anuncio_1481\\15.jpeg', 'imagenes_tecnocasa\\anuncio_1481\\16.jpeg', 'imagenes_tecnocasa\\anuncio_1481\\17.jpeg', 'imagenes_tecnocasa\\anuncio_1481\\18.jpeg', 'imagenes_tecnocasa\\anuncio_1481\\19.jpeg', 'imagenes_tecnocasa\\anuncio_1481\\20.jpeg', 'imagenes_tecnocasa\\anuncio_1481\\21.jpeg', 'imagenes_tecnocasa\\anuncio_1481\\22.jpeg', 'imagenes_tecnocasa\\anuncio_1481\\23.jpeg', 'imagenes_tecnocasa\\anuncio_1481\\24.jpeg', 'imagenes_tecnocasa\\anuncio_1481\\25.jpeg', 'imagenes_tecnocasa\\anuncio_1481\\26.jpeg', 'imagenes_tecnocasa\\anuncio_1481\\27.jpeg', 'imagenes_tecnocasa\\anuncio_1481\\28.jpeg', 'imagenes_tecnocasa\\anuncio_1481\\29.jpeg']",1,Señorial,1970,1,0,1,piso,5,Madrid,Madrid,40.4167047,-3.7035825,1481,5789.473684210527,220.0,169.0,0.0,0.0,1.0,0.0,mármol,pintura,corredera,estándar (2.4-2.8m),nada,4.2,3.8,moderno,"['#F5F5DC', '#FFFFFF', '#D3D3D3']",buena,False,convencional,limitado,ninguno,ninguno,estándar,básica,ninguno,7.6,7.0,ninguna,5
https://www.tecnocasa.es/venta/piso/madrid/madrid/607863.html,225000.0,2,75.0,1,"Agencia inmobiliaria de MADRID - zona USERA - MOSCARDO - PLAZA ELÍPTICA
Vende vivienda en la calle Mariano Vela compuesta de 2 Dormitorios (ANTES 3), Salón, Cocina, Baño y terraza.

Tiene varios puntos a destacar:

- Vivienda para entrar a vivir.
- Vivienda luminosa.
- La cercanía a Plaza Elíptica a 4 minutos.

Zona perfecta para las familias con zonas verdes en el entorno, bloque muy tranquilo
A 15 MINUTOS A PIE DE MADRID RÍO.
Fácil acceso a A42, M40, M30 Calle de Antonio López, Avenida de Andalucía, Hospital 12 de octubre, a 10 minutos del metro almendrales línea 3 (Villaverde - Moncloa), autobuses (47, 247 y 60 y búho Nº12 ). Zona con todos los servicios, supermercado próximo.",1,1,1,1,1,1,0,1,1,1,"['https://cdn-media.medialabtc.it/es/agencies/mdak3/estates/607863/images/8722715/gallery_media.jpeg', 'https://cdn-media.medialabtc.it/es/agencies/mdak3/estates/607863/images/8722712/gallery_media.jpeg', 'https://cdn-media.medialabtc.it/es/agencies/mdak3/estates/607863/images/8722720/gallery_media.jpeg', 'https://cdn-media.medialabtc.it/es/agencies/mdak3/estates/607863/images/8722709/gallery_media.jpeg', 'https://cdn-media.medialabtc.it/es/agencies/mdak3/estates/607863/images/8722722/gallery_media.jpeg', 'https://cdn-media.medialabtc.it/es/agencies/mdak3/estates/607863/images/8722694/gallery_media.jpeg', 'https://cdn-media.medialabtc.it/es/agencies/mdak3/estates/607863/images/8722718/gallery_media.jpeg', 'https://cdn-media.medialabtc.it/es/agencies/mdak3/estates/607863/images/8722708/gallery_media.jpeg', 'https://cdn-media.medialabtc.it/es/agencies/mdak3/estates/607863/images/8722717/gallery_media.jpeg', 'https://cdn-media.medialabtc.it/es/agencies/mdak3/estates/607863/images/8722721/gallery_media.jpeg', 'https://cdn-media.medialabtc.it/es/agencies/mdak3/estates/607863/images/8722696/gallery_media.jpeg', 'https://cdn-media.medialabtc.it/es/agencies/mdak3/estates/607863/images/8722711/gallery_media.jpeg', 'https://cdn-media.medialabtc.it/es/agencies/mdak3/estates/607863/images/8722716/gallery_media.jpeg', 'https://cdn-media.medialabtc.it/es/agencies/mdak3/estates/607863/images/8722714/gallery_media.jpeg', 'https://cdn-media.medialabtc.it/es/agencies/mdak3/estates/607863/images/8722713/gallery_media.jpeg', 'https://cdn-media.medialabtc.it/es/agencies/mdak3/estates/607863/images/8722695/gallery_media.jpeg', 'https://cdn-media.medialabtc.it/es/agencies/mdak3/estates/607863/images/8722719/gallery_media.jpeg', 'https://cdn-media.medialabtc.it/es/agencies/mdak3/estates/607863/images/8722693/gallery_media.jpeg', 'https://cdn-media.medialabtc.it/es/agencies/mdak3/estates/607863/images/8722710/gallery_media.jpeg']",0,Desconocido,0,0,0,1,0,D,0,0,"['imagenes_tecnocasa\\anuncio_1482\\0.jpeg', 'imagenes_tecnocasa\\anuncio_1482\\1.jpeg', 'imagenes_tecnocasa\\anuncio_1482\\2.jpeg', 'imagenes_tecnocasa\\anuncio_1482\\3.jpeg', 'imagenes_tecnocasa\\anuncio_1482\\4.jpeg', 'imagenes_tecnocasa\\anuncio_1482\\5.jpeg', 'imagenes_tecnocasa\\anuncio_1482\\6.jpeg', 'imagenes_tecnocasa\\anuncio_1482\\7.jpeg', 'imagenes_tecnocasa\\anuncio_1482\\8.jpeg', 'imagenes_tecnocasa\\anuncio_1482\\9.jpeg', 'imagenes_tecnocasa\\anuncio_1482\\10.jpeg', 'imagenes_tecnocasa\\anuncio_1482\\11.jpeg', 'imagenes_tecnocasa\\anuncio_1482\\12.jpeg', 'imagenes_tecnocasa\\anuncio_1482\\13.jpeg', 'imagenes_tecnocasa\\anuncio_1482\\14.jpeg', 'imagenes_tecnocasa\\anuncio_1482\\15.jpeg', 'imagenes_tecnocasa\\anuncio_1482\\16.jpeg', 'imagenes_tecnocasa\\anuncio_1482\\17.jpeg', 'imagenes_tecnocasa\\anuncio_1482\\18.jpeg']",0,Media,1970,0,0,0,piso,3,Madrid,"Moscardo - Antonio Lopez, Madrid",40.4167047,-3.7035825,1482,3000.0,119.0,95.0,0.0,0.0,1.0,0.0,otro,pintura,corredera,estándar (2.4-2.8m),nada,3.0,4.4,convencional,"['#000000', '#FFFFFF', '#d91313']",regular,False,convencional,limitado,ninguno,ninguno,estándar,básica,ninguno,6.4,6.6,ninguna,5
https://www.tecnocasa.es/venta/piso/madrid/madrid/517975.html,390000.0,2,75.0,1,"Agencia TECNOCASA de la zona Canillas - Villa Rosa VENDE...
SEXTA PLANTA CON VISTAS A LA PISCINA EN MOTA DEL CUERVO.
Piso totalmente reformado del año 2023-2024
Dispone de:
2 dormitorios
1 baño completo (con plato de ducha)
Cuarto despensa (antes aseo)
Cocina tipo americana
Terraza con vistas totalmente despejadas y dirigidas a la piscina
Trastero
Piscina
El salón, terraza y habitación individual están orientados al exterior específicamente a la piscina y la habitación principal junto con la cocina cuentan con orientación sur.
La urbanización dispone de doble ascensor de acceso directo a planta y portero automático.
Se recomienda visitarlo en persona.
SERVICIOS:
En frente tenemos el centro comercial Palacio de Hielo y el metro Canillas (L4).
La zona está repleta de comercios, bancos, colegios, guarderías, centros comerciales, parques, cine, supermercados, etc.. .
M40 y M30 a escasos minutos así como numerosas líneas de autobús.",1,1,1,1,1,1,1,1,1,1,"['https://cdn-media.medialabtc.it/es/agencies/mdalf/estates/517975/images/8733319/gallery_media.jpeg', 'https://cdn-media.medialabtc.it/es/agencies/mdalf/estates/517975/images/8733328/gallery_media.jpeg', 'https://cdn-media.medialabtc.it/es/agencies/mdalf/estates/517975/images/8733326/gallery_media.jpeg', 'https://cdn-media.medialabtc.it/es/agencies/mdalf/estates/517975/images/8733321/gallery_media.jpeg', 'https://cdn-media.medialabtc.it/es/agencies/mdalf/estates/517975/images/8733327/gallery_media.jpeg', 'https://cdn-media.medialabtc.it/es/agencies/mdalf/estates/517975/images/8733322/gallery_media.jpeg', 'https://cdn-media.medialabtc.it/es/agencies/mdalf/estates/517975/images/8769910/gallery_media.jpeg', 'https://cdn-media.medialabtc.it/es/agencies/mdalf/estates/517975/images/8769913/gallery_media.jpeg', 'https://cdn-media.medialabtc.it/es/agencies/mdalf/estates/517975/images/8733320/gallery_media.jpeg', 'https://cdn-media.medialabtc.it/es/agencies/mdalf/estates/517975/images/8733330/gallery_media.jpeg', 'https://cdn-media.medialabtc.it/es/agencies/mdalf/estates/517975/images/8733329/gallery_media.jpeg', 'https://cdn-media.medialabtc.it/es/agencies/mdalf/estates/517975/images/8733323/gallery_media.jpeg', 'https://cdn-media.medialabtc.it/es/agencies/mdalf/estates/517975/images/8769916/gallery_media.jpeg', 'https://cdn-media.medialabtc.it/es/agencies/mdalf/estates/517975/images/8733317/gallery_media.jpeg', 'https://cdn-media.medialabtc.it/es/agencies/mdalf/estates/517975/images/8733315/gallery_media.jpeg', 'https://cdn-media.medialabtc.it/es/agencies/mdalf/estates/517975/images/8733325/gallery_media.jpeg', 'https://cdn-media.medialabtc.it/es/agencies/mdalf/estates/517975/images/8769915/gallery_media.jpeg', 'https://cdn-media.medialabtc.it/es/agencies/mdalf/estates/517975/images/8733314/gallery_media.jpeg', 'https://cdn-media.medialabtc.it/es/agencies/mdalf/estates/517975/images/8769911/gallery_media.jpeg', 'https://cdn-media.medialabtc.it/es/agencies/mdalf/estates/517975/images/8733318/gallery_media.jpeg', 'https://cdn-media.medialabtc.it/es/agencies/mdalf/estates/517975/images/8769917/gallery_media.jpeg', 'https://cdn-media.medialabtc.it/es/agencies/mdalf/estates/517975/images/8769914/gallery_media.jpeg', 'https://cdn-media.medialabtc.it/es/agencies/mdalf/estates/517975/images/8733316/gallery_media.jpeg', 'https://cdn-media.medialabtc.it/es/agencies/mdalf/estates/517975/images/8769912/gallery_media.jpeg']",1,Reformado,0,1,1,1,1,C,0,0,"['imagenes_tecnocasa\\anuncio_1483\\0.jpeg', 'imagenes_tecnocasa\\anuncio_1483\\1.jpeg', 'imagenes_tecnocasa\\anuncio_1483\\2.jpeg', 'imagenes_tecnocasa\\anuncio_1483\\3.jpeg', 'imagenes_tecnocasa\\anuncio_1483\\4.jpeg', 'imagenes_tecnocasa\\anuncio_1483\\5.jpeg', 'imagenes_tecnocasa\\anuncio_1483\\6.jpeg', 'imagenes_tecnocasa\\anuncio_1483\\7.jpeg', 'imagenes_tecnocasa\\anuncio_1483\\8.jpeg', 'imagenes_tecnocasa\\anuncio_1483\\9.jpeg', 'imagenes_tecnocasa\\anuncio_1483\\10.jpeg', 'imagenes_tecnocasa\\anuncio_1483\\11.jpeg', 'imagenes_tecnocasa\\anuncio_1483\\12.jpeg', 'imagenes_tecnocasa\\anuncio_1483\\13.jpeg', 'imagenes_tecnocasa\\anuncio_1483\\14.jpeg', 'imagenes_tecnocasa\\anuncio_1483\\15.jpeg', 'imagenes_tecnocasa\\anuncio_1483\\16.jpeg', 'imagenes_tecnocasa\\anuncio_1483\\17.jpeg', 'imagenes_tecnocasa\\anuncio_1483\\18.jpeg', 'imagenes_tecnocasa\\anuncio_1483\\19.jpeg', 'imagenes_tecnocasa\\anuncio_1483\\20.jpeg', 'imagenes_tecnocasa\\anuncio_1483\\21.jpeg', 'imagenes_tecnocasa\\anuncio_1483\\22.jpeg', 'imagenes_tecnocasa\\anuncio_1483\\23.jpeg']",1,Popular,1972,0,0,1,piso,3,Madrid,"Canillas, Madrid",40.4167047,-3.7035825,1483,5200.0,145.0,118.0,0.0,0.4,1.0,0.0,parquet,pintura,corredera,estándar (2.4-2.8m),nada,4.8,5.8,moderno,"['#F2F2F2', '#A7D1AB', '#7D916B']",buena,False,eficiente,normal,ninguno,ninguno,estándar,básica,ninguno,7.8,7.2,ninguna,5
https://www.tecnocasa.es/venta/piso/madrid/fuenlabrada/608364.html,189000.0,3,68.0,1,"Agencia inmobiliaria de FUENLABRADA zona FUENLABRADA CENTRO - METRO PARQUE DE LOS ESTADOS - CHASA I - II, VENDE PISO para entrar a vivir con terraza en finca con ascensor junto a calle Leganés y metrosur Parque de los Estados. Ideal tanto para primera vivienda como para inversión.

En la zona de ubicación, podemos encontrar comercios, colegios, institutos, guarderías, bancos, farmacia, paradas de Autobús, y a escasos minutos, la parada de Renfe. Para cualquier consulta o dudas respecto a financiación, contacte con nuestro departamento comercial y consiga la mejor hipoteca.",1,1,1,1,1,1,0,1,1,1,"['https://cdn-media.medialabtc.it/es/agencies/mdbf1/estates/608364/images/8691836/gallery_media.jpeg', 'https://cdn-media.medialabtc.it/es/agencies/mdbf1/estates/608364/images/8691839/gallery_media.jpeg', 'https://cdn-media.medialabtc.it/es/agencies/mdbf1/estates/608364/images/8691835/gallery_media.jpeg', 'https://cdn-media.medialabtc.it/es/agencies/mdbf1/estates/608364/images/8691902/gallery_media.jpeg', 'https://cdn-media.medialabtc.it/es/agencies/mdbf1/estates/608364/images/8691903/gallery_media.jpeg', 'https://cdn-media.medialabtc.it/es/agencies/mdbf1/estates/608364/images/8691905/gallery_media.jpeg', 'https://cdn-media.medialabtc.it/es/agencies/mdbf1/estates/608364/images/8691833/gallery_media.jpeg', 'https://cdn-media.medialabtc.it/es/agencies/mdbf1/estates/608364/images/8691904/gallery_media.jpeg', 'https://cdn-media.medialabtc.it/es/agencies/mdbf1/estates/608364/images/8691837/gallery_media.jpeg', 'https://cdn-media.medialabtc.it/es/agencies/mdbf1/estates/608364/images/8691908/gallery_media.jpeg', 'https://cdn-media.medialabtc.it/es/agencies/mdbf1/estates/608364/images/8691840/gallery_media.jpeg', 'https://cdn-media.medialabtc.it/es/agencies/mdbf1/estates/608364/images/8691907/gallery_media.jpeg', 'https://cdn-media.medialabtc.it/es/agencies/mdbf1/estates/608364/images/8691906/gallery_media.jpeg', 'https://cdn-media.medialabtc.it/es/agencies/mdbf1/estates/608364/images/8691834/gallery_media.jpeg', 'https://cdn-media.medialabtc.it/es/agencies/mdbf1/estates/608364/images/8691841/gallery_media.jpeg', 'https://cdn-media.medialabtc.it/es/agencies/mdbf1/estates/608364/images/8691838/gallery_media.jpeg']",0,Desconocido,0,0,0,1,0,Desconocida,0,0,"['imagenes_tecnocasa\\anuncio_1488\\0.jpeg', 'imagenes_tecnocasa\\anuncio_1488\\1.jpeg', 'imagenes_tecnocasa\\anuncio_1488\\2.jpeg', 'imagenes_tecnocasa\\anuncio_1488\\3.jpeg', 'imagenes_tecnocasa\\anuncio_1488\\4.jpeg', 'imagenes_tecnocasa\\anuncio_1488\\5.jpeg', 'imagenes_tecnocasa\\anuncio_1488\\6.jpeg', 'imagenes_tecnocasa\\anuncio_1488\\7.jpeg', 'imagenes_tecnocasa\\anuncio_1488\\8.jpeg', 'imagenes_tecnocasa\\anuncio_1488\\9.jpeg', 'imagenes_tecnocasa\\anuncio_1488\\10.jpeg', 'imagenes_tecnocasa\\anuncio_1488\\11.jpeg', 'imagenes_tecnocasa\\anuncio_1488\\12.jpeg', 'imagenes_tecnocasa\\anuncio_1488\\13.jpeg', 'imagenes_tecnocasa\\anuncio_1488\\14.jpeg', 'imagenes_tecnocasa\\anuncio_1488\\15.jpeg']",0,Popular,1977,1,0,1,piso,2,Fuenlabrada,Fuenlabrada,40.282476,-3.7923422,1488,2779.4117647058824,90.0,71.0,0.9,1.0,0.0,0.0,cerámica,pintura,corredera,estándar (2.4-2.8m),nada,4.0,5.0,moderno,"['#A0522D', '#D2691E', '#8B4513']",buena,False,convencional,limitado,ninguno,ninguno,estándar,básica,ninguno,7.2,6.6,ninguna,5
https://www.tecnocasa.es/venta/piso/madrid/ciempozuelos/601906.html,176000.0,4,118.0,2,"Agencia inmobiliaria de Ciempozuelos-zona Ciempozuelos-oficina Tecnocasa
Se VENDE piso de 118m2 construidos.
La vivienda cuenta con entrada/recibidor y pasillo, con acceso a cocina con tendedero, un amplio salón con acceso a terraza. Cuatro dormitorios dobles y dos baños completos con bañera.
La vivienda se encuentra ubicada en cerca de paradas de bus, zonas verdes, colegios y diversos comercios.
La vivienda se encuentra actualmente alquilado, el contrato le vence el 10/2027 y hay que respetarlo.
No dude en llamarnos para concretar su cita para visitar el inmueble, en la que además recibirá el asesoramiento gratuito de nuestro departamento financiero Kiron.",0,1,1,0,1,1,1,1,0,1,"['https://cdn-media.medialabtc.it/es/agencies/mdbe6/estates/601906/images/8551967/gallery_media.jpeg', 'https://cdn-media.medialabtc.it/es/agencies/mdbe6/estates/601906/images/8551942/gallery_media.jpeg', 'https://cdn-media.medialabtc.it/es/agencies/mdbe6/estates/601906/images/8551958/gallery_media.jpeg', 'https://cdn-media.medialabtc.it/es/agencies/mdbe6/estates/601906/images/8551955/gallery_media.jpeg', 'https://cdn-media.medialabtc.it/es/agencies/mdbe6/estates/601906/images/8551953/gallery_media.jpeg', 'https://cdn-media.medialabtc.it/es/agencies/mdbe6/estates/601906/images/8551959/gallery_media.jpeg', 'https://cdn-media.medialabtc.it/es/agencies/mdbe6/estates/601906/images/8551954/gallery_media.jpeg', 'https://cdn-media.medialabtc.it/es/agencies/mdbe6/estates/601906/images/8551945/gallery_media.jpeg', 'https://cdn-media.medialabtc.it/es/agencies/mdbe6/estates/601906/images/8551944/gallery_media.jpeg', 'https://cdn-media.medialabtc.it/es/agencies/mdbe6/estates/601906/images/8551943/gallery_media.jpeg', 'https://cdn-media.medialabtc.it/es/agencies/mdbe6/estates/601906/images/8551956/gallery_media.jpeg', 'https://cdn-media.medialabtc.it/es/agencies/mdbe6/estates/601906/images/8551947/gallery_media.jpeg', 'https://cdn-media.medialabtc.it/es/agencies/mdbe6/estates/601906/images/8551946/gallery_media.jpeg', 'https://cdn-media.medialabtc.it/es/agencies/mdbe6/estates/601906/images/8551963/gallery_media.jpeg', 'https://cdn-media.medialabtc.it/es/agencies/mdbe6/estates/601906/images/8551952/gallery_media.jpeg', 'https://cdn-media.medialabtc.it/es/agencies/mdbe6/estates/601906/images/8551962/gallery_media.jpeg', 'https://cdn-media.medialabtc.it/es/agencies/mdbe6/estates/601906/images/8551964/gallery_media.jpeg', 'https://cdn-media.medialabtc.it/es/agencies/mdbe6/estates/601906/images/8551948/gallery_media.jpeg', 'https://cdn-media.medialabtc.it/es/agencies/mdbe6/estates/601906/images/8551940/gallery_media.jpeg', 'https://cdn-media.medialabtc.it/es/agencies/mdbe6/estates/601906/images/8551941/gallery_media.jpeg', 'https://cdn-media.medialabtc.it/es/agencies/mdbe6/estates/601906/images/8551965/gallery_media.jpeg', 'https://cdn-media.medialabtc.it/es/agencies/mdbe6/estates/601906/images/8551957/gallery_media.jpeg', 'https://cdn-media.medialabtc.it/es/agencies/mdbe6/estates/601906/images/8551960/gallery_media.jpeg', 'https://cdn-media.medialabtc.it/es/agencies/mdbe6/estates/601906/images/8551949/gallery_media.jpeg', 'https://cdn-media.medialabtc.it/es/agencies/mdbe6/estates/601906/images/8551939/gallery_media.jpeg', 'https://cdn-media.medialabtc.it/es/agencies/mdbe6/estates/601906/images/8551950/gallery_media.jpeg', 'https://cdn-media.medialabtc.it/es/agencies/mdbe6/estates/601906/images/8551961/gallery_media.jpeg', 'https://cdn-media.medialabtc.it/es/agencies/mdbe6/estates/601906/images/8551951/gallery_media.jpeg', 'https://cdn-media.medialabtc.it/es/agencies/mdbe6/estates/601906/images/8551966/gallery_media.jpeg']",0,Desconocido,0,0,0,1,0,Desconocida,0,0,"['imagenes_tecnocasa\\anuncio_1489\\0.jpeg', 'imagenes_tecnocasa\\anuncio_1489\\1.jpeg', 'imagenes_tecnocasa\\anuncio_1489\\2.jpeg', 'imagenes_tecnocasa\\anuncio_1489\\3.jpeg', 'imagenes_tecnocasa\\anuncio_1489\\4.jpeg', 'imagenes_tecnocasa\\anuncio_1489\\5.jpeg', 'imagenes_tecnocasa\\anuncio_1489\\6.jpeg', 'imagenes_tecnocasa\\anuncio_1489\\7.jpeg', 'imagenes_tecnocasa\\anuncio_1489\\8.jpeg', 'imagenes_tecnocasa\\anuncio_1489\\9.jpeg', 'imagenes_tecnocasa\\anuncio_1489\\10.jpeg', 'imagenes_tecnocasa\\anuncio_1489\\11.jpeg', 'imagenes_tecnocasa\\anuncio_1489\\12.jpeg', 'imagenes_tecnocasa\\anuncio_1489\\13.jpeg', 'imagenes_tecnocasa\\anuncio_1489\\14.jpeg', 'imagenes_tecnocasa\\anuncio_1489\\15.jpeg', 'imagenes_tecnocasa\\anuncio_1489\\16.jpeg', 'imagenes_tecnocasa\\anuncio_1489\\17.jpeg', 'imagenes_tecnocasa\\anuncio_1489\\18.jpeg', 'imagenes_tecnocasa\\anuncio_1489\\19.jpeg', 'imagenes_tecnocasa\\anuncio_1489\\20.jpeg', 'imagenes_tecnocasa\\anuncio_1489\\21.jpeg', 'imagenes_tecnocasa\\anuncio_1489\\22.jpeg', 'imagenes_tecnocasa\\anuncio_1489\\23.jpeg', 'imagenes_tecnocasa\\anuncio_1489\\24.jpeg', 'imagenes_tecnocasa\\anuncio_1489\\25.jpeg', 'imagenes_tecnocasa\\anuncio_1489\\26.jpeg', 'imagenes_tecnocasa\\anuncio_1489\\27.jpeg', 'imagenes_tecnocasa\\anuncio_1489\\28.jpeg']",0,Media,1980,0,0,0,piso,3,Ciempozuelos,Ciempozuelos,40.1580087,-3.6205514,1489,1491.5254237288136,99.0,73.0,0.0,0.0,1.0,0.0,parquet,pintura,corredera,estándar (2.4-2.8m),nada,3.4,4.2,convencional,"['#A0522D', '#8B4513', '#FFFACD']",regular,False,convencional,limitado,ninguno,ninguno,estándar,básica,ninguno,6.0,6.0,ninguna,5
https://www.tecnocasa.es/venta/piso/madrid/majadahonda/605671.html,239500.0,3,87.0,1,"Agencia inmobiliaria de Majadahonda zona Centro, Parque Colón Tecnocasa Estudio Majadahonda Centro 2014
VENDIDO:
Este encantador piso de 3 dormitorios es ideal para quienes buscan comodidad y ubicación privilegiada. Situado en una tercera planta sin ascensor, el inmueble se encuentra a solo 2 minutos a pie de la Gran Vía, con excelente conexión a servicios, transporte y zonas de ocio.
Con orientación sur, la vivienda disfruta de una excelente iluminación natural durante todo el día. Cuenta con una acogedora terraza, perfecta para relajarse o disfrutar de una comida al aire libre.
El piso dispone de un amplio salón-comedor, cocina funcional, un baño completo y está en perfecto estado para entrar a vivir. No pierdas la oportunidad de visitar esta joya urbana, perfecta para familias o parejas que valoren la comodidad y el acceso a la ciudad.
Su situación es inmejorable, a escasos metros de la Gran Vía y a pie de cualquier servicio que podamos necesitar: supermercados, colegios, pistas deportivas, ambulatorio, mercadillo y a escasos metros de paradas de autobús que comunican con Madrid centro y las localidades cercanas.
Además la casa está muy bien ubicada de paradas de transporte público, con rápida conexión con la estación de RENFE de Majadahonda, y bien comunicada con las principales carreteras y autopistas (como la A-6 o la M-40).
POSIBILIDAD DE FINANCIACION HASTA EL 100% CON NUESTRO DEPARTAMENTO FINANCIERO KIRON!",0,1,1,1,1,1,1,1,1,1,"['https://cdn-media.medialabtc.it/es/agencies/mdba5/estates/605671/images/8637917/gallery_media.jpeg', 'https://cdn-media.medialabtc.it/es/agencies/mdba5/estates/605671/images/8637913/gallery_media.jpeg', 'https://cdn-media.medialabtc.it/es/agencies/mdba5/estates/605671/images/8637910/gallery_media.jpeg', 'https://cdn-media.medialabtc.it/es/agencies/mdba5/estates/605671/images/8637912/gallery_media.jpeg', 'https://cdn-media.medialabtc.it/es/agencies/mdba5/estates/605671/images/8637919/gallery_media.jpeg', 'https://cdn-media.medialabtc.it/es/agencies/mdba5/estates/605671/images/8637915/gallery_media.jpeg', 'https://cdn-media.medialabtc.it/es/agencies/mdba5/estates/605671/images/8637903/gallery_media.jpeg', 'https://cdn-media.medialabtc.it/es/agencies/mdba5/estates/605671/images/8637902/gallery_media.jpeg', 'https://cdn-media.medialabtc.it/es/agencies/mdba5/estates/605671/images/8637904/gallery_media.jpeg', 'https://cdn-media.medialabtc.it/es/agencies/mdba5/estates/605671/images/8637916/gallery_media.jpeg', 'https://cdn-media.medialabtc.it/es/agencies/mdba5/estates/605671/images/8637911/gallery_media.jpeg', 'https://cdn-media.medialabtc.it/es/agencies/mdba5/estates/605671/images/8637918/gallery_media.jpeg', 'https://cdn-media.medialabtc.it/es/agencies/mdba5/estates/605671/images/8637914/gallery_media.jpeg', 'https://cdn-media.medialabtc.it/es/agencies/mdba5/estates/605671/images/8637905/gallery_media.jpeg', 'https://cdn-media.medialabtc.it/es/agencies/mdba5/estates/605671/images/8637921/gallery_media.jpeg', 'https://cdn-media.medialabtc.it/es/agencies/mdba5/estates/605671/images/8637920/gallery_media.jpeg', 'https://cdn-media.medialabtc.it/es/agencies/mdba5/estates/605671/images/8637909/gallery_media.jpeg', 'https://cdn-media.medialabtc.it/es/agencies/mdba5/estates/605671/images/8637908/gallery_media.jpeg', 'https://cdn-media.medialabtc.it/es/agencies/mdba5/estates/605671/images/8637906/gallery_media.jpeg', 'https://cdn-media.medialabtc.it/es/agencies/mdba5/estates/605671/images/8637907/gallery_media.jpeg']",0,Desconocido,0,0,0,1,0,E,0,0,"['imagenes_tecnocasa\\anuncio_1490\\0.jpeg', 'imagenes_tecnocasa\\anuncio_1490\\1.jpeg', 'imagenes_tecnocasa\\anuncio_1490\\2.jpeg', 'imagenes_tecnocasa\\anuncio_1490\\3.jpeg', 'imagenes_tecnocasa\\anuncio_1490\\4.jpeg', 'imagenes_tecnocasa\\anuncio_1490\\5.jpeg', 'imagenes_tecnocasa\\anuncio_1490\\6.jpeg', 'imagenes_tecnocasa\\anuncio_1490\\7.jpeg', 'imagenes_tecnocasa\\anuncio_1490\\8.jpeg', 'imagenes_tecnocasa\\anuncio_1490\\9.jpeg', 'imagenes_tecnocasa\\anuncio_1490\\10.jpeg', 'imagenes_tecnocasa\\anuncio_1490\\11.jpeg', 'imagenes_tecnocasa\\anuncio_1490\\12.jpeg', 'imagenes_tecnocasa\\anuncio_1490\\13.jpeg', 'imagenes_tecnocasa\\anuncio_1490\\14.jpeg', 'imagenes_tecnocasa\\anuncio_1490\\15.jpeg', 'imagenes_tecnocasa\\anuncio_1490\\16.jpeg', 'imagenes_tecnocasa\\anuncio_1490\\17.jpeg', 'imagenes_tecnocasa\\anuncio_1490\\18.jpeg', 'imagenes_tecnocasa\\anuncio_1490\\19.jpeg']",1,Media,1980,1,0,0,piso,1,Majadahonda,Majadahonda,40.4728425,-3.8723542,1490,2752.8735632183907,227.0,153.0,0.5125,0.7,1.0,1.0,parquet,pintura,corredera,estándar (2.4-2.8m),nada,3.8,3.6,convencional,"['#D2B48C', '#F5F5DC', '#A0522D']",regular,False,convencional,limitado,ninguno,ninguno,estándar,básica,ninguno,7.2,6.2,ninguna,5
https://www.tecnocasa.es/venta/casa/madrid/rivas-vaciamadrid/605959.html,600000.0,6,259.0,4,"'Agencia Inmobiliaria Tecnocasa Rivas Vaciamadrid ''
Agencia inmobiliaria Tecnocasa Rivas Futura. Vende en exclusiva chalet en calle Jabato.

Excelente chalet en la zona de Rivas-Vaciamadrid, una de las mejores zonas de Rivas en cuanto a conexiones y servicios.
Hay centro comerciales como Rivas Centro, c. C h2o, además de cadenas de supermercados como Mercadona, farmacia, peluquería, guardería, alimentación, bares, nuevo hospital HM, auditorio miguel ríos, todo a unos minutos.

-Construida en el año 2007.

La vivienda tiene 259m construidos, consta de garaje cerrado con capacidad para 3 coches. También cuenta con 12 placas solares.

En la planta baja nos encontramos:
-Cocina equipada, con espacio suficiente para poder poner una mesa y hacer vida completa en ella.
-Salón en L con aire acondicionado y salida directa al jardín posterior.
- Baño completo con ducha y ventana.
-Habitación en planta.

En la primer planta tenemos:
- 3 dormitorios individuales, todos con armario empotrado y aire acondicionado. Todos los dormitorios exteriores.
- Dormitorio principal, cuenta con una pequeña terraza y aire acondicionado. También contamos con un baño en suite, con ducha de hidromasaje y dos lavamanos.
- Baño completo, con ducha.

Por último, la buhardilla:
- Totalmente diáfana, con maleteros de gran capacidad a ambos lados.
Esta preparada actualmente como dormitorio, pero se le puede dar uso de zona común familiar, despecho o una infinidad de diferentes opciones.
Cuenta con aire acondicionado y un baño completo con ducha en la propia buhardilla.

El garaje tuvo una remodelación, consiguiendo capacidad para hasta 3 coches, con toma de carga para coche eléctrico.

Encima del garaje, contamos con una terraza de 10m para mejor aprovechamiento del espacio.

La vivienda cuenta con 12 placas solares.

Se actualizará esta semana con fotos del inmueble

FINANCIACIÓN AL 100% CON NUESTRO DEPARTAMENTO FINANCIERO KIRON.",1,0,1,0,0,1,0,1,0,1,"['https://cdn-media.medialabtc.it/es/agencies/md566/estates/605959/images/8710630/gallery_media.jpeg', 'https://cdn-media.medialabtc.it/es/agencies/md566/estates/605959/images/8710631/gallery_media.jpeg', 'https://cdn-media.medialabtc.it/es/agencies/md566/estates/605959/images/8710594/gallery_media.jpeg', 'https://cdn-media.medialabtc.it/es/agencies/md566/estates/605959/images/8710601/gallery_media.jpeg', 'https://cdn-media.medialabtc.it/es/agencies/md566/estates/605959/images/8710591/gallery_media.jpeg', 'https://cdn-media.medialabtc.it/es/agencies/md566/estates/605959/images/8710627/gallery_media.jpeg', 'https://cdn-media.medialabtc.it/es/agencies/md566/estates/605959/images/8710597/gallery_media.jpeg', 'https://cdn-media.medialabtc.it/es/agencies/md566/estates/605959/images/8710599/gallery_media.jpeg', 'https://cdn-media.medialabtc.it/es/agencies/md566/estates/605959/images/8710623/gallery_media.jpeg', 'https://cdn-media.medialabtc.it/es/agencies/md566/estates/605959/images/8710587/gallery_media.jpeg', 'https://cdn-media.medialabtc.it/es/agencies/md566/estates/605959/images/8710595/gallery_media.jpeg', 'https://cdn-media.medialabtc.it/es/agencies/md566/estates/605959/images/8710625/gallery_media.jpeg', 'https://cdn-media.medialabtc.it/es/agencies/md566/estates/605959/images/8710592/gallery_media.jpeg', 'https://cdn-media.medialabtc.it/es/agencies/md566/estates/605959/images/8710584/gallery_media.jpeg', 'https://cdn-media.medialabtc.it/es/agencies/md566/estates/605959/images/8710626/gallery_media.jpeg', 'https://cdn-media.medialabtc.it/es/agencies/md566/estates/605959/images/8710629/gallery_media.jpeg', 'https://cdn-media.medialabtc.it/es/agencies/md566/estates/605959/images/8710593/gallery_media.jpeg', 'https://cdn-media.medialabtc.it/es/agencies/md566/estates/605959/images/8710624/gallery_media.jpeg', 'https://cdn-media.medialabtc.it/es/agencies/md566/estates/605959/images/8710598/gallery_media.jpeg', 'https://cdn-media.medialabtc.it/es/agencies/md566/estates/605959/images/8710622/gallery_media.jpeg', 'https://cdn-media.medialabtc.it/es/agencies/md566/estates/605959/images/8710628/gallery_media.jpeg', 'https://cdn-media.medialabtc.it/es/agencies/md566/estates/605959/images/8710590/gallery_media.jpeg', 'https://cdn-media.medialabtc.it/es/agencies/md566/estates/605959/images/8710586/gallery_media.jpeg', 'https://cdn-media.medialabtc.it/es/agencies/md566/estates/605959/images/8710588/gallery_media.jpeg', 'https://cdn-media.medialabtc.it/es/agencies/md566/estates/605959/images/8710632/gallery_media.jpeg', 'https://cdn-media.medialabtc.it/es/agencies/md566/estates/605959/images/8710583/gallery_media.jpeg', 'https://cdn-media.medialabtc.it/es/agencies/md566/estates/605959/images/8710589/gallery_media.jpeg', 'https://cdn-media.medialabtc.it/es/agencies/md566/estates/605959/images/8710600/gallery_media.jpeg', 'https://cdn-media.medialabtc.it/es/agencies/md566/estates/605959/images/8710596/gallery_media.jpeg', 'https://cdn-media.medialabtc.it/es/agencies/md566/estates/605959/images/8710585/gallery_media.jpeg']",0,Desconocido,1,0,0,1,0,D,0,0,"['imagenes_tecnocasa\\anuncio_1491\\0.jpeg', 'imagenes_tecnocasa\\anuncio_1491\\1.jpeg', 'imagenes_tecnocasa\\anuncio_1491\\2.jpeg', 'imagenes_tecnocasa\\anuncio_1491\\3.jpeg', 'imagenes_tecnocasa\\anuncio_1491\\4.jpeg', 'imagenes_tecnocasa\\anuncio_1491\\5.jpeg', 'imagenes_tecnocasa\\anuncio_1491\\6.jpeg', 'imagenes_tecnocasa\\anuncio_1491\\7.jpeg', 'imagenes_tecnocasa\\anuncio_1491\\8.jpeg', 'imagenes_tecnocasa\\anuncio_1491\\9.jpeg', 'imagenes_tecnocasa\\anuncio_1491\\10.jpeg', 'imagenes_tecnocasa\\anuncio_1491\\11.jpeg', 'imagenes_tecnocasa\\anuncio_1491\\12.jpeg', 'imagenes_tecnocasa\\anuncio_1491\\13.jpeg', 'imagenes_tecnocasa\\anuncio_1491\\14.jpeg', 'imagenes_tecnocasa\\anuncio_1491\\15.jpeg', 'imagenes_tecnocasa\\anuncio_1491\\16.jpeg', 'imagenes_tecnocasa\\anuncio_1491\\17.jpeg', 'imagenes_tecnocasa\\anuncio_1491\\18.jpeg', 'imagenes_tecnocasa\\anuncio_1491\\19.jpeg', 'imagenes_tecnocasa\\anuncio_1491\\20.jpeg', 'imagenes_tecnocasa\\anuncio_1491\\21.jpeg', 'imagenes_tecnocasa\\anuncio_1491\\22.jpeg', 'imagenes_tecnocasa\\anuncio_1491\\23.jpeg', 'imagenes_tecnocasa\\anuncio_1491\\24.jpeg', 'imagenes_tecnocasa\\anuncio_1491\\25.jpeg', 'imagenes_tecnocasa\\anuncio_1491\\26.jpeg', 'imagenes_tecnocasa\\anuncio_1491\\27.jpeg', 'imagenes_tecnocasa\\anuncio_1491\\28.jpeg', 'imagenes_tecnocasa\\anuncio_1491\\29.jpeg']",0,Media,2007,0,0,0,casa,2,Rivas-Vaciamadrid,Rivas-Vaciamadrid,40.3536054,-3.5310879,1491,2316.6023166023165,294.0,193.0,0.375,0.5,0.0,0.0,parquet,pintura,corredera,estándar (2.4-2.8m),nada,3.8,4.8,convencional,"['#FFFFFF', '#D2B48C', '#808080']",buena,True,convencional,limitado,ninguno,ninguno,estándar,básica,ninguno,7.8,6.8,ninguna,5
https://www.tecnocasa.es/venta/piso/madrid/madrid/590364.html,380000.0,2,98.0,1,"¿Buscas un piso con encanto y luminoso en una de las mejores zonas de Aravaca? ¡No busques más! Inmobiliaria en Aravaca - Valdemarin Madrid - Tecnocasa Estudio Aravaca S. L. te presenta este encantador piso de 2 dormitorios y un cuarto de baño, ideal para disfrutar de la comodidad y el estilo moderno. Totalmente reformado, este espacio cuenta con una luminosa cocina americana que se integra perfectamente con el salón, creando un ambiente acogedor y funcional. Cada rincón de este piso ha sido diseñado pensando en tu confort, además, ¡no te preocupes por el aparcamiento! Incluye una plaza de garaje y un trastero, perfecto para mantener todo en orden.

Ubicado en una zona tranquila y bien comunicada, este piso es la opción perfecta para quienes buscan un hogar listo para entrar a vivir. ¡No dejes pasar esta oportunidad! Contáctanos para más información y ven a verlo.

¡Estaremos encantados de poder atenderle!

La información que se detalla en este anuncio es meramente orientativa y no se considerará en ningún caso como contractual ó vinculante puesto que podría contener errores. El precio no incluye honorarios de intermediación ni gastos de notaría, registro o ITP (Impuesto sobre Transmisiones Patrimoniales).",0,0,1,1,1,0,0,0,1,1,"['https://cdn-media.medialabtc.it/es/agencies/md102/estates/590364/images/8413551/gallery_media.jpeg', 'https://cdn-media.medialabtc.it/es/agencies/md102/estates/590364/images/8413547/gallery_media.jpeg', 'https://cdn-media.medialabtc.it/es/agencies/md102/estates/590364/images/8413549/gallery_media.jpeg', 'https://cdn-media.medialabtc.it/es/agencies/md102/estates/590364/images/8413563/gallery_media.jpeg', 'https://cdn-media.medialabtc.it/es/agencies/md102/estates/590364/images/8413548/gallery_media.jpeg', 'https://cdn-media.medialabtc.it/es/agencies/md102/estates/590364/images/8413565/gallery_media.jpeg', 'https://cdn-media.medialabtc.it/es/agencies/md102/estates/590364/images/8413566/gallery_media.jpeg', 'https://cdn-media.medialabtc.it/es/agencies/md102/estates/590364/images/8413556/gallery_media.jpeg', 'https://cdn-media.medialabtc.it/es/agencies/md102/estates/590364/images/8413544/gallery_media.jpeg', 'https://cdn-media.medialabtc.it/es/agencies/md102/estates/590364/images/8413554/gallery_media.jpeg', 'https://cdn-media.medialabtc.it/es/agencies/md102/estates/590364/images/8413542/gallery_media.jpeg', 'https://cdn-media.medialabtc.it/es/agencies/md102/estates/590364/images/8413559/gallery_media.jpeg', 'https://cdn-media.medialabtc.it/es/agencies/md102/estates/590364/images/8413543/gallery_media.jpeg', 'https://cdn-media.medialabtc.it/es/agencies/md102/estates/590364/images/8413553/gallery_media.jpeg', 'https://cdn-media.medialabtc.it/es/agencies/md102/estates/590364/images/8413550/gallery_media.jpeg', 'https://cdn-media.medialabtc.it/es/agencies/md102/estates/590364/images/8413558/gallery_media.jpeg', 'https://cdn-media.medialabtc.it/es/agencies/md102/estates/590364/images/8413561/gallery_media.jpeg', 'https://cdn-media.medialabtc.it/es/agencies/md102/estates/590364/images/8413564/gallery_media.jpeg', 'https://cdn-media.medialabtc.it/es/agencies/md102/estates/590364/images/8413562/gallery_media.jpeg', 'https://cdn-media.medialabtc.it/es/agencies/md102/estates/590364/images/8413546/gallery_media.jpeg', 'https://cdn-media.medialabtc.it/es/agencies/md102/estates/590364/images/8413545/gallery_media.jpeg', 'https://cdn-media.medialabtc.it/es/agencies/md102/estates/590364/images/8413560/gallery_media.jpeg', 'https://cdn-media.medialabtc.it/es/agencies/md102/estates/590364/images/8413555/gallery_media.jpeg', 'https://cdn-media.medialabtc.it/es/agencies/md102/estates/590364/images/8413552/gallery_media.jpeg', 'https://cdn-media.medialabtc.it/es/agencies/md102/estates/590364/images/8413557/gallery_media.jpeg']",0,Reformado,1,1,0,0,0,Desconocida,0,1,"['imagenes_tecnocasa\\anuncio_1493\\0.jpeg', 'imagenes_tecnocasa\\anuncio_1493\\1.jpeg', 'imagenes_tecnocasa\\anuncio_1493\\2.jpeg', 'imagenes_tecnocasa\\anuncio_1493\\3.jpeg', 'imagenes_tecnocasa\\anuncio_1493\\4.jpeg', 'imagenes_tecnocasa\\anuncio_1493\\5.jpeg', 'imagenes_tecnocasa\\anuncio_1493\\6.jpeg', 'imagenes_tecnocasa\\anuncio_1493\\7.jpeg', 'imagenes_tecnocasa\\anuncio_1493\\8.jpeg', 'imagenes_tecnocasa\\anuncio_1493\\9.jpeg', 'imagenes_tecnocasa\\anuncio_1493\\10.jpeg', 'imagenes_tecnocasa\\anuncio_1493\\11.jpeg', 'imagenes_tecnocasa\\anuncio_1493\\12.jpeg', 'imagenes_tecnocasa\\anuncio_1493\\13.jpeg', 'imagenes_tecnocasa\\anuncio_1493\\14.jpeg', 'imagenes_tecnocasa\\anuncio_1493\\15.jpeg', 'imagenes_tecnocasa\\anuncio_1493\\16.jpeg', 'imagenes_tecnocasa\\anuncio_1493\\17.jpeg', 'imagenes_tecnocasa\\anuncio_1493\\18.jpeg', 'imagenes_tecnocasa\\anuncio_1493\\19.jpeg', 'imagenes_tecnocasa\\anuncio_1493\\20.jpeg', 'imagenes_tecnocasa\\anuncio_1493\\21.jpeg', 'imagenes_tecnocasa\\anuncio_1493\\22.jpeg', 'imagenes_tecnocasa\\anuncio_1493\\23.jpeg', 'imagenes_tecnocasa\\anuncio_1493\\24.jpeg']",1,Popular,1995,0,0,1,piso,3,Aravaca,"Aravaca, Madrid",40.457749,-3.7827941,1493,3877.5510204081634,196.0,139.0,1.0,1.0,3.0,1.0,otro,pintura,corredera,estándar (2.4-2.8m),nada,3.8,4.6,moderno,"['#000000', '#000000', '#000000']",buena,True,convencional,limitado,ninguno,ninguno,estándar,básica,ninguno,7.4,6.4,ninguna,5
https://www.tecnocasa.es/venta/piso/madrid/madrid/593821.html,360000.0,2,96.0,2,"¿Buscas un piso con encanto y luminoso en una de las mejores zonas de Aravaca? ¡No busques más! Inmobiliaria en Aravaca - Valdemarin Madrid - Tecnocasa Estudio Aravaca S. L. te presenta este encantador piso de 2 dormitorios con armarios empotrados y 2 cuartos de baño, uno de ellos en suite, en el centro de Aravaca, rodeado de todo tipo de servicios y comercios, ideal para disfrutar de la comodidad y el estilo moderno. Este espacio cuenta con un amplio y luminoso salón, con acceso a terraza privada de 7m2, además de una cocina independiente completamente equipada. Cuenta con aire acondicionado en todas las instancias del inmueble para hacer que los veranos sean llevaderos.

Ubicado en una zona tranquila y bien comunicada de Aravaca, este piso es la opción perfecta para quienes buscan un hogar listo para entrar a vivir. ¡No dejes pasar esta oportunidad! Contáctanos para más información y ven a verlo.

A continuación le dejamos algunos de los servicios cercanos de los que dispone el inmueble:

Colegios:
Colegio Público Aravaca 162 m
Centro de Autismo 'Juan Martos' 206 m
Colegio María Reina 324 m
Colegio Pedagogía Waldorf de Aravaca 592 m
Colegio Los Robles

Hospitales:
Hospital de la Zarzuela 376 m
Hospital Nisa Pardo de Aravaca 895 m
Equipo General Pozuelo De Alarcón 2.34 km

Supermercados:
Molinaseca 912 m
Supercor 1.10 km
Mercadona 1.20 km
Super Aravaca 1.27 km
Supermercados 1.59 km

Restaurantes:
OVO Zarzuela 594 m
VIPS 601 m
Guito's 678 m
Embassy 689 m
Baravaca

¡Estaremos encantados de poder atenderle!

La información que se detalla en este anuncio es meramente orientativa y no se considerará en ningún caso como contractual ó vinculante puesto que podría contener errores. El precio no incluye honorarios de intermediación ni gastos de notaría, registro o ITP (Impuesto sobre Transmisiones Patrimoniales).",0,1,1,1,1,1,1,0,1,1,"['https://cdn-media.medialabtc.it/es/agencies/md102/estates/593821/images/8413339/gallery_media.jpeg', 'https://cdn-media.medialabtc.it/es/agencies/md102/estates/593821/images/8413344/gallery_media.jpeg', 'https://cdn-media.medialabtc.it/es/agencies/md102/estates/593821/images/8413345/gallery_media.jpeg', 'https://cdn-media.medialabtc.it/es/agencies/md102/estates/593821/images/8413382/gallery_media.jpeg', 'https://cdn-media.medialabtc.it/es/agencies/md102/estates/593821/images/8413380/gallery_media.jpeg', 'https://cdn-media.medialabtc.it/es/agencies/md102/estates/593821/images/8413349/gallery_media.jpeg', 'https://cdn-media.medialabtc.it/es/agencies/md102/estates/593821/images/8413378/gallery_media.jpeg', 'https://cdn-media.medialabtc.it/es/agencies/md102/estates/593821/images/8413350/gallery_media.jpeg', 'https://cdn-media.medialabtc.it/es/agencies/md102/estates/593821/images/8413381/gallery_media.jpeg', 'https://cdn-media.medialabtc.it/es/agencies/md102/estates/593821/images/8413341/gallery_media.jpeg', 'https://cdn-media.medialabtc.it/es/agencies/md102/estates/593821/images/8413383/gallery_media.jpeg', 'https://cdn-media.medialabtc.it/es/agencies/md102/estates/593821/images/8413343/gallery_media.jpeg', 'https://cdn-media.medialabtc.it/es/agencies/md102/estates/593821/images/8413348/gallery_media.jpeg', 'https://cdn-media.medialabtc.it/es/agencies/md102/estates/593821/images/8413375/gallery_media.jpeg', 'https://cdn-media.medialabtc.it/es/agencies/md102/estates/593821/images/8413337/gallery_media.jpeg', 'https://cdn-media.medialabtc.it/es/agencies/md102/estates/593821/images/8413347/gallery_media.jpeg', 'https://cdn-media.medialabtc.it/es/agencies/md102/estates/593821/images/8413340/gallery_media.jpeg', 'https://cdn-media.medialabtc.it/es/agencies/md102/estates/593821/images/8413379/gallery_media.jpeg', 'https://cdn-media.medialabtc.it/es/agencies/md102/estates/593821/images/8413384/gallery_media.jpeg', 'https://cdn-media.medialabtc.it/es/agencies/md102/estates/593821/images/8413352/gallery_media.jpeg', 'https://cdn-media.medialabtc.it/es/agencies/md102/estates/593821/images/8413376/gallery_media.jpeg', 'https://cdn-media.medialabtc.it/es/agencies/md102/estates/593821/images/8413342/gallery_media.jpeg', 'https://cdn-media.medialabtc.it/es/agencies/md102/estates/593821/images/8413338/gallery_media.jpeg', 'https://cdn-media.medialabtc.it/es/agencies/md102/estates/593821/images/8413377/gallery_media.jpeg', 'https://cdn-media.medialabtc.it/es/agencies/md102/estates/593821/images/8413346/gallery_media.jpeg', 'https://cdn-media.medialabtc.it/es/agencies/md102/estates/593821/images/8413373/gallery_media.jpeg', 'https://cdn-media.medialabtc.it/es/agencies/md102/estates/593821/images/8413374/gallery_media.jpeg', 'https://cdn-media.medialabtc.it/es/agencies/md102/estates/593821/images/8413351/gallery_media.jpeg']",0,Desconocido,0,0,0,1,0,Desconocida,0,1,"['imagenes_tecnocasa\\anuncio_1494\\0.jpeg', 'imagenes_tecnocasa\\anuncio_1494\\1.jpeg', 'imagenes_tecnocasa\\anuncio_1494\\2.jpeg', 'imagenes_tecnocasa\\anuncio_1494\\3.jpeg', 'imagenes_tecnocasa\\anuncio_1494\\4.jpeg', 'imagenes_tecnocasa\\anuncio_1494\\5.jpeg', 'imagenes_tecnocasa\\anuncio_1494\\6.jpeg', 'imagenes_tecnocasa\\anuncio_1494\\7.jpeg', 'imagenes_tecnocasa\\anuncio_1494\\8.jpeg', 'imagenes_tecnocasa\\anuncio_1494\\9.jpeg', 'imagenes_tecnocasa\\anuncio_1494\\10.jpeg', 'imagenes_tecnocasa\\anuncio_1494\\11.jpeg', 'imagenes_tecnocasa\\anuncio_1494\\12.jpeg', 'imagenes_tecnocasa\\anuncio_1494\\13.jpeg', 'imagenes_tecnocasa\\anuncio_1494\\14.jpeg', 'imagenes_tecnocasa\\anuncio_1494\\15.jpeg', 'imagenes_tecnocasa\\anuncio_1494\\16.jpeg', 'imagenes_tecnocasa\\anuncio_1494\\17.jpeg', 'imagenes_tecnocasa\\anuncio_1494\\18.jpeg', 'imagenes_tecnocasa\\anuncio_1494\\19.jpeg', 'imagenes_tecnocasa\\anuncio_1494\\20.jpeg', 'imagenes_tecnocasa\\anuncio_1494\\21.jpeg', 'imagenes_tecnocasa\\anuncio_1494\\22.jpeg', 'imagenes_tecnocasa\\anuncio_1494\\23.jpeg', 'imagenes_tecnocasa\\anuncio_1494\\24.jpeg', 'imagenes_tecnocasa\\anuncio_1494\\25.jpeg', 'imagenes_tecnocasa\\anuncio_1494\\26.jpeg', 'imagenes_tecnocasa\\anuncio_1494\\27.jpeg']",1,Popular,1971,1,0,0,piso,2,Aravaca,"Aravaca, Madrid",40.457749,-3.7827941,1494,3750.0,299.0,203.0,0.48888888888888893,0.7222222222222222,3.0,1.0,parquet,pintura,corredera,estándar (2.4-2.8m),nada,5.0,5.0,moderno,"['#F2F2F2', '#E06666', '#FFFFFF']",buena,True,convencional,limitado,ninguno,ninguno,estándar,básica,ninguno,7.2,6.6,ninguna,5
https://www.tecnocasa.es/venta/piso/madrid/madrid/507261.html,259000.0,1,55.0,1,"Agencia Inmobiliaria de MADRID - Zona EL CARMEN - RICARDO ORTIZ - CUIDAD LINEAL VENDE:

Se VENDE vivienda PARA ENTRAR A VIVIR. Situada en la calle de RICARDO ORTIZ cerca del puente de la FUENTE DEL BERRO, próximo a colegios, supermercados y metro El Carmen (L5).

Este inmueble consta de cocina REFORMADA RECIENTEMENTE, baño con plato de ducha, amplio salón ya que antes eran 2 habitaciones, habitación individual con ESPACIOSOS armarios empotrados y SUELO DE TARIMA EN COLOR GRIS. MUY LUMINOSA ya que da a la misma calle de RICARDO ORTIZ y es ORIENTACIÓN SUR ESTE. Tiene calefacción central con contadores individuales y split de aire acondicionado con bomba de calor en el salón. También consta con acceso a jardines comunitarios y TRASTERO INDIVIDUAL.

A escasos metros del parque de La Fuente Del Berro y plaza de toros de las Ventas.

La vivienda se encuentra en unas de las mejores zonas de El Carmen, próximo a parques, puente de ventas, metro línea 5 y línea 2, autobuses 106 - 146- 210, a 5 minutos de la calle Alcalá.

¿Buscas viviendas de esta tipología? Acuda a nuestra oficina en la Calle Ricardo Ortiz 29 (Tecnocasa) y nuestros asesores le ampliaran la información sobre está u otras viviendas.
PASE SU PROPUESTA Y APROVECHE EL MOMENTO. En nuestra oficina también le podemos ofrecer asesoramiento financiero y profesional de forma gratuita y ofrecerle los productos financieros del mercado más ventajosos para usted.",1,1,1,1,1,1,0,1,1,1,"['https://cdn-media.medialabtc.it/es/agencies/md030/estates/507261/images/8753842/gallery_media.jpeg', 'https://cdn-media.medialabtc.it/es/agencies/md030/estates/507261/images/8753817/gallery_media.jpeg', 'https://cdn-media.medialabtc.it/es/agencies/md030/estates/507261/images/8753812/gallery_media.jpeg', 'https://cdn-media.medialabtc.it/es/agencies/md030/estates/507261/images/8753806/gallery_media.jpeg', 'https://cdn-media.medialabtc.it/es/agencies/md030/estates/507261/images/8753866/gallery_media.jpeg', 'https://cdn-media.medialabtc.it/es/agencies/md030/estates/507261/images/8753845/gallery_media.jpeg', 'https://cdn-media.medialabtc.it/es/agencies/md030/estates/507261/images/8753848/gallery_media.jpeg', 'https://cdn-media.medialabtc.it/es/agencies/md030/estates/507261/images/8753851/gallery_media.jpeg', 'https://cdn-media.medialabtc.it/es/agencies/md030/estates/507261/images/8753814/gallery_media.jpeg', 'https://cdn-media.medialabtc.it/es/agencies/md030/estates/507261/images/8753810/gallery_media.jpeg', 'https://cdn-media.medialabtc.it/es/agencies/md030/estates/507261/images/8753849/gallery_media.jpeg', 'https://cdn-media.medialabtc.it/es/agencies/md030/estates/507261/images/8753850/gallery_media.jpeg', 'https://cdn-media.medialabtc.it/es/agencies/md030/estates/507261/images/8753804/gallery_media.jpeg', 'https://cdn-media.medialabtc.it/es/agencies/md030/estates/507261/images/8753815/gallery_media.jpeg', 'https://cdn-media.medialabtc.it/es/agencies/md030/estates/507261/images/8753809/gallery_media.jpeg', 'https://cdn-media.medialabtc.it/es/agencies/md030/estates/507261/images/8753864/gallery_media.jpeg', 'https://cdn-media.medialabtc.it/es/agencies/md030/estates/507261/images/8753852/gallery_media.jpeg', 'https://cdn-media.medialabtc.it/es/agencies/md030/estates/507261/images/8753844/gallery_media.jpeg', 'https://cdn-media.medialabtc.it/es/agencies/md030/estates/507261/images/8753821/gallery_media.jpeg', 'https://cdn-media.medialabtc.it/es/agencies/md030/estates/507261/images/8753805/gallery_media.jpeg', 'https://cdn-media.medialabtc.it/es/agencies/md030/estates/507261/images/8753847/gallery_media.jpeg', 'https://cdn-media.medialabtc.it/es/agencies/md030/estates/507261/images/8753820/gallery_media.jpeg', 'https://cdn-media.medialabtc.it/es/agencies/md030/estates/507261/images/8753811/gallery_media.jpeg', 'https://cdn-media.medialabtc.it/es/agencies/md030/estates/507261/images/8753843/gallery_media.jpeg', 'https://cdn-media.medialabtc.it/es/agencies/md030/estates/507261/images/8753813/gallery_media.jpeg', 'https://cdn-media.medialabtc.it/es/agencies/md030/estates/507261/images/8753846/gallery_media.jpeg']",0,Desconocido,0,1,0,0,0,E,0,0,"['imagenes_tecnocasa\\anuncio_1497\\0.jpeg', 'imagenes_tecnocasa\\anuncio_1497\\1.jpeg', 'imagenes_tecnocasa\\anuncio_1497\\2.jpeg', 'imagenes_tecnocasa\\anuncio_1497\\3.jpeg', 'imagenes_tecnocasa\\anuncio_1497\\4.jpeg', 'imagenes_tecnocasa\\anuncio_1497\\5.jpeg', 'imagenes_tecnocasa\\anuncio_1497\\6.jpeg', 'imagenes_tecnocasa\\anuncio_1497\\7.jpeg', 'imagenes_tecnocasa\\anuncio_1497\\8.jpeg', 'imagenes_tecnocasa\\anuncio_1497\\9.jpeg', 'imagenes_tecnocasa\\anuncio_1497\\10.jpeg', 'imagenes_tecnocasa\\anuncio_1497\\11.jpeg', 'imagenes_tecnocasa\\anuncio_1497\\12.jpeg', 'imagenes_tecnocasa\\anuncio_1497\\13.jpeg', 'imagenes_tecnocasa\\anuncio_1497\\14.jpeg', 'imagenes_tecnocasa\\anuncio_1497\\15.jpeg', 'imagenes_tecnocasa\\anuncio_1497\\16.jpeg', 'imagenes_tecnocasa\\anuncio_1497\\17.jpeg', 'imagenes_tecnocasa\\anuncio_1497\\18.jpeg', 'imagenes_tecnocasa\\anuncio_1497\\19.jpeg', 'imagenes_tecnocasa\\anuncio_1497\\20.jpeg', 'imagenes_tecnocasa\\anuncio_1497\\21.jpeg', 'imagenes_tecnocasa\\anuncio_1497\\22.jpeg', 'imagenes_tecnocasa\\anuncio_1497\\23.jpeg', 'imagenes_tecnocasa\\anuncio_1497\\24.jpeg', 'imagenes_tecnocasa\\anuncio_1497\\25.jpeg']",1,Popular,1960,1,0,1,piso,2,Madrid,"Ventas, Madrid",40.4167047,-3.7035825,1497,4709.090909090909,238.0,168.0,0.0,0.35000000000000003,1.0,0.0,otro,pintura,corredera,estándar (2.4-2.8m),nada,4.4,4.2,convencional,"['#CC6600', '#C0C0C0', '#FFFFFF']",buena,False,convencional,normal,ninguno,ninguno,estándar,básica,ninguno,7.8,6.8,ninguna,5
https://www.tecnocasa.es/venta/casa/madrid/alcala-de-henares/606846.html,549900.0,5,229.0,4,"AGENCIA INMOBILIARIA DE ALCALÁ DE HENARES, OFICINA DE TECNOCASA VENDE IMPECABLE CHALET ADOSADO EN EL ENSANCHE.

La zona destaca por su cómoda accesibilidad desde la Nacional A-2, además cuenta con numerosas paradas de autobús urbano e interurbano, y la estación de Alcalá de Henares a 5 minutos andando.

Además la zona cuenta con una gran variedad de servicios como: Colegios ( Pablo Neruda, Alborada, Mozart.. . ) Institutos ( IES Pedro Gumiel, IES Doctor Marañón, IES Alborada. ) centro de especialidades Francisco Díaz, además de bancos, farmacias, bares y todo tipo de comercios.

La vivienda se encuentra en un BUEN ESTADO DE CONSERVACIÓN y está distribuida en cuatro plantas, se compone de:

Planta Baja: un amplio salón independiente con chimenea, y acceso a un patio privado de 50 m2, solado, cocina totalmente amueblada y equipada, baño completo con plato de ducha y acceso al garaje el cual se encuentra totalmente acondicionado.

Primera planta: Recibidor con cuatro amplios dormitorios y dos baños completos, uno de ellos en suite principal con bañera, la cual también dispone de armarios empotrados.

Buhardilla: Completamente reformada con vestidor y baño completo con jacuzzi.

Suelos de gres, parqué y mármol, carpintería interior de roble, carpintería exterior de aluminio climalit.

No lo dude y venga a visitarlo sin compromiso, le va a sorprender su inmejorable estado.

Y NO OLVIDE QUE PODEMOS CONSEGUIR HASTA EL 100% DE FINANCIACIÓN GRACIAS A NUESTRO DEPARTAMENTO DE INTERMEDIACIÓN FINANCIERA KIRON.
ESTUDIOS DE VIABILIDAD GRATUITOS.",0,1,1,1,1,1,0,1,1,1,"['https://cdn-media.medialabtc.it/es/agencies/md554/estates/606846/images/8703741/gallery_media.jpeg', 'https://cdn-media.medialabtc.it/es/agencies/md554/estates/606846/images/8703743/gallery_media.jpeg', 'https://cdn-media.medialabtc.it/es/agencies/md554/estates/606846/images/8703751/gallery_media.jpeg', 'https://cdn-media.medialabtc.it/es/agencies/md554/estates/606846/images/8703750/gallery_media.jpeg', 'https://cdn-media.medialabtc.it/es/agencies/md554/estates/606846/images/8703757/gallery_media.jpeg', 'https://cdn-media.medialabtc.it/es/agencies/md554/estates/606846/images/8703747/gallery_media.jpeg', 'https://cdn-media.medialabtc.it/es/agencies/md554/estates/606846/images/8703760/gallery_media.jpeg', 'https://cdn-media.medialabtc.it/es/agencies/md554/estates/606846/images/8703756/gallery_media.jpeg', 'https://cdn-media.medialabtc.it/es/agencies/md554/estates/606846/images/8703740/gallery_media.jpeg', 'https://cdn-media.medialabtc.it/es/agencies/md554/estates/606846/images/8703745/gallery_media.jpeg', 'https://cdn-media.medialabtc.it/es/agencies/md554/estates/606846/images/8703772/gallery_media.jpeg', 'https://cdn-media.medialabtc.it/es/agencies/md554/estates/606846/images/8703776/gallery_media.jpeg', 'https://cdn-media.medialabtc.it/es/agencies/md554/estates/606846/images/8703742/gallery_media.jpeg', 'https://cdn-media.medialabtc.it/es/agencies/md554/estates/606846/images/8703749/gallery_media.jpeg', 'https://cdn-media.medialabtc.it/es/agencies/md554/estates/606846/images/8703765/gallery_media.jpeg', 'https://cdn-media.medialabtc.it/es/agencies/md554/estates/606846/images/8703771/gallery_media.jpeg', 'https://cdn-media.medialabtc.it/es/agencies/md554/estates/606846/images/8703746/gallery_media.jpeg', 'https://cdn-media.medialabtc.it/es/agencies/md554/estates/606846/images/8703770/gallery_media.jpeg', 'https://cdn-media.medialabtc.it/es/agencies/md554/estates/606846/images/8703744/gallery_media.jpeg', 'https://cdn-media.medialabtc.it/es/agencies/md554/estates/606846/images/8703759/gallery_media.jpeg', 'https://cdn-media.medialabtc.it/es/agencies/md554/estates/606846/images/8703761/gallery_media.jpeg', 'https://cdn-media.medialabtc.it/es/agencies/md554/estates/606846/images/8703752/gallery_media.jpeg', 'https://cdn-media.medialabtc.it/es/agencies/md554/estates/606846/images/8703766/gallery_media.jpeg', 'https://cdn-media.medialabtc.it/es/agencies/md554/estates/606846/images/8703758/gallery_media.jpeg', 'https://cdn-media.medialabtc.it/es/agencies/md554/estates/606846/images/8703753/gallery_media.jpeg', 'https://cdn-media.medialabtc.it/es/agencies/md554/estates/606846/images/8703762/gallery_media.jpeg', 'https://cdn-media.medialabtc.it/es/agencies/md554/estates/606846/images/8703773/gallery_media.jpeg', 'https://cdn-media.medialabtc.it/es/agencies/md554/estates/606846/images/8703767/gallery_media.jpeg', 'https://cdn-media.medialabtc.it/es/agencies/md554/estates/606846/images/8703738/gallery_media.jpeg', 'https://cdn-media.medialabtc.it/es/agencies/md554/estates/606846/images/8703768/gallery_media.jpeg']",0,Desconocido,1,0,0,0,0,Desconocida,0,0,"['imagenes_tecnocasa\\anuncio_1498\\0.jpeg', 'imagenes_tecnocasa\\anuncio_1498\\1.jpeg', 'imagenes_tecnocasa\\anuncio_1498\\2.jpeg', 'imagenes_tecnocasa\\anuncio_1498\\3.jpeg', 'imagenes_tecnocasa\\anuncio_1498\\4.jpeg', 'imagenes_tecnocasa\\anuncio_1498\\5.jpeg', 'imagenes_tecnocasa\\anuncio_1498\\6.jpeg', 'imagenes_tecnocasa\\anuncio_1498\\7.jpeg', 'imagenes_tecnocasa\\anuncio_1498\\8.jpeg', 'imagenes_tecnocasa\\anuncio_1498\\9.jpeg', 'imagenes_tecnocasa\\anuncio_1498\\10.jpeg', 'imagenes_tecnocasa\\anuncio_1498\\11.jpeg', 'imagenes_tecnocasa\\anuncio_1498\\12.jpeg', 'imagenes_tecnocasa\\anuncio_1498\\13.jpeg', 'imagenes_tecnocasa\\anuncio_1498\\14.jpeg', 'imagenes_tecnocasa\\anuncio_1498\\15.jpeg', 'imagenes_tecnocasa\\anuncio_1498\\16.jpeg', 'imagenes_tecnocasa\\anuncio_1498\\17.jpeg', 'imagenes_tecnocasa\\anuncio_1498\\18.jpeg', 'imagenes_tecnocasa\\anuncio_1498\\19.jpeg', 'imagenes_tecnocasa\\anuncio_1498\\20.jpeg', 'imagenes_tecnocasa\\anuncio_1498\\21.jpeg', 'imagenes_tecnocasa\\anuncio_1498\\22.jpeg', 'imagenes_tecnocasa\\anuncio_1498\\23.jpeg', 'imagenes_tecnocasa\\anuncio_1498\\24.jpeg', 'imagenes_tecnocasa\\anuncio_1498\\25.jpeg', 'imagenes_tecnocasa\\anuncio_1498\\26.jpeg', 'imagenes_tecnocasa\\anuncio_1498\\27.jpeg', 'imagenes_tecnocasa\\anuncio_1498\\28.jpeg', 'imagenes_tecnocasa\\anuncio_1498\\29.jpeg']",0,Señorial,1996,0,0,0,casa,1,Alcalá de Henares,"Ensanche, Alcalá De Henares",40.481954,-3.363981,1498,2401.3100436681225,241.0,176.0,0.0,0.0,1.0,0.0,cerámica,pintura,corredera,estándar (2.4-2.8m),nada,4.8,3.4,clásico,"['#F2E8CF', '#A0522D', '#FFFFFF']",buena,False,convencional,limitado,ninguno,ninguno,estándar,básica,ninguno,6.8,6.6,ninguna,5
https://www.tecnocasa.es/venta/casa/madrid/coslada/590152.html,795000.0,5,463.0,3,"Agencia inmobiliaria ESTUDIO PLAZA MAYOR-PINILLA S. L,
TECNOCASA COSLADA; vende CHALET independiente con parcela de 463m2 y 332m2 construidos ,compuesto por 3 plantas, distribuidas en:
PLANTA PRINCIPAL compuesta por amplio salón con chimenea, zona de estar y comedor desde donde tenemos salida directa al porche y piscina climatizada. Cocina completa, 1 habitación con armario empotrado, baño completo, distribuidor y escaleras con pasamanos de madera.
PRIMERA PLANTA compuesta por 4 habitaciones con armarios empotrados, 1 baño completo con lavabo doble y cabina hidromasaje.
SOTANO compuesto por una sala multiusos con billar, mesas y una despensa con arcón frigorífico, 1 baño completo con plato de ducha.
EXTERIOR: Porche con zona de chill out con sofás y mesa comedor con piscina de 7,5 x4,75 m2 de obra con profundidad de 1,20 a 2,10 m, acristalada para poder disfrutar durante todo el año. Con salida al jardín con césped artificial y zona de barbacoa de obra y pérgola con merendero.
Calefación electrica con aporte energetico de placas solales .

La vivienda está situada en una zona ya consolidada con multitud de servicios alrededor y bien comunicada por la red de transportes del municipio, parques infantiles, colegios, supermercados, farmacias, paradas de autobús…

No dude en llamarnos para concertar su cita para visitar el inmueble en la que además recibirá el asesoramiento gratuito de nuestro departamento financiero KÌRON. FINANCIACION 100%
TEL. DE CONTACTO:
910.094. 439
630.775. 200. '.",1,1,1,1,1,1,0,1,1,1,"['https://cdn-media.medialabtc.it/es/agencies/md563/estates/590152/images/8280614/gallery_media.jpeg', 'https://cdn-media.medialabtc.it/es/agencies/md563/estates/590152/images/8280596/gallery_media.jpeg', 'https://cdn-media.medialabtc.it/es/agencies/md563/estates/590152/images/8280591/gallery_media.jpeg', 'https://cdn-media.medialabtc.it/es/agencies/md563/estates/590152/images/8280620/gallery_media.jpeg', 'https://cdn-media.medialabtc.it/es/agencies/md563/estates/590152/images/8280623/gallery_media.jpeg', 'https://cdn-media.medialabtc.it/es/agencies/md563/estates/590152/images/8280597/gallery_media.jpeg', 'https://cdn-media.medialabtc.it/es/agencies/md563/estates/590152/images/8280621/gallery_media.jpeg', 'https://cdn-media.medialabtc.it/es/agencies/md563/estates/590152/images/8280609/gallery_media.jpeg', 'https://cdn-media.medialabtc.it/es/agencies/md563/estates/590152/images/8280624/gallery_media.jpeg', 'https://cdn-media.medialabtc.it/es/agencies/md563/estates/590152/images/8280610/gallery_media.jpeg', 'https://cdn-media.medialabtc.it/es/agencies/md563/estates/590152/images/8280615/gallery_media.jpeg', 'https://cdn-media.medialabtc.it/es/agencies/md563/estates/590152/images/8280619/gallery_media.jpeg', 'https://cdn-media.medialabtc.it/es/agencies/md563/estates/590152/images/8280612/gallery_media.jpeg', 'https://cdn-media.medialabtc.it/es/agencies/md563/estates/590152/images/8280613/gallery_media.jpeg', 'https://cdn-media.medialabtc.it/es/agencies/md563/estates/590152/images/8280611/gallery_media.jpeg', 'https://cdn-media.medialabtc.it/es/agencies/md563/estates/590152/images/8280594/gallery_media.jpeg', 'https://cdn-media.medialabtc.it/es/agencies/md563/estates/590152/images/8280617/gallery_media.jpeg', 'https://cdn-media.medialabtc.it/es/agencies/md563/estates/590152/images/8280599/gallery_media.jpeg', 'https://cdn-media.medialabtc.it/es/agencies/md563/estates/590152/images/8280593/gallery_media.jpeg', 'https://cdn-media.medialabtc.it/es/agencies/md563/estates/590152/images/8280625/gallery_media.jpeg', 'https://cdn-media.medialabtc.it/es/agencies/md563/estates/590152/images/8280592/gallery_media.jpeg', 'https://cdn-media.medialabtc.it/es/agencies/md563/estates/590152/images/8280616/gallery_media.jpeg', 'https://cdn-media.medialabtc.it/es/agencies/md563/estates/590152/images/8280622/gallery_media.jpeg', 'https://cdn-media.medialabtc.it/es/agencies/md563/estates/590152/images/8280595/gallery_media.jpeg', 'https://cdn-media.medialabtc.it/es/agencies/md563/estates/590152/images/8280590/gallery_media.jpeg', 'https://cdn-media.medialabtc.it/es/agencies/md563/estates/590152/images/8280598/gallery_media.jpeg']",0,Desconocido,0,0,1,0,0,E,0,0,"['imagenes_tecnocasa\\anuncio_1501\\0.jpeg', 'imagenes_tecnocasa\\anuncio_1501\\1.jpeg', 'imagenes_tecnocasa\\anuncio_1501\\2.jpeg', 'imagenes_tecnocasa\\anuncio_1501\\3.jpeg', 'imagenes_tecnocasa\\anuncio_1501\\4.jpeg', 'imagenes_tecnocasa\\anuncio_1501\\5.jpeg', 'imagenes_tecnocasa\\anuncio_1501\\6.jpeg', 'imagenes_tecnocasa\\anuncio_1501\\7.jpeg', 'imagenes_tecnocasa\\anuncio_1501\\8.jpeg', 'imagenes_tecnocasa\\anuncio_1501\\9.jpeg', 'imagenes_tecnocasa\\anuncio_1501\\10.jpeg', 'imagenes_tecnocasa\\anuncio_1501\\11.jpeg', 'imagenes_tecnocasa\\anuncio_1501\\12.jpeg', 'imagenes_tecnocasa\\anuncio_1501\\13.jpeg', 'imagenes_tecnocasa\\anuncio_1501\\14.jpeg', 'imagenes_tecnocasa\\anuncio_1501\\15.jpeg', 'imagenes_tecnocasa\\anuncio_1501\\16.jpeg', 'imagenes_tecnocasa\\anuncio_1501\\17.jpeg', 'imagenes_tecnocasa\\anuncio_1501\\18.jpeg', 'imagenes_tecnocasa\\anuncio_1501\\19.jpeg', 'imagenes_tecnocasa\\anuncio_1501\\20.jpeg', 'imagenes_tecnocasa\\anuncio_1501\\21.jpeg', 'imagenes_tecnocasa\\anuncio_1501\\22.jpeg', 'imagenes_tecnocasa\\anuncio_1501\\23.jpeg', 'imagenes_tecnocasa\\anuncio_1501\\24.jpeg', 'imagenes_tecnocasa\\anuncio_1501\\25.jpeg']",1,Popular,1983,1,0,0,casa,1,Coslada,Coslada,40.423802,-3.5552882,1501,1717.062634989201,232.0,165.0,-0.3,0.5,1.0,0.0,parquet,pintura,corredera,estándar (2.4-2.8m),nada,5.2,5.0,moderno,"['#FFFAF0', '#87CEEB', '#A0522D']",buena,False,convencional,normal,ninguno,ninguno,estándar,totalmente equipada,ninguno,7.6,6.6,ninguna,5
https://www.tecnocasa.es/venta/piso/madrid/madrid/518430.html,228000.0,3,84.0,1,"'TECNOCASA 'ESTUDIO SAN BLAS 2018 S. L. ' Vende inmueble de 84 m2 construidos en la ZONA ARCOS de SAN BLAS.

Una entreplanta, completamente exterior, con ascensor. Para reformar (Excepto baño).
Compuesto de 3 amplios y luminosos dormitorios, un cuarto de baño reformado, salón muy luminoso y cocina independiente. Dispone de terraza. Tiene las paredes lisas y el suelo es de tarima. Excelente ubicación. Orientación: Este-Oeste

El inmueble se encuentra situado entre metro de San Blas L7 y metro Avenida de Guadalajara L2. Es una zona muy bien comunicada, con comercios, colegios, zonas verdes, polideportivo, centro comercial.

Se realizara obligatoriamente un estudio financiero antes de visitar la vivienda
Le buscamos la hipoteca hasta el 100%.

Los profesionales Kìron, gracias a un profundo conocimiento del mercado bancario, le ayudan a encontrar la solución hipotecaria que mejor se adapte a sus preferencias. '.",1,1,1,1,1,1,0,1,1,1,['https://www.tecnocasa.es/img/home-hero/es/tecnocasa/residential/desktop_6.jpg'],0,Reformado,0,0,0,1,0,Desconocida,0,0,['imagenes_tecnocasa\\anuncio_1503\\0.jpg'],0,Popular,1974,1,0,0,piso,1,Madrid,"Rosas, Madrid",40.4167047,-3.7035825,1503,2714.285714285714,141.0,116.0,0.0,0.0,3.0,0.0,otro,otro,otro,otro,nada,0.0,0.0,otro,"['#0077be', '#666666', '#00FFFF']",otro,False,otro,otro,ninguno,ninguno,otro,otro,ninguno,8.0,7.0,ninguna,1
https://www.tecnocasa.es/venta/piso/madrid/madrid/609745.html,216000.0,3,69.0,1,"Agencia inmobiliaria de MADRID - zona USERA - MOSCARDO - PLAZA ELÍPTICA
Vende vivienda en la calle Gumersindo Azcárate compuesta de 3 Dormitorios, Salón, Cocina y Baño.

Tiene varios puntos a destacar:

- Finca a 1 minuto del metro de Usera
- Vivienda luminosa.
- La cercanía a Madrid Río a 15 minutos andando.

Zona perfecta para las familias con zonas verdes en el entorno, bloque muy tranquilo
A 15 MINUTOS A PIE DE MADRID RÍO.
Fácil acceso a A42, M40, M30 Calle de Antonio López, Avenida de Andalucía, Hospital 12 de octubre, a 10 minutos del metro almendrales línea 3 (Villaverde - Moncloa), autobuses (47, 247 y 60 y búho Nº12 ). Zona con todos los servicios, supermercado próximo.",1,1,1,1,1,1,1,1,1,1,"['https://cdn-media.medialabtc.it/es/agencies/mdak3/estates/609745/images/8717263/gallery_media.jpeg', 'https://cdn-media.medialabtc.it/es/agencies/mdak3/estates/609745/images/8717271/gallery_media.jpeg', 'https://cdn-media.medialabtc.it/es/agencies/mdak3/estates/609745/images/8717231/gallery_media.jpeg', 'https://cdn-media.medialabtc.it/es/agencies/mdak3/estates/609745/images/8717264/gallery_media.jpeg', 'https://cdn-media.medialabtc.it/es/agencies/mdak3/estates/609745/images/8717237/gallery_media.jpeg', 'https://cdn-media.medialabtc.it/es/agencies/mdak3/estates/609745/images/8717272/gallery_media.jpeg', 'https://cdn-media.medialabtc.it/es/agencies/mdak3/estates/609745/images/8717238/gallery_media.jpeg', 'https://cdn-media.medialabtc.it/es/agencies/mdak3/estates/609745/images/8717270/gallery_media.jpeg', 'https://cdn-media.medialabtc.it/es/agencies/mdak3/estates/609745/images/8717236/gallery_media.jpeg', 'https://cdn-media.medialabtc.it/es/agencies/mdak3/estates/609745/images/8717265/gallery_media.jpeg', 'https://cdn-media.medialabtc.it/es/agencies/mdak3/estates/609745/images/8717240/gallery_media.jpeg', 'https://cdn-media.medialabtc.it/es/agencies/mdak3/estates/609745/images/8717267/gallery_media.jpeg', 'https://cdn-media.medialabtc.it/es/agencies/mdak3/estates/609745/images/8717241/gallery_media.jpeg', 'https://cdn-media.medialabtc.it/es/agencies/mdak3/estates/609745/images/8727288/gallery_media.jpeg', 'https://cdn-media.medialabtc.it/es/agencies/mdak3/estates/609745/images/8717239/gallery_media.jpeg', 'https://cdn-media.medialabtc.it/es/agencies/mdak3/estates/609745/images/8717269/gallery_media.jpeg', 'https://cdn-media.medialabtc.it/es/agencies/mdak3/estates/609745/images/8717262/gallery_media.jpeg', 'https://cdn-media.medialabtc.it/es/agencies/mdak3/estates/609745/images/8717233/gallery_media.jpeg', 'https://cdn-media.medialabtc.it/es/agencies/mdak3/estates/609745/images/8717235/gallery_media.jpeg', 'https://cdn-media.medialabtc.it/es/agencies/mdak3/estates/609745/images/8717234/gallery_media.jpeg', 'https://cdn-media.medialabtc.it/es/agencies/mdak3/estates/609745/images/8717232/gallery_media.jpeg', 'https://cdn-media.medialabtc.it/es/agencies/mdak3/estates/609745/images/8717268/gallery_media.jpeg', 'https://cdn-media.medialabtc.it/es/agencies/mdak3/estates/609745/images/8717266/gallery_media.jpeg']",0,Desconocido,0,0,0,0,0,E,0,0,"['imagenes_tecnocasa\\anuncio_1508\\0.jpeg', 'imagenes_tecnocasa\\anuncio_1508\\1.jpeg', 'imagenes_tecnocasa\\anuncio_1508\\2.jpeg', 'imagenes_tecnocasa\\anuncio_1508\\3.jpeg', 'imagenes_tecnocasa\\anuncio_1508\\4.jpeg', 'imagenes_tecnocasa\\anuncio_1508\\5.jpeg', 'imagenes_tecnocasa\\anuncio_1508\\6.jpeg', 'imagenes_tecnocasa\\anuncio_1508\\7.jpeg', 'imagenes_tecnocasa\\anuncio_1508\\8.jpeg', 'imagenes_tecnocasa\\anuncio_1508\\9.jpeg', 'imagenes_tecnocasa\\anuncio_1508\\10.jpeg', 'imagenes_tecnocasa\\anuncio_1508\\11.jpeg', 'imagenes_tecnocasa\\anuncio_1508\\12.jpeg', 'imagenes_tecnocasa\\anuncio_1508\\13.jpeg', 'imagenes_tecnocasa\\anuncio_1508\\14.jpeg', 'imagenes_tecnocasa\\anuncio_1508\\15.jpeg', 'imagenes_tecnocasa\\anuncio_1508\\16.jpeg', 'imagenes_tecnocasa\\anuncio_1508\\17.jpeg', 'imagenes_tecnocasa\\anuncio_1508\\18.jpeg', 'imagenes_tecnocasa\\anuncio_1508\\19.jpeg', 'imagenes_tecnocasa\\anuncio_1508\\20.jpeg', 'imagenes_tecnocasa\\anuncio_1508\\21.jpeg', 'imagenes_tecnocasa\\anuncio_1508\\22.jpeg']",0,Popular,1958,0,0,0,piso,1,Madrid,"Moscardo - Antonio Lopez, Madrid",40.4167047,-3.7035825,1508,3130.4347826086955,120.0,92.0,0.0,0.0,1.0,0.0,cerámica,pintura,corredera,estándar (2.4-2.8m),nada,3.8,4.8,convencional,"['#F2F2F2', '#FFFFFF', '#C0C0C0']",regular,False,convencional,normal,ninguno,ninguno,estándar,parcialmente equipada,ninguno,6.4,6.6,ninguna,5
https://www.tecnocasa.es/venta/piso/madrid/parla/604808.html,169000.0,3,79.0,1,"Agencia inmobiliaria de PARLA zona PARLA REYES - LAS AMÉRICAS Oficina Tecnocasa VENDE PISO CON ASCENSOR, situado en zona de Reyes, cercano al centro de salud 'Isabel II', colegios e institutos y centro comercial 'El Ferial'.
+ Piso situado en 1ºplanta con ascensor
+ 3 dormitorios, 1 de ellos doble
+ Salón independiente con paso a terraza abierta
+ Aire acondicionado en Salón
+ Cocina con acceso al tendedero
+ Baño con plato de ducha reformado
+ Cocina amueblada y reformada
+ Suelos de Gres
+ Calefacción Gas Natural
+ Ventanas Climalit
El piso se caracteriza por su buena distribución, excelente ubicación y sobre todo por su AMPLITUD.
ZONA REYES - LAS AMÉRICAS
El piso en venta se ubica en zona de Reyes, rodeada de una amplia variedad de comercios, tales como galerías de alimentación, restauración y textil. También está cercano al centro de salud, farmacias, biblioteca municipal “Gloria Fuertes” bancos y cajeros, colegios, institutos, y grandes zonas verdes con parques infantiles.
TECNOCASA, red inmobiliaria líder en el sector con más de 30 años de experiencia, presente en más de 11 países, 900 oficinas a nivel nacional y con 400 oficinas en la Comunidad de Madrid.
Realizamos valoraciones de su hogar totalmente gratuitas; gestionamos el proceso de post-venta (tanto para comprador como para el vendedor); además, les daremos toda la información que necesiten sobre hipotecas, les ayudaremos a tramitar herencias, certificados, cambios de titularidad, plusvalías, permiso de venta, etc.
Contamos con la colaboración del departamento de financiación de KÍRON, su experto intermediario que le asesorará gratuitamente sin ningún compromiso.
Nuestros servicios:
- Hipoteca “primera vivienda”.
- Hipoteca “cambio de vivienda”.
- Hipoteca 100%.
Disponemos de las mejores viviendas del mercado.
NO DUDE EN VISITARNOS.",0,1,1,1,1,1,0,1,1,1,"['https://cdn-media.medialabtc.it/es/agencies/mdbp7/estates/604808/images/8611800/gallery_media.jpeg', 'https://cdn-media.medialabtc.it/es/agencies/mdbp7/estates/604808/images/8611808/gallery_media.jpeg', 'https://cdn-media.medialabtc.it/es/agencies/mdbp7/estates/604808/images/8611799/gallery_media.jpeg', 'https://cdn-media.medialabtc.it/es/agencies/mdbp7/estates/604808/images/8611804/gallery_media.jpeg', 'https://cdn-media.medialabtc.it/es/agencies/mdbp7/estates/604808/images/8611811/gallery_media.jpeg', 'https://cdn-media.medialabtc.it/es/agencies/mdbp7/estates/604808/images/8611803/gallery_media.jpeg', 'https://cdn-media.medialabtc.it/es/agencies/mdbp7/estates/604808/images/8611815/gallery_media.jpeg', 'https://cdn-media.medialabtc.it/es/agencies/mdbp7/estates/604808/images/8611757/gallery_media.jpeg', 'https://cdn-media.medialabtc.it/es/agencies/mdbp7/estates/604808/images/8611756/gallery_media.jpeg', 'https://cdn-media.medialabtc.it/es/agencies/mdbp7/estates/604808/images/8611810/gallery_media.jpeg', 'https://cdn-media.medialabtc.it/es/agencies/mdbp7/estates/604808/images/8611806/gallery_media.jpeg', 'https://cdn-media.medialabtc.it/es/agencies/mdbp7/estates/604808/images/8611802/gallery_media.jpeg', 'https://cdn-media.medialabtc.it/es/agencies/mdbp7/estates/604808/images/8611809/gallery_media.jpeg', 'https://cdn-media.medialabtc.it/es/agencies/mdbp7/estates/604808/images/8611812/gallery_media.jpeg', 'https://cdn-media.medialabtc.it/es/agencies/mdbp7/estates/604808/images/8611753/gallery_media.jpeg', 'https://cdn-media.medialabtc.it/es/agencies/mdbp7/estates/604808/images/8611754/gallery_media.jpeg', 'https://cdn-media.medialabtc.it/es/agencies/mdbp7/estates/604808/images/8611755/gallery_media.jpeg', 'https://cdn-media.medialabtc.it/es/agencies/mdbp7/estates/604808/images/8611813/gallery_media.jpeg', 'https://cdn-media.medialabtc.it/es/agencies/mdbp7/estates/604808/images/8611807/gallery_media.jpeg', 'https://cdn-media.medialabtc.it/es/agencies/mdbp7/estates/604808/images/8611798/gallery_media.jpeg', 'https://cdn-media.medialabtc.it/es/agencies/mdbp7/estates/604808/images/8611752/gallery_media.jpeg', 'https://cdn-media.medialabtc.it/es/agencies/mdbp7/estates/604808/images/8611805/gallery_media.jpeg', 'https://cdn-media.medialabtc.it/es/agencies/mdbp7/estates/604808/images/8611814/gallery_media.jpeg', 'https://cdn-media.medialabtc.it/es/agencies/mdbp7/estates/604808/images/8611801/gallery_media.jpeg']",0,Reformado,0,0,0,1,0,E,0,0,"['imagenes_tecnocasa\\anuncio_1510\\0.jpeg', 'imagenes_tecnocasa\\anuncio_1510\\1.jpeg', 'imagenes_tecnocasa\\anuncio_1510\\2.jpeg', 'imagenes_tecnocasa\\anuncio_1510\\3.jpeg', 'imagenes_tecnocasa\\anuncio_1510\\4.jpeg', 'imagenes_tecnocasa\\anuncio_1510\\5.jpeg', 'imagenes_tecnocasa\\anuncio_1510\\6.jpeg', 'imagenes_tecnocasa\\anuncio_1510\\7.jpeg', 'imagenes_tecnocasa\\anuncio_1510\\8.jpeg', 'imagenes_tecnocasa\\anuncio_1510\\9.jpeg', 'imagenes_tecnocasa\\anuncio_1510\\10.jpeg', 'imagenes_tecnocasa\\anuncio_1510\\11.jpeg', 'imagenes_tecnocasa\\anuncio_1510\\12.jpeg', 'imagenes_tecnocasa\\anuncio_1510\\13.jpeg', 'imagenes_tecnocasa\\anuncio_1510\\14.jpeg', 'imagenes_tecnocasa\\anuncio_1510\\15.jpeg', 'imagenes_tecnocasa\\anuncio_1510\\16.jpeg', 'imagenes_tecnocasa\\anuncio_1510\\17.jpeg', 'imagenes_tecnocasa\\anuncio_1510\\18.jpeg', 'imagenes_tecnocasa\\anuncio_1510\\19.jpeg', 'imagenes_tecnocasa\\anuncio_1510\\20.jpeg', 'imagenes_tecnocasa\\anuncio_1510\\21.jpeg', 'imagenes_tecnocasa\\anuncio_1510\\22.jpeg', 'imagenes_tecnocasa\\anuncio_1510\\23.jpeg']",1,Popular,1977,1,0,1,piso,3,Parla,Parla,40.2373952,-3.7718902,1510,2139.240506329114,284.0,189.0,0.05,0.2,1.0,0.0,otro,pintura,otro,estándar (2.4-2.8m),nada,3.4,3.6,moderno,"['#F94A8F', '#FFFFFF', '#D3D3D3']",buena,False,convencional,limitado,ninguno,ninguno,estándar,básica,ninguno,6.6,6.4,ninguna,5
https://www.tecnocasa.es/venta/piso/madrid/madrid/608432.html,145000.0,3,56.0,1,"'TECNOCASA ''Estudio Hellín-Las Musas 2020 S. L. '' Vende piso de 56 metros cuadrados construidos en la zona de Hellín.
Una cuarta planta, totalmente exterior. PARA ENTRAR A VIVIR. Compuesta de 3 dormitorios, un baño completo con plato de ducha, salón amplio y luminoso y una cocina independiente y equipada. Tiene suelo de gres, ventanas Climalit, vitrocerámica. Tiene puerta blindada. Dispone de Calefacción individual: Gas natural.
Orientación sur-oeste. Muy luminoso. Muy buena ubicación.
El inmueble se encuentra situado muy cerca del Metro San Blas L7, y entre metro de Avenida Guadalajara L2 y metro de Simancas L7. Es una zona muy bien comunicada, con comercios, colegios, zonas verdes, polideportivo, centro comercial. !
Sitios cercanos: colegios, polideportivo, centro de salud, cerca del centro comercial las rosas a menos de 500 metros bares y restaurantes zonas verdes.
'Le buscamos la hipoteca hasta el 100%. Los profesionales Kiron, gracias a un profundo conocimiento del mercado bancario, le ayudan a encontrar la solución hipotecaria que mejor de adapte a sus preferencias'.",1,0,1,1,1,1,0,1,1,1,"['https://cdn-media.medialabtc.it/es/agencies/md052/estates/608432/images/8687513/gallery_media.jpeg', 'https://cdn-media.medialabtc.it/es/agencies/md052/estates/608432/images/8687510/gallery_media.jpeg', 'https://cdn-media.medialabtc.it/es/agencies/md052/estates/608432/images/8687511/gallery_media.jpeg', 'https://cdn-media.medialabtc.it/es/agencies/md052/estates/608432/images/8687512/gallery_media.jpeg', 'https://cdn-media.medialabtc.it/es/agencies/md052/estates/608432/images/8687516/gallery_media.jpeg', 'https://cdn-media.medialabtc.it/es/agencies/md052/estates/608432/images/8746559/gallery_media.jpeg', 'https://cdn-media.medialabtc.it/es/agencies/md052/estates/608432/images/8746560/gallery_media.jpeg', 'https://cdn-media.medialabtc.it/es/agencies/md052/estates/608432/images/8746558/gallery_media.jpeg', 'https://cdn-media.medialabtc.it/es/agencies/md052/estates/608432/images/8687507/gallery_media.jpeg', 'https://cdn-media.medialabtc.it/es/agencies/md052/estates/608432/images/8746561/gallery_media.jpeg', 'https://cdn-media.medialabtc.it/es/agencies/md052/estates/608432/images/8687509/gallery_media.jpeg', 'https://cdn-media.medialabtc.it/es/agencies/md052/estates/608432/images/8687514/gallery_media.jpeg', 'https://cdn-media.medialabtc.it/es/agencies/md052/estates/608432/images/8687506/gallery_media.jpeg', 'https://cdn-media.medialabtc.it/es/agencies/md052/estates/608432/images/8687508/gallery_media.jpeg', 'https://cdn-media.medialabtc.it/es/agencies/md052/estates/608432/images/8746622/gallery_media.jpeg', 'https://cdn-media.medialabtc.it/es/agencies/md052/estates/608432/images/8687505/gallery_media.jpeg', 'https://cdn-media.medialabtc.it/es/agencies/md052/estates/608432/images/8687515/gallery_media.jpeg']",0,Desconocido,0,0,0,0,0,E,0,0,"['imagenes_tecnocasa\\anuncio_1511\\0.jpeg', 'imagenes_tecnocasa\\anuncio_1511\\1.jpeg', 'imagenes_tecnocasa\\anuncio_1511\\2.jpeg', 'imagenes_tecnocasa\\anuncio_1511\\3.jpeg', 'imagenes_tecnocasa\\anuncio_1511\\4.jpeg', 'imagenes_tecnocasa\\anuncio_1511\\5.jpeg', 'imagenes_tecnocasa\\anuncio_1511\\6.jpeg', 'imagenes_tecnocasa\\anuncio_1511\\7.jpeg', 'imagenes_tecnocasa\\anuncio_1511\\8.jpeg', 'imagenes_tecnocasa\\anuncio_1511\\9.jpeg', 'imagenes_tecnocasa\\anuncio_1511\\10.jpeg', 'imagenes_tecnocasa\\anuncio_1511\\11.jpeg', 'imagenes_tecnocasa\\anuncio_1511\\12.jpeg', 'imagenes_tecnocasa\\anuncio_1511\\13.jpeg', 'imagenes_tecnocasa\\anuncio_1511\\14.jpeg', 'imagenes_tecnocasa\\anuncio_1511\\15.jpeg', 'imagenes_tecnocasa\\anuncio_1511\\16.jpeg']",0,Media,1960,1,0,0,piso,4,Madrid,"Canillejas, Madrid",40.4167047,-3.7035825,1511,2589.285714285714,167.0,130.0,0.0625,0.4,2.0,0.0,otro,pintura,corredera,estándar (2.4-2.8m),nada,3.6,3.4,convencional,"['#F2E8CF', '#C4926D', '#A0522D']",regular,False,convencional,normal,ninguno,ninguno,estándar,básica,ninguno,6.2,6.4,ninguna,5
https://www.tecnocasa.es/venta/piso/madrid/humanes-de-madrid/608391.html,149000.0,3,75.0,1,"'AGENCIA INMOBILIARIA HUMANES- ZONA HUMANES DE MADRID- OFICINA TECNOCASA VENDE PISO
PISO ALQUILADO CON CONTRATO VIGENTE HASTA DICIEMBRE 2026

'Fantástico PISO ubicado en Humanes de Madrid, compuesto por: salón, cocina, 3 dormitorios y 1 baños Y terraza.

PARA SOLICITAR MAS INFORMACIÓN LLAME AL TELÉFONO

Está situado en una zona en expansión pero ya consolidada con fácil acceso a colegios, institutos, parques, comercios, supermercados, centros médicos y a la red de transportes del municipio.

No dude en llamarnos para concertar su cita.",0,1,1,1,0,1,0,1,1,1,"['https://cdn-media.medialabtc.it/es/agencies/md524/estates/608391/images/8721324/gallery_media.jpeg', 'https://cdn-media.medialabtc.it/es/agencies/md524/estates/608391/images/8721322/gallery_media.jpeg', 'https://cdn-media.medialabtc.it/es/agencies/md524/estates/608391/images/8721318/gallery_media.jpeg', 'https://cdn-media.medialabtc.it/es/agencies/md524/estates/608391/images/8721320/gallery_media.jpeg', 'https://cdn-media.medialabtc.it/es/agencies/md524/estates/608391/images/8721316/gallery_media.jpeg', 'https://cdn-media.medialabtc.it/es/agencies/md524/estates/608391/images/8721321/gallery_media.jpeg', 'https://cdn-media.medialabtc.it/es/agencies/md524/estates/608391/images/8721323/gallery_media.jpeg', 'https://cdn-media.medialabtc.it/es/agencies/md524/estates/608391/images/8721314/gallery_media.jpeg', 'https://cdn-media.medialabtc.it/es/agencies/md524/estates/608391/images/8721317/gallery_media.jpeg', 'https://cdn-media.medialabtc.it/es/agencies/md524/estates/608391/images/8721311/gallery_media.jpeg', 'https://cdn-media.medialabtc.it/es/agencies/md524/estates/608391/images/8721319/gallery_media.jpeg', 'https://cdn-media.medialabtc.it/es/agencies/md524/estates/608391/images/8721313/gallery_media.jpeg', 'https://cdn-media.medialabtc.it/es/agencies/md524/estates/608391/images/8721315/gallery_media.jpeg']",0,Desconocido,0,0,0,1,0,Desconocida,0,0,"['imagenes_tecnocasa\\anuncio_1513\\0.jpeg', 'imagenes_tecnocasa\\anuncio_1513\\1.jpeg', 'imagenes_tecnocasa\\anuncio_1513\\2.jpeg', 'imagenes_tecnocasa\\anuncio_1513\\3.jpeg', 'imagenes_tecnocasa\\anuncio_1513\\4.jpeg', 'imagenes_tecnocasa\\anuncio_1513\\5.jpeg', 'imagenes_tecnocasa\\anuncio_1513\\6.jpeg', 'imagenes_tecnocasa\\anuncio_1513\\7.jpeg', 'imagenes_tecnocasa\\anuncio_1513\\8.jpeg', 'imagenes_tecnocasa\\anuncio_1513\\9.jpeg', 'imagenes_tecnocasa\\anuncio_1513\\10.jpeg', 'imagenes_tecnocasa\\anuncio_1513\\11.jpeg', 'imagenes_tecnocasa\\anuncio_1513\\12.jpeg']",0,Popular,1978,0,0,0,piso,8,Madrid,Humanes De Madrid,40.4167047,-3.7035825,1513,1986.6666666666667,81.0,73.0,0.0,0.0,0.0,0.0,otro,pintura,corredera,estándar (2.4-2.8m),nada,2.8,2.8,convencional,"['#FFFFFF', '#A0522D', '#D2B48C']",regular,False,convencional,limitado,ninguno,ninguno,básico,básica,ninguno,6.0,5.4,ninguna,5
https://www.tecnocasa.es/venta/piso/madrid/las-rozas-de-madrid/604405.html,415000.0,2,92.0,2,"Tecnocasa Las Rozas Estación vende fabuloso bajo de 2 dormitorios y 2 cuartos de baño con plaza de garaje y trastero en céntrica urbanización a 5 minutos a pie de la Calle Real.
La casa se encuentra en la Urbanización Vitalonga y cuenta con un recibidor distribuidor con acceso directo a un amplio y luminoso salón comedor. El piso tiene dos amplios dormitorios, ambos con armarios empotrados y con orientación a las zonas verdes, por lo que tienen perfecta iluminación y vistas.
Además, la casa tiene dos cuartos de baño, uno de ellos en suite dentro del dormitorio principal, con bañera; y el otro, que da servicio al segundo dormitorio y a las visitas, también cuenta con bañera y ventana, para una ventilación totalmente exterior y natural. La vivienda dispone de una fabulosa y amplia cocina con buen espacio de almacenamiento pero también aprovechable no solo para cocinar como para tener su propio espacio de comedor. Además, desde la cocina hay acceso a un patio interior comunitario con 1/4 de uso y disfrute para esta vivienda.
El piso se vende con una amplia plaza de garaje y un trastero, todo ello incluido en el precio y en el mismo bloque de la vivienda.
La urbanización Vitalonga es una de las más demandadas y actualizadas de la zona Centro y Auditorio en Las Rozas y cuenta con unos espectaculares espacios vecinales que incluyen pista de tenis, pista de baloncesto, piscina (todo ello recientemente actualizado) y zonas verdes.
Todo ello desde una posición privilegiada y perfectamente comunicada con las principales carreteras y vías (como la M-40, la A-6 o la Carretera de El Escorial); pero también con múltiples paradas de transporte público (autobús y RENFE) en las cercanías; y toda una amplia oferta de ocio, restauración y comercio entre los que se incluyen los centros comerciales más cercanos (como . El Burgo Centro, . El Carralero, . Heron City o . Gran Plaza 2).
POSIBILIDAD DE FINANCIACION AL 100% CON NUESTRO DEPARTAMENTO FINANCIERO: KIRON.
No dudes en venir a verlo!",0,1,1,1,1,1,0,1,1,1,"['https://cdn-media.medialabtc.it/es/agencies/md591/estates/604405/images/8603651/gallery_media.jpeg', 'https://cdn-media.medialabtc.it/es/agencies/md591/estates/604405/images/8603640/gallery_media.jpeg', 'https://cdn-media.medialabtc.it/es/agencies/md591/estates/604405/images/8603652/gallery_media.jpeg', 'https://cdn-media.medialabtc.it/es/agencies/md591/estates/604405/images/8603645/gallery_media.jpeg', 'https://cdn-media.medialabtc.it/es/agencies/md591/estates/604405/images/8603671/gallery_media.jpeg', 'https://cdn-media.medialabtc.it/es/agencies/md591/estates/604405/images/8603642/gallery_media.jpeg', 'https://cdn-media.medialabtc.it/es/agencies/md591/estates/604405/images/8603647/gallery_media.jpeg', 'https://cdn-media.medialabtc.it/es/agencies/md591/estates/604405/images/8603655/gallery_media.jpeg', 'https://cdn-media.medialabtc.it/es/agencies/md591/estates/604405/images/8603657/gallery_media.jpeg', 'https://cdn-media.medialabtc.it/es/agencies/md591/estates/604405/images/8603683/gallery_media.jpeg', 'https://cdn-media.medialabtc.it/es/agencies/md591/estates/604405/images/8603641/gallery_media.jpeg', 'https://cdn-media.medialabtc.it/es/agencies/md591/estates/604405/images/8603656/gallery_media.jpeg', 'https://cdn-media.medialabtc.it/es/agencies/md591/estates/604405/images/8603678/gallery_media.jpeg', 'https://cdn-media.medialabtc.it/es/agencies/md591/estates/604405/images/8603681/gallery_media.jpeg', 'https://cdn-media.medialabtc.it/es/agencies/md591/estates/604405/images/8603653/gallery_media.jpeg', 'https://cdn-media.medialabtc.it/es/agencies/md591/estates/604405/images/8603643/gallery_media.jpeg', 'https://cdn-media.medialabtc.it/es/agencies/md591/estates/604405/images/8603648/gallery_media.jpeg', 'https://cdn-media.medialabtc.it/es/agencies/md591/estates/604405/images/8603646/gallery_media.jpeg', 'https://cdn-media.medialabtc.it/es/agencies/md591/estates/604405/images/8603680/gallery_media.jpeg', 'https://cdn-media.medialabtc.it/es/agencies/md591/estates/604405/images/8603670/gallery_media.jpeg', 'https://cdn-media.medialabtc.it/es/agencies/md591/estates/604405/images/8603650/gallery_media.jpeg', 'https://cdn-media.medialabtc.it/es/agencies/md591/estates/604405/images/8603654/gallery_media.jpeg', 'https://cdn-media.medialabtc.it/es/agencies/md591/estates/604405/images/8603668/gallery_media.jpeg', 'https://cdn-media.medialabtc.it/es/agencies/md591/estates/604405/images/8603644/gallery_media.jpeg', 'https://cdn-media.medialabtc.it/es/agencies/md591/estates/604405/images/8603669/gallery_media.jpeg', 'https://cdn-media.medialabtc.it/es/agencies/md591/estates/604405/images/8603682/gallery_media.jpeg', 'https://cdn-media.medialabtc.it/es/agencies/md591/estates/604405/images/8603649/gallery_media.jpeg', 'https://cdn-media.medialabtc.it/es/agencies/md591/estates/604405/images/8603679/gallery_media.jpeg']",0,Desconocido,1,1,1,0,0,E,0,0,"['imagenes_tecnocasa\\anuncio_1514\\0.jpeg', 'imagenes_tecnocasa\\anuncio_1514\\1.jpeg', 'imagenes_tecnocasa\\anuncio_1514\\2.jpeg', 'imagenes_tecnocasa\\anuncio_1514\\3.jpeg', 'imagenes_tecnocasa\\anuncio_1514\\4.jpeg', 'imagenes_tecnocasa\\anuncio_1514\\5.jpeg', 'imagenes_tecnocasa\\anuncio_1514\\6.jpeg', 'imagenes_tecnocasa\\anuncio_1514\\7.jpeg', 'imagenes_tecnocasa\\anuncio_1514\\8.jpeg', 'imagenes_tecnocasa\\anuncio_1514\\9.jpeg', 'imagenes_tecnocasa\\anuncio_1514\\10.jpeg', 'imagenes_tecnocasa\\anuncio_1514\\11.jpeg', 'imagenes_tecnocasa\\anuncio_1514\\12.jpeg', 'imagenes_tecnocasa\\anuncio_1514\\13.jpeg', 'imagenes_tecnocasa\\anuncio_1514\\14.jpeg', 'imagenes_tecnocasa\\anuncio_1514\\15.jpeg', 'imagenes_tecnocasa\\anuncio_1514\\16.jpeg', 'imagenes_tecnocasa\\anuncio_1514\\17.jpeg', 'imagenes_tecnocasa\\anuncio_1514\\18.jpeg', 'imagenes_tecnocasa\\anuncio_1514\\19.jpeg', 'imagenes_tecnocasa\\anuncio_1514\\20.jpeg', 'imagenes_tecnocasa\\anuncio_1514\\21.jpeg', 'imagenes_tecnocasa\\anuncio_1514\\22.jpeg', 'imagenes_tecnocasa\\anuncio_1514\\23.jpeg', 'imagenes_tecnocasa\\anuncio_1514\\24.jpeg', 'imagenes_tecnocasa\\anuncio_1514\\25.jpeg', 'imagenes_tecnocasa\\anuncio_1514\\26.jpeg', 'imagenes_tecnocasa\\anuncio_1514\\27.jpeg']",1,De época,1985,1,0,1,piso,2,Las Rozas De Madrid,Las Rozas De Madrid,40.4933095,-3.8758396,1514,4510.869565217391,338.0,197.0,0.1625,0.35000000000000003,2.0,0.0,cerámica,pintura,corredera,estándar (2.4-2.8m),nada,3.0,3.6,convencional,"['#4682B4', '#FFFFFF', '#C0C0C0']",regular,False,convencional,limitado,ninguno,ninguno,estándar,básica,ninguno,7.2,6.2,ninguna,5
https://www.tecnocasa.es/venta/piso/madrid/madrid/510539.html,650000.0,5,231.0,4,"Inmobiliaria en Alameda de Osuna Madrid - Tecnocasa Estudio Alameda De Osuna Sl
Vende la NUDA PROPIEDAD de este espectacular ático con terraza de 45m2 REFORMADO hace 2 año con las ultimas calidades distribuido en hall de entrada, 5 dormitorios(dormitorio principal con baño en suite y un magnifico vestidor), amplio salón-comedor con acceso a terraza, cocina con office totalmente equipada y 4 baños completos (2 de ellos con bañera-jacuzzi). El piso es completamente exterior en todas sus estancias. Triple orientación ESTE-SUR-NORTE lo que aporta mayor luminosidad a la vivienda durante el día. Dispone de un pequeño almacén-trastero de unos 5m2 en la propia vivienda. Impresionantes vistas panorámicas al barrio de Barajas con el aeropuerto de fondo, al Jardín de El Capricho y al estadio Wanda Metropolitano.

La actual propietaria se reserva el usufructo vitalicio y se contempla la posibilidad de renunciar expresamente a este derecho por parte del mismo antes de su fallecimiento.

La propietaria asume todos los gastos relacionados al inmueble y a la propiedad (Comunidad, derramas, tasa basura, suministros, IBI) así como cualquier reparación que sea necesaria para el uso y disfrute del piso.

Zona inmejorable con numerosas zonas verdes equipada con todos los servicios; supermercados, comercios, cafeterías, colegios, gimnasios, CENTRO COMERCIAL PLENILUNIO a 7 minutos en coche y 20 andando. Linea 5 (Alameda de Osuna) MINUTOS ANDANDO. Bus línea 105, une la plaza de Ciudad Lineal con Barajas, Bus líneas 101 y 151 que une Canillejas con Barajas y autobús interurbano linea 827 cuyo recorrido pasa por aeropuerto T4-Alcobendas-universidad Autónoma-Tres Cantos.

KIRON y sus agentes de intermediación financiera podrás encontrar la hipoteca que mejor se adapte a tus necesidades de financiación, para que puedas beneficiarte de los convenios que tiene el grupo Tecnocasa con diferentes entidades bancarias. Con la posibilidad de financiación hasta 100%, asesórate gratis y sin compromiso.",1,0,1,1,1,1,0,1,1,1,"['https://cdn-media.medialabtc.it/es/agencies/md066/estates/510539/images/8174584/gallery_media.jpeg', 'https://cdn-media.medialabtc.it/es/agencies/md066/estates/510539/images/8174602/gallery_media.jpeg', 'https://cdn-media.medialabtc.it/es/agencies/md066/estates/510539/images/8174695/gallery_media.jpeg', 'https://cdn-media.medialabtc.it/es/agencies/md066/estates/510539/images/8174558/gallery_media.jpeg', 'https://cdn-media.medialabtc.it/es/agencies/md066/estates/510539/images/8174601/gallery_media.jpeg', 'https://cdn-media.medialabtc.it/es/agencies/md066/estates/510539/images/8174612/gallery_media.jpeg', 'https://cdn-media.medialabtc.it/es/agencies/md066/estates/510539/images/8174606/gallery_media.jpeg', 'https://cdn-media.medialabtc.it/es/agencies/md066/estates/510539/images/8174620/gallery_media.jpeg', 'https://cdn-media.medialabtc.it/es/agencies/md066/estates/510539/images/8174609/gallery_media.jpeg', 'https://cdn-media.medialabtc.it/es/agencies/md066/estates/510539/images/8174616/gallery_media.jpeg', 'https://cdn-media.medialabtc.it/es/agencies/md066/estates/510539/images/8174619/gallery_media.jpeg', 'https://cdn-media.medialabtc.it/es/agencies/md066/estates/510539/images/8174611/gallery_media.jpeg', 'https://cdn-media.medialabtc.it/es/agencies/md066/estates/510539/images/8174607/gallery_media.jpeg', 'https://cdn-media.medialabtc.it/es/agencies/md066/estates/510539/images/8174599/gallery_media.jpeg', 'https://cdn-media.medialabtc.it/es/agencies/md066/estates/510539/images/8174618/gallery_media.jpeg', 'https://cdn-media.medialabtc.it/es/agencies/md066/estates/510539/images/8174580/gallery_media.jpeg', 'https://cdn-media.medialabtc.it/es/agencies/md066/estates/510539/images/8174583/gallery_media.jpeg', 'https://cdn-media.medialabtc.it/es/agencies/md066/estates/510539/images/8174577/gallery_media.jpeg', 'https://cdn-media.medialabtc.it/es/agencies/md066/estates/510539/images/8174576/gallery_media.jpeg', 'https://cdn-media.medialabtc.it/es/agencies/md066/estates/510539/images/8174613/gallery_media.jpeg', 'https://cdn-media.medialabtc.it/es/agencies/md066/estates/510539/images/8174614/gallery_media.jpeg', 'https://cdn-media.medialabtc.it/es/agencies/md066/estates/510539/images/8174579/gallery_media.jpeg', 'https://cdn-media.medialabtc.it/es/agencies/md066/estates/510539/images/8174608/gallery_media.jpeg', 'https://cdn-media.medialabtc.it/es/agencies/md066/estates/510539/images/8174623/gallery_media.jpeg', 'https://cdn-media.medialabtc.it/es/agencies/md066/estates/510539/images/8174582/gallery_media.jpeg', 'https://cdn-media.medialabtc.it/es/agencies/md066/estates/510539/images/8174605/gallery_media.jpeg', 'https://cdn-media.medialabtc.it/es/agencies/md066/estates/510539/images/8174622/gallery_media.jpeg', 'https://cdn-media.medialabtc.it/es/agencies/md066/estates/510539/images/8174615/gallery_media.jpeg', 'https://cdn-media.medialabtc.it/es/agencies/md066/estates/510539/images/8174581/gallery_media.jpeg']",1,Reformado,0,1,0,1,0,E,0,0,"['imagenes_tecnocasa\\anuncio_1516\\0.jpeg', 'imagenes_tecnocasa\\anuncio_1516\\1.jpeg', 'imagenes_tecnocasa\\anuncio_1516\\2.jpeg', 'imagenes_tecnocasa\\anuncio_1516\\3.jpeg', 'imagenes_tecnocasa\\anuncio_1516\\4.jpeg', 'imagenes_tecnocasa\\anuncio_1516\\5.jpeg', 'imagenes_tecnocasa\\anuncio_1516\\6.jpeg', 'imagenes_tecnocasa\\anuncio_1516\\7.jpeg', 'imagenes_tecnocasa\\anuncio_1516\\8.jpeg', 'imagenes_tecnocasa\\anuncio_1516\\9.jpeg', 'imagenes_tecnocasa\\anuncio_1516\\10.jpeg', 'imagenes_tecnocasa\\anuncio_1516\\11.jpeg', 'imagenes_tecnocasa\\anuncio_1516\\12.jpeg', 'imagenes_tecnocasa\\anuncio_1516\\13.jpeg', 'imagenes_tecnocasa\\anuncio_1516\\14.jpeg', 'imagenes_tecnocasa\\anuncio_1516\\15.jpeg', 'imagenes_tecnocasa\\anuncio_1516\\16.jpeg', 'imagenes_tecnocasa\\anuncio_1516\\17.jpeg', 'imagenes_tecnocasa\\anuncio_1516\\18.jpeg', 'imagenes_tecnocasa\\anuncio_1516\\19.jpeg', 'imagenes_tecnocasa\\anuncio_1516\\20.jpeg', 'imagenes_tecnocasa\\anuncio_1516\\21.jpeg', 'imagenes_tecnocasa\\anuncio_1516\\22.jpeg', 'imagenes_tecnocasa\\anuncio_1516\\23.jpeg', 'imagenes_tecnocasa\\anuncio_1516\\24.jpeg', 'imagenes_tecnocasa\\anuncio_1516\\25.jpeg', 'imagenes_tecnocasa\\anuncio_1516\\26.jpeg', 'imagenes_tecnocasa\\anuncio_1516\\27.jpeg', 'imagenes_tecnocasa\\anuncio_1516\\28.jpeg']",0,Media,1969,1,0,1,piso,3,Madrid,"Barajas, Alameda De Osuna, Madrid",40.4167047,-3.7035825,1516,2813.852813852814,302.0,211.0,0.0,0.1,2.0,0.0,cerámica,pintura,grandes ventanales,estándar (2.4-2.8m),nada,7.2,6.6,moderno,"['#FFFFFF', '#000000', '#A7D1AB']",excelente,False,eficiente,limitado,ninguno,ninguno,estándar,básica,ninguno,9.0,8.0,ninguna,5
https://www.tecnocasa.es/venta/casa/madrid/villaviciosa-de-odon/595378.html,599000.0,4,225.0,3,"TECNOCASA VILLAVICIOSA DE ODON Vende en exclusiva para que usted compre con seguridad y tranquilidad, sin otros compradores y agencias por medio. Confíe en la inmobiliaria líder en España con más de 800 puntos de venta. Agencia Inmobiliaria inscrita en el RAIN de la Comunidad de Madrid. N° 000134/18.
Chalet pareado en la zona centro de Villaviciosa de Odón, cercano a múltiples servicios, supermercados, zonas de ocio, colegios, zonas infantiles y centros comerciales.
En la entrada a la vivienda encontramos un jardín de entrada solado, con diversas jardineras y acceso a la vivienda con doble entrada.
La planta de calle cuenta con un hall de entrada que da acceso a una cocina amplia muy luminosa con office, baño completo con ducha, gran salón-comedor con chimenea y acceso a un amplio porche con cerramiento climalit y un despacho, zona de lavandería y salida a un bonito jardín totalmente solado con piscina con clorador salino y climatización por aerotermia.
En la primera planta encontramos un distribuidor que da acceso a habitación principal, la cual cuenta con zona de despacho, baño en suite con ducha y vestidor, dos habitaciones dobles con armarios empotrados y baño completo con ducha.
La vivienda cuenta con zona de parking para dos vehículos con techado de metacrilato y un trastero.
¿CANSADO DE PAGAR ALQUILER?
ASESORAMIENTO HIPOTECARIO GRATUITO 100% FINANCIACIÓN!
GESTIONAMOS CAMBIOS DE VIVIENDA.",0,0,1,1,1,1,0,1,1,1,"['https://cdn-media.medialabtc.it/es/agencies/mdbzb/estates/595378/images/8427388/gallery_media.jpeg', 'https://cdn-media.medialabtc.it/es/agencies/mdbzb/estates/595378/images/8427419/gallery_media.jpeg', 'https://cdn-media.medialabtc.it/es/agencies/mdbzb/estates/595378/images/8427420/gallery_media.jpeg', 'https://cdn-media.medialabtc.it/es/agencies/mdbzb/estates/595378/images/8427381/gallery_media.jpeg', 'https://cdn-media.medialabtc.it/es/agencies/mdbzb/estates/595378/images/8427387/gallery_media.jpeg', 'https://cdn-media.medialabtc.it/es/agencies/mdbzb/estates/595378/images/8427421/gallery_media.jpeg', 'https://cdn-media.medialabtc.it/es/agencies/mdbzb/estates/595378/images/8427390/gallery_media.jpeg', 'https://cdn-media.medialabtc.it/es/agencies/mdbzb/estates/595378/images/8427380/gallery_media.jpeg', 'https://cdn-media.medialabtc.it/es/agencies/mdbzb/estates/595378/images/8427384/gallery_media.jpeg', 'https://cdn-media.medialabtc.it/es/agencies/mdbzb/estates/595378/images/8427429/gallery_media.jpeg', 'https://cdn-media.medialabtc.it/es/agencies/mdbzb/estates/595378/images/8427426/gallery_media.jpeg', 'https://cdn-media.medialabtc.it/es/agencies/mdbzb/estates/595378/images/8427383/gallery_media.jpeg', 'https://cdn-media.medialabtc.it/es/agencies/mdbzb/estates/595378/images/8427392/gallery_media.jpeg', 'https://cdn-media.medialabtc.it/es/agencies/mdbzb/estates/595378/images/8427385/gallery_media.jpeg', 'https://cdn-media.medialabtc.it/es/agencies/mdbzb/estates/595378/images/8427425/gallery_media.jpeg', 'https://cdn-media.medialabtc.it/es/agencies/mdbzb/estates/595378/images/8427424/gallery_media.jpeg', 'https://cdn-media.medialabtc.it/es/agencies/mdbzb/estates/595378/images/8427417/gallery_media.jpeg', 'https://cdn-media.medialabtc.it/es/agencies/mdbzb/estates/595378/images/8427413/gallery_media.jpeg', 'https://cdn-media.medialabtc.it/es/agencies/mdbzb/estates/595378/images/8427422/gallery_media.jpeg', 'https://cdn-media.medialabtc.it/es/agencies/mdbzb/estates/595378/images/8427416/gallery_media.jpeg', 'https://cdn-media.medialabtc.it/es/agencies/mdbzb/estates/595378/images/8427391/gallery_media.jpeg', 'https://cdn-media.medialabtc.it/es/agencies/mdbzb/estates/595378/images/8613891/gallery_media.jpeg']",0,Desconocido,1,1,1,0,1,E,0,0,"['imagenes_tecnocasa\\anuncio_1517\\0.jpeg', 'imagenes_tecnocasa\\anuncio_1517\\1.jpeg', 'imagenes_tecnocasa\\anuncio_1517\\2.jpeg', 'imagenes_tecnocasa\\anuncio_1517\\3.jpeg', 'imagenes_tecnocasa\\anuncio_1517\\4.jpeg', 'imagenes_tecnocasa\\anuncio_1517\\5.jpeg', 'imagenes_tecnocasa\\anuncio_1517\\6.jpeg', 'imagenes_tecnocasa\\anuncio_1517\\7.jpeg', 'imagenes_tecnocasa\\anuncio_1517\\8.jpeg', 'imagenes_tecnocasa\\anuncio_1517\\9.jpeg', 'imagenes_tecnocasa\\anuncio_1517\\10.jpeg', 'imagenes_tecnocasa\\anuncio_1517\\11.jpeg', 'imagenes_tecnocasa\\anuncio_1517\\12.jpeg', 'imagenes_tecnocasa\\anuncio_1517\\13.jpeg', 'imagenes_tecnocasa\\anuncio_1517\\14.jpeg', 'imagenes_tecnocasa\\anuncio_1517\\15.jpeg', 'imagenes_tecnocasa\\anuncio_1517\\16.jpeg', 'imagenes_tecnocasa\\anuncio_1517\\17.jpeg', 'imagenes_tecnocasa\\anuncio_1517\\18.jpeg', 'imagenes_tecnocasa\\anuncio_1517\\19.jpeg', 'imagenes_tecnocasa\\anuncio_1517\\20.jpeg', 'imagenes_tecnocasa\\anuncio_1517\\21.jpeg']",1,Media,2000,1,0,0,casa,2,Villaviciosa de Odón,Villaviciosa De Odón,40.3573787,-3.9002334,1517,2662.222222222222,225.0,132.0,0.0,0.0,1.0,0.0,parquet,pintura,corredera,estándar (2.4-2.8m),nada,5.0,4.2,clásico,"['#D2B48C', '#F5F5DC', '#8B4513']",buena,False,convencional,normal,ninguno,ninguno,estándar,parcialmente equipada,ninguno,7.6,6.8,ninguna,5
https://www.tecnocasa.es/venta/casa/madrid/madrid/604444.html,1300000.0,5,303.0,4,"TECNOCASA (REGISTRO DE AGENTES PROFESIONALES INMOBILIARIOS; RAIN Nº00306/18) 'Protección de consumidores y usuarios' VENDE:

EXCELENTE CHALET PAREADO EN PEÑAGRANDE.

En la actualidad las estancias se distribuyen de la siguiente manera:

Planta principal: Hall de entrada, cocina completa, salon- comedor y sala de estar. Aseo. Acceso al jardín privado y piscina comunitaria.

Primera planta: Tres habitaciones, todas ellas con armario empotrado. Dormitorio principal con amplio baño en suite. Baño completo con bañera.

Segunda planta: Bohardilla con terraza privada.

Sotano: Habitacion doble, cuarto de limpieza y lavanderia, baño completo y acceso a garaje. Garaje de gran capacidad.
Zonas ajardinadas piscina de gran dimensión en comunidad privada de 7 vecinos.

La vivienda dispone de aire acondicionado por splites, suelos de tarima; no dudes en consultar la memoria de calidades.

Con todos los servicios. Colegios, supermercados, bancos, farmacias, centro de salud y rodeado de zonas verdes a muy pocos metros (dehesa de la villa).
Muy bien ubicado, se accede a a6 y m30 en 2 minutos. Moncloa, autobuses: 7, 132, 137, n20 y n2. Que comunican la zona con toda la capital. Linea 7 de metro (peñagrande y antonio machado)

¡OPORTUNIDAD! Con KIRON, nuestro servicio de intermediación financiera, podrás encontrar la hipoteca que mejor se adapte a tus necesidades de financiación, valorando todas las ofertas que ofrecen las entidades bancarias de nuestro país con la posibilidad de financiación hasta 100 x 100, realízate gratis un estudio financiero gratuito y sin compromiso.

-Reserva tu visita-.",1,1,1,1,1,1,1,1,1,1,"['https://cdn-media.medialabtc.it/es/agencies/mdaeb/estates/604444/images/8643363/gallery_media.jpeg', 'https://cdn-media.medialabtc.it/es/agencies/mdaeb/estates/604444/images/8643367/gallery_media.jpeg', 'https://cdn-media.medialabtc.it/es/agencies/mdaeb/estates/604444/images/8643366/gallery_media.jpeg', 'https://cdn-media.medialabtc.it/es/agencies/mdaeb/estates/604444/images/8643369/gallery_media.jpeg', 'https://cdn-media.medialabtc.it/es/agencies/mdaeb/estates/604444/images/8643346/gallery_media.jpeg', 'https://cdn-media.medialabtc.it/es/agencies/mdaeb/estates/604444/images/8643335/gallery_media.jpeg', 'https://cdn-media.medialabtc.it/es/agencies/mdaeb/estates/604444/images/8643359/gallery_media.jpeg', 'https://cdn-media.medialabtc.it/es/agencies/mdaeb/estates/604444/images/8643358/gallery_media.jpeg', 'https://cdn-media.medialabtc.it/es/agencies/mdaeb/estates/604444/images/8643343/gallery_media.jpeg', 'https://cdn-media.medialabtc.it/es/agencies/mdaeb/estates/604444/images/8643338/gallery_media.jpeg', 'https://cdn-media.medialabtc.it/es/agencies/mdaeb/estates/604444/images/8643332/gallery_media.jpeg', 'https://cdn-media.medialabtc.it/es/agencies/mdaeb/estates/604444/images/8643365/gallery_media.jpeg', 'https://cdn-media.medialabtc.it/es/agencies/mdaeb/estates/604444/images/8643317/gallery_media.jpeg', 'https://cdn-media.medialabtc.it/es/agencies/mdaeb/estates/604444/images/8643341/gallery_media.jpeg', 'https://cdn-media.medialabtc.it/es/agencies/mdaeb/estates/604444/images/8643334/gallery_media.jpeg', 'https://cdn-media.medialabtc.it/es/agencies/mdaeb/estates/604444/images/8643347/gallery_media.jpeg', 'https://cdn-media.medialabtc.it/es/agencies/mdaeb/estates/604444/images/8643360/gallery_media.jpeg', 'https://cdn-media.medialabtc.it/es/agencies/mdaeb/estates/604444/images/8643339/gallery_media.jpeg', 'https://cdn-media.medialabtc.it/es/agencies/mdaeb/estates/604444/images/8643336/gallery_media.jpeg', 'https://cdn-media.medialabtc.it/es/agencies/mdaeb/estates/604444/images/8643340/gallery_media.jpeg', 'https://cdn-media.medialabtc.it/es/agencies/mdaeb/estates/604444/images/8643345/gallery_media.jpeg', 'https://cdn-media.medialabtc.it/es/agencies/mdaeb/estates/604444/images/8643368/gallery_media.jpeg', 'https://cdn-media.medialabtc.it/es/agencies/mdaeb/estates/604444/images/8643364/gallery_media.jpeg', 'https://cdn-media.medialabtc.it/es/agencies/mdaeb/estates/604444/images/8643333/gallery_media.jpeg', 'https://cdn-media.medialabtc.it/es/agencies/mdaeb/estates/604444/images/8643342/gallery_media.jpeg', 'https://cdn-media.medialabtc.it/es/agencies/mdaeb/estates/604444/images/8643337/gallery_media.jpeg', 'https://cdn-media.medialabtc.it/es/agencies/mdaeb/estates/604444/images/8643344/gallery_media.jpeg', 'https://cdn-media.medialabtc.it/es/agencies/mdaeb/estates/604444/images/8643362/gallery_media.jpeg']",0,Desconocido,1,0,1,1,0,D,0,0,"['imagenes_tecnocasa\\anuncio_1518\\0.jpeg', 'imagenes_tecnocasa\\anuncio_1518\\1.jpeg', 'imagenes_tecnocasa\\anuncio_1518\\2.jpeg', 'imagenes_tecnocasa\\anuncio_1518\\3.jpeg', 'imagenes_tecnocasa\\anuncio_1518\\4.jpeg', 'imagenes_tecnocasa\\anuncio_1518\\5.jpeg', 'imagenes_tecnocasa\\anuncio_1518\\6.jpeg', 'imagenes_tecnocasa\\anuncio_1518\\7.jpeg', 'imagenes_tecnocasa\\anuncio_1518\\8.jpeg', 'imagenes_tecnocasa\\anuncio_1518\\9.jpeg', 'imagenes_tecnocasa\\anuncio_1518\\10.jpeg', 'imagenes_tecnocasa\\anuncio_1518\\11.jpeg', 'imagenes_tecnocasa\\anuncio_1518\\12.jpeg', 'imagenes_tecnocasa\\anuncio_1518\\13.jpeg', 'imagenes_tecnocasa\\anuncio_1518\\14.jpeg', 'imagenes_tecnocasa\\anuncio_1518\\15.jpeg', 'imagenes_tecnocasa\\anuncio_1518\\16.jpeg', 'imagenes_tecnocasa\\anuncio_1518\\17.jpeg', 'imagenes_tecnocasa\\anuncio_1518\\18.jpeg', 'imagenes_tecnocasa\\anuncio_1518\\19.jpeg', 'imagenes_tecnocasa\\anuncio_1518\\20.jpeg', 'imagenes_tecnocasa\\anuncio_1518\\21.jpeg', 'imagenes_tecnocasa\\anuncio_1518\\22.jpeg', 'imagenes_tecnocasa\\anuncio_1518\\23.jpeg', 'imagenes_tecnocasa\\anuncio_1518\\24.jpeg', 'imagenes_tecnocasa\\anuncio_1518\\25.jpeg', 'imagenes_tecnocasa\\anuncio_1518\\26.jpeg', 'imagenes_tecnocasa\\anuncio_1518\\27.jpeg']",0,Popular,1988,0,0,0,casa,1,Madrid,"Peñagrande, Madrid",40.4167047,-3.7035825,1518,4290.42904290429,240.0,181.0,0.0,0.0,1.0,0.0,parquet,pintura,corredera,estándar (2.4-2.8m),nada,6.8,5.4,clásico,"['#F5F5DC', '#FFFFFF', '#C0C0C0']",buena,False,convencional,limitado,ninguno,ninguno,estándar,básica,ninguno,8.4,7.4,ninguna,5
https://www.tecnocasa.es/venta/piso/madrid/las-rozas-de-madrid/597678.html,275000.0,2,84.0,1,"Inmobiliaria en Las Rozas De Madrid - Tecnocasa Estudio Las Rozas Estacion Slu vende fabuloso piso de 2 dormitorio EN RENTABILIDAD en la zona del AUDITORIO de Las Rozas de Madrid, muy próximo al Carrefour Express del Montecillo. Vivienda con 1 baño y plaza de garaje incluida en el precio.
La vivienda dispone de una amplia y diáfana zona de recibidor, salón-comedor y cocina americana con mucha iluminación, todo totalmente exterior. La casa cuenta con dos dormitorios, ambos con armarios empotrados, y un fabuloso baño interior con plato de ducha.
El piso se encuentra actualmente alquilado con contratos de arrendamientos revisables de manera anual y se vende con una plaza de garaje exterior localizada en su mismo edificio.
Localizado el edificio en una ubicación privilegiada y estratégica, en plena zona del Auditorio y colindando con el inicio del Montecillo, el bloque está perfectamente comunicado con las principales carreteras y vías de circunvalación (como la M-40, la A-6 o la Carretera de El Escorial); pero también dispone de múltiples paradas de transporte público (autobús y RENFE) en las cercanías; y de toda una amplia oferta de ocio, restauración y comercio en sus inmediaciones, entre los que se incluyen los centros comerciales más próximos (como el Carrefour Market de El Montecillo, el . El Burgo Centro, el . El Carralero, el . Heron City o el . Gran Plaza 2).
LA PERFECTA OPCION DE INVERSION, YA EN RENTABILIDAD, Y CON BENEFICIOS MENSUALES SOLIDOS Y DEMOSTRABLES.
No lo dudes y contáctanos para venir a visitarlo.",0,1,1,1,1,1,0,1,1,1,"['https://cdn-media.medialabtc.it/es/agencies/md591/estates/597678/images/8446073/gallery_media.jpeg', 'https://cdn-media.medialabtc.it/es/agencies/md591/estates/597678/images/8446084/gallery_media.jpeg', 'https://cdn-media.medialabtc.it/es/agencies/md591/estates/597678/images/8446018/gallery_media.jpeg', 'https://cdn-media.medialabtc.it/es/agencies/md591/estates/597678/images/8446087/gallery_media.jpeg', 'https://cdn-media.medialabtc.it/es/agencies/md591/estates/597678/images/8446023/gallery_media.jpeg', 'https://cdn-media.medialabtc.it/es/agencies/md591/estates/597678/images/8446085/gallery_media.jpeg', 'https://cdn-media.medialabtc.it/es/agencies/md591/estates/597678/images/8446081/gallery_media.jpeg', 'https://cdn-media.medialabtc.it/es/agencies/md591/estates/597678/images/8446076/gallery_media.jpeg', 'https://cdn-media.medialabtc.it/es/agencies/md591/estates/597678/images/8446025/gallery_media.jpeg', 'https://cdn-media.medialabtc.it/es/agencies/md591/estates/597678/images/8446072/gallery_media.jpeg', 'https://cdn-media.medialabtc.it/es/agencies/md591/estates/597678/images/8446086/gallery_media.jpeg', 'https://cdn-media.medialabtc.it/es/agencies/md591/estates/597678/images/8670692/gallery_media.jpeg', 'https://cdn-media.medialabtc.it/es/agencies/md591/estates/597678/images/8446021/gallery_media.jpeg', 'https://cdn-media.medialabtc.it/es/agencies/md591/estates/597678/images/8446080/gallery_media.jpeg', 'https://cdn-media.medialabtc.it/es/agencies/md591/estates/597678/images/8446077/gallery_media.jpeg', 'https://cdn-media.medialabtc.it/es/agencies/md591/estates/597678/images/8446022/gallery_media.jpeg', 'https://cdn-media.medialabtc.it/es/agencies/md591/estates/597678/images/8446029/gallery_media.jpeg', 'https://cdn-media.medialabtc.it/es/agencies/md591/estates/597678/images/8446026/gallery_media.jpeg', 'https://cdn-media.medialabtc.it/es/agencies/md591/estates/597678/images/8446075/gallery_media.jpeg', 'https://cdn-media.medialabtc.it/es/agencies/md591/estates/597678/images/8446027/gallery_media.jpeg', 'https://cdn-media.medialabtc.it/es/agencies/md591/estates/597678/images/8446071/gallery_media.jpeg', 'https://cdn-media.medialabtc.it/es/agencies/md591/estates/597678/images/8446079/gallery_media.jpeg', 'https://cdn-media.medialabtc.it/es/agencies/md591/estates/597678/images/8446020/gallery_media.jpeg', 'https://cdn-media.medialabtc.it/es/agencies/md591/estates/597678/images/8446024/gallery_media.jpeg', 'https://cdn-media.medialabtc.it/es/agencies/md591/estates/597678/images/8446028/gallery_media.jpeg', 'https://cdn-media.medialabtc.it/es/agencies/md591/estates/597678/images/8446019/gallery_media.jpeg', 'https://cdn-media.medialabtc.it/es/agencies/md591/estates/597678/images/8446088/gallery_media.jpeg', 'https://cdn-media.medialabtc.it/es/agencies/md591/estates/597678/images/8446078/gallery_media.jpeg', 'https://cdn-media.medialabtc.it/es/agencies/md591/estates/597678/images/8446074/gallery_media.jpeg', 'https://cdn-media.medialabtc.it/es/agencies/md591/estates/597678/images/8446083/gallery_media.jpeg']",0,Desconocido,1,0,0,0,0,E,0,0,"['imagenes_tecnocasa\\anuncio_1520\\0.jpeg', 'imagenes_tecnocasa\\anuncio_1520\\1.jpeg', 'imagenes_tecnocasa\\anuncio_1520\\2.jpeg', 'imagenes_tecnocasa\\anuncio_1520\\3.jpeg', 'imagenes_tecnocasa\\anuncio_1520\\4.jpeg', 'imagenes_tecnocasa\\anuncio_1520\\5.jpeg', 'imagenes_tecnocasa\\anuncio_1520\\6.jpeg', 'imagenes_tecnocasa\\anuncio_1520\\7.jpeg', 'imagenes_tecnocasa\\anuncio_1520\\8.jpeg', 'imagenes_tecnocasa\\anuncio_1520\\9.jpeg', 'imagenes_tecnocasa\\anuncio_1520\\10.jpeg', 'imagenes_tecnocasa\\anuncio_1520\\11.jpeg', 'imagenes_tecnocasa\\anuncio_1520\\12.jpeg', 'imagenes_tecnocasa\\anuncio_1520\\13.jpeg', 'imagenes_tecnocasa\\anuncio_1520\\14.jpeg', 'imagenes_tecnocasa\\anuncio_1520\\15.jpeg', 'imagenes_tecnocasa\\anuncio_1520\\16.jpeg', 'imagenes_tecnocasa\\anuncio_1520\\17.jpeg', 'imagenes_tecnocasa\\anuncio_1520\\18.jpeg', 'imagenes_tecnocasa\\anuncio_1520\\19.jpeg', 'imagenes_tecnocasa\\anuncio_1520\\20.jpeg', 'imagenes_tecnocasa\\anuncio_1520\\21.jpeg', 'imagenes_tecnocasa\\anuncio_1520\\22.jpeg', 'imagenes_tecnocasa\\anuncio_1520\\23.jpeg', 'imagenes_tecnocasa\\anuncio_1520\\24.jpeg', 'imagenes_tecnocasa\\anuncio_1520\\25.jpeg', 'imagenes_tecnocasa\\anuncio_1520\\26.jpeg', 'imagenes_tecnocasa\\anuncio_1520\\27.jpeg', 'imagenes_tecnocasa\\anuncio_1520\\28.jpeg', 'imagenes_tecnocasa\\anuncio_1520\\29.jpeg']",0,Media,2002,1,0,0,piso,1,Las Rozas De Madrid,Las Rozas De Madrid,40.4933095,-3.8758396,1520,3273.809523809524,252.0,161.0,0.0,0.0,0.0,0.0,otro,pintura,corredera,estándar (2.4-2.8m),nada,4.8,6.0,moderno,"['#F2F2F2', '#A7A7A7', '#FFFFFF']",buena,True,convencional,normal,ninguno,ninguno,estándar,básica,ninguno,8.0,7.0,ninguna,5
https://www.tecnocasa.es/venta/piso/madrid/las-rozas-de-madrid/597680.html,275000.0,2,84.0,1,"Inmobiliaria en Las Rozas De Madrid - Tecnocasa Estudio Las Rozas Estacion Slu vende fabuloso piso de 2 dormitorio EN RENTABILIDAD en la zona del AUDITORIO de Las Rozas de Madrid, muy próximo al Carrefour Express del Montecillo. Vivienda con 1 baño y plaza de garaje incluida en el precio.
La vivienda dispone de una amplia y diáfana zona de recibidor, salón-comedor y cocina americana con mucha iluminación, todo totalmente exterior. La casa cuenta con dos dormitorios, ambos con armarios empotrados, y un fabuloso baño interior con plato de ducha.
El piso se encuentra actualmente alquilado con contratos de arrendamientos revisables de manera anual y se vende con una plaza de garaje exterior localizada en su mismo edificio.
Localizado el edificio en una ubicación privilegiada y estratégica, en plena zona del Auditorio y colindando con el inicio del Montecillo, el bloque está perfectamente comunicado con las principales carreteras y vías de circunvalación (como la M-40, la A-6 o la Carretera de El Escorial); pero también dispone de múltiples paradas de transporte público (autobús y RENFE) en las cercanías; y de toda una amplia oferta de ocio, restauración y comercio en sus inmediaciones, entre los que se incluyen los centros comerciales más próximos (como el Carrefour Market de El Montecillo, el . El Burgo Centro, el . El Carralero, el . Heron City o el . Gran Plaza 2).
LA PERFECTA OPCION DE INVERSION, YA EN RENTABILIDAD, Y CON BENEFICIOS MENSUALES SOLIDOS Y DEMOSTRABLES.
No lo dudes y contáctanos para venir a visitarlo.",0,1,1,1,1,1,0,1,1,1,"['https://cdn-media.medialabtc.it/es/agencies/md591/estates/597680/images/8446092/gallery_media.jpeg', 'https://cdn-media.medialabtc.it/es/agencies/md591/estates/597680/images/8446107/gallery_media.jpeg', 'https://cdn-media.medialabtc.it/es/agencies/md591/estates/597680/images/8446109/gallery_media.jpeg', 'https://cdn-media.medialabtc.it/es/agencies/md591/estates/597680/images/8674313/gallery_media.jpeg', 'https://cdn-media.medialabtc.it/es/agencies/md591/estates/597680/images/8446098/gallery_media.jpeg', 'https://cdn-media.medialabtc.it/es/agencies/md591/estates/597680/images/8674319/gallery_media.jpeg', 'https://cdn-media.medialabtc.it/es/agencies/md591/estates/597680/images/8446094/gallery_media.jpeg', 'https://cdn-media.medialabtc.it/es/agencies/md591/estates/597680/images/8674317/gallery_media.jpeg', 'https://cdn-media.medialabtc.it/es/agencies/md591/estates/597680/images/8446101/gallery_media.jpeg', 'https://cdn-media.medialabtc.it/es/agencies/md591/estates/597680/images/8446105/gallery_media.jpeg', 'https://cdn-media.medialabtc.it/es/agencies/md591/estates/597680/images/8446103/gallery_media.jpeg', 'https://cdn-media.medialabtc.it/es/agencies/md591/estates/597680/images/8446097/gallery_media.jpeg', 'https://cdn-media.medialabtc.it/es/agencies/md591/estates/597680/images/8674312/gallery_media.jpeg', 'https://cdn-media.medialabtc.it/es/agencies/md591/estates/597680/images/8446110/gallery_media.jpeg', 'https://cdn-media.medialabtc.it/es/agencies/md591/estates/597680/images/8674318/gallery_media.jpeg', 'https://cdn-media.medialabtc.it/es/agencies/md591/estates/597680/images/8446091/gallery_media.jpeg', 'https://cdn-media.medialabtc.it/es/agencies/md591/estates/597680/images/8446102/gallery_media.jpeg', 'https://cdn-media.medialabtc.it/es/agencies/md591/estates/597680/images/8674316/gallery_media.jpeg', 'https://cdn-media.medialabtc.it/es/agencies/md591/estates/597680/images/8446099/gallery_media.jpeg', 'https://cdn-media.medialabtc.it/es/agencies/md591/estates/597680/images/8446093/gallery_media.jpeg', 'https://cdn-media.medialabtc.it/es/agencies/md591/estates/597680/images/8446111/gallery_media.jpeg', 'https://cdn-media.medialabtc.it/es/agencies/md591/estates/597680/images/8674314/gallery_media.jpeg', 'https://cdn-media.medialabtc.it/es/agencies/md591/estates/597680/images/8446090/gallery_media.jpeg', 'https://cdn-media.medialabtc.it/es/agencies/md591/estates/597680/images/8446089/gallery_media.jpeg', 'https://cdn-media.medialabtc.it/es/agencies/md591/estates/597680/images/8446106/gallery_media.jpeg', 'https://cdn-media.medialabtc.it/es/agencies/md591/estates/597680/images/8446095/gallery_media.jpeg', 'https://cdn-media.medialabtc.it/es/agencies/md591/estates/597680/images/8674315/gallery_media.jpeg', 'https://cdn-media.medialabtc.it/es/agencies/md591/estates/597680/images/8446104/gallery_media.jpeg', 'https://cdn-media.medialabtc.it/es/agencies/md591/estates/597680/images/8446108/gallery_media.jpeg', 'https://cdn-media.medialabtc.it/es/agencies/md591/estates/597680/images/8446096/gallery_media.jpeg']",0,Desconocido,1,0,0,0,0,E,0,0,"['imagenes_tecnocasa\\anuncio_1521\\0.jpeg', 'imagenes_tecnocasa\\anuncio_1521\\1.jpeg', 'imagenes_tecnocasa\\anuncio_1521\\2.jpeg', 'imagenes_tecnocasa\\anuncio_1521\\3.jpeg', 'imagenes_tecnocasa\\anuncio_1521\\4.jpeg', 'imagenes_tecnocasa\\anuncio_1521\\5.jpeg', 'imagenes_tecnocasa\\anuncio_1521\\6.jpeg', 'imagenes_tecnocasa\\anuncio_1521\\7.jpeg', 'imagenes_tecnocasa\\anuncio_1521\\8.jpeg', 'imagenes_tecnocasa\\anuncio_1521\\9.jpeg', 'imagenes_tecnocasa\\anuncio_1521\\10.jpeg', 'imagenes_tecnocasa\\anuncio_1521\\11.jpeg', 'imagenes_tecnocasa\\anuncio_1521\\12.jpeg', 'imagenes_tecnocasa\\anuncio_1521\\13.jpeg', 'imagenes_tecnocasa\\anuncio_1521\\14.jpeg', 'imagenes_tecnocasa\\anuncio_1521\\15.jpeg', 'imagenes_tecnocasa\\anuncio_1521\\16.jpeg', 'imagenes_tecnocasa\\anuncio_1521\\17.jpeg', 'imagenes_tecnocasa\\anuncio_1521\\18.jpeg', 'imagenes_tecnocasa\\anuncio_1521\\19.jpeg', 'imagenes_tecnocasa\\anuncio_1521\\20.jpeg', 'imagenes_tecnocasa\\anuncio_1521\\21.jpeg', 'imagenes_tecnocasa\\anuncio_1521\\22.jpeg', 'imagenes_tecnocasa\\anuncio_1521\\23.jpeg', 'imagenes_tecnocasa\\anuncio_1521\\24.jpeg', 'imagenes_tecnocasa\\anuncio_1521\\25.jpeg', 'imagenes_tecnocasa\\anuncio_1521\\26.jpeg', 'imagenes_tecnocasa\\anuncio_1521\\27.jpeg', 'imagenes_tecnocasa\\anuncio_1521\\28.jpeg', 'imagenes_tecnocasa\\anuncio_1521\\29.jpeg']",0,Media,2002,1,0,0,piso,1,Las Rozas De Madrid,Las Rozas De Madrid,40.4933095,-3.8758396,1521,3273.809523809524,252.0,161.0,0.0,0.0,0.0,0.0,otro,pintura,corredera,estándar (2.4-2.8m),nada,4.8,6.2,moderno,"['#A0522D', '#8B4513', '#D2691E']",buena,False,convencional,normal,ninguno,ninguno,estándar,parcialmente equipada,ninguno,7.8,6.8,ninguna,5
https://www.tecnocasa.es/venta/piso/madrid/las-rozas-de-madrid/596546.html,455000.0,2,136.0,2,"Inmobiliaria en Las Rozas De Madrid - Tecnocasa Estudio Las Rozas Estacion Slu vende fabuloso inmueble de 2 dormitorios con 2 baños completos, terraza, garaje, trastero y urbanización con piscina totalmente reformado y entregado en el año 2022 en la zona del AUDITORIO de Las Rozas de Madrid, en la exclusiva Urbanización IKASA AUDITORIO, muy próxima al Carrefour Express del Montecillo.
El piso cuenta con un espacio de recibidor y distribuidor con armarios empotrados que nos da acceso directo a un gran salón-comedor con cocina americana en diseño de barra, todo en perfecto estado y actualizado en el último año, concediendo la cocina (originalmente independiente) al salón; disponiendo de dos espacios de terraza, una actualmente abierta y perfecta para colocar una mesa con varias sillas y disfrutar de las vistas hacia la Sierra y las zona comunes; y otra cerrada y colindante a la cocina con espacio para tender y las máquinas de lavado.
Siguiendo por el pasillo original, la vivienda nos da paso a un dormitorio de gran tamaño, muy luminoso, con armarios empotrados; un cuarto de baño interior impoluto con plato de ducha y totalmente actualizado; y, finalmente, un gran dormitorio principal con vestidor en armario empotrado de dos cuerpos dobles y un magnífico cuarto de baño en suite, en el mismo estado que el anterior, también con plato de ducha.
La vivienda se vende con un fabuloso trastero y plaza de garaje incluidas en el precio y con unas buenas zonas comunes y piscina. Además, el inmueble tiene unos cómodos gastos de comunidad (110euros/mes) y de IBI (522euros/año). Además, todo el piso dispone de calefacción individual por gas natural, aire acondicionado frío/calor por conducto en todos los dormitorios y estancias, placas solares en el edificio, conserjería física y ascensor.
Localizado en una ubicación privilegiada y estratégica, en plena zona del Auditorio y colindando con el inicio del Montecillo, el inmueble está perfectamente comunicado con las principales carreteras y vías de circunvalación (como la M-40, la A-6 o la Carretera de El Escorial); pero también dispone de múltiples paradas de transporte público (autobús y RENFE) en las cercanías; y de toda una amplia oferta de ocio, restauración y comercio en sus inmediaciones, entre los que se incluyen los centros comerciales más próximos (como el Carrefour Market de El Montecillo, el . El Burgo Centro, el . El Carralero, el . Heron City o el . Gran Plaza 2).
POSIBILIDAD DE FINANCIACION AL 100% CON NUESTRO DEPARTAMENTO FINANCIERO: KIRON.
No lo dudes y contáctanos para venir a visitarlo.",0,1,1,1,1,1,0,1,1,1,"['https://cdn-media.medialabtc.it/es/agencies/md591/estates/596546/images/8431588/gallery_media.jpeg', 'https://cdn-media.medialabtc.it/es/agencies/md591/estates/596546/images/8431685/gallery_media.jpeg', 'https://cdn-media.medialabtc.it/es/agencies/md591/estates/596546/images/8431675/gallery_media.jpeg', 'https://cdn-media.medialabtc.it/es/agencies/md591/estates/596546/images/8431582/gallery_media.jpeg', 'https://cdn-media.medialabtc.it/es/agencies/md591/estates/596546/images/8431684/gallery_media.jpeg', 'https://cdn-media.medialabtc.it/es/agencies/md591/estates/596546/images/8431590/gallery_media.jpeg', 'https://cdn-media.medialabtc.it/es/agencies/md591/estates/596546/images/8431686/gallery_media.jpeg', 'https://cdn-media.medialabtc.it/es/agencies/md591/estates/596546/images/8445352/gallery_media.jpeg', 'https://cdn-media.medialabtc.it/es/agencies/md591/estates/596546/images/8431586/gallery_media.jpeg', 'https://cdn-media.medialabtc.it/es/agencies/md591/estates/596546/images/8431589/gallery_media.jpeg', 'https://cdn-media.medialabtc.it/es/agencies/md591/estates/596546/images/8431680/gallery_media.jpeg', 'https://cdn-media.medialabtc.it/es/agencies/md591/estates/596546/images/8431674/gallery_media.jpeg', 'https://cdn-media.medialabtc.it/es/agencies/md591/estates/596546/images/8431681/gallery_media.jpeg', 'https://cdn-media.medialabtc.it/es/agencies/md591/estates/596546/images/8431687/gallery_media.jpeg', 'https://cdn-media.medialabtc.it/es/agencies/md591/estates/596546/images/8431690/gallery_media.jpeg', 'https://cdn-media.medialabtc.it/es/agencies/md591/estates/596546/images/8431673/gallery_media.jpeg', 'https://cdn-media.medialabtc.it/es/agencies/md591/estates/596546/images/8431591/gallery_media.jpeg', 'https://cdn-media.medialabtc.it/es/agencies/md591/estates/596546/images/8431676/gallery_media.jpeg', 'https://cdn-media.medialabtc.it/es/agencies/md591/estates/596546/images/8431679/gallery_media.jpeg', 'https://cdn-media.medialabtc.it/es/agencies/md591/estates/596546/images/8445353/gallery_media.jpeg', 'https://cdn-media.medialabtc.it/es/agencies/md591/estates/596546/images/8674339/gallery_media.jpeg', 'https://cdn-media.medialabtc.it/es/agencies/md591/estates/596546/images/8431677/gallery_media.jpeg', 'https://cdn-media.medialabtc.it/es/agencies/md591/estates/596546/images/8431584/gallery_media.jpeg', 'https://cdn-media.medialabtc.it/es/agencies/md591/estates/596546/images/8431583/gallery_media.jpeg', 'https://cdn-media.medialabtc.it/es/agencies/md591/estates/596546/images/8431678/gallery_media.jpeg', 'https://cdn-media.medialabtc.it/es/agencies/md591/estates/596546/images/8431592/gallery_media.jpeg', 'https://cdn-media.medialabtc.it/es/agencies/md591/estates/596546/images/8431688/gallery_media.jpeg', 'https://cdn-media.medialabtc.it/es/agencies/md591/estates/596546/images/8431683/gallery_media.jpeg', 'https://cdn-media.medialabtc.it/es/agencies/md591/estates/596546/images/8431689/gallery_media.jpeg', 'https://cdn-media.medialabtc.it/es/agencies/md591/estates/596546/images/8431587/gallery_media.jpeg']",1,Reformado,1,1,1,1,0,D,0,0,"['imagenes_tecnocasa\\anuncio_1522\\0.jpeg', 'imagenes_tecnocasa\\anuncio_1522\\1.jpeg', 'imagenes_tecnocasa\\anuncio_1522\\2.jpeg', 'imagenes_tecnocasa\\anuncio_1522\\3.jpeg', 'imagenes_tecnocasa\\anuncio_1522\\4.jpeg', 'imagenes_tecnocasa\\anuncio_1522\\5.jpeg', 'imagenes_tecnocasa\\anuncio_1522\\6.jpeg', 'imagenes_tecnocasa\\anuncio_1522\\7.jpeg', 'imagenes_tecnocasa\\anuncio_1522\\8.jpeg', 'imagenes_tecnocasa\\anuncio_1522\\9.jpeg', 'imagenes_tecnocasa\\anuncio_1522\\10.jpeg', 'imagenes_tecnocasa\\anuncio_1522\\11.jpeg', 'imagenes_tecnocasa\\anuncio_1522\\12.jpeg', 'imagenes_tecnocasa\\anuncio_1522\\13.jpeg', 'imagenes_tecnocasa\\anuncio_1522\\14.jpeg', 'imagenes_tecnocasa\\anuncio_1522\\15.jpeg', 'imagenes_tecnocasa\\anuncio_1522\\16.jpeg', 'imagenes_tecnocasa\\anuncio_1522\\17.jpeg', 'imagenes_tecnocasa\\anuncio_1522\\18.jpeg', 'imagenes_tecnocasa\\anuncio_1522\\19.jpeg', 'imagenes_tecnocasa\\anuncio_1522\\20.jpeg', 'imagenes_tecnocasa\\anuncio_1522\\21.jpeg', 'imagenes_tecnocasa\\anuncio_1522\\22.jpeg', 'imagenes_tecnocasa\\anuncio_1522\\23.jpeg', 'imagenes_tecnocasa\\anuncio_1522\\24.jpeg', 'imagenes_tecnocasa\\anuncio_1522\\25.jpeg', 'imagenes_tecnocasa\\anuncio_1522\\26.jpeg', 'imagenes_tecnocasa\\anuncio_1522\\27.jpeg', 'imagenes_tecnocasa\\anuncio_1522\\28.jpeg', 'imagenes_tecnocasa\\anuncio_1522\\29.jpeg']",0,Señorial,2022,1,0,1,piso,2,Las Rozas De Madrid,Las Rozas De Madrid,40.4933095,-3.8758396,1522,3345.5882352941176,419.0,241.0,0.15833333333333333,0.5166666666666666,2.0,0.0,parquet,pintura,corredera,estándar (2.4-2.8m),nada,5.8,7.2,moderno,"['#FFFFFF', '#F2F2F2', '#D3D3D3']",buena,True,eficiente,amplio,ninguno,ninguno,estándar,parcialmente equipada,ninguno,8.2,7.2,ninguna,5
https://www.tecnocasa.es/venta/piso/madrid/madrid/483239.html,199000.0,3,75.0,1,"C/ Alfonso XIII, piso amplio de 70 metros útiles con 3 dormitorios, salón, cocina y Baño con plato de ducha.
Es un piso con mucha luminosidad, y el estado esta para entrar a vivir. Muy cerca de todo tipo de servicios, como: colegios transporte publico, zonas verdes y jardines, supermercados, farmacias, restaurantes, etc.
Si estas interesado en venir a verlo, no dudes en ponerte en contacto con nosotros, ya que disponemos de un departamento financiero, llamado KIRON, los cuales podrían ayudarte a sacar una hipoteca con las mejores condiciones.",1,1,1,1,1,1,0,1,1,1,"['https://cdn-media.medialabtc.it/es/agencies/mdadf/estates/483239/images/8741780/gallery_media.jpeg', 'https://cdn-media.medialabtc.it/es/agencies/mdadf/estates/483239/images/8741771/gallery_media.jpeg', 'https://cdn-media.medialabtc.it/es/agencies/mdadf/estates/483239/images/8741766/gallery_media.jpeg', 'https://cdn-media.medialabtc.it/es/agencies/mdadf/estates/483239/images/8741720/gallery_media.jpeg', 'https://cdn-media.medialabtc.it/es/agencies/mdadf/estates/483239/images/8741777/gallery_media.jpeg', 'https://cdn-media.medialabtc.it/es/agencies/mdadf/estates/483239/images/8741719/gallery_media.jpeg', 'https://cdn-media.medialabtc.it/es/agencies/mdadf/estates/483239/images/8741721/gallery_media.jpeg', 'https://cdn-media.medialabtc.it/es/agencies/mdadf/estates/483239/images/8741765/gallery_media.jpeg', 'https://cdn-media.medialabtc.it/es/agencies/mdadf/estates/483239/images/8741762/gallery_media.jpeg', 'https://cdn-media.medialabtc.it/es/agencies/mdadf/estates/483239/images/8741778/gallery_media.jpeg', 'https://cdn-media.medialabtc.it/es/agencies/mdadf/estates/483239/images/8741768/gallery_media.jpeg', 'https://cdn-media.medialabtc.it/es/agencies/mdadf/estates/483239/images/8741779/gallery_media.jpeg', 'https://cdn-media.medialabtc.it/es/agencies/mdadf/estates/483239/images/8741781/gallery_media.jpeg', 'https://cdn-media.medialabtc.it/es/agencies/mdadf/estates/483239/images/8741776/gallery_media.jpeg', 'https://cdn-media.medialabtc.it/es/agencies/mdadf/estates/483239/images/8741767/gallery_media.jpeg', 'https://cdn-media.medialabtc.it/es/agencies/mdadf/estates/483239/images/8741773/gallery_media.jpeg', 'https://cdn-media.medialabtc.it/es/agencies/mdadf/estates/483239/images/8741770/gallery_media.jpeg', 'https://cdn-media.medialabtc.it/es/agencies/mdadf/estates/483239/images/8741764/gallery_media.jpeg', 'https://cdn-media.medialabtc.it/es/agencies/mdadf/estates/483239/images/8741717/gallery_media.jpeg', 'https://cdn-media.medialabtc.it/es/agencies/mdadf/estates/483239/images/8741774/gallery_media.jpeg', 'https://cdn-media.medialabtc.it/es/agencies/mdadf/estates/483239/images/8741769/gallery_media.jpeg', 'https://cdn-media.medialabtc.it/es/agencies/mdadf/estates/483239/images/8741772/gallery_media.jpeg']",0,Desconocido,0,0,0,0,0,E,0,0,"['imagenes_tecnocasa\\anuncio_1523\\0.jpeg', 'imagenes_tecnocasa\\anuncio_1523\\1.jpeg', 'imagenes_tecnocasa\\anuncio_1523\\2.jpeg', 'imagenes_tecnocasa\\anuncio_1523\\3.jpeg', 'imagenes_tecnocasa\\anuncio_1523\\4.jpeg', 'imagenes_tecnocasa\\anuncio_1523\\5.jpeg', 'imagenes_tecnocasa\\anuncio_1523\\6.jpeg', 'imagenes_tecnocasa\\anuncio_1523\\7.jpeg', 'imagenes_tecnocasa\\anuncio_1523\\8.jpeg', 'imagenes_tecnocasa\\anuncio_1523\\9.jpeg', 'imagenes_tecnocasa\\anuncio_1523\\10.jpeg', 'imagenes_tecnocasa\\anuncio_1523\\11.jpeg', 'imagenes_tecnocasa\\anuncio_1523\\12.jpeg', 'imagenes_tecnocasa\\anuncio_1523\\13.jpeg', 'imagenes_tecnocasa\\anuncio_1523\\14.jpeg', 'imagenes_tecnocasa\\anuncio_1523\\15.jpeg', 'imagenes_tecnocasa\\anuncio_1523\\16.jpeg', 'imagenes_tecnocasa\\anuncio_1523\\17.jpeg', 'imagenes_tecnocasa\\anuncio_1523\\18.jpeg', 'imagenes_tecnocasa\\anuncio_1523\\19.jpeg', 'imagenes_tecnocasa\\anuncio_1523\\20.jpeg', 'imagenes_tecnocasa\\anuncio_1523\\21.jpeg']",0,Media,1960,0,0,0,piso,1,Madrid,"Numancia, Madrid",40.4167047,-3.7035825,1523,2653.3333333333335,89.0,73.0,0.0,0.0,1.0,0.0,cerámica,pintura,corredera,estándar (2.4-2.8m),nada,3.8,4.8,convencional,"['#A7A7A7', '#8B8B83', '#666666']",regular,False,convencional,limitado,ninguno,ninguno,estándar,parcialmente equipada,ninguno,6.0,6.6,ninguna,5
https://www.tecnocasa.es/venta/piso/madrid/madrid/582893.html,370000.0,3,100.0,2,"'Agencia inmobiliaria de MADRID - zona ALUCHE - EMPALME - CAMPAMENTO - Oficina Tecnocasa VENDE vivienda en calle Maqueda.
¡Oportunidad única en Aluche! Este encantador piso en la segunda planta cuenta con 105 m2 construidos, ofreciendo un espacio ideal para tu amplia familia.
Con una doble orientación, todo exterior, disfrutarás de una excelente iluminación natural a lo largo del día con sus zonas ajardinadas privativas de la comunidad.
La vivienda dispone de 3 amplios y cómodos dormitorios, un acogedor salón comedor, una cocina amplia y reformada y dos baños completos.
La vivienda ha sido actualizada con una actualización de electricidad y ventanas de PVC abatibles, lo que asegura confort. Construido en 1961, el piso se encuentra en buen estado ya que se le ha actualizado, con calefacción de gas natural y ascensor.
El inmueble se encuentra en una ubicación privilegiada, a pocos minutos del intercambiador de Aluche, rodeado de estaciones de autobuses, metro y renfe. No te faltará nada, ya que estás rodeado de una gran variedad de comercios y servicios públicos, lo que garantiza una excelente comunicación y todos los servicios a tu alcance.
Para más información contacte con nosotros sin ningún tipo de compromiso y concierte una visita para conocer el inmueble en la que además podrá informarle de las condiciones de financiación actuales uno de nuestros agentes financieros KIRON. '. '",1,1,0,1,1,1,0,1,1,1,"['https://cdn-media.medialabtc.it/es/agencies/mdaw7/estates/582893/images/8611846/gallery_media.jpeg', 'https://cdn-media.medialabtc.it/es/agencies/mdaw7/estates/582893/images/8611862/gallery_media.jpeg', 'https://cdn-media.medialabtc.it/es/agencies/mdaw7/estates/582893/images/8611858/gallery_media.jpeg', 'https://cdn-media.medialabtc.it/es/agencies/mdaw7/estates/582893/images/8611847/gallery_media.jpeg', 'https://cdn-media.medialabtc.it/es/agencies/mdaw7/estates/582893/images/8611787/gallery_media.jpeg', 'https://cdn-media.medialabtc.it/es/agencies/mdaw7/estates/582893/images/8611859/gallery_media.jpeg', 'https://cdn-media.medialabtc.it/es/agencies/mdaw7/estates/582893/images/8347586/gallery_media.jpeg', 'https://cdn-media.medialabtc.it/es/agencies/mdaw7/estates/582893/images/8347640/gallery_media.jpeg', 'https://cdn-media.medialabtc.it/es/agencies/mdaw7/estates/582893/images/8611861/gallery_media.jpeg', 'https://cdn-media.medialabtc.it/es/agencies/mdaw7/estates/582893/images/8611848/gallery_media.jpeg', 'https://cdn-media.medialabtc.it/es/agencies/mdaw7/estates/582893/images/8611792/gallery_media.jpeg', 'https://cdn-media.medialabtc.it/es/agencies/mdaw7/estates/582893/images/8611796/gallery_media.jpeg', 'https://cdn-media.medialabtc.it/es/agencies/mdaw7/estates/582893/images/8611795/gallery_media.jpeg', 'https://cdn-media.medialabtc.it/es/agencies/mdaw7/estates/582893/images/8611794/gallery_media.jpeg', 'https://cdn-media.medialabtc.it/es/agencies/mdaw7/estates/582893/images/8611790/gallery_media.jpeg', 'https://cdn-media.medialabtc.it/es/agencies/mdaw7/estates/582893/images/8611788/gallery_media.jpeg', 'https://cdn-media.medialabtc.it/es/agencies/mdaw7/estates/582893/images/8347645/gallery_media.jpeg', 'https://cdn-media.medialabtc.it/es/agencies/mdaw7/estates/582893/images/8611791/gallery_media.jpeg', 'https://cdn-media.medialabtc.it/es/agencies/mdaw7/estates/582893/images/8611797/gallery_media.jpeg']",0,Buen estado,0,0,0,0,0,E,0,0,"['imagenes_tecnocasa\\anuncio_1527\\0.jpeg', 'imagenes_tecnocasa\\anuncio_1527\\1.jpeg', 'imagenes_tecnocasa\\anuncio_1527\\2.jpeg', 'imagenes_tecnocasa\\anuncio_1527\\3.jpeg', 'imagenes_tecnocasa\\anuncio_1527\\4.jpeg', 'imagenes_tecnocasa\\anuncio_1527\\5.jpeg', 'imagenes_tecnocasa\\anuncio_1527\\6.jpeg', 'imagenes_tecnocasa\\anuncio_1527\\7.jpeg', 'imagenes_tecnocasa\\anuncio_1527\\8.jpeg', 'imagenes_tecnocasa\\anuncio_1527\\9.jpeg', 'imagenes_tecnocasa\\anuncio_1527\\10.jpeg', 'imagenes_tecnocasa\\anuncio_1527\\11.jpeg', 'imagenes_tecnocasa\\anuncio_1527\\12.jpeg', 'imagenes_tecnocasa\\anuncio_1527\\13.jpeg', 'imagenes_tecnocasa\\anuncio_1527\\14.jpeg', 'imagenes_tecnocasa\\anuncio_1527\\15.jpeg', 'imagenes_tecnocasa\\anuncio_1527\\16.jpeg', 'imagenes_tecnocasa\\anuncio_1527\\17.jpeg', 'imagenes_tecnocasa\\anuncio_1527\\18.jpeg']",0,Popular,1965,1,0,0,piso,2,Aluche,"Aluche, Madrid",40.392356,-3.7571096,1527,3700.0,224.0,151.0,0.3666666666666667,0.6,1.0,1.0,otro,pintura,corredera,estándar (2.4-2.8m),nada,3.2,4.0,convencional,"['#A7C4BC', '#FFFFFF', '#5D737E']",regular,False,convencional,limitado,ninguno,ninguno,estándar,básica,ninguno,6.2,6.8,ninguna,5
https://www.tecnocasa.es/venta/piso/madrid/madrid/604730.html,415000.0,4,126.0,2,"Agencia inmobiliaria de MADRID - zona USERA - MOSCARDO - PLAZA ELÍPTICA
Vende vivienda CON ASCENSOR en la calle Juan Español compuesta de 4 Dormitorios, Salón, Dos Terrazas, Cocina y Dos Baños completos. Maravillosas vistas del centro.

¡Descubre tu nuevo hogar en el corazón de Madrid! Este espacioso piso de 126 m² te ofrece todo lo que necesitas para vivir cómodamente. Situado en una tercera planta con ascensor, cuenta con cuatro dormitorios, dos baños y un luminoso salón que se abre a una acogedora terraza. Disfruta de la tranquilidad, mientras estás a solo 5 minutos de Plaza Elíptica y a 12 minutos a pie de Madrid Río.

La vivienda está lista para entrar a vivir y dispone de armarios empotrados, calefacción de gas natural centralizada y aire acondicionado para tu confort. La ubicación es inmejorable, con fácil acceso a importantes vías de comunicación y servicios cercanos como supermercados y transporte público. A solo 10 minutos del metro Almendrales (línea 3) y cerca del Hospital 12 de Octubre, tendrás todo lo que necesitas al alcance de la mano. No pierdas la oportunidad de vivir en una zona con amplias zonas verdes y todas las comodidades. ¡Ven a visitarlo!",1,1,1,1,1,1,1,1,1,1,"['https://cdn-media.medialabtc.it/es/agencies/mdak3/estates/604730/images/8610879/gallery_media.jpeg', 'https://cdn-media.medialabtc.it/es/agencies/mdak3/estates/604730/images/8610878/gallery_media.jpeg', 'https://cdn-media.medialabtc.it/es/agencies/mdak3/estates/604730/images/8610854/gallery_media.jpeg', 'https://cdn-media.medialabtc.it/es/agencies/mdak3/estates/604730/images/8610886/gallery_media.jpeg', 'https://cdn-media.medialabtc.it/es/agencies/mdak3/estates/604730/images/8610882/gallery_media.jpeg', 'https://cdn-media.medialabtc.it/es/agencies/mdak3/estates/604730/images/8610880/gallery_media.jpeg', 'https://cdn-media.medialabtc.it/es/agencies/mdak3/estates/604730/images/8610850/gallery_media.jpeg', 'https://cdn-media.medialabtc.it/es/agencies/mdak3/estates/604730/images/8610849/gallery_media.jpeg', 'https://cdn-media.medialabtc.it/es/agencies/mdak3/estates/604730/images/8610847/gallery_media.jpeg', 'https://cdn-media.medialabtc.it/es/agencies/mdak3/estates/604730/images/8610840/gallery_media.jpeg', 'https://cdn-media.medialabtc.it/es/agencies/mdak3/estates/604730/images/8610853/gallery_media.jpeg', 'https://cdn-media.medialabtc.it/es/agencies/mdak3/estates/604730/images/8610843/gallery_media.jpeg', 'https://cdn-media.medialabtc.it/es/agencies/mdak3/estates/604730/images/8610841/gallery_media.jpeg', 'https://cdn-media.medialabtc.it/es/agencies/mdak3/estates/604730/images/8610856/gallery_media.jpeg', 'https://cdn-media.medialabtc.it/es/agencies/mdak3/estates/604730/images/8610884/gallery_media.jpeg', 'https://cdn-media.medialabtc.it/es/agencies/mdak3/estates/604730/images/8610883/gallery_media.jpeg', 'https://cdn-media.medialabtc.it/es/agencies/mdak3/estates/604730/images/8610839/gallery_media.jpeg', 'https://cdn-media.medialabtc.it/es/agencies/mdak3/estates/604730/images/8610844/gallery_media.jpeg', 'https://cdn-media.medialabtc.it/es/agencies/mdak3/estates/604730/images/8610881/gallery_media.jpeg', 'https://cdn-media.medialabtc.it/es/agencies/mdak3/estates/604730/images/8610855/gallery_media.jpeg', 'https://cdn-media.medialabtc.it/es/agencies/mdak3/estates/604730/images/8610842/gallery_media.jpeg', 'https://cdn-media.medialabtc.it/es/agencies/mdak3/estates/604730/images/8610885/gallery_media.jpeg', 'https://cdn-media.medialabtc.it/es/agencies/mdak3/estates/604730/images/8610846/gallery_media.jpeg', 'https://cdn-media.medialabtc.it/es/agencies/mdak3/estates/604730/images/8610851/gallery_media.jpeg', 'https://cdn-media.medialabtc.it/es/agencies/mdak3/estates/604730/images/8610857/gallery_media.jpeg', 'https://cdn-media.medialabtc.it/es/agencies/mdak3/estates/604730/images/8610848/gallery_media.jpeg', 'https://cdn-media.medialabtc.it/es/agencies/mdak3/estates/604730/images/8610845/gallery_media.jpeg', 'https://cdn-media.medialabtc.it/es/agencies/mdak3/estates/604730/images/8610852/gallery_media.jpeg', 'https://cdn-media.medialabtc.it/es/agencies/mdak3/estates/604730/images/8610887/gallery_media.jpeg']",1,Desconocido,0,0,0,1,0,D,0,0,"['imagenes_tecnocasa\\anuncio_1530\\0.jpeg', 'imagenes_tecnocasa\\anuncio_1530\\1.jpeg', 'imagenes_tecnocasa\\anuncio_1530\\2.jpeg', 'imagenes_tecnocasa\\anuncio_1530\\3.jpeg', 'imagenes_tecnocasa\\anuncio_1530\\4.jpeg', 'imagenes_tecnocasa\\anuncio_1530\\5.jpeg', 'imagenes_tecnocasa\\anuncio_1530\\6.jpeg', 'imagenes_tecnocasa\\anuncio_1530\\7.jpeg', 'imagenes_tecnocasa\\anuncio_1530\\8.jpeg', 'imagenes_tecnocasa\\anuncio_1530\\9.jpeg', 'imagenes_tecnocasa\\anuncio_1530\\10.jpeg', 'imagenes_tecnocasa\\anuncio_1530\\11.jpeg', 'imagenes_tecnocasa\\anuncio_1530\\12.jpeg', 'imagenes_tecnocasa\\anuncio_1530\\13.jpeg', 'imagenes_tecnocasa\\anuncio_1530\\14.jpeg', 'imagenes_tecnocasa\\anuncio_1530\\15.jpeg', 'imagenes_tecnocasa\\anuncio_1530\\16.jpeg', 'imagenes_tecnocasa\\anuncio_1530\\17.jpeg', 'imagenes_tecnocasa\\anuncio_1530\\18.jpeg', 'imagenes_tecnocasa\\anuncio_1530\\19.jpeg', 'imagenes_tecnocasa\\anuncio_1530\\20.jpeg', 'imagenes_tecnocasa\\anuncio_1530\\21.jpeg', 'imagenes_tecnocasa\\anuncio_1530\\22.jpeg', 'imagenes_tecnocasa\\anuncio_1530\\23.jpeg', 'imagenes_tecnocasa\\anuncio_1530\\24.jpeg', 'imagenes_tecnocasa\\anuncio_1530\\25.jpeg', 'imagenes_tecnocasa\\anuncio_1530\\26.jpeg', 'imagenes_tecnocasa\\anuncio_1530\\27.jpeg', 'imagenes_tecnocasa\\anuncio_1530\\28.jpeg']",1,Popular,1990,1,0,1,piso,3,Madrid,"Moscardo - Antonio Lopez, Madrid",40.4167047,-3.7035825,1530,3293.6507936507937,197.0,138.0,0.125,0.4,1.0,0.0,cerámica,pintura,corredera,estándar (2.4-2.8m),nada,4.0,3.6,clásico,"['#F5F5DC', '#FFF8DC', '#FAEBD7']",regular,False,convencional,normal,ninguno,ninguno,estándar,básica,ninguno,6.2,6.2,ninguna,5
https://www.tecnocasa.es/venta/piso/madrid/madrid/602077.html,225000.0,2,75.0,2,"Agencia inmobiliaria de MADRID - zona USERA - MOSCARDO - PLAZA ELÍPTICA
Vende vivienda CON ASCENSOR en la calle Juan Español compuesta de 3 Dormitorios, Salón, Cocina, Baño y Trastero.

Tiene varios puntos a destacar:

- Finca con ASCENSOR.
- Cuenta con Trastero.
- Vivienda para entrar a vivir.
- Vivienda luminosa.
- La cercanía a Plaza Elíptica a 3 minutos.

Zona perfecta para las familias con zonas verdes en el entorno, bloque muy tranquilo
A 15 MINUTOS A PIE DE MADRID RÍO.
Fácil acceso a A42, M40, M30 Calle de Antonio López, Avenida de Andalucía, Hospital 12 de octubre, a 10 minutos del metro almendrales línea 3 (Villaverde - Moncloa), autobuses (47, 247 y 60 y búho Nº12 ). Zona con todos los servicios, supermercado próximo.

PROXIMAMENTE TOUR VIRTUAL.",1,1,1,1,1,1,1,1,1,1,"['https://cdn-media.medialabtc.it/es/agencies/mdak3/estates/602077/images/8558302/gallery_media.jpeg', 'https://cdn-media.medialabtc.it/es/agencies/mdak3/estates/602077/images/8558301/gallery_media.jpeg', 'https://cdn-media.medialabtc.it/es/agencies/mdak3/estates/602077/images/8558304/gallery_media.jpeg', 'https://cdn-media.medialabtc.it/es/agencies/mdak3/estates/602077/images/8558305/gallery_media.jpeg', 'https://cdn-media.medialabtc.it/es/agencies/mdak3/estates/602077/images/8558309/gallery_media.jpeg', 'https://cdn-media.medialabtc.it/es/agencies/mdak3/estates/602077/images/8558310/gallery_media.jpeg', 'https://cdn-media.medialabtc.it/es/agencies/mdak3/estates/602077/images/8558311/gallery_media.jpeg', 'https://cdn-media.medialabtc.it/es/agencies/mdak3/estates/602077/images/8558322/gallery_media.jpeg', 'https://cdn-media.medialabtc.it/es/agencies/mdak3/estates/602077/images/8558334/gallery_media.jpeg', 'https://cdn-media.medialabtc.it/es/agencies/mdak3/estates/602077/images/8558335/gallery_media.jpeg', 'https://cdn-media.medialabtc.it/es/agencies/mdak3/estates/602077/images/8558303/gallery_media.jpeg', 'https://cdn-media.medialabtc.it/es/agencies/mdak3/estates/602077/images/8558333/gallery_media.jpeg', 'https://cdn-media.medialabtc.it/es/agencies/mdak3/estates/602077/images/8558323/gallery_media.jpeg', 'https://cdn-media.medialabtc.it/es/agencies/mdak3/estates/602077/images/8558308/gallery_media.jpeg', 'https://cdn-media.medialabtc.it/es/agencies/mdak3/estates/602077/images/8558307/gallery_media.jpeg', 'https://cdn-media.medialabtc.it/es/agencies/mdak3/estates/602077/images/8558312/gallery_media.jpeg', 'https://cdn-media.medialabtc.it/es/agencies/mdak3/estates/602077/images/8558306/gallery_media.jpeg']",0,Desconocido,0,1,0,0,0,E,0,0,"['imagenes_tecnocasa\\anuncio_1531\\0.jpeg', 'imagenes_tecnocasa\\anuncio_1531\\1.jpeg', 'imagenes_tecnocasa\\anuncio_1531\\2.jpeg', 'imagenes_tecnocasa\\anuncio_1531\\3.jpeg', 'imagenes_tecnocasa\\anuncio_1531\\4.jpeg', 'imagenes_tecnocasa\\anuncio_1531\\5.jpeg', 'imagenes_tecnocasa\\anuncio_1531\\6.jpeg', 'imagenes_tecnocasa\\anuncio_1531\\7.jpeg', 'imagenes_tecnocasa\\anuncio_1531\\8.jpeg', 'imagenes_tecnocasa\\anuncio_1531\\9.jpeg', 'imagenes_tecnocasa\\anuncio_1531\\10.jpeg', 'imagenes_tecnocasa\\anuncio_1531\\11.jpeg', 'imagenes_tecnocasa\\anuncio_1531\\12.jpeg', 'imagenes_tecnocasa\\anuncio_1531\\13.jpeg', 'imagenes_tecnocasa\\anuncio_1531\\14.jpeg', 'imagenes_tecnocasa\\anuncio_1531\\15.jpeg', 'imagenes_tecnocasa\\anuncio_1531\\16.jpeg']",0,Popular,1959,0,0,0,piso,3,Madrid,"Moscardo - Antonio Lopez, Madrid",40.4167047,-3.7035825,1531,3000.0,130.0,99.0,0.0,0.0,1.0,0.0,parquet,pintura,corredera,estándar (2.4-2.8m),nada,3.4,4.6,convencional,"['#A0522D', '#F5F5DC', '#D2B48C']",regular,False,convencional,limitado,ninguno,ninguno,estándar,básica,ninguno,6.2,7.0,ninguna,5
https://www.tecnocasa.es/venta/piso/madrid/fuenlabrada/602147.html,228000.0,3,97.0,2,"- Tecnocasa El Naranjo Vende-
Piso REFORMADO con 97 m2 situado en el barrio del Naranjo, con ascensor, FACHADA REHABILITADA, cocina americana, 3 amplios dormitorios, 2 BAÑOS con plato de ducha, TRASTERO y con 3 aires acondicionados con bomba de calor, electricidad y fontanería cambiada.

Con polideportivo y piscina opcional, zonas ajardinadas con parques infantiles y próximo al bosque sur. Cercano a colegios e institutos, públicos, privados y de educación especial. Buena comunicación con acceso a carreteras (M40, M50, M407, M506, R5, AP41 y A42, carretera de Toledo).

¡Nuestro departamento financiero Kiron consigue la mejor hipoteca del mercado! No lo dude más, ¡visítelo sin compromiso!
No pierda la oportunidad, visítelo y asesórese sin compromiso.",1,1,1,1,0,1,0,1,1,1,"['https://cdn-media.medialabtc.it/es/agencies/mdbf6/estates/602147/images/8557933/gallery_media.jpeg', 'https://cdn-media.medialabtc.it/es/agencies/mdbf6/estates/602147/images/8557912/gallery_media.jpeg', 'https://cdn-media.medialabtc.it/es/agencies/mdbf6/estates/602147/images/8557945/gallery_media.jpeg', 'https://cdn-media.medialabtc.it/es/agencies/mdbf6/estates/602147/images/8557943/gallery_media.jpeg', 'https://cdn-media.medialabtc.it/es/agencies/mdbf6/estates/602147/images/8557909/gallery_media.jpeg', 'https://cdn-media.medialabtc.it/es/agencies/mdbf6/estates/602147/images/8557948/gallery_media.jpeg', 'https://cdn-media.medialabtc.it/es/agencies/mdbf6/estates/602147/images/8557944/gallery_media.jpeg', 'https://cdn-media.medialabtc.it/es/agencies/mdbf6/estates/602147/images/8557934/gallery_media.jpeg', 'https://cdn-media.medialabtc.it/es/agencies/mdbf6/estates/602147/images/8557942/gallery_media.jpeg']",0,Reformado,0,1,1,0,0,E,0,0,"['imagenes_tecnocasa\\anuncio_1537\\0.jpeg', 'imagenes_tecnocasa\\anuncio_1537\\1.jpeg', 'imagenes_tecnocasa\\anuncio_1537\\2.jpeg', 'imagenes_tecnocasa\\anuncio_1537\\3.jpeg', 'imagenes_tecnocasa\\anuncio_1537\\4.jpeg', 'imagenes_tecnocasa\\anuncio_1537\\5.jpeg', 'imagenes_tecnocasa\\anuncio_1537\\6.jpeg', 'imagenes_tecnocasa\\anuncio_1537\\7.jpeg', 'imagenes_tecnocasa\\anuncio_1537\\8.jpeg']",0,Popular,1981,1,0,1,piso,2,Fuenlabrada,"El Naranjo, Fuenlabrada",40.282476,-3.7923422,1537,2350.5154639175257,114.0,93.0,0.0,0.0,2.0,0.0,cerámica,pintura,corredera,estándar (2.4-2.8m),nada,3.4,3.8,convencional,"['#A9B7B0', '#FFFFFF', '#8B7E6E']",buena,False,convencional,limitado,ninguno,ninguno,estándar,básica,ninguno,7.2,6.2,ninguna,5
https://www.tecnocasa.es/venta/piso/madrid/madrid/590119.html,99900.0,1,51.0,1,"Agencia inmobiliaria de MADRID - zona USERA - MOSCARDO - PLAZA ELÍPTICA
Vende vivienda en la calle Marquesa de Silvela (Actualmente diáfano) compuesta de 1 Dormitorio (ANTES 2), Salón y Baño.

Tiene varios puntos a destacar:

- Vivienda de fácil acceso.
- La cercanía a Plaza Elíptica a 1 minuto.

Zona perfecta para las familias con zonas verdes en el entorno, bloque muy tranquilo
A 15 MINUTOS A PIE DE MADRID RÍO.
Fácil acceso a A42, M40, M30 Calle de Antonio López, Avenida de Andalucía, Hospital 12 de octubre, a 10 minutos del metro almendrales línea 3 (Villaverde - Moncloa), autobuses (47, 247 y 60 y búho Nº12 ). Zona con todos los servicios, supermercado próximo.",1,1,1,1,1,1,0,1,1,1,"['https://cdn-media.medialabtc.it/es/agencies/mdak3/estates/590119/images/8278439/gallery_media.jpeg', 'https://cdn-media.medialabtc.it/es/agencies/mdak3/estates/590119/images/8278436/gallery_media.jpeg', 'https://cdn-media.medialabtc.it/es/agencies/mdak3/estates/590119/images/8278429/gallery_media.jpeg', 'https://cdn-media.medialabtc.it/es/agencies/mdak3/estates/590119/images/8278435/gallery_media.jpeg', 'https://cdn-media.medialabtc.it/es/agencies/mdak3/estates/590119/images/8278437/gallery_media.jpeg', 'https://cdn-media.medialabtc.it/es/agencies/mdak3/estates/590119/images/8278434/gallery_media.jpeg', 'https://cdn-media.medialabtc.it/es/agencies/mdak3/estates/590119/images/8278387/gallery_media.jpeg', 'https://cdn-media.medialabtc.it/es/agencies/mdak3/estates/590119/images/8278430/gallery_media.jpeg', 'https://cdn-media.medialabtc.it/es/agencies/mdak3/estates/590119/images/8278388/gallery_media.jpeg', 'https://cdn-media.medialabtc.it/es/agencies/mdak3/estates/590119/images/8278442/gallery_media.jpeg', 'https://cdn-media.medialabtc.it/es/agencies/mdak3/estates/590119/images/8278438/gallery_media.jpeg', 'https://cdn-media.medialabtc.it/es/agencies/mdak3/estates/590119/images/8278386/gallery_media.jpeg', 'https://cdn-media.medialabtc.it/es/agencies/mdak3/estates/590119/images/8278432/gallery_media.jpeg', 'https://cdn-media.medialabtc.it/es/agencies/mdak3/estates/590119/images/8278441/gallery_media.jpeg', 'https://cdn-media.medialabtc.it/es/agencies/mdak3/estates/590119/images/8278433/gallery_media.jpeg', 'https://cdn-media.medialabtc.it/es/agencies/mdak3/estates/590119/images/8278431/gallery_media.jpeg', 'https://cdn-media.medialabtc.it/es/agencies/mdak3/estates/590119/images/8278440/gallery_media.jpeg']",0,Desconocido,0,0,0,0,0,E,0,0,"['imagenes_tecnocasa\\anuncio_1541\\0.jpeg', 'imagenes_tecnocasa\\anuncio_1541\\1.jpeg', 'imagenes_tecnocasa\\anuncio_1541\\2.jpeg', 'imagenes_tecnocasa\\anuncio_1541\\3.jpeg', 'imagenes_tecnocasa\\anuncio_1541\\4.jpeg', 'imagenes_tecnocasa\\anuncio_1541\\5.jpeg', 'imagenes_tecnocasa\\anuncio_1541\\6.jpeg', 'imagenes_tecnocasa\\anuncio_1541\\7.jpeg', 'imagenes_tecnocasa\\anuncio_1541\\8.jpeg', 'imagenes_tecnocasa\\anuncio_1541\\9.jpeg', 'imagenes_tecnocasa\\anuncio_1541\\10.jpeg', 'imagenes_tecnocasa\\anuncio_1541\\11.jpeg', 'imagenes_tecnocasa\\anuncio_1541\\12.jpeg', 'imagenes_tecnocasa\\anuncio_1541\\13.jpeg', 'imagenes_tecnocasa\\anuncio_1541\\14.jpeg', 'imagenes_tecnocasa\\anuncio_1541\\15.jpeg', 'imagenes_tecnocasa\\anuncio_1541\\16.jpeg']",0,Media,1955,0,0,0,piso,3,Madrid,"Moscardo - Antonio Lopez, Madrid",40.4167047,-3.7035825,1541,1958.8235294117646,116.0,93.0,0.0,0.0,1.0,0.0,cerámica,pintura,ninguna visible,estándar (2.4-2.8m),nada,2.8,2.6,convencional,"['#F5F5DC', '#A0522D', '#FFFFFF']",regular,False,convencional,limitado,ninguno,ninguno,básico,básica,ninguno,5.8,5.4,ninguna,5
https://www.tecnocasa.es/venta/piso/madrid/madrid/601149.html,67500.0,1,34.0,2,"Agencia inmobiliaria de MADRID - zona USERA - MOSCARDO - PLAZA ELÍPTICA
Vende local en Enrique Fuentes con Patio.

Zona perfecta para las familias con zonas verdes en el entorno, bloque muy tranquilo
A 15 MINUTOS A PIE DE MADRID RÍO.

Fácil acceso a A42, M40, M30 Calle de Antonio López, Avenida de Andalucía, Hospital 12 de octubre, a 10 minutos del metro almendrales línea 3 (Villaverde - Moncloa), autobuses (47, 247 y 60 y búho Nº12 ). Zona con todos los servicios, supermercado próximo.

En los próximos días DISPONDREMOS TOUR VIRTUAL.",1,1,1,1,1,1,1,1,1,1,"['https://cdn-media.medialabtc.it/es/agencies/mdak3/estates/601149/images/8537853/gallery_media.jpeg', 'https://cdn-media.medialabtc.it/es/agencies/mdak3/estates/601149/images/8537828/gallery_media.jpeg', 'https://cdn-media.medialabtc.it/es/agencies/mdak3/estates/601149/images/8537829/gallery_media.jpeg', 'https://cdn-media.medialabtc.it/es/agencies/mdak3/estates/601149/images/8537825/gallery_media.jpeg', 'https://cdn-media.medialabtc.it/es/agencies/mdak3/estates/601149/images/8537856/gallery_media.jpeg', 'https://cdn-media.medialabtc.it/es/agencies/mdak3/estates/601149/images/8537827/gallery_media.jpeg', 'https://cdn-media.medialabtc.it/es/agencies/mdak3/estates/601149/images/8537855/gallery_media.jpeg', 'https://cdn-media.medialabtc.it/es/agencies/mdak3/estates/601149/images/8537824/gallery_media.jpeg', 'https://cdn-media.medialabtc.it/es/agencies/mdak3/estates/601149/images/8537822/gallery_media.jpeg', 'https://cdn-media.medialabtc.it/es/agencies/mdak3/estates/601149/images/8537826/gallery_media.jpeg', 'https://cdn-media.medialabtc.it/es/agencies/mdak3/estates/601149/images/8537830/gallery_media.jpeg', 'https://cdn-media.medialabtc.it/es/agencies/mdak3/estates/601149/images/8537857/gallery_media.jpeg', 'https://cdn-media.medialabtc.it/es/agencies/mdak3/estates/601149/images/8537859/gallery_media.jpeg', 'https://cdn-media.medialabtc.it/es/agencies/mdak3/estates/601149/images/8537858/gallery_media.jpeg', 'https://cdn-media.medialabtc.it/es/agencies/mdak3/estates/601149/images/8537854/gallery_media.jpeg', 'https://cdn-media.medialabtc.it/es/agencies/mdak3/estates/601149/images/8537861/gallery_media.jpeg', 'https://cdn-media.medialabtc.it/es/agencies/mdak3/estates/601149/images/8537831/gallery_media.jpeg', 'https://cdn-media.medialabtc.it/es/agencies/mdak3/estates/601149/images/8537832/gallery_media.jpeg', 'https://cdn-media.medialabtc.it/es/agencies/mdak3/estates/601149/images/8537863/gallery_media.jpeg', 'https://cdn-media.medialabtc.it/es/agencies/mdak3/estates/601149/images/8537860/gallery_media.jpeg', 'https://cdn-media.medialabtc.it/es/agencies/mdak3/estates/601149/images/8537823/gallery_media.jpeg']",0,Desconocido,0,0,0,0,0,D,0,0,"['imagenes_tecnocasa\\anuncio_1542\\0.jpeg', 'imagenes_tecnocasa\\anuncio_1542\\1.jpeg', 'imagenes_tecnocasa\\anuncio_1542\\2.jpeg', 'imagenes_tecnocasa\\anuncio_1542\\3.jpeg', 'imagenes_tecnocasa\\anuncio_1542\\4.jpeg', 'imagenes_tecnocasa\\anuncio_1542\\5.jpeg', 'imagenes_tecnocasa\\anuncio_1542\\6.jpeg', 'imagenes_tecnocasa\\anuncio_1542\\7.jpeg', 'imagenes_tecnocasa\\anuncio_1542\\8.jpeg', 'imagenes_tecnocasa\\anuncio_1542\\9.jpeg', 'imagenes_tecnocasa\\anuncio_1542\\10.jpeg', 'imagenes_tecnocasa\\anuncio_1542\\11.jpeg', 'imagenes_tecnocasa\\anuncio_1542\\12.jpeg', 'imagenes_tecnocasa\\anuncio_1542\\13.jpeg', 'imagenes_tecnocasa\\anuncio_1542\\14.jpeg', 'imagenes_tecnocasa\\anuncio_1542\\15.jpeg', 'imagenes_tecnocasa\\anuncio_1542\\16.jpeg', 'imagenes_tecnocasa\\anuncio_1542\\17.jpeg', 'imagenes_tecnocasa\\anuncio_1542\\18.jpeg', 'imagenes_tecnocasa\\anuncio_1542\\19.jpeg', 'imagenes_tecnocasa\\anuncio_1542\\20.jpeg']",0,Popular,1965,0,0,0,piso,3,Madrid,"Moscardo - Antonio Lopez, Madrid",40.4167047,-3.7035825,1542,1985.2941176470588,92.0,77.0,0.0,0.0,1.0,0.0,cerámica,pintura,corredera,estándar (2.4-2.8m),nada,3.4,4.4,moderno,"['#FFFFFF', '#D2B48C', '#A0522D']",regular,True,eficiente,limitado,ninguno,ninguno,estándar,parcialmente equipada,ninguno,6.6,6.8,ninguna,5
https://www.tecnocasa.es/venta/piso/madrid/madrid/601285.html,225000.0,2,68.0,1,"Agencia inmobiliaria de MADRID - zona USERA - MOSCARDO - PLAZA ELÍPTICA
Vende vivienda en Calle Quince de Agosto, compuesta de 2 dormitorios, Salón, Cocina, Baño y Terraza.

Tiene varios puntos a destacar:

- Vivienda en muy buen estado.
- Tercera planta.
- Amplias estancias.
- FINCA MUY TRANQUILA.
- Metro de Usera a menos de 3 minutos Caminando.

Zona perfecta para las familias con zonas verdes en el entorno, bloque muy tranquilo
A 15 MINUTOS A PIE DE MADRID RÍO.

Fácil acceso a A42, M40, M30 Calle de Antonio López, Avenida de Andalucía, Hospital 12 de octubre, a 10 minutos del metro almendrales línea 3 (Villaverde - Moncloa), autobuses (47, 247 y 60 y búho Nº12 ). Zona con todos los servicios, supermercado próximo.",1,1,1,1,1,1,1,1,1,1,"['https://cdn-media.medialabtc.it/es/agencies/mdak3/estates/601285/images/8532889/gallery_media.jpeg', 'https://cdn-media.medialabtc.it/es/agencies/mdak3/estates/601285/images/8532891/gallery_media.jpeg', 'https://cdn-media.medialabtc.it/es/agencies/mdak3/estates/601285/images/8532894/gallery_media.jpeg', 'https://cdn-media.medialabtc.it/es/agencies/mdak3/estates/601285/images/8532887/gallery_media.jpeg', 'https://cdn-media.medialabtc.it/es/agencies/mdak3/estates/601285/images/8586923/gallery_media.jpeg', 'https://cdn-media.medialabtc.it/es/agencies/mdak3/estates/601285/images/8532893/gallery_media.jpeg', 'https://cdn-media.medialabtc.it/es/agencies/mdak3/estates/601285/images/8532892/gallery_media.jpeg', 'https://cdn-media.medialabtc.it/es/agencies/mdak3/estates/601285/images/8532896/gallery_media.jpeg', 'https://cdn-media.medialabtc.it/es/agencies/mdak3/estates/601285/images/8532900/gallery_media.jpeg', 'https://cdn-media.medialabtc.it/es/agencies/mdak3/estates/601285/images/8532902/gallery_media.jpeg', 'https://cdn-media.medialabtc.it/es/agencies/mdak3/estates/601285/images/8532895/gallery_media.jpeg', 'https://cdn-media.medialabtc.it/es/agencies/mdak3/estates/601285/images/8532884/gallery_media.jpeg', 'https://cdn-media.medialabtc.it/es/agencies/mdak3/estates/601285/images/8532886/gallery_media.jpeg', 'https://cdn-media.medialabtc.it/es/agencies/mdak3/estates/601285/images/8532890/gallery_media.jpeg', 'https://cdn-media.medialabtc.it/es/agencies/mdak3/estates/601285/images/8532888/gallery_media.jpeg', 'https://cdn-media.medialabtc.it/es/agencies/mdak3/estates/601285/images/8532885/gallery_media.jpeg', 'https://cdn-media.medialabtc.it/es/agencies/mdak3/estates/601285/images/8532898/gallery_media.jpeg', 'https://cdn-media.medialabtc.it/es/agencies/mdak3/estates/601285/images/8532899/gallery_media.jpeg', 'https://cdn-media.medialabtc.it/es/agencies/mdak3/estates/601285/images/8532897/gallery_media.jpeg', 'https://cdn-media.medialabtc.it/es/agencies/mdak3/estates/601285/images/8532901/gallery_media.jpeg']",0,Desconocido,0,0,0,1,0,E,0,0,"['imagenes_tecnocasa\\anuncio_1543\\0.jpeg', 'imagenes_tecnocasa\\anuncio_1543\\1.jpeg', 'imagenes_tecnocasa\\anuncio_1543\\2.jpeg', 'imagenes_tecnocasa\\anuncio_1543\\3.jpeg', 'imagenes_tecnocasa\\anuncio_1543\\4.jpeg', 'imagenes_tecnocasa\\anuncio_1543\\5.jpeg', 'imagenes_tecnocasa\\anuncio_1543\\6.jpeg', 'imagenes_tecnocasa\\anuncio_1543\\7.jpeg', 'imagenes_tecnocasa\\anuncio_1543\\8.jpeg', 'imagenes_tecnocasa\\anuncio_1543\\9.jpeg', 'imagenes_tecnocasa\\anuncio_1543\\10.jpeg', 'imagenes_tecnocasa\\anuncio_1543\\11.jpeg', 'imagenes_tecnocasa\\anuncio_1543\\12.jpeg', 'imagenes_tecnocasa\\anuncio_1543\\13.jpeg', 'imagenes_tecnocasa\\anuncio_1543\\14.jpeg', 'imagenes_tecnocasa\\anuncio_1543\\15.jpeg', 'imagenes_tecnocasa\\anuncio_1543\\16.jpeg', 'imagenes_tecnocasa\\anuncio_1543\\17.jpeg', 'imagenes_tecnocasa\\anuncio_1543\\18.jpeg', 'imagenes_tecnocasa\\anuncio_1543\\19.jpeg']",1,Popular,1965,1,0,0,piso,2,Madrid,"Moscardo - Antonio Lopez, Madrid",40.4167047,-3.7035825,1543,3308.823529411765,125.0,95.0,0.0,0.0,1.0,0.0,otro,pintura,corredera,estándar (2.4-2.8m),nada,3.6,2.8,clásico,"['#F2E8CF', '#FFF8DC', '#E0FFFF']",regular,False,convencional,normal,ninguno,ninguno,estándar,parcialmente equipada,ninguno,6.2,5.8,ninguna,5
https://www.tecnocasa.es/venta/piso/madrid/madrid/602380.html,240000.0,4,82.0,1,"ESTUDIO NUEVO CANILLAS 2023 SL VENDE EVIVIENDA EN EXCLUSIVA!
Te presentamos un piso en venta de 90 m² construidos y 85 m², con cuatro dormitorios y un baño. Dispone de armarios empotrados y se encuentra en segunda mano a reformar. Fue construido en 1959 y cuenta con amplio salon luminoso que distribuye las tres habitaciones.
Se trata de una segunda planta exterior sin ascensor y orientación norte-sur. Y se encuentra en la clase energética F con un consumo de energía de 301,00 kwh/m2 año y emisiones de CO2 de 63,00 kgCO/m2 año.
No dudes en contactarnos para concertar una visita y recibir asesoramiento gratuito de nuestro departamento financiero KÌRON. Además, ofrecemos financiación del 100%. ¡No pierdas la oportunidad de tener la casa de tus sueños!",1,1,1,1,1,1,1,1,0,1,"['https://cdn-media.medialabtc.it/es/agencies/md096/estates/602380/images/8558581/gallery_media.jpeg', 'https://cdn-media.medialabtc.it/es/agencies/md096/estates/602380/images/8558551/gallery_media.jpeg', 'https://cdn-media.medialabtc.it/es/agencies/md096/estates/602380/images/8558573/gallery_media.jpeg', 'https://cdn-media.medialabtc.it/es/agencies/md096/estates/602380/images/8558575/gallery_media.jpeg', 'https://cdn-media.medialabtc.it/es/agencies/md096/estates/602380/images/8558579/gallery_media.jpeg', 'https://cdn-media.medialabtc.it/es/agencies/md096/estates/602380/images/8558582/gallery_media.jpeg', 'https://cdn-media.medialabtc.it/es/agencies/md096/estates/602380/images/8558552/gallery_media.jpeg', 'https://cdn-media.medialabtc.it/es/agencies/md096/estates/602380/images/8558584/gallery_media.jpeg', 'https://cdn-media.medialabtc.it/es/agencies/md096/estates/602380/images/8558574/gallery_media.jpeg', 'https://cdn-media.medialabtc.it/es/agencies/md096/estates/602380/images/8558583/gallery_media.jpeg', 'https://cdn-media.medialabtc.it/es/agencies/md096/estates/602380/images/8558578/gallery_media.jpeg', 'https://cdn-media.medialabtc.it/es/agencies/md096/estates/602380/images/8558576/gallery_media.jpeg', 'https://cdn-media.medialabtc.it/es/agencies/md096/estates/602380/images/8708097/gallery_media.jpeg', 'https://cdn-media.medialabtc.it/es/agencies/md096/estates/602380/images/8558577/gallery_media.jpeg', 'https://cdn-media.medialabtc.it/es/agencies/md096/estates/602380/images/8558580/gallery_media.jpeg']",0,A reformar,0,0,0,0,0,F,0,0,"['imagenes_tecnocasa\\anuncio_1547\\0.jpeg', 'imagenes_tecnocasa\\anuncio_1547\\1.jpeg', 'imagenes_tecnocasa\\anuncio_1547\\2.jpeg', 'imagenes_tecnocasa\\anuncio_1547\\3.jpeg', 'imagenes_tecnocasa\\anuncio_1547\\4.jpeg', 'imagenes_tecnocasa\\anuncio_1547\\5.jpeg', 'imagenes_tecnocasa\\anuncio_1547\\6.jpeg', 'imagenes_tecnocasa\\anuncio_1547\\7.jpeg', 'imagenes_tecnocasa\\anuncio_1547\\8.jpeg', 'imagenes_tecnocasa\\anuncio_1547\\9.jpeg', 'imagenes_tecnocasa\\anuncio_1547\\10.jpeg', 'imagenes_tecnocasa\\anuncio_1547\\11.jpeg', 'imagenes_tecnocasa\\anuncio_1547\\12.jpeg', 'imagenes_tecnocasa\\anuncio_1547\\13.jpeg', 'imagenes_tecnocasa\\anuncio_1547\\14.jpeg']",0,Popular,1959,0,0,0,piso,3,Madrid,"Canillas, Madrid",40.4167047,-3.7035825,1547,2926.829268292683,125.0,96.0,0.0,0.0,2.0,0.0,parquet,pintura,corredera,estándar (2.4-2.8m),nada,3.4,2.4,convencional,"['#F5F5DC', '#DEB887', '#8B4513']",regular,False,convencional,limitado,ninguno,ninguno,básico,básica,ninguno,6.2,6.0,ninguna,5
https://www.tecnocasa.es/venta/piso/madrid/madrid/608405.html,269500.0,3,71.0,1,"Calle San Samuel: 71 m2 distribuidos en tres dormitorios, salón con terraza incorporada, cocina, baño y ascensor.
Piso situado en entorno tranquilon y ajardinado, cercano a colegios, supermercados, parques y transporte público,",1,0,1,1,1,1,0,1,1,1,"['https://cdn-media.medialabtc.it/es/agencies/mdaq4/estates/608405/images/8700381/gallery_media.jpeg', 'https://cdn-media.medialabtc.it/es/agencies/mdaq4/estates/608405/images/8700382/gallery_media.jpeg', 'https://cdn-media.medialabtc.it/es/agencies/mdaq4/estates/608405/images/8700380/gallery_media.jpeg', 'https://cdn-media.medialabtc.it/es/agencies/mdaq4/estates/608405/images/8700378/gallery_media.jpeg', 'https://cdn-media.medialabtc.it/es/agencies/mdaq4/estates/608405/images/8700384/gallery_media.jpeg', 'https://cdn-media.medialabtc.it/es/agencies/mdaq4/estates/608405/images/8700386/gallery_media.jpeg', 'https://cdn-media.medialabtc.it/es/agencies/mdaq4/estates/608405/images/8700385/gallery_media.jpeg', 'https://cdn-media.medialabtc.it/es/agencies/mdaq4/estates/608405/images/8700383/gallery_media.jpeg', 'https://cdn-media.medialabtc.it/es/agencies/mdaq4/estates/608405/images/8700387/gallery_media.jpeg', 'https://cdn-media.medialabtc.it/es/agencies/mdaq4/estates/608405/images/8700379/gallery_media.jpeg']",0,Desconocido,0,0,0,1,0,Desconocida,0,0,"['imagenes_tecnocasa\\anuncio_1551\\0.jpeg', 'imagenes_tecnocasa\\anuncio_1551\\1.jpeg', 'imagenes_tecnocasa\\anuncio_1551\\2.jpeg', 'imagenes_tecnocasa\\anuncio_1551\\3.jpeg', 'imagenes_tecnocasa\\anuncio_1551\\4.jpeg', 'imagenes_tecnocasa\\anuncio_1551\\5.jpeg', 'imagenes_tecnocasa\\anuncio_1551\\6.jpeg', 'imagenes_tecnocasa\\anuncio_1551\\7.jpeg', 'imagenes_tecnocasa\\anuncio_1551\\8.jpeg', 'imagenes_tecnocasa\\anuncio_1551\\9.jpeg']",1,Popular,1965,0,0,1,piso,2,Madrid,"Ventas, Madrid",40.4167047,-3.7035825,1551,3795.774647887324,32.0,29.0,0.0,0.0,1.0,0.0,cerámica,pintura,corredera,estándar (2.4-2.8m),nada,3.8,5.0,convencional,"['#F2F2F2', '#D2B48C', '#FFFFFF']",buena,False,convencional,limitado,ninguno,ninguno,estándar,básica,ninguno,6.6,6.8,ninguna,5
https://www.tecnocasa.es/venta/piso/madrid/madrid/585489.html,875000.0,3,145.0,2,"Agencia inmobiliaria de Madrid - Chamberí - Arapiles, Trafalgar, Almagro, Ríos Rosas - Tecnocasa - Vende - Calle Viriato

PISO DOMINANTE DE ESQUINA, muy luminoso, totalmente exterior con siete ventanas a la calle de gran amplitud. El piso dispone doble orientación al Sur y al Este. Formado por un acogedor hall que da paso a un luminoso salón doble, un baño completo con plato de ducha, y la cocina independiente reformada y totalmente equipada.

La zona de noche dispone de 3 habitaciones y un baño principal en suite de gran amplitud. Todas las habitaciones dan al exterior y disponen de armarios.

El piso dispone de aire acondicionado en el salón y en las 2 habitaciones dobles. La calefacción es individial mediante gas natural. El piso ha sido reformado con buenas calidades. Finca con ascensor y muy tranquila.

La propiedad se ubica en una de las mejores calles del barrio residencial de Trafalgar, dentro del Distrito de Chamberí, ubicado en la zona centro de la capital y a pocos metros de las calles Santa Engracia, José Abascal, Bravo Murillo y cercano a Paseo de la Castellana. La zona cuenta con una amplia gama de servicios desde grandes almacenes, comercios, farmacias, colegios, iglesias, gimnasios, hoteles, zonas deportivas, supermercados (Día, Mercadona, Carrefour Express, entre otros), el Mercado de Chamberí, el Mercado de Vallehermoso, hasta una selección de los mejores bares y restaurantes de Madrid.

Muy bien comunicado, a 5 minutos andando de las paradas de metro de Canal, Alonso Cano e Iglesia, varias líneas de autobuses disponibles en Santa Engracia, General Álvarez de Castro, Eloy Gonzalo y Bravo Murillo. Cuenta con zonas emblemáticas cercanas como el Parque del Canal, Parque de Santander y Plaza de Olavide.

¡Descubre la oportunidad única de personalizar tu propio ático en Madrid!

Disponemos de nuestro propio departamento financiero. Podemos conseguirle hasta el 100% de financiación de su vivienda. Para solicitar una visita o más información, no dude en ponerse en contacto con nosotros.

En Tecnocasa ofrecemos un servicio personalizado de gestión inmobiliaria aportando una experiencia de más de 25 años en la zona. No dude en comprobarlo con una valoración gratuita y sin compromiso de su vivienda.",1,1,1,1,1,1,1,1,1,1,"['https://cdn-media.medialabtc.it/es/agencies/md090/estates/585489/images/8190614/gallery_media.jpeg', 'https://cdn-media.medialabtc.it/es/agencies/md090/estates/585489/images/8190201/gallery_media.jpeg', 'https://cdn-media.medialabtc.it/es/agencies/md090/estates/585489/images/8190211/gallery_media.jpeg', 'https://cdn-media.medialabtc.it/es/agencies/md090/estates/585489/images/8190204/gallery_media.jpeg', 'https://cdn-media.medialabtc.it/es/agencies/md090/estates/585489/images/8190196/gallery_media.jpeg', 'https://cdn-media.medialabtc.it/es/agencies/md090/estates/585489/images/8190207/gallery_media.jpeg', 'https://cdn-media.medialabtc.it/es/agencies/md090/estates/585489/images/8190197/gallery_media.jpeg', 'https://cdn-media.medialabtc.it/es/agencies/md090/estates/585489/images/8190205/gallery_media.jpeg', 'https://cdn-media.medialabtc.it/es/agencies/md090/estates/585489/images/8190248/gallery_media.jpeg', 'https://cdn-media.medialabtc.it/es/agencies/md090/estates/585489/images/8190611/gallery_media.jpeg', 'https://cdn-media.medialabtc.it/es/agencies/md090/estates/585489/images/8190246/gallery_media.jpeg', 'https://cdn-media.medialabtc.it/es/agencies/md090/estates/585489/images/8190247/gallery_media.jpeg', 'https://cdn-media.medialabtc.it/es/agencies/md090/estates/585489/images/8190212/gallery_media.jpeg', 'https://cdn-media.medialabtc.it/es/agencies/md090/estates/585489/images/8190209/gallery_media.jpeg', 'https://cdn-media.medialabtc.it/es/agencies/md090/estates/585489/images/8190200/gallery_media.jpeg', 'https://cdn-media.medialabtc.it/es/agencies/md090/estates/585489/images/8190213/gallery_media.jpeg', 'https://cdn-media.medialabtc.it/es/agencies/md090/estates/585489/images/8190214/gallery_media.jpeg', 'https://cdn-media.medialabtc.it/es/agencies/md090/estates/585489/images/8549357/gallery_media.jpeg', 'https://cdn-media.medialabtc.it/es/agencies/md090/estates/585489/images/8190202/gallery_media.jpeg', 'https://cdn-media.medialabtc.it/es/agencies/md090/estates/585489/images/8190198/gallery_media.jpeg', 'https://cdn-media.medialabtc.it/es/agencies/md090/estates/585489/images/8190245/gallery_media.jpeg', 'https://cdn-media.medialabtc.it/es/agencies/md090/estates/585489/images/8190203/gallery_media.jpeg', 'https://cdn-media.medialabtc.it/es/agencies/md090/estates/585489/images/8190210/gallery_media.jpeg', 'https://cdn-media.medialabtc.it/es/agencies/md090/estates/585489/images/8190206/gallery_media.jpeg', 'https://cdn-media.medialabtc.it/es/agencies/md090/estates/585489/images/8190249/gallery_media.jpeg', 'https://cdn-media.medialabtc.it/es/agencies/md090/estates/585489/images/8190215/gallery_media.jpeg', 'https://cdn-media.medialabtc.it/es/agencies/md090/estates/585489/images/8190612/gallery_media.jpeg', 'https://cdn-media.medialabtc.it/es/agencies/md090/estates/585489/images/8190208/gallery_media.jpeg']",0,Reformado,0,0,0,0,0,E,0,0,"['imagenes_tecnocasa\\anuncio_1553\\0.jpeg', 'imagenes_tecnocasa\\anuncio_1553\\1.jpeg', 'imagenes_tecnocasa\\anuncio_1553\\2.jpeg', 'imagenes_tecnocasa\\anuncio_1553\\3.jpeg', 'imagenes_tecnocasa\\anuncio_1553\\4.jpeg', 'imagenes_tecnocasa\\anuncio_1553\\5.jpeg', 'imagenes_tecnocasa\\anuncio_1553\\6.jpeg', 'imagenes_tecnocasa\\anuncio_1553\\7.jpeg', 'imagenes_tecnocasa\\anuncio_1553\\8.jpeg', 'imagenes_tecnocasa\\anuncio_1553\\9.jpeg', 'imagenes_tecnocasa\\anuncio_1553\\10.jpeg', 'imagenes_tecnocasa\\anuncio_1553\\11.jpeg', 'imagenes_tecnocasa\\anuncio_1553\\12.jpeg', 'imagenes_tecnocasa\\anuncio_1553\\13.jpeg', 'imagenes_tecnocasa\\anuncio_1553\\14.jpeg', 'imagenes_tecnocasa\\anuncio_1553\\15.jpeg', 'imagenes_tecnocasa\\anuncio_1553\\16.jpeg', 'imagenes_tecnocasa\\anuncio_1553\\17.jpeg', 'imagenes_tecnocasa\\anuncio_1553\\18.jpeg', 'imagenes_tecnocasa\\anuncio_1553\\19.jpeg', 'imagenes_tecnocasa\\anuncio_1553\\20.jpeg', 'imagenes_tecnocasa\\anuncio_1553\\21.jpeg', 'imagenes_tecnocasa\\anuncio_1553\\22.jpeg', 'imagenes_tecnocasa\\anuncio_1553\\23.jpeg', 'imagenes_tecnocasa\\anuncio_1553\\24.jpeg', 'imagenes_tecnocasa\\anuncio_1553\\25.jpeg', 'imagenes_tecnocasa\\anuncio_1553\\26.jpeg', 'imagenes_tecnocasa\\anuncio_1553\\27.jpeg']",1,Señorial,1942,1,0,0,piso,3,Madrid,Madrid,40.4167047,-3.7035825,1553,6034.482758620689,359.0,223.0,0.08125000000000002,0.45,2.0,1.0,parquet,pintura,corredera,estándar (2.4-2.8m),nada,6.2,5.6,moderno,"['#F5F5DC', '#FFFFFF', '#A0522D']",buena,True,convencional,normal,ninguno,ninguno,estándar,básica,ninguno,8.2,7.2,ninguna,5
https://www.tecnocasa.es/venta/piso/madrid/navalcarnero/604912.html,269900.0,3,120.0,2,"Agencia inmobiliaria de Navalcarnero

PISO SEMINUEVO EN EL PINAR DE 120 m2 CON 2 GARAJES Y TRASTERO

Compuesto por:

Tres amplios dormitorios con armarios empotrados, dos cuarto de baño completos, amplio salon con terraza y cocina amueblada con tendedero.

Excelentes calidades: ventanas en climalit, puertas de paso en roble, calefaccion de gas natural, suelos en gres y tarima flotante y armarios empotrados.

DISPONE DE DOS PLAZAS DE GARAJE Y TRASTERO INCLUIDOS EN EL PRECIO

El piso se encuentra enclavado en una la zona mas nueva de Navalcarnero construida en el año 2008, a solamente cinco minutos en coche de la plaza de Segovia. La vivienda esta calificada como VPPL.

El Pinar de Navalcarnero se encuentra excelentemente situado, con buen acceso tanto a la autovia como al centro del municipio. Navalcarnero cuenta con todos los servicios tales como farmacias, supermercados, excelentes colegios, zonas verdes, comercios, centro medico, asimismo, se encuentra a menos de 10 minutos en coche del hospital mas cercano.

En el caso de que necesite financiación, disponemos de un departamento financiero que estará encantado de atenderle y facilitarle la mejor financiacion del mercado, con una cuota para esta vivienda desde 742 /mes (consultar condiciones).",0,0,1,0,1,0,0,0,1,0,"['https://cdn-media.medialabtc.it/es/agencies/md590/estates/604912/images/8630782/gallery_media.jpeg', 'https://cdn-media.medialabtc.it/es/agencies/md590/estates/604912/images/8630780/gallery_media.jpeg', 'https://cdn-media.medialabtc.it/es/agencies/md590/estates/604912/images/8630781/gallery_media.jpeg', 'https://cdn-media.medialabtc.it/es/agencies/md590/estates/604912/images/8630783/gallery_media.jpeg', 'https://cdn-media.medialabtc.it/es/agencies/md590/estates/604912/images/8616254/gallery_media.jpeg', 'https://cdn-media.medialabtc.it/es/agencies/md590/estates/604912/images/8630784/gallery_media.jpeg', 'https://cdn-media.medialabtc.it/es/agencies/md590/estates/604912/images/8616255/gallery_media.jpeg', 'https://cdn-media.medialabtc.it/es/agencies/md590/estates/604912/images/8630785/gallery_media.jpeg']",0,Desconocido,1,1,0,1,0,Desconocida,0,0,"['imagenes_tecnocasa\\anuncio_1555\\0.jpeg', 'imagenes_tecnocasa\\anuncio_1555\\1.jpeg', 'imagenes_tecnocasa\\anuncio_1555\\2.jpeg', 'imagenes_tecnocasa\\anuncio_1555\\3.jpeg', 'imagenes_tecnocasa\\anuncio_1555\\4.jpeg', 'imagenes_tecnocasa\\anuncio_1555\\5.jpeg', 'imagenes_tecnocasa\\anuncio_1555\\6.jpeg', 'imagenes_tecnocasa\\anuncio_1555\\7.jpeg']",0,Media,2009,0,0,1,piso,1,Navalcarnero,Navalcarnero,40.2877169,-4.014299,1555,2249.1666666666665,195.0,137.0,0.1,0.4,1.0,0.0,otro,otro,otro,otro,nada,1.6,4.2,otro,"['#808080', '#A0A0A0', '#D3D3D3']",regular,False,otro,otro,ninguno,ninguno,otro,otro,ninguno,6.4,6.2,ninguna,5
https://www.tecnocasa.es/venta/piso/madrid/velilla-de-san-antonio/592182.html,170500.0,1,58.0,1,"INMOBILIARIA TECNOCASA - ESTUDIO VELILLA - Vende Fantástica promoción de “OBRA NUEVA” en pleno centro de Velilla de San Antonio, de 10 exclusivas viviendas, de 1 y 2 habitaciones, la promoción cuenta con un diseñado moderno y con materiales de 1ª calidad.

•Suelo laminado tipo tarima flotante AC5 o solado porcelanico.
•Alicatado de cocina y baño con plaqueta cerámica.
•Carpinteria en aluminio gris antracita.
•Cristales tipo climalit.
•Aerotermia con suelo radiante y refrescante.
•Pintura temple liso plástica en toda la vivienda.
•Video-portero automático. •Ascensor marca ORONA (Para 4 PERSONAS).
POSIBILIDAD DE “REALIZAR CAMBIOS” EN EL DISEÑO, MATERIALES O ACABADOS.
Ponemos también a su disposición un asesoramiento financiero totalmente gratuito, a través de nuestra empresa de intermediación financiera Kiron con la posibilidad de financiar hasta el 100% del importe de la vivienda.",0,0,1,1,1,1,1,1,1,1,"['https://cdn-media.medialabtc.it/es/agencies/md596/estates/592182/images/8370868/gallery_media.jpeg', 'https://cdn-media.medialabtc.it/es/agencies/md596/estates/592184/images/8325719/gallery_media.jpeg', 'https://cdn-media.medialabtc.it/es/agencies/md596/estates/592182/images/8370872/gallery_media.jpeg', 'https://cdn-media.medialabtc.it/es/agencies/md596/estates/592184/images/8325721/gallery_media.jpeg', 'https://cdn-media.medialabtc.it/es/agencies/md596/estates/592182/images/8370867/gallery_media.jpeg', 'https://cdn-media.medialabtc.it/es/agencies/md596/estates/592184/images/8325723/gallery_media.jpeg', 'https://cdn-media.medialabtc.it/es/agencies/md596/estates/592182/images/8370870/gallery_media.jpeg', 'https://cdn-media.medialabtc.it/es/agencies/md596/estates/592184/images/8325720/gallery_media.jpeg', 'https://cdn-media.medialabtc.it/es/agencies/md596/estates/592184/images/8325717/gallery_media.jpeg', 'https://cdn-media.medialabtc.it/es/agencies/md596/estates/592182/images/8370871/gallery_media.jpeg', 'https://cdn-media.medialabtc.it/es/agencies/md596/estates/592182/images/8370866/gallery_media.jpeg', 'https://cdn-media.medialabtc.it/es/agencies/md596/estates/592182/images/8689923/gallery_media.jpeg', 'https://cdn-media.medialabtc.it/es/agencies/md596/estates/592184/images/8325722/gallery_media.jpeg', 'https://cdn-media.medialabtc.it/es/agencies/md596/estates/592184/images/8325718/gallery_media.jpeg', 'https://cdn-media.medialabtc.it/es/agencies/md596/estates/592184/images/8325725/gallery_media.jpeg', 'https://cdn-media.medialabtc.it/es/agencies/md596/estates/592182/images/8370864/gallery_media.jpeg', 'https://cdn-media.medialabtc.it/es/agencies/md596/estates/592182/images/8370863/gallery_media.jpeg', 'https://cdn-media.medialabtc.it/es/agencies/md596/estates/592182/images/8370873/gallery_media.jpeg', 'https://cdn-media.medialabtc.it/es/agencies/md596/estates/592182/images/8370869/gallery_media.jpeg', 'https://cdn-media.medialabtc.it/es/agencies/md596/estates/592182/images/8370865/gallery_media.jpeg']",0,Desconocido,0,0,0,0,1,Desconocida,0,0,"['imagenes_tecnocasa\\anuncio_1558\\0.jpeg', 'imagenes_tecnocasa\\anuncio_1558\\1.jpeg', 'imagenes_tecnocasa\\anuncio_1558\\2.jpeg', 'imagenes_tecnocasa\\anuncio_1558\\3.jpeg', 'imagenes_tecnocasa\\anuncio_1558\\4.jpeg', 'imagenes_tecnocasa\\anuncio_1558\\5.jpeg', 'imagenes_tecnocasa\\anuncio_1558\\6.jpeg', 'imagenes_tecnocasa\\anuncio_1558\\7.jpeg', 'imagenes_tecnocasa\\anuncio_1558\\8.jpeg', 'imagenes_tecnocasa\\anuncio_1558\\9.jpeg', 'imagenes_tecnocasa\\anuncio_1558\\10.jpeg', 'imagenes_tecnocasa\\anuncio_1558\\11.jpeg', 'imagenes_tecnocasa\\anuncio_1558\\12.jpeg', 'imagenes_tecnocasa\\anuncio_1558\\13.jpeg', 'imagenes_tecnocasa\\anuncio_1558\\14.jpeg', 'imagenes_tecnocasa\\anuncio_1558\\15.jpeg', 'imagenes_tecnocasa\\anuncio_1558\\16.jpeg', 'imagenes_tecnocasa\\anuncio_1558\\17.jpeg', 'imagenes_tecnocasa\\anuncio_1558\\18.jpeg', 'imagenes_tecnocasa\\anuncio_1558\\19.jpeg']",0,Popular,2024,1,0,1,piso,2,Velilla de San Antonio,Velilla De San Antonio,40.367166,-3.4874435,1558,2939.655172413793,131.0,103.0,0.0,0.0,1.0,0.0,parquet,pintura,corredera,estándar (2.4-2.8m),nada,6.2,7.0,moderno,"['#FFFFFF', '#000000', '#808080']",buena,True,eficiente,normal,ninguno,ninguno,estándar,parcialmente equipada,ninguno,7.2,7.4,ninguna,5
https://www.tecnocasa.es/venta/piso/madrid/velilla-de-san-antonio/592176.html,175000.0,1,62.0,1,"INMOBILIARIA TECNOCASA - ESTUDIO VELILLA - Vende Fantástica promoción de “OBRA NUEVA” en pleno centro de Velilla de San Antonio, de 10 exclusivas viviendas, de 1 y 2 habitaciones, la promoción cuenta con un diseñado moderno y con materiales de 1ª calidad.

•Suelo laminado tipo tarima flotante AC5 o solado porcelanico.
•Alicatado de cocina y baño con plaqueta cerámica.
•Carpinteria en aluminio gris antracita.
•Cristales tipo climalit.
•Aerotermia con suelo radiante y refrescante.
•Pintura temple liso plástica en toda la vivienda.
•Video-portero automático. •Ascensor marca ORONA (Para 4 PERSONAS).
POSIBILIDAD DE “REALIZAR CAMBIOS” EN EL DISEÑO, MATERIALES O ACABADOS.
Ponemos también a su disposición un asesoramiento financiero totalmente gratuito, a través de nuestra empresa de intermediación financiera Kiron con la posibilidad de financiar hasta el 100% del importe de la vivienda.",0,0,1,1,1,1,1,1,1,1,"['https://cdn-media.medialabtc.it/es/agencies/md596/estates/592182/images/8370868/gallery_media.jpeg', 'https://cdn-media.medialabtc.it/es/agencies/md596/estates/592184/images/8325719/gallery_media.jpeg', 'https://cdn-media.medialabtc.it/es/agencies/md596/estates/592182/images/8370872/gallery_media.jpeg', 'https://cdn-media.medialabtc.it/es/agencies/md596/estates/592184/images/8325721/gallery_media.jpeg', 'https://cdn-media.medialabtc.it/es/agencies/md596/estates/592182/images/8370867/gallery_media.jpeg', 'https://cdn-media.medialabtc.it/es/agencies/md596/estates/592184/images/8325723/gallery_media.jpeg', 'https://cdn-media.medialabtc.it/es/agencies/md596/estates/592182/images/8370870/gallery_media.jpeg', 'https://cdn-media.medialabtc.it/es/agencies/md596/estates/592184/images/8325720/gallery_media.jpeg', 'https://cdn-media.medialabtc.it/es/agencies/md596/estates/592184/images/8325717/gallery_media.jpeg', 'https://cdn-media.medialabtc.it/es/agencies/md596/estates/592182/images/8370871/gallery_media.jpeg', 'https://cdn-media.medialabtc.it/es/agencies/md596/estates/592182/images/8370866/gallery_media.jpeg', 'https://cdn-media.medialabtc.it/es/agencies/md596/estates/592176/images/8689909/gallery_media.jpeg', 'https://cdn-media.medialabtc.it/es/agencies/md596/estates/592184/images/8325722/gallery_media.jpeg', 'https://cdn-media.medialabtc.it/es/agencies/md596/estates/592184/images/8325718/gallery_media.jpeg', 'https://cdn-media.medialabtc.it/es/agencies/md596/estates/592184/images/8325725/gallery_media.jpeg', 'https://cdn-media.medialabtc.it/es/agencies/md596/estates/592182/images/8370864/gallery_media.jpeg', 'https://cdn-media.medialabtc.it/es/agencies/md596/estates/592182/images/8370863/gallery_media.jpeg', 'https://cdn-media.medialabtc.it/es/agencies/md596/estates/592182/images/8370873/gallery_media.jpeg', 'https://cdn-media.medialabtc.it/es/agencies/md596/estates/592182/images/8370869/gallery_media.jpeg', 'https://cdn-media.medialabtc.it/es/agencies/md596/estates/592182/images/8370865/gallery_media.jpeg']",0,Desconocido,0,0,0,0,1,Desconocida,0,0,"['imagenes_tecnocasa\\anuncio_1559\\0.jpeg', 'imagenes_tecnocasa\\anuncio_1559\\1.jpeg', 'imagenes_tecnocasa\\anuncio_1559\\2.jpeg', 'imagenes_tecnocasa\\anuncio_1559\\3.jpeg', 'imagenes_tecnocasa\\anuncio_1559\\4.jpeg', 'imagenes_tecnocasa\\anuncio_1559\\5.jpeg', 'imagenes_tecnocasa\\anuncio_1559\\6.jpeg', 'imagenes_tecnocasa\\anuncio_1559\\7.jpeg', 'imagenes_tecnocasa\\anuncio_1559\\8.jpeg', 'imagenes_tecnocasa\\anuncio_1559\\9.jpeg', 'imagenes_tecnocasa\\anuncio_1559\\10.jpeg', 'imagenes_tecnocasa\\anuncio_1559\\11.jpeg', 'imagenes_tecnocasa\\anuncio_1559\\12.jpeg', 'imagenes_tecnocasa\\anuncio_1559\\13.jpeg', 'imagenes_tecnocasa\\anuncio_1559\\14.jpeg', 'imagenes_tecnocasa\\anuncio_1559\\15.jpeg', 'imagenes_tecnocasa\\anuncio_1559\\16.jpeg', 'imagenes_tecnocasa\\anuncio_1559\\17.jpeg', 'imagenes_tecnocasa\\anuncio_1559\\18.jpeg', 'imagenes_tecnocasa\\anuncio_1559\\19.jpeg']",0,Popular,2024,1,0,1,piso,1,Velilla de San Antonio,Velilla De San Antonio,40.367166,-3.4874435,1559,2822.5806451612902,131.0,103.0,0.0,0.0,1.0,0.0,parquet,pintura,otro,estándar (2.4-2.8m),nada,6.0,6.2,moderno,"['#FFFFFF', '#F5F5DC', '#808080']",buena,True,convencional,normal,ninguno,ninguno,estándar,parcialmente equipada,ninguno,4.8,5.8,ninguna,5
https://www.tecnocasa.es/venta/piso/madrid/velilla-de-san-antonio/592174.html,160500.0,1,52.0,1,"INMOBILIARIA TECNOCASA - ESTUDIO VELILLA - Vende Fantástica promoción de “OBRA NUEVA” en pleno centro de Velilla de San Antonio, de 10 exclusivas viviendas, de 1 y 2 habitaciones, la promoción cuenta con un diseñado moderno y con materiales de 1ª calidad.

•Suelo laminado tipo tarima flotante AC5 o solado porcelanico.
•Alicatado de cocina y baño con plaqueta cerámica.
•Carpinteria en aluminio gris antracita.
•Cristales tipo climalit.
•Aerotermia con suelo radiante y refrescante.
•Pintura temple liso plástica en toda la vivienda.
•Video-portero automático. •Ascensor marca ORONA (Para 4 PERSONAS).
POSIBILIDAD DE “REALIZAR CAMBIOS” EN EL DISEÑO, MATERIALES O ACABADOS.
Ponemos también a su disposición un asesoramiento financiero totalmente gratuito, a través de nuestra empresa de intermediación financiera Kiron con la posibilidad de financiar hasta el 100% del importe de la vivienda.",0,0,1,1,1,1,1,1,1,1,"['https://cdn-media.medialabtc.it/es/agencies/md596/estates/592182/images/8370868/gallery_media.jpeg', 'https://cdn-media.medialabtc.it/es/agencies/md596/estates/592182/images/8370869/gallery_media.jpeg', 'https://cdn-media.medialabtc.it/es/agencies/md596/estates/592182/images/8370864/gallery_media.jpeg', 'https://cdn-media.medialabtc.it/es/agencies/md596/estates/592182/images/8370863/gallery_media.jpeg', 'https://cdn-media.medialabtc.it/es/agencies/md596/estates/592184/images/8325717/gallery_media.jpeg', 'https://cdn-media.medialabtc.it/es/agencies/md596/estates/592184/images/8325719/gallery_media.jpeg', 'https://cdn-media.medialabtc.it/es/agencies/md596/estates/592182/images/8370872/gallery_media.jpeg', 'https://cdn-media.medialabtc.it/es/agencies/md596/estates/592182/images/8370871/gallery_media.jpeg', 'https://cdn-media.medialabtc.it/es/agencies/md596/estates/592184/images/8325721/gallery_media.jpeg', 'https://cdn-media.medialabtc.it/es/agencies/md596/estates/592182/images/8370867/gallery_media.jpeg', 'https://cdn-media.medialabtc.it/es/agencies/md596/estates/592182/images/8370866/gallery_media.jpeg', 'https://cdn-media.medialabtc.it/es/agencies/md596/estates/592184/images/8325723/gallery_media.jpeg', 'https://cdn-media.medialabtc.it/es/agencies/md596/estates/592182/images/8370873/gallery_media.jpeg', 'https://cdn-media.medialabtc.it/es/agencies/md596/estates/592182/images/8370870/gallery_media.jpeg', 'https://cdn-media.medialabtc.it/es/agencies/md596/estates/592174/images/8689908/gallery_media.jpeg', 'https://cdn-media.medialabtc.it/es/agencies/md596/estates/592182/images/8370865/gallery_media.jpeg', 'https://cdn-media.medialabtc.it/es/agencies/md596/estates/592184/images/8325720/gallery_media.jpeg', 'https://cdn-media.medialabtc.it/es/agencies/md596/estates/592184/images/8325725/gallery_media.jpeg']",0,Desconocido,0,0,0,0,1,Desconocida,0,0,"['imagenes_tecnocasa\\anuncio_1560\\0.jpeg', 'imagenes_tecnocasa\\anuncio_1560\\1.jpeg', 'imagenes_tecnocasa\\anuncio_1560\\2.jpeg', 'imagenes_tecnocasa\\anuncio_1560\\3.jpeg', 'imagenes_tecnocasa\\anuncio_1560\\4.jpeg', 'imagenes_tecnocasa\\anuncio_1560\\5.jpeg', 'imagenes_tecnocasa\\anuncio_1560\\6.jpeg', 'imagenes_tecnocasa\\anuncio_1560\\7.jpeg', 'imagenes_tecnocasa\\anuncio_1560\\8.jpeg', 'imagenes_tecnocasa\\anuncio_1560\\9.jpeg', 'imagenes_tecnocasa\\anuncio_1560\\10.jpeg', 'imagenes_tecnocasa\\anuncio_1560\\11.jpeg', 'imagenes_tecnocasa\\anuncio_1560\\12.jpeg', 'imagenes_tecnocasa\\anuncio_1560\\13.jpeg', 'imagenes_tecnocasa\\anuncio_1560\\14.jpeg', 'imagenes_tecnocasa\\anuncio_1560\\15.jpeg', 'imagenes_tecnocasa\\anuncio_1560\\16.jpeg', 'imagenes_tecnocasa\\anuncio_1560\\17.jpeg']",0,Popular,2024,1,0,1,piso,1,Velilla de San Antonio,Velilla De San Antonio,40.367166,-3.4874435,1560,3086.5384615384614,131.0,103.0,0.0,0.0,1.0,0.0,parquet,pintura,corredera,estándar (2.4-2.8m),nada,6.4,7.2,moderno,"['#F2E9E4', '#A08A76', '#FFFFFF']",buena,True,eficiente,normal,ninguno,ninguno,estándar,parcialmente equipada,ninguno,8.0,7.4,ninguna,5
https://www.tecnocasa.es/venta/piso/madrid/las-rozas-de-madrid/597683.html,330000.0,2,69.0,1,"Inmobiliaria en Las Rozas De Madrid - Tecnocasa Estudio Las Rozas Estacion Slu vende fabuloso inmueble de 2 dormitorios totalmente reformado y a estrenar en la zona del AUDITORIO de Las Rozas de Madrid, muy próximo al Carrefour Express del Montecillo.
La vivienda dispone de una amplia y diáfana zona de recibidor, salón-comedor y cocina americana con mucha iluminación, todo totalmente exterior, y con una terraza a la que se accede desde el salón. La casa cuenta con dos dormitorios, ambos con armarios empotrados, y un fabuloso baño interior con plato de ducha.
Todo el piso acaba de ser íntegramente reformado, por lo que el comprador podrá disfrutar de todas sus comodidades de primera mano, como si se tratara de una vivienda de obra nueva. Además, la casa se vende con una amplia plaza de garaje exterior.
Localizado en una ubicación privilegiada y estratégica, en plena zona del Auditorio y colindando con el inicio del Montecillo, el inmueble está perfectamente comunicado con las principales carreteras y vías de circunvalación (como la M-40, la A-6 o la Carretera de El Escorial); pero también dispone de múltiples paradas de transporte público (autobús y RENFE) en las cercanías; y de toda una amplia oferta de ocio, restauración y comercio en sus inmediaciones, entre los que se incluyen los centros comerciales más próximos (como el Carrefour Market de El Montecillo, el . El Burgo Centro, el . El Carralero, el . Heron City o el . Gran Plaza 2).
POSIBILIDAD DE FINANCIACION AL 100% CON NUESTRO DEPARTAMENTO FINANCIERO: KIRON.
No lo dudes y contáctanos para venir a visitarlo.",0,1,1,1,1,1,0,1,1,1,"['https://cdn-media.medialabtc.it/es/agencies/md591/estates/597683/images/8446239/gallery_media.jpeg', 'https://cdn-media.medialabtc.it/es/agencies/md591/estates/597683/images/8446244/gallery_media.jpeg', 'https://cdn-media.medialabtc.it/es/agencies/md591/estates/597683/images/8446243/gallery_media.jpeg', 'https://cdn-media.medialabtc.it/es/agencies/md591/estates/597683/images/8446242/gallery_media.jpeg', 'https://cdn-media.medialabtc.it/es/agencies/md591/estates/597683/images/8446245/gallery_media.jpeg', 'https://cdn-media.medialabtc.it/es/agencies/md591/estates/597683/images/8446238/gallery_media.jpeg', 'https://cdn-media.medialabtc.it/es/agencies/md591/estates/597683/images/8446248/gallery_media.jpeg', 'https://cdn-media.medialabtc.it/es/agencies/md591/estates/597683/images/8446252/gallery_media.jpeg', 'https://cdn-media.medialabtc.it/es/agencies/md591/estates/597683/images/8446257/gallery_media.jpeg', 'https://cdn-media.medialabtc.it/es/agencies/md591/estates/597683/images/8446233/gallery_media.jpeg', 'https://cdn-media.medialabtc.it/es/agencies/md591/estates/597683/images/8446250/gallery_media.jpeg', 'https://cdn-media.medialabtc.it/es/agencies/md591/estates/597683/images/8446258/gallery_media.jpeg', 'https://cdn-media.medialabtc.it/es/agencies/md591/estates/597683/images/8446235/gallery_media.jpeg', 'https://cdn-media.medialabtc.it/es/agencies/md591/estates/597683/images/8446254/gallery_media.jpeg', 'https://cdn-media.medialabtc.it/es/agencies/md591/estates/597683/images/8446256/gallery_media.jpeg', 'https://cdn-media.medialabtc.it/es/agencies/md591/estates/597683/images/8446230/gallery_media.jpeg', 'https://cdn-media.medialabtc.it/es/agencies/md591/estates/597683/images/8446234/gallery_media.jpeg', 'https://cdn-media.medialabtc.it/es/agencies/md591/estates/597683/images/8446246/gallery_media.jpeg', 'https://cdn-media.medialabtc.it/es/agencies/md591/estates/597683/images/8446240/gallery_media.jpeg', 'https://cdn-media.medialabtc.it/es/agencies/md591/estates/597683/images/8446253/gallery_media.jpeg', 'https://cdn-media.medialabtc.it/es/agencies/md591/estates/597683/images/8446251/gallery_media.jpeg', 'https://cdn-media.medialabtc.it/es/agencies/md591/estates/597683/images/8446229/gallery_media.jpeg', 'https://cdn-media.medialabtc.it/es/agencies/md591/estates/597683/images/8446249/gallery_media.jpeg', 'https://cdn-media.medialabtc.it/es/agencies/md591/estates/597683/images/8446231/gallery_media.jpeg', 'https://cdn-media.medialabtc.it/es/agencies/md591/estates/597683/images/8446255/gallery_media.jpeg', 'https://cdn-media.medialabtc.it/es/agencies/md591/estates/597683/images/8446232/gallery_media.jpeg', 'https://cdn-media.medialabtc.it/es/agencies/md591/estates/597683/images/8446236/gallery_media.jpeg', 'https://cdn-media.medialabtc.it/es/agencies/md591/estates/597683/images/8446247/gallery_media.jpeg', 'https://cdn-media.medialabtc.it/es/agencies/md591/estates/597683/images/8446237/gallery_media.jpeg', 'https://cdn-media.medialabtc.it/es/agencies/md591/estates/597683/images/8674557/gallery_media.jpeg']",0,Reformado,1,0,0,1,0,E,0,0,"['imagenes_tecnocasa\\anuncio_1569\\0.jpeg', 'imagenes_tecnocasa\\anuncio_1569\\1.jpeg', 'imagenes_tecnocasa\\anuncio_1569\\2.jpeg', 'imagenes_tecnocasa\\anuncio_1569\\3.jpeg', 'imagenes_tecnocasa\\anuncio_1569\\4.jpeg', 'imagenes_tecnocasa\\anuncio_1569\\5.jpeg', 'imagenes_tecnocasa\\anuncio_1569\\6.jpeg', 'imagenes_tecnocasa\\anuncio_1569\\7.jpeg', 'imagenes_tecnocasa\\anuncio_1569\\8.jpeg', 'imagenes_tecnocasa\\anuncio_1569\\9.jpeg', 'imagenes_tecnocasa\\anuncio_1569\\10.jpeg', 'imagenes_tecnocasa\\anuncio_1569\\11.jpeg', 'imagenes_tecnocasa\\anuncio_1569\\12.jpeg', 'imagenes_tecnocasa\\anuncio_1569\\13.jpeg', 'imagenes_tecnocasa\\anuncio_1569\\14.jpeg', 'imagenes_tecnocasa\\anuncio_1569\\15.jpeg', 'imagenes_tecnocasa\\anuncio_1569\\16.jpeg', 'imagenes_tecnocasa\\anuncio_1569\\17.jpeg', 'imagenes_tecnocasa\\anuncio_1569\\18.jpeg', 'imagenes_tecnocasa\\anuncio_1569\\19.jpeg', 'imagenes_tecnocasa\\anuncio_1569\\20.jpeg', 'imagenes_tecnocasa\\anuncio_1569\\21.jpeg', 'imagenes_tecnocasa\\anuncio_1569\\22.jpeg', 'imagenes_tecnocasa\\anuncio_1569\\23.jpeg', 'imagenes_tecnocasa\\anuncio_1569\\24.jpeg', 'imagenes_tecnocasa\\anuncio_1569\\25.jpeg', 'imagenes_tecnocasa\\anuncio_1569\\26.jpeg', 'imagenes_tecnocasa\\anuncio_1569\\27.jpeg', 'imagenes_tecnocasa\\anuncio_1569\\28.jpeg', 'imagenes_tecnocasa\\anuncio_1569\\29.jpeg']",0,Media,2002,1,0,0,piso,2,Las Rozas De Madrid,Las Rozas De Madrid,40.4933095,-3.8758396,1569,4782.608695652174,264.0,164.0,0.0,0.0,1.0,0.0,cerámica,pintura,corredera,estándar (2.4-2.8m),nada,5.6,6.2,moderno,"['#A0A0A0', '#696969', '#D3D3D3']",buena,True,convencional,limitado,ninguno,ninguno,estándar,básica,ninguno,8.2,7.2,ninguna,5
https://www.tecnocasa.es/venta/piso/madrid/las-rozas-de-madrid/597679.html,330000.0,2,69.0,1,"Inmobiliaria en Las Rozas De Madrid - Tecnocasa Estudio Las Rozas Estacion Slu vende fabuloso inmueble de 2 dormitorios totalmente reformado y a estrenar en la zona del AUDITORIO de Las Rozas de Madrid, muy próximo al Carrefour Express del Montecillo.
La vivienda dispone de una amplia y diáfana zona de recibidor, salón-comedor y cocina americana con mucha iluminación, todo totalmente exterior, y con una terraza a la que se accede desde el dormitorio principal. La casa cuenta con dos dormitorios, ambos con armarios empotrados, y un fabuloso baño interior con plato de ducha.
Todo el piso acaba de ser íntegramente reformado, por lo que el comprador podrá disfrutar de todas sus comodidades de primera mano, como si se tratara de una vivienda de obra nueva. Además, la casa se vende con una amplia plaza de garaje exterior.
Localizado en una ubicación privilegiada y estratégica, en plena zona del Auditorio y colindando con el inicio del Montecillo, el inmueble está perfectamente comunicado con las principales carreteras y vías de circunvalación (como la M-40, la A-6 o la Carretera de El Escorial); pero también dispone de múltiples paradas de transporte público (autobús y RENFE) en las cercanías; y de toda una amplia oferta de ocio, restauración y comercio en sus inmediaciones, entre los que se incluyen los centros comerciales más próximos (como el Carrefour Market de El Montecillo, el . El Burgo Centro, el . El Carralero, el . Heron City o el . Gran Plaza 2).
POSIBILIDAD DE FINANCIACION AL 100% CON NUESTRO DEPARTAMENTO FINANCIERO: KIRON.
No lo dudes y contáctanos para venir a visitarlo.",0,1,1,1,1,1,0,1,1,1,"['https://cdn-media.medialabtc.it/es/agencies/md591/estates/597679/images/8446198/gallery_media.jpeg', 'https://cdn-media.medialabtc.it/es/agencies/md591/estates/597679/images/8446184/gallery_media.jpeg', 'https://cdn-media.medialabtc.it/es/agencies/md591/estates/597679/images/8446181/gallery_media.jpeg', 'https://cdn-media.medialabtc.it/es/agencies/md591/estates/597679/images/8446188/gallery_media.jpeg', 'https://cdn-media.medialabtc.it/es/agencies/md591/estates/597679/images/8446146/gallery_media.jpeg', 'https://cdn-media.medialabtc.it/es/agencies/md591/estates/597679/images/8446192/gallery_media.jpeg', 'https://cdn-media.medialabtc.it/es/agencies/md591/estates/597679/images/8446200/gallery_media.jpeg', 'https://cdn-media.medialabtc.it/es/agencies/md591/estates/597679/images/8446182/gallery_media.jpeg', 'https://cdn-media.medialabtc.it/es/agencies/md591/estates/597679/images/8446195/gallery_media.jpeg', 'https://cdn-media.medialabtc.it/es/agencies/md591/estates/597679/images/8446202/gallery_media.jpeg', 'https://cdn-media.medialabtc.it/es/agencies/md591/estates/597679/images/8446143/gallery_media.jpeg', 'https://cdn-media.medialabtc.it/es/agencies/md591/estates/597679/images/8446144/gallery_media.jpeg', 'https://cdn-media.medialabtc.it/es/agencies/md591/estates/597679/images/8446193/gallery_media.jpeg', 'https://cdn-media.medialabtc.it/es/agencies/md591/estates/597679/images/8446197/gallery_media.jpeg', 'https://cdn-media.medialabtc.it/es/agencies/md591/estates/597679/images/8446189/gallery_media.jpeg', 'https://cdn-media.medialabtc.it/es/agencies/md591/estates/597679/images/8446145/gallery_media.jpeg', 'https://cdn-media.medialabtc.it/es/agencies/md591/estates/597679/images/8446142/gallery_media.jpeg', 'https://cdn-media.medialabtc.it/es/agencies/md591/estates/597679/images/8446190/gallery_media.jpeg', 'https://cdn-media.medialabtc.it/es/agencies/md591/estates/597679/images/8446148/gallery_media.jpeg', 'https://cdn-media.medialabtc.it/es/agencies/md591/estates/597679/images/8446203/gallery_media.jpeg', 'https://cdn-media.medialabtc.it/es/agencies/md591/estates/597679/images/8446187/gallery_media.jpeg', 'https://cdn-media.medialabtc.it/es/agencies/md591/estates/597679/images/8446186/gallery_media.jpeg', 'https://cdn-media.medialabtc.it/es/agencies/md591/estates/597679/images/8446191/gallery_media.jpeg', 'https://cdn-media.medialabtc.it/es/agencies/md591/estates/597679/images/8446147/gallery_media.jpeg', 'https://cdn-media.medialabtc.it/es/agencies/md591/estates/597679/images/8446201/gallery_media.jpeg', 'https://cdn-media.medialabtc.it/es/agencies/md591/estates/597679/images/8674505/gallery_media.jpeg', 'https://cdn-media.medialabtc.it/es/agencies/md591/estates/597679/images/8446194/gallery_media.jpeg', 'https://cdn-media.medialabtc.it/es/agencies/md591/estates/597679/images/8446183/gallery_media.jpeg', 'https://cdn-media.medialabtc.it/es/agencies/md591/estates/597679/images/8446185/gallery_media.jpeg', 'https://cdn-media.medialabtc.it/es/agencies/md591/estates/597679/images/8446199/gallery_media.jpeg']",0,Reformado,1,0,0,1,0,E,0,0,"['imagenes_tecnocasa\\anuncio_1570\\0.jpeg', 'imagenes_tecnocasa\\anuncio_1570\\1.jpeg', 'imagenes_tecnocasa\\anuncio_1570\\2.jpeg', 'imagenes_tecnocasa\\anuncio_1570\\3.jpeg', 'imagenes_tecnocasa\\anuncio_1570\\4.jpeg', 'imagenes_tecnocasa\\anuncio_1570\\5.jpeg', 'imagenes_tecnocasa\\anuncio_1570\\6.jpeg', 'imagenes_tecnocasa\\anuncio_1570\\7.jpeg', 'imagenes_tecnocasa\\anuncio_1570\\8.jpeg', 'imagenes_tecnocasa\\anuncio_1570\\9.jpeg', 'imagenes_tecnocasa\\anuncio_1570\\10.jpeg', 'imagenes_tecnocasa\\anuncio_1570\\11.jpeg', 'imagenes_tecnocasa\\anuncio_1570\\12.jpeg', 'imagenes_tecnocasa\\anuncio_1570\\13.jpeg', 'imagenes_tecnocasa\\anuncio_1570\\14.jpeg', 'imagenes_tecnocasa\\anuncio_1570\\15.jpeg', 'imagenes_tecnocasa\\anuncio_1570\\16.jpeg', 'imagenes_tecnocasa\\anuncio_1570\\17.jpeg', 'imagenes_tecnocasa\\anuncio_1570\\18.jpeg', 'imagenes_tecnocasa\\anuncio_1570\\19.jpeg', 'imagenes_tecnocasa\\anuncio_1570\\20.jpeg', 'imagenes_tecnocasa\\anuncio_1570\\21.jpeg', 'imagenes_tecnocasa\\anuncio_1570\\22.jpeg', 'imagenes_tecnocasa\\anuncio_1570\\23.jpeg', 'imagenes_tecnocasa\\anuncio_1570\\24.jpeg', 'imagenes_tecnocasa\\anuncio_1570\\25.jpeg', 'imagenes_tecnocasa\\anuncio_1570\\26.jpeg', 'imagenes_tecnocasa\\anuncio_1570\\27.jpeg', 'imagenes_tecnocasa\\anuncio_1570\\28.jpeg', 'imagenes_tecnocasa\\anuncio_1570\\29.jpeg']",0,Media,2002,1,0,0,piso,2,Las Rozas De Madrid,Las Rozas De Madrid,40.4933095,-3.8758396,1570,4782.608695652174,265.0,165.0,0.0,0.0,1.0,0.0,parquet,pintura,corredera,estándar (2.4-2.8m),nada,5.6,6.6,moderno,"['#F2F2F2', '#FFFFFF', '#A0A0A0']",buena,True,convencional,normal,ninguno,ninguno,estándar,básica,ninguno,8.2,7.0,ninguna,5
https://www.tecnocasa.es/venta/piso/madrid/madrid/602078.html,1499000.0,3,151.0,4,"'Agencia inmobiliaria de MADRID - zona SALAMANCA - ESTUDIO GUINDALERA - FRANCISCO SILVELA - DIEGO DE LEÓN

Oficina Tecnocasa vende en exclusiva:

La vivienda se sitúa en la sexta planta en esquina de un edificio señorial de época construido en el 1948, en la calle Maldonado, muy cerca de la arteria principal del barrio de Salamanca como es la calle Ortega y gasset o Serrano, al lado del hospital de la 'princesa' y de la avenida francisco Silvela. En una de las zonas más cotizadas de Madrid, es una oportunidad ideal para aquellos que buscan una zona tranquila donde vivir en un piso muy agradable, con altas calidades y con todas las comodidades.

Con techos altos que añaden un toque de carácter y luminosidad, la vivienda consta de hall recibidor, un amplio salón con vinoteca y grandes ventanales, una cocina independiente con desayunador y totalmente equipada, tres dormitorios de buen tamaño con armarios y baños en suite en todos. Un aseo de cortesía para las visitas y una zona de office con 2 entradas a la vivienda.
La calefacción de la vivienda es individual con radiadores de diseño, dispone de aire acondicionado.


La ubicación de esta propiedad sigue siendo su punto fuerte. Está en una de las mejores zonas de Madrid, con acceso a tiendas exclusivas, restaurantes y una amplia gama de servicios. Además, la excelente conectividad con el transporte público facilita el desplazamiento por toda la ciudad.

Los suelos de la vivienda son de madera, las ventanas de climalit con domótica, la puerta blindada y todos los dormitorios actualizados con conectividad de Alexa y televisores con smart TV.
En resumen, este piso en la calle Maldonado es una excelente oportunidad para aquellos dispuestos a comenzar una nueva vida en el barrio de Salamanca. Con su ubicación inmejorable y su potencial, ofrece la posibilidad de tener un hogar en una de las zonas más prestigiosas de Madrid.

La finca dispone de ascensor, zonas comunes en muy buen estado de conservación y portero físico.

Disponemos de nuestro departamento financiero Kíron de consulta gratuita para nuestros clientes.",1,1,1,1,1,1,1,1,1,1,"['https://cdn-media.medialabtc.it/es/agencies/mdasa/estates/602078/images/8549991/gallery_media.jpeg', 'https://cdn-media.medialabtc.it/es/agencies/mdasa/estates/602078/images/8550024/gallery_media.jpeg', 'https://cdn-media.medialabtc.it/es/agencies/mdasa/estates/602078/images/8550031/gallery_media.jpeg', 'https://cdn-media.medialabtc.it/es/agencies/mdasa/estates/602078/images/8549989/gallery_media.jpeg', 'https://cdn-media.medialabtc.it/es/agencies/mdasa/estates/602078/images/8549992/gallery_media.jpeg', 'https://cdn-media.medialabtc.it/es/agencies/mdasa/estates/602078/images/8550013/gallery_media.jpeg', 'https://cdn-media.medialabtc.it/es/agencies/mdasa/estates/602078/images/8550017/gallery_media.jpeg', 'https://cdn-media.medialabtc.it/es/agencies/mdasa/estates/602078/images/8550023/gallery_media.jpeg', 'https://cdn-media.medialabtc.it/es/agencies/mdasa/estates/602078/images/8550020/gallery_media.jpeg', 'https://cdn-media.medialabtc.it/es/agencies/mdasa/estates/602078/images/8550015/gallery_media.jpeg', 'https://cdn-media.medialabtc.it/es/agencies/mdasa/estates/602078/images/8550019/gallery_media.jpeg', 'https://cdn-media.medialabtc.it/es/agencies/mdasa/estates/602078/images/8550022/gallery_media.jpeg', 'https://cdn-media.medialabtc.it/es/agencies/mdasa/estates/602078/images/8550018/gallery_media.jpeg', 'https://cdn-media.medialabtc.it/es/agencies/mdasa/estates/602078/images/8550034/gallery_media.jpeg', 'https://cdn-media.medialabtc.it/es/agencies/mdasa/estates/602078/images/8549990/gallery_media.jpeg', 'https://cdn-media.medialabtc.it/es/agencies/mdasa/estates/602078/images/8550028/gallery_media.jpeg', 'https://cdn-media.medialabtc.it/es/agencies/mdasa/estates/602078/images/8550033/gallery_media.jpeg', 'https://cdn-media.medialabtc.it/es/agencies/mdasa/estates/602078/images/8550016/gallery_media.jpeg', 'https://cdn-media.medialabtc.it/es/agencies/mdasa/estates/602078/images/8550021/gallery_media.jpeg', 'https://cdn-media.medialabtc.it/es/agencies/mdasa/estates/602078/images/8550032/gallery_media.jpeg', 'https://cdn-media.medialabtc.it/es/agencies/mdasa/estates/602078/images/8549988/gallery_media.jpeg', 'https://cdn-media.medialabtc.it/es/agencies/mdasa/estates/602078/images/8550027/gallery_media.jpeg', 'https://cdn-media.medialabtc.it/es/agencies/mdasa/estates/602078/images/8550026/gallery_media.jpeg', 'https://cdn-media.medialabtc.it/es/agencies/mdasa/estates/602078/images/8550014/gallery_media.jpeg', 'https://cdn-media.medialabtc.it/es/agencies/mdasa/estates/602078/images/8550025/gallery_media.jpeg', 'https://cdn-media.medialabtc.it/es/agencies/mdasa/estates/602078/images/8550029/gallery_media.jpeg', 'https://cdn-media.medialabtc.it/es/agencies/mdasa/estates/602078/images/8550030/gallery_media.jpeg']",0,Desconocido,0,0,0,0,1,C,0,1,"['imagenes_tecnocasa\\anuncio_1571\\0.jpeg', 'imagenes_tecnocasa\\anuncio_1571\\1.jpeg', 'imagenes_tecnocasa\\anuncio_1571\\2.jpeg', 'imagenes_tecnocasa\\anuncio_1571\\3.jpeg', 'imagenes_tecnocasa\\anuncio_1571\\4.jpeg', 'imagenes_tecnocasa\\anuncio_1571\\5.jpeg', 'imagenes_tecnocasa\\anuncio_1571\\6.jpeg', 'imagenes_tecnocasa\\anuncio_1571\\7.jpeg', 'imagenes_tecnocasa\\anuncio_1571\\8.jpeg', 'imagenes_tecnocasa\\anuncio_1571\\9.jpeg', 'imagenes_tecnocasa\\anuncio_1571\\10.jpeg', 'imagenes_tecnocasa\\anuncio_1571\\11.jpeg', 'imagenes_tecnocasa\\anuncio_1571\\12.jpeg', 'imagenes_tecnocasa\\anuncio_1571\\13.jpeg', 'imagenes_tecnocasa\\anuncio_1571\\14.jpeg', 'imagenes_tecnocasa\\anuncio_1571\\15.jpeg', 'imagenes_tecnocasa\\anuncio_1571\\16.jpeg', 'imagenes_tecnocasa\\anuncio_1571\\17.jpeg', 'imagenes_tecnocasa\\anuncio_1571\\18.jpeg', 'imagenes_tecnocasa\\anuncio_1571\\19.jpeg', 'imagenes_tecnocasa\\anuncio_1571\\20.jpeg', 'imagenes_tecnocasa\\anuncio_1571\\21.jpeg', 'imagenes_tecnocasa\\anuncio_1571\\22.jpeg', 'imagenes_tecnocasa\\anuncio_1571\\23.jpeg', 'imagenes_tecnocasa\\anuncio_1571\\24.jpeg', 'imagenes_tecnocasa\\anuncio_1571\\25.jpeg', 'imagenes_tecnocasa\\anuncio_1571\\26.jpeg']",1,Señorial,1948,0,0,0,piso,3,Lista,"Lista, Madrid",40.4326938,-3.6745087,1571,9927.152317880795,345.0,199.0,0.37142857142857144,0.6809523809523809,1.0,1.0,parquet,pintura,fija,estándar (2.4-2.8m),nada,6.6,6.6,moderno,"['#F2F2F2', '#FFFFFF', '#E0E0E0']",buena,True,eficiente,normal,ninguno,ninguno,estándar,básica,ninguno,8.0,7.4,ninguna,5
https://www.tecnocasa.es/venta/piso/madrid/las-rozas-de-madrid/592290.html,378000.0,2,144.0,1,"Inmobiliaria en Las Rozas De Madrid - Tecnocasa Estudio Las Rozas Estacion Slu vende fabulosa vivienda de dos habitaciones y un cuarto de baño con dos plazas de garaje y un trastero en exclusiva zona de Las Rozas de Madrid: La Marazuela. En urbanización con dos piscinas, dos parques infantiles, zonas verdes, mantenimiento y box de recogida de pedidos dentro de la propia urbanización.
La vivienda es una segunda planta, sin más viviendas por encima de ella. Se distribuye en un recibidor-distribuidor con mucho espacio para desahogo y que da acceso directo a un amplio y luminoso salón. La casa dispone de una fabulosa y espaciosa cocina distribuida en pasillo y una encimera, con su propia terraza/tendedero donde se encuentra la zona de lavandería del inmueble. El inmueble dispone de dos amplios dormitorios, uno de ellos con armario empotrado de puertas correderas, totalmente exteriores; y de un cuarto de baño completo con bañera y bidé, además de una ventana de gran dimensión, que permite tanto la ventilación como la iluminación totalmente naturales.
El piso cuenta con calefacción individual por gas natural, a través de radiadores repartidos por toda la vivienda; así como con dobles ventanas en el salón y en los dos dormitorios. La casa se vende con dos amplias plazas de garaje, ambas juntas y entre sus propias columnas; así como con un gran y espacioso trastero. Los gastos de comunidad son muy cómodos, de 100 euros al mes, y el IBI está en 380 euros anuales.
La casa se encuentra en una fabulosa urbanización con todos los servicios y comodidades que ofrece la ubicación exclusiva en la que se encuentra: dos piscinas comunitarias (una para adultos y otra para niños) en un espacio de piscina con césped natural, sombrillas y vestuarios; una amplia zona recreativa infantil, con dos espacios de parque diferenciados y con gran variedad de juegos; además la urbanización dispone de servicio de mantenimiento y de dos box de recogida de pedidos (Amazon y Citibox) dentro de la propia urbanización.
Ubicada en la zona más exclusiva y en mayor crecimiento actual de Las Rozas, el piso dispone de una amplia variedad de servicios en sus proximidades: perfecta comunicación por coche al estar muy próxima a la A-6, pero también a otras de las principales vías de comunicación interurbanas (como la M-40 o la Carretera del Escorial); dispone de dos líneas de autobús propias, la 624 (que nace en la propia Marazuela y va hasta Moncloa) y la línea 628; pero también se encuentra muy próxima de la estación RENFE de Las Rozas. Además, su privilegiada ubicación la situa a pocos minutos de una amplia oferta cultural (como el . Heron City), gastronómica y de comercios (como el . Las Rozas Village, el . Burgo Centro, el . Gran Plaza 2 o el Costco de Las Rozas).
POSIBILIDAD DE FINANCIACION HASTA EL 100% CON NUESTRO DEPARTAMENTO FINANCIERO: KIRON.
¡No lo dudes y contáctanos para venir a verlo!",0,1,1,1,1,1,0,1,1,1,"['https://cdn-media.medialabtc.it/es/agencies/md591/estates/592290/images/8412166/gallery_media.jpeg', 'https://cdn-media.medialabtc.it/es/agencies/md591/estates/592290/images/8412178/gallery_media.jpeg', 'https://cdn-media.medialabtc.it/es/agencies/md591/estates/592290/images/8412188/gallery_media.jpeg', 'https://cdn-media.medialabtc.it/es/agencies/md591/estates/592290/images/8412172/gallery_media.jpeg', 'https://cdn-media.medialabtc.it/es/agencies/md591/estates/592290/images/8412175/gallery_media.jpeg', 'https://cdn-media.medialabtc.it/es/agencies/md591/estates/592290/images/8412170/gallery_media.jpeg', 'https://cdn-media.medialabtc.it/es/agencies/md591/estates/592290/images/8412168/gallery_media.jpeg', 'https://cdn-media.medialabtc.it/es/agencies/md591/estates/592290/images/8412182/gallery_media.jpeg', 'https://cdn-media.medialabtc.it/es/agencies/md591/estates/592290/images/8412171/gallery_media.jpeg', 'https://cdn-media.medialabtc.it/es/agencies/md591/estates/592290/images/8412187/gallery_media.jpeg', 'https://cdn-media.medialabtc.it/es/agencies/md591/estates/592290/images/8412183/gallery_media.jpeg', 'https://cdn-media.medialabtc.it/es/agencies/md591/estates/592290/images/8412176/gallery_media.jpeg', 'https://cdn-media.medialabtc.it/es/agencies/md591/estates/592290/images/8412177/gallery_media.jpeg', 'https://cdn-media.medialabtc.it/es/agencies/md591/estates/592290/images/8412164/gallery_media.jpeg', 'https://cdn-media.medialabtc.it/es/agencies/md591/estates/592290/images/8412167/gallery_media.jpeg', 'https://cdn-media.medialabtc.it/es/agencies/md591/estates/592290/images/8412179/gallery_media.jpeg', 'https://cdn-media.medialabtc.it/es/agencies/md591/estates/592290/images/8412173/gallery_media.jpeg', 'https://cdn-media.medialabtc.it/es/agencies/md591/estates/592290/images/8412185/gallery_media.jpeg', 'https://cdn-media.medialabtc.it/es/agencies/md591/estates/592290/images/8412186/gallery_media.jpeg', 'https://cdn-media.medialabtc.it/es/agencies/md591/estates/592290/images/8670740/gallery_media.jpeg', 'https://cdn-media.medialabtc.it/es/agencies/md591/estates/592290/images/8412165/gallery_media.jpeg', 'https://cdn-media.medialabtc.it/es/agencies/md591/estates/592290/images/8412180/gallery_media.jpeg', 'https://cdn-media.medialabtc.it/es/agencies/md591/estates/592290/images/8412041/gallery_media.jpeg', 'https://cdn-media.medialabtc.it/es/agencies/md591/estates/592290/images/8412181/gallery_media.jpeg', 'https://cdn-media.medialabtc.it/es/agencies/md591/estates/592290/images/8412189/gallery_media.jpeg', 'https://cdn-media.medialabtc.it/es/agencies/md591/estates/592290/images/8412042/gallery_media.jpeg', 'https://cdn-media.medialabtc.it/es/agencies/md591/estates/592290/images/8412169/gallery_media.jpeg', 'https://cdn-media.medialabtc.it/es/agencies/md591/estates/592290/images/8412184/gallery_media.jpeg']",0,Desconocido,1,1,1,1,0,E,0,0,"['imagenes_tecnocasa\\anuncio_1573\\0.jpeg', 'imagenes_tecnocasa\\anuncio_1573\\1.jpeg', 'imagenes_tecnocasa\\anuncio_1573\\2.jpeg', 'imagenes_tecnocasa\\anuncio_1573\\3.jpeg', 'imagenes_tecnocasa\\anuncio_1573\\4.jpeg', 'imagenes_tecnocasa\\anuncio_1573\\5.jpeg', 'imagenes_tecnocasa\\anuncio_1573\\6.jpeg', 'imagenes_tecnocasa\\anuncio_1573\\7.jpeg', 'imagenes_tecnocasa\\anuncio_1573\\8.jpeg', 'imagenes_tecnocasa\\anuncio_1573\\9.jpeg', 'imagenes_tecnocasa\\anuncio_1573\\10.jpeg', 'imagenes_tecnocasa\\anuncio_1573\\11.jpeg', 'imagenes_tecnocasa\\anuncio_1573\\12.jpeg', 'imagenes_tecnocasa\\anuncio_1573\\13.jpeg', 'imagenes_tecnocasa\\anuncio_1573\\14.jpeg', 'imagenes_tecnocasa\\anuncio_1573\\15.jpeg', 'imagenes_tecnocasa\\anuncio_1573\\16.jpeg', 'imagenes_tecnocasa\\anuncio_1573\\17.jpeg', 'imagenes_tecnocasa\\anuncio_1573\\18.jpeg', 'imagenes_tecnocasa\\anuncio_1573\\19.jpeg', 'imagenes_tecnocasa\\anuncio_1573\\20.jpeg', 'imagenes_tecnocasa\\anuncio_1573\\21.jpeg', 'imagenes_tecnocasa\\anuncio_1573\\22.jpeg', 'imagenes_tecnocasa\\anuncio_1573\\23.jpeg', 'imagenes_tecnocasa\\anuncio_1573\\24.jpeg', 'imagenes_tecnocasa\\anuncio_1573\\25.jpeg', 'imagenes_tecnocasa\\anuncio_1573\\26.jpeg', 'imagenes_tecnocasa\\anuncio_1573\\27.jpeg']",0,Media,2012,1,0,1,piso,2,Las Rozas De Madrid,Las Rozas De Madrid,40.4933095,-3.8758396,1573,2625.0,490.0,255.0,0.065,0.2800000000000001,2.0,0.0,otro,pintura,corredera,estándar (2.4-2.8m),nada,4.2,5.0,moderno,"['#FFFFFF', '#EEEEEE', '#999999']",buena,False,convencional,normal,ninguno,ninguno,estándar,básica,ninguno,7.8,6.8,ninguna,5
