Enlace,Precio,Dormitorios,Superficie,Num_baños,Descripción,Metro,Renfe,Bus,Farmacia,Bar,Restaurante,Hospital,Supermercado,Tienda,Colegio,Imagenes,Vistas,Estado_conservacion,Garaje,Trastero,Piscina,Terraza_balcon,Seguridad_portero,Etiqueta,Amueblado,Calle_tranquila,Imagenes_locales,Aire acondicionado,Tipo_de_inmueble,Año_de_construccion,Calefaccion,Jardin,Ascensor,Tipo_vivienda,Planta_ordinal,distrito/ciudad,Localización_normalizada,Latitud,Longitud,announcement_id,Precio_m2,Longitud_desc,Riqueza_desc,Polaridad_desc,Subjetividad_desc,Adjetivos_positivos,Urgencia_desc,tipo_suelo,material_pared,tipo_ventana,altura_techo,elementos_estructurales_visibles,nivel_lujo,nivel_modernidad,estilo_principal,paleta_colores,calidad_iluminacion,espacio_abierto,distribucion_espacios,espacios_almacenaje,zonas_exteriores,tecnologia_visible,calidad_bano,equipamiento_cocina,defectos_visibles,nivel_foto_profesional,equilibrio_composicion,distorsion_perspectiva,num_imagenes
https://www.tecnocasa.es/venta/piso/madrid/madrid/596416.html,185000.0,2,59.0,1,"Tecnocasa San Fermín Vende En Exclusiva este piso completamente reformado con terraza.

La vivienda consta de 59 metros cuadrados según catastro (57 de vivienda y 2 de elementos comunes).

Cuenta con salón con acceso a terraza, baño reformado con plato de ducha y ventana para evitar las humedades, cocina reformada. También cuenta con 2 dormitorios; una habitación matrimonial con armario hecho a medida de madera, habitación individual. Suelos de parquet sin rayones y cepillado hace poco.

Para la época de calor tenemos aire acondicionado y para la epoca de frío la vivienda cuenta con calefacción por radiadores. La caldera es de marca Junkers.

La reforma es integral incluida la fontanería y la electricidad.

Actualmente el bloque no cuenta con ascensor, pero se está pagango una derrama de 50 euros para su proxima instalación.

El costo de la comunidad son de 50 euros con el agua incluida.

El piso se encuentra en la parte céntrica de San Fermin, está a 6 minutos caminando del metro 12 de octrubre y a 3 minutos del parque Manzanares.

Cercano al Metro San Fermin-Orcasur y Metro del 12 de Octubre (Linea 3) y Cercanías ( 12 de Octubre) SALIDAS DIRECTAS A ( M-30, M-40 y A-4 ). AUTOBUSES (LINEAS 22, 23, 59 N12, N13, N14). Cercano a todo tipo de servicios: colegios, farmacia, mercados (Mercadona, Lidl, día), bancos (Caixa, Santander), guarderías, etc.

Inmobiliaria en Usera, San Fermín Madrid - Tecnocasa Estudio Inmobiliario San Fermin SL.",1,1,1,1,1,1,1,1,1,1,"['https://cdn-media.medialabtc.it/es/agencies/md008/estates/596416/images/8421419/gallery_media.jpeg', 'https://cdn-media.medialabtc.it/es/agencies/md008/estates/596416/images/8421424/gallery_media.jpeg', 'https://cdn-media.medialabtc.it/es/agencies/md008/estates/596416/images/8421414/gallery_media.jpeg', 'https://cdn-media.medialabtc.it/es/agencies/md008/estates/596416/images/8421411/gallery_media.jpeg', 'https://cdn-media.medialabtc.it/es/agencies/md008/estates/596416/images/8421406/gallery_media.jpeg', 'https://cdn-media.medialabtc.it/es/agencies/md008/estates/596416/images/8421408/gallery_media.jpeg', 'https://cdn-media.medialabtc.it/es/agencies/md008/estates/596416/images/8421405/gallery_media.jpeg', 'https://cdn-media.medialabtc.it/es/agencies/md008/estates/596416/images/8421420/gallery_media.jpeg', 'https://cdn-media.medialabtc.it/es/agencies/md008/estates/596416/images/8421410/gallery_media.jpeg', 'https://cdn-media.medialabtc.it/es/agencies/md008/estates/596416/images/8421412/gallery_media.jpeg', 'https://cdn-media.medialabtc.it/es/agencies/md008/estates/596416/images/8421417/gallery_media.jpeg', 'https://cdn-media.medialabtc.it/es/agencies/md008/estates/596416/images/8421413/gallery_media.jpeg', 'https://cdn-media.medialabtc.it/es/agencies/md008/estates/596416/images/8421421/gallery_media.jpeg', 'https://cdn-media.medialabtc.it/es/agencies/md008/estates/596416/images/8421409/gallery_media.jpeg', 'https://cdn-media.medialabtc.it/es/agencies/md008/estates/596416/images/8421416/gallery_media.jpeg', 'https://cdn-media.medialabtc.it/es/agencies/md008/estates/596416/images/8421407/gallery_media.jpeg', 'https://cdn-media.medialabtc.it/es/agencies/md008/estates/596416/images/8421423/gallery_media.jpeg', 'https://cdn-media.medialabtc.it/es/agencies/md008/estates/596416/images/8421404/gallery_media.jpeg', 'https://cdn-media.medialabtc.it/es/agencies/md008/estates/596416/images/8421415/gallery_media.jpeg', 'https://cdn-media.medialabtc.it/es/agencies/md008/estates/596416/images/8421418/gallery_media.jpeg', 'https://cdn-media.medialabtc.it/es/agencies/md008/estates/596416/images/8421422/gallery_media.jpeg']",0,Reformado,0,0,0,1,0,Desconocida,0,0,"['imagenes_tecnocasa\\anuncio_136\\0.jpeg', 'imagenes_tecnocasa\\anuncio_136\\1.jpeg', 'imagenes_tecnocasa\\anuncio_136\\2.jpeg', 'imagenes_tecnocasa\\anuncio_136\\3.jpeg', 'imagenes_tecnocasa\\anuncio_136\\4.jpeg', 'imagenes_tecnocasa\\anuncio_136\\5.jpeg', 'imagenes_tecnocasa\\anuncio_136\\6.jpeg', 'imagenes_tecnocasa\\anuncio_136\\7.jpeg', 'imagenes_tecnocasa\\anuncio_136\\8.jpeg', 'imagenes_tecnocasa\\anuncio_136\\9.jpeg', 'imagenes_tecnocasa\\anuncio_136\\10.jpeg', 'imagenes_tecnocasa\\anuncio_136\\11.jpeg', 'imagenes_tecnocasa\\anuncio_136\\12.jpeg', 'imagenes_tecnocasa\\anuncio_136\\13.jpeg', 'imagenes_tecnocasa\\anuncio_136\\14.jpeg', 'imagenes_tecnocasa\\anuncio_136\\15.jpeg', 'imagenes_tecnocasa\\anuncio_136\\16.jpeg', 'imagenes_tecnocasa\\anuncio_136\\17.jpeg', 'imagenes_tecnocasa\\anuncio_136\\18.jpeg', 'imagenes_tecnocasa\\anuncio_136\\19.jpeg', 'imagenes_tecnocasa\\anuncio_136\\20.jpeg']",1,Popular,1968,1,0,0,piso,1,Madrid,"Orcasitas - San Fermin, Madrid",40.4167047,-3.7035825,136,3135.593220338983,240.0,162.0,0.0,0.4,1.0,0.0,parquet,pintura,no visible,estándar (2.4-2.8m),nada,5.6,3.2,clásico,"['#D2B48C', '#F5F5DC', '#8B4513']",buena,False,convencional,normal,ninguno,ninguno,estándar,parcialmente equipada,ninguno,6.8,6.2,leve,5
https://www.tecnocasa.es/venta/piso/madrid/madrid/622204.html,340000.0,4,156.0,2,"¿Buscas luz, espacio y comodidad en Madrid?

Este piso lo tiene.

Tecnocasa San Fermín presenta en exclusiva este piso en urbanización privada. No es un piso cualquiera: es una oportunidad de vivir con amplitud, tranquilidad y todo lo que necesitas, al alcance de la mano.

- 156 m² según catastro.
- 97 m² útiles de vivienda.
- 4 m² de trastero.
- 12 m² de plaza de garaje.
- 43 m² de zonas comunes.

Un salón-comedor amplio y lleno de luz, con vistas al parque.
Cocina-comedor, tres dormitorios individuales con armarios empotrados y una habitación principal con baño en suite.

Dos baños exteriores. Ventilados, con luz natural. No más condensaciones ni malos olores.

Otros detalles de interes:

- Suelo de tarima, bien conservado. Sin rayones.
-Ventanas climalit que aíslan del ruido y del frío.
- Calefacción por gas natural.
- Aire acondicionado por conductos para el verano.

Y una terraza privada de 23 m² con toldo retráctil.
Para jugar con tus hijos, leer tranquilo o invitar a tus amigos a una barbacoa. Tú decides.

Ubicado en la zona seminueva del barrio (edificios del 2004).
A 10 minutos andando del metro San Fermín-Orcasur (Línea 3).
Con acceso rápido a la M-30, M-40 y A-4.
Conexiones en autobús: 22, 23, 59, N12, N13 y N14.

Cerca de todo lo que importa: colegios, guarderías, farmacias, bancos, supermercados (Mercadona, Lidl, Día).

Si estás buscando un piso con espacio real, buena luz y todo lo necesario para vivir bien, este es.
Y lo tienes aquí. En exclusiva con Tecnocasa Estudio Inmobiliario San Fermín S. L.",1,1,1,1,0,1,0,1,1,1,"['https://cdn-media.medialabtc.it/es/agencies/md008/estates/622204/images/9006808/gallery_media.jpeg', 'https://cdn-media.medialabtc.it/es/agencies/md008/estates/622204/images/9006805/gallery_media.jpeg', 'https://cdn-media.medialabtc.it/es/agencies/md008/estates/622204/images/9006772/gallery_media.jpeg', 'https://cdn-media.medialabtc.it/es/agencies/md008/estates/622204/images/9006779/gallery_media.jpeg', 'https://cdn-media.medialabtc.it/es/agencies/md008/estates/622204/images/9006814/gallery_media.jpeg', 'https://cdn-media.medialabtc.it/es/agencies/md008/estates/622204/images/9006815/gallery_media.jpeg', 'https://cdn-media.medialabtc.it/es/agencies/md008/estates/622204/images/9006807/gallery_media.jpeg', 'https://cdn-media.medialabtc.it/es/agencies/md008/estates/622204/images/9006774/gallery_media.jpeg', 'https://cdn-media.medialabtc.it/es/agencies/md008/estates/622204/images/9006804/gallery_media.jpeg', 'https://cdn-media.medialabtc.it/es/agencies/md008/estates/622204/images/9006818/gallery_media.jpeg', 'https://cdn-media.medialabtc.it/es/agencies/md008/estates/622204/images/9006780/gallery_media.jpeg', 'https://cdn-media.medialabtc.it/es/agencies/md008/estates/622204/images/9006809/gallery_media.jpeg', 'https://cdn-media.medialabtc.it/es/agencies/md008/estates/622204/images/9006813/gallery_media.jpeg', 'https://cdn-media.medialabtc.it/es/agencies/md008/estates/622204/images/9006775/gallery_media.jpeg', 'https://cdn-media.medialabtc.it/es/agencies/md008/estates/622204/images/9006823/gallery_media.jpeg', 'https://cdn-media.medialabtc.it/es/agencies/md008/estates/622204/images/9006812/gallery_media.jpeg', 'https://cdn-media.medialabtc.it/es/agencies/md008/estates/622204/images/9006806/gallery_media.jpeg', 'https://cdn-media.medialabtc.it/es/agencies/md008/estates/622204/images/9006825/gallery_media.jpeg', 'https://cdn-media.medialabtc.it/es/agencies/md008/estates/622204/images/9006816/gallery_media.jpeg', 'https://cdn-media.medialabtc.it/es/agencies/md008/estates/622204/images/9006777/gallery_media.jpeg', 'https://cdn-media.medialabtc.it/es/agencies/md008/estates/622204/images/9006822/gallery_media.jpeg', 'https://cdn-media.medialabtc.it/es/agencies/md008/estates/622204/images/9006803/gallery_media.jpeg', 'https://cdn-media.medialabtc.it/es/agencies/md008/estates/622204/images/9006810/gallery_media.jpeg', 'https://cdn-media.medialabtc.it/es/agencies/md008/estates/622204/images/9006817/gallery_media.jpeg', 'https://cdn-media.medialabtc.it/es/agencies/md008/estates/622204/images/9006819/gallery_media.jpeg', 'https://cdn-media.medialabtc.it/es/agencies/md008/estates/622204/images/9006771/gallery_media.jpeg', 'https://cdn-media.medialabtc.it/es/agencies/md008/estates/622204/images/9006781/gallery_media.jpeg', 'https://cdn-media.medialabtc.it/es/agencies/md008/estates/622204/images/9006820/gallery_media.jpeg', 'https://cdn-media.medialabtc.it/es/agencies/md008/estates/622204/images/9006778/gallery_media.jpeg']",1,Desconocido,1,1,0,1,0,Desconocida,0,0,"['imagenes_tecnocasa\\anuncio_138\\0.jpeg', 'imagenes_tecnocasa\\anuncio_138\\1.jpeg', 'imagenes_tecnocasa\\anuncio_138\\2.jpeg', 'imagenes_tecnocasa\\anuncio_138\\3.jpeg', 'imagenes_tecnocasa\\anuncio_138\\4.jpeg', 'imagenes_tecnocasa\\anuncio_138\\5.jpeg', 'imagenes_tecnocasa\\anuncio_138\\6.jpeg', 'imagenes_tecnocasa\\anuncio_138\\7.jpeg', 'imagenes_tecnocasa\\anuncio_138\\8.jpeg', 'imagenes_tecnocasa\\anuncio_138\\9.jpeg', 'imagenes_tecnocasa\\anuncio_138\\10.jpeg', 'imagenes_tecnocasa\\anuncio_138\\11.jpeg', 'imagenes_tecnocasa\\anuncio_138\\12.jpeg', 'imagenes_tecnocasa\\anuncio_138\\13.jpeg', 'imagenes_tecnocasa\\anuncio_138\\14.jpeg', 'imagenes_tecnocasa\\anuncio_138\\15.jpeg', 'imagenes_tecnocasa\\anuncio_138\\16.jpeg', 'imagenes_tecnocasa\\anuncio_138\\17.jpeg', 'imagenes_tecnocasa\\anuncio_138\\18.jpeg', 'imagenes_tecnocasa\\anuncio_138\\19.jpeg', 'imagenes_tecnocasa\\anuncio_138\\20.jpeg', 'imagenes_tecnocasa\\anuncio_138\\21.jpeg', 'imagenes_tecnocasa\\anuncio_138\\22.jpeg', 'imagenes_tecnocasa\\anuncio_138\\23.jpeg', 'imagenes_tecnocasa\\anuncio_138\\24.jpeg', 'imagenes_tecnocasa\\anuncio_138\\25.jpeg', 'imagenes_tecnocasa\\anuncio_138\\26.jpeg', 'imagenes_tecnocasa\\anuncio_138\\27.jpeg', 'imagenes_tecnocasa\\anuncio_138\\28.jpeg']",1,Popular,2004,1,0,1,piso,2,Madrid,"Orcasitas - San Fermin, Madrid",40.4167047,-3.7035825,138,2179.4871794871797,260.0,176.0,0.13333333333333333,0.3666666666666667,2.0,0.0,cerámica,pintura,corredera,estándar (2.4-2.8m),nada,4.2,5.0,convencional,"['#FFFFFF', '#D3D3D3', '#A9A9A9']",buena,True,convencional,normal,ninguno,ninguno,estándar,parcialmente equipada,ninguno,6.6,6.4,leve,5
https://www.tecnocasa.es/venta/piso/madrid/madrid/544597.html,215000.0,3,90.0,1,"TECNOCASA SAN FERMIN VENDE EN EXCLUSIVA.. .

Quinta planta con ascensor de tres habitaciones y salón independiente de 20m2 con terraza (cerramiento de aluminio). Tiene un solo baño completo con bañera pero existe la posibilidad de hacer un segundo aseo cerrando el acceso desde la cocina a las habitaciones, realizando una ampliación del original.

Está ubicado en una zona de fácil aparcamiento, a dos minutos de la Glorieta de San Martín de la Vega donde coger el bus 23, 78 y 123 además del nocturno, 5 minutos del metro línea 3 San Fermín-Orcasur y rodeado por m30-m40. Podrás ver el colegio Natividad en la calle Torrox a 1 minuto, farmacia en la calle Corindón y Mercadona en la Avenida Rosales.

¡NO PIERDAS LA OPORTUNIDAD Y CONTACTA CON NOSOTROS PARA HACER UNA VISITA LLAMANDO AL (DAVID)!",1,1,1,1,1,1,0,1,1,1,"['https://cdn-media.medialabtc.it/es/agencies/md008/estates/544597/images/8993812/gallery_media.jpeg', 'https://cdn-media.medialabtc.it/es/agencies/md008/estates/544597/images/8993806/gallery_media.jpeg', 'https://cdn-media.medialabtc.it/es/agencies/md008/estates/544597/images/8993776/gallery_media.jpeg', 'https://cdn-media.medialabtc.it/es/agencies/md008/estates/544597/images/8993775/gallery_media.jpeg', 'https://cdn-media.medialabtc.it/es/agencies/md008/estates/544597/images/8996198/gallery_media.jpeg', 'https://cdn-media.medialabtc.it/es/agencies/md008/estates/544597/images/8996197/gallery_media.jpeg', 'https://cdn-media.medialabtc.it/es/agencies/md008/estates/544597/images/8993802/gallery_media.jpeg', 'https://cdn-media.medialabtc.it/es/agencies/md008/estates/544597/images/8993810/gallery_media.jpeg', 'https://cdn-media.medialabtc.it/es/agencies/md008/estates/544597/images/8993804/gallery_media.jpeg', 'https://cdn-media.medialabtc.it/es/agencies/md008/estates/544597/images/8993809/gallery_media.jpeg', 'https://cdn-media.medialabtc.it/es/agencies/md008/estates/544597/images/8993778/gallery_media.jpeg', 'https://cdn-media.medialabtc.it/es/agencies/md008/estates/544597/images/8993803/gallery_media.jpeg', 'https://cdn-media.medialabtc.it/es/agencies/md008/estates/544597/images/8996202/gallery_media.jpeg', 'https://cdn-media.medialabtc.it/es/agencies/md008/estates/544597/images/8993807/gallery_media.jpeg', 'https://cdn-media.medialabtc.it/es/agencies/md008/estates/544597/images/8993781/gallery_media.jpeg', 'https://cdn-media.medialabtc.it/es/agencies/md008/estates/544597/images/8996196/gallery_media.jpeg', 'https://cdn-media.medialabtc.it/es/agencies/md008/estates/544597/images/8993813/gallery_media.jpeg', 'https://cdn-media.medialabtc.it/es/agencies/md008/estates/544597/images/8993814/gallery_media.jpeg', 'https://cdn-media.medialabtc.it/es/agencies/md008/estates/544597/images/8996389/gallery_media.jpeg', 'https://cdn-media.medialabtc.it/es/agencies/md008/estates/544597/images/8996203/gallery_media.jpeg', 'https://cdn-media.medialabtc.it/es/agencies/md008/estates/544597/images/8993808/gallery_media.jpeg', 'https://cdn-media.medialabtc.it/es/agencies/md008/estates/544597/images/8993777/gallery_media.jpeg', 'https://cdn-media.medialabtc.it/es/agencies/md008/estates/544597/images/8993780/gallery_media.jpeg', 'https://cdn-media.medialabtc.it/es/agencies/md008/estates/544597/images/8993811/gallery_media.jpeg', 'https://cdn-media.medialabtc.it/es/agencies/md008/estates/544597/images/8996199/gallery_media.jpeg']",0,Desconocido,1,0,0,1,0,Desconocida,0,0,"['imagenes_tecnocasa\\anuncio_139\\0.jpeg', 'imagenes_tecnocasa\\anuncio_139\\1.jpeg', 'imagenes_tecnocasa\\anuncio_139\\2.jpeg', 'imagenes_tecnocasa\\anuncio_139\\3.jpeg', 'imagenes_tecnocasa\\anuncio_139\\4.jpeg', 'imagenes_tecnocasa\\anuncio_139\\5.jpeg', 'imagenes_tecnocasa\\anuncio_139\\6.jpeg', 'imagenes_tecnocasa\\anuncio_139\\7.jpeg', 'imagenes_tecnocasa\\anuncio_139\\8.jpeg', 'imagenes_tecnocasa\\anuncio_139\\9.jpeg', 'imagenes_tecnocasa\\anuncio_139\\10.jpeg', 'imagenes_tecnocasa\\anuncio_139\\11.jpeg', 'imagenes_tecnocasa\\anuncio_139\\12.jpeg', 'imagenes_tecnocasa\\anuncio_139\\13.jpeg', 'imagenes_tecnocasa\\anuncio_139\\14.jpeg', 'imagenes_tecnocasa\\anuncio_139\\15.jpeg', 'imagenes_tecnocasa\\anuncio_139\\16.jpeg', 'imagenes_tecnocasa\\anuncio_139\\17.jpeg', 'imagenes_tecnocasa\\anuncio_139\\18.jpeg', 'imagenes_tecnocasa\\anuncio_139\\19.jpeg', 'imagenes_tecnocasa\\anuncio_139\\20.jpeg', 'imagenes_tecnocasa\\anuncio_139\\21.jpeg', 'imagenes_tecnocasa\\anuncio_139\\22.jpeg', 'imagenes_tecnocasa\\anuncio_139\\23.jpeg', 'imagenes_tecnocasa\\anuncio_139\\24.jpeg']",0,Popular,1985,1,0,0,piso,5,Madrid,"Orcasitas - San Fermin, Madrid",40.4167047,-3.7035825,139,2388.8888888888887,135.0,103.0,0.46875,0.75,0.0,0.0,cerámica,pintura,ninguna,estándar (2.4-2.8m),nada,4.2,4.8,moderno,"['#FFFFFF', '#D3D3D3', '#F5F5F5']",buena,True,eficiente,normal,ninguno,ninguno,estándar,básica,ninguno,6.8,6.6,ninguna,5
https://www.tecnocasa.es/venta/piso/madrid/torres-de-la-alameda/615381.html,219900.0,2,123.0,1,"Agencia inmobiliaria 'Tecnocasa Loeches-Torres de la Alameda vende:

“FABULOSO BAJO RECIÉN REFORMADO” en Torres de la Alameda de 123m2 construidos compuestos por:

Un amplio y luminoso salón, dos fantásticas habitaciones con armarios empotrados, cocina equipada con salida al patio y baño completo con ducha.

El diseño interior permite aprovechar al máximo cada rincón, creando un ambiente cálido y confortable ya que el piso cuenta con pintura plástica, tarima sintética en toda la vivienda, ventanas aluminio climalit, puertas lacadas color blanco y entrada blindada.

¡FINCA CON TERRAZA, TRASTERO Y GARAJE!
Además, incluye una plaza de aparcamiento y un trastero, brindando la comodidad de tener tu vehículo y un espacio de almacenamiento siempre a mano.

El inmueble está situado en una zona ya consolidada con multitud de servicios alrededor y bien comunicada por la red de transportes del municipio. Parques y zonas infantiles cercanas.

No dude en llamarnos para concertar su cita para visitar el inmueble en la que además recibirá el asesoramiento gratuito de nuestro departamento financiero KÌRON. FINANCIACION 100%.",0,0,1,1,0,1,0,1,1,1,"['https://cdn-media.medialabtc.it/es/agencies/md595/estates/615381/images/9006760/gallery_media.jpeg', 'https://cdn-media.medialabtc.it/es/agencies/md595/estates/615381/images/9006754/gallery_media.jpeg', 'https://cdn-media.medialabtc.it/es/agencies/md595/estates/615381/images/9006744/gallery_media.jpeg', 'https://cdn-media.medialabtc.it/es/agencies/md595/estates/615381/images/9006827/gallery_media.jpeg', 'https://cdn-media.medialabtc.it/es/agencies/md595/estates/615381/images/9006752/gallery_media.jpeg', 'https://cdn-media.medialabtc.it/es/agencies/md595/estates/615381/images/9006826/gallery_media.jpeg', 'https://cdn-media.medialabtc.it/es/agencies/md595/estates/615381/images/9006745/gallery_media.jpeg', 'https://cdn-media.medialabtc.it/es/agencies/md595/estates/615381/images/9006753/gallery_media.jpeg', 'https://cdn-media.medialabtc.it/es/agencies/md595/estates/615381/images/9006755/gallery_media.jpeg', 'https://cdn-media.medialabtc.it/es/agencies/md595/estates/615381/images/9006756/gallery_media.jpeg', 'https://cdn-media.medialabtc.it/es/agencies/md595/estates/615381/images/9006749/gallery_media.jpeg', 'https://cdn-media.medialabtc.it/es/agencies/md595/estates/615381/images/8848151/gallery_media.jpeg', 'https://cdn-media.medialabtc.it/es/agencies/md595/estates/615381/images/9006758/gallery_media.jpeg', 'https://cdn-media.medialabtc.it/es/agencies/md595/estates/615381/images/9006746/gallery_media.jpeg', 'https://cdn-media.medialabtc.it/es/agencies/md595/estates/615381/images/8848148/gallery_media.jpeg', 'https://cdn-media.medialabtc.it/es/agencies/md595/estates/615381/images/9006748/gallery_media.jpeg', 'https://cdn-media.medialabtc.it/es/agencies/md595/estates/615381/images/9006751/gallery_media.jpeg', 'https://cdn-media.medialabtc.it/es/agencies/md595/estates/615381/images/9006757/gallery_media.jpeg', 'https://cdn-media.medialabtc.it/es/agencies/md595/estates/615381/images/9006747/gallery_media.jpeg', 'https://cdn-media.medialabtc.it/es/agencies/md595/estates/615381/images/9006750/gallery_media.jpeg', 'https://cdn-media.medialabtc.it/es/agencies/md595/estates/615381/images/9006759/gallery_media.jpeg']",0,Reformado,1,1,0,1,0,F,0,0,"['imagenes_tecnocasa\\anuncio_140\\0.jpeg', 'imagenes_tecnocasa\\anuncio_140\\1.jpeg', 'imagenes_tecnocasa\\anuncio_140\\2.jpeg', 'imagenes_tecnocasa\\anuncio_140\\3.jpeg', 'imagenes_tecnocasa\\anuncio_140\\4.jpeg', 'imagenes_tecnocasa\\anuncio_140\\5.jpeg', 'imagenes_tecnocasa\\anuncio_140\\6.jpeg', 'imagenes_tecnocasa\\anuncio_140\\7.jpeg', 'imagenes_tecnocasa\\anuncio_140\\8.jpeg', 'imagenes_tecnocasa\\anuncio_140\\9.jpeg', 'imagenes_tecnocasa\\anuncio_140\\10.jpeg', 'imagenes_tecnocasa\\anuncio_140\\11.jpeg', 'imagenes_tecnocasa\\anuncio_140\\12.jpeg', 'imagenes_tecnocasa\\anuncio_140\\13.jpeg', 'imagenes_tecnocasa\\anuncio_140\\14.jpeg', 'imagenes_tecnocasa\\anuncio_140\\15.jpeg', 'imagenes_tecnocasa\\anuncio_140\\16.jpeg', 'imagenes_tecnocasa\\anuncio_140\\17.jpeg', 'imagenes_tecnocasa\\anuncio_140\\18.jpeg', 'imagenes_tecnocasa\\anuncio_140\\19.jpeg', 'imagenes_tecnocasa\\anuncio_140\\20.jpeg']",0,Popular,2002,1,0,0,piso,1,Torres de la Alameda,Torres De La Alameda,40.4021516,-3.360625,140,1787.8048780487804,169.0,129.0,0.0,0.0,3.0,0.0,cerámica,pintura,corredera,estándar (2.4-2.8m),nada,5.4,6.2,moderno,"['#F2F2F2', '#A9A9A9', '#FFFFFF']",buena,True,eficiente,normal,ninguno,ninguno,estándar,parcialmente equipada,ninguno,7.8,7.2,ninguna,5
https://www.tecnocasa.es/venta/piso/madrid/madrid/621911.html,225000.0,2,78.0,1,"TECNOCASA SAN FERMIN VENDE EN EXCLUSIVA.. .

Segunda planta con ascensor de 80m2 compuesta de dos habitaciones, salón comedor independiente con terraza (cerramiento de aluminio) con aire acondicionado, baño completo con bañera y cocina con tendedero.

¡LISTO PARA ENTRAR A VIVIR!

Ubicada al lado de la glorieta de San Martín de la Vega donde se encuentra la parada de bus 23, 78, 123 y nocturno. Además tendrás el metro a 5 minutos andando en la avenida Andalucía (San Fermín-Orcasur, línea 3).
Igualmente verás una farmacia y un Mercadona en la avenida Rosales, un colegio en la calle Torrox (Natividad), varios comercios y fruterías a solo 2 minutos.",1,1,1,1,1,1,0,1,1,1,"['https://cdn-media.medialabtc.it/es/agencies/md008/estates/621911/images/9002082/gallery_media.jpeg', 'https://cdn-media.medialabtc.it/es/agencies/md008/estates/621911/images/9002079/gallery_media.jpeg', 'https://cdn-media.medialabtc.it/es/agencies/md008/estates/621911/images/9002087/gallery_media.jpeg', 'https://cdn-media.medialabtc.it/es/agencies/md008/estates/621911/images/9002095/gallery_media.jpeg', 'https://cdn-media.medialabtc.it/es/agencies/md008/estates/621911/images/9002094/gallery_media.jpeg', 'https://cdn-media.medialabtc.it/es/agencies/md008/estates/621911/images/9002090/gallery_media.jpeg', 'https://cdn-media.medialabtc.it/es/agencies/md008/estates/621911/images/9002088/gallery_media.jpeg', 'https://cdn-media.medialabtc.it/es/agencies/md008/estates/621911/images/9002081/gallery_media.jpeg', 'https://cdn-media.medialabtc.it/es/agencies/md008/estates/621911/images/9002092/gallery_media.jpeg', 'https://cdn-media.medialabtc.it/es/agencies/md008/estates/621911/images/9002093/gallery_media.jpeg', 'https://cdn-media.medialabtc.it/es/agencies/md008/estates/621911/images/9002086/gallery_media.jpeg', 'https://cdn-media.medialabtc.it/es/agencies/md008/estates/621911/images/9002078/gallery_media.jpeg', 'https://cdn-media.medialabtc.it/es/agencies/md008/estates/621911/images/9002085/gallery_media.jpeg', 'https://cdn-media.medialabtc.it/es/agencies/md008/estates/621911/images/9002083/gallery_media.jpeg', 'https://cdn-media.medialabtc.it/es/agencies/md008/estates/621911/images/9002226/gallery_media.jpeg', 'https://cdn-media.medialabtc.it/es/agencies/md008/estates/621911/images/9002080/gallery_media.jpeg', 'https://cdn-media.medialabtc.it/es/agencies/md008/estates/621911/images/9002091/gallery_media.jpeg', 'https://cdn-media.medialabtc.it/es/agencies/md008/estates/621911/images/9002084/gallery_media.jpeg']",0,Desconocido,0,0,0,1,0,E,0,0,"['imagenes_tecnocasa\\anuncio_142\\0.jpeg', 'imagenes_tecnocasa\\anuncio_142\\1.jpeg', 'imagenes_tecnocasa\\anuncio_142\\2.jpeg', 'imagenes_tecnocasa\\anuncio_142\\3.jpeg', 'imagenes_tecnocasa\\anuncio_142\\4.jpeg', 'imagenes_tecnocasa\\anuncio_142\\5.jpeg', 'imagenes_tecnocasa\\anuncio_142\\6.jpeg', 'imagenes_tecnocasa\\anuncio_142\\7.jpeg', 'imagenes_tecnocasa\\anuncio_142\\8.jpeg', 'imagenes_tecnocasa\\anuncio_142\\9.jpeg', 'imagenes_tecnocasa\\anuncio_142\\10.jpeg', 'imagenes_tecnocasa\\anuncio_142\\11.jpeg', 'imagenes_tecnocasa\\anuncio_142\\12.jpeg', 'imagenes_tecnocasa\\anuncio_142\\13.jpeg', 'imagenes_tecnocasa\\anuncio_142\\14.jpeg', 'imagenes_tecnocasa\\anuncio_142\\15.jpeg', 'imagenes_tecnocasa\\anuncio_142\\16.jpeg', 'imagenes_tecnocasa\\anuncio_142\\17.jpeg']",1,Popular,1987,0,0,0,piso,2,Madrid,"Orcasitas - San Fermin, Madrid",40.4167047,-3.7035825,142,2884.6153846153848,107.0,84.0,0.0,0.0,0.0,0.0,cerámica,pintura,no visible,estándar (2.4-2.8m),nada,3.6,3.4,convencional,"['#F2F2F2', '#A0522D', '#8B4513']",regular,False,convencional,limitado,ninguno,ninguno,estándar,parcialmente equipada,ninguno,6.2,6.4,leve,5
https://www.tecnocasa.es/venta/piso/madrid/colmenar-viejo/621429.html,410000.0,4,145.0,2,"TECNOCASA ESTUDIO COLMENAR NORTE SL

Agencia inmobiliaria de COLMENAR VIEJO - ZONA NORTE vende en exclusiva PISO en URBANIZACIÓN FUENTE SANTA.

PROXIMAMENTE FOTOS DE LA VIVIENDA, PERO YA PUEDE VISITARLO.

Piso de 3 dormitorios, 2 cuartos de baño, salón con acceso directo a terraza, amplia cocina con tendedero cubierto.

Suelo de parquet, carpintería interior de roble, carpintería exterior de aluminio climalit oscilobatiente (próximamente fotos de la vivienda).

Con plaza de garaje y trastero.

Urbanización con piscina comunitaria, infantil y de adultos.
Pistas de tenis, parque infantil, pista de fútbol, pista de baloncesto, zona ajardinada, sala multiusos, conserje, vigilancia por cctv.

Ubicado cerca de todos los servicios: parada de autobús, farmacias, comercio, bancos, etc.

Contamos con departamento FINANCIERO con posibilidad de HIPOTECAS hasta el 100%. CONSULTE SIN COMPROMISO.

Si necesitas vender un inmueble, ponemos a su disposición la VALORACION GRATUITA del inmueble en la que le explicaremos todas las fases de la 'compra y venta' para su mayor tranquilidad y seguridad a la hora de llevar a cabo el cambio de vivienda. Contamos con 2 oficinas en Colmenar Viejo, 350 en la Comunidad de Madrid y más de 870 oficinas en el territorio nacional.",0,1,1,1,0,1,0,1,1,1,"['https://cdn-media.medialabtc.it/es/agencies/md575/estates/621429/images/9006718/gallery_media.jpeg', 'https://cdn-media.medialabtc.it/es/agencies/md575/estates/621429/images/9006764/gallery_media.jpeg', 'https://cdn-media.medialabtc.it/es/agencies/md575/estates/621429/images/9006712/gallery_media.jpeg', 'https://cdn-media.medialabtc.it/es/agencies/md575/estates/621429/images/9006789/gallery_media.jpeg', 'https://cdn-media.medialabtc.it/es/agencies/md575/estates/621429/images/9006788/gallery_media.jpeg', 'https://cdn-media.medialabtc.it/es/agencies/md575/estates/621429/images/9006767/gallery_media.jpeg', 'https://cdn-media.medialabtc.it/es/agencies/md575/estates/621429/images/9006787/gallery_media.jpeg', 'https://cdn-media.medialabtc.it/es/agencies/md575/estates/621429/images/9006715/gallery_media.jpeg', 'https://cdn-media.medialabtc.it/es/agencies/md575/estates/621429/images/9006766/gallery_media.jpeg', 'https://cdn-media.medialabtc.it/es/agencies/md575/estates/621429/images/9006716/gallery_media.jpeg', 'https://cdn-media.medialabtc.it/es/agencies/md575/estates/621429/images/9006721/gallery_media.jpeg', 'https://cdn-media.medialabtc.it/es/agencies/md575/estates/621429/images/9006768/gallery_media.jpeg', 'https://cdn-media.medialabtc.it/es/agencies/md575/estates/621429/images/9006720/gallery_media.jpeg', 'https://cdn-media.medialabtc.it/es/agencies/md575/estates/621429/images/9006765/gallery_media.jpeg', 'https://cdn-media.medialabtc.it/es/agencies/md575/estates/621429/images/9006711/gallery_media.jpeg', 'https://cdn-media.medialabtc.it/es/agencies/md575/estates/621429/images/9006717/gallery_media.jpeg', 'https://cdn-media.medialabtc.it/es/agencies/md575/estates/621429/images/9006763/gallery_media.jpeg', 'https://cdn-media.medialabtc.it/es/agencies/md575/estates/621429/images/9006714/gallery_media.jpeg', 'https://cdn-media.medialabtc.it/es/agencies/md575/estates/621429/images/9006786/gallery_media.jpeg', 'https://cdn-media.medialabtc.it/es/agencies/md575/estates/621429/images/9006707/gallery_media.jpeg', 'https://cdn-media.medialabtc.it/es/agencies/md575/estates/621429/images/9006710/gallery_media.jpeg', 'https://cdn-media.medialabtc.it/es/agencies/md575/estates/621429/images/9006784/gallery_media.jpeg', 'https://cdn-media.medialabtc.it/es/agencies/md575/estates/621429/images/9006713/gallery_media.jpeg', 'https://cdn-media.medialabtc.it/es/agencies/md575/estates/621429/images/9006783/gallery_media.jpeg', 'https://cdn-media.medialabtc.it/es/agencies/md575/estates/621429/images/9006769/gallery_media.jpeg', 'https://cdn-media.medialabtc.it/es/agencies/md575/estates/621429/images/9006709/gallery_media.jpeg', 'https://cdn-media.medialabtc.it/es/agencies/md575/estates/621429/images/9006708/gallery_media.jpeg', 'https://cdn-media.medialabtc.it/es/agencies/md575/estates/621429/images/9006719/gallery_media.jpeg', 'https://cdn-media.medialabtc.it/es/agencies/md575/estates/621429/images/9006785/gallery_media.jpeg', 'https://cdn-media.medialabtc.it/es/agencies/md575/estates/621429/images/9006782/gallery_media.jpeg']",0,Desconocido,1,1,1,1,1,D,0,0,"['imagenes_tecnocasa\\anuncio_144\\0.jpeg', 'imagenes_tecnocasa\\anuncio_144\\1.jpeg', 'imagenes_tecnocasa\\anuncio_144\\2.jpeg', 'imagenes_tecnocasa\\anuncio_144\\3.jpeg', 'imagenes_tecnocasa\\anuncio_144\\4.jpeg', 'imagenes_tecnocasa\\anuncio_144\\5.jpeg', 'imagenes_tecnocasa\\anuncio_144\\6.jpeg', 'imagenes_tecnocasa\\anuncio_144\\7.jpeg', 'imagenes_tecnocasa\\anuncio_144\\8.jpeg', 'imagenes_tecnocasa\\anuncio_144\\9.jpeg', 'imagenes_tecnocasa\\anuncio_144\\10.jpeg', 'imagenes_tecnocasa\\anuncio_144\\11.jpeg', 'imagenes_tecnocasa\\anuncio_144\\12.jpeg', 'imagenes_tecnocasa\\anuncio_144\\13.jpeg', 'imagenes_tecnocasa\\anuncio_144\\14.jpeg', 'imagenes_tecnocasa\\anuncio_144\\15.jpeg', 'imagenes_tecnocasa\\anuncio_144\\16.jpeg', 'imagenes_tecnocasa\\anuncio_144\\17.jpeg', 'imagenes_tecnocasa\\anuncio_144\\18.jpeg', 'imagenes_tecnocasa\\anuncio_144\\19.jpeg', 'imagenes_tecnocasa\\anuncio_144\\20.jpeg', 'imagenes_tecnocasa\\anuncio_144\\21.jpeg', 'imagenes_tecnocasa\\anuncio_144\\22.jpeg', 'imagenes_tecnocasa\\anuncio_144\\23.jpeg', 'imagenes_tecnocasa\\anuncio_144\\24.jpeg', 'imagenes_tecnocasa\\anuncio_144\\25.jpeg', 'imagenes_tecnocasa\\anuncio_144\\26.jpeg', 'imagenes_tecnocasa\\anuncio_144\\27.jpeg', 'imagenes_tecnocasa\\anuncio_144\\28.jpeg', 'imagenes_tecnocasa\\anuncio_144\\29.jpeg']",1,Media,1979,0,0,1,piso,2,Colmenar Viejo,Colmenar Viejo,40.6587726,-3.7659722,144,2827.5862068965516,193.0,142.0,0.0,0.0,0.0,0.0,otro,otro,corredera,estándar (2.4-2.8m),nada,4.0,3.8,otro,"['#008000', '#808080', '#FFFFFF']",buena,False,convencional,limitado,jardín,ninguno,estándar,básica,ninguno,7.4,6.4,ninguna,5
https://www.tecnocasa.es/venta/piso/madrid/getafe/620942.html,199000.0,2,59.0,1,"Agencia inmobiliaria Tecnocasa - zona El Bercial - vende piso en el barrio de El Bercial, una de las mejores zonas de GETAFE.
La vivienda se distribuye de la siguiente manera: SALÓN ampliado de 19,5m2 (se redujo un dormitorio para ampliar esta estancia), COCINA equipada, DOS DORMITORIOS (antes 3 y uno de ellos con armario empotrado) y BAÑO con plato de ducha.
Suelos en tarima, ventanas correderas y pintura en liso.
Calefacción por gas natural mediante radiadores; aire acondicionado en salón y ventilador de techo en dormitorio principal.
En la zona encontrarás todo tipo de servicios, colegios e institutos, transporte público (línea 12 de MetroSur, línea C-4 de Cercanías Renfe y líneas de autobús 446, 488 y L3 A y B), zonas comerciales, fácil acceso a carreteras A-42 y M-45.",1,1,1,1,1,1,0,1,1,1,"['https://cdn-media.medialabtc.it/es/agencies/md576/estates/620942/images/9002283/gallery_media.jpeg', 'https://cdn-media.medialabtc.it/es/agencies/md576/estates/620942/images/9002275/gallery_media.jpeg', 'https://cdn-media.medialabtc.it/es/agencies/md576/estates/620942/images/9002280/gallery_media.jpeg', 'https://cdn-media.medialabtc.it/es/agencies/md576/estates/620942/images/9002282/gallery_media.jpeg', 'https://cdn-media.medialabtc.it/es/agencies/md576/estates/620942/images/9002270/gallery_media.jpeg', 'https://cdn-media.medialabtc.it/es/agencies/md576/estates/620942/images/9002286/gallery_media.jpeg', 'https://cdn-media.medialabtc.it/es/agencies/md576/estates/620942/images/9002284/gallery_media.jpeg', 'https://cdn-media.medialabtc.it/es/agencies/md576/estates/620942/images/9002277/gallery_media.jpeg', 'https://cdn-media.medialabtc.it/es/agencies/md576/estates/620942/images/9002273/gallery_media.jpeg', 'https://cdn-media.medialabtc.it/es/agencies/md576/estates/620942/images/9002285/gallery_media.jpeg', 'https://cdn-media.medialabtc.it/es/agencies/md576/estates/620942/images/9002281/gallery_media.jpeg', 'https://cdn-media.medialabtc.it/es/agencies/md576/estates/620942/images/9002287/gallery_media.jpeg', 'https://cdn-media.medialabtc.it/es/agencies/md576/estates/620942/images/9002288/gallery_media.jpeg', 'https://cdn-media.medialabtc.it/es/agencies/md576/estates/620942/images/9002276/gallery_media.jpeg', 'https://cdn-media.medialabtc.it/es/agencies/md576/estates/620942/images/9002272/gallery_media.jpeg', 'https://cdn-media.medialabtc.it/es/agencies/md576/estates/620942/images/9002278/gallery_media.jpeg', 'https://cdn-media.medialabtc.it/es/agencies/md576/estates/620942/images/9002274/gallery_media.jpeg', 'https://cdn-media.medialabtc.it/es/agencies/md576/estates/620942/images/9002271/gallery_media.jpeg', 'https://cdn-media.medialabtc.it/es/agencies/md576/estates/620942/images/9002279/gallery_media.jpeg']",0,Desconocido,0,0,0,0,0,Desconocida,0,0,"['imagenes_tecnocasa\\anuncio_145\\0.jpeg', 'imagenes_tecnocasa\\anuncio_145\\1.jpeg', 'imagenes_tecnocasa\\anuncio_145\\2.jpeg', 'imagenes_tecnocasa\\anuncio_145\\3.jpeg', 'imagenes_tecnocasa\\anuncio_145\\4.jpeg', 'imagenes_tecnocasa\\anuncio_145\\5.jpeg', 'imagenes_tecnocasa\\anuncio_145\\6.jpeg', 'imagenes_tecnocasa\\anuncio_145\\7.jpeg', 'imagenes_tecnocasa\\anuncio_145\\8.jpeg', 'imagenes_tecnocasa\\anuncio_145\\9.jpeg', 'imagenes_tecnocasa\\anuncio_145\\10.jpeg', 'imagenes_tecnocasa\\anuncio_145\\11.jpeg', 'imagenes_tecnocasa\\anuncio_145\\12.jpeg', 'imagenes_tecnocasa\\anuncio_145\\13.jpeg', 'imagenes_tecnocasa\\anuncio_145\\14.jpeg', 'imagenes_tecnocasa\\anuncio_145\\15.jpeg', 'imagenes_tecnocasa\\anuncio_145\\16.jpeg', 'imagenes_tecnocasa\\anuncio_145\\17.jpeg', 'imagenes_tecnocasa\\anuncio_145\\18.jpeg']",1,Popular,1968,1,0,0,piso,1,Getafe,"El Bercial, Getafe",40.3070639,-3.7331808,145,3372.8813559322034,130.0,101.0,0.1,0.4,0.0,0.0,vinilo,pintura,ninguna visible,estándar (2.4-2.8m),nada,3.4,4.4,convencional,"['#FFC0CB', '#FFFFFF', '#A9A9A9']",regular,False,convencional,normal,ninguno,ninguno,estándar,básica,ninguno,6.2,6.4,ninguna,5
https://www.tecnocasa.es/venta/piso/madrid/madrid/619188.html,225000.0,3,90.0,1,"Tecnocasa Oficina Orcasitas
Agencia inmobiliaria de Madrid, zona Usera - Orcasitas - Orcasur, inscrita en RAIN 000240/2018 vende piso compuesto por 3 dormitorios, salón, cocina, 2 baños y tendedero; Finca con ascensor; Calefacción de gas natural.
Puede concertar su visita llamando o visitenos en Calle guetaria 72!!",1,1,1,1,0,0,0,0,0,1,"['https://cdn-media.medialabtc.it/es/agencies/md004/estates/619188/images/8932307/gallery_media.jpeg', 'https://cdn-media.medialabtc.it/es/agencies/md004/estates/619188/images/8932302/gallery_media.jpeg', 'https://cdn-media.medialabtc.it/es/agencies/md004/estates/619188/images/8932300/gallery_media.jpeg', 'https://cdn-media.medialabtc.it/es/agencies/md004/estates/619188/images/8932305/gallery_media.jpeg', 'https://cdn-media.medialabtc.it/es/agencies/md004/estates/619188/images/8932298/gallery_media.jpeg', 'https://cdn-media.medialabtc.it/es/agencies/md004/estates/619188/images/8932304/gallery_media.jpeg', 'https://cdn-media.medialabtc.it/es/agencies/md004/estates/619188/images/8932299/gallery_media.jpeg', 'https://cdn-media.medialabtc.it/es/agencies/md004/estates/619188/images/8932309/gallery_media.jpeg', 'https://cdn-media.medialabtc.it/es/agencies/md004/estates/619188/images/8932303/gallery_media.jpeg', 'https://cdn-media.medialabtc.it/es/agencies/md004/estates/619188/images/8932306/gallery_media.jpeg', 'https://cdn-media.medialabtc.it/es/agencies/md004/estates/619188/images/8932308/gallery_media.jpeg', 'https://cdn-media.medialabtc.it/es/agencies/md004/estates/619188/images/8932301/gallery_media.jpeg']",0,Desconocido,0,0,0,0,0,E,0,0,"['imagenes_tecnocasa\\anuncio_146\\0.jpeg', 'imagenes_tecnocasa\\anuncio_146\\1.jpeg', 'imagenes_tecnocasa\\anuncio_146\\2.jpeg', 'imagenes_tecnocasa\\anuncio_146\\3.jpeg', 'imagenes_tecnocasa\\anuncio_146\\4.jpeg', 'imagenes_tecnocasa\\anuncio_146\\5.jpeg', 'imagenes_tecnocasa\\anuncio_146\\6.jpeg', 'imagenes_tecnocasa\\anuncio_146\\7.jpeg', 'imagenes_tecnocasa\\anuncio_146\\8.jpeg', 'imagenes_tecnocasa\\anuncio_146\\9.jpeg', 'imagenes_tecnocasa\\anuncio_146\\10.jpeg', 'imagenes_tecnocasa\\anuncio_146\\11.jpeg']",0,Media,1980,1,0,1,piso,2,Madrid,"Orcasitas - San Fermin, Madrid",40.4167047,-3.7035825,146,2500.0,47.0,43.0,0.15625,0.4,0.0,0.0,cerámica,pintura,corredera,estándar (2.4-2.8m),nada,3.2,3.4,convencional,"['#F5F5DC', '#A0522D', '#D3D3D3']",regular,False,convencional,limitado,ninguno,ninguno,estándar,parcialmente equipada,ninguno,6.2,5.8,ninguna,5
https://www.tecnocasa.es/venta/casa/madrid/madrid/622273.html,275000.0,3,80.0,2,"Tecnocasa Oficina Orcasitas S. L
Agencia inmobiliaria de MADRID, zona USERA - ORCASITAS - ORCASUR, inscrita en Rain 000240/2018, vende chalet adosado en el Poblado Dirigido de Orcasitas distribuido en 2 plantas, compuesto por 3 dormitorios, salón, cocina, baño, aseo y patio de 16 m2.
PARA ENTRAR A VIVIR.
Puede concerta su visita llamando o visítenos en Calle guetaria 72!",1,1,1,1,0,0,0,0,0,1,"['https://cdn-media.medialabtc.it/es/agencies/md004/estates/622273/images/9006704/gallery_media.jpeg', 'https://cdn-media.medialabtc.it/es/agencies/md004/estates/622273/images/9006631/gallery_media.jpeg', 'https://cdn-media.medialabtc.it/es/agencies/md004/estates/622273/images/9006639/gallery_media.jpeg', 'https://cdn-media.medialabtc.it/es/agencies/md004/estates/622273/images/9006636/gallery_media.jpeg', 'https://cdn-media.medialabtc.it/es/agencies/md004/estates/622273/images/9006702/gallery_media.jpeg', 'https://cdn-media.medialabtc.it/es/agencies/md004/estates/622273/images/9006703/gallery_media.jpeg', 'https://cdn-media.medialabtc.it/es/agencies/md004/estates/622273/images/9006641/gallery_media.jpeg', 'https://cdn-media.medialabtc.it/es/agencies/md004/estates/622273/images/9006638/gallery_media.jpeg', 'https://cdn-media.medialabtc.it/es/agencies/md004/estates/622273/images/9006634/gallery_media.jpeg', 'https://cdn-media.medialabtc.it/es/agencies/md004/estates/622273/images/9006629/gallery_media.jpeg', 'https://cdn-media.medialabtc.it/es/agencies/md004/estates/622273/images/9006640/gallery_media.jpeg', 'https://cdn-media.medialabtc.it/es/agencies/md004/estates/622273/images/9006630/gallery_media.jpeg', 'https://cdn-media.medialabtc.it/es/agencies/md004/estates/622273/images/9006633/gallery_media.jpeg', 'https://cdn-media.medialabtc.it/es/agencies/md004/estates/622273/images/9006635/gallery_media.jpeg', 'https://cdn-media.medialabtc.it/es/agencies/md004/estates/622273/images/9006632/gallery_media.jpeg', 'https://cdn-media.medialabtc.it/es/agencies/md004/estates/622273/images/9006637/gallery_media.jpeg']",0,Desconocido,0,0,0,0,0,E,0,0,"['imagenes_tecnocasa\\anuncio_147\\0.jpeg', 'imagenes_tecnocasa\\anuncio_147\\1.jpeg', 'imagenes_tecnocasa\\anuncio_147\\2.jpeg', 'imagenes_tecnocasa\\anuncio_147\\3.jpeg', 'imagenes_tecnocasa\\anuncio_147\\4.jpeg', 'imagenes_tecnocasa\\anuncio_147\\5.jpeg', 'imagenes_tecnocasa\\anuncio_147\\6.jpeg', 'imagenes_tecnocasa\\anuncio_147\\7.jpeg', 'imagenes_tecnocasa\\anuncio_147\\8.jpeg', 'imagenes_tecnocasa\\anuncio_147\\9.jpeg', 'imagenes_tecnocasa\\anuncio_147\\10.jpeg', 'imagenes_tecnocasa\\anuncio_147\\11.jpeg', 'imagenes_tecnocasa\\anuncio_147\\12.jpeg', 'imagenes_tecnocasa\\anuncio_147\\13.jpeg', 'imagenes_tecnocasa\\anuncio_147\\14.jpeg', 'imagenes_tecnocasa\\anuncio_147\\15.jpeg']",0,Media,1980,1,1,0,casa,2,Madrid,"Orcasitas - San Fermin, Madrid",40.4167047,-3.7035825,147,3437.5,60.0,53.0,0.0,0.0,0.0,0.0,cerámica,pintura,corredera,estándar (2.4-2.8m),nada,3.6,3.8,convencional,"['#D3D3D3', '#FFFFFF', '#A9A9A9']",regular,False,convencional,limitado,ninguno,ninguno,estándar,básica,ninguno,6.4,6.2,ninguna,5
https://www.tecnocasa.es/venta/piso/madrid/madrid/615400.html,215000.0,2,91.0,1,"Tecnocasa Oficina Orcasitas
Agencia inmobiliaria de Madrid, zona Usera - Orcasitas - Orcasur inscrita en RAIN 000240/2018, vende amplio piso en la zona de ORCASUR compuesto por 2 dormitorios (Ahora 3), salón, cocina, baño y terraza cerrada; Calefacción de gas natural; Finca con ascensor. PISO REFORMADO.
La vivienda cuenta con muy buena ubicación a escasos metros de la renfe de Orcasitas y paradas de autobus, cercana al hospital 12 de Octubre y rodeada zonas verdes.
Puede concertar su visita llamando al 91 029 18 88 o visitenos en Calle Guetaria 72!!",1,1,1,1,0,0,1,1,1,1,"['https://cdn-media.medialabtc.it/es/agencies/md004/estates/615400/images/8846905/gallery_media.jpeg', 'https://cdn-media.medialabtc.it/es/agencies/md004/estates/615400/images/8846907/gallery_media.jpeg', 'https://cdn-media.medialabtc.it/es/agencies/md004/estates/615400/images/8846914/gallery_media.jpeg', 'https://cdn-media.medialabtc.it/es/agencies/md004/estates/615400/images/8846908/gallery_media.jpeg', 'https://cdn-media.medialabtc.it/es/agencies/md004/estates/615400/images/8846909/gallery_media.jpeg', 'https://cdn-media.medialabtc.it/es/agencies/md004/estates/615400/images/8846915/gallery_media.jpeg', 'https://cdn-media.medialabtc.it/es/agencies/md004/estates/615400/images/8846911/gallery_media.jpeg', 'https://cdn-media.medialabtc.it/es/agencies/md004/estates/615400/images/8846906/gallery_media.jpeg', 'https://cdn-media.medialabtc.it/es/agencies/md004/estates/615400/images/8846917/gallery_media.jpeg', 'https://cdn-media.medialabtc.it/es/agencies/md004/estates/615400/images/8846913/gallery_media.jpeg', 'https://cdn-media.medialabtc.it/es/agencies/md004/estates/615400/images/8846918/gallery_media.jpeg', 'https://cdn-media.medialabtc.it/es/agencies/md004/estates/615400/images/8846912/gallery_media.jpeg', 'https://cdn-media.medialabtc.it/es/agencies/md004/estates/615400/images/8846910/gallery_media.jpeg', 'https://cdn-media.medialabtc.it/es/agencies/md004/estates/615400/images/8846916/gallery_media.jpeg']",0,Reformado,0,0,0,1,0,E,0,0,"['imagenes_tecnocasa\\anuncio_149\\0.jpeg', 'imagenes_tecnocasa\\anuncio_149\\1.jpeg', 'imagenes_tecnocasa\\anuncio_149\\2.jpeg', 'imagenes_tecnocasa\\anuncio_149\\3.jpeg', 'imagenes_tecnocasa\\anuncio_149\\4.jpeg', 'imagenes_tecnocasa\\anuncio_149\\5.jpeg', 'imagenes_tecnocasa\\anuncio_149\\6.jpeg', 'imagenes_tecnocasa\\anuncio_149\\7.jpeg', 'imagenes_tecnocasa\\anuncio_149\\8.jpeg', 'imagenes_tecnocasa\\anuncio_149\\9.jpeg', 'imagenes_tecnocasa\\anuncio_149\\10.jpeg', 'imagenes_tecnocasa\\anuncio_149\\11.jpeg', 'imagenes_tecnocasa\\anuncio_149\\12.jpeg', 'imagenes_tecnocasa\\anuncio_149\\13.jpeg']",0,Media,1980,1,0,1,piso,2,Madrid,"Orcasitas - San Fermin, Madrid",40.4167047,-3.7035825,149,2362.6373626373625,91.0,74.0,0.15625,0.4,2.0,0.0,otro,pintura,corredera,estándar (2.4-2.8m),nada,3.6,4.2,moderno,"['#A0522D', '#DEB887', '#FFD700']",buena,False,convencional,normal,ninguno,ninguno,estándar,básica,ninguno,6.2,6.4,ninguna,5
https://www.tecnocasa.es/venta/piso/madrid/madrid/621506.html,715000.0,3,80.0,1,"Agencia inmobiliaria de MADRID - zona SALAMANCA - zona LISTA.

Oficina Tecnocasa vende en exclusiva:

Vivienda situada en la calle Alcántara, muy cerca de calle José Ortega y Gasset, en una de las zonas más cotizadas de Madrid. Es una oportunidad ideal para aquellos que buscan una zona tranquila donde vivir en un piso muy agradable y silencioso y con todas las comodidades.

La vivienda se situa en una sexta planta, muy luminoso y consta de hall recibidor, un amplio salón, una cocina independiente, tres dormitorios y un baño con bañera y ventana. La finca dispone de de ascensor.

La ubicación de esta propiedad sigue siendo su punto fuerte. Está en una de las mejores zonas de Madrid, con acceso a tiendas exclusivas, restaurantes y una amplia gama de servicios. Además, la excelente conectividad con el transporte público facilita el desplazamiento por toda la ciudad.

Disponemos de nuestro departamento financiero Kíron de consulta gratuita para nuestros clientes.",1,1,1,1,1,1,1,1,1,1,"['https://cdn-media.medialabtc.it/es/agencies/md034/estates/621506/images/8989875/gallery_media.jpeg', 'https://cdn-media.medialabtc.it/es/agencies/md034/estates/621506/images/8989874/gallery_media.jpeg', 'https://cdn-media.medialabtc.it/es/agencies/md034/estates/621506/images/8989864/gallery_media.jpeg', 'https://cdn-media.medialabtc.it/es/agencies/md034/estates/621506/images/8989871/gallery_media.jpeg', 'https://cdn-media.medialabtc.it/es/agencies/md034/estates/621506/images/8989865/gallery_media.jpeg', 'https://cdn-media.medialabtc.it/es/agencies/md034/estates/621506/images/8989866/gallery_media.jpeg', 'https://cdn-media.medialabtc.it/es/agencies/md034/estates/621506/images/8989868/gallery_media.jpeg', 'https://cdn-media.medialabtc.it/es/agencies/md034/estates/621506/images/8989872/gallery_media.jpeg', 'https://cdn-media.medialabtc.it/es/agencies/md034/estates/621506/images/8989870/gallery_media.jpeg', 'https://cdn-media.medialabtc.it/es/agencies/md034/estates/621506/images/8989863/gallery_media.jpeg', 'https://cdn-media.medialabtc.it/es/agencies/md034/estates/621506/images/8989876/gallery_media.jpeg', 'https://cdn-media.medialabtc.it/es/agencies/md034/estates/621506/images/8989869/gallery_media.jpeg', 'https://cdn-media.medialabtc.it/es/agencies/md034/estates/621506/images/8989873/gallery_media.jpeg', 'https://cdn-media.medialabtc.it/es/agencies/md034/estates/621506/images/8989867/gallery_media.jpeg']",0,Desconocido,0,0,0,0,0,E,0,1,"['imagenes_tecnocasa\\anuncio_150\\0.jpeg', 'imagenes_tecnocasa\\anuncio_150\\1.jpeg', 'imagenes_tecnocasa\\anuncio_150\\2.jpeg', 'imagenes_tecnocasa\\anuncio_150\\3.jpeg', 'imagenes_tecnocasa\\anuncio_150\\4.jpeg', 'imagenes_tecnocasa\\anuncio_150\\5.jpeg', 'imagenes_tecnocasa\\anuncio_150\\6.jpeg', 'imagenes_tecnocasa\\anuncio_150\\7.jpeg', 'imagenes_tecnocasa\\anuncio_150\\8.jpeg', 'imagenes_tecnocasa\\anuncio_150\\9.jpeg', 'imagenes_tecnocasa\\anuncio_150\\10.jpeg', 'imagenes_tecnocasa\\anuncio_150\\11.jpeg', 'imagenes_tecnocasa\\anuncio_150\\12.jpeg', 'imagenes_tecnocasa\\anuncio_150\\13.jpeg']",0,Media,1933,1,0,0,piso,3,Lista,"Salamanca, Lista, Madrid",40.4326938,-3.6745087,150,8937.5,157.0,108.0,0.9,1.0,2.0,1.0,otro,pintura,corredera,estándar (2.4-2.8m),nada,3.6,3.8,convencional,"['#D2B48C', '#A0522D', '#808080']",regular,False,convencional,limitado,ninguno,ninguno,estándar,básica,ninguno,5.6,6.6,ninguna,5
https://www.tecnocasa.es/venta/piso/madrid/madrid/533769.html,149000.0,2,47.0,1,"Agencia inmobiliaria de Madrid zona San Blas - Canillejas, Simancas Tecnocasa Desarrollo Simancas Slu
PISO EN VENTA EN SIMANCAS. SE VENDE CON EL INQUILINO, PAGA 750€ DE ALQUILER

EL piso cuenta con 47 metros distribuidos en dos dormitorios, cocina independiente, salón y baño con plato de ducha.

Cuenta con suelo de cerámico y ventanas de aluminio

Es una planta baja.

El piso se encuentra cerca de la avenida de Garcia Noblejas.

Tiene una excelente comunicación mediante el transporte público con las paradas de metro de Simancas y Garcia Noblejas a menos de cinco minutos. También cuenta con los accesos a la M-30 y M-40 a menos de cinco minutos.",1,0,1,1,1,1,1,1,1,1,"['https://cdn-media.medialabtc.it/es/agencies/md006/estates/533769/images/8911837/gallery_media.jpeg', 'https://cdn-media.medialabtc.it/es/agencies/md006/estates/533769/images/8911835/gallery_media.jpeg', 'https://cdn-media.medialabtc.it/es/agencies/md006/estates/533769/images/8911825/gallery_media.jpeg', 'https://cdn-media.medialabtc.it/es/agencies/md006/estates/533769/images/8911840/gallery_media.jpeg', 'https://cdn-media.medialabtc.it/es/agencies/md006/estates/533769/images/8911839/gallery_media.jpeg', 'https://cdn-media.medialabtc.it/es/agencies/md006/estates/533769/images/8911828/gallery_media.jpeg', 'https://cdn-media.medialabtc.it/es/agencies/md006/estates/533769/images/8911831/gallery_media.jpeg', 'https://cdn-media.medialabtc.it/es/agencies/md006/estates/533769/images/8911830/gallery_media.jpeg', 'https://cdn-media.medialabtc.it/es/agencies/md006/estates/533769/images/8911836/gallery_media.jpeg', 'https://cdn-media.medialabtc.it/es/agencies/md006/estates/533769/images/8911838/gallery_media.jpeg', 'https://cdn-media.medialabtc.it/es/agencies/md006/estates/533769/images/8911833/gallery_media.jpeg', 'https://cdn-media.medialabtc.it/es/agencies/md006/estates/533769/images/8911824/gallery_media.jpeg', 'https://cdn-media.medialabtc.it/es/agencies/md006/estates/533769/images/8911834/gallery_media.jpeg', 'https://cdn-media.medialabtc.it/es/agencies/md006/estates/533769/images/8911827/gallery_media.jpeg', 'https://cdn-media.medialabtc.it/es/agencies/md006/estates/533769/images/8911832/gallery_media.jpeg']",0,Desconocido,0,0,0,0,0,F,0,0,"['imagenes_tecnocasa\\anuncio_151\\0.jpeg', 'imagenes_tecnocasa\\anuncio_151\\1.jpeg', 'imagenes_tecnocasa\\anuncio_151\\2.jpeg', 'imagenes_tecnocasa\\anuncio_151\\3.jpeg', 'imagenes_tecnocasa\\anuncio_151\\4.jpeg', 'imagenes_tecnocasa\\anuncio_151\\5.jpeg', 'imagenes_tecnocasa\\anuncio_151\\6.jpeg', 'imagenes_tecnocasa\\anuncio_151\\7.jpeg', 'imagenes_tecnocasa\\anuncio_151\\8.jpeg', 'imagenes_tecnocasa\\anuncio_151\\9.jpeg', 'imagenes_tecnocasa\\anuncio_151\\10.jpeg', 'imagenes_tecnocasa\\anuncio_151\\11.jpeg', 'imagenes_tecnocasa\\anuncio_151\\12.jpeg', 'imagenes_tecnocasa\\anuncio_151\\13.jpeg', 'imagenes_tecnocasa\\anuncio_151\\14.jpeg']",0,Popular,1960,0,0,0,piso,3,Madrid,"Simancas, Madrid",40.4167047,-3.7035825,151,3170.2127659574467,109.0,79.0,0.0,0.0,0.0,0.0,otro,pintura,abatible,estándar (2.4-2.8m),nada,2.6,2.8,convencional,"['#F5F5DC', '#FFF8DC', '#FAEBD7']",regular,False,convencional,limitado,ninguno,ninguno,básico,básica,ninguno,6.6,5.6,ninguna,5
https://www.tecnocasa.es/venta/piso/madrid/madrid/564882.html,280000.0,2,66.0,2,"Inmobiliaria en Opañel, San Isidro - Tecnocasa Estudio Inm San Isidro Agencia inmobiliaria de Madrid zona Carabanchel Tecnocasa ESTUDIO INM SAN ISIDRO SL
LICENCIA CONCEDIDA Y CONSTRUCCION INICIADA
EN VENTA Nueva promoción de obra nueva en Carabanchel. Son 5 viviendas de 2 dormitorios y 2 dos baños, todas ellas con trastero.
Se conforma por una bajo con un patio de 65 metros y 4 viviendas dúplex distribuidos de la siguiente manera: primera planta salón-cocina, dormitorio doble y un baño en la segunda planta dormitorio doble y un baño, incluido los áticos
Ubicada en la calle Vicenta Pachón 4, un emplazamiento tranquilo junto al parque de San Isidro,
La situación de la promoción facilita la comunicación a través de transporte público, ya que está cercana a la Estación de Metro de Urgel y varias líneas de autobuses urbanos por su cercanía a la calle General Ricardos.
Todas las viviendas contaran con calidades excelente, aerotérmica suelo radiante y refrescante. Ventanas Climalit con rotura de puente térmico oscilobatientes, viviendas exteriores con doble orientación, y por tanto con ventilación cruzada. Finca con ascensor.
Entrega estimada antes des septiembre de 2026.

Conseguimos la mejor hipoteca con nuestro departamento financiero KIRON hasta el 100%.",1,1,1,1,1,1,0,1,1,1,"['https://cdn-media.medialabtc.it/es/agencies/md057/estates/564882/images/7690158/gallery_media.jpeg', 'https://cdn-media.medialabtc.it/es/agencies/md057/estates/564882/images/7701855/gallery_media.jpeg', 'https://cdn-media.medialabtc.it/es/agencies/md057/estates/564882/images/7690136/gallery_media.jpeg', 'https://cdn-media.medialabtc.it/es/agencies/md057/estates/564882/images/7690164/gallery_media.jpeg', 'https://cdn-media.medialabtc.it/es/agencies/md057/estates/564882/images/7690166/gallery_media.jpeg', 'https://cdn-media.medialabtc.it/es/agencies/md057/estates/564882/images/7690163/gallery_media.jpeg', 'https://cdn-media.medialabtc.it/es/agencies/md057/estates/564882/images/7690135/gallery_media.jpeg', 'https://cdn-media.medialabtc.it/es/agencies/md057/estates/564882/images/7701856/gallery_media.jpeg', 'https://cdn-media.medialabtc.it/es/agencies/md057/estates/564882/images/7690159/gallery_media.jpeg', 'https://cdn-media.medialabtc.it/es/agencies/md057/estates/564882/images/7690133/gallery_media.jpeg', 'https://cdn-media.medialabtc.it/es/agencies/md057/estates/564882/images/7690161/gallery_media.jpeg', 'https://cdn-media.medialabtc.it/es/agencies/md057/estates/564882/images/7690168/gallery_media.jpeg', 'https://cdn-media.medialabtc.it/es/agencies/md057/estates/564882/images/7690165/gallery_media.jpeg', 'https://cdn-media.medialabtc.it/es/agencies/md057/estates/564882/images/7690160/gallery_media.jpeg', 'https://cdn-media.medialabtc.it/es/agencies/md057/estates/564882/images/7690134/gallery_media.jpeg', 'https://cdn-media.medialabtc.it/es/agencies/md057/estates/564882/images/7690167/gallery_media.jpeg']",0,Desconocido,0,1,0,0,0,B,0,0,"['imagenes_tecnocasa\\anuncio_152\\0.jpeg', 'imagenes_tecnocasa\\anuncio_152\\1.jpeg', 'imagenes_tecnocasa\\anuncio_152\\2.jpeg', 'imagenes_tecnocasa\\anuncio_152\\3.jpeg', 'imagenes_tecnocasa\\anuncio_152\\4.jpeg', 'imagenes_tecnocasa\\anuncio_152\\5.jpeg', 'imagenes_tecnocasa\\anuncio_152\\6.jpeg', 'imagenes_tecnocasa\\anuncio_152\\7.jpeg', 'imagenes_tecnocasa\\anuncio_152\\8.jpeg', 'imagenes_tecnocasa\\anuncio_152\\9.jpeg', 'imagenes_tecnocasa\\anuncio_152\\10.jpeg', 'imagenes_tecnocasa\\anuncio_152\\11.jpeg', 'imagenes_tecnocasa\\anuncio_152\\12.jpeg', 'imagenes_tecnocasa\\anuncio_152\\13.jpeg', 'imagenes_tecnocasa\\anuncio_152\\14.jpeg', 'imagenes_tecnocasa\\anuncio_152\\15.jpeg']",1,De época,2024,1,0,0,piso,4,Madrid,"Opañel - San Isidro, Madrid",40.4167047,-3.7035825,152,4242.424242424242,198.0,142.0,0.05000000000000002,0.5,1.0,0.0,otro,pintura,otro,estándar (2.4-2.8m),nada,2.4,3.4,otro,"['#000000', '#000000', '#000000']",regular,True,otro,otro,ninguno,ninguno,estándar,otro,ninguno,7.0,7.6,ninguna,5
https://www.tecnocasa.es/venta/piso/madrid/madrid/620950.html,310000.0,1,71.0,1,"Piso en Venta en Calle de San Marcelo, El Carmen, La Elipa, Ciudad Lineal Madrid

¡Descubre tu nuevo hogar en una de las zonas más tranquilas de Madrid! Este luminoso piso de 73 m² construidos se encuentra en la sexta planta de un edificio con dos ascensores y ofrece unas vistas inmejorables a los jardines de Ricardo Ortiz. Con tres acogedoras habitaciones, una de ellas principal, y un baño con plato de ducha y ventana, este espacio es perfecto para disfrutar de la comodidad y la tranquilidad que buscas.

La cocina independiente cuenta con un práctico tendedero, ideal para tus momentos de cocina y lavandería. Además, la entrada al portal ha sido recientemente reformada, lo que añade un toque moderno a la propiedad. La ubicación es inmejorable: a solo cinco minutos a pie del metro L5 (El Carmen) y L2 (La Elipa), lo que facilita el acceso al centro de la ciudad y a otras zonas de interés como el puente que da la entrada al parque de la Fuente del Berro.

Este piso no solo es un hogar, sino también una excelente oportunidad de inversión, con posibilidad de generar ingresos inmediatos hasta diciembre de 2026. Puedes adquirirlo con inquilino. La propiedad es apta para personas con movilidad reducida, lo que la convierte en una opción accesible para todos. ¡No dejes pasar esta oportunidad y ven a visitarlo!

¿Buscas viviendas de esta tipología? Acuda a nuestra oficina en la Calle Ricardo Ortiz 29 (Tecnocasa) y nuestros asesores le ampliaran la información sobre está u otras viviendas.
PASE SU PROPUESTA Y APROVECHE EL MOMENTO. En nuestra oficina también le podemos ofrecer asesoramiento financiero y profesional de forma gratuita y ofrecerle los productos financieros del mercado más ventajosos para usted.",1,0,1,1,1,1,0,1,1,1,"['https://cdn-media.medialabtc.it/es/agencies/md030/estates/620950/images/8988802/gallery_media.jpeg', 'https://cdn-media.medialabtc.it/es/agencies/md030/estates/620950/images/8988780/gallery_media.jpeg', 'https://cdn-media.medialabtc.it/es/agencies/md030/estates/620950/images/8988812/gallery_media.jpeg', 'https://cdn-media.medialabtc.it/es/agencies/md030/estates/620950/images/8988814/gallery_media.jpeg', 'https://cdn-media.medialabtc.it/es/agencies/md030/estates/620950/images/8988803/gallery_media.jpeg', 'https://cdn-media.medialabtc.it/es/agencies/md030/estates/620950/images/8988809/gallery_media.jpeg', 'https://cdn-media.medialabtc.it/es/agencies/md030/estates/620950/images/8988805/gallery_media.jpeg', 'https://cdn-media.medialabtc.it/es/agencies/md030/estates/620950/images/8988807/gallery_media.jpeg', 'https://cdn-media.medialabtc.it/es/agencies/md030/estates/620950/images/8988806/gallery_media.jpeg', 'https://cdn-media.medialabtc.it/es/agencies/md030/estates/620950/images/8988781/gallery_media.jpeg', 'https://cdn-media.medialabtc.it/es/agencies/md030/estates/620950/images/8988810/gallery_media.jpeg', 'https://cdn-media.medialabtc.it/es/agencies/md030/estates/620950/images/8988811/gallery_media.jpeg', 'https://cdn-media.medialabtc.it/es/agencies/md030/estates/620950/images/8988801/gallery_media.jpeg', 'https://cdn-media.medialabtc.it/es/agencies/md030/estates/620950/images/8988808/gallery_media.jpeg', 'https://cdn-media.medialabtc.it/es/agencies/md030/estates/620950/images/8988815/gallery_media.jpeg', 'https://cdn-media.medialabtc.it/es/agencies/md030/estates/620950/images/8988813/gallery_media.jpeg', 'https://cdn-media.medialabtc.it/es/agencies/md030/estates/620950/images/8988816/gallery_media.jpeg', 'https://cdn-media.medialabtc.it/es/agencies/md030/estates/620950/images/8988804/gallery_media.jpeg']",1,Desconocido,0,0,0,0,0,Desconocida,0,0,"['imagenes_tecnocasa\\anuncio_153\\0.jpeg', 'imagenes_tecnocasa\\anuncio_153\\1.jpeg', 'imagenes_tecnocasa\\anuncio_153\\2.jpeg', 'imagenes_tecnocasa\\anuncio_153\\3.jpeg', 'imagenes_tecnocasa\\anuncio_153\\4.jpeg', 'imagenes_tecnocasa\\anuncio_153\\5.jpeg', 'imagenes_tecnocasa\\anuncio_153\\6.jpeg', 'imagenes_tecnocasa\\anuncio_153\\7.jpeg', 'imagenes_tecnocasa\\anuncio_153\\8.jpeg', 'imagenes_tecnocasa\\anuncio_153\\9.jpeg', 'imagenes_tecnocasa\\anuncio_153\\10.jpeg', 'imagenes_tecnocasa\\anuncio_153\\11.jpeg', 'imagenes_tecnocasa\\anuncio_153\\12.jpeg', 'imagenes_tecnocasa\\anuncio_153\\13.jpeg', 'imagenes_tecnocasa\\anuncio_153\\14.jpeg', 'imagenes_tecnocasa\\anuncio_153\\15.jpeg', 'imagenes_tecnocasa\\anuncio_153\\16.jpeg', 'imagenes_tecnocasa\\anuncio_153\\17.jpeg']",0,Popular,1963,1,0,0,piso,6,Madrid,"Ventas, Madrid",40.4167047,-3.7035825,153,4366.197183098591,288.0,190.0,1.0,1.0,2.0,1.0,parquet,pintura,corredera,estándar (2.4-2.8m),nada,3.4,4.4,convencional,"['#F2F2F2', '#A9A9A9', '#FFFFFF']",buena,False,convencional,normal,ninguno,ninguno,estándar,básica,ninguno,7.4,6.4,ninguna,5
https://www.tecnocasa.es/venta/piso/madrid/fuenlabrada/618463.html,237000.0,3,88.0,1,"TECNOCASA FUENLABRADA zona Parque Europa - Fuenlabrada II - Cerro del Molino - Fuenlabrada Central VENDE Piso en CALLE FRANCIA, listo para entrar a vivir. Compuesto de 3 dormitorios, salón, cocina, baño y gran terraza con dos ambientes.
La luminosa y amplia vivienda dispone de suelo de gress, ventanas de aluminio, puertas en sapely y calefacción individual. Ademas la derrama de la fachada esta COMPLETAMENTE PAGADA.


Piso con Ascensor completamente exterior.


Ubicada en una de las mejores zonas de Fuenlabra, próxima a todos los servicios necesarios como hospital, colegios, supermercados, centro de salud, centro de día para mayores, zonas verdes y a escasos minutos de Renfe y Metro Fuenlabrada Central.


A 1 MINUTOS DE LA PARADA DE METRO PARQUE EUROPA. A 5 MINUTOS de FUENLABRADA CENTRAL ( AYUNTAMIENTO, JUZGADOS Y CENTRO COMERCIAL PLAZA DE LA ESTACION ).
A 10 MINUTOS A PIE DEL HOSPITAL DE FUENLABRADA.
A 5 MINUTOS A PIE DEL PARQUE DE LA SOLIDARIDAD.

Fácil acceso a la carretera M 506 comunicando con M 50, A 42, R 5, A 5

Zona con todos los servicios


AVISO LEGAL: Recordamos a nuestros Señores clientes que la información facilitada no constituye una auténtica oferta vinculante ni contractual. Este anuncio publicitario es provisional, y las fotografías y datos en él incluidos están sujetos a posibles modificaciones, consecuencia de exigencias comerciales, jurídicas, técnicas o por mandato expreso de la propiedad. La información aquí contenida procura reflejar una orientación sobre los inmuebles a la fecha de su publicación. La totalidad del contenido que aparece tiene carácter meramente informativo y aproximado, no teniendo, en modo alguno, carácter contractual. Tanto los datos, como las imágenes y planos pueden estar sujetos a cambios, por lo que le invitamos a que, si precisa una información más exacta y detallada, contacte con nosotros y le atenderemos a la mayor brevedad posible. Los contenidos tienen únicamente finalidad informativa y bajo ninguna circunstancia deben usarse ni considerarse como oferta de venta o financiación, solicitud de una oferta de compra o financiación, ni recomendación para realizar cualquier otra transacción, salvo que así se indique expresamente. La información y documentación a ofrecer de acuerdo con lo dispuesto en el Real Decreto 515/1989 (de 21 de abril, relativa a la protección de los consumidores en cuanto a la información a suministrar en la compraventa y arrendamiento de viviendas), será puesta a disposición de los potenciales compradores en las respectivas delegaciones territoriales gestoras del inmueble",1,1,1,1,1,1,0,1,1,1,"['https://cdn-media.medialabtc.it/es/agencies/md567/estates/618463/images/8916430/gallery_media.jpeg', 'https://cdn-media.medialabtc.it/es/agencies/md567/estates/618463/images/8916422/gallery_media.jpeg', 'https://cdn-media.medialabtc.it/es/agencies/md567/estates/618463/images/8916382/gallery_media.jpeg', 'https://cdn-media.medialabtc.it/es/agencies/md567/estates/618463/images/8916391/gallery_media.jpeg', 'https://cdn-media.medialabtc.it/es/agencies/md567/estates/618463/images/8916427/gallery_media.jpeg', 'https://cdn-media.medialabtc.it/es/agencies/md567/estates/618463/images/8916433/gallery_media.jpeg', 'https://cdn-media.medialabtc.it/es/agencies/md567/estates/618463/images/8916387/gallery_media.jpeg', 'https://cdn-media.medialabtc.it/es/agencies/md567/estates/618463/images/8916425/gallery_media.jpeg', 'https://cdn-media.medialabtc.it/es/agencies/md567/estates/618463/images/8916424/gallery_media.jpeg', 'https://cdn-media.medialabtc.it/es/agencies/md567/estates/618463/images/8916383/gallery_media.jpeg', 'https://cdn-media.medialabtc.it/es/agencies/md567/estates/618463/images/8916428/gallery_media.jpeg', 'https://cdn-media.medialabtc.it/es/agencies/md567/estates/618463/images/8916429/gallery_media.jpeg', 'https://cdn-media.medialabtc.it/es/agencies/md567/estates/618463/images/8916423/gallery_media.jpeg', 'https://cdn-media.medialabtc.it/es/agencies/md567/estates/618463/images/8916431/gallery_media.jpeg', 'https://cdn-media.medialabtc.it/es/agencies/md567/estates/618463/images/8916432/gallery_media.jpeg', 'https://cdn-media.medialabtc.it/es/agencies/md567/estates/618463/images/8916385/gallery_media.jpeg', 'https://cdn-media.medialabtc.it/es/agencies/md567/estates/618463/images/8916390/gallery_media.jpeg', 'https://cdn-media.medialabtc.it/es/agencies/md567/estates/618463/images/8916426/gallery_media.jpeg', 'https://cdn-media.medialabtc.it/es/agencies/md567/estates/618463/images/8916388/gallery_media.jpeg', 'https://cdn-media.medialabtc.it/es/agencies/md567/estates/618463/images/8916361/gallery_media.jpeg', 'https://cdn-media.medialabtc.it/es/agencies/md567/estates/618463/images/8916386/gallery_media.jpeg', 'https://cdn-media.medialabtc.it/es/agencies/md567/estates/618463/images/8916389/gallery_media.jpeg', 'https://cdn-media.medialabtc.it/es/agencies/md567/estates/618463/images/8916384/gallery_media.jpeg', 'https://cdn-media.medialabtc.it/es/agencies/md567/estates/618463/images/8916360/gallery_media.jpeg']",0,Desconocido,0,0,0,1,0,E,0,0,"['imagenes_tecnocasa\\anuncio_156\\0.jpeg', 'imagenes_tecnocasa\\anuncio_156\\1.jpeg', 'imagenes_tecnocasa\\anuncio_156\\2.jpeg', 'imagenes_tecnocasa\\anuncio_156\\3.jpeg', 'imagenes_tecnocasa\\anuncio_156\\4.jpeg', 'imagenes_tecnocasa\\anuncio_156\\5.jpeg', 'imagenes_tecnocasa\\anuncio_156\\6.jpeg', 'imagenes_tecnocasa\\anuncio_156\\7.jpeg', 'imagenes_tecnocasa\\anuncio_156\\8.jpeg', 'imagenes_tecnocasa\\anuncio_156\\9.jpeg', 'imagenes_tecnocasa\\anuncio_156\\10.jpeg', 'imagenes_tecnocasa\\anuncio_156\\11.jpeg', 'imagenes_tecnocasa\\anuncio_156\\12.jpeg', 'imagenes_tecnocasa\\anuncio_156\\13.jpeg', 'imagenes_tecnocasa\\anuncio_156\\14.jpeg', 'imagenes_tecnocasa\\anuncio_156\\15.jpeg', 'imagenes_tecnocasa\\anuncio_156\\16.jpeg', 'imagenes_tecnocasa\\anuncio_156\\17.jpeg', 'imagenes_tecnocasa\\anuncio_156\\18.jpeg', 'imagenes_tecnocasa\\anuncio_156\\19.jpeg', 'imagenes_tecnocasa\\anuncio_156\\20.jpeg', 'imagenes_tecnocasa\\anuncio_156\\21.jpeg', 'imagenes_tecnocasa\\anuncio_156\\22.jpeg', 'imagenes_tecnocasa\\anuncio_156\\23.jpeg']",0,Media,1980,0,0,0,piso,1,Fuenlabrada,Fuenlabrada,40.282476,-3.7923422,156,2693.181818181818,401.0,257.0,0.06666666666666667,0.27499999999999997,0.0,0.0,cerámica,pintura,corredera,estándar (2.4-2.8m),nada,3.2,3.0,convencional,"['#F5F5DC', '#DEB887', '#FFFFFF']",regular,False,convencional,limitado,ninguno,ninguno,básico,básica,ninguno,6.0,6.6,ninguna,5
https://www.tecnocasa.es/venta/piso/madrid/madrid/621936.html,455000.0,3,80.0,1,"Agencia inmobiliaria de MADRID - zona Avenida de la Ilustración - Barrio del Pilar - Peñagrande, Oficina Tecnocasa.

En venta: Acogedor piso en buen estado, ubicado en Puerto de Maspalomas. Con una distribución de 3 habitaciones, 1 baño completo, amplio salón comedor con terraza y cocina independiente con una segunda terraza cerrada.

Disfruta de aire acondicionado en el salón y ventilador de techo en habitación principal.
Situado en la quinta planta con altura de sexto, cuenta con dos ascensores y portero físico para tu comodidad y seguridad.

Además, posee excelentes conexiones de transporte público (autobús, metro y coche) y se encuentra a pocos metros de las principales vías de acceso M-30 y M-40. En la zona encontrarás una gran variedad de comercios, el centro comercial 'La Vaguada', centros escolares y sanitarios.

No te preocupes por la financiación, ofrecemos hasta el 100% y nuestro asesoramiento es gratuito y sin compromiso.
Financiación de hasta el 100% con nuestro departamento financiero, Kíron.
Asesoramiento gratuito y sin compromiso, no dude en consultarnos.
Visítenos también en nuestras redes sociales para más información:
Facebook: Tecnocasa Estudio Isla de Arosa. @tecnocasaisladearosa
Instagram: tecnocasa_isla_arosa

TECNOCASA, 25 años a su servicio,
¡Gracias por su confianza'.

Agente inmobiliario inscrito en el RAIN Nº 000159/18.",1,1,1,1,1,1,0,1,1,1,"['https://cdn-media.medialabtc.it/es/agencies/mdal6/estates/621936/images/9005494/gallery_media.jpeg', 'https://cdn-media.medialabtc.it/es/agencies/mdal6/estates/621936/images/9005530/gallery_media.jpeg', 'https://cdn-media.medialabtc.it/es/agencies/mdal6/estates/621936/images/9005540/gallery_media.jpeg', 'https://cdn-media.medialabtc.it/es/agencies/mdal6/estates/621936/images/9005537/gallery_media.jpeg', 'https://cdn-media.medialabtc.it/es/agencies/mdal6/estates/621936/images/9005501/gallery_media.jpeg', 'https://cdn-media.medialabtc.it/es/agencies/mdal6/estates/621936/images/9005544/gallery_media.jpeg', 'https://cdn-media.medialabtc.it/es/agencies/mdal6/estates/621936/images/9005492/gallery_media.jpeg', 'https://cdn-media.medialabtc.it/es/agencies/mdal6/estates/621936/images/9005528/gallery_media.jpeg', 'https://cdn-media.medialabtc.it/es/agencies/mdal6/estates/621936/images/9005536/gallery_media.jpeg', 'https://cdn-media.medialabtc.it/es/agencies/mdal6/estates/621936/images/9005491/gallery_media.jpeg', 'https://cdn-media.medialabtc.it/es/agencies/mdal6/estates/621936/images/9005539/gallery_media.jpeg', 'https://cdn-media.medialabtc.it/es/agencies/mdal6/estates/621936/images/9005535/gallery_media.jpeg', 'https://cdn-media.medialabtc.it/es/agencies/mdal6/estates/621936/images/9005495/gallery_media.jpeg', 'https://cdn-media.medialabtc.it/es/agencies/mdal6/estates/621936/images/9005543/gallery_media.jpeg', 'https://cdn-media.medialabtc.it/es/agencies/mdal6/estates/621936/images/9005526/gallery_media.jpeg', 'https://cdn-media.medialabtc.it/es/agencies/mdal6/estates/621936/images/9005522/gallery_media.jpeg', 'https://cdn-media.medialabtc.it/es/agencies/mdal6/estates/621936/images/9005498/gallery_media.jpeg', 'https://cdn-media.medialabtc.it/es/agencies/mdal6/estates/621936/images/9005497/gallery_media.jpeg', 'https://cdn-media.medialabtc.it/es/agencies/mdal6/estates/621936/images/9005541/gallery_media.jpeg', 'https://cdn-media.medialabtc.it/es/agencies/mdal6/estates/621936/images/9005529/gallery_media.jpeg', 'https://cdn-media.medialabtc.it/es/agencies/mdal6/estates/621936/images/9005527/gallery_media.jpeg', 'https://cdn-media.medialabtc.it/es/agencies/mdal6/estates/621936/images/9005523/gallery_media.jpeg', 'https://cdn-media.medialabtc.it/es/agencies/mdal6/estates/621936/images/9005499/gallery_media.jpeg', 'https://cdn-media.medialabtc.it/es/agencies/mdal6/estates/621936/images/9005542/gallery_media.jpeg', 'https://cdn-media.medialabtc.it/es/agencies/mdal6/estates/621936/images/9005496/gallery_media.jpeg', 'https://cdn-media.medialabtc.it/es/agencies/mdal6/estates/621936/images/9005490/gallery_media.jpeg', 'https://cdn-media.medialabtc.it/es/agencies/mdal6/estates/621936/images/9005500/gallery_media.jpeg', 'https://cdn-media.medialabtc.it/es/agencies/mdal6/estates/621936/images/9005524/gallery_media.jpeg']",0,Buen estado,0,0,0,1,1,E,0,0,"['imagenes_tecnocasa\\anuncio_157\\0.jpeg', 'imagenes_tecnocasa\\anuncio_157\\1.jpeg', 'imagenes_tecnocasa\\anuncio_157\\2.jpeg', 'imagenes_tecnocasa\\anuncio_157\\3.jpeg', 'imagenes_tecnocasa\\anuncio_157\\4.jpeg', 'imagenes_tecnocasa\\anuncio_157\\5.jpeg', 'imagenes_tecnocasa\\anuncio_157\\6.jpeg', 'imagenes_tecnocasa\\anuncio_157\\7.jpeg', 'imagenes_tecnocasa\\anuncio_157\\8.jpeg', 'imagenes_tecnocasa\\anuncio_157\\9.jpeg', 'imagenes_tecnocasa\\anuncio_157\\10.jpeg', 'imagenes_tecnocasa\\anuncio_157\\11.jpeg', 'imagenes_tecnocasa\\anuncio_157\\12.jpeg', 'imagenes_tecnocasa\\anuncio_157\\13.jpeg', 'imagenes_tecnocasa\\anuncio_157\\14.jpeg', 'imagenes_tecnocasa\\anuncio_157\\15.jpeg', 'imagenes_tecnocasa\\anuncio_157\\16.jpeg', 'imagenes_tecnocasa\\anuncio_157\\17.jpeg', 'imagenes_tecnocasa\\anuncio_157\\18.jpeg', 'imagenes_tecnocasa\\anuncio_157\\19.jpeg', 'imagenes_tecnocasa\\anuncio_157\\20.jpeg', 'imagenes_tecnocasa\\anuncio_157\\21.jpeg', 'imagenes_tecnocasa\\anuncio_157\\22.jpeg', 'imagenes_tecnocasa\\anuncio_157\\23.jpeg', 'imagenes_tecnocasa\\anuncio_157\\24.jpeg', 'imagenes_tecnocasa\\anuncio_157\\25.jpeg', 'imagenes_tecnocasa\\anuncio_157\\26.jpeg', 'imagenes_tecnocasa\\anuncio_157\\27.jpeg']",1,Popular,1963,1,0,1,piso,2,Fuencarral,"Fuencarral - Tres Olivos - Virgen De Begoña, Madrid",40.426213,-3.7009931,157,5687.5,204.0,147.0,0.0,0.0,1.0,0.0,parquet,pintura,corredera,estándar (2.4-2.8m),nada,4.2,5.0,moderno,"['#F2F2F2', '#FFFFFF', '#A0A0A0']",buena,True,convencional,limitado,balcón,ninguno,estándar,parcialmente equipada,ninguno,7.2,6.6,ninguna,5
https://www.tecnocasa.es/venta/piso/madrid/fuenlabrada/617183.html,197000.0,3,78.0,1,"La agencia inmobiliaria TECNOCASA FUENLABRADA zona Fuenlabrada II - Fuenlabrada Central - Cerro del Molino VENDE Piso en CALLE ITALIA, VIVIENDA DE SEGUNDA MANO, compuesto de 3 dormitorios, amplio salón, Terraza cerrada, cocina y tendedero.

Piso con Ascensor completamente exterior.

La amplia vivienda dispone de calefaccion central, suelo de parquet y ventanas de Aluminio. Ademas de que la finca tenga la fachada rehabilitada.

Próxima a todos los servicios necesarios como colegios, supermercados, centro de salud, centro de día para mayores, zonas verdes y a escasos minutos de Renfe y Metro Fuenlabrada Central.

Zona perfecta con transito de familias con zonas verdes en el entorno.

A 5 MINUTOS de FUENLABRADA CENTRAL ( AYUNTAMIENTO, JUZGADOS Y CENTRO COMERCIAL PLAZA DE LA ESTACION )
A 3 MINUTOS DE LA PARADA DE METRO PARQUE EUROPA
A 5 MINUTOS A PIE DEL PARQUE DE LA SOLIDARIDAD
PROXIMAMENTE AMPLIACION DEL REPORTAJE FOTOGRAFICO.

Fácil acceso a la carretera M 506 comunicando con M 50, A 42, R 5, A 5
Hospital de Fuenlabrada a 10 minutos
Zona con todos los servicios
Este anuncio publicitario es provisional, y las fotografías y datos en él incluidos están sujetos a posibles modificaciones, consecuencia de exigencias comerciales, jurídicas, técnicas o por mandato expreso de la propiedad. La información aquí contenida procura reflejar una orientación sobre los inmuebles a la fecha de su publicación. Tanto los datos, como las imágenes y planos pueden estar sujetos a cambios, por lo que le invitamos a que, si precisa una información más exacta y detallada, contacte con nosotros y le atenderemos a la mayor brevedad posible. Los contenidos tienen únicamente finalidad informativa y bajo ninguna circunstancia deben usarse ni considerarse como oferta de venta o financiación, solicitud de una oferta de compra o financiación, ni recomendación para realizar cualquier otra transacción, salvo que así se indique expresamente. La información y documentación a ofrecer de acuerdo con lo dispuesto en el Real Decreto 515/1989 (de 21 de abril, relativa a la protección de los consumidores en cuanto a la información a suministrar en la compraventa y arrendamiento de viviendas), será puesta a disposición de los potenciales compradores en las respectivas delegaciones territoriales gestoras del inmueble.",1,1,1,1,1,1,0,1,1,1,"['https://cdn-media.medialabtc.it/es/agencies/md567/estates/617183/images/9004912/gallery_media.jpeg', 'https://cdn-media.medialabtc.it/es/agencies/md567/estates/617183/images/9004914/gallery_media.jpeg', 'https://cdn-media.medialabtc.it/es/agencies/md567/estates/617183/images/9004919/gallery_media.jpeg', 'https://cdn-media.medialabtc.it/es/agencies/md567/estates/617183/images/9005008/gallery_media.jpeg', 'https://cdn-media.medialabtc.it/es/agencies/md567/estates/617183/images/9004917/gallery_media.jpeg', 'https://cdn-media.medialabtc.it/es/agencies/md567/estates/617183/images/9004918/gallery_media.jpeg', 'https://cdn-media.medialabtc.it/es/agencies/md567/estates/617183/images/9004920/gallery_media.jpeg', 'https://cdn-media.medialabtc.it/es/agencies/md567/estates/617183/images/9004910/gallery_media.jpeg', 'https://cdn-media.medialabtc.it/es/agencies/md567/estates/617183/images/9004913/gallery_media.jpeg', 'https://cdn-media.medialabtc.it/es/agencies/md567/estates/617183/images/9004915/gallery_media.jpeg', 'https://cdn-media.medialabtc.it/es/agencies/md567/estates/617183/images/9005005/gallery_media.jpeg', 'https://cdn-media.medialabtc.it/es/agencies/md567/estates/617183/images/9004921/gallery_media.jpeg', 'https://cdn-media.medialabtc.it/es/agencies/md567/estates/617183/images/9005007/gallery_media.jpeg', 'https://cdn-media.medialabtc.it/es/agencies/md567/estates/617183/images/9004911/gallery_media.jpeg', 'https://cdn-media.medialabtc.it/es/agencies/md567/estates/617183/images/9005006/gallery_media.jpeg', 'https://cdn-media.medialabtc.it/es/agencies/md567/estates/617183/images/9005002/gallery_media.jpeg', 'https://cdn-media.medialabtc.it/es/agencies/md567/estates/617183/images/9005003/gallery_media.jpeg', 'https://cdn-media.medialabtc.it/es/agencies/md567/estates/617183/images/9004916/gallery_media.jpeg', 'https://cdn-media.medialabtc.it/es/agencies/md567/estates/617183/images/9005004/gallery_media.jpeg']",0,Desconocido,0,0,0,1,0,F,0,0,"['imagenes_tecnocasa\\anuncio_158\\0.jpeg', 'imagenes_tecnocasa\\anuncio_158\\1.jpeg', 'imagenes_tecnocasa\\anuncio_158\\2.jpeg', 'imagenes_tecnocasa\\anuncio_158\\3.jpeg', 'imagenes_tecnocasa\\anuncio_158\\4.jpeg', 'imagenes_tecnocasa\\anuncio_158\\5.jpeg', 'imagenes_tecnocasa\\anuncio_158\\6.jpeg', 'imagenes_tecnocasa\\anuncio_158\\7.jpeg', 'imagenes_tecnocasa\\anuncio_158\\8.jpeg', 'imagenes_tecnocasa\\anuncio_158\\9.jpeg', 'imagenes_tecnocasa\\anuncio_158\\10.jpeg', 'imagenes_tecnocasa\\anuncio_158\\11.jpeg', 'imagenes_tecnocasa\\anuncio_158\\12.jpeg', 'imagenes_tecnocasa\\anuncio_158\\13.jpeg', 'imagenes_tecnocasa\\anuncio_158\\14.jpeg', 'imagenes_tecnocasa\\anuncio_158\\15.jpeg', 'imagenes_tecnocasa\\anuncio_158\\16.jpeg', 'imagenes_tecnocasa\\anuncio_158\\17.jpeg', 'imagenes_tecnocasa\\anuncio_158\\18.jpeg']",0,Popular,1985,0,0,0,piso,8,Fuenlabrada,Fuenlabrada,40.282476,-3.7923422,158,2525.641025641026,359.0,231.0,0.04,0.26,1.0,0.0,parquet,pintura,corredera,estándar (2.4-2.8m),nada,3.2,2.6,clásico,"['#F5F5DC', '#FFFFFF', '#A0522D']",regular,False,convencional,limitado,ninguno,ninguno,estándar,básica,ninguno,6.2,6.8,ninguna,5
https://www.tecnocasa.es/venta/piso/madrid/fuenlabrada/619353.html,235000.0,3,80.0,1,"TECNOCASA FUENLABRADA zona Parque Europa - Fuenlabrada II - Cerro del Molino - Fuenlabrada Central VENDE Piso en AVENIDA DE LAS NACIONES, listo para entrar a vivir. Compuesto de 3 dormitorios, salón, cocina, baño, terraza abierta y trastero.
La luminosa y amplia vivienda completamente REFORMADA dispone de suelo de gress, ventanas de climalit blanco, puertas en sapely y calefacción individual a gas..


Piso con dos ascensor completamente exterior.


Ubicada en una de las mejores zonas de Fuenlabra, próxima a todos los servicios necesarios como hospital, colegios, supermercados, centro de salud, centro de día para mayores, zonas verdes y a escasos minutos de Renfe y Metro Fuenlabrada Central.


A 1 MINUTOS DE LA PARADA DE METRO PARQUE EUROPA. A 5 MINUTOS de FUENLABRADA CENTRAL ( AYUNTAMIENTO, JUZGADOS Y CENTRO COMERCIAL PLAZA DE LA ESTACION ).
A 10 MINUTOS A PIE DEL HOSPITAL DE FUENLABRADA.
A 5 MINUTOS A PIE DEL PARQUE DE LA SOLIDARIDAD.

Fácil acceso a la carretera M 506 comunicando con M 50, A 42, R 5, A 5

Zona con todos los servicios


AVISO LEGAL: Recordamos a nuestros Señores clientes que la información facilitada no constituye una auténtica oferta vinculante ni contractual. Este anuncio publicitario es provisional, y las fotografías y datos en él incluidos están sujetos a posibles modificaciones, consecuencia de exigencias comerciales, jurídicas, técnicas o por mandato expreso de la propiedad. La información aquí contenida procura reflejar una orientación sobre los inmuebles a la fecha de su publicación. La totalidad del contenido que aparece tiene carácter meramente informativo y aproximado, no teniendo, en modo alguno, carácter contractual. Tanto los datos, como las imágenes y planos pueden estar sujetos a cambios, por lo que le invitamos a que, si precisa una información más exacta y detallada, contacte con nosotros y le atenderemos a la mayor brevedad posible. Los contenidos tienen únicamente finalidad informativa y bajo ninguna circunstancia deben usarse ni considerarse como oferta de venta o financiación, solicitud de una oferta de compra o financiación, ni recomendación para realizar cualquier otra transacción, salvo que así se indique expresamente. La información y documentación a ofrecer de acuerdo con lo dispuesto en el Real Decreto 515/1989 (de 21 de abril, relativa a la protección de los consumidores en cuanto a la información a suministrar en la compraventa y arrendamiento de viviendas), será puesta a disposición de los potenciales compradores en las respectivas delegaciones territoriales gestoras del inmueble",1,1,1,1,1,1,0,1,1,1,"['https://cdn-media.medialabtc.it/es/agencies/md567/estates/619353/images/8943875/gallery_media.jpeg', 'https://cdn-media.medialabtc.it/es/agencies/md567/estates/619353/images/8943881/gallery_media.jpeg', 'https://cdn-media.medialabtc.it/es/agencies/md567/estates/619353/images/8943880/gallery_media.jpeg', 'https://cdn-media.medialabtc.it/es/agencies/md567/estates/619353/images/8944074/gallery_media.jpeg', 'https://cdn-media.medialabtc.it/es/agencies/md567/estates/619353/images/8943968/gallery_media.jpeg', 'https://cdn-media.medialabtc.it/es/agencies/md567/estates/619353/images/8943970/gallery_media.jpeg', 'https://cdn-media.medialabtc.it/es/agencies/md567/estates/619353/images/8943876/gallery_media.jpeg', 'https://cdn-media.medialabtc.it/es/agencies/md567/estates/619353/images/8943914/gallery_media.jpeg', 'https://cdn-media.medialabtc.it/es/agencies/md567/estates/619353/images/8943915/gallery_media.jpeg', 'https://cdn-media.medialabtc.it/es/agencies/md567/estates/619353/images/8943926/gallery_media.jpeg', 'https://cdn-media.medialabtc.it/es/agencies/md567/estates/619353/images/8943923/gallery_media.jpeg', 'https://cdn-media.medialabtc.it/es/agencies/md567/estates/619353/images/8943967/gallery_media.jpeg', 'https://cdn-media.medialabtc.it/es/agencies/md567/estates/619353/images/8943922/gallery_media.jpeg', 'https://cdn-media.medialabtc.it/es/agencies/md567/estates/619353/images/8943879/gallery_media.jpeg', 'https://cdn-media.medialabtc.it/es/agencies/md567/estates/619353/images/8943924/gallery_media.jpeg', 'https://cdn-media.medialabtc.it/es/agencies/md567/estates/619353/images/8943966/gallery_media.jpeg', 'https://cdn-media.medialabtc.it/es/agencies/md567/estates/619353/images/8944073/gallery_media.jpeg', 'https://cdn-media.medialabtc.it/es/agencies/md567/estates/619353/images/8943969/gallery_media.jpeg', 'https://cdn-media.medialabtc.it/es/agencies/md567/estates/619353/images/8943877/gallery_media.jpeg', 'https://cdn-media.medialabtc.it/es/agencies/md567/estates/619353/images/8943872/gallery_media.jpeg', 'https://cdn-media.medialabtc.it/es/agencies/md567/estates/619353/images/8943878/gallery_media.jpeg', 'https://cdn-media.medialabtc.it/es/agencies/md567/estates/619353/images/8943874/gallery_media.jpeg', 'https://cdn-media.medialabtc.it/es/agencies/md567/estates/619353/images/8943925/gallery_media.jpeg', 'https://cdn-media.medialabtc.it/es/agencies/md567/estates/619353/images/8944072/gallery_media.jpeg', 'https://cdn-media.medialabtc.it/es/agencies/md567/estates/619353/images/8944071/gallery_media.jpeg', 'https://cdn-media.medialabtc.it/es/agencies/md567/estates/619353/images/8943971/gallery_media.jpeg']",0,Desconocido,0,1,0,1,0,E,0,0,"['imagenes_tecnocasa\\anuncio_159\\0.jpeg', 'imagenes_tecnocasa\\anuncio_159\\1.jpeg', 'imagenes_tecnocasa\\anuncio_159\\2.jpeg', 'imagenes_tecnocasa\\anuncio_159\\3.jpeg', 'imagenes_tecnocasa\\anuncio_159\\4.jpeg', 'imagenes_tecnocasa\\anuncio_159\\5.jpeg', 'imagenes_tecnocasa\\anuncio_159\\6.jpeg', 'imagenes_tecnocasa\\anuncio_159\\7.jpeg', 'imagenes_tecnocasa\\anuncio_159\\8.jpeg', 'imagenes_tecnocasa\\anuncio_159\\9.jpeg', 'imagenes_tecnocasa\\anuncio_159\\10.jpeg', 'imagenes_tecnocasa\\anuncio_159\\11.jpeg', 'imagenes_tecnocasa\\anuncio_159\\12.jpeg', 'imagenes_tecnocasa\\anuncio_159\\13.jpeg', 'imagenes_tecnocasa\\anuncio_159\\14.jpeg', 'imagenes_tecnocasa\\anuncio_159\\15.jpeg', 'imagenes_tecnocasa\\anuncio_159\\16.jpeg', 'imagenes_tecnocasa\\anuncio_159\\17.jpeg', 'imagenes_tecnocasa\\anuncio_159\\18.jpeg', 'imagenes_tecnocasa\\anuncio_159\\19.jpeg', 'imagenes_tecnocasa\\anuncio_159\\20.jpeg', 'imagenes_tecnocasa\\anuncio_159\\21.jpeg', 'imagenes_tecnocasa\\anuncio_159\\22.jpeg', 'imagenes_tecnocasa\\anuncio_159\\23.jpeg', 'imagenes_tecnocasa\\anuncio_159\\24.jpeg', 'imagenes_tecnocasa\\anuncio_159\\25.jpeg']",0,Media,1978,1,0,0,piso,2,Fuenlabrada,Fuenlabrada,40.282476,-3.7923422,159,2937.5,398.0,255.0,0.06666666666666667,0.27499999999999997,0.0,0.0,cerámica,pintura,corredera,estándar (2.4-2.8m),nada,3.6,4.0,convencional,"['#D2B48C', '#A0522D', '#800000']",buena,False,convencional,normal,ninguno,ninguno,estándar,básica,ninguno,6.6,6.4,ninguna,5
https://www.tecnocasa.es/venta/piso/madrid/madrid/616761.html,199900.0,2,57.0,1,"Descubre este encantador piso en el corazón del municipio de Madrid, ideal para quienes buscan comodidad y estilo esta propiedad ofrece un ambiente acogedor y funcional. Cuenta con dos dormitorios bien distribuidos, perfectos para descansar y disfrutar de la tranquilidad del hogar. El salón es un espacio luminoso que se conecta con una terraza privada, ideal para disfrutar de momentos al aire libre. La cocina está equipada para satisfacer tus necesidades diarias, mientras que el baño completo ofrece confort y practicidad. Ubicado en un edificio señorial de 1970, este piso cuenta con ascensor para mayor comodidad. Además, dispone de aire acondicionado, asegurando un ambiente agradable durante todo el año. Esta propiedad es una excelente oportunidad para quienes desean vivir en una zona con historia y encanto, sin renunciar a las comodidades modernas. ¡No dejes pasar esta oportunidad!",1,1,1,1,1,1,0,1,1,1,"['https://cdn-media.medialabtc.it/es/agencies/md630/estates/616761/images/8928630/gallery_media.jpeg', 'https://cdn-media.medialabtc.it/es/agencies/md630/estates/616761/images/9005805/gallery_media.jpeg', 'https://cdn-media.medialabtc.it/es/agencies/md630/estates/616761/images/8932330/gallery_media.jpeg', 'https://cdn-media.medialabtc.it/es/agencies/md630/estates/616761/images/9005808/gallery_media.jpeg', 'https://cdn-media.medialabtc.it/es/agencies/md630/estates/616761/images/8932329/gallery_media.jpeg', 'https://cdn-media.medialabtc.it/es/agencies/md630/estates/616761/images/9005806/gallery_media.jpeg', 'https://cdn-media.medialabtc.it/es/agencies/md630/estates/616761/images/8932334/gallery_media.jpeg', 'https://cdn-media.medialabtc.it/es/agencies/md630/estates/616761/images/9005809/gallery_media.jpeg', 'https://cdn-media.medialabtc.it/es/agencies/md630/estates/616761/images/9005811/gallery_media.jpeg', 'https://cdn-media.medialabtc.it/es/agencies/md630/estates/616761/images/8932335/gallery_media.jpeg', 'https://cdn-media.medialabtc.it/es/agencies/md630/estates/616761/images/8932427/gallery_media.jpeg', 'https://cdn-media.medialabtc.it/es/agencies/md630/estates/616761/images/9005807/gallery_media.jpeg', 'https://cdn-media.medialabtc.it/es/agencies/md630/estates/616761/images/8928626/gallery_media.jpeg', 'https://cdn-media.medialabtc.it/es/agencies/md630/estates/616761/images/8932426/gallery_media.jpeg', 'https://cdn-media.medialabtc.it/es/agencies/md630/estates/616761/images/9005804/gallery_media.jpeg', 'https://cdn-media.medialabtc.it/es/agencies/md630/estates/616761/images/8932333/gallery_media.jpeg', 'https://cdn-media.medialabtc.it/es/agencies/md630/estates/616761/images/9005802/gallery_media.jpeg', 'https://cdn-media.medialabtc.it/es/agencies/md630/estates/616761/images/8928628/gallery_media.jpeg', 'https://cdn-media.medialabtc.it/es/agencies/md630/estates/616761/images/8928629/gallery_media.jpeg', 'https://cdn-media.medialabtc.it/es/agencies/md630/estates/616761/images/8932336/gallery_media.jpeg', 'https://cdn-media.medialabtc.it/es/agencies/md630/estates/616761/images/9005810/gallery_media.jpeg', 'https://cdn-media.medialabtc.it/es/agencies/md630/estates/616761/images/9005803/gallery_media.jpeg', 'https://cdn-media.medialabtc.it/es/agencies/md630/estates/616761/images/8932332/gallery_media.jpeg', 'https://cdn-media.medialabtc.it/es/agencies/md630/estates/616761/images/8928627/gallery_media.jpeg']",0,Desconocido,0,0,0,1,0,E,0,0,"['imagenes_tecnocasa\\anuncio_160\\0.jpeg', 'imagenes_tecnocasa\\anuncio_160\\1.jpeg', 'imagenes_tecnocasa\\anuncio_160\\2.jpeg', 'imagenes_tecnocasa\\anuncio_160\\3.jpeg', 'imagenes_tecnocasa\\anuncio_160\\4.jpeg', 'imagenes_tecnocasa\\anuncio_160\\5.jpeg', 'imagenes_tecnocasa\\anuncio_160\\6.jpeg', 'imagenes_tecnocasa\\anuncio_160\\7.jpeg', 'imagenes_tecnocasa\\anuncio_160\\8.jpeg', 'imagenes_tecnocasa\\anuncio_160\\9.jpeg', 'imagenes_tecnocasa\\anuncio_160\\10.jpeg', 'imagenes_tecnocasa\\anuncio_160\\11.jpeg', 'imagenes_tecnocasa\\anuncio_160\\12.jpeg', 'imagenes_tecnocasa\\anuncio_160\\13.jpeg', 'imagenes_tecnocasa\\anuncio_160\\14.jpeg', 'imagenes_tecnocasa\\anuncio_160\\15.jpeg', 'imagenes_tecnocasa\\anuncio_160\\16.jpeg', 'imagenes_tecnocasa\\anuncio_160\\17.jpeg', 'imagenes_tecnocasa\\anuncio_160\\18.jpeg', 'imagenes_tecnocasa\\anuncio_160\\19.jpeg', 'imagenes_tecnocasa\\anuncio_160\\20.jpeg', 'imagenes_tecnocasa\\anuncio_160\\21.jpeg', 'imagenes_tecnocasa\\anuncio_160\\22.jpeg', 'imagenes_tecnocasa\\anuncio_160\\23.jpeg']",1,Señorial,1960,1,0,1,piso,1,Madrid,"Palomeras - Portazgo, Madrid",40.4167047,-3.7035825,160,3507.0175438596493,137.0,99.0,0.95,1.0,1.0,1.0,cerámica,pintura,corredera,estándar (2.4-2.8m),nada,3.0,2.4,convencional,"['#D2B48C', '#FFFFFF', '#A0522D']",regular,False,convencional,limitado,ninguno,ninguno,estándar,básica,ninguno,6.4,6.6,ninguna,5
https://www.tecnocasa.es/venta/piso/madrid/madrid/620553.html,240000.0,3,84.0,1,"Agencia inmobiliaria de Madrid - zona Gómez Ulla, Fátima, Vista Alegre - Tecnocasa Estudio Carabanchel - Gómez Ulla Sl
Piso en venta en calle Juana Urosa.
84m2 de 3 dormitorios, amplio salón independiente, cocina completa y baño con plato de ducha.
Segunda planta sin ascensor. Calefacción centralizada.
Piso semi-exterior muy luminoso.
Zona con variedad de servicios (transporte público, comercios, colegios... )
Muy cerca de calles principales como la Calle Oca y Calle General Ricardos.
Muy cerca del metro de Carabanchel (L5) y Vista Alegre (L5).",1,1,1,1,1,1,1,1,1,1,"['https://cdn-media.medialabtc.it/es/agencies/mdax2/estates/620553/images/8970591/gallery_media.jpeg', 'https://cdn-media.medialabtc.it/es/agencies/mdax2/estates/620553/images/8970584/gallery_media.jpeg', 'https://cdn-media.medialabtc.it/es/agencies/mdax2/estates/620553/images/8970571/gallery_media.jpeg', 'https://cdn-media.medialabtc.it/es/agencies/mdax2/estates/620553/images/8970577/gallery_media.jpeg', 'https://cdn-media.medialabtc.it/es/agencies/mdax2/estates/620553/images/8970573/gallery_media.jpeg', 'https://cdn-media.medialabtc.it/es/agencies/mdax2/estates/620553/images/8970587/gallery_media.jpeg', 'https://cdn-media.medialabtc.it/es/agencies/mdax2/estates/620553/images/8970588/gallery_media.jpeg', 'https://cdn-media.medialabtc.it/es/agencies/mdax2/estates/620553/images/8970581/gallery_media.jpeg', 'https://cdn-media.medialabtc.it/es/agencies/mdax2/estates/620553/images/8970589/gallery_media.jpeg', 'https://cdn-media.medialabtc.it/es/agencies/mdax2/estates/620553/images/8970585/gallery_media.jpeg', 'https://cdn-media.medialabtc.it/es/agencies/mdax2/estates/620553/images/8970582/gallery_media.jpeg', 'https://cdn-media.medialabtc.it/es/agencies/mdax2/estates/620553/images/8970574/gallery_media.jpeg', 'https://cdn-media.medialabtc.it/es/agencies/mdax2/estates/620553/images/8970576/gallery_media.jpeg', 'https://cdn-media.medialabtc.it/es/agencies/mdax2/estates/620553/images/8970590/gallery_media.jpeg', 'https://cdn-media.medialabtc.it/es/agencies/mdax2/estates/620553/images/8970578/gallery_media.jpeg', 'https://cdn-media.medialabtc.it/es/agencies/mdax2/estates/620553/images/8970579/gallery_media.jpeg', 'https://cdn-media.medialabtc.it/es/agencies/mdax2/estates/620553/images/8970572/gallery_media.jpeg', 'https://cdn-media.medialabtc.it/es/agencies/mdax2/estates/620553/images/8970575/gallery_media.jpeg', 'https://cdn-media.medialabtc.it/es/agencies/mdax2/estates/620553/images/8992449/gallery_media.jpeg', 'https://cdn-media.medialabtc.it/es/agencies/mdax2/estates/620553/images/8970583/gallery_media.jpeg', 'https://cdn-media.medialabtc.it/es/agencies/mdax2/estates/620553/images/8970586/gallery_media.jpeg', 'https://cdn-media.medialabtc.it/es/agencies/mdax2/estates/620553/images/8970580/gallery_media.jpeg']",0,Desconocido,0,0,0,0,0,E,0,0,"['imagenes_tecnocasa\\anuncio_161\\0.jpeg', 'imagenes_tecnocasa\\anuncio_161\\1.jpeg', 'imagenes_tecnocasa\\anuncio_161\\2.jpeg', 'imagenes_tecnocasa\\anuncio_161\\3.jpeg', 'imagenes_tecnocasa\\anuncio_161\\4.jpeg', 'imagenes_tecnocasa\\anuncio_161\\5.jpeg', 'imagenes_tecnocasa\\anuncio_161\\6.jpeg', 'imagenes_tecnocasa\\anuncio_161\\7.jpeg', 'imagenes_tecnocasa\\anuncio_161\\8.jpeg', 'imagenes_tecnocasa\\anuncio_161\\9.jpeg', 'imagenes_tecnocasa\\anuncio_161\\10.jpeg', 'imagenes_tecnocasa\\anuncio_161\\11.jpeg', 'imagenes_tecnocasa\\anuncio_161\\12.jpeg', 'imagenes_tecnocasa\\anuncio_161\\13.jpeg', 'imagenes_tecnocasa\\anuncio_161\\14.jpeg', 'imagenes_tecnocasa\\anuncio_161\\15.jpeg', 'imagenes_tecnocasa\\anuncio_161\\16.jpeg', 'imagenes_tecnocasa\\anuncio_161\\17.jpeg', 'imagenes_tecnocasa\\anuncio_161\\18.jpeg', 'imagenes_tecnocasa\\anuncio_161\\19.jpeg', 'imagenes_tecnocasa\\anuncio_161\\20.jpeg', 'imagenes_tecnocasa\\anuncio_161\\21.jpeg']",0,Popular,1969,1,0,0,piso,2,Madrid,"Vista Alegre, Madrid",40.4167047,-3.7035825,161,2857.1428571428573,85.0,66.0,0.05000000000000002,0.5,2.0,0.0,parquet,pintura,corredera,estándar (2.4-2.8m),nada,3.4,3.2,convencional,"['#F0E68C', '#A0522D', '#8B4513']",regular,False,convencional,limitado,ninguno,ninguno,estándar,básica,ninguno,6.2,5.8,ninguna,5
https://www.tecnocasa.es/venta/piso/madrid/madrid/621808.html,500000.0,1,58.0,1,"Agencia inmobiliaria de MADRID - zona NUEVA ESPAÑA - HISPANOAMÉRICA - CHAMARTÍN - CASTELLANA - PÍO XII - Oficina Tecnocasa alquila:

vivienda de un dormitorio con armario empotrado de gran capacidad. Cocina independiente, equipada con lo necesario. Salón luminoso y tranquilo. Baño completo en buen estado. La vivienda y dispone de trastero está lista para entrar a vivir, perfecta para una persona sola o una pareja.

Ubicada en zona con buena conexión de transporte y servicios cercanos.

La finca dispone de portero físico, acceso habilitado para personas con
movilidad reducida y ascensor.

Hispanoamérica es un barrio del distrito de Chamartín, situado en la zona noreste de la ciudad de Madrid. Es uno de los barrios con mayor afluencia de la capital y del país. Entre los residentes (históricos y actuales) destacados se incluyen Dámaso Alonso, Florentino Pérez, Gloria Fuertes o Pío García Escudero.

Se trata de un barrio residencial y tranquilo. En él se pueden encontrar varias embajadas. Dispone de zonas verdes, población de identidad homogénea, así como diversidad de oferta educativa y multitud de comercio.

Cercanías: Las estaciones más cercanas son Nuevos Ministerios y Chamartín. Se puede llegar a Nuevos Ministerios mediante la línea 10 de metro y las líneas 14, 27, 147 y 150 de la EMT, mientras que a Chamartín se puede llegar mediante las líneas 1 y 10 de metro también y la línea 5 de la EMT.
Metro de Madrid: Líneas 1, 9 y 10.
La línea 1 da servicio al extremo nororiental del barrio con la estación Plaza de Castilla
La línea 9 da servicio al corazón del barrio con las estaciones Colombia, Pío XII, Duque de Pastrana y Plaza de Castilla.
La línea 10 da servicio al oeste del barrio con las estaciones Cuzco y Plaza de Castilla.
Autobuses: Multitud de posibilidades, debido a su condición de lugar de paso y a poseer el intercambiador de Plaza de Castilla.

Financiación de hasta el 100% con nuestro departamento financiero, Kíron. Asesoramiento gratuito y sin compromiso, no dude en consultarnos.
TECNOCASA, 25 años a su servicio, ¡Gracias por su confianza! .
Agente inmobiliario inscrito en el RAIN.",1,1,1,1,1,1,1,1,1,1,"['https://cdn-media.medialabtc.it/es/agencies/md115/estates/621808/images/9000839/gallery_media.jpeg', 'https://cdn-media.medialabtc.it/es/agencies/md115/estates/621808/images/9000836/gallery_media.jpeg', 'https://cdn-media.medialabtc.it/es/agencies/md115/estates/621808/images/9000832/gallery_media.jpeg', 'https://cdn-media.medialabtc.it/es/agencies/md115/estates/621808/images/9000833/gallery_media.jpeg', 'https://cdn-media.medialabtc.it/es/agencies/md115/estates/621808/images/9000834/gallery_media.jpeg', 'https://cdn-media.medialabtc.it/es/agencies/md115/estates/621808/images/9000835/gallery_media.jpeg', 'https://cdn-media.medialabtc.it/es/agencies/md115/estates/621808/images/9000837/gallery_media.jpeg', 'https://cdn-media.medialabtc.it/es/agencies/md115/estates/621808/images/9000838/gallery_media.jpeg', 'https://cdn-media.medialabtc.it/es/agencies/md115/estates/621808/images/9000831/gallery_media.jpeg']",0,Buen estado,0,1,0,0,1,E,0,0,"['imagenes_tecnocasa\\anuncio_162\\0.jpeg', 'imagenes_tecnocasa\\anuncio_162\\1.jpeg', 'imagenes_tecnocasa\\anuncio_162\\2.jpeg', 'imagenes_tecnocasa\\anuncio_162\\3.jpeg', 'imagenes_tecnocasa\\anuncio_162\\4.jpeg', 'imagenes_tecnocasa\\anuncio_162\\5.jpeg', 'imagenes_tecnocasa\\anuncio_162\\6.jpeg', 'imagenes_tecnocasa\\anuncio_162\\7.jpeg', 'imagenes_tecnocasa\\anuncio_162\\8.jpeg']",1,Popular,1939,1,0,1,piso,2,Madrid,"Prosperidad, Madrid",40.4167047,-3.7035825,162,8620.689655172413,352.0,213.0,0.0,0.0,2.0,0.0,parquet,pintura,corredera,estándar (2.4-2.8m),nada,4.0,4.2,convencional,"['#F2E9E4', '#D2B48C', '#FFFFFF']",buena,False,convencional,limitado,ninguno,ninguno,estándar,básica,ninguno,6.2,6.0,ninguna,5
https://www.tecnocasa.es/venta/piso/madrid/madrid/622067.html,1400000.0,5,207.0,1,"Agencia inmobiliaria de MADRID - zona NUEVA ESPAÑA - HISPANOAMÉRICA - CHAMARTÍN - ARTURO SORIA- CASTELLANA - PÍO XII - Oficina Tecnocasa:
Presenta en exclusiva esta vivienda en Arturo Soria

Ubicada en una de las calles más valoradas del barrio de Arturo Soria, esta tercera planta destaca por su amplitud, luz natural y excelente distribución.
Cuenta con 207 m² construidos, distribuidos en 4 dormitorios, 3 baños completos, y una cocina independiente. Dispone de dos terrazas. Ideal para familias que buscan espacio debido a que todas las estancias son amplias y bien aprovechadas, confort y buena ubicación.

Incluye dos plazas de garaje en el precio.

Ubicada en una urbanización consolidada con portero físico, zonas ajardinadas, piscina, zona infantil y agradables espacios comunes. Un entorno tranquilo, seguro y bien comunicado.

Se trata de un barrio residencial y tranquilo. Dispone de zonas verdes, población de identidad homogénea, así como diversidad de oferta educativa y multitud de comercio.

Transporte público, línea de autobuses, metros (línea 7, 4, 1). Además de polideportivos, hospitales, restaurantes y supermercados.

Financiación de hasta el 100% con nuestro departamento financiero, Kíron. Asesoramiento gratuito y sin compromiso, no dude en consultarnos.
TECNOCASA, 25 años a su servicio, ¡Gracias por su confianza! .
Agente inmobiliario inscrito en el RAIN.",1,1,1,1,0,1,0,1,0,1,"['https://cdn-media.medialabtc.it/es/agencies/md115/estates/622067/images/9001496/gallery_media.jpeg', 'https://cdn-media.medialabtc.it/es/agencies/md115/estates/622067/images/9001644/gallery_media.jpeg', 'https://cdn-media.medialabtc.it/es/agencies/md115/estates/622067/images/9001649/gallery_media.jpeg', 'https://cdn-media.medialabtc.it/es/agencies/md115/estates/622067/images/9001485/gallery_media.jpeg', 'https://cdn-media.medialabtc.it/es/agencies/md115/estates/622067/images/9001488/gallery_media.jpeg', 'https://cdn-media.medialabtc.it/es/agencies/md115/estates/622067/images/9001495/gallery_media.jpeg', 'https://cdn-media.medialabtc.it/es/agencies/md115/estates/622067/images/9001646/gallery_media.jpeg', 'https://cdn-media.medialabtc.it/es/agencies/md115/estates/622067/images/9001647/gallery_media.jpeg', 'https://cdn-media.medialabtc.it/es/agencies/md115/estates/622067/images/9001482/gallery_media.jpeg', 'https://cdn-media.medialabtc.it/es/agencies/md115/estates/622067/images/9001492/gallery_media.jpeg', 'https://cdn-media.medialabtc.it/es/agencies/md115/estates/622067/images/9001461/gallery_media.jpeg', 'https://cdn-media.medialabtc.it/es/agencies/md115/estates/622067/images/9001483/gallery_media.jpeg', 'https://cdn-media.medialabtc.it/es/agencies/md115/estates/622067/images/9001484/gallery_media.jpeg', 'https://cdn-media.medialabtc.it/es/agencies/md115/estates/622067/images/9001493/gallery_media.jpeg', 'https://cdn-media.medialabtc.it/es/agencies/md115/estates/622067/images/9001650/gallery_media.jpeg', 'https://cdn-media.medialabtc.it/es/agencies/md115/estates/622067/images/9001643/gallery_media.jpeg', 'https://cdn-media.medialabtc.it/es/agencies/md115/estates/622067/images/9001489/gallery_media.jpeg', 'https://cdn-media.medialabtc.it/es/agencies/md115/estates/622067/images/9001487/gallery_media.jpeg', 'https://cdn-media.medialabtc.it/es/agencies/md115/estates/622067/images/9001651/gallery_media.jpeg', 'https://cdn-media.medialabtc.it/es/agencies/md115/estates/622067/images/9001499/gallery_media.jpeg', 'https://cdn-media.medialabtc.it/es/agencies/md115/estates/622067/images/9001642/gallery_media.jpeg', 'https://cdn-media.medialabtc.it/es/agencies/md115/estates/622067/images/9001648/gallery_media.jpeg', 'https://cdn-media.medialabtc.it/es/agencies/md115/estates/622067/images/9001652/gallery_media.jpeg', 'https://cdn-media.medialabtc.it/es/agencies/md115/estates/622067/images/9001645/gallery_media.jpeg', 'https://cdn-media.medialabtc.it/es/agencies/md115/estates/622067/images/9001653/gallery_media.jpeg', 'https://cdn-media.medialabtc.it/es/agencies/md115/estates/622067/images/9001486/gallery_media.jpeg']",0,Desconocido,1,0,1,0,1,D,0,0,"['imagenes_tecnocasa\\anuncio_163\\0.jpeg', 'imagenes_tecnocasa\\anuncio_163\\1.jpeg', 'imagenes_tecnocasa\\anuncio_163\\2.jpeg', 'imagenes_tecnocasa\\anuncio_163\\3.jpeg', 'imagenes_tecnocasa\\anuncio_163\\4.jpeg', 'imagenes_tecnocasa\\anuncio_163\\5.jpeg', 'imagenes_tecnocasa\\anuncio_163\\6.jpeg', 'imagenes_tecnocasa\\anuncio_163\\7.jpeg', 'imagenes_tecnocasa\\anuncio_163\\8.jpeg', 'imagenes_tecnocasa\\anuncio_163\\9.jpeg', 'imagenes_tecnocasa\\anuncio_163\\10.jpeg', 'imagenes_tecnocasa\\anuncio_163\\11.jpeg', 'imagenes_tecnocasa\\anuncio_163\\12.jpeg', 'imagenes_tecnocasa\\anuncio_163\\13.jpeg', 'imagenes_tecnocasa\\anuncio_163\\14.jpeg', 'imagenes_tecnocasa\\anuncio_163\\15.jpeg', 'imagenes_tecnocasa\\anuncio_163\\16.jpeg', 'imagenes_tecnocasa\\anuncio_163\\17.jpeg', 'imagenes_tecnocasa\\anuncio_163\\18.jpeg', 'imagenes_tecnocasa\\anuncio_163\\19.jpeg', 'imagenes_tecnocasa\\anuncio_163\\20.jpeg', 'imagenes_tecnocasa\\anuncio_163\\21.jpeg', 'imagenes_tecnocasa\\anuncio_163\\22.jpeg', 'imagenes_tecnocasa\\anuncio_163\\23.jpeg', 'imagenes_tecnocasa\\anuncio_163\\24.jpeg', 'imagenes_tecnocasa\\anuncio_163\\25.jpeg']",0,Señorial,1960,0,0,1,piso,3,Madrid,"Arturo Soria, Madrid",40.4167047,-3.7035825,163,6763.285024154589,207.0,153.0,0.55,0.7,1.0,1.0,cerámica,pintura,corredera,estándar (2.4-2.8m),nada,4.8,4.4,convencional,"['#FFFFFF', '#D3D3D3', '#808080']",buena,False,convencional,limitado,balcón,ninguno,estándar,básica,ninguno,7.4,6.4,ninguna,5
https://www.tecnocasa.es/venta/piso/madrid/velilla-de-san-antonio/619591.html,399900.0,3,232.0,2,"Agencia inmobiliaria TECNOCASA ESTUDIO VELILLA DE SAN ANTONIO - VENDE EN EXCLUSIVA ESTE FABULOSO CHALET ADOSADO!
¡Descubre este chalet adosado, ubicado a pocos minutos del centro comercial Los Madroños!
Con una superficie de 232 metros cuadrados, este inmueble ofrece una distribución ideal para disfrutar de la comodidad. La buena orientación garantiza luz natural durante todo el día.
El chalet cuenta con tres habitaciones completas, todas equipadas con armarios empotrados y aire acondicionado. La habitación principal destaca por su baño en suite y terraza privada.
Además de la cocina, con un amplio ventanal y tres baños totalmente completos.
Construido en 1992 y en buen estado, también incluye una ultima planta de buhardilla y plaza de garaje.
El patio con barbacoa de obra y piscina comunitaria para disfrutar del verano.
Con calefacción de gas natural y bomba de frío/calor.
No dejes pasar la oportunidad de financiar HASTA 100% con nuestro asesoramiento gratuito ¡CON KÍRON!
¡No pierdas la oportunidad de hacerla tuya!",0,0,1,1,1,1,1,1,1,1,"['https://cdn-media.medialabtc.it/es/agencies/md596/estates/619591/images/8991519/gallery_media.jpeg', 'https://cdn-media.medialabtc.it/es/agencies/md596/estates/619591/images/8991595/gallery_media.jpeg', 'https://cdn-media.medialabtc.it/es/agencies/md596/estates/619591/images/8993135/gallery_media.jpeg', 'https://cdn-media.medialabtc.it/es/agencies/md596/estates/619591/images/8991516/gallery_media.jpeg', 'https://cdn-media.medialabtc.it/es/agencies/md596/estates/619591/images/8991585/gallery_media.jpeg', 'https://cdn-media.medialabtc.it/es/agencies/md596/estates/619591/images/8991513/gallery_media.jpeg', 'https://cdn-media.medialabtc.it/es/agencies/md596/estates/619591/images/8991592/gallery_media.jpeg', 'https://cdn-media.medialabtc.it/es/agencies/md596/estates/619591/images/8991922/gallery_media.jpeg', 'https://cdn-media.medialabtc.it/es/agencies/md596/estates/619591/images/8991517/gallery_media.jpeg', 'https://cdn-media.medialabtc.it/es/agencies/md596/estates/619591/images/8991515/gallery_media.jpeg', 'https://cdn-media.medialabtc.it/es/agencies/md596/estates/619591/images/8991594/gallery_media.jpeg', 'https://cdn-media.medialabtc.it/es/agencies/md596/estates/619591/images/8995401/gallery_media.jpeg', 'https://cdn-media.medialabtc.it/es/agencies/md596/estates/619591/images/8991900/gallery_media.jpeg', 'https://cdn-media.medialabtc.it/es/agencies/md596/estates/619591/images/8991583/gallery_media.jpeg', 'https://cdn-media.medialabtc.it/es/agencies/md596/estates/619591/images/8993136/gallery_media.jpeg', 'https://cdn-media.medialabtc.it/es/agencies/md596/estates/619591/images/8991923/gallery_media.jpeg', 'https://cdn-media.medialabtc.it/es/agencies/md596/estates/619591/images/8991512/gallery_media.jpeg', 'https://cdn-media.medialabtc.it/es/agencies/md596/estates/619591/images/8993134/gallery_media.jpeg', 'https://cdn-media.medialabtc.it/es/agencies/md596/estates/619591/images/8991901/gallery_media.jpeg', 'https://cdn-media.medialabtc.it/es/agencies/md596/estates/619591/images/8991518/gallery_media.jpeg', 'https://cdn-media.medialabtc.it/es/agencies/md596/estates/619591/images/8991586/gallery_media.jpeg', 'https://cdn-media.medialabtc.it/es/agencies/md596/estates/619591/images/8991588/gallery_media.jpeg', 'https://cdn-media.medialabtc.it/es/agencies/md596/estates/619591/images/8991584/gallery_media.jpeg', 'https://cdn-media.medialabtc.it/es/agencies/md596/estates/619591/images/8991582/gallery_media.jpeg', 'https://cdn-media.medialabtc.it/es/agencies/md596/estates/619591/images/8991924/gallery_media.jpeg', 'https://cdn-media.medialabtc.it/es/agencies/md596/estates/619591/images/8991596/gallery_media.jpeg', 'https://cdn-media.medialabtc.it/es/agencies/md596/estates/619591/images/8991521/gallery_media.jpeg', 'https://cdn-media.medialabtc.it/es/agencies/md596/estates/619591/images/8991514/gallery_media.jpeg', 'https://cdn-media.medialabtc.it/es/agencies/md596/estates/619591/images/8991509/gallery_media.jpeg', 'https://cdn-media.medialabtc.it/es/agencies/md596/estates/619591/images/8991589/gallery_media.jpeg']",0,Buen estado,1,0,1,1,0,Desconocida,0,0,"['imagenes_tecnocasa\\anuncio_164\\0.jpeg', 'imagenes_tecnocasa\\anuncio_164\\1.jpeg', 'imagenes_tecnocasa\\anuncio_164\\2.jpeg', 'imagenes_tecnocasa\\anuncio_164\\3.jpeg', 'imagenes_tecnocasa\\anuncio_164\\4.jpeg', 'imagenes_tecnocasa\\anuncio_164\\5.jpeg', 'imagenes_tecnocasa\\anuncio_164\\6.jpeg', 'imagenes_tecnocasa\\anuncio_164\\7.jpeg', 'imagenes_tecnocasa\\anuncio_164\\8.jpeg', 'imagenes_tecnocasa\\anuncio_164\\9.jpeg', 'imagenes_tecnocasa\\anuncio_164\\10.jpeg', 'imagenes_tecnocasa\\anuncio_164\\11.jpeg', 'imagenes_tecnocasa\\anuncio_164\\12.jpeg', 'imagenes_tecnocasa\\anuncio_164\\13.jpeg', 'imagenes_tecnocasa\\anuncio_164\\14.jpeg', 'imagenes_tecnocasa\\anuncio_164\\15.jpeg', 'imagenes_tecnocasa\\anuncio_164\\16.jpeg', 'imagenes_tecnocasa\\anuncio_164\\17.jpeg', 'imagenes_tecnocasa\\anuncio_164\\18.jpeg', 'imagenes_tecnocasa\\anuncio_164\\19.jpeg', 'imagenes_tecnocasa\\anuncio_164\\20.jpeg', 'imagenes_tecnocasa\\anuncio_164\\21.jpeg', 'imagenes_tecnocasa\\anuncio_164\\22.jpeg', 'imagenes_tecnocasa\\anuncio_164\\23.jpeg', 'imagenes_tecnocasa\\anuncio_164\\24.jpeg', 'imagenes_tecnocasa\\anuncio_164\\25.jpeg', 'imagenes_tecnocasa\\anuncio_164\\26.jpeg', 'imagenes_tecnocasa\\anuncio_164\\27.jpeg', 'imagenes_tecnocasa\\anuncio_164\\28.jpeg', 'imagenes_tecnocasa\\anuncio_164\\29.jpeg']",1,Popular,1992,0,0,0,piso,1,Velilla de San Antonio,Velilla De San Antonio,40.367166,-3.4874435,164,1723.7068965517242,159.0,122.0,0.3854166666666667,0.6,1.0,1.0,cerámica,pintura,corredera,estándar (2.4-2.8m),nada,4.2,4.8,convencional,"['#F2E8E8', '#D3C6C6', '#A79595']",buena,False,convencional,normal,ninguno,ninguno,estándar,básica,ninguno,6.6,6.4,ninguna,5
https://www.tecnocasa.es/venta/piso/madrid/madrid/618890.html,145000.0,3,60.0,1,"Agencia inmobiliaria de MADRID zona SAN CRISTOBAL DE LOS ANGELES - COLONIA MARCONI, oficina TECNOCASA vende.
Vivienda compuesta de entrada, salón amplio y luminoso, cocina amueblada, baño completo, tres dormitorios amplios, piso refomado, buena comunicación a traves de Metro línea 3, parada San Cristóbal, cercanías RENFE línea C-3, estación San Cristóbal de los Ángeles', autobuses líneas 59, 79, Nocturno N-13, además el barrio cuenta con todos los servicios tanto de bancos, varios supermercados, institutos, colegios, guarderías, parques, ambulatorio San Cristóbal, polideportivo, pistas de frontón, el barrio esta muy cerca de la M40, M45, A4, fácil acceso por Avenida de Andalucía.",1,1,1,1,0,1,0,0,0,1,"['https://cdn-media.medialabtc.it/es/agencies/mdav0/estates/618890/images/8939645/gallery_media.jpeg', 'https://cdn-media.medialabtc.it/es/agencies/mdav0/estates/618890/images/8999991/gallery_media.jpeg', 'https://cdn-media.medialabtc.it/es/agencies/mdav0/estates/618890/images/8939642/gallery_media.jpeg', 'https://cdn-media.medialabtc.it/es/agencies/mdav0/estates/618890/images/8999993/gallery_media.jpeg', 'https://cdn-media.medialabtc.it/es/agencies/mdav0/estates/618890/images/8926044/gallery_media.jpeg', 'https://cdn-media.medialabtc.it/es/agencies/mdav0/estates/618890/images/8926040/gallery_media.jpeg', 'https://cdn-media.medialabtc.it/es/agencies/mdav0/estates/618890/images/8999992/gallery_media.jpeg', 'https://cdn-media.medialabtc.it/es/agencies/mdav0/estates/618890/images/8926043/gallery_media.jpeg', 'https://cdn-media.medialabtc.it/es/agencies/mdav0/estates/618890/images/8926048/gallery_media.jpeg', 'https://cdn-media.medialabtc.it/es/agencies/mdav0/estates/618890/images/8926046/gallery_media.jpeg', 'https://cdn-media.medialabtc.it/es/agencies/mdav0/estates/618890/images/8926047/gallery_media.jpeg', 'https://cdn-media.medialabtc.it/es/agencies/mdav0/estates/618890/images/9000069/gallery_media.jpeg', 'https://cdn-media.medialabtc.it/es/agencies/mdav0/estates/618890/images/8939641/gallery_media.jpeg', 'https://cdn-media.medialabtc.it/es/agencies/mdav0/estates/618890/images/8926045/gallery_media.jpeg', 'https://cdn-media.medialabtc.it/es/agencies/mdav0/estates/618890/images/8926041/gallery_media.jpeg', 'https://cdn-media.medialabtc.it/es/agencies/mdav0/estates/618890/images/8939644/gallery_media.jpeg', 'https://cdn-media.medialabtc.it/es/agencies/mdav0/estates/618890/images/8926042/gallery_media.jpeg', 'https://cdn-media.medialabtc.it/es/agencies/mdav0/estates/618890/images/8939646/gallery_media.jpeg']",0,Desconocido,0,0,0,0,0,E,0,0,"['imagenes_tecnocasa\\anuncio_165\\0.jpeg', 'imagenes_tecnocasa\\anuncio_165\\1.jpeg', 'imagenes_tecnocasa\\anuncio_165\\2.jpeg', 'imagenes_tecnocasa\\anuncio_165\\3.jpeg', 'imagenes_tecnocasa\\anuncio_165\\4.jpeg', 'imagenes_tecnocasa\\anuncio_165\\5.jpeg', 'imagenes_tecnocasa\\anuncio_165\\6.jpeg', 'imagenes_tecnocasa\\anuncio_165\\7.jpeg', 'imagenes_tecnocasa\\anuncio_165\\8.jpeg', 'imagenes_tecnocasa\\anuncio_165\\9.jpeg', 'imagenes_tecnocasa\\anuncio_165\\10.jpeg', 'imagenes_tecnocasa\\anuncio_165\\11.jpeg', 'imagenes_tecnocasa\\anuncio_165\\12.jpeg', 'imagenes_tecnocasa\\anuncio_165\\13.jpeg', 'imagenes_tecnocasa\\anuncio_165\\14.jpeg', 'imagenes_tecnocasa\\anuncio_165\\15.jpeg', 'imagenes_tecnocasa\\anuncio_165\\16.jpeg', 'imagenes_tecnocasa\\anuncio_165\\17.jpeg']",0,Media,1966,0,0,0,piso,2,Madrid,"San Cristóbal, Madrid",40.4167047,-3.7035825,165,2416.6666666666665,100.0,86.0,0.0,0.0,2.0,0.0,otro,pintura,corredera,estándar (2.4-2.8m),nada,3.0,4.0,moderno,"['#DDA0DD', '#E6E6FA', '#FFFFFF']",buena,False,convencional,normal,ninguno,ninguno,estándar,básica,ninguno,6.6,6.4,ninguna,5
https://www.tecnocasa.es/venta/piso/madrid/madrid/578803.html,550000.0,3,95.0,3,"Agencia inmobiliaria de MADRID – zona ESTRELLA – RETIRO – vende – piso – tecnocasa – hipoteca – alquiler – PERSEO

¡Descubre tu nuevo hogar en esta magnífica vivienda a estrenar! Este piso en planta baja, con una superficie de 90 m², ofrece un diseño moderno y funcional que se adapta a tus necesidades. Con 3 dormitorios y 2 cuartos de baño completos equipados con platos de ducha, cada rincón está pensado para maximizar el confort y la comodidad. La cocina abierta se integra perfectamente con el amplio salón, creando un espacio ideal para disfrutar de momentos en familia o con amigos.

La finca, que cuenta con portero físico, se sitúa en una ubicación privilegiada del barrio de la Estrella, donde la vida urbana se combina con la tranquilidad. A solo 15 minutos a pie del Parque del Buen Retiro, disfrutarás de amplias zonas verdes y actividades al aire libre. Además, la zona ofrece una variada oferta cultural, gastronómica y de ocio, así como servicios básicos cercanos como supermercados, centros educativos y hospitales.

La movilidad es excelente gracias a las estaciones de metro Sainz de Baranda y Conde de Casal, así como a las cercanas estaciones de tren (Atocha) y autobuses (Méndez Álvaro). Este piso es ideal tanto para inversión como para vivienda habitual, con armarios empotrados, calefacción por bomba de frío/calor y aire acondicionado que garantizan un ambiente agradable durante todo el año. No dejes pasar la oportunidad de vivir en un lugar donde cada detalle cuenta. ¡Contáctanos para más información y ven a visitarlo!",1,1,1,1,1,1,0,1,1,1,"['https://cdn-media.medialabtc.it/es/agencies/md068/estates/578803/images/8999412/gallery_media.jpeg', 'https://cdn-media.medialabtc.it/es/agencies/md068/estates/578803/images/8999410/gallery_media.jpeg', 'https://cdn-media.medialabtc.it/es/agencies/md068/estates/578803/images/8999409/gallery_media.jpeg', 'https://cdn-media.medialabtc.it/es/agencies/md068/estates/578803/images/8999418/gallery_media.jpeg', 'https://cdn-media.medialabtc.it/es/agencies/md068/estates/578803/images/8999422/gallery_media.jpeg', 'https://cdn-media.medialabtc.it/es/agencies/md068/estates/578803/images/8999415/gallery_media.jpeg', 'https://cdn-media.medialabtc.it/es/agencies/md068/estates/578803/images/8999407/gallery_media.jpeg', 'https://cdn-media.medialabtc.it/es/agencies/md068/estates/578803/images/8999424/gallery_media.jpeg', 'https://cdn-media.medialabtc.it/es/agencies/md068/estates/578803/images/8999423/gallery_media.jpeg', 'https://cdn-media.medialabtc.it/es/agencies/md068/estates/578803/images/8999408/gallery_media.jpeg', 'https://cdn-media.medialabtc.it/es/agencies/md068/estates/578803/images/8999414/gallery_media.jpeg', 'https://cdn-media.medialabtc.it/es/agencies/md068/estates/578803/images/8999420/gallery_media.jpeg', 'https://cdn-media.medialabtc.it/es/agencies/md068/estates/578803/images/8999419/gallery_media.jpeg', 'https://cdn-media.medialabtc.it/es/agencies/md068/estates/578803/images/8999421/gallery_media.jpeg', 'https://cdn-media.medialabtc.it/es/agencies/md068/estates/578803/images/8999417/gallery_media.jpeg', 'https://cdn-media.medialabtc.it/es/agencies/md068/estates/578803/images/8999416/gallery_media.jpeg', 'https://cdn-media.medialabtc.it/es/agencies/md068/estates/578803/images/8999413/gallery_media.jpeg', 'https://cdn-media.medialabtc.it/es/agencies/md068/estates/578803/images/8999411/gallery_media.jpeg', 'https://cdn-media.medialabtc.it/es/agencies/md068/estates/578803/images/8999406/gallery_media.jpeg', 'https://cdn-media.medialabtc.it/es/agencies/md068/estates/578803/images/8999405/gallery_media.jpeg']",0,Desconocido,0,0,0,0,1,C,0,0,"['imagenes_tecnocasa\\anuncio_168\\0.jpeg', 'imagenes_tecnocasa\\anuncio_168\\1.jpeg', 'imagenes_tecnocasa\\anuncio_168\\2.jpeg', 'imagenes_tecnocasa\\anuncio_168\\3.jpeg', 'imagenes_tecnocasa\\anuncio_168\\4.jpeg', 'imagenes_tecnocasa\\anuncio_168\\5.jpeg', 'imagenes_tecnocasa\\anuncio_168\\6.jpeg', 'imagenes_tecnocasa\\anuncio_168\\7.jpeg', 'imagenes_tecnocasa\\anuncio_168\\8.jpeg', 'imagenes_tecnocasa\\anuncio_168\\9.jpeg', 'imagenes_tecnocasa\\anuncio_168\\10.jpeg', 'imagenes_tecnocasa\\anuncio_168\\11.jpeg', 'imagenes_tecnocasa\\anuncio_168\\12.jpeg', 'imagenes_tecnocasa\\anuncio_168\\13.jpeg', 'imagenes_tecnocasa\\anuncio_168\\14.jpeg', 'imagenes_tecnocasa\\anuncio_168\\15.jpeg', 'imagenes_tecnocasa\\anuncio_168\\16.jpeg', 'imagenes_tecnocasa\\anuncio_168\\17.jpeg', 'imagenes_tecnocasa\\anuncio_168\\18.jpeg', 'imagenes_tecnocasa\\anuncio_168\\19.jpeg']",1,Popular,1984,0,0,0,piso,1,Madrid,Madrid,40.4167047,-3.7035825,168,5789.473684210527,256.0,170.0,0.6666666666666666,0.7000000000000001,2.0,1.0,otro,pintura,corredera,estándar (2.4-2.8m),nada,3.0,5.4,moderno,"['#FFFFFF', '#F2F2F2', '#EEEEEE']",buena,True,convencional,limitado,ninguno,ninguno,estándar,básica,ninguno,7.4,6.8,ninguna,5
https://www.tecnocasa.es/venta/piso/madrid/coslada/618948.html,242000.0,3,109.0,1,"Agencia inmobiliaria ESTUDIO PLAZA MAYOR-PINILLA S. L,
TECNOCASA Vende PISO de 109 m2, compuesto por: Entrada, cocina con tendedero cerrado con ventana corredera, salón independiente con salida directa a una amplia terraza acristalada, forrada en madera, 3 dormitorios dos de ellos con armario empotrado, 1 cuarto de baño completo con ducha, mampara y ventana.
La vivienda cuenta con trastero incluido en el precio
LA FINCA CON ASCENSOR.
El inmueble dispone de suelos de gres en todas las estancias, ventanas correderas de aluminio. pintura gotelé, puertas en roble, con calefacción individual de gas natural.
INMUEBLE PARA ENTRAR A VIVIR, NO DUDE EN LLAMAR PARA CONCERTAR SU VISITA SIN NINGUN COMPROMISO
Además, recibirá el asesoramiento gratuito de nuestro departamento financiero KÌRON.
FINANCIACION 100%
La vivienda está situada en una zona ya consolidada con multitud de servicios alrededor y bien comunicada por la red de transportes del municipio, parques infantiles, tren, colegios, supermercados, metro, farmacias, taxis, paradas de autobús….",1,1,1,1,1,1,0,1,1,1,"['https://cdn-media.medialabtc.it/es/agencies/md563/estates/618948/images/8930389/gallery_media.jpeg', 'https://cdn-media.medialabtc.it/es/agencies/md563/estates/618948/images/8938875/gallery_media.jpeg', 'https://cdn-media.medialabtc.it/es/agencies/md563/estates/618948/images/8930384/gallery_media.jpeg', 'https://cdn-media.medialabtc.it/es/agencies/md563/estates/618948/images/8930391/gallery_media.jpeg', 'https://cdn-media.medialabtc.it/es/agencies/md563/estates/618948/images/8930395/gallery_media.jpeg', 'https://cdn-media.medialabtc.it/es/agencies/md563/estates/618948/images/8930320/gallery_media.jpeg', 'https://cdn-media.medialabtc.it/es/agencies/md563/estates/618948/images/8930393/gallery_media.jpeg', 'https://cdn-media.medialabtc.it/es/agencies/md563/estates/618948/images/8930382/gallery_media.jpeg', 'https://cdn-media.medialabtc.it/es/agencies/md563/estates/618948/images/8938843/gallery_media.jpeg', 'https://cdn-media.medialabtc.it/es/agencies/md563/estates/618948/images/8930383/gallery_media.jpeg', 'https://cdn-media.medialabtc.it/es/agencies/md563/estates/618948/images/8930388/gallery_media.jpeg', 'https://cdn-media.medialabtc.it/es/agencies/md563/estates/618948/images/8930392/gallery_media.jpeg', 'https://cdn-media.medialabtc.it/es/agencies/md563/estates/618948/images/8938876/gallery_media.jpeg', 'https://cdn-media.medialabtc.it/es/agencies/md563/estates/618948/images/8938844/gallery_media.jpeg', 'https://cdn-media.medialabtc.it/es/agencies/md563/estates/618948/images/8930318/gallery_media.jpeg', 'https://cdn-media.medialabtc.it/es/agencies/md563/estates/618948/images/8930390/gallery_media.jpeg', 'https://cdn-media.medialabtc.it/es/agencies/md563/estates/618948/images/8938765/gallery_media.jpeg', 'https://cdn-media.medialabtc.it/es/agencies/md563/estates/618948/images/8930387/gallery_media.jpeg', 'https://cdn-media.medialabtc.it/es/agencies/md563/estates/618948/images/8930319/gallery_media.jpeg', 'https://cdn-media.medialabtc.it/es/agencies/md563/estates/618948/images/8930386/gallery_media.jpeg', 'https://cdn-media.medialabtc.it/es/agencies/md563/estates/618948/images/8930394/gallery_media.jpeg', 'https://cdn-media.medialabtc.it/es/agencies/md563/estates/618948/images/8930617/gallery_media.jpeg', 'https://cdn-media.medialabtc.it/es/agencies/md563/estates/618948/images/8930385/gallery_media.jpeg']",0,Desconocido,0,1,0,1,0,E,0,0,"['imagenes_tecnocasa\\anuncio_169\\0.jpeg', 'imagenes_tecnocasa\\anuncio_169\\1.jpeg', 'imagenes_tecnocasa\\anuncio_169\\2.jpeg', 'imagenes_tecnocasa\\anuncio_169\\3.jpeg', 'imagenes_tecnocasa\\anuncio_169\\4.jpeg', 'imagenes_tecnocasa\\anuncio_169\\5.jpeg', 'imagenes_tecnocasa\\anuncio_169\\6.jpeg', 'imagenes_tecnocasa\\anuncio_169\\7.jpeg', 'imagenes_tecnocasa\\anuncio_169\\8.jpeg', 'imagenes_tecnocasa\\anuncio_169\\9.jpeg', 'imagenes_tecnocasa\\anuncio_169\\10.jpeg', 'imagenes_tecnocasa\\anuncio_169\\11.jpeg', 'imagenes_tecnocasa\\anuncio_169\\12.jpeg', 'imagenes_tecnocasa\\anuncio_169\\13.jpeg', 'imagenes_tecnocasa\\anuncio_169\\14.jpeg', 'imagenes_tecnocasa\\anuncio_169\\15.jpeg', 'imagenes_tecnocasa\\anuncio_169\\16.jpeg', 'imagenes_tecnocasa\\anuncio_169\\17.jpeg', 'imagenes_tecnocasa\\anuncio_169\\18.jpeg', 'imagenes_tecnocasa\\anuncio_169\\19.jpeg', 'imagenes_tecnocasa\\anuncio_169\\20.jpeg', 'imagenes_tecnocasa\\anuncio_169\\21.jpeg', 'imagenes_tecnocasa\\anuncio_169\\22.jpeg']",0,Popular,1975,0,0,0,piso,1,Coslada,Coslada,40.423802,-3.5552882,169,2220.183486238532,156.0,129.0,0.03333333333333333,0.26666666666666666,0.0,0.0,cerámica,pintura,corredera,estándar (2.4-2.8m),nada,4.0,3.8,convencional,"['#D2B48C', '#A0522D', '#808080']",regular,False,convencional,normal,ninguno,ninguno,estándar,básica,ninguno,6.4,6.6,leve,5
https://www.tecnocasa.es/venta/casa/madrid/madrid/622045.html,860000.0,3,156.0,4,"'TECNOCASA - BARAJAS -CORRALEJOS - MADRID vende Chalet adosado en Calle Bornos.

Chalet adosado de 156 m2 construidos, situado en la zona de Corralejos, Coronales Madrid.
La vivienda consta de cuatro plantas y jardín delantero y trasero.

El chalet está distribuido en:
- 3 Dormitorios de gran tamaño con armarios empotrados, Split, doble ventana climalit en todos los dormitorios, buhardilla de origen para acondicionar en la cuarta planta, sótano con 1 sala diafana actualmente destinada a zona de estar y baño completo con plato de ducha, 2 baños completos en la segunda planta y un aseo ( en la primera planta), gran salón con acceso a jardín trasero y cocina office

Distribución por plantas:

- Planta baja( sótano ) reformado, distribuido en 1 estancia, baño completo con plato de ducha y ventilación natural.

- Primera Planta distribuida en gran salón con acceso a jardín trasero, ventanas climalit, paredes lisas, orientación sur- este, cocina office, aseo con ventilación natural

-Segunda Planta distribuida en 3 dormitorios de gran tamaño con armarios empotrados y aire acondicionado, 1 baño completo con plato de ducha y dormitorio principal con varios armarios empotrados y baño en suite con plato de ducha.

-Tercera Planta con buhardilla a reformar y terraza.

Además cuenta con:
- Garaje con 1 plaza y puerta de acceso automática.
- Jardín delantero y trasero.
- Hueco para construir piscina.
- Split en dormitorios.
- Termostatos independiente.
- Ventanas climalit oscilobatientes.
-Placas solares

Ubicado en una exclusiva zona residencial del barrio de Coronales, totalmente consolidada y con toda clase de servicios, se encuentra próxima al Centro Comercial Bahía Center (Mercadona, Hipercor, Gimnasio, Farmacia, Centros de Estética y moda, agencia de viajes, etc. ), Colegios y Guarderías y le sitúan en las inmediaciones del Aeropuerto Madrid-Barajas, Parque Ferial y de Ocio Juan Carlos I, Campo de Golf de la Hinojosa y El Capricho, ofrece unas excelentes comunicaciones dado el rápido acceso a las vías M11, N-II, M-40, M-30, R-II y M-50, Aeropuerto de Madrid-Barajas, parque Ferial Juan Carlos I, y a su vez beneficiado por el acceso a los servicios de transporte públicos de Madrid, líneas 5 y 8 de Metro y línea 151 y 166 de autobús.

Financiación de hasta el 100% con nuestro departamento financiero, Kiron. Asesoramiento gratuito y sin compromiso, no dude en consultarnos.

30 años en Madrid, ¡Gracias por la confianza'.",1,1,1,1,1,1,0,1,0,1,"['https://cdn-media.medialabtc.it/es/agencies/md070/estates/622045/images/9004062/gallery_media.jpeg', 'https://cdn-media.medialabtc.it/es/agencies/md070/estates/622045/images/9004047/gallery_media.jpeg', 'https://cdn-media.medialabtc.it/es/agencies/md070/estates/622045/images/9003920/gallery_media.jpeg', 'https://cdn-media.medialabtc.it/es/agencies/md070/estates/622045/images/9004066/gallery_media.jpeg', 'https://cdn-media.medialabtc.it/es/agencies/md070/estates/622045/images/9004065/gallery_media.jpeg', 'https://cdn-media.medialabtc.it/es/agencies/md070/estates/622045/images/9004058/gallery_media.jpeg', 'https://cdn-media.medialabtc.it/es/agencies/md070/estates/622045/images/9004051/gallery_media.jpeg', 'https://cdn-media.medialabtc.it/es/agencies/md070/estates/622045/images/9004055/gallery_media.jpeg', 'https://cdn-media.medialabtc.it/es/agencies/md070/estates/622045/images/9004061/gallery_media.jpeg', 'https://cdn-media.medialabtc.it/es/agencies/md070/estates/622045/images/9004046/gallery_media.jpeg', 'https://cdn-media.medialabtc.it/es/agencies/md070/estates/622045/images/9004064/gallery_media.jpeg', 'https://cdn-media.medialabtc.it/es/agencies/md070/estates/622045/images/9004060/gallery_media.jpeg', 'https://cdn-media.medialabtc.it/es/agencies/md070/estates/622045/images/9004050/gallery_media.jpeg', 'https://cdn-media.medialabtc.it/es/agencies/md070/estates/622045/images/9004043/gallery_media.jpeg', 'https://cdn-media.medialabtc.it/es/agencies/md070/estates/622045/images/9004044/gallery_media.jpeg', 'https://cdn-media.medialabtc.it/es/agencies/md070/estates/622045/images/9003921/gallery_media.jpeg', 'https://cdn-media.medialabtc.it/es/agencies/md070/estates/622045/images/9003919/gallery_media.jpeg', 'https://cdn-media.medialabtc.it/es/agencies/md070/estates/622045/images/9004057/gallery_media.jpeg', 'https://cdn-media.medialabtc.it/es/agencies/md070/estates/622045/images/9004056/gallery_media.jpeg', 'https://cdn-media.medialabtc.it/es/agencies/md070/estates/622045/images/9004067/gallery_media.jpeg', 'https://cdn-media.medialabtc.it/es/agencies/md070/estates/622045/images/9003917/gallery_media.jpeg', 'https://cdn-media.medialabtc.it/es/agencies/md070/estates/622045/images/9004053/gallery_media.jpeg', 'https://cdn-media.medialabtc.it/es/agencies/md070/estates/622045/images/9004042/gallery_media.jpeg', 'https://cdn-media.medialabtc.it/es/agencies/md070/estates/622045/images/9003918/gallery_media.jpeg', 'https://cdn-media.medialabtc.it/es/agencies/md070/estates/622045/images/9004059/gallery_media.jpeg', 'https://cdn-media.medialabtc.it/es/agencies/md070/estates/622045/images/9004063/gallery_media.jpeg', 'https://cdn-media.medialabtc.it/es/agencies/md070/estates/622045/images/9004052/gallery_media.jpeg', 'https://cdn-media.medialabtc.it/es/agencies/md070/estates/622045/images/9004049/gallery_media.jpeg', 'https://cdn-media.medialabtc.it/es/agencies/md070/estates/622045/images/9004054/gallery_media.jpeg', 'https://cdn-media.medialabtc.it/es/agencies/md070/estates/622045/images/9004045/gallery_media.jpeg']",0,Reformado,1,0,1,1,0,Desconocida,0,0,"['imagenes_tecnocasa\\anuncio_171\\0.jpeg', 'imagenes_tecnocasa\\anuncio_171\\1.jpeg', 'imagenes_tecnocasa\\anuncio_171\\2.jpeg', 'imagenes_tecnocasa\\anuncio_171\\3.jpeg', 'imagenes_tecnocasa\\anuncio_171\\4.jpeg', 'imagenes_tecnocasa\\anuncio_171\\5.jpeg', 'imagenes_tecnocasa\\anuncio_171\\6.jpeg', 'imagenes_tecnocasa\\anuncio_171\\7.jpeg', 'imagenes_tecnocasa\\anuncio_171\\8.jpeg', 'imagenes_tecnocasa\\anuncio_171\\9.jpeg', 'imagenes_tecnocasa\\anuncio_171\\10.jpeg', 'imagenes_tecnocasa\\anuncio_171\\11.jpeg', 'imagenes_tecnocasa\\anuncio_171\\12.jpeg', 'imagenes_tecnocasa\\anuncio_171\\13.jpeg', 'imagenes_tecnocasa\\anuncio_171\\14.jpeg', 'imagenes_tecnocasa\\anuncio_171\\15.jpeg', 'imagenes_tecnocasa\\anuncio_171\\16.jpeg', 'imagenes_tecnocasa\\anuncio_171\\17.jpeg', 'imagenes_tecnocasa\\anuncio_171\\18.jpeg', 'imagenes_tecnocasa\\anuncio_171\\19.jpeg', 'imagenes_tecnocasa\\anuncio_171\\20.jpeg', 'imagenes_tecnocasa\\anuncio_171\\21.jpeg', 'imagenes_tecnocasa\\anuncio_171\\22.jpeg', 'imagenes_tecnocasa\\anuncio_171\\23.jpeg', 'imagenes_tecnocasa\\anuncio_171\\24.jpeg', 'imagenes_tecnocasa\\anuncio_171\\25.jpeg', 'imagenes_tecnocasa\\anuncio_171\\26.jpeg', 'imagenes_tecnocasa\\anuncio_171\\27.jpeg', 'imagenes_tecnocasa\\anuncio_171\\28.jpeg', 'imagenes_tecnocasa\\anuncio_171\\29.jpeg']",1,Popular,2003,0,0,0,casa,1,Madrid,"Alameda De Osuna, Madrid",40.4167047,-3.7035825,171,5512.820512820513,390.0,234.0,0.03333333333333333,0.3,1.0,0.0,cerámica,ladrillo visto,corredera,estándar (2.4-2.8m),nada,4.2,3.8,clásico,"['#F5F5DC', '#FFFFFF', '#A0522D']",buena,False,convencional,limitado,ninguno,ninguno,estándar,básica,ninguno,7.2,6.2,ninguna,5
https://www.tecnocasa.es/venta/piso/madrid/madrid/507481.html,215000.0,2,35.0,1,"Agencia inmobiliaria de MADRID zona PRÍNCIPE PÍO - RIBERA DEL MANZANARES Oficina Tecnocasa vende: Piso situado en Paseo del Comandante Fortea. Vivienda en 2ª planta en buen estado para entrar a vivir. Se compone de salón-cocina, dos dormitorios independientes y baño con plato de ducha y ventana.

COMUNICACIONES: Parada de autobús en el propio Paseo del Comandante Fortea, a escasos metros de la vivienda, para las líneas 41 y 75. A 15 minutos a pie, nos encontramos con el intercambiador de Príncipe Pío.

SERVICIOS: Próximo a acceso directo a la Casa de Campo. A menos de 5 minutos a pie desde el inmueble tenemos el supermercado DIA, Centro de Salud, Cafeterías, Restaurantes, Teatro San Pol, etc.",1,1,1,1,1,1,1,1,1,1,"['https://cdn-media.medialabtc.it/es/agencies/mdaaa/estates/507481/images/8985509/gallery_media.jpeg', 'https://cdn-media.medialabtc.it/es/agencies/mdaaa/estates/507481/images/8985507/gallery_media.jpeg', 'https://cdn-media.medialabtc.it/es/agencies/mdaaa/estates/507481/images/8985515/gallery_media.jpeg', 'https://cdn-media.medialabtc.it/es/agencies/mdaaa/estates/507481/images/8985511/gallery_media.jpeg', 'https://cdn-media.medialabtc.it/es/agencies/mdaaa/estates/507481/images/8985517/gallery_media.jpeg', 'https://cdn-media.medialabtc.it/es/agencies/mdaaa/estates/507481/images/8985508/gallery_media.jpeg', 'https://cdn-media.medialabtc.it/es/agencies/mdaaa/estates/507481/images/8985514/gallery_media.jpeg', 'https://cdn-media.medialabtc.it/es/agencies/mdaaa/estates/507481/images/8985516/gallery_media.jpeg', 'https://cdn-media.medialabtc.it/es/agencies/mdaaa/estates/507481/images/8985512/gallery_media.jpeg', 'https://cdn-media.medialabtc.it/es/agencies/mdaaa/estates/507481/images/8985506/gallery_media.jpeg', 'https://cdn-media.medialabtc.it/es/agencies/mdaaa/estates/507481/images/8985505/gallery_media.jpeg', 'https://cdn-media.medialabtc.it/es/agencies/mdaaa/estates/507481/images/8985510/gallery_media.jpeg', 'https://cdn-media.medialabtc.it/es/agencies/mdaaa/estates/507481/images/8985513/gallery_media.jpeg']",0,Buen estado,0,0,0,0,0,Desconocida,0,0,"['imagenes_tecnocasa\\anuncio_172\\0.jpeg', 'imagenes_tecnocasa\\anuncio_172\\1.jpeg', 'imagenes_tecnocasa\\anuncio_172\\2.jpeg', 'imagenes_tecnocasa\\anuncio_172\\3.jpeg', 'imagenes_tecnocasa\\anuncio_172\\4.jpeg', 'imagenes_tecnocasa\\anuncio_172\\5.jpeg', 'imagenes_tecnocasa\\anuncio_172\\6.jpeg', 'imagenes_tecnocasa\\anuncio_172\\7.jpeg', 'imagenes_tecnocasa\\anuncio_172\\8.jpeg', 'imagenes_tecnocasa\\anuncio_172\\9.jpeg', 'imagenes_tecnocasa\\anuncio_172\\10.jpeg', 'imagenes_tecnocasa\\anuncio_172\\11.jpeg', 'imagenes_tecnocasa\\anuncio_172\\12.jpeg']",0,Popular,1960,0,0,0,piso,2,Argüelles,"Argüelles - Casa De Campo, Madrid",40.4307266,-3.7161715,172,6142.857142857143,116.0,87.0,0.0,0.0,0.0,0.0,otro,pintura,corredera,estándar (2.4-2.8m),nada,2.8,3.4,convencional,"['#FFF5EE', '#A0522D', '#D2B48C']",regular,False,convencional,limitado,ninguno,ninguno,estándar,básica,ninguno,5.8,6.0,leve,5
https://www.tecnocasa.es/venta/piso/madrid/madrid/621980.html,720000.0,3,148.0,2,"'TECNOCASA - BARAJAS - CORRALEJOS- MADRID vende piso en Calle Bahía de la Concha
Descubre tu nuevo hogar en esta espectacular vivienda exterior de 143 m².
Este encantador piso cuenta con tres amplios dormitorios y dos baños, uno de ellos en suite, perfectos para disfrutar de la comodidad y privacidad que mereces. La gran sala de estar se abre a una maravillosa terraza orientada al sureste, ideal para relajarte y disfrutar del sol. La cocina office, equipada con terraza tendedero, te permitirá cocinar con total comodidad.
Ventanas climalit en toda la vivienda .
Tarima en toda la vivienda, en perfecto estado.
Aire por conducto en todas las estancias.
La terraza está equipada con toldos, pulverizadores, riego por goteo e iluminación, creando un ambiente perfecto para tus reuniones al aire libre.
Calefacción individual, Gas natural con termostato independiente.
Cuenta con trastero y plaza de garaje incluidos en el precio.
La vivienda se ubica dentro de la urbanización privada mas completa de la zona que dispone de las siguientes instalaciones y servicios:
Portero físico 24h, piscina con baños y duchas, zonas ajardinadas, sala de reuniones, pista de padel.. .
Ubicado en una exclusiva zona residencial del barrio de Coronales, totalmente consolidada y con toda clase de servicios, se encuentra próxima al Centro Comercial Bahía Center (Mercadona, Hipercor, Gimnasio, Farmacia, Centros de Estética y moda, agencia de viajes, etc. ), Colegios y Guarderías, como Alameda de Osuna, Colegio Zaragoza.. . le sitúan en las inmediaciones del Aeropuerto Madrid-Barajas, Parque Ferial y de Ocio Juan Carlos I, Campo de Golf de la Hinojosa y El Capricho, ofrece unas excelentes comunicaciones dado el rápido acceso a las vías M11, N-II, M-40, M-30, R-II y M-50, Aeropuerto de Madrid-Barajas, parque Ferial Juan Carlos I, y a su vez beneficiado por el acceso a los servicios de transporte públicos de Madrid, líneas 5 y 8 de Metro y línea 151 y 166 de autobús.
Financiación de hasta el 100% con nuestro departamento financiero, Kiron. Asesoramiento gratuito y sin compromiso, no dude en consultarnos.
30 años en Madrid, ¡Gracias por la confianza'. '.",1,1,1,1,1,1,0,1,0,1,"['https://cdn-media.medialabtc.it/es/agencies/md070/estates/621980/images/9004927/gallery_media.jpeg', 'https://cdn-media.medialabtc.it/es/agencies/md070/estates/621980/images/9004953/gallery_media.jpeg', 'https://cdn-media.medialabtc.it/es/agencies/md070/estates/621980/images/9004930/gallery_media.jpeg', 'https://cdn-media.medialabtc.it/es/agencies/md070/estates/621980/images/9004949/gallery_media.jpeg', 'https://cdn-media.medialabtc.it/es/agencies/md070/estates/621980/images/9004952/gallery_media.jpeg', 'https://cdn-media.medialabtc.it/es/agencies/md070/estates/621980/images/9004935/gallery_media.jpeg', 'https://cdn-media.medialabtc.it/es/agencies/md070/estates/621980/images/9004932/gallery_media.jpeg', 'https://cdn-media.medialabtc.it/es/agencies/md070/estates/621980/images/9004938/gallery_media.jpeg', 'https://cdn-media.medialabtc.it/es/agencies/md070/estates/621980/images/9004945/gallery_media.jpeg', 'https://cdn-media.medialabtc.it/es/agencies/md070/estates/621980/images/9004933/gallery_media.jpeg', 'https://cdn-media.medialabtc.it/es/agencies/md070/estates/621980/images/9004942/gallery_media.jpeg', 'https://cdn-media.medialabtc.it/es/agencies/md070/estates/621980/images/9004948/gallery_media.jpeg', 'https://cdn-media.medialabtc.it/es/agencies/md070/estates/621980/images/9004939/gallery_media.jpeg', 'https://cdn-media.medialabtc.it/es/agencies/md070/estates/621980/images/9004951/gallery_media.jpeg', 'https://cdn-media.medialabtc.it/es/agencies/md070/estates/621980/images/9004946/gallery_media.jpeg', 'https://cdn-media.medialabtc.it/es/agencies/md070/estates/621980/images/9004947/gallery_media.jpeg', 'https://cdn-media.medialabtc.it/es/agencies/md070/estates/621980/images/9004943/gallery_media.jpeg', 'https://cdn-media.medialabtc.it/es/agencies/md070/estates/621980/images/9004944/gallery_media.jpeg', 'https://cdn-media.medialabtc.it/es/agencies/md070/estates/621980/images/9004931/gallery_media.jpeg', 'https://cdn-media.medialabtc.it/es/agencies/md070/estates/621980/images/9004937/gallery_media.jpeg', 'https://cdn-media.medialabtc.it/es/agencies/md070/estates/621980/images/9004928/gallery_media.jpeg', 'https://cdn-media.medialabtc.it/es/agencies/md070/estates/621980/images/9004940/gallery_media.jpeg', 'https://cdn-media.medialabtc.it/es/agencies/md070/estates/621980/images/9004936/gallery_media.jpeg', 'https://cdn-media.medialabtc.it/es/agencies/md070/estates/621980/images/9004929/gallery_media.jpeg', 'https://cdn-media.medialabtc.it/es/agencies/md070/estates/621980/images/9004934/gallery_media.jpeg', 'https://cdn-media.medialabtc.it/es/agencies/md070/estates/621980/images/9004941/gallery_media.jpeg', 'https://cdn-media.medialabtc.it/es/agencies/md070/estates/621980/images/9004950/gallery_media.jpeg']",0,Desconocido,1,1,1,1,1,Desconocida,0,0,"['imagenes_tecnocasa\\anuncio_174\\0.jpeg', 'imagenes_tecnocasa\\anuncio_174\\1.jpeg', 'imagenes_tecnocasa\\anuncio_174\\2.jpeg', 'imagenes_tecnocasa\\anuncio_174\\3.jpeg', 'imagenes_tecnocasa\\anuncio_174\\4.jpeg', 'imagenes_tecnocasa\\anuncio_174\\5.jpeg', 'imagenes_tecnocasa\\anuncio_174\\6.jpeg', 'imagenes_tecnocasa\\anuncio_174\\7.jpeg', 'imagenes_tecnocasa\\anuncio_174\\8.jpeg', 'imagenes_tecnocasa\\anuncio_174\\9.jpeg', 'imagenes_tecnocasa\\anuncio_174\\10.jpeg', 'imagenes_tecnocasa\\anuncio_174\\11.jpeg', 'imagenes_tecnocasa\\anuncio_174\\12.jpeg', 'imagenes_tecnocasa\\anuncio_174\\13.jpeg', 'imagenes_tecnocasa\\anuncio_174\\14.jpeg', 'imagenes_tecnocasa\\anuncio_174\\15.jpeg', 'imagenes_tecnocasa\\anuncio_174\\16.jpeg', 'imagenes_tecnocasa\\anuncio_174\\17.jpeg', 'imagenes_tecnocasa\\anuncio_174\\18.jpeg', 'imagenes_tecnocasa\\anuncio_174\\19.jpeg', 'imagenes_tecnocasa\\anuncio_174\\20.jpeg', 'imagenes_tecnocasa\\anuncio_174\\21.jpeg', 'imagenes_tecnocasa\\anuncio_174\\22.jpeg', 'imagenes_tecnocasa\\anuncio_174\\23.jpeg', 'imagenes_tecnocasa\\anuncio_174\\24.jpeg', 'imagenes_tecnocasa\\anuncio_174\\25.jpeg', 'imagenes_tecnocasa\\anuncio_174\\26.jpeg']",0,Señorial,2003,0,0,0,piso,1,Madrid,"Alameda De Osuna, Madrid",40.4167047,-3.7035825,174,4864.864864864865,345.0,230.0,0.18,0.53,1.0,1.0,otro,pintura,corredera,estándar (2.4-2.8m),nada,5.0,5.6,moderno,"['#F2E8CF', '#D2B48C', '#A0522D']",buena,False,convencional,normal,ninguno,ninguno,estándar,parcialmente equipada,ninguno,7.2,6.6,ninguna,5
https://www.tecnocasa.es/venta/piso/madrid/madrid/621524.html,330000.0,3,74.0,1,"ESTUDIO ANTONIO MACHADO S. L. VENDE PISO EN VALDEZARZA, EN CALLE AGUILAR DE CAMPÓO.

Consta de 3 dormitorios, 1 cuarto de baño con ventana, salón, cocina, terraza y tendedero

Con todos los servicios; colegios, supermercados, bancos, farmacias, centro de salud y rodeado de zonas verdes a muy pocos metros.
Muy bien ubicado, se accede a A6 y M30 en 1 minuto. Autobuses: 42, 126, 127, 132, 137, N20 y N2 que comunican la zona con toda la capital. Línea 7 de metro (PEÑAGRANDE, Antonio Machado y Valdezarza)

¡OPORTUNIDAD! Con KÌRON y sus agentes de intermediación financiera podrás encontrar la hipoteca que mejor se adapte a tus necesidades de financiación, para que puedas beneficiarte de los convenios que tiene el grupo Tecnocasa con diferentes entidades bancarias. Con la posibilidad de financiación hasta 100%, asesórate gratis y sin compromiso.
Reserva tu visita.",1,1,1,1,1,1,1,1,1,1,"['https://cdn-media.medialabtc.it/es/agencies/md022/estates/621524/images/8993797/gallery_media.jpeg', 'https://cdn-media.medialabtc.it/es/agencies/md022/estates/621524/images/8993830/gallery_media.jpeg', 'https://cdn-media.medialabtc.it/es/agencies/md022/estates/621524/images/8993828/gallery_media.jpeg', 'https://cdn-media.medialabtc.it/es/agencies/md022/estates/621524/images/8993800/gallery_media.jpeg', 'https://cdn-media.medialabtc.it/es/agencies/md022/estates/621524/images/8993824/gallery_media.jpeg', 'https://cdn-media.medialabtc.it/es/agencies/md022/estates/621524/images/8993799/gallery_media.jpeg', 'https://cdn-media.medialabtc.it/es/agencies/md022/estates/621524/images/8993829/gallery_media.jpeg', 'https://cdn-media.medialabtc.it/es/agencies/md022/estates/621524/images/8993816/gallery_media.jpeg', 'https://cdn-media.medialabtc.it/es/agencies/md022/estates/621524/images/8993822/gallery_media.jpeg', 'https://cdn-media.medialabtc.it/es/agencies/md022/estates/621524/images/8993798/gallery_media.jpeg', 'https://cdn-media.medialabtc.it/es/agencies/md022/estates/621524/images/8993823/gallery_media.jpeg', 'https://cdn-media.medialabtc.it/es/agencies/md022/estates/621524/images/8993827/gallery_media.jpeg', 'https://cdn-media.medialabtc.it/es/agencies/md022/estates/621524/images/8993825/gallery_media.jpeg', 'https://cdn-media.medialabtc.it/es/agencies/md022/estates/621524/images/8993801/gallery_media.jpeg']",0,Desconocido,0,0,0,1,0,E,0,0,"['imagenes_tecnocasa\\anuncio_175\\0.jpeg', 'imagenes_tecnocasa\\anuncio_175\\1.jpeg', 'imagenes_tecnocasa\\anuncio_175\\2.jpeg', 'imagenes_tecnocasa\\anuncio_175\\3.jpeg', 'imagenes_tecnocasa\\anuncio_175\\4.jpeg', 'imagenes_tecnocasa\\anuncio_175\\5.jpeg', 'imagenes_tecnocasa\\anuncio_175\\6.jpeg', 'imagenes_tecnocasa\\anuncio_175\\7.jpeg', 'imagenes_tecnocasa\\anuncio_175\\8.jpeg', 'imagenes_tecnocasa\\anuncio_175\\9.jpeg', 'imagenes_tecnocasa\\anuncio_175\\10.jpeg', 'imagenes_tecnocasa\\anuncio_175\\11.jpeg', 'imagenes_tecnocasa\\anuncio_175\\12.jpeg', 'imagenes_tecnocasa\\anuncio_175\\13.jpeg']",0,Media,1960,1,0,0,piso,2,Madrid,"Valdezarza, Madrid",40.4167047,-3.7035825,175,4459.459459459459,140.0,110.0,0.0,0.0,0.0,0.0,cerámica,pintura,corredera,estándar (2.4-2.8m),nada,4.0,3.8,convencional,"['#FFFFFF', '#F2F2F2', '#E0E0E0']",buena,False,convencional,normal,ninguno,ninguno,estándar,básica,ninguno,7.8,6.8,ninguna,5
https://www.tecnocasa.es/venta/piso/madrid/leganes/621459.html,86000.0,1,35.0,1,"INMOBILIARIA EN SAN NICASIO - TECNOCASA ESTUDIO RÍO DUERO S. L
SE VENDE, local disponible para cambio de uso a VIVIENDA. OPORTUNIDAD, la futura vivienda podrá tener 1 dormitorio. Está situado en San Nicasio en muy buena zona, cerca de universidad Carlos III, Renfe Leganés-Central, Metrosur San Nicasio y centro de salud. Superficie construida 35m2.
Asesoramiento financiero sin compromiso, te ayudamos a conseguir las mejores condiciones para tu hipoteca con las entidades bancarias. VISÍTALO!",0,1,1,1,1,1,0,1,1,1,"['https://cdn-media.medialabtc.it/es/agencies/mdbc5/estates/621459/images/8987843/gallery_media.jpeg', 'https://cdn-media.medialabtc.it/es/agencies/mdbc5/estates/621459/images/8987855/gallery_media.jpeg', 'https://cdn-media.medialabtc.it/es/agencies/mdbc5/estates/621459/images/8988800/gallery_media.jpeg', 'https://cdn-media.medialabtc.it/es/agencies/mdbc5/estates/621459/images/8987844/gallery_media.jpeg', 'https://cdn-media.medialabtc.it/es/agencies/mdbc5/estates/621459/images/8987846/gallery_media.jpeg', 'https://cdn-media.medialabtc.it/es/agencies/mdbc5/estates/621459/images/8987849/gallery_media.jpeg', 'https://cdn-media.medialabtc.it/es/agencies/mdbc5/estates/621459/images/8988799/gallery_media.jpeg', 'https://cdn-media.medialabtc.it/es/agencies/mdbc5/estates/621459/images/8987842/gallery_media.jpeg', 'https://cdn-media.medialabtc.it/es/agencies/mdbc5/estates/621459/images/8987847/gallery_media.jpeg', 'https://cdn-media.medialabtc.it/es/agencies/mdbc5/estates/621459/images/8987851/gallery_media.jpeg', 'https://cdn-media.medialabtc.it/es/agencies/mdbc5/estates/621459/images/8987845/gallery_media.jpeg', 'https://cdn-media.medialabtc.it/es/agencies/mdbc5/estates/621459/images/8987854/gallery_media.jpeg', 'https://cdn-media.medialabtc.it/es/agencies/mdbc5/estates/621459/images/8987850/gallery_media.jpeg', 'https://cdn-media.medialabtc.it/es/agencies/mdbc5/estates/621459/images/8987853/gallery_media.jpeg', 'https://cdn-media.medialabtc.it/es/agencies/mdbc5/estates/621459/images/8987852/gallery_media.jpeg']",0,Desconocido,0,0,0,0,0,Desconocida,0,0,"['imagenes_tecnocasa\\anuncio_176\\0.jpeg', 'imagenes_tecnocasa\\anuncio_176\\1.jpeg', 'imagenes_tecnocasa\\anuncio_176\\2.jpeg', 'imagenes_tecnocasa\\anuncio_176\\3.jpeg', 'imagenes_tecnocasa\\anuncio_176\\4.jpeg', 'imagenes_tecnocasa\\anuncio_176\\5.jpeg', 'imagenes_tecnocasa\\anuncio_176\\6.jpeg', 'imagenes_tecnocasa\\anuncio_176\\7.jpeg', 'imagenes_tecnocasa\\anuncio_176\\8.jpeg', 'imagenes_tecnocasa\\anuncio_176\\9.jpeg', 'imagenes_tecnocasa\\anuncio_176\\10.jpeg', 'imagenes_tecnocasa\\anuncio_176\\11.jpeg', 'imagenes_tecnocasa\\anuncio_176\\12.jpeg', 'imagenes_tecnocasa\\anuncio_176\\13.jpeg', 'imagenes_tecnocasa\\anuncio_176\\14.jpeg']",0,Señorial,1970,0,0,0,piso,2,Leganés,"San Nicasio, Leganés",40.3281942,-3.76527,176,2457.1428571428573,74.0,66.0,0.0,0.0,0.0,0.0,otro,pintura,corredera,estándar (2.4-2.8m),nada,3.2,4.4,convencional,"['#D2691E', '#DEB887', '#808080']",buena,False,convencional,normal,ninguno,ninguno,estándar,básica,ninguno,6.8,6.6,ninguna,5
https://www.tecnocasa.es/venta/piso/madrid/madrid/621029.html,550000.0,2,100.0,2,"Inmobiliaria en Granvia - Hortaleza - pinar del rey Madrid - Tecnocasa Estudio Gran Vía Hortaleza Sl.
Bienvenido a tu nuevo hogar en Hortaleza, Madrid. Esta impresionante vivienda reformada te ofrece una experiencia única de confort y modernidad. Entra en un espacioso salón inundado de luz natural, ideal para relajarte o recibir a tus invitados en un ambiente acogedor. La cocina, completamente reformada con acabados de alta calidad, es el corazón de la casa, perfecta para disfrutar de comidas en familia o entre amigos.

Dos dormitorios amplios te brindan el espacio y la tranquilidad que necesitas, con detalles cuidados como armarios empotrados para un almacenamiento óptimo. Los dos baños, igualmente modernos y funcionales, completan el diseño interior, ofreciendo comodidad y estilo en cada rincón.

La comunidad cuenta con excelentes amenidades, incluyendo una piscina para disfrutar los días soleados y una plaza de garaje para tu tranquilidad y conveniencia. Además, el entorno está diseñado para la comodidad y seguridad de todos sus residentes, con áreas ajardinadas y espacios para el esparcimiento.

Ubicada estratégicamente, esta propiedad ofrece acceso rápido al centro de Madrid mediante las cercanas autopistas M30 y M40. Las estaciones de metro de línea 8 (Pinar del Rey) y línea 4 (Mar de Cristal) facilitan el desplazamiento diario, complementadas por diversas líneas de autobuses que conectan con toda la ciudad, garantizando una movilidad sin complicaciones.

No dejes pasar esta oportunidad única de vivir en una de las zonas más cotizadas de Madrid, donde la comodidad, el estilo y la accesibilidad se encuentran en perfecta armonía. ¡Contáctanos ahora en Tecnocasa Gran Vía de Hortaleza para más detalles y organizar una visita!",1,1,1,1,1,1,1,1,0,1,"['https://cdn-media.medialabtc.it/es/agencies/md083/estates/621029/images/8984382/gallery_media.jpeg', 'https://cdn-media.medialabtc.it/es/agencies/md083/estates/621029/images/8984366/gallery_media.jpeg', 'https://cdn-media.medialabtc.it/es/agencies/md083/estates/621029/images/8984381/gallery_media.jpeg', 'https://cdn-media.medialabtc.it/es/agencies/md083/estates/621029/images/8984371/gallery_media.jpeg', 'https://cdn-media.medialabtc.it/es/agencies/md083/estates/621029/images/8984377/gallery_media.jpeg', 'https://cdn-media.medialabtc.it/es/agencies/md083/estates/621029/images/8984372/gallery_media.jpeg', 'https://cdn-media.medialabtc.it/es/agencies/md083/estates/621029/images/8984369/gallery_media.jpeg', 'https://cdn-media.medialabtc.it/es/agencies/md083/estates/621029/images/8984385/gallery_media.jpeg', 'https://cdn-media.medialabtc.it/es/agencies/md083/estates/621029/images/8984368/gallery_media.jpeg', 'https://cdn-media.medialabtc.it/es/agencies/md083/estates/621029/images/8984379/gallery_media.jpeg', 'https://cdn-media.medialabtc.it/es/agencies/md083/estates/621029/images/8984374/gallery_media.jpeg', 'https://cdn-media.medialabtc.it/es/agencies/md083/estates/621029/images/8984375/gallery_media.jpeg', 'https://cdn-media.medialabtc.it/es/agencies/md083/estates/621029/images/8984367/gallery_media.jpeg', 'https://cdn-media.medialabtc.it/es/agencies/md083/estates/621029/images/8984370/gallery_media.jpeg', 'https://cdn-media.medialabtc.it/es/agencies/md083/estates/621029/images/8984380/gallery_media.jpeg', 'https://cdn-media.medialabtc.it/es/agencies/md083/estates/621029/images/8984376/gallery_media.jpeg', 'https://cdn-media.medialabtc.it/es/agencies/md083/estates/621029/images/8984378/gallery_media.jpeg', 'https://cdn-media.medialabtc.it/es/agencies/md083/estates/621029/images/8984383/gallery_media.jpeg', 'https://cdn-media.medialabtc.it/es/agencies/md083/estates/621029/images/8984384/gallery_media.jpeg', 'https://cdn-media.medialabtc.it/es/agencies/md083/estates/621029/images/8984373/gallery_media.jpeg']",0,Desconocido,1,0,1,0,1,E,0,0,"['imagenes_tecnocasa\\anuncio_180\\0.jpeg', 'imagenes_tecnocasa\\anuncio_180\\1.jpeg', 'imagenes_tecnocasa\\anuncio_180\\2.jpeg', 'imagenes_tecnocasa\\anuncio_180\\3.jpeg', 'imagenes_tecnocasa\\anuncio_180\\4.jpeg', 'imagenes_tecnocasa\\anuncio_180\\5.jpeg', 'imagenes_tecnocasa\\anuncio_180\\6.jpeg', 'imagenes_tecnocasa\\anuncio_180\\7.jpeg', 'imagenes_tecnocasa\\anuncio_180\\8.jpeg', 'imagenes_tecnocasa\\anuncio_180\\9.jpeg', 'imagenes_tecnocasa\\anuncio_180\\10.jpeg', 'imagenes_tecnocasa\\anuncio_180\\11.jpeg', 'imagenes_tecnocasa\\anuncio_180\\12.jpeg', 'imagenes_tecnocasa\\anuncio_180\\13.jpeg', 'imagenes_tecnocasa\\anuncio_180\\14.jpeg', 'imagenes_tecnocasa\\anuncio_180\\15.jpeg', 'imagenes_tecnocasa\\anuncio_180\\16.jpeg', 'imagenes_tecnocasa\\anuncio_180\\17.jpeg', 'imagenes_tecnocasa\\anuncio_180\\18.jpeg', 'imagenes_tecnocasa\\anuncio_180\\19.jpeg']",1,Señorial,1995,1,0,0,piso,2,Madrid,"Pinar Del Rey, Madrid",40.4167047,-3.7035825,180,5500.0,270.0,179.0,0.55,0.7,2.0,1.0,parquet,pintura,corredera,estándar (2.4-2.8m),nada,5.2,5.8,moderno,"['#C04050', '#FFFFFF', '#A0522D']",buena,True,convencional,normal,ninguno,ninguno,estándar,ninguna,ninguno,7.4,7.0,ninguna,5
https://www.tecnocasa.es/venta/casa/madrid/navalcarnero/616074.html,332000.0,3,181.0,1,"CHALET ADOSADO CERCANO AL CENTRO de 162 m2 CON 220m2 DE PARCELA

Compuesto por:

Tres amplios dormitorios con armarios empotrados, tres cuartos de baño completos, amplio salon y cocina totalmente amueblada y patio con zona de barbacoa y piscina privada.

CALIDADES DE LA VIVIENDA: ventanas en climalit, puertas de roble, puerta de acceso blindada, calefaccion electrica, chimenea con cassette, suelos en gres, armarios empotrados y garaje.

El chalet se encuentra enclavado en una excelente zona muy cercana al centro de Navalcarnero, a solamente diez minutos andando de la plaza de Segovia.

El centro de Navalcarnero se encuentra excelentemente situada, con buen acceso tanto a la autovia como al centro del municipio. Navalcarnero cuenta con todos los servicios tales como farmacias, supermercados, excelentes colegios, zonas verdes, comercios, centro medico, asimismo, se encuentra a menos de 10 minutos en coche del hospital mas cercano.

En el caso de que necesite financiación, disponemos de un departamento financiero que estará encantado de atenderle y facilitarle la mejor financiacion del mercado, con una cuota para esta vivienda desde 990€/mes (consultar condiciones).",0,0,1,0,0,0,0,0,1,1,"['https://cdn-media.medialabtc.it/es/agencies/md590/estates/616074/images/8930547/gallery_media.jpeg', 'https://cdn-media.medialabtc.it/es/agencies/md590/estates/616074/images/8930539/gallery_media.jpeg', 'https://cdn-media.medialabtc.it/es/agencies/md590/estates/616074/images/8930532/gallery_media.jpeg', 'https://cdn-media.medialabtc.it/es/agencies/md590/estates/616074/images/8930540/gallery_media.jpeg', 'https://cdn-media.medialabtc.it/es/agencies/md590/estates/616074/images/8930542/gallery_media.jpeg', 'https://cdn-media.medialabtc.it/es/agencies/md590/estates/616074/images/8930522/gallery_media.jpeg', 'https://cdn-media.medialabtc.it/es/agencies/md590/estates/616074/images/8930479/gallery_media.jpeg', 'https://cdn-media.medialabtc.it/es/agencies/md590/estates/616074/images/8930535/gallery_media.jpeg', 'https://cdn-media.medialabtc.it/es/agencies/md590/estates/616074/images/8930480/gallery_media.jpeg', 'https://cdn-media.medialabtc.it/es/agencies/md590/estates/616074/images/8930524/gallery_media.jpeg', 'https://cdn-media.medialabtc.it/es/agencies/md590/estates/616074/images/8930534/gallery_media.jpeg', 'https://cdn-media.medialabtc.it/es/agencies/md590/estates/616074/images/8930527/gallery_media.jpeg', 'https://cdn-media.medialabtc.it/es/agencies/md590/estates/616074/images/8930544/gallery_media.jpeg', 'https://cdn-media.medialabtc.it/es/agencies/md590/estates/616074/images/8930530/gallery_media.jpeg', 'https://cdn-media.medialabtc.it/es/agencies/md590/estates/616074/images/8930531/gallery_media.jpeg', 'https://cdn-media.medialabtc.it/es/agencies/md590/estates/616074/images/8930525/gallery_media.jpeg', 'https://cdn-media.medialabtc.it/es/agencies/md590/estates/616074/images/8930526/gallery_media.jpeg', 'https://cdn-media.medialabtc.it/es/agencies/md590/estates/616074/images/8930533/gallery_media.jpeg', 'https://cdn-media.medialabtc.it/es/agencies/md590/estates/616074/images/8930545/gallery_media.jpeg', 'https://cdn-media.medialabtc.it/es/agencies/md590/estates/616074/images/8930529/gallery_media.jpeg', 'https://cdn-media.medialabtc.it/es/agencies/md590/estates/616074/images/8930528/gallery_media.jpeg', 'https://cdn-media.medialabtc.it/es/agencies/md590/estates/616074/images/8930543/gallery_media.jpeg', 'https://cdn-media.medialabtc.it/es/agencies/md590/estates/616074/images/8930536/gallery_media.jpeg', 'https://cdn-media.medialabtc.it/es/agencies/md590/estates/616074/images/8930538/gallery_media.jpeg', 'https://cdn-media.medialabtc.it/es/agencies/md590/estates/616074/images/8930541/gallery_media.jpeg', 'https://cdn-media.medialabtc.it/es/agencies/md590/estates/616074/images/8930481/gallery_media.jpeg', 'https://cdn-media.medialabtc.it/es/agencies/md590/estates/616074/images/8930523/gallery_media.jpeg']",0,Desconocido,1,0,1,0,0,D,0,0,"['imagenes_tecnocasa\\anuncio_181\\0.jpeg', 'imagenes_tecnocasa\\anuncio_181\\1.jpeg', 'imagenes_tecnocasa\\anuncio_181\\2.jpeg', 'imagenes_tecnocasa\\anuncio_181\\3.jpeg', 'imagenes_tecnocasa\\anuncio_181\\4.jpeg', 'imagenes_tecnocasa\\anuncio_181\\5.jpeg', 'imagenes_tecnocasa\\anuncio_181\\6.jpeg', 'imagenes_tecnocasa\\anuncio_181\\7.jpeg', 'imagenes_tecnocasa\\anuncio_181\\8.jpeg', 'imagenes_tecnocasa\\anuncio_181\\9.jpeg', 'imagenes_tecnocasa\\anuncio_181\\10.jpeg', 'imagenes_tecnocasa\\anuncio_181\\11.jpeg', 'imagenes_tecnocasa\\anuncio_181\\12.jpeg', 'imagenes_tecnocasa\\anuncio_181\\13.jpeg', 'imagenes_tecnocasa\\anuncio_181\\14.jpeg', 'imagenes_tecnocasa\\anuncio_181\\15.jpeg', 'imagenes_tecnocasa\\anuncio_181\\16.jpeg', 'imagenes_tecnocasa\\anuncio_181\\17.jpeg', 'imagenes_tecnocasa\\anuncio_181\\18.jpeg', 'imagenes_tecnocasa\\anuncio_181\\19.jpeg', 'imagenes_tecnocasa\\anuncio_181\\20.jpeg', 'imagenes_tecnocasa\\anuncio_181\\21.jpeg', 'imagenes_tecnocasa\\anuncio_181\\22.jpeg', 'imagenes_tecnocasa\\anuncio_181\\23.jpeg', 'imagenes_tecnocasa\\anuncio_181\\24.jpeg', 'imagenes_tecnocasa\\anuncio_181\\25.jpeg', 'imagenes_tecnocasa\\anuncio_181\\26.jpeg']",1,Media,2018,1,0,0,casa,1,Navalcarnero,Navalcarnero,40.2877169,-4.014299,181,1834.254143646409,176.0,128.0,0.0,0.0,1.0,0.0,parquet,pintura,no visible,estándar (2.4-2.8m),nada,3.6,3.8,convencional,"['#D3D3D3', '#FF69B4', '#8B4513']",regular,False,convencional,normal,ninguno,ninguno,estándar,básica,ninguno,6.6,6.4,ninguna,5
https://www.tecnocasa.es/venta/piso/madrid/madrid/620163.html,460000.0,3,82.0,1,"Inmobiliaria en Granvia - Hortaleza - pinar del rey Madrid - Tecnocasa Estudio Gran Vía Hortaleza Sl.
PISO CON TERRAZA, GARAJE Y PISCINA EN CALLE PABLO SERRANO – 460.000€
Se vende piso exterior de 82 m² en octava planta con ascensor, ubicado en la valorada calle Pablo Serrano. Una excelente oportunidad para quienes buscan espacio, luz natural y buena ubicación.
Distribución y características:
3 dormitorios bien distribuidos1 baño completoSalón-comedor con salida a terraza privadaCocina independienteTerraza con vistas despejadasPlaza de garaje incluidaPiscina comunitaria
La vivienda se encuentra en un estado bien conservado, ideal para entrar a vivir o actualizar según tus gustos. Destaca por su luminosidad gracias a la altura (planta 8) y su buena orientación.
La finca dispone de ascensor, zonas comunes con piscina y está situada en una zona con todos los servicios: supermercados, colegios, transporte público y fácil acceso a vías principales.
Precio: 460.000€
Una opción perfecta para familias o como inversión en una de las zonas más demandadas.
¡Contáctanos para más información o concertar una visita!",1,1,1,1,1,1,0,1,0,1,"['https://cdn-media.medialabtc.it/es/agencies/md083/estates/620163/images/8958875/gallery_media.jpeg', 'https://cdn-media.medialabtc.it/es/agencies/md083/estates/620163/images/8958868/gallery_media.jpeg', 'https://cdn-media.medialabtc.it/es/agencies/md083/estates/620163/images/8958869/gallery_media.jpeg', 'https://cdn-media.medialabtc.it/es/agencies/md083/estates/620163/images/8958962/gallery_media.jpeg', 'https://cdn-media.medialabtc.it/es/agencies/md083/estates/620163/images/8958969/gallery_media.jpeg', 'https://cdn-media.medialabtc.it/es/agencies/md083/estates/620163/images/8958881/gallery_media.jpeg', 'https://cdn-media.medialabtc.it/es/agencies/md083/estates/620163/images/8958970/gallery_media.jpeg', 'https://cdn-media.medialabtc.it/es/agencies/md083/estates/620163/images/8958873/gallery_media.jpeg', 'https://cdn-media.medialabtc.it/es/agencies/md083/estates/620163/images/8958949/gallery_media.jpeg', 'https://cdn-media.medialabtc.it/es/agencies/md083/estates/620163/images/8958951/gallery_media.jpeg', 'https://cdn-media.medialabtc.it/es/agencies/md083/estates/620163/images/8958967/gallery_media.jpeg', 'https://cdn-media.medialabtc.it/es/agencies/md083/estates/620163/images/8958871/gallery_media.jpeg', 'https://cdn-media.medialabtc.it/es/agencies/md083/estates/620163/images/8958870/gallery_media.jpeg', 'https://cdn-media.medialabtc.it/es/agencies/md083/estates/620163/images/8958968/gallery_media.jpeg', 'https://cdn-media.medialabtc.it/es/agencies/md083/estates/620163/images/8958880/gallery_media.jpeg', 'https://cdn-media.medialabtc.it/es/agencies/md083/estates/620163/images/8958874/gallery_media.jpeg', 'https://cdn-media.medialabtc.it/es/agencies/md083/estates/620163/images/8958963/gallery_media.jpeg', 'https://cdn-media.medialabtc.it/es/agencies/md083/estates/620163/images/8958879/gallery_media.jpeg', 'https://cdn-media.medialabtc.it/es/agencies/md083/estates/620163/images/8958971/gallery_media.jpeg', 'https://cdn-media.medialabtc.it/es/agencies/md083/estates/620163/images/8958965/gallery_media.jpeg', 'https://cdn-media.medialabtc.it/es/agencies/md083/estates/620163/images/8958950/gallery_media.jpeg', 'https://cdn-media.medialabtc.it/es/agencies/md083/estates/620163/images/8958872/gallery_media.jpeg', 'https://cdn-media.medialabtc.it/es/agencies/md083/estates/620163/images/8958964/gallery_media.jpeg', 'https://cdn-media.medialabtc.it/es/agencies/md083/estates/620163/images/8958878/gallery_media.jpeg', 'https://cdn-media.medialabtc.it/es/agencies/md083/estates/620163/images/8958966/gallery_media.jpeg', 'https://cdn-media.medialabtc.it/es/agencies/md083/estates/620163/images/8958876/gallery_media.jpeg', 'https://cdn-media.medialabtc.it/es/agencies/md083/estates/620163/images/8958877/gallery_media.jpeg']",1,Desconocido,1,0,1,1,0,E,0,0,"['imagenes_tecnocasa\\anuncio_182\\0.jpeg', 'imagenes_tecnocasa\\anuncio_182\\1.jpeg', 'imagenes_tecnocasa\\anuncio_182\\2.jpeg', 'imagenes_tecnocasa\\anuncio_182\\3.jpeg', 'imagenes_tecnocasa\\anuncio_182\\4.jpeg', 'imagenes_tecnocasa\\anuncio_182\\5.jpeg', 'imagenes_tecnocasa\\anuncio_182\\6.jpeg', 'imagenes_tecnocasa\\anuncio_182\\7.jpeg', 'imagenes_tecnocasa\\anuncio_182\\8.jpeg', 'imagenes_tecnocasa\\anuncio_182\\9.jpeg', 'imagenes_tecnocasa\\anuncio_182\\10.jpeg', 'imagenes_tecnocasa\\anuncio_182\\11.jpeg', 'imagenes_tecnocasa\\anuncio_182\\12.jpeg', 'imagenes_tecnocasa\\anuncio_182\\13.jpeg', 'imagenes_tecnocasa\\anuncio_182\\14.jpeg', 'imagenes_tecnocasa\\anuncio_182\\15.jpeg', 'imagenes_tecnocasa\\anuncio_182\\16.jpeg', 'imagenes_tecnocasa\\anuncio_182\\17.jpeg', 'imagenes_tecnocasa\\anuncio_182\\18.jpeg', 'imagenes_tecnocasa\\anuncio_182\\19.jpeg', 'imagenes_tecnocasa\\anuncio_182\\20.jpeg', 'imagenes_tecnocasa\\anuncio_182\\21.jpeg', 'imagenes_tecnocasa\\anuncio_182\\22.jpeg', 'imagenes_tecnocasa\\anuncio_182\\23.jpeg', 'imagenes_tecnocasa\\anuncio_182\\24.jpeg', 'imagenes_tecnocasa\\anuncio_182\\25.jpeg', 'imagenes_tecnocasa\\anuncio_182\\26.jpeg']",1,Popular,1962,1,0,1,piso,8,Madrid,"Pinar Del Rey, Madrid",40.4167047,-3.7035825,182,5609.756097560976,169.0,130.0,0.53125,0.85,0.0,1.0,otro,pintura,otro,estándar (2.4-2.8m),nada,3.4,4.8,convencional,"['#D2B48C', '#808080', '#A0522D']",buena,False,convencional,normal,ninguno,ninguno,estándar,otro,ninguno,6.6,6.0,ninguna,5
https://www.tecnocasa.es/venta/casa/madrid/torrejon-de-ardoz/621471.html,659900.0,3,194.0,3,"Inmobiliaria en Rosario - Tecnocasa Estudio Nuevo Torrejon De Ardoz 2018 Sl
Descubre esta encantadora casa independiente en Torrejón de Ardoz, ideal para quienes buscan comodidad y estilo. Con 194 m², esta propiedad ofrece un diseño funcional y moderno. Dispone de tres amplios dormitorios, dos de ellos con acceso a un balcón privado, y dos baños bien equipados y un aseo en planta baja. La cocina ha sido reformada, ofreciendo un espacio contemporáneo para tus momentos culinarios. El ascensor neumático te lleva directamente al salón, añadiendo un toque de comodidad y accesibilidad. Disfruta del aire acondicionado en varias estancias, asegurando un ambiente agradable durante todo el año. La casa cuenta con un solárium de 70 m² y un patio de 120 m², perfectos para disfrutar del aire libre. Además, incluye una plaza de aparcamiento, piscina y un sótano con despensa y cuarto de lavado. Construida en 2015, esta propiedad combina modernidad y confort en un entorno tranquilo. ¡No pierdas la oportunidad de visitarla!
La vivienda está situada en una zona ya consolidada con multitud de servicios alrededor (supermercados, farmacias, restaurantes, parques…) y bien comunicada por la red de transportes del municipio.
No dude en llamarnos para concertar su cita para visitar el inmueble en la que además recibirá el asesoramiento gratuito de nuestro departamento financiero KÌRON. HIPOTECA HASTA 100%",0,1,1,1,1,1,0,1,1,1,"['https://cdn-media.medialabtc.it/es/agencies/md512/estates/621471/images/9004207/gallery_media.jpeg', 'https://cdn-media.medialabtc.it/es/agencies/md512/estates/621471/images/9004197/gallery_media.jpeg', 'https://cdn-media.medialabtc.it/es/agencies/md512/estates/621471/images/9004210/gallery_media.jpeg', 'https://cdn-media.medialabtc.it/es/agencies/md512/estates/621471/images/9004208/gallery_media.jpeg', 'https://cdn-media.medialabtc.it/es/agencies/md512/estates/621471/images/9004135/gallery_media.jpeg', 'https://cdn-media.medialabtc.it/es/agencies/md512/estates/621471/images/9004191/gallery_media.jpeg', 'https://cdn-media.medialabtc.it/es/agencies/md512/estates/621471/images/9004206/gallery_media.jpeg', 'https://cdn-media.medialabtc.it/es/agencies/md512/estates/621471/images/9004200/gallery_media.jpeg', 'https://cdn-media.medialabtc.it/es/agencies/md512/estates/621471/images/9004195/gallery_media.jpeg', 'https://cdn-media.medialabtc.it/es/agencies/md512/estates/621471/images/9004211/gallery_media.jpeg', 'https://cdn-media.medialabtc.it/es/agencies/md512/estates/621471/images/9004193/gallery_media.jpeg', 'https://cdn-media.medialabtc.it/es/agencies/md512/estates/621471/images/9004196/gallery_media.jpeg', 'https://cdn-media.medialabtc.it/es/agencies/md512/estates/621471/images/9004189/gallery_media.jpeg', 'https://cdn-media.medialabtc.it/es/agencies/md512/estates/621471/images/9004198/gallery_media.jpeg', 'https://cdn-media.medialabtc.it/es/agencies/md512/estates/621471/images/9004202/gallery_media.jpeg', 'https://cdn-media.medialabtc.it/es/agencies/md512/estates/621471/images/9004137/gallery_media.jpeg', 'https://cdn-media.medialabtc.it/es/agencies/md512/estates/621471/images/9004201/gallery_media.jpeg', 'https://cdn-media.medialabtc.it/es/agencies/md512/estates/621471/images/9004187/gallery_media.jpeg', 'https://cdn-media.medialabtc.it/es/agencies/md512/estates/621471/images/9004136/gallery_media.jpeg', 'https://cdn-media.medialabtc.it/es/agencies/md512/estates/621471/images/9004186/gallery_media.jpeg', 'https://cdn-media.medialabtc.it/es/agencies/md512/estates/621471/images/9004194/gallery_media.jpeg', 'https://cdn-media.medialabtc.it/es/agencies/md512/estates/621471/images/9004190/gallery_media.jpeg', 'https://cdn-media.medialabtc.it/es/agencies/md512/estates/621471/images/9004192/gallery_media.jpeg', 'https://cdn-media.medialabtc.it/es/agencies/md512/estates/621471/images/9004209/gallery_media.jpeg', 'https://cdn-media.medialabtc.it/es/agencies/md512/estates/621471/images/9004188/gallery_media.jpeg', 'https://cdn-media.medialabtc.it/es/agencies/md512/estates/621471/images/9004203/gallery_media.jpeg', 'https://cdn-media.medialabtc.it/es/agencies/md512/estates/621471/images/9004138/gallery_media.jpeg', 'https://cdn-media.medialabtc.it/es/agencies/md512/estates/621471/images/9004205/gallery_media.jpeg', 'https://cdn-media.medialabtc.it/es/agencies/md512/estates/621471/images/9004204/gallery_media.jpeg', 'https://cdn-media.medialabtc.it/es/agencies/md512/estates/621471/images/9004199/gallery_media.jpeg']",0,Desconocido,1,0,1,1,0,D,0,0,"['imagenes_tecnocasa\\anuncio_184\\0.jpeg', 'imagenes_tecnocasa\\anuncio_184\\1.jpeg', 'imagenes_tecnocasa\\anuncio_184\\2.jpeg', 'imagenes_tecnocasa\\anuncio_184\\3.jpeg', 'imagenes_tecnocasa\\anuncio_184\\4.jpeg', 'imagenes_tecnocasa\\anuncio_184\\5.jpeg', 'imagenes_tecnocasa\\anuncio_184\\6.jpeg', 'imagenes_tecnocasa\\anuncio_184\\7.jpeg', 'imagenes_tecnocasa\\anuncio_184\\8.jpeg', 'imagenes_tecnocasa\\anuncio_184\\9.jpeg', 'imagenes_tecnocasa\\anuncio_184\\10.jpeg', 'imagenes_tecnocasa\\anuncio_184\\11.jpeg', 'imagenes_tecnocasa\\anuncio_184\\12.jpeg', 'imagenes_tecnocasa\\anuncio_184\\13.jpeg', 'imagenes_tecnocasa\\anuncio_184\\14.jpeg', 'imagenes_tecnocasa\\anuncio_184\\15.jpeg', 'imagenes_tecnocasa\\anuncio_184\\16.jpeg', 'imagenes_tecnocasa\\anuncio_184\\17.jpeg', 'imagenes_tecnocasa\\anuncio_184\\18.jpeg', 'imagenes_tecnocasa\\anuncio_184\\19.jpeg', 'imagenes_tecnocasa\\anuncio_184\\20.jpeg', 'imagenes_tecnocasa\\anuncio_184\\21.jpeg', 'imagenes_tecnocasa\\anuncio_184\\22.jpeg', 'imagenes_tecnocasa\\anuncio_184\\23.jpeg', 'imagenes_tecnocasa\\anuncio_184\\24.jpeg', 'imagenes_tecnocasa\\anuncio_184\\25.jpeg', 'imagenes_tecnocasa\\anuncio_184\\26.jpeg', 'imagenes_tecnocasa\\anuncio_184\\27.jpeg', 'imagenes_tecnocasa\\anuncio_184\\28.jpeg', 'imagenes_tecnocasa\\anuncio_184\\29.jpeg']",1,Media,2015,1,0,0,casa,3,Torrejón de Ardoz,Torrejón De Ardoz,40.4587767,-3.4793343,184,3401.546391752577,219.0,157.0,0.5,0.5,3.0,1.0,otro,pintura,corredera,estándar (2.4-2.8m),nada,4.2,4.6,moderno,"['#D2B48C', '#FFFFFF', '#A0522D']",buena,False,convencional,limitado,ninguno,ninguno,estándar,básica,ninguno,7.8,6.8,ninguna,5
https://www.tecnocasa.es/venta/piso/madrid/madrid/620152.html,320000.0,2,84.0,1,"Agencia inmobiliaria de Madrid - zona Gómez Ulla, Fátima, Vista Alegre - Tecnocasa Estudio Carabanchel - Gómez Ulla Sl
Piso en venta en General Ricardos.
84m2 de 2 dormitorios, amplio salón, cocina completa y baño con plato de ducha.
Quinta planta con ascensor. Calefacción centralizada.
Piso interior muy luminoso.
Zona con variedad de servicios (transporte público, comercios, colegios... )
Muy cerca de calles principales como la Calle Oca y Calle General Ricardos.
Muy cerca del metro de Carabanchel (L5) y Vista Alegre (L5).",1,1,1,1,1,1,0,1,1,1,"['https://cdn-media.medialabtc.it/es/agencies/mdax2/estates/620152/images/9004295/gallery_media.jpeg', 'https://cdn-media.medialabtc.it/es/agencies/mdax2/estates/620152/images/9004374/gallery_media.jpeg', 'https://cdn-media.medialabtc.it/es/agencies/mdax2/estates/620152/images/9004294/gallery_media.jpeg', 'https://cdn-media.medialabtc.it/es/agencies/mdax2/estates/620152/images/9004363/gallery_media.jpeg', 'https://cdn-media.medialabtc.it/es/agencies/mdax2/estates/620152/images/9004301/gallery_media.jpeg', 'https://cdn-media.medialabtc.it/es/agencies/mdax2/estates/620152/images/9004370/gallery_media.jpeg', 'https://cdn-media.medialabtc.it/es/agencies/mdax2/estates/620152/images/9004291/gallery_media.jpeg', 'https://cdn-media.medialabtc.it/es/agencies/mdax2/estates/620152/images/9004364/gallery_media.jpeg', 'https://cdn-media.medialabtc.it/es/agencies/mdax2/estates/620152/images/8970858/gallery_media.jpeg', 'https://cdn-media.medialabtc.it/es/agencies/mdax2/estates/620152/images/9004366/gallery_media.jpeg', 'https://cdn-media.medialabtc.it/es/agencies/mdax2/estates/620152/images/9004373/gallery_media.jpeg', 'https://cdn-media.medialabtc.it/es/agencies/mdax2/estates/620152/images/9004290/gallery_media.jpeg', 'https://cdn-media.medialabtc.it/es/agencies/mdax2/estates/620152/images/9004297/gallery_media.jpeg', 'https://cdn-media.medialabtc.it/es/agencies/mdax2/estates/620152/images/9004296/gallery_media.jpeg', 'https://cdn-media.medialabtc.it/es/agencies/mdax2/estates/620152/images/9004369/gallery_media.jpeg', 'https://cdn-media.medialabtc.it/es/agencies/mdax2/estates/620152/images/8992460/gallery_media.jpeg', 'https://cdn-media.medialabtc.it/es/agencies/mdax2/estates/620152/images/9004362/gallery_media.jpeg', 'https://cdn-media.medialabtc.it/es/agencies/mdax2/estates/620152/images/9004368/gallery_media.jpeg', 'https://cdn-media.medialabtc.it/es/agencies/mdax2/estates/620152/images/9004293/gallery_media.jpeg', 'https://cdn-media.medialabtc.it/es/agencies/mdax2/estates/620152/images/9004292/gallery_media.jpeg', 'https://cdn-media.medialabtc.it/es/agencies/mdax2/estates/620152/images/9004367/gallery_media.jpeg', 'https://cdn-media.medialabtc.it/es/agencies/mdax2/estates/620152/images/9004372/gallery_media.jpeg', 'https://cdn-media.medialabtc.it/es/agencies/mdax2/estates/620152/images/9004371/gallery_media.jpeg', 'https://cdn-media.medialabtc.it/es/agencies/mdax2/estates/620152/images/9004365/gallery_media.jpeg']",0,Desconocido,0,0,0,0,0,E,0,0,"['imagenes_tecnocasa\\anuncio_185\\0.jpeg', 'imagenes_tecnocasa\\anuncio_185\\1.jpeg', 'imagenes_tecnocasa\\anuncio_185\\2.jpeg', 'imagenes_tecnocasa\\anuncio_185\\3.jpeg', 'imagenes_tecnocasa\\anuncio_185\\4.jpeg', 'imagenes_tecnocasa\\anuncio_185\\5.jpeg', 'imagenes_tecnocasa\\anuncio_185\\6.jpeg', 'imagenes_tecnocasa\\anuncio_185\\7.jpeg', 'imagenes_tecnocasa\\anuncio_185\\8.jpeg', 'imagenes_tecnocasa\\anuncio_185\\9.jpeg', 'imagenes_tecnocasa\\anuncio_185\\10.jpeg', 'imagenes_tecnocasa\\anuncio_185\\11.jpeg', 'imagenes_tecnocasa\\anuncio_185\\12.jpeg', 'imagenes_tecnocasa\\anuncio_185\\13.jpeg', 'imagenes_tecnocasa\\anuncio_185\\14.jpeg', 'imagenes_tecnocasa\\anuncio_185\\15.jpeg', 'imagenes_tecnocasa\\anuncio_185\\16.jpeg', 'imagenes_tecnocasa\\anuncio_185\\17.jpeg', 'imagenes_tecnocasa\\anuncio_185\\18.jpeg', 'imagenes_tecnocasa\\anuncio_185\\19.jpeg', 'imagenes_tecnocasa\\anuncio_185\\20.jpeg', 'imagenes_tecnocasa\\anuncio_185\\21.jpeg', 'imagenes_tecnocasa\\anuncio_185\\22.jpeg', 'imagenes_tecnocasa\\anuncio_185\\23.jpeg']",0,Popular,1955,0,0,0,piso,2,Madrid,"Vista Alegre, Madrid",40.4167047,-3.7035825,185,3809.5238095238096,83.0,61.0,0.05000000000000002,0.5,2.0,0.0,otro,pintura,corredera,estándar (2.4-2.8m),nada,4.8,4.8,moderno,"['#F2F2F2', '#A0A0A0', '#505050']",buena,False,convencional,limitado,ninguno,ninguno,estándar,básica,ninguno,7.8,6.8,ninguna,5
https://www.tecnocasa.es/venta/piso/madrid/fuenlabrada/620220.html,223000.0,3,94.0,1,"¡TECNOCASA EL NARANJO, Vende espectacular vivienda para entrar a vivir! .
En una 4ª planta con 97m2, que consta de 3 Amplios dormitorios con Armarios empotrados, suelo de tarima, una amplia cocina, salón, calefacción individual de gas natural, con sol de mañana y opción de POLIDEPORTIVO Y PISCINA
Rodeada de zonas verdes con cercano al Parque de La Paz, Centro Comercial El Alcampo y centro comercial Nexum
Zonas ajardinadas con parques infantiles y próximo al bosque sur. Cercano a colegios e institutos, públicos, privados y de educación especial. Buena comunicación con acceso a carreteras (M40, M50, M407, M506, R5, AP41 y A42, carretera de Toledo).
No pierda la oportunidad, visítelo y asesórese sin compromiso.
¡Nuestro departamento financiero kiron consigue la mejor hipoteca del mercado, no lo dude mas visítelo sin compromiso!",1,1,1,1,0,1,0,1,1,1,"['https://cdn-media.medialabtc.it/es/agencies/mdbf6/estates/620220/images/8956355/gallery_media.jpeg', 'https://cdn-media.medialabtc.it/es/agencies/mdbf6/estates/620220/images/8966857/gallery_media.jpeg', 'https://cdn-media.medialabtc.it/es/agencies/mdbf6/estates/596307/images/8417515/gallery_media.jpeg', 'https://cdn-media.medialabtc.it/es/agencies/mdbf6/estates/620220/images/8966856/gallery_media.jpeg', 'https://cdn-media.medialabtc.it/es/agencies/mdbf6/estates/620220/images/8966855/gallery_media.jpeg', 'https://cdn-media.medialabtc.it/es/agencies/mdbf6/estates/620220/images/8956351/gallery_media.jpeg', 'https://cdn-media.medialabtc.it/es/agencies/mdbf6/estates/620220/images/8956350/gallery_media.jpeg', 'https://cdn-media.medialabtc.it/es/agencies/mdbf6/estates/620220/images/8956352/gallery_media.jpeg', 'https://cdn-media.medialabtc.it/es/agencies/mdbf6/estates/612651/images/8836138/gallery_media.jpeg', 'https://cdn-media.medialabtc.it/es/agencies/mdbf6/estates/620220/images/8956356/gallery_media.jpeg', 'https://cdn-media.medialabtc.it/es/agencies/mdbf6/estates/596307/images/8417489/gallery_media.jpeg', 'https://cdn-media.medialabtc.it/es/agencies/mdbf6/estates/620220/images/8956357/gallery_media.jpeg', 'https://cdn-media.medialabtc.it/es/agencies/mdbf6/estates/620220/images/8966858/gallery_media.jpeg', 'https://cdn-media.medialabtc.it/es/agencies/mdbf6/estates/580672/images/8060495/gallery_media.jpeg', 'https://cdn-media.medialabtc.it/es/agencies/mdbf6/estates/620220/images/8956354/gallery_media.jpeg', 'https://cdn-media.medialabtc.it/es/agencies/mdbf6/estates/620220/images/8956358/gallery_media.jpeg', 'https://cdn-media.medialabtc.it/es/agencies/mdbf6/estates/620220/images/8956359/gallery_media.jpeg', 'https://cdn-media.medialabtc.it/es/agencies/mdbf6/estates/620220/images/8956349/gallery_media.jpeg', 'https://cdn-media.medialabtc.it/es/agencies/mdbf6/estates/620220/images/8956353/gallery_media.jpeg', 'https://cdn-media.medialabtc.it/es/agencies/mdbf6/estates/620220/images/8956360/gallery_media.jpeg']",0,Desconocido,0,0,1,0,0,E,0,0,"['imagenes_tecnocasa\\anuncio_186\\0.jpeg', 'imagenes_tecnocasa\\anuncio_186\\1.jpeg', 'imagenes_tecnocasa\\anuncio_186\\2.jpeg', 'imagenes_tecnocasa\\anuncio_186\\3.jpeg', 'imagenes_tecnocasa\\anuncio_186\\4.jpeg', 'imagenes_tecnocasa\\anuncio_186\\5.jpeg', 'imagenes_tecnocasa\\anuncio_186\\6.jpeg', 'imagenes_tecnocasa\\anuncio_186\\7.jpeg', 'imagenes_tecnocasa\\anuncio_186\\8.jpeg', 'imagenes_tecnocasa\\anuncio_186\\9.jpeg', 'imagenes_tecnocasa\\anuncio_186\\10.jpeg', 'imagenes_tecnocasa\\anuncio_186\\11.jpeg', 'imagenes_tecnocasa\\anuncio_186\\12.jpeg', 'imagenes_tecnocasa\\anuncio_186\\13.jpeg', 'imagenes_tecnocasa\\anuncio_186\\14.jpeg', 'imagenes_tecnocasa\\anuncio_186\\15.jpeg', 'imagenes_tecnocasa\\anuncio_186\\16.jpeg', 'imagenes_tecnocasa\\anuncio_186\\17.jpeg', 'imagenes_tecnocasa\\anuncio_186\\18.jpeg', 'imagenes_tecnocasa\\anuncio_186\\19.jpeg']",0,Popular,1978,1,0,1,piso,2,Fuenlabrada,"El Naranjo, Fuenlabrada",40.282476,-3.7923422,186,2372.340425531915,131.0,106.0,0.0625,0.4,1.0,0.0,parquet,pintura,ninguna visible,estándar (2.4-2.8m),nada,3.0,3.6,moderno,"['#B2BEB5', '#FFFFFF', '#595959']",buena,False,convencional,limitado,ninguno,ninguno,estándar,básica,ninguno,7.4,6.8,ninguna,5
https://www.tecnocasa.es/venta/piso/madrid/fuenlabrada/621025.html,320000.0,3,107.0,2,"'Agencia inmobiliaria de FUENLABRADA zona CENTRO Oficina Tecnocasa VENDE en exclusiva magnifica CASA DE 163M2 DE PARCELA:

La casa esta distribuida en 2 plantas:
En la PLANTA DE ARRIBA podemos encontrar 3 habitaciones, sala de estar, baño y balcón.
En la PLANTA BAJA encontramos salón comedor, cocina, entrada y acceso al jardín.

Amplio jardín donde podemos encontrar espacio para aparcar, una cocina y un aseo.

MUY BUENA OPORTUNIDAD para poder tener tu casa particular con patio en pleno centro de Fuenlabrada o para CONSTRUIR.

Vivienda en una zona rodeada de todo tipo de servicios.

Zona muy bien comunicada a 5 minutos de Renfe, metro, autobuses.. . La zona cuenta con comercios, supermercados, centro de salud, farmacias, colegios.. . '

Posibilidad de financiación 100% con nuestro departamento financiero KIRON. '.",1,1,1,1,1,1,0,1,1,1,"['https://cdn-media.medialabtc.it/es/agencies/md579/estates/621025/images/8979467/gallery_media.jpeg', 'https://cdn-media.medialabtc.it/es/agencies/md579/estates/621025/images/8979454/gallery_media.jpeg', 'https://cdn-media.medialabtc.it/es/agencies/md579/estates/621025/images/8979446/gallery_media.jpeg', 'https://cdn-media.medialabtc.it/es/agencies/md579/estates/621025/images/8979461/gallery_media.jpeg', 'https://cdn-media.medialabtc.it/es/agencies/md579/estates/621025/images/8979453/gallery_media.jpeg', 'https://cdn-media.medialabtc.it/es/agencies/md579/estates/621025/images/8979464/gallery_media.jpeg', 'https://cdn-media.medialabtc.it/es/agencies/md579/estates/621025/images/8979448/gallery_media.jpeg', 'https://cdn-media.medialabtc.it/es/agencies/md579/estates/621025/images/8979466/gallery_media.jpeg', 'https://cdn-media.medialabtc.it/es/agencies/md579/estates/621025/images/8979460/gallery_media.jpeg', 'https://cdn-media.medialabtc.it/es/agencies/md579/estates/621025/images/8979455/gallery_media.jpeg', 'https://cdn-media.medialabtc.it/es/agencies/md579/estates/621025/images/8979456/gallery_media.jpeg', 'https://cdn-media.medialabtc.it/es/agencies/md579/estates/621025/images/8979468/gallery_media.jpeg', 'https://cdn-media.medialabtc.it/es/agencies/md579/estates/621025/images/8979450/gallery_media.jpeg', 'https://cdn-media.medialabtc.it/es/agencies/md579/estates/621025/images/8979465/gallery_media.jpeg', 'https://cdn-media.medialabtc.it/es/agencies/md579/estates/621025/images/8979447/gallery_media.jpeg', 'https://cdn-media.medialabtc.it/es/agencies/md579/estates/621025/images/8979445/gallery_media.jpeg', 'https://cdn-media.medialabtc.it/es/agencies/md579/estates/621025/images/8979462/gallery_media.jpeg', 'https://cdn-media.medialabtc.it/es/agencies/md579/estates/621025/images/8979451/gallery_media.jpeg', 'https://cdn-media.medialabtc.it/es/agencies/md579/estates/621025/images/8979457/gallery_media.jpeg', 'https://cdn-media.medialabtc.it/es/agencies/md579/estates/621025/images/8979444/gallery_media.jpeg', 'https://cdn-media.medialabtc.it/es/agencies/md579/estates/621025/images/8979458/gallery_media.jpeg', 'https://cdn-media.medialabtc.it/es/agencies/md579/estates/621025/images/8979459/gallery_media.jpeg', 'https://cdn-media.medialabtc.it/es/agencies/md579/estates/621025/images/8979452/gallery_media.jpeg', 'https://cdn-media.medialabtc.it/es/agencies/md579/estates/621025/images/8979449/gallery_media.jpeg', 'https://cdn-media.medialabtc.it/es/agencies/md579/estates/621025/images/8979463/gallery_media.jpeg']",0,Desconocido,0,0,0,1,0,Desconocida,0,0,"['imagenes_tecnocasa\\anuncio_187\\0.jpeg', 'imagenes_tecnocasa\\anuncio_187\\1.jpeg', 'imagenes_tecnocasa\\anuncio_187\\2.jpeg', 'imagenes_tecnocasa\\anuncio_187\\3.jpeg', 'imagenes_tecnocasa\\anuncio_187\\4.jpeg', 'imagenes_tecnocasa\\anuncio_187\\5.jpeg', 'imagenes_tecnocasa\\anuncio_187\\6.jpeg', 'imagenes_tecnocasa\\anuncio_187\\7.jpeg', 'imagenes_tecnocasa\\anuncio_187\\8.jpeg', 'imagenes_tecnocasa\\anuncio_187\\9.jpeg', 'imagenes_tecnocasa\\anuncio_187\\10.jpeg', 'imagenes_tecnocasa\\anuncio_187\\11.jpeg', 'imagenes_tecnocasa\\anuncio_187\\12.jpeg', 'imagenes_tecnocasa\\anuncio_187\\13.jpeg', 'imagenes_tecnocasa\\anuncio_187\\14.jpeg', 'imagenes_tecnocasa\\anuncio_187\\15.jpeg', 'imagenes_tecnocasa\\anuncio_187\\16.jpeg', 'imagenes_tecnocasa\\anuncio_187\\17.jpeg', 'imagenes_tecnocasa\\anuncio_187\\18.jpeg', 'imagenes_tecnocasa\\anuncio_187\\19.jpeg', 'imagenes_tecnocasa\\anuncio_187\\20.jpeg', 'imagenes_tecnocasa\\anuncio_187\\21.jpeg', 'imagenes_tecnocasa\\anuncio_187\\22.jpeg', 'imagenes_tecnocasa\\anuncio_187\\23.jpeg', 'imagenes_tecnocasa\\anuncio_187\\24.jpeg']",0,Popular,1975,0,1,0,piso,1,Fuenlabrada,Fuenlabrada,40.282476,-3.7923422,187,2990.654205607477,129.0,99.0,0.16666666666666666,0.3333333333333333,1.0,0.0,cerámica,pintura,fija,estándar (2.4-2.8m),nada,2.2,1.8,rústico,"['#F5F5DC', '#FFE4C4', '#FAEBD7']",regular,False,poco funcional,limitado,ninguno,ninguno,básico,básica,desgaste,4.8,5.4,ninguna,5
https://www.tecnocasa.es/venta/piso/madrid/madrid/616872.html,619000.0,3,113.0,2,"Agencia inmobiliaria de Madrid - zona Salamanca, Goya, Retiro - Tecnocasa Estudio Inmobiliario Goya . vende fantástico piso sito en la calle Fernan Gonzalez.
¡Descubre tu nuevo hogar en el corazón de Madrid! Este magnífico piso en la zona de Goya te ofrece todo lo que necesitas para disfrutar de una vida cómoda y moderna. Con 113 m² construidos, cuenta con 3 dormitorios y 2 baños (uno de ellos en suite), ideal para familias o quienes buscan espacio adicional. El amplio salón-comedor es perfecto para reuniones con amigos o momentos de relax y ademas cuenta con un amplio patio de uso privativo, cuidado y silencioso, perfecto para momentos de relax al aire libre.
Reformado para entrar a vivir, este piso se sitúa en planta baja. La luminosidad y tranquilidad son protagonistas en cada rincón, gracias a sus ventanas de PVC con doble acristalamiento. La finca está en perfecto estado, con portero y calefaccion central.
Ubicado cerca del emblemático parque del Retiro, tendrás acceso a una amplia oferta de ocio, comercio y servicios. La comunicación es excelente, con varias líneas de autobuses (especialmente reseñable la cercania con la parada del autobus express al aeropuerto) y paradas de metro cercanas y la M-30. No pierdas la oportunidad de vivir en uno de los barrios más deseados de Madrid!",1,1,1,1,1,1,1,1,1,1,"['https://cdn-media.medialabtc.it/es/agencies/mdaed/estates/616872/images/8891898/gallery_media.jpeg', 'https://cdn-media.medialabtc.it/es/agencies/mdaed/estates/616872/images/8891912/gallery_media.jpeg', 'https://cdn-media.medialabtc.it/es/agencies/mdaed/estates/616872/images/8891896/gallery_media.jpeg', 'https://cdn-media.medialabtc.it/es/agencies/mdaed/estates/616872/images/8891893/gallery_media.jpeg', 'https://cdn-media.medialabtc.it/es/agencies/mdaed/estates/616872/images/8891906/gallery_media.jpeg', 'https://cdn-media.medialabtc.it/es/agencies/mdaed/estates/616872/images/8891915/gallery_media.jpeg', 'https://cdn-media.medialabtc.it/es/agencies/mdaed/estates/616872/images/8891897/gallery_media.jpeg', 'https://cdn-media.medialabtc.it/es/agencies/mdaed/estates/616872/images/8891900/gallery_media.jpeg', 'https://cdn-media.medialabtc.it/es/agencies/mdaed/estates/616872/images/8891895/gallery_media.jpeg', 'https://cdn-media.medialabtc.it/es/agencies/mdaed/estates/616872/images/8891921/gallery_media.jpeg', 'https://cdn-media.medialabtc.it/es/agencies/mdaed/estates/616872/images/8891918/gallery_media.jpeg', 'https://cdn-media.medialabtc.it/es/agencies/mdaed/estates/616872/images/8891913/gallery_media.jpeg', 'https://cdn-media.medialabtc.it/es/agencies/mdaed/estates/616872/images/8891920/gallery_media.jpeg', 'https://cdn-media.medialabtc.it/es/agencies/mdaed/estates/616872/images/8891908/gallery_media.jpeg', 'https://cdn-media.medialabtc.it/es/agencies/mdaed/estates/616872/images/8891899/gallery_media.jpeg', 'https://cdn-media.medialabtc.it/es/agencies/mdaed/estates/616872/images/8891907/gallery_media.jpeg', 'https://cdn-media.medialabtc.it/es/agencies/mdaed/estates/616872/images/8891902/gallery_media.jpeg', 'https://cdn-media.medialabtc.it/es/agencies/mdaed/estates/616872/images/8891894/gallery_media.jpeg', 'https://cdn-media.medialabtc.it/es/agencies/mdaed/estates/616872/images/8891905/gallery_media.jpeg', 'https://cdn-media.medialabtc.it/es/agencies/mdaed/estates/616872/images/8891909/gallery_media.jpeg', 'https://cdn-media.medialabtc.it/es/agencies/mdaed/estates/616872/images/8891919/gallery_media.jpeg', 'https://cdn-media.medialabtc.it/es/agencies/mdaed/estates/616872/images/8891914/gallery_media.jpeg', 'https://cdn-media.medialabtc.it/es/agencies/mdaed/estates/616872/images/8891911/gallery_media.jpeg', 'https://cdn-media.medialabtc.it/es/agencies/mdaed/estates/616872/images/8891904/gallery_media.jpeg', 'https://cdn-media.medialabtc.it/es/agencies/mdaed/estates/616872/images/8891917/gallery_media.jpeg', 'https://cdn-media.medialabtc.it/es/agencies/mdaed/estates/616872/images/8891916/gallery_media.jpeg', 'https://cdn-media.medialabtc.it/es/agencies/mdaed/estates/616872/images/8891903/gallery_media.jpeg', 'https://cdn-media.medialabtc.it/es/agencies/mdaed/estates/616872/images/8891910/gallery_media.jpeg', 'https://cdn-media.medialabtc.it/es/agencies/mdaed/estates/616872/images/8891901/gallery_media.jpeg']",0,Reformado,0,0,0,0,1,E,0,0,"['imagenes_tecnocasa\\anuncio_189\\0.jpeg', 'imagenes_tecnocasa\\anuncio_189\\1.jpeg', 'imagenes_tecnocasa\\anuncio_189\\2.jpeg', 'imagenes_tecnocasa\\anuncio_189\\3.jpeg', 'imagenes_tecnocasa\\anuncio_189\\4.jpeg', 'imagenes_tecnocasa\\anuncio_189\\5.jpeg', 'imagenes_tecnocasa\\anuncio_189\\6.jpeg', 'imagenes_tecnocasa\\anuncio_189\\7.jpeg', 'imagenes_tecnocasa\\anuncio_189\\8.jpeg', 'imagenes_tecnocasa\\anuncio_189\\9.jpeg', 'imagenes_tecnocasa\\anuncio_189\\10.jpeg', 'imagenes_tecnocasa\\anuncio_189\\11.jpeg', 'imagenes_tecnocasa\\anuncio_189\\12.jpeg', 'imagenes_tecnocasa\\anuncio_189\\13.jpeg', 'imagenes_tecnocasa\\anuncio_189\\14.jpeg', 'imagenes_tecnocasa\\anuncio_189\\15.jpeg', 'imagenes_tecnocasa\\anuncio_189\\16.jpeg', 'imagenes_tecnocasa\\anuncio_189\\17.jpeg', 'imagenes_tecnocasa\\anuncio_189\\18.jpeg', 'imagenes_tecnocasa\\anuncio_189\\19.jpeg', 'imagenes_tecnocasa\\anuncio_189\\20.jpeg', 'imagenes_tecnocasa\\anuncio_189\\21.jpeg', 'imagenes_tecnocasa\\anuncio_189\\22.jpeg', 'imagenes_tecnocasa\\anuncio_189\\23.jpeg', 'imagenes_tecnocasa\\anuncio_189\\24.jpeg', 'imagenes_tecnocasa\\anuncio_189\\25.jpeg', 'imagenes_tecnocasa\\anuncio_189\\26.jpeg', 'imagenes_tecnocasa\\anuncio_189\\27.jpeg', 'imagenes_tecnocasa\\anuncio_189\\28.jpeg']",0,Media,1933,1,0,0,piso,0,Lista,"Lista, Madrid",40.4326938,-3.6745087,189,5477.876106194691,216.0,150.0,0.45,0.625,2.0,1.0,parquet,pintura,no visible,estándar (2.4-2.8m),nada,5.2,5.8,moderno,"['#F2F2F2', '#FFFFFF', '#A0A0A0']",buena,True,eficiente,normal,ninguno,ninguno,estándar,no visible,ninguno,7.4,7.0,ninguna,5
https://www.tecnocasa.es/venta/piso/madrid/leganes/599189.html,142000.0,1,42.0,1,"INMOBILIARIA EN SAN NICASIO - TECNOCASA ESTUDIO RÍO DUERO S. L

Estudio totalmente reformado muy cerca de la universidad, centro de Leganés, Renfe Leganés-Central y Metrosur San Nicasio.
DISPONE DE:
- Cocina americana amueblada
- Suelos de tarima
- puertas de roble
- Baño con ventana y plato de ducha
- Puerta blindada
- Calefacción
- Ventanas lacadas blancas climalit

Piso actualmente alquilado, INQUILINO FUNCIONARIO (UNA PERSONA SOLO) CON SEGURO DE PROTECCIÓN PAGOS.",1,1,1,1,1,1,1,1,1,1,"['https://cdn-media.medialabtc.it/es/agencies/mdbc5/estates/599189/images/8486119/gallery_media.jpeg', 'https://cdn-media.medialabtc.it/es/agencies/mdbc5/estates/599189/images/8486106/gallery_media.jpeg', 'https://cdn-media.medialabtc.it/es/agencies/mdbc5/estates/599189/images/8486115/gallery_media.jpeg', 'https://cdn-media.medialabtc.it/es/agencies/mdbc5/estates/599189/images/8486110/gallery_media.jpeg', 'https://cdn-media.medialabtc.it/es/agencies/mdbc5/estates/599189/images/8486114/gallery_media.jpeg', 'https://cdn-media.medialabtc.it/es/agencies/mdbc5/estates/599189/images/8486112/gallery_media.jpeg', 'https://cdn-media.medialabtc.it/es/agencies/mdbc5/estates/599189/images/8486109/gallery_media.jpeg', 'https://cdn-media.medialabtc.it/es/agencies/mdbc5/estates/599189/images/8486108/gallery_media.jpeg', 'https://cdn-media.medialabtc.it/es/agencies/mdbc5/estates/599189/images/8486117/gallery_media.jpeg', 'https://cdn-media.medialabtc.it/es/agencies/mdbc5/estates/599189/images/8486107/gallery_media.jpeg', 'https://cdn-media.medialabtc.it/es/agencies/mdbc5/estates/599189/images/8486111/gallery_media.jpeg', 'https://cdn-media.medialabtc.it/es/agencies/mdbc5/estates/599189/images/8486116/gallery_media.jpeg', 'https://cdn-media.medialabtc.it/es/agencies/mdbc5/estates/599189/images/8486118/gallery_media.jpeg', 'https://cdn-media.medialabtc.it/es/agencies/mdbc5/estates/599189/images/8486120/gallery_media.jpeg', 'https://cdn-media.medialabtc.it/es/agencies/mdbc5/estates/599189/images/8486113/gallery_media.jpeg']",0,Reformado,0,0,0,0,0,Desconocida,0,0,"['imagenes_tecnocasa\\anuncio_191\\0.jpeg', 'imagenes_tecnocasa\\anuncio_191\\1.jpeg', 'imagenes_tecnocasa\\anuncio_191\\2.jpeg', 'imagenes_tecnocasa\\anuncio_191\\3.jpeg', 'imagenes_tecnocasa\\anuncio_191\\4.jpeg', 'imagenes_tecnocasa\\anuncio_191\\5.jpeg', 'imagenes_tecnocasa\\anuncio_191\\6.jpeg', 'imagenes_tecnocasa\\anuncio_191\\7.jpeg', 'imagenes_tecnocasa\\anuncio_191\\8.jpeg', 'imagenes_tecnocasa\\anuncio_191\\9.jpeg', 'imagenes_tecnocasa\\anuncio_191\\10.jpeg', 'imagenes_tecnocasa\\anuncio_191\\11.jpeg', 'imagenes_tecnocasa\\anuncio_191\\12.jpeg', 'imagenes_tecnocasa\\anuncio_191\\13.jpeg', 'imagenes_tecnocasa\\anuncio_191\\14.jpeg']",0,Señorial,1970,1,0,0,piso,2,Leganés,"San Nicasio, Leganés",40.3281942,-3.76527,191,3380.9523809523807,73.0,61.0,0.0,0.0,1.0,0.0,otro,pintura,otro,estándar (2.4-2.8m),nada,3.0,4.2,moderno,"['#000000', '#000000', '#000000']",buena,False,convencional,limitado,ninguno,ninguno,estándar,básica,ninguno,7.4,6.8,ninguna,5
https://www.tecnocasa.es/venta/casa/madrid/madrid/602049.html,185000.0,3,81.0,1,"Tecnocasa Oficina Orcasitas
VENDE LA NUDA PROPIEDAD. SOLO INVERSORES.

Agencia inmobiliaria de Madrid, zona Usera - Orcasitas - Orcasur VENDE LA NUDA PROPIEDAD de chalet adosado en el Poblado Dirigido compuesto por 3 dormitorios, salón, cocina, baño, aseo y patio de 16 m2.

Los actuales propietarios de 67 y 69 años, seguirán viviendo en el inmueble como usufructuarios hasta su fallecimiento.
Puede concertar una visita llamando al 91 029 18 88 ó visitenos en Calle Guetaria 72!!",1,1,1,1,0,0,0,0,0,1,"['https://cdn-media.medialabtc.it/es/agencies/md004/estates/602049/images/8656378/gallery_media.jpeg', 'https://cdn-media.medialabtc.it/es/agencies/md004/estates/602049/images/8656350/gallery_media.jpeg', 'https://cdn-media.medialabtc.it/es/agencies/md004/estates/602049/images/8656381/gallery_media.jpeg', 'https://cdn-media.medialabtc.it/es/agencies/md004/estates/602049/images/8656380/gallery_media.jpeg', 'https://cdn-media.medialabtc.it/es/agencies/md004/estates/602049/images/8656384/gallery_media.jpeg', 'https://cdn-media.medialabtc.it/es/agencies/md004/estates/602049/images/8656379/gallery_media.jpeg', 'https://cdn-media.medialabtc.it/es/agencies/md004/estates/602049/images/8656355/gallery_media.jpeg', 'https://cdn-media.medialabtc.it/es/agencies/md004/estates/602049/images/8656354/gallery_media.jpeg', 'https://cdn-media.medialabtc.it/es/agencies/md004/estates/602049/images/8656382/gallery_media.jpeg', 'https://cdn-media.medialabtc.it/es/agencies/md004/estates/602049/images/8656357/gallery_media.jpeg', 'https://cdn-media.medialabtc.it/es/agencies/md004/estates/602049/images/8656349/gallery_media.jpeg', 'https://cdn-media.medialabtc.it/es/agencies/md004/estates/602049/images/8656353/gallery_media.jpeg', 'https://cdn-media.medialabtc.it/es/agencies/md004/estates/602049/images/8656356/gallery_media.jpeg', 'https://cdn-media.medialabtc.it/es/agencies/md004/estates/602049/images/8656383/gallery_media.jpeg', 'https://cdn-media.medialabtc.it/es/agencies/md004/estates/602049/images/8656352/gallery_media.jpeg', 'https://cdn-media.medialabtc.it/es/agencies/md004/estates/602049/images/8656351/gallery_media.jpeg']",0,Desconocido,0,0,0,0,0,E,0,0,"['imagenes_tecnocasa\\anuncio_195\\0.jpeg', 'imagenes_tecnocasa\\anuncio_195\\1.jpeg', 'imagenes_tecnocasa\\anuncio_195\\2.jpeg', 'imagenes_tecnocasa\\anuncio_195\\3.jpeg', 'imagenes_tecnocasa\\anuncio_195\\4.jpeg', 'imagenes_tecnocasa\\anuncio_195\\5.jpeg', 'imagenes_tecnocasa\\anuncio_195\\6.jpeg', 'imagenes_tecnocasa\\anuncio_195\\7.jpeg', 'imagenes_tecnocasa\\anuncio_195\\8.jpeg', 'imagenes_tecnocasa\\anuncio_195\\9.jpeg', 'imagenes_tecnocasa\\anuncio_195\\10.jpeg', 'imagenes_tecnocasa\\anuncio_195\\11.jpeg', 'imagenes_tecnocasa\\anuncio_195\\12.jpeg', 'imagenes_tecnocasa\\anuncio_195\\13.jpeg', 'imagenes_tecnocasa\\anuncio_195\\14.jpeg', 'imagenes_tecnocasa\\anuncio_195\\15.jpeg']",0,Media,1980,0,0,0,casa,2,Madrid,"Orcasitas - San Fermin, Madrid",40.4167047,-3.7035825,195,2283.9506172839506,77.0,65.0,0.0,0.0,0.0,0.0,cerámica,pintura,otro,estándar (2.4-2.8m),nada,3.0,2.4,convencional,"['#A0522D', '#808080', '#008000']",regular,False,convencional,limitado,ninguno,ninguno,básico,parcialmente equipada,ninguno,5.8,5.2,ninguna,5
https://www.tecnocasa.es/venta/piso/madrid/madrid/622098.html,230000.0,3,72.0,1,"Agencia Inmobiliaria TECNOCASA VALLECAS ZONA PORTAZGO, VENDE piso de 72 m2 construidos fuente catastro en SEGUNDA PLANTA con ascensor.
Compuesto por entrada, cocina con acceso a tendedero, salón con acceso a terraza, 3 dormitorios, 1 baño con plato de ducha. Año 1965.
VIVIENDA CON MUCHA CLARIDAD.
VIVIENDA PARA ENTRAR A VIVIR EN BUEN ESTADO.
Calefacción gas individual. Aire acondicionado en el salón.
La vivienda está situada en una zona ya consolidada con multitud de servicios alrededor como farmacias, colegios, supermercados y bien comunicada por la red de transportes del municipio como paradas de autobús, RENFE, línea 1 de metro (Miguel Hernández-Alto del Arenal y Buenos Aires) y bien comunicada con la carretera A-3 Y M-40.
No dude en llamarnos para concertar su cita para visitar el inmueble en la que además recibirá el asesoramiento gratuito de nuestro departamento financiero KÌRON. FINANCIACIÓN 100%.",1,1,1,1,1,1,0,1,1,1,"['https://cdn-media.medialabtc.it/es/agencies/md071/estates/622098/images/9003839/gallery_media.jpeg', 'https://cdn-media.medialabtc.it/es/agencies/md071/estates/622098/images/9003838/gallery_media.jpeg', 'https://cdn-media.medialabtc.it/es/agencies/md071/estates/622098/images/9003822/gallery_media.jpeg', 'https://cdn-media.medialabtc.it/es/agencies/md071/estates/622098/images/9003836/gallery_media.jpeg', 'https://cdn-media.medialabtc.it/es/agencies/md071/estates/622098/images/9003826/gallery_media.jpeg', 'https://cdn-media.medialabtc.it/es/agencies/md071/estates/622098/images/9003835/gallery_media.jpeg', 'https://cdn-media.medialabtc.it/es/agencies/md071/estates/622098/images/9003825/gallery_media.jpeg', 'https://cdn-media.medialabtc.it/es/agencies/md071/estates/622098/images/9003829/gallery_media.jpeg', 'https://cdn-media.medialabtc.it/es/agencies/md071/estates/622098/images/9003827/gallery_media.jpeg', 'https://cdn-media.medialabtc.it/es/agencies/md071/estates/622098/images/9003821/gallery_media.jpeg', 'https://cdn-media.medialabtc.it/es/agencies/md071/estates/622098/images/9003840/gallery_media.jpeg', 'https://cdn-media.medialabtc.it/es/agencies/md071/estates/622098/images/9003832/gallery_media.jpeg', 'https://cdn-media.medialabtc.it/es/agencies/md071/estates/622098/images/9003833/gallery_media.jpeg', 'https://cdn-media.medialabtc.it/es/agencies/md071/estates/622098/images/9003834/gallery_media.jpeg', 'https://cdn-media.medialabtc.it/es/agencies/md071/estates/622098/images/9003837/gallery_media.jpeg', 'https://cdn-media.medialabtc.it/es/agencies/md071/estates/622098/images/9003831/gallery_media.jpeg', 'https://cdn-media.medialabtc.it/es/agencies/md071/estates/622098/images/9003824/gallery_media.jpeg', 'https://cdn-media.medialabtc.it/es/agencies/md071/estates/622098/images/9003841/gallery_media.jpeg', 'https://cdn-media.medialabtc.it/es/agencies/md071/estates/622098/images/9003830/gallery_media.jpeg', 'https://cdn-media.medialabtc.it/es/agencies/md071/estates/622098/images/9003828/gallery_media.jpeg', 'https://cdn-media.medialabtc.it/es/agencies/md071/estates/622098/images/9003823/gallery_media.jpeg']",0,Buen estado,0,0,0,1,0,Desconocida,0,0,"['imagenes_tecnocasa\\anuncio_196\\0.jpeg', 'imagenes_tecnocasa\\anuncio_196\\1.jpeg', 'imagenes_tecnocasa\\anuncio_196\\2.jpeg', 'imagenes_tecnocasa\\anuncio_196\\3.jpeg', 'imagenes_tecnocasa\\anuncio_196\\4.jpeg', 'imagenes_tecnocasa\\anuncio_196\\5.jpeg', 'imagenes_tecnocasa\\anuncio_196\\6.jpeg', 'imagenes_tecnocasa\\anuncio_196\\7.jpeg', 'imagenes_tecnocasa\\anuncio_196\\8.jpeg', 'imagenes_tecnocasa\\anuncio_196\\9.jpeg', 'imagenes_tecnocasa\\anuncio_196\\10.jpeg', 'imagenes_tecnocasa\\anuncio_196\\11.jpeg', 'imagenes_tecnocasa\\anuncio_196\\12.jpeg', 'imagenes_tecnocasa\\anuncio_196\\13.jpeg', 'imagenes_tecnocasa\\anuncio_196\\14.jpeg', 'imagenes_tecnocasa\\anuncio_196\\15.jpeg', 'imagenes_tecnocasa\\anuncio_196\\16.jpeg', 'imagenes_tecnocasa\\anuncio_196\\17.jpeg', 'imagenes_tecnocasa\\anuncio_196\\18.jpeg', 'imagenes_tecnocasa\\anuncio_196\\19.jpeg', 'imagenes_tecnocasa\\anuncio_196\\20.jpeg']",0,Media,1965,1,0,0,piso,2,Madrid,"Palomeras - Portazgo, Madrid",40.4167047,-3.7035825,196,3194.4444444444443,142.0,111.0,0.0,0.2,0.0,0.0,cerámica,pintura,corredera,estándar (2.4-2.8m),nada,3.6,5.0,moderno,"['#FFFFFF', '#F2F2F2', '#D3D3D3']",buena,False,convencional,limitado,ninguno,ninguno,estándar,básica,ninguno,6.4,6.6,ninguna,5
https://www.tecnocasa.es/venta/casa/madrid/fuenlabrada/620105.html,415000.0,4,198.0,3,"Agencia inmobiliaria Tecnocasa de Fuenlabrada - zona Loranca - vende AMPLIO CHALET ADOSADO, la vivienda se distribuye en tres plantas. En la planta baja, se encuentra un porche con zona cubierta, salón independiente con salida al patio de 40m2, cocina con zona office, un aseo, despensa y el garaje que cuenta con acceso desde el interior de la vivienda. En la primera planta tenemos cuatro amplios dormitorios con dos cuartos de baño, uno de ellos en suite. Por último, la vivienda cuenta con una amplia buhardilla ambientada en zona de estar y una terraza de 15m2. Suelos en gres, ventanas de aluminio blanco correderas con rejas, armarios empotrados en tres de los dormitorios y calefacción por gas natural. Parque comunitario con posibilidad de piscina. En la zona encontrarás todo tipo de servicios, colegios e institutos, transporte público (línea 12 de MetroSur y líneas de autobús), centro comercial, fácil acceso a carreteras M-506 y M-407.",1,0,1,1,0,1,1,0,0,1,"['https://cdn-media.medialabtc.it/es/agencies/mdbfa/estates/620105/images/8959354/gallery_media.jpeg', 'https://cdn-media.medialabtc.it/es/agencies/mdbfa/estates/620105/images/8959443/gallery_media.jpeg', 'https://cdn-media.medialabtc.it/es/agencies/mdbfa/estates/620105/images/8959436/gallery_media.jpeg', 'https://cdn-media.medialabtc.it/es/agencies/mdbfa/estates/620105/images/8959437/gallery_media.jpeg', 'https://cdn-media.medialabtc.it/es/agencies/mdbfa/estates/620105/images/8959438/gallery_media.jpeg', 'https://cdn-media.medialabtc.it/es/agencies/mdbfa/estates/620105/images/8959426/gallery_media.jpeg', 'https://cdn-media.medialabtc.it/es/agencies/mdbfa/estates/620105/images/8959440/gallery_media.jpeg', 'https://cdn-media.medialabtc.it/es/agencies/mdbfa/estates/620105/images/8959432/gallery_media.jpeg', 'https://cdn-media.medialabtc.it/es/agencies/mdbfa/estates/620105/images/8959435/gallery_media.jpeg', 'https://cdn-media.medialabtc.it/es/agencies/mdbfa/estates/620105/images/8959357/gallery_media.jpeg', 'https://cdn-media.medialabtc.it/es/agencies/mdbfa/estates/620105/images/8959430/gallery_media.jpeg', 'https://cdn-media.medialabtc.it/es/agencies/mdbfa/estates/620105/images/8959433/gallery_media.jpeg', 'https://cdn-media.medialabtc.it/es/agencies/mdbfa/estates/620105/images/8959356/gallery_media.jpeg', 'https://cdn-media.medialabtc.it/es/agencies/mdbfa/estates/620105/images/8959439/gallery_media.jpeg', 'https://cdn-media.medialabtc.it/es/agencies/mdbfa/estates/620105/images/8959431/gallery_media.jpeg', 'https://cdn-media.medialabtc.it/es/agencies/mdbfa/estates/620105/images/8959441/gallery_media.jpeg', 'https://cdn-media.medialabtc.it/es/agencies/mdbfa/estates/620105/images/8959425/gallery_media.jpeg', 'https://cdn-media.medialabtc.it/es/agencies/mdbfa/estates/620105/images/8959355/gallery_media.jpeg', 'https://cdn-media.medialabtc.it/es/agencies/mdbfa/estates/620105/images/8959358/gallery_media.jpeg', 'https://cdn-media.medialabtc.it/es/agencies/mdbfa/estates/620105/images/8959442/gallery_media.jpeg', 'https://cdn-media.medialabtc.it/es/agencies/mdbfa/estates/620105/images/8959427/gallery_media.jpeg', 'https://cdn-media.medialabtc.it/es/agencies/mdbfa/estates/620105/images/8959359/gallery_media.jpeg', 'https://cdn-media.medialabtc.it/es/agencies/mdbfa/estates/620105/images/8959360/gallery_media.jpeg', 'https://cdn-media.medialabtc.it/es/agencies/mdbfa/estates/620105/images/8959361/gallery_media.jpeg', 'https://cdn-media.medialabtc.it/es/agencies/mdbfa/estates/620105/images/8959429/gallery_media.jpeg', 'https://cdn-media.medialabtc.it/es/agencies/mdbfa/estates/620105/images/8959422/gallery_media.jpeg', 'https://cdn-media.medialabtc.it/es/agencies/mdbfa/estates/620105/images/8959423/gallery_media.jpeg', 'https://cdn-media.medialabtc.it/es/agencies/mdbfa/estates/620105/images/8959424/gallery_media.jpeg', 'https://cdn-media.medialabtc.it/es/agencies/mdbfa/estates/620105/images/8959428/gallery_media.jpeg', 'https://cdn-media.medialabtc.it/es/agencies/mdbfa/estates/620105/images/8959434/gallery_media.jpeg']",0,Desconocido,1,0,1,1,0,E,0,0,"['imagenes_tecnocasa\\anuncio_197\\0.jpeg', 'imagenes_tecnocasa\\anuncio_197\\1.jpeg', 'imagenes_tecnocasa\\anuncio_197\\2.jpeg', 'imagenes_tecnocasa\\anuncio_197\\3.jpeg', 'imagenes_tecnocasa\\anuncio_197\\4.jpeg', 'imagenes_tecnocasa\\anuncio_197\\5.jpeg', 'imagenes_tecnocasa\\anuncio_197\\6.jpeg', 'imagenes_tecnocasa\\anuncio_197\\7.jpeg', 'imagenes_tecnocasa\\anuncio_197\\8.jpeg', 'imagenes_tecnocasa\\anuncio_197\\9.jpeg', 'imagenes_tecnocasa\\anuncio_197\\10.jpeg', 'imagenes_tecnocasa\\anuncio_197\\11.jpeg', 'imagenes_tecnocasa\\anuncio_197\\12.jpeg', 'imagenes_tecnocasa\\anuncio_197\\13.jpeg', 'imagenes_tecnocasa\\anuncio_197\\14.jpeg', 'imagenes_tecnocasa\\anuncio_197\\15.jpeg', 'imagenes_tecnocasa\\anuncio_197\\16.jpeg', 'imagenes_tecnocasa\\anuncio_197\\17.jpeg', 'imagenes_tecnocasa\\anuncio_197\\18.jpeg', 'imagenes_tecnocasa\\anuncio_197\\19.jpeg', 'imagenes_tecnocasa\\anuncio_197\\20.jpeg', 'imagenes_tecnocasa\\anuncio_197\\21.jpeg', 'imagenes_tecnocasa\\anuncio_197\\22.jpeg', 'imagenes_tecnocasa\\anuncio_197\\23.jpeg', 'imagenes_tecnocasa\\anuncio_197\\24.jpeg', 'imagenes_tecnocasa\\anuncio_197\\25.jpeg', 'imagenes_tecnocasa\\anuncio_197\\26.jpeg', 'imagenes_tecnocasa\\anuncio_197\\27.jpeg', 'imagenes_tecnocasa\\anuncio_197\\28.jpeg', 'imagenes_tecnocasa\\anuncio_197\\29.jpeg']",0,Media,2004,1,0,0,casa,2,Fuenlabrada,"Loranca, Fuenlabrada",40.282476,-3.7923422,197,2095.959595959596,154.0,105.0,0.1,0.4,1.0,0.0,cerámica,pintura,otro,estándar (2.4-2.8m),nada,3.6,3.8,convencional,"['#A778AB', '#D2B48C', '#F2F2F2']",regular,False,convencional,normal,ninguno,ninguno,estándar,básica,ninguno,6.6,6.4,ninguna,5
https://www.tecnocasa.es/venta/casa/madrid/parla/611501.html,210000.0,3,76.0,1,"Agencia inmobiliaria de PARLA - Oficina Tecnocasa VENDE CASA en zona Centro.

VIVIENDA EN VENTA EN PARLA CENTRO.

Casa en venta en Parla, situado en el centro de Parla, con excelente ubicación, muy cercano a la estación de RENFE y a una de las calles principales del municipio, la calle pinto.
El barrio contiene una amplia variedad de comercios, centro comercial, colegios, centros médicos, parking público, galerías de alimentación, farmacias, restauración y cuenta con Tranvía cercano a la vivienda, que comunica con todo el municipio y con parada en la estación de tren de Renfe-Cercanías.

Casa baja de dos plantas
Consta de 3 dormitorios, habitacion principal con terraza abierta.
Baño con plato de ducha.
Cocina equipada con despensa y patio cerrado.
Amplio salón/comedor.
Dotado de ventanas de Aluminio, puertas de madera y suelo de baldosa.
Calefacción individual de gasoil.
SIN GASTO DE COMUNIDAD

TECNOCASA, red inmobiliaria líder en el sector con más de 30 años de experiencia, presente en más de 11 países, más de 1000 oficinas a nivel nacional y con más de 400 oficinas en la Comunidad de Madrid.

Realizamos valoraciones de su hogar totalmente gratuitas; gestionamos el proceso de post-venta (tanto para comprador como para el vendedor); además, les daremos toda la información que necesiten sobre hipotecas, les ayudaremos a tramitar herencias, certificados, cambios de titularidad, plusvalías, permiso de venta, etc.

Contamos con la colaboración del departamento de financiación de KÍRON, su experto intermediario que le asesorará gratuitamente sin ningún compromiso.

Nuestros servicios:

- Hipoteca 'primera vivienda'.
- Hipoteca 'cambio de vivienda'.
- Hipoteca 100%.

Disponemos de las mejores viviendas del mercado.
NO DUDE EN VISITARNOS.",0,1,1,1,1,1,0,1,1,1,"['https://cdn-media.medialabtc.it/es/agencies/md517/estates/611501/images/8767266/gallery_media.jpeg', 'https://cdn-media.medialabtc.it/es/agencies/md517/estates/611501/images/8767276/gallery_media.jpeg', 'https://cdn-media.medialabtc.it/es/agencies/md517/estates/611501/images/8767267/gallery_media.jpeg', 'https://cdn-media.medialabtc.it/es/agencies/md517/estates/611501/images/8767270/gallery_media.jpeg', 'https://cdn-media.medialabtc.it/es/agencies/md517/estates/611501/images/8767281/gallery_media.jpeg', 'https://cdn-media.medialabtc.it/es/agencies/md517/estates/611501/images/8767264/gallery_media.jpeg', 'https://cdn-media.medialabtc.it/es/agencies/md517/estates/611501/images/8767272/gallery_media.jpeg', 'https://cdn-media.medialabtc.it/es/agencies/md517/estates/611501/images/8767269/gallery_media.jpeg', 'https://cdn-media.medialabtc.it/es/agencies/md517/estates/611501/images/8767268/gallery_media.jpeg', 'https://cdn-media.medialabtc.it/es/agencies/md517/estates/611501/images/8767277/gallery_media.jpeg', 'https://cdn-media.medialabtc.it/es/agencies/md517/estates/611501/images/8767278/gallery_media.jpeg', 'https://cdn-media.medialabtc.it/es/agencies/md517/estates/611501/images/8767275/gallery_media.jpeg', 'https://cdn-media.medialabtc.it/es/agencies/md517/estates/611501/images/8767263/gallery_media.jpeg', 'https://cdn-media.medialabtc.it/es/agencies/md517/estates/611501/images/8767271/gallery_media.jpeg', 'https://cdn-media.medialabtc.it/es/agencies/md517/estates/611501/images/8767274/gallery_media.jpeg', 'https://cdn-media.medialabtc.it/es/agencies/md517/estates/611501/images/8767279/gallery_media.jpeg', 'https://cdn-media.medialabtc.it/es/agencies/md517/estates/611501/images/8767280/gallery_media.jpeg', 'https://cdn-media.medialabtc.it/es/agencies/md517/estates/611501/images/8767273/gallery_media.jpeg', 'https://cdn-media.medialabtc.it/es/agencies/md517/estates/611501/images/8767282/gallery_media.jpeg', 'https://cdn-media.medialabtc.it/es/agencies/md517/estates/611501/images/8767265/gallery_media.jpeg']",0,Desconocido,1,0,0,1,0,Desconocida,0,0,"['imagenes_tecnocasa\\anuncio_199\\0.jpeg', 'imagenes_tecnocasa\\anuncio_199\\1.jpeg', 'imagenes_tecnocasa\\anuncio_199\\2.jpeg', 'imagenes_tecnocasa\\anuncio_199\\3.jpeg', 'imagenes_tecnocasa\\anuncio_199\\4.jpeg', 'imagenes_tecnocasa\\anuncio_199\\5.jpeg', 'imagenes_tecnocasa\\anuncio_199\\6.jpeg', 'imagenes_tecnocasa\\anuncio_199\\7.jpeg', 'imagenes_tecnocasa\\anuncio_199\\8.jpeg', 'imagenes_tecnocasa\\anuncio_199\\9.jpeg', 'imagenes_tecnocasa\\anuncio_199\\10.jpeg', 'imagenes_tecnocasa\\anuncio_199\\11.jpeg', 'imagenes_tecnocasa\\anuncio_199\\12.jpeg', 'imagenes_tecnocasa\\anuncio_199\\13.jpeg', 'imagenes_tecnocasa\\anuncio_199\\14.jpeg', 'imagenes_tecnocasa\\anuncio_199\\15.jpeg', 'imagenes_tecnocasa\\anuncio_199\\16.jpeg', 'imagenes_tecnocasa\\anuncio_199\\17.jpeg', 'imagenes_tecnocasa\\anuncio_199\\18.jpeg', 'imagenes_tecnocasa\\anuncio_199\\19.jpeg']",1,Media,1967,1,0,0,casa,3,Parla,Parla,40.2373952,-3.7718902,199,2763.157894736842,269.0,177.0,0.0,0.2,1.0,0.0,cerámica,pintura,corredera,estándar (2.4-2.8m),nada,3.0,3.0,convencional,"['#D2B48C', '#FFE4C4', '#A0522D']",regular,False,convencional,limitado,ninguno,ninguno,básico,básica,ninguno,6.2,6.4,ninguna,5
https://www.tecnocasa.es/venta/casa/madrid/parla/618908.html,293000.0,5,158.0,2,"Agencia inmobiliaria de PARLA - Oficina Tecnocasa VENDE CASA en zona Centro.

VIVIENDA EN VENTA EN PARLA CENTRO.

Casa en venta en Parla, situado en el centro de Parla, con excelente ubicación, muy cercano a la estación de RENFE y a una de las calles principales del municipio, la calle pinto.
El barrio contiene una amplia variedad de comercios, centro comercial, colegios, centros médicos, parking público, galerías de alimentación, farmacias, restauración y cuenta con Tranvía cercano a la vivienda, que comunica con todo el municipio y con parada en la estación de tren de Renfe-Cercanías.

CASA BAJA DE TRES PLANTAS
-Consta de 5 dormitorios uno de ellos principal con balcón.
-2 Baños con plato de ducha.
- Amplia cocina amueblada con acceso a patio cerrado.
-Amplio y luminoso salón/comedor con aire acondicionado.
-Dotado de ventanas de Aluminio y suelo de Gress.
-Amplia y luminosa terraza techada ocupando la 3º planta de la vivienda.
-Calefacción individual de Gas Natural.
-Cuadro eléctrico cambiado y baño reformado.
SIN GASTO DE COMUNIDAD

TECNOCASA, red inmobiliaria líder en el sector con más de 30 años de experiencia, presente en más de 11 países, más de 1000 oficinas a nivel nacional y con más de 400 oficinas en la Comunidad de Madrid.

Realizamos valoraciones de su hogar totalmente gratuitas; gestionamos el proceso de post-venta (tanto para comprador como para el vendedor); además, les daremos toda la información que necesiten sobre hipotecas, les ayudaremos a tramitar herencias, certificados, cambios de titularidad, plusvalías, permiso de venta, etc.

Contamos con la colaboración del departamento de financiación de KÍRON, su experto intermediario que le asesorará gratuitamente sin ningún compromiso.

Nuestros servicios:

- Hipoteca 'primera vivienda'.
- Hipoteca 'cambio de vivienda'.
- Hipoteca 100%.

Disponemos de las mejores viviendas del mercado.
NO DUDE EN VISITARNOS.",0,1,1,1,1,1,0,1,1,1,"['https://cdn-media.medialabtc.it/es/agencies/md517/estates/618908/images/8926246/gallery_media.jpeg', 'https://cdn-media.medialabtc.it/es/agencies/md517/estates/618908/images/8926253/gallery_media.jpeg', 'https://cdn-media.medialabtc.it/es/agencies/md517/estates/618908/images/8926247/gallery_media.jpeg', 'https://cdn-media.medialabtc.it/es/agencies/md517/estates/618908/images/8926239/gallery_media.jpeg', 'https://cdn-media.medialabtc.it/es/agencies/md517/estates/618908/images/8926255/gallery_media.jpeg', 'https://cdn-media.medialabtc.it/es/agencies/md517/estates/618908/images/8926241/gallery_media.jpeg', 'https://cdn-media.medialabtc.it/es/agencies/md517/estates/618908/images/8926819/gallery_media.jpeg', 'https://cdn-media.medialabtc.it/es/agencies/md517/estates/618908/images/8926248/gallery_media.jpeg', 'https://cdn-media.medialabtc.it/es/agencies/md517/estates/618908/images/8926240/gallery_media.jpeg', 'https://cdn-media.medialabtc.it/es/agencies/md517/estates/618908/images/8926244/gallery_media.jpeg', 'https://cdn-media.medialabtc.it/es/agencies/md517/estates/618908/images/8926254/gallery_media.jpeg', 'https://cdn-media.medialabtc.it/es/agencies/md517/estates/618908/images/8926242/gallery_media.jpeg', 'https://cdn-media.medialabtc.it/es/agencies/md517/estates/618908/images/8926256/gallery_media.jpeg', 'https://cdn-media.medialabtc.it/es/agencies/md517/estates/618908/images/8926252/gallery_media.jpeg', 'https://cdn-media.medialabtc.it/es/agencies/md517/estates/618908/images/8927507/gallery_media.jpeg', 'https://cdn-media.medialabtc.it/es/agencies/md517/estates/618908/images/8926820/gallery_media.jpeg', 'https://cdn-media.medialabtc.it/es/agencies/md517/estates/618908/images/8926250/gallery_media.jpeg', 'https://cdn-media.medialabtc.it/es/agencies/md517/estates/618908/images/8926260/gallery_media.jpeg', 'https://cdn-media.medialabtc.it/es/agencies/md517/estates/618908/images/8926249/gallery_media.jpeg', 'https://cdn-media.medialabtc.it/es/agencies/md517/estates/618908/images/8926251/gallery_media.jpeg', 'https://cdn-media.medialabtc.it/es/agencies/md517/estates/618908/images/8926243/gallery_media.jpeg', 'https://cdn-media.medialabtc.it/es/agencies/md517/estates/618908/images/8926259/gallery_media.jpeg', 'https://cdn-media.medialabtc.it/es/agencies/md517/estates/618908/images/8926263/gallery_media.jpeg', 'https://cdn-media.medialabtc.it/es/agencies/md517/estates/618908/images/8926261/gallery_media.jpeg', 'https://cdn-media.medialabtc.it/es/agencies/md517/estates/618908/images/8926258/gallery_media.jpeg', 'https://cdn-media.medialabtc.it/es/agencies/md517/estates/618908/images/8926262/gallery_media.jpeg', 'https://cdn-media.medialabtc.it/es/agencies/md517/estates/618908/images/8926245/gallery_media.jpeg']",0,Reformado,1,0,0,1,0,Desconocida,0,0,"['imagenes_tecnocasa\\anuncio_200\\0.jpeg', 'imagenes_tecnocasa\\anuncio_200\\1.jpeg', 'imagenes_tecnocasa\\anuncio_200\\2.jpeg', 'imagenes_tecnocasa\\anuncio_200\\3.jpeg', 'imagenes_tecnocasa\\anuncio_200\\4.jpeg', 'imagenes_tecnocasa\\anuncio_200\\5.jpeg', 'imagenes_tecnocasa\\anuncio_200\\6.jpeg', 'imagenes_tecnocasa\\anuncio_200\\7.jpeg', 'imagenes_tecnocasa\\anuncio_200\\8.jpeg', 'imagenes_tecnocasa\\anuncio_200\\9.jpeg', 'imagenes_tecnocasa\\anuncio_200\\10.jpeg', 'imagenes_tecnocasa\\anuncio_200\\11.jpeg', 'imagenes_tecnocasa\\anuncio_200\\12.jpeg', 'imagenes_tecnocasa\\anuncio_200\\13.jpeg', 'imagenes_tecnocasa\\anuncio_200\\14.jpeg', 'imagenes_tecnocasa\\anuncio_200\\15.jpeg', 'imagenes_tecnocasa\\anuncio_200\\16.jpeg', 'imagenes_tecnocasa\\anuncio_200\\17.jpeg', 'imagenes_tecnocasa\\anuncio_200\\18.jpeg', 'imagenes_tecnocasa\\anuncio_200\\19.jpeg', 'imagenes_tecnocasa\\anuncio_200\\20.jpeg', 'imagenes_tecnocasa\\anuncio_200\\21.jpeg', 'imagenes_tecnocasa\\anuncio_200\\22.jpeg', 'imagenes_tecnocasa\\anuncio_200\\23.jpeg', 'imagenes_tecnocasa\\anuncio_200\\24.jpeg', 'imagenes_tecnocasa\\anuncio_200\\25.jpeg', 'imagenes_tecnocasa\\anuncio_200\\26.jpeg']",1,Media,1967,1,0,0,casa,3,Parla,Parla,40.2373952,-3.7718902,200,1854.4303797468353,294.0,194.0,0.03333333333333333,0.26666666666666666,3.0,0.0,cerámica,pintura,ninguna visible,estándar (2.4-2.8m),nada,3.4,3.8,convencional,"['#F5F5DC', '#FFFFFF', '#A0522D']",regular,False,convencional,limitado,ninguno,ninguno,estándar,básica,ninguno,5.8,5.6,leve,5
https://www.tecnocasa.es/venta/casa/madrid/parla/619348.html,466200.0,5,236.0,4,"Agencia inmobiliaria de PARLA - Oficina Tecnocasa VENDE CHALET ADOSADO en Zona Pintores-El Ferial
VIVIENDA EN VENTA EN ZONA PINTORES-EL FERIAL

Chalet en venta en Parla, situado en el centro de Parla, con excelente ubicación, muy cercano a la estación de RENFE y a una de las calles principales del municipio, la calle pinto.
El barrio contiene una amplia variedad de comercios, centro comercial, colegios, centros médicos, parking público, galerías de alimentación, farmacias, restauración y cuenta con Tranvía cercano a la vivienda, que comunica con todo el municipio y con parada en la estación de tren de Renfe-Cercanías.

CHALET DE 4 PLANTAS + ENTRADA CON GARAJE
-Consta de 5 dormitorios y 3 baños.
- Planta -1: Consta de Salón/Comedor, Taller/Bodega,1 aseo y 1 habitación.

- Primera 0 : Amplia entrada con acceso a Garaje el cual consta de altillo.

- Planta 1: Consta de cocina, baño con plato de ducha, amplio y luminoso salón con acceso a un gran patio con caseta construida.

-Planta 2: Consta de de 1 baño con bañera y 4 habitaciones, una de ella Habitación Suite con acceso a balcón y baño con bañera.
- Planta 3: Consta de Buhardilla diafana y accesible.
-Ventanas de Climalit, suelo de parquet en Planta 2 y resto de Gress.
-Cuenta con bomba antinundaciones.
-Calefacción individual de Gas Natural.

TECNOCASA, red inmobiliaria líder en el sector con más de 30 años de experiencia, presente en más de 11 países, más de 1000 oficinas a nivel nacional y con más de 400 oficinas en la Comunidad de Madrid.

Realizamos valoraciones de su hogar totalmente gratuitas; gestionamos el proceso de post-venta (tanto para comprador como para el vendedor); además, les daremos toda la información que necesiten sobre hipotecas, les ayudaremos a tramitar herencias, certificados, cambios de titularidad, plusvalías, permiso de venta, etc.

Contamos con la colaboración del departamento de financiación de KÍRON, su experto intermediario que le asesorará gratuitamente sin ningún compromiso.

Nuestros servicios:

- Hipoteca 'primera vivienda'.
- Hipoteca 'cambio de vivienda'.
- Hipoteca 100%.

Disponemos de las mejores viviendas del mercado.
NO DUDE EN VISITARNOS.",0,0,1,1,0,1,0,1,1,1,"['https://cdn-media.medialabtc.it/es/agencies/md517/estates/619348/images/8941341/gallery_media.jpeg', 'https://cdn-media.medialabtc.it/es/agencies/md517/estates/619348/images/8941339/gallery_media.jpeg', 'https://cdn-media.medialabtc.it/es/agencies/md517/estates/619348/images/8941327/gallery_media.jpeg', 'https://cdn-media.medialabtc.it/es/agencies/md517/estates/619348/images/8941332/gallery_media.jpeg', 'https://cdn-media.medialabtc.it/es/agencies/md517/estates/619348/images/8941779/gallery_media.jpeg', 'https://cdn-media.medialabtc.it/es/agencies/md517/estates/619348/images/8941330/gallery_media.jpeg', 'https://cdn-media.medialabtc.it/es/agencies/md517/estates/619348/images/8941328/gallery_media.jpeg', 'https://cdn-media.medialabtc.it/es/agencies/md517/estates/619348/images/8942113/gallery_media.jpeg', 'https://cdn-media.medialabtc.it/es/agencies/md517/estates/619348/images/8941318/gallery_media.jpeg', 'https://cdn-media.medialabtc.it/es/agencies/md517/estates/619348/images/8941337/gallery_media.jpeg', 'https://cdn-media.medialabtc.it/es/agencies/md517/estates/619348/images/8941344/gallery_media.jpeg', 'https://cdn-media.medialabtc.it/es/agencies/md517/estates/619348/images/8941326/gallery_media.jpeg', 'https://cdn-media.medialabtc.it/es/agencies/md517/estates/619348/images/8941778/gallery_media.jpeg', 'https://cdn-media.medialabtc.it/es/agencies/md517/estates/619348/images/8941781/gallery_media.jpeg', 'https://cdn-media.medialabtc.it/es/agencies/md517/estates/619348/images/8941322/gallery_media.jpeg', 'https://cdn-media.medialabtc.it/es/agencies/md517/estates/619348/images/8941336/gallery_media.jpeg', 'https://cdn-media.medialabtc.it/es/agencies/md517/estates/619348/images/8941333/gallery_media.jpeg', 'https://cdn-media.medialabtc.it/es/agencies/md517/estates/619348/images/8941780/gallery_media.jpeg', 'https://cdn-media.medialabtc.it/es/agencies/md517/estates/619348/images/8941342/gallery_media.jpeg', 'https://cdn-media.medialabtc.it/es/agencies/md517/estates/619348/images/8941317/gallery_media.jpeg', 'https://cdn-media.medialabtc.it/es/agencies/md517/estates/619348/images/8941329/gallery_media.jpeg', 'https://cdn-media.medialabtc.it/es/agencies/md517/estates/619348/images/8941334/gallery_media.jpeg', 'https://cdn-media.medialabtc.it/es/agencies/md517/estates/619348/images/8942047/gallery_media.jpeg', 'https://cdn-media.medialabtc.it/es/agencies/md517/estates/619348/images/8941335/gallery_media.jpeg', 'https://cdn-media.medialabtc.it/es/agencies/md517/estates/619348/images/8941323/gallery_media.jpeg', 'https://cdn-media.medialabtc.it/es/agencies/md517/estates/619348/images/8941324/gallery_media.jpeg', 'https://cdn-media.medialabtc.it/es/agencies/md517/estates/619348/images/8941343/gallery_media.jpeg', 'https://cdn-media.medialabtc.it/es/agencies/md517/estates/619348/images/8941979/gallery_media.jpeg']",0,Desconocido,1,0,0,1,0,Desconocida,0,0,"['imagenes_tecnocasa\\anuncio_202\\0.jpeg', 'imagenes_tecnocasa\\anuncio_202\\1.jpeg', 'imagenes_tecnocasa\\anuncio_202\\2.jpeg', 'imagenes_tecnocasa\\anuncio_202\\3.jpeg', 'imagenes_tecnocasa\\anuncio_202\\4.jpeg', 'imagenes_tecnocasa\\anuncio_202\\5.jpeg', 'imagenes_tecnocasa\\anuncio_202\\6.jpeg', 'imagenes_tecnocasa\\anuncio_202\\7.jpeg', 'imagenes_tecnocasa\\anuncio_202\\8.jpeg', 'imagenes_tecnocasa\\anuncio_202\\9.jpeg', 'imagenes_tecnocasa\\anuncio_202\\10.jpeg', 'imagenes_tecnocasa\\anuncio_202\\11.jpeg', 'imagenes_tecnocasa\\anuncio_202\\12.jpeg', 'imagenes_tecnocasa\\anuncio_202\\13.jpeg', 'imagenes_tecnocasa\\anuncio_202\\14.jpeg', 'imagenes_tecnocasa\\anuncio_202\\15.jpeg', 'imagenes_tecnocasa\\anuncio_202\\16.jpeg', 'imagenes_tecnocasa\\anuncio_202\\17.jpeg', 'imagenes_tecnocasa\\anuncio_202\\18.jpeg', 'imagenes_tecnocasa\\anuncio_202\\19.jpeg', 'imagenes_tecnocasa\\anuncio_202\\20.jpeg', 'imagenes_tecnocasa\\anuncio_202\\21.jpeg', 'imagenes_tecnocasa\\anuncio_202\\22.jpeg', 'imagenes_tecnocasa\\anuncio_202\\23.jpeg', 'imagenes_tecnocasa\\anuncio_202\\24.jpeg', 'imagenes_tecnocasa\\anuncio_202\\25.jpeg', 'imagenes_tecnocasa\\anuncio_202\\26.jpeg', 'imagenes_tecnocasa\\anuncio_202\\27.jpeg']",0,Media,1999,1,0,0,casa,3,Parla,Parla,40.2373952,-3.7718902,202,1975.4237288135594,345.0,217.0,0.03333333333333333,0.26666666666666666,2.0,0.0,cerámica,pintura,ninguna,estándar (2.4-2.8m),nada,4.2,3.0,rústico,"['#F5F5DC', '#A0522D', '#DEB887']",regular,False,convencional,limitado,ninguno,ninguno,estándar,básica,ninguno,7.2,6.6,ninguna,5
https://www.tecnocasa.es/venta/piso/madrid/parla/620104.html,174900.0,3,82.0,1,"Agencia inmobiliaria de PARLA - Oficina Tecnocasa VENDE PISO en zona Centro.

VIVIENDA EN VENTA EN PARLA CENTRO.

Piso en venta en Parla, situado en el centro de Parla, con excelente ubicación, muy cercano a la estación de RENFE y a una de las calles principales del municipio, la calle pinto.
El barrio contiene una amplia variedad de comercios, centro comercial, colegios, centros médicos, parking público, galerías de alimentación, farmacias, restauración y cuenta con Tranvía cercano a la vivienda, que comunica con todo el municipio y con parada en la estación de tren de Renfe-Cercanías.

VIVIENDA A TAN SOLO 2 MIN DE LA RENFE, EQUIVALENTE A UNA 3º PLANTA SIN ASCENSOR Y CON POSIBLE ACCESO A PISCINA
-Amplia entrada con armario empotrado.
-Consta de 3 dormitorios, uno de ellos principal.
- Baño reformado con plato de ducha y ventana.
-Amplio y luminoso salón/comedor con acceso a terraza cerrada y acristalada.
-Cocina amueblada con suelo de Gres y acceso a tendedero.
-Dotado de ventanas de Climalit y suelo de Tarima.
-Calefacción central.
COMUNIDAD 147€/MENSUALES CON AGUA Y CALEFACCIÓN.
POSIBLE ACCESO A PISCINA CON CUOTA MENSUAL.

TECNOCASA, red inmobiliaria líder en el sector con más de 30 años de experiencia, presente en más de 11 países, más de 1000 oficinas a nivel nacional y con más de 400 oficinas en la Comunidad de Madrid.

Realizamos valoraciones de su hogar totalmente gratuitas; gestionamos el proceso de post-venta (tanto para comprador como para el vendedor); además, les daremos toda la información que necesiten sobre hipotecas, les ayudaremos a tramitar herencias, certificados, cambios de titularidad, plusvalías, permiso de venta, etc.

Contamos con la colaboración del departamento de financiación de KÍRON, su experto intermediario que le asesorará gratuitamente sin ningún compromiso.

Nuestros servicios:

- Hipoteca 'primera vivienda'.
- Hipoteca 'cambio de vivienda'.
- Hipoteca 100%.

Disponemos de las mejores viviendas del mercado.
NO DUDE EN VISITARNOS.",0,1,1,1,1,1,0,1,1,1,"['https://cdn-media.medialabtc.it/es/agencies/md517/estates/620104/images/8956551/gallery_media.jpeg', 'https://cdn-media.medialabtc.it/es/agencies/md517/estates/620104/images/8956547/gallery_media.jpeg', 'https://cdn-media.medialabtc.it/es/agencies/md517/estates/620104/images/8956559/gallery_media.jpeg', 'https://cdn-media.medialabtc.it/es/agencies/md517/estates/620104/images/8957798/gallery_media.jpeg', 'https://cdn-media.medialabtc.it/es/agencies/md517/estates/620104/images/8956564/gallery_media.jpeg', 'https://cdn-media.medialabtc.it/es/agencies/md517/estates/620104/images/8956556/gallery_media.jpeg', 'https://cdn-media.medialabtc.it/es/agencies/md517/estates/620104/images/8956548/gallery_media.jpeg', 'https://cdn-media.medialabtc.it/es/agencies/md517/estates/620104/images/8956552/gallery_media.jpeg', 'https://cdn-media.medialabtc.it/es/agencies/md517/estates/620104/images/8956563/gallery_media.jpeg', 'https://cdn-media.medialabtc.it/es/agencies/md517/estates/620104/images/8956550/gallery_media.jpeg', 'https://cdn-media.medialabtc.it/es/agencies/md517/estates/620104/images/8956557/gallery_media.jpeg', 'https://cdn-media.medialabtc.it/es/agencies/md517/estates/620104/images/8956546/gallery_media.jpeg', 'https://cdn-media.medialabtc.it/es/agencies/md517/estates/620104/images/8956545/gallery_media.jpeg', 'https://cdn-media.medialabtc.it/es/agencies/md517/estates/620104/images/8957799/gallery_media.jpeg', 'https://cdn-media.medialabtc.it/es/agencies/md517/estates/620104/images/8956554/gallery_media.jpeg', 'https://cdn-media.medialabtc.it/es/agencies/md517/estates/620104/images/8985566/gallery_media.jpeg', 'https://cdn-media.medialabtc.it/es/agencies/md517/estates/620104/images/8956558/gallery_media.jpeg', 'https://cdn-media.medialabtc.it/es/agencies/md517/estates/620104/images/8956543/gallery_media.jpeg', 'https://cdn-media.medialabtc.it/es/agencies/md517/estates/620104/images/8956549/gallery_media.jpeg', 'https://cdn-media.medialabtc.it/es/agencies/md517/estates/620104/images/8957795/gallery_media.jpeg', 'https://cdn-media.medialabtc.it/es/agencies/md517/estates/620104/images/8956561/gallery_media.jpeg', 'https://cdn-media.medialabtc.it/es/agencies/md517/estates/620104/images/8957797/gallery_media.jpeg', 'https://cdn-media.medialabtc.it/es/agencies/md517/estates/620104/images/8956555/gallery_media.jpeg', 'https://cdn-media.medialabtc.it/es/agencies/md517/estates/620104/images/8985565/gallery_media.jpeg', 'https://cdn-media.medialabtc.it/es/agencies/md517/estates/620104/images/8957796/gallery_media.jpeg', 'https://cdn-media.medialabtc.it/es/agencies/md517/estates/620104/images/8956562/gallery_media.jpeg', 'https://cdn-media.medialabtc.it/es/agencies/md517/estates/620104/images/8956565/gallery_media.jpeg']",0,Reformado,1,0,1,1,0,Desconocida,0,0,"['imagenes_tecnocasa\\anuncio_203\\0.jpeg', 'imagenes_tecnocasa\\anuncio_203\\1.jpeg', 'imagenes_tecnocasa\\anuncio_203\\2.jpeg', 'imagenes_tecnocasa\\anuncio_203\\3.jpeg', 'imagenes_tecnocasa\\anuncio_203\\4.jpeg', 'imagenes_tecnocasa\\anuncio_203\\5.jpeg', 'imagenes_tecnocasa\\anuncio_203\\6.jpeg', 'imagenes_tecnocasa\\anuncio_203\\7.jpeg', 'imagenes_tecnocasa\\anuncio_203\\8.jpeg', 'imagenes_tecnocasa\\anuncio_203\\9.jpeg', 'imagenes_tecnocasa\\anuncio_203\\10.jpeg', 'imagenes_tecnocasa\\anuncio_203\\11.jpeg', 'imagenes_tecnocasa\\anuncio_203\\12.jpeg', 'imagenes_tecnocasa\\anuncio_203\\13.jpeg', 'imagenes_tecnocasa\\anuncio_203\\14.jpeg', 'imagenes_tecnocasa\\anuncio_203\\15.jpeg', 'imagenes_tecnocasa\\anuncio_203\\16.jpeg', 'imagenes_tecnocasa\\anuncio_203\\17.jpeg', 'imagenes_tecnocasa\\anuncio_203\\18.jpeg', 'imagenes_tecnocasa\\anuncio_203\\19.jpeg', 'imagenes_tecnocasa\\anuncio_203\\20.jpeg', 'imagenes_tecnocasa\\anuncio_203\\21.jpeg', 'imagenes_tecnocasa\\anuncio_203\\22.jpeg', 'imagenes_tecnocasa\\anuncio_203\\23.jpeg', 'imagenes_tecnocasa\\anuncio_203\\24.jpeg', 'imagenes_tecnocasa\\anuncio_203\\25.jpeg', 'imagenes_tecnocasa\\anuncio_203\\26.jpeg']",1,Media,1973,1,0,0,piso,4,Parla,Parla,40.2373952,-3.7718902,203,2132.9268292682927,310.0,201.0,0.0,0.125,3.0,0.0,parquet,pintura,otro,estándar (2.4-2.8m),nada,4.6,3.8,clásico,"['#A0522D', '#DEB887', '#FFFFFF']",buena,False,convencional,normal,ninguno,ninguno,estándar,parcialmente equipada,ninguno,6.6,6.4,ninguna,5
https://www.tecnocasa.es/venta/piso/madrid/parla/621675.html,155000.0,2,64.0,1,"Agencia inmobiliaria de PARLA - Oficina Tecnocasa VENDE PISO en zona Centro.

VIVIENDA EN VENTA EN PARLA CENTRO.

Piso en venta en Parla, situado en el centro de Parla, con excelente ubicación, muy cercano a la estación de RENFE y a una de las calles principales del municipio, la calle pinto.
El barrio contiene una amplia variedad de comercios, centro comercial, colegios, centros médicos, parking público, galerías de alimentación, farmacias, restauración y cuenta con Tranvía cercano a la vivienda, que comunica con todo el municipio y con parada en la estación de tren de Renfe-Cercanías.

VIVIENDA A REFORMAR , SIN ASCENSOR.
-Amplio salón con acceso a terraza abierta.
-Consta de 2 dormitorios, uno de ellos principal.
- Baño con plato de ducha.
-Cocina amueblada con tendedero.
-Dotado de ventanas de Aluminio gris y suelo de Gres.
-Preinstalacion de Gas Natural en el edificio.
COMUNIDAD 45€/MENSUALES.

TECNOCASA, red inmobiliaria líder en el sector con más de 30 años de experiencia, presente en más de 11 países, más de 900 oficinas a nivel nacional y con más de 400 oficinas en la Comunidad de Madrid.

Realizamos valoraciones de su hogar totalmente gratuitas; gestionamos el proceso de post-venta (tanto para comprador como para el vendedor); además, les daremos toda la información que necesiten sobre hipotecas, les ayudaremos a tramitar herencias, certificados, cambios de titularidad, plusvalías, permiso de venta, etc.

Contamos con la colaboración del departamento de financiación de KÍRON, su experto intermediario que le asesorará gratuitamente sin ningún compromiso.

Nuestros servicios:

- Hipoteca 'primera vivienda'.
- Hipoteca 'cambio de vivienda'.
- Hipoteca 100%.

Disponemos de las mejores viviendas del mercado.
NO DUDE EN VISITARNOS.",0,1,1,1,1,1,0,1,1,1,"['https://cdn-media.medialabtc.it/es/agencies/md517/estates/621675/images/8999931/gallery_media.jpeg', 'https://cdn-media.medialabtc.it/es/agencies/md517/estates/621675/images/8999930/gallery_media.jpeg', 'https://cdn-media.medialabtc.it/es/agencies/md517/estates/621675/images/8999933/gallery_media.jpeg', 'https://cdn-media.medialabtc.it/es/agencies/md517/estates/621675/images/8999919/gallery_media.jpeg', 'https://cdn-media.medialabtc.it/es/agencies/md517/estates/621675/images/8999920/gallery_media.jpeg', 'https://cdn-media.medialabtc.it/es/agencies/md517/estates/621675/images/8999921/gallery_media.jpeg', 'https://cdn-media.medialabtc.it/es/agencies/md517/estates/621675/images/8999916/gallery_media.jpeg', 'https://cdn-media.medialabtc.it/es/agencies/md517/estates/621675/images/8999926/gallery_media.jpeg', 'https://cdn-media.medialabtc.it/es/agencies/md517/estates/621675/images/8999917/gallery_media.jpeg', 'https://cdn-media.medialabtc.it/es/agencies/md517/estates/621675/images/8999924/gallery_media.jpeg', 'https://cdn-media.medialabtc.it/es/agencies/md517/estates/621675/images/8999929/gallery_media.jpeg', 'https://cdn-media.medialabtc.it/es/agencies/md517/estates/621675/images/8999935/gallery_media.jpeg', 'https://cdn-media.medialabtc.it/es/agencies/md517/estates/621675/images/8999923/gallery_media.jpeg', 'https://cdn-media.medialabtc.it/es/agencies/md517/estates/621675/images/8999925/gallery_media.jpeg', 'https://cdn-media.medialabtc.it/es/agencies/md517/estates/621675/images/8999928/gallery_media.jpeg', 'https://cdn-media.medialabtc.it/es/agencies/md517/estates/621675/images/8999918/gallery_media.jpeg', 'https://cdn-media.medialabtc.it/es/agencies/md517/estates/621675/images/8999922/gallery_media.jpeg', 'https://cdn-media.medialabtc.it/es/agencies/md517/estates/621675/images/8999932/gallery_media.jpeg', 'https://cdn-media.medialabtc.it/es/agencies/md517/estates/621675/images/8999927/gallery_media.jpeg', 'https://cdn-media.medialabtc.it/es/agencies/md517/estates/621675/images/8999934/gallery_media.jpeg']",0,A reformar,1,0,0,1,0,Desconocida,0,0,"['imagenes_tecnocasa\\anuncio_204\\0.jpeg', 'imagenes_tecnocasa\\anuncio_204\\1.jpeg', 'imagenes_tecnocasa\\anuncio_204\\2.jpeg', 'imagenes_tecnocasa\\anuncio_204\\3.jpeg', 'imagenes_tecnocasa\\anuncio_204\\4.jpeg', 'imagenes_tecnocasa\\anuncio_204\\5.jpeg', 'imagenes_tecnocasa\\anuncio_204\\6.jpeg', 'imagenes_tecnocasa\\anuncio_204\\7.jpeg', 'imagenes_tecnocasa\\anuncio_204\\8.jpeg', 'imagenes_tecnocasa\\anuncio_204\\9.jpeg', 'imagenes_tecnocasa\\anuncio_204\\10.jpeg', 'imagenes_tecnocasa\\anuncio_204\\11.jpeg', 'imagenes_tecnocasa\\anuncio_204\\12.jpeg', 'imagenes_tecnocasa\\anuncio_204\\13.jpeg', 'imagenes_tecnocasa\\anuncio_204\\14.jpeg', 'imagenes_tecnocasa\\anuncio_204\\15.jpeg', 'imagenes_tecnocasa\\anuncio_204\\16.jpeg', 'imagenes_tecnocasa\\anuncio_204\\17.jpeg', 'imagenes_tecnocasa\\anuncio_204\\18.jpeg', 'imagenes_tecnocasa\\anuncio_204\\19.jpeg']",1,Media,1971,1,0,0,piso,4,Parla,Parla,40.2373952,-3.7718902,204,2421.875,271.0,177.0,0.05,0.2,1.0,0.0,cerámica,pintura,corredera,estándar (2.4-2.8m),nada,3.4,3.6,convencional,"['#F5F5DC', '#FFE4C4', '#DEB887']",regular,False,convencional,limitado,balcón,ninguno,estándar,básica,ninguno,7.0,6.0,ninguna,5
https://www.tecnocasa.es/venta/casa/madrid/rivas-vaciamadrid/616912.html,640000.0,4,264.0,3,"'Agencia Inmobiliaria Tecnocasa Rivas Vaciamadrid ''
Agencia inmobiliaria Tecnocasa Rivas Futura. Vende en exclusiva chalet en calle Francisco Ayala.

Excelente chalet en la zona de Rivas-Vaciamadrid, una de las mejores zonas de Rivas en cuanto a conexiones y servicios.
Hay centro comerciales como Rivas Centro, c. C h2o, además de cadenas de supermercados como Mercadona, farmacia, peluquería, guardería, alimentación, bares, nuevo hospital HM, auditorio miguel ríos, todo a unos minutos.

-Construida en el año 2004.

La vivienda tiene 264 m2 construidos, consta de garaje con capacidad para 2 coches. También cuenta con 12 placas solares.

En la planta baja nos encontramos:
-Cocina equipada, con espacio suficiente para tener una mesa y hacer vida completa en ella.
-Salón con aire acondicionado y salida directa al jardín posterior.
- Baño completo con ducha.

En la primer planta tenemos:
- 3 dormitorios individuales, todos con armario empotrado. Todos los dormitorios exteriores y uno de ellos con una terraza.
- Dormitorio principal, cuenta con aire acondicionado. También contamos con un baño en suite, con ducha.
- Baño completo, con bañera.

Por último, la buhardilla:
- Totalmente diáfana, con maleteros de gran capacidad.
Esta preparada actualmente como despacho y zana de estar, pero se le puede dar uso de infinidad de diferentes opciones.

La vivienda dispone de gran jardin trasero con jacuzzi exterior.

FINANCIACIÓN AL 100% CON NUESTRO DEPARTAMENTO FINANCIERO KIRON.",0,0,1,1,1,1,0,1,1,1,"['https://cdn-media.medialabtc.it/es/agencies/md566/estates/616912/images/8911769/gallery_media.jpeg', 'https://cdn-media.medialabtc.it/es/agencies/md566/estates/616912/images/8911775/gallery_media.jpeg', 'https://cdn-media.medialabtc.it/es/agencies/md566/estates/616912/images/8911776/gallery_media.jpeg', 'https://cdn-media.medialabtc.it/es/agencies/md566/estates/616912/images/8911764/gallery_media.jpeg', 'https://cdn-media.medialabtc.it/es/agencies/md566/estates/616912/images/8911737/gallery_media.jpeg', 'https://cdn-media.medialabtc.it/es/agencies/md566/estates/616912/images/8911787/gallery_media.jpeg', 'https://cdn-media.medialabtc.it/es/agencies/md566/estates/616912/images/8911739/gallery_media.jpeg', 'https://cdn-media.medialabtc.it/es/agencies/md566/estates/616912/images/8911777/gallery_media.jpeg', 'https://cdn-media.medialabtc.it/es/agencies/md566/estates/616912/images/8911734/gallery_media.jpeg', 'https://cdn-media.medialabtc.it/es/agencies/md566/estates/616912/images/8911768/gallery_media.jpeg', 'https://cdn-media.medialabtc.it/es/agencies/md566/estates/616912/images/8911781/gallery_media.jpeg', 'https://cdn-media.medialabtc.it/es/agencies/md566/estates/616912/images/8911783/gallery_media.jpeg', 'https://cdn-media.medialabtc.it/es/agencies/md566/estates/616912/images/8911778/gallery_media.jpeg', 'https://cdn-media.medialabtc.it/es/agencies/md566/estates/616912/images/8911767/gallery_media.jpeg', 'https://cdn-media.medialabtc.it/es/agencies/md566/estates/616912/images/8911740/gallery_media.jpeg', 'https://cdn-media.medialabtc.it/es/agencies/md566/estates/616912/images/8911782/gallery_media.jpeg', 'https://cdn-media.medialabtc.it/es/agencies/md566/estates/616912/images/8911762/gallery_media.jpeg', 'https://cdn-media.medialabtc.it/es/agencies/md566/estates/616912/images/8911763/gallery_media.jpeg', 'https://cdn-media.medialabtc.it/es/agencies/md566/estates/616912/images/8911736/gallery_media.jpeg', 'https://cdn-media.medialabtc.it/es/agencies/md566/estates/616912/images/8911741/gallery_media.jpeg', 'https://cdn-media.medialabtc.it/es/agencies/md566/estates/616912/images/8911765/gallery_media.jpeg', 'https://cdn-media.medialabtc.it/es/agencies/md566/estates/616912/images/8911766/gallery_media.jpeg', 'https://cdn-media.medialabtc.it/es/agencies/md566/estates/616912/images/8911771/gallery_media.jpeg', 'https://cdn-media.medialabtc.it/es/agencies/md566/estates/616912/images/8911780/gallery_media.jpeg']",0,Desconocido,1,0,0,1,0,D,0,0,"['imagenes_tecnocasa\\anuncio_205\\0.jpeg', 'imagenes_tecnocasa\\anuncio_205\\1.jpeg', 'imagenes_tecnocasa\\anuncio_205\\2.jpeg', 'imagenes_tecnocasa\\anuncio_205\\3.jpeg', 'imagenes_tecnocasa\\anuncio_205\\4.jpeg', 'imagenes_tecnocasa\\anuncio_205\\5.jpeg', 'imagenes_tecnocasa\\anuncio_205\\6.jpeg', 'imagenes_tecnocasa\\anuncio_205\\7.jpeg', 'imagenes_tecnocasa\\anuncio_205\\8.jpeg', 'imagenes_tecnocasa\\anuncio_205\\9.jpeg', 'imagenes_tecnocasa\\anuncio_205\\10.jpeg', 'imagenes_tecnocasa\\anuncio_205\\11.jpeg', 'imagenes_tecnocasa\\anuncio_205\\12.jpeg', 'imagenes_tecnocasa\\anuncio_205\\13.jpeg', 'imagenes_tecnocasa\\anuncio_205\\14.jpeg', 'imagenes_tecnocasa\\anuncio_205\\15.jpeg', 'imagenes_tecnocasa\\anuncio_205\\16.jpeg', 'imagenes_tecnocasa\\anuncio_205\\17.jpeg', 'imagenes_tecnocasa\\anuncio_205\\18.jpeg', 'imagenes_tecnocasa\\anuncio_205\\19.jpeg', 'imagenes_tecnocasa\\anuncio_205\\20.jpeg', 'imagenes_tecnocasa\\anuncio_205\\21.jpeg', 'imagenes_tecnocasa\\anuncio_205\\22.jpeg', 'imagenes_tecnocasa\\anuncio_205\\23.jpeg']",0,Popular,2004,1,0,0,casa,2,Rivas-Vaciamadrid,Rivas-Vaciamadrid,40.3536054,-3.5310879,205,2424.242424242424,226.0,164.0,0.0,0.0,0.0,0.0,cerámica,pintura,corredera,estándar (2.4-2.8m),nada,5.2,4.0,clásico,"['#FFFFFF', '#006699', '#FFFFCC']",buena,False,convencional,limitado,ninguno,ninguno,estándar,parcialmente equipada,ninguno,8.0,7.0,ninguna,5
https://www.tecnocasa.es/venta/piso/madrid/madrid/613766.html,169900.0,3,75.0,1,"'Inmobiliaria en Madrid Vallecas zona Congosto Vende. Estupendo piso alquilado en la calle Sierra del Sabiñar, primera planta. Los inquilinos tienen contrato hasta abril de 2026. Pagan 711€ mensuales. No se puede visitar. Piso exterior con muy buena distribución que consta de 2 dormitorios, que de origen eran 3 dormitorios, 1 baño con plato de ducha, salón, cocina y terraza cerrada. Calefacción por Gas Natural, suelos de terrazo, ventanas de aluminio y armarios empotrados.
El piso tiene una ubicación envidiable a pocos metros de la estación de metro Congosto. La comunicación por autobuses seria en las lineas 54, 142 y N9. La comunicación en coche seria: A3, M45, M50 Y M40. Muy cercano a todos los servicios ( Farmacias, colegios, supermercados, etc )
Al no poderse visitar no se puede financiar. Los inquilinos pagan todos los meses sin fallo. El motivo por el que no se puede visitar es porque el inquilino no facilita las visitas.",1,1,1,1,1,1,0,1,1,1,"['https://cdn-media.medialabtc.it/es/agencies/mdat7/estates/613766/images/8934043/gallery_media.jpeg', 'https://cdn-media.medialabtc.it/es/agencies/mdat7/estates/613766/images/8934044/gallery_media.jpeg', 'https://cdn-media.medialabtc.it/es/agencies/mdat7/estates/613766/images/8934048/gallery_media.jpeg', 'https://cdn-media.medialabtc.it/es/agencies/mdat7/estates/613766/images/8934045/gallery_media.jpeg', 'https://cdn-media.medialabtc.it/es/agencies/mdat7/estates/613766/images/8934052/gallery_media.jpeg', 'https://cdn-media.medialabtc.it/es/agencies/mdat7/estates/613766/images/8934049/gallery_media.jpeg', 'https://cdn-media.medialabtc.it/es/agencies/mdat7/estates/613766/images/8934042/gallery_media.jpeg', 'https://cdn-media.medialabtc.it/es/agencies/mdat7/estates/613766/images/8934039/gallery_media.jpeg', 'https://cdn-media.medialabtc.it/es/agencies/mdat7/estates/613766/images/8934041/gallery_media.jpeg', 'https://cdn-media.medialabtc.it/es/agencies/mdat7/estates/613766/images/8934046/gallery_media.jpeg', 'https://cdn-media.medialabtc.it/es/agencies/mdat7/estates/613766/images/8934040/gallery_media.jpeg', 'https://cdn-media.medialabtc.it/es/agencies/mdat7/estates/613766/images/8934047/gallery_media.jpeg', 'https://cdn-media.medialabtc.it/es/agencies/mdat7/estates/613766/images/8934050/gallery_media.jpeg', 'https://cdn-media.medialabtc.it/es/agencies/mdat7/estates/613766/images/8934051/gallery_media.jpeg', 'https://cdn-media.medialabtc.it/es/agencies/mdat7/estates/613766/images/8934053/gallery_media.jpeg']",0,Desconocido,0,0,0,1,0,E,0,0,"['imagenes_tecnocasa\\anuncio_207\\0.jpeg', 'imagenes_tecnocasa\\anuncio_207\\1.jpeg', 'imagenes_tecnocasa\\anuncio_207\\2.jpeg', 'imagenes_tecnocasa\\anuncio_207\\3.jpeg', 'imagenes_tecnocasa\\anuncio_207\\4.jpeg', 'imagenes_tecnocasa\\anuncio_207\\5.jpeg', 'imagenes_tecnocasa\\anuncio_207\\6.jpeg', 'imagenes_tecnocasa\\anuncio_207\\7.jpeg', 'imagenes_tecnocasa\\anuncio_207\\8.jpeg', 'imagenes_tecnocasa\\anuncio_207\\9.jpeg', 'imagenes_tecnocasa\\anuncio_207\\10.jpeg', 'imagenes_tecnocasa\\anuncio_207\\11.jpeg', 'imagenes_tecnocasa\\anuncio_207\\12.jpeg', 'imagenes_tecnocasa\\anuncio_207\\13.jpeg', 'imagenes_tecnocasa\\anuncio_207\\14.jpeg']",1,Señorial,1965,1,0,0,piso,2,Madrid,"Casco Histórico De Vallecas, Madrid",40.4167047,-3.7035825,207,2265.3333333333335,156.0,118.0,0.1,0.4,0.0,0.0,otro,pintura,corredera,estándar (2.4-2.8m),nada,3.2,3.4,moderno,"['#E0C59E', '#A0522D', '#808080']",regular,False,convencional,normal,ninguno,ninguno,estándar,básica,ninguno,6.0,5.8,ninguna,5
https://www.tecnocasa.es/venta/piso/madrid/madrid/619628.html,220000.0,2,51.0,1,"Tecnocasa Estudio Betanzos 2015,SLU vende piso en el barrio del Pilar-Peñagrande. Esta situado en la calle Sarria a 250 metros del metro Peñagrande (línea 7) y de las paradadas de autobuses 128-126-127-132-82-147 y 42. Bien comunicado (acceso inmediato a la M30) redodeado de colegios y superficies comerciales (Dia y AhorraMas)... Cerca de la Bañeza y repleto de todo tipo de comercios de todo tipo. La zona es tranquila. Orientacion Este. Esta compuesto de recibidor, dos dormitorios, salón comedor, cocina y baño. Aire acondicionado en el salón. Su estado es para actualizar. Mejor ver. Consulte condiciones de venta sin compromiso.
Con KIRON y sus asesores financieros podrá encontrar la hipoteca que mejor se adapte a sus necesidades de financiación. Puede beneficiarse de los convenios que tiene el Grupo Tecnocasa con diferentes entidades bancarias, con posibilidad de financiación hasta 100%. Solicite un estudio gratis y sin compromiso.",1,1,1,1,1,1,0,1,1,1,"['https://cdn-media.medialabtc.it/es/agencies/mdai6/estates/619628/images/8957512/gallery_media.jpeg', 'https://cdn-media.medialabtc.it/es/agencies/mdai6/estates/619628/images/8957508/gallery_media.jpeg', 'https://cdn-media.medialabtc.it/es/agencies/mdai6/estates/619628/images/8957520/gallery_media.jpeg', 'https://cdn-media.medialabtc.it/es/agencies/mdai6/estates/619628/images/8957510/gallery_media.jpeg', 'https://cdn-media.medialabtc.it/es/agencies/mdai6/estates/619628/images/8957518/gallery_media.jpeg', 'https://cdn-media.medialabtc.it/es/agencies/mdai6/estates/619628/images/8957507/gallery_media.jpeg', 'https://cdn-media.medialabtc.it/es/agencies/mdai6/estates/619628/images/8957517/gallery_media.jpeg', 'https://cdn-media.medialabtc.it/es/agencies/mdai6/estates/619628/images/8957511/gallery_media.jpeg', 'https://cdn-media.medialabtc.it/es/agencies/mdai6/estates/619628/images/8957521/gallery_media.jpeg', 'https://cdn-media.medialabtc.it/es/agencies/mdai6/estates/619628/images/8957513/gallery_media.jpeg', 'https://cdn-media.medialabtc.it/es/agencies/mdai6/estates/619628/images/8957515/gallery_media.jpeg', 'https://cdn-media.medialabtc.it/es/agencies/mdai6/estates/619628/images/8957514/gallery_media.jpeg', 'https://cdn-media.medialabtc.it/es/agencies/mdai6/estates/619628/images/8957509/gallery_media.jpeg', 'https://cdn-media.medialabtc.it/es/agencies/mdai6/estates/619628/images/8957519/gallery_media.jpeg', 'https://cdn-media.medialabtc.it/es/agencies/mdai6/estates/619628/images/8957516/gallery_media.jpeg', 'https://cdn-media.medialabtc.it/es/agencies/mdai6/estates/619628/images/8957506/gallery_media.jpeg']",0,Desconocido,0,0,0,0,0,E,0,0,"['imagenes_tecnocasa\\anuncio_208\\0.jpeg', 'imagenes_tecnocasa\\anuncio_208\\1.jpeg', 'imagenes_tecnocasa\\anuncio_208\\2.jpeg', 'imagenes_tecnocasa\\anuncio_208\\3.jpeg', 'imagenes_tecnocasa\\anuncio_208\\4.jpeg', 'imagenes_tecnocasa\\anuncio_208\\5.jpeg', 'imagenes_tecnocasa\\anuncio_208\\6.jpeg', 'imagenes_tecnocasa\\anuncio_208\\7.jpeg', 'imagenes_tecnocasa\\anuncio_208\\8.jpeg', 'imagenes_tecnocasa\\anuncio_208\\9.jpeg', 'imagenes_tecnocasa\\anuncio_208\\10.jpeg', 'imagenes_tecnocasa\\anuncio_208\\11.jpeg', 'imagenes_tecnocasa\\anuncio_208\\12.jpeg', 'imagenes_tecnocasa\\anuncio_208\\13.jpeg', 'imagenes_tecnocasa\\anuncio_208\\14.jpeg', 'imagenes_tecnocasa\\anuncio_208\\15.jpeg']",0,Popular,1964,0,0,1,piso,1,Madrid,"Peñagrande, Madrid",40.4167047,-3.7035825,208,4313.725490196079,145.0,108.0,0.0,0.0,0.0,0.0,parquet,pintura,no visible,estándar (2.4-2.8m),nada,3.8,3.2,clásico,"['#B0C4DE', '#FFFFFF', '#87CEFA']",regular,False,convencional,limitado,ninguno,ninguno,estándar,básica,ninguno,6.2,6.8,ninguna,5
https://www.tecnocasa.es/venta/piso/madrid/leganes/621273.html,179900.0,1,46.0,1,"INMOBILIARIA EN SAN NICASIO - TECNOCASA ESTUDIO RÍO DUERO S. L
¡PISO SEMINUEVO SEGUNDA PLANTA CON ASCENSOR EN LA ZONA DE SAN NICASIO! Piso precioso totalmente reformado con muy buenas calidades. Apartamento con entrada, salón, cocina, baño y 1 dormirtorio.
DETALLE DE CALIDADES
- Cocina amueblada, suelos de tarima, puertas de roble, ventanas climalit, 2 aparatos de aire acondicionado de frío/calor uno en el salón y otro en el dormitorio, baño con plato de ducha.
Asesoramiento financiero sin compromiso, te ayudamos a conseguir las mejores condiciones con las entidades bancarias.",1,1,1,1,1,1,1,1,1,1,"['https://cdn-media.medialabtc.it/es/agencies/mdbc5/estates/621273/images/8984983/gallery_media.jpeg', 'https://cdn-media.medialabtc.it/es/agencies/mdbc5/estates/621273/images/8984887/gallery_media.jpeg', 'https://cdn-media.medialabtc.it/es/agencies/mdbc5/estates/621273/images/8984885/gallery_media.jpeg', 'https://cdn-media.medialabtc.it/es/agencies/mdbc5/estates/621273/images/8984982/gallery_media.jpeg', 'https://cdn-media.medialabtc.it/es/agencies/mdbc5/estates/621273/images/8984881/gallery_media.jpeg', 'https://cdn-media.medialabtc.it/es/agencies/mdbc5/estates/621273/images/8984979/gallery_media.jpeg', 'https://cdn-media.medialabtc.it/es/agencies/mdbc5/estates/621273/images/8984977/gallery_media.jpeg', 'https://cdn-media.medialabtc.it/es/agencies/mdbc5/estates/621273/images/8984974/gallery_media.jpeg', 'https://cdn-media.medialabtc.it/es/agencies/mdbc5/estates/621273/images/8984882/gallery_media.jpeg', 'https://cdn-media.medialabtc.it/es/agencies/mdbc5/estates/621273/images/8984980/gallery_media.jpeg', 'https://cdn-media.medialabtc.it/es/agencies/mdbc5/estates/621273/images/8984976/gallery_media.jpeg', 'https://cdn-media.medialabtc.it/es/agencies/mdbc5/estates/621273/images/8984884/gallery_media.jpeg', 'https://cdn-media.medialabtc.it/es/agencies/mdbc5/estates/621273/images/8984975/gallery_media.jpeg', 'https://cdn-media.medialabtc.it/es/agencies/mdbc5/estates/621273/images/9002741/gallery_media.jpeg', 'https://cdn-media.medialabtc.it/es/agencies/mdbc5/estates/621273/images/8984978/gallery_media.jpeg', 'https://cdn-media.medialabtc.it/es/agencies/mdbc5/estates/621273/images/8984883/gallery_media.jpeg', 'https://cdn-media.medialabtc.it/es/agencies/mdbc5/estates/621273/images/8984888/gallery_media.jpeg', 'https://cdn-media.medialabtc.it/es/agencies/mdbc5/estates/621273/images/8984981/gallery_media.jpeg', 'https://cdn-media.medialabtc.it/es/agencies/mdbc5/estates/621273/images/8984886/gallery_media.jpeg']",0,Reformado,0,0,0,0,0,Desconocida,0,0,"['imagenes_tecnocasa\\anuncio_209\\0.jpeg', 'imagenes_tecnocasa\\anuncio_209\\1.jpeg', 'imagenes_tecnocasa\\anuncio_209\\2.jpeg', 'imagenes_tecnocasa\\anuncio_209\\3.jpeg', 'imagenes_tecnocasa\\anuncio_209\\4.jpeg', 'imagenes_tecnocasa\\anuncio_209\\5.jpeg', 'imagenes_tecnocasa\\anuncio_209\\6.jpeg', 'imagenes_tecnocasa\\anuncio_209\\7.jpeg', 'imagenes_tecnocasa\\anuncio_209\\8.jpeg', 'imagenes_tecnocasa\\anuncio_209\\9.jpeg', 'imagenes_tecnocasa\\anuncio_209\\10.jpeg', 'imagenes_tecnocasa\\anuncio_209\\11.jpeg', 'imagenes_tecnocasa\\anuncio_209\\12.jpeg', 'imagenes_tecnocasa\\anuncio_209\\13.jpeg', 'imagenes_tecnocasa\\anuncio_209\\14.jpeg', 'imagenes_tecnocasa\\anuncio_209\\15.jpeg', 'imagenes_tecnocasa\\anuncio_209\\16.jpeg', 'imagenes_tecnocasa\\anuncio_209\\17.jpeg', 'imagenes_tecnocasa\\anuncio_209\\18.jpeg']",1,Señorial,2009,0,0,1,piso,2,Leganés,"San Nicasio, Leganés",40.3281942,-3.76527,209,3910.8695652173915,90.0,74.0,0.0,0.0,1.0,0.0,parquet,pintura,otro,estándar (2.4-2.8m),nada,3.2,4.2,moderno,"['#000000', '#000000', '#000000']",buena,False,convencional,normal,ninguno,ninguno,estándar,otro,ninguno,6.6,6.2,ninguna,5
https://www.tecnocasa.es/venta/piso/madrid/madrid/621556.html,185000.0,1,58.0,1,"Agencia inmobiliaria de MADRID VALLECAS - Zona PALOMERAS SURESTE - Oficina TECNOCASA

Vende local hecho VIVIENDA, con licencia de uso en trámite.

TECNOCASA → PALOMERAS SURESTE - PORTAZGO.

Totalmente reformado, luminoso y exterior. Salón-comedor amplio con cocina americana, un cuarto de baño y dormitorio habilitado en el altillo. Ventanas climalit oscilobatientes, suelo gres imitación a tarima, lo que aporta calidez al inmueble.
Cocina amueblada y equipada.

La vivienda se encuentra en una zona con muy buena comunicación, a escasos metros de la Avda. Pablo Neruda. Fácil y rápido acceso a las principales vías de entrada y salida de Madrid. Conexión M-30, M-40 y A-3. Excelente comunicación por autobuses, metro y Renfe.

Con todos los servicios como centros de salud, farmacias, colegios, institutos, bancos, supermercado, polideportivos…

Si se ajusta a sus criterios y busca una buena oportunidad esta vivienda puede ser la suya, venga a verla, y si necesita financiación quedan a su disposición nuestros compañeros del departamento financiero Kíron para ofrecerle la mejor opción de financiación.
¡No dude en venir a verlo!

Muchas gracias por su confianza.",1,1,1,1,1,1,0,1,1,1,"['https://cdn-media.medialabtc.it/es/agencies/md099/estates/621556/images/9000452/gallery_media.jpeg', 'https://cdn-media.medialabtc.it/es/agencies/md099/estates/621556/images/9000446/gallery_media.jpeg', 'https://cdn-media.medialabtc.it/es/agencies/md099/estates/621556/images/9000454/gallery_media.jpeg', 'https://cdn-media.medialabtc.it/es/agencies/md099/estates/621556/images/9000449/gallery_media.jpeg', 'https://cdn-media.medialabtc.it/es/agencies/md099/estates/621556/images/9000455/gallery_media.jpeg', 'https://cdn-media.medialabtc.it/es/agencies/md099/estates/621556/images/9000451/gallery_media.jpeg', 'https://cdn-media.medialabtc.it/es/agencies/md099/estates/621556/images/9000483/gallery_media.jpeg', 'https://cdn-media.medialabtc.it/es/agencies/md099/estates/621556/images/9000448/gallery_media.jpeg', 'https://cdn-media.medialabtc.it/es/agencies/md099/estates/621556/images/9000453/gallery_media.jpeg', 'https://cdn-media.medialabtc.it/es/agencies/md099/estates/621556/images/9000447/gallery_media.jpeg', 'https://cdn-media.medialabtc.it/es/agencies/md099/estates/621556/images/9000445/gallery_media.jpeg', 'https://cdn-media.medialabtc.it/es/agencies/md099/estates/621556/images/9000450/gallery_media.jpeg']",0,Reformado,0,0,0,0,0,Desconocida,0,0,"['imagenes_tecnocasa\\anuncio_211\\0.jpeg', 'imagenes_tecnocasa\\anuncio_211\\1.jpeg', 'imagenes_tecnocasa\\anuncio_211\\2.jpeg', 'imagenes_tecnocasa\\anuncio_211\\3.jpeg', 'imagenes_tecnocasa\\anuncio_211\\4.jpeg', 'imagenes_tecnocasa\\anuncio_211\\5.jpeg', 'imagenes_tecnocasa\\anuncio_211\\6.jpeg', 'imagenes_tecnocasa\\anuncio_211\\7.jpeg', 'imagenes_tecnocasa\\anuncio_211\\8.jpeg', 'imagenes_tecnocasa\\anuncio_211\\9.jpeg', 'imagenes_tecnocasa\\anuncio_211\\10.jpeg', 'imagenes_tecnocasa\\anuncio_211\\11.jpeg']",0,Popular,1992,0,0,1,piso,1,Madrid,"Palomeras - Portazgo, Madrid",40.4167047,-3.7035825,211,3189.655172413793,177.0,138.0,0.0,0.0,3.0,0.0,parquet,pintura,grandes ventanales,estándar (2.4-2.8m),nada,5.6,6.8,moderno,"['#F5F5DC', '#A0522D', '#FFFFFF']",buena,True,eficiente,limitado,ninguno,ninguno,estándar,parcialmente equipada,ninguno,7.6,7.0,ninguna,5
https://www.tecnocasa.es/venta/piso/madrid/madrid/621547.html,182000.0,2,57.0,1,"Agencia inmobiliaria de MADRID VALLECAS - Zona PALOMERAS SURESTE - Oficina TECNOCASA

OPORTUNIDAD PARA INVERSORES - Inmueble ALQUILADO con una atractiva rentabilidad.

Piso exterior para entrar a vivir de dos dormitorios y un cuarto de baño. Dispone de un patio de uso y disfrute de 15 m2.
Plaza de garaje y trastero.

TECNOCASA PALOMERAS SURESTE - PORTAZGO.

La vivienda se encuentra en una zona con muy buena comunicación, a escasos metros de la Avda. Pablo Neruda. Fácil y rápido acceso a las principales vías de entrada y salida de Madrid. Conexión M-30, M-40 y A-3. Excelente comunicación por autobuses, metro y Renfe.

Con todos los servicios como centros de salud, farmacias, colegios, institutos, bancos, supermercado, polideportivos…

Si se ajusta a sus criterios y busca una buena oportunidad esta vivienda puede ser la suya, venga a verla, y si necesita financiación quedan a su disposición nuestros compañeros del departamento financiero Kíron para ofrecerle la mejor opción de financiación.
¡No dude en venir a verlo!

Muchas gracias por su confianza.",0,1,1,1,1,1,0,1,1,1,"['https://cdn-media.medialabtc.it/es/agencies/md099/estates/621547/images/9003274/gallery_media.jpeg', 'https://cdn-media.medialabtc.it/es/agencies/md099/estates/621547/images/9003280/gallery_media.jpeg', 'https://cdn-media.medialabtc.it/es/agencies/md099/estates/621547/images/9003281/gallery_media.jpeg', 'https://cdn-media.medialabtc.it/es/agencies/md099/estates/621547/images/9003284/gallery_media.jpeg', 'https://cdn-media.medialabtc.it/es/agencies/md099/estates/621547/images/9003273/gallery_media.jpeg', 'https://cdn-media.medialabtc.it/es/agencies/md099/estates/621547/images/9003282/gallery_media.jpeg', 'https://cdn-media.medialabtc.it/es/agencies/md099/estates/621547/images/9003276/gallery_media.jpeg', 'https://cdn-media.medialabtc.it/es/agencies/md099/estates/621547/images/9003279/gallery_media.jpeg', 'https://cdn-media.medialabtc.it/es/agencies/md099/estates/621547/images/9003272/gallery_media.jpeg', 'https://cdn-media.medialabtc.it/es/agencies/md099/estates/621547/images/9003283/gallery_media.jpeg', 'https://cdn-media.medialabtc.it/es/agencies/md099/estates/621547/images/9003278/gallery_media.jpeg', 'https://cdn-media.medialabtc.it/es/agencies/md099/estates/621547/images/9003277/gallery_media.jpeg', 'https://cdn-media.medialabtc.it/es/agencies/md099/estates/621547/images/9003275/gallery_media.jpeg']",0,Desconocido,1,1,0,0,0,Desconocida,0,0,"['imagenes_tecnocasa\\anuncio_212\\0.jpeg', 'imagenes_tecnocasa\\anuncio_212\\1.jpeg', 'imagenes_tecnocasa\\anuncio_212\\2.jpeg', 'imagenes_tecnocasa\\anuncio_212\\3.jpeg', 'imagenes_tecnocasa\\anuncio_212\\4.jpeg', 'imagenes_tecnocasa\\anuncio_212\\5.jpeg', 'imagenes_tecnocasa\\anuncio_212\\6.jpeg', 'imagenes_tecnocasa\\anuncio_212\\7.jpeg', 'imagenes_tecnocasa\\anuncio_212\\8.jpeg', 'imagenes_tecnocasa\\anuncio_212\\9.jpeg', 'imagenes_tecnocasa\\anuncio_212\\10.jpeg', 'imagenes_tecnocasa\\anuncio_212\\11.jpeg', 'imagenes_tecnocasa\\anuncio_212\\12.jpeg']",0,Media,1980,1,0,0,piso,1,Madrid,"Palomeras - Portazgo, Madrid",40.4167047,-3.7035825,212,3192.9824561403507,168.0,124.0,0.0,0.0,0.0,0.0,otro,pintura,corredera,estándar (2.4-2.8m),nada,2.0,3.2,convencional,"['#F5F5DC', '#FFF8DC', '#FAEBD7']",buena,False,convencional,limitado,ninguno,ninguno,otro,básica,ninguno,6.6,6.0,ninguna,5
https://www.tecnocasa.es/venta/piso/madrid/madrid/615943.html,269900.0,3,64.0,1,"¡Descubre tu nuevo hogar en este fantástico piso, ideal para personalizar entrar a vivir! Situado a solo 5 minutos del metro de Lucero y a menos de 10 del Cercanías de Laguna, este inmueble ofrece una ubicación privilegiada en Madrid. Con 64 m² construidos, cuenta con 3 dormitorios, salón, cocina independiente, terraza y un baño equipado con plato de ducha.

La propiedad se encuentra junto al pulmón de Madrid, la Casa de Campo, y muy cerca del Parque de la Cuña Verde, perfecto para disfrutar de actividades al aire libre. Además, el fácil acceso al paseo de Extremadura y la autovía nacional 5 te conectará rápidamente con el centro de la ciudad.

La vivienda, ubicada en una entreplanta exterior con ascensor, es apta para personas con movilidad reducida y cuenta con calefacción por bomba de frío/calor y aire acondicionado. La orientación sur-este garantiza luminosidad durante todo el día. No pierdas la oportunidad de vivir en un entorno tranquilo y bien comunicado, con varias líneas de autobús disponibles (500, 138, 31, etc. ) y a pocos minutos de Madrid Río. ¡Haz tu cita para visitarlo!",1,1,0,1,1,1,1,1,1,1,"['https://cdn-media.medialabtc.it/es/agencies/mdaa2/estates/615943/images/8914993/gallery_media.jpeg', 'https://cdn-media.medialabtc.it/es/agencies/mdaa2/estates/615943/images/8914987/gallery_media.jpeg', 'https://cdn-media.medialabtc.it/es/agencies/mdaa2/estates/615943/images/8914988/gallery_media.jpeg', 'https://cdn-media.medialabtc.it/es/agencies/mdaa2/estates/615943/images/8914985/gallery_media.jpeg', 'https://cdn-media.medialabtc.it/es/agencies/mdaa2/estates/615943/images/8914998/gallery_media.jpeg', 'https://cdn-media.medialabtc.it/es/agencies/mdaa2/estates/615943/images/8914994/gallery_media.jpeg', 'https://cdn-media.medialabtc.it/es/agencies/mdaa2/estates/615943/images/8914995/gallery_media.jpeg', 'https://cdn-media.medialabtc.it/es/agencies/mdaa2/estates/615943/images/8914983/gallery_media.jpeg', 'https://cdn-media.medialabtc.it/es/agencies/mdaa2/estates/615943/images/8914984/gallery_media.jpeg', 'https://cdn-media.medialabtc.it/es/agencies/mdaa2/estates/615943/images/8914992/gallery_media.jpeg', 'https://cdn-media.medialabtc.it/es/agencies/mdaa2/estates/615943/images/8914989/gallery_media.jpeg', 'https://cdn-media.medialabtc.it/es/agencies/mdaa2/estates/615943/images/8914996/gallery_media.jpeg']",0,Desconocido,0,0,0,1,0,Desconocida,1,0,"['imagenes_tecnocasa\\anuncio_213\\0.jpeg', 'imagenes_tecnocasa\\anuncio_213\\1.jpeg', 'imagenes_tecnocasa\\anuncio_213\\2.jpeg', 'imagenes_tecnocasa\\anuncio_213\\3.jpeg', 'imagenes_tecnocasa\\anuncio_213\\4.jpeg', 'imagenes_tecnocasa\\anuncio_213\\5.jpeg', 'imagenes_tecnocasa\\anuncio_213\\6.jpeg', 'imagenes_tecnocasa\\anuncio_213\\7.jpeg', 'imagenes_tecnocasa\\anuncio_213\\8.jpeg', 'imagenes_tecnocasa\\anuncio_213\\9.jpeg', 'imagenes_tecnocasa\\anuncio_213\\10.jpeg', 'imagenes_tecnocasa\\anuncio_213\\11.jpeg']",1,Popular,1969,1,0,1,piso,1,Lucero,"Lucero, Madrid",40.4021568,-3.7511015,213,4217.1875,184.0,129.0,1.0,1.0,1.0,1.0,cerámica,pintura,corredera,estándar (2.4-2.8m),nada,3.2,4.2,convencional,"['#A0522D', '#DEB887', '#FFE4B5']",regular,False,convencional,limitado,ninguno,ninguno,estándar,básica,ninguno,6.2,6.0,ninguna,5
https://www.tecnocasa.es/venta/piso/madrid/madrid/609708.html,215000.0,3,79.0,1,"Agencia inmobiliaria de MADRID VALLECAS - Zona PALOMERAS SURESTE - Oficina TECNOCASA

Vende piso exterior de 77m2 construidos (72m2 de vivienda) muy luminoso; ubicado en una segunda planta con ascensor.
Edificio adaptado a personas de movilidad reducida.

TECNOCASA → PALOMERAS SURESTE - PORTAZGO.

Tres dormitorios con espacio suficiente para poder albergar camas de gran tamaño.
Cocina de un tamaño perfecto con acceso a una terraza.
Dispone de un cuarto de baño con plato de ducha y ventana.
Calefacción individual.

La vivienda se encuentra en una zona con muy buena comunicación, a escasos metros de la Avda. Pablo Neruda. Fácil y rápido acceso a las principales vías de entrada y salida de Madrid. Conexión M-30, M-40 y A-3. Excelente comunicación por autobuses, metro y Renfe.

Con todos los servicios como centros de salud, farmacias, colegios, institutos, bancos, supermercado, polideportivos…

Si se ajusta a sus criterios y busca una buena oportunidad esta vivienda puede ser la suya, venga a verla, y si necesita financiación quedan a su disposición nuestros compañeros del departamento financiero Kíron para ofrecerle la mejor opción de financiación.
¡No dude en venir a verlo!

Muchas gracias por su confianza.",1,1,1,1,1,1,0,1,0,1,"['https://cdn-media.medialabtc.it/es/agencies/md099/estates/609708/images/8717931/gallery_media.jpeg', 'https://cdn-media.medialabtc.it/es/agencies/md099/estates/609708/images/8717922/gallery_media.jpeg', 'https://cdn-media.medialabtc.it/es/agencies/md099/estates/609708/images/8717921/gallery_media.jpeg', 'https://cdn-media.medialabtc.it/es/agencies/md099/estates/609708/images/8717930/gallery_media.jpeg', 'https://cdn-media.medialabtc.it/es/agencies/md099/estates/609708/images/8717919/gallery_media.jpeg', 'https://cdn-media.medialabtc.it/es/agencies/md099/estates/609708/images/8717917/gallery_media.jpeg', 'https://cdn-media.medialabtc.it/es/agencies/md099/estates/609708/images/8717929/gallery_media.jpeg', 'https://cdn-media.medialabtc.it/es/agencies/md099/estates/609708/images/8717916/gallery_media.jpeg', 'https://cdn-media.medialabtc.it/es/agencies/md099/estates/609708/images/8717928/gallery_media.jpeg', 'https://cdn-media.medialabtc.it/es/agencies/md099/estates/609708/images/8717915/gallery_media.jpeg', 'https://cdn-media.medialabtc.it/es/agencies/md099/estates/609708/images/8717927/gallery_media.jpeg', 'https://cdn-media.medialabtc.it/es/agencies/md099/estates/609708/images/8717926/gallery_media.jpeg', 'https://cdn-media.medialabtc.it/es/agencies/md099/estates/609708/images/8717925/gallery_media.jpeg', 'https://cdn-media.medialabtc.it/es/agencies/md099/estates/609708/images/8717924/gallery_media.jpeg', 'https://cdn-media.medialabtc.it/es/agencies/md099/estates/609708/images/8717920/gallery_media.jpeg', 'https://cdn-media.medialabtc.it/es/agencies/md099/estates/609708/images/8717918/gallery_media.jpeg', 'https://cdn-media.medialabtc.it/es/agencies/md099/estates/609708/images/8717923/gallery_media.jpeg']",0,Desconocido,0,0,0,1,0,Desconocida,0,0,"['imagenes_tecnocasa\\anuncio_214\\0.jpeg', 'imagenes_tecnocasa\\anuncio_214\\1.jpeg', 'imagenes_tecnocasa\\anuncio_214\\2.jpeg', 'imagenes_tecnocasa\\anuncio_214\\3.jpeg', 'imagenes_tecnocasa\\anuncio_214\\4.jpeg', 'imagenes_tecnocasa\\anuncio_214\\5.jpeg', 'imagenes_tecnocasa\\anuncio_214\\6.jpeg', 'imagenes_tecnocasa\\anuncio_214\\7.jpeg', 'imagenes_tecnocasa\\anuncio_214\\8.jpeg', 'imagenes_tecnocasa\\anuncio_214\\9.jpeg', 'imagenes_tecnocasa\\anuncio_214\\10.jpeg', 'imagenes_tecnocasa\\anuncio_214\\11.jpeg', 'imagenes_tecnocasa\\anuncio_214\\12.jpeg', 'imagenes_tecnocasa\\anuncio_214\\13.jpeg', 'imagenes_tecnocasa\\anuncio_214\\14.jpeg', 'imagenes_tecnocasa\\anuncio_214\\15.jpeg', 'imagenes_tecnocasa\\anuncio_214\\16.jpeg']",1,Popular,1973,1,0,1,piso,2,Madrid,"Palomeras - Portazgo, Madrid",40.4167047,-3.7035825,214,2721.518987341772,190.0,139.0,0.0,0.4,1.0,0.0,cerámica,pintura,corredera,estándar (2.4-2.8m),nada,4.6,4.0,clásico,"['#FFFFFF', '#D3D3D3', '#808080']",regular,False,convencional,limitado,ninguno,ninguno,estándar,básica,ninguno,6.4,6.2,ninguna,5
https://www.tecnocasa.es/venta/piso/madrid/madrid/620927.html,142260.0,2,60.0,1,"Agencia inmobiliaria de MADRID zona SAN CRISTOBAL DE LOS ANGELES - COLONIA MARCONI, oficina TECNOCASA vende.
Vivienda compuesta de entrada, salón amplio y luminoso, cocina amueblada, baño completo, dos dormitorios amplios, buena comunicación a traves de Metro línea 3, parada San Cristóbal, cercanías RENFE línea C-3, estación San Cristóbal de los Ángeles', autobuses líneas 59, 79, Nocturno N-13, además el barrio cuenta con todos los servicios tanto de bancos, varios supermercados, institutos, colegios, guarderías, parques, ambulatorio San Cristóbal, polideportivo, pistas de frontón, el barrio esta muy cerca de la M40, M45, A4, fácil acceso por Avenida de Andalucía.",1,1,1,1,1,1,0,1,1,1,"['https://cdn-media.medialabtc.it/es/agencies/mdav0/estates/620927/images/9000518/gallery_media.jpeg', 'https://cdn-media.medialabtc.it/es/agencies/mdav0/estates/620927/images/8977038/gallery_media.jpeg', 'https://cdn-media.medialabtc.it/es/agencies/mdav0/estates/620927/images/9000519/gallery_media.jpeg', 'https://cdn-media.medialabtc.it/es/agencies/mdav0/estates/620927/images/8977034/gallery_media.jpeg', 'https://cdn-media.medialabtc.it/es/agencies/mdav0/estates/620927/images/8977043/gallery_media.jpeg', 'https://cdn-media.medialabtc.it/es/agencies/mdav0/estates/620927/images/9000520/gallery_media.jpeg', 'https://cdn-media.medialabtc.it/es/agencies/mdav0/estates/620927/images/8977042/gallery_media.jpeg', 'https://cdn-media.medialabtc.it/es/agencies/mdav0/estates/620927/images/8977036/gallery_media.jpeg', 'https://cdn-media.medialabtc.it/es/agencies/mdav0/estates/620927/images/8977044/gallery_media.jpeg', 'https://cdn-media.medialabtc.it/es/agencies/mdav0/estates/620927/images/9000522/gallery_media.jpeg', 'https://cdn-media.medialabtc.it/es/agencies/mdav0/estates/620927/images/9000485/gallery_media.jpeg', 'https://cdn-media.medialabtc.it/es/agencies/mdav0/estates/620927/images/9000486/gallery_media.jpeg', 'https://cdn-media.medialabtc.it/es/agencies/mdav0/estates/620927/images/9000517/gallery_media.jpeg', 'https://cdn-media.medialabtc.it/es/agencies/mdav0/estates/620927/images/8977035/gallery_media.jpeg', 'https://cdn-media.medialabtc.it/es/agencies/mdav0/estates/620927/images/8977041/gallery_media.jpeg', 'https://cdn-media.medialabtc.it/es/agencies/mdav0/estates/620927/images/9000521/gallery_media.jpeg', 'https://cdn-media.medialabtc.it/es/agencies/mdav0/estates/620927/images/8977040/gallery_media.jpeg', 'https://cdn-media.medialabtc.it/es/agencies/mdav0/estates/620927/images/8977037/gallery_media.jpeg', 'https://cdn-media.medialabtc.it/es/agencies/mdav0/estates/620927/images/9000516/gallery_media.jpeg', 'https://cdn-media.medialabtc.it/es/agencies/mdav0/estates/620927/images/8977039/gallery_media.jpeg']",0,Desconocido,0,0,0,0,0,E,0,0,"['imagenes_tecnocasa\\anuncio_215\\0.jpeg', 'imagenes_tecnocasa\\anuncio_215\\1.jpeg', 'imagenes_tecnocasa\\anuncio_215\\2.jpeg', 'imagenes_tecnocasa\\anuncio_215\\3.jpeg', 'imagenes_tecnocasa\\anuncio_215\\4.jpeg', 'imagenes_tecnocasa\\anuncio_215\\5.jpeg', 'imagenes_tecnocasa\\anuncio_215\\6.jpeg', 'imagenes_tecnocasa\\anuncio_215\\7.jpeg', 'imagenes_tecnocasa\\anuncio_215\\8.jpeg', 'imagenes_tecnocasa\\anuncio_215\\9.jpeg', 'imagenes_tecnocasa\\anuncio_215\\10.jpeg', 'imagenes_tecnocasa\\anuncio_215\\11.jpeg', 'imagenes_tecnocasa\\anuncio_215\\12.jpeg', 'imagenes_tecnocasa\\anuncio_215\\13.jpeg', 'imagenes_tecnocasa\\anuncio_215\\14.jpeg', 'imagenes_tecnocasa\\anuncio_215\\15.jpeg', 'imagenes_tecnocasa\\anuncio_215\\16.jpeg', 'imagenes_tecnocasa\\anuncio_215\\17.jpeg', 'imagenes_tecnocasa\\anuncio_215\\18.jpeg', 'imagenes_tecnocasa\\anuncio_215\\19.jpeg']",0,Popular,1960,0,0,0,piso,2,Madrid,"San Cristóbal, Madrid",40.4167047,-3.7035825,215,2371.0,98.0,84.0,0.0,0.0,2.0,0.0,parquet,pintura,corredera,estándar (2.4-2.8m),nada,3.6,3.0,clásico,"['#007bff', '#ffffff', '#000000']",regular,False,convencional,limitado,ninguno,ninguno,básico,básica,ninguno,7.2,6.6,ninguna,5
https://www.tecnocasa.es/venta/piso/madrid/madrid/621098.html,139438.0,3,60.0,1,"Agencia inmobiliaria de MADRID zona SAN CRISTOBAL DE LOS ANGELES - COLONIA MARCONI, oficina TECNOCASA vende.
Vivienda compuesta de entrada, salón amplio y luminoso, cocina amueblada, baño completo, tres dormitorios amplios, buena comunicación a traves de Metro línea 3, parada San Cristóbal, cercanías RENFE línea C-3, estación San Cristóbal de los Ángeles', autobuses líneas 59, 79, Nocturno N-13, además el barrio cuenta con todos los servicios tanto de bancos, varios supermercados, institutos, colegios, guarderías, parques, ambulatorio San Cristóbal, polideportivo, pistas de frontón, el barrio esta muy cerca de la M40, M45, A4, fácil acceso por Avenida de Andalucía.",1,1,1,1,0,1,0,1,0,1,"['https://cdn-media.medialabtc.it/es/agencies/mdav0/estates/621098/images/8981510/gallery_media.jpeg', 'https://cdn-media.medialabtc.it/es/agencies/mdav0/estates/621098/images/8981504/gallery_media.jpeg', 'https://cdn-media.medialabtc.it/es/agencies/mdav0/estates/621098/images/8981513/gallery_media.jpeg', 'https://cdn-media.medialabtc.it/es/agencies/mdav0/estates/621098/images/8981501/gallery_media.jpeg', 'https://cdn-media.medialabtc.it/es/agencies/mdav0/estates/621098/images/8981506/gallery_media.jpeg', 'https://cdn-media.medialabtc.it/es/agencies/mdav0/estates/621098/images/8981508/gallery_media.jpeg', 'https://cdn-media.medialabtc.it/es/agencies/mdav0/estates/621098/images/8981512/gallery_media.jpeg', 'https://cdn-media.medialabtc.it/es/agencies/mdav0/estates/621098/images/8981500/gallery_media.jpeg', 'https://cdn-media.medialabtc.it/es/agencies/mdav0/estates/621098/images/8981497/gallery_media.jpeg', 'https://cdn-media.medialabtc.it/es/agencies/mdav0/estates/621098/images/8981502/gallery_media.jpeg', 'https://cdn-media.medialabtc.it/es/agencies/mdav0/estates/621098/images/8981505/gallery_media.jpeg', 'https://cdn-media.medialabtc.it/es/agencies/mdav0/estates/621098/images/8981511/gallery_media.jpeg', 'https://cdn-media.medialabtc.it/es/agencies/mdav0/estates/621098/images/8981498/gallery_media.jpeg', 'https://cdn-media.medialabtc.it/es/agencies/mdav0/estates/621098/images/8981507/gallery_media.jpeg', 'https://cdn-media.medialabtc.it/es/agencies/mdav0/estates/621098/images/8981509/gallery_media.jpeg', 'https://cdn-media.medialabtc.it/es/agencies/mdav0/estates/621098/images/8981499/gallery_media.jpeg', 'https://cdn-media.medialabtc.it/es/agencies/mdav0/estates/621098/images/8981503/gallery_media.jpeg']",0,Desconocido,0,0,0,0,0,E,0,0,"['imagenes_tecnocasa\\anuncio_216\\0.jpeg', 'imagenes_tecnocasa\\anuncio_216\\1.jpeg', 'imagenes_tecnocasa\\anuncio_216\\2.jpeg', 'imagenes_tecnocasa\\anuncio_216\\3.jpeg', 'imagenes_tecnocasa\\anuncio_216\\4.jpeg', 'imagenes_tecnocasa\\anuncio_216\\5.jpeg', 'imagenes_tecnocasa\\anuncio_216\\6.jpeg', 'imagenes_tecnocasa\\anuncio_216\\7.jpeg', 'imagenes_tecnocasa\\anuncio_216\\8.jpeg', 'imagenes_tecnocasa\\anuncio_216\\9.jpeg', 'imagenes_tecnocasa\\anuncio_216\\10.jpeg', 'imagenes_tecnocasa\\anuncio_216\\11.jpeg', 'imagenes_tecnocasa\\anuncio_216\\12.jpeg', 'imagenes_tecnocasa\\anuncio_216\\13.jpeg', 'imagenes_tecnocasa\\anuncio_216\\14.jpeg', 'imagenes_tecnocasa\\anuncio_216\\15.jpeg', 'imagenes_tecnocasa\\anuncio_216\\16.jpeg']",1,Popular,1964,0,0,0,piso,1,Madrid,"San Cristóbal, Madrid",40.4167047,-3.7035825,216,2323.9666666666667,98.0,84.0,0.0,0.0,2.0,0.0,otro,pintura,ninguna,estándar (2.4-2.8m),nada,2.0,3.0,convencional,"['#F5F5DC', '#DEB887', '#FFFFFF']",buena,False,convencional,limitado,ninguno,ninguno,estándar,ninguno,ninguno,6.8,6.0,ninguna,5
https://www.tecnocasa.es/venta/piso/madrid/alcorcon/617590.html,399000.0,3,107.0,2,"Agencia inmobiliaria de ALCORCÓN - zona PARQUE OESTE - Oficina Tecnocasa de ALCORCÓN, Vende PISO EN PARQUE OESTE

EN VENTA:
AMPLIO PISO CON TRASTERO EN URBANIZACIÓN PRIVADA CON PISCINA , JARDIN , PISTA DE PADEL Y PORTERO FISICO 24 HORAS . La vivienda esta compuesta de recibidor, cocina independiente con tendedero, amplio salón independiente, 3 dormitorios con armarios empotrados y 2 baños . Cuenta con puertas de roble macizas, suelos de parquet, calefacción independiente.
En cuanto a las comunicaciones, Cuenta con una excelente conectividad gracias a la cercanía a la estación de RENFE. Asimismo, ofrece un fácil acceso a la M-50 y la A-5, lo que garantiza una movilidad ágil por toda la ciudad y sus alrededores.
Además, la zona está perfectamente equipada con servicios esenciales como colegios, un centro de salud, un hospital, supermercados y una amplia variedad de comercios. Todo lo que necesitas está al alcance de tu mano.",1,1,1,1,0,1,1,1,1,1,"['https://cdn-media.medialabtc.it/es/agencies/mdbla/estates/617590/images/8927291/gallery_media.jpeg', 'https://cdn-media.medialabtc.it/es/agencies/mdbla/estates/617590/images/8927332/gallery_media.jpeg', 'https://cdn-media.medialabtc.it/es/agencies/mdbla/estates/617590/images/8927320/gallery_media.jpeg', 'https://cdn-media.medialabtc.it/es/agencies/mdbla/estates/617590/images/8927319/gallery_media.jpeg', 'https://cdn-media.medialabtc.it/es/agencies/mdbla/estates/617590/images/8927323/gallery_media.jpeg', 'https://cdn-media.medialabtc.it/es/agencies/mdbla/estates/617590/images/8927336/gallery_media.jpeg', 'https://cdn-media.medialabtc.it/es/agencies/mdbla/estates/617590/images/8927335/gallery_media.jpeg', 'https://cdn-media.medialabtc.it/es/agencies/mdbla/estates/617590/images/8927314/gallery_media.jpeg', 'https://cdn-media.medialabtc.it/es/agencies/mdbla/estates/617590/images/8927321/gallery_media.jpeg', 'https://cdn-media.medialabtc.it/es/agencies/mdbla/estates/617590/images/8927327/gallery_media.jpeg', 'https://cdn-media.medialabtc.it/es/agencies/mdbla/estates/617590/images/8927318/gallery_media.jpeg', 'https://cdn-media.medialabtc.it/es/agencies/mdbla/estates/617590/images/8927337/gallery_media.jpeg', 'https://cdn-media.medialabtc.it/es/agencies/mdbla/estates/617590/images/8927322/gallery_media.jpeg', 'https://cdn-media.medialabtc.it/es/agencies/mdbla/estates/617590/images/8927315/gallery_media.jpeg', 'https://cdn-media.medialabtc.it/es/agencies/mdbla/estates/617590/images/8927328/gallery_media.jpeg', 'https://cdn-media.medialabtc.it/es/agencies/mdbla/estates/617590/images/8927329/gallery_media.jpeg', 'https://cdn-media.medialabtc.it/es/agencies/mdbla/estates/617590/images/8927317/gallery_media.jpeg', 'https://cdn-media.medialabtc.it/es/agencies/mdbla/estates/617590/images/8927333/gallery_media.jpeg', 'https://cdn-media.medialabtc.it/es/agencies/mdbla/estates/617590/images/8927338/gallery_media.jpeg', 'https://cdn-media.medialabtc.it/es/agencies/mdbla/estates/617590/images/8927331/gallery_media.jpeg', 'https://cdn-media.medialabtc.it/es/agencies/mdbla/estates/617590/images/8927326/gallery_media.jpeg', 'https://cdn-media.medialabtc.it/es/agencies/mdbla/estates/617590/images/8927330/gallery_media.jpeg', 'https://cdn-media.medialabtc.it/es/agencies/mdbla/estates/617590/images/8927324/gallery_media.jpeg', 'https://cdn-media.medialabtc.it/es/agencies/mdbla/estates/617590/images/8927339/gallery_media.jpeg', 'https://cdn-media.medialabtc.it/es/agencies/mdbla/estates/617590/images/8927289/gallery_media.jpeg', 'https://cdn-media.medialabtc.it/es/agencies/mdbla/estates/617590/images/8927316/gallery_media.jpeg', 'https://cdn-media.medialabtc.it/es/agencies/mdbla/estates/617590/images/8927290/gallery_media.jpeg', 'https://cdn-media.medialabtc.it/es/agencies/mdbla/estates/617590/images/8927292/gallery_media.jpeg', 'https://cdn-media.medialabtc.it/es/agencies/mdbla/estates/617590/images/8927334/gallery_media.jpeg']",0,Desconocido,0,1,1,0,1,E,0,0,"['imagenes_tecnocasa\\anuncio_219\\0.jpeg', 'imagenes_tecnocasa\\anuncio_219\\1.jpeg', 'imagenes_tecnocasa\\anuncio_219\\2.jpeg', 'imagenes_tecnocasa\\anuncio_219\\3.jpeg', 'imagenes_tecnocasa\\anuncio_219\\4.jpeg', 'imagenes_tecnocasa\\anuncio_219\\5.jpeg', 'imagenes_tecnocasa\\anuncio_219\\6.jpeg', 'imagenes_tecnocasa\\anuncio_219\\7.jpeg', 'imagenes_tecnocasa\\anuncio_219\\8.jpeg', 'imagenes_tecnocasa\\anuncio_219\\9.jpeg', 'imagenes_tecnocasa\\anuncio_219\\10.jpeg', 'imagenes_tecnocasa\\anuncio_219\\11.jpeg', 'imagenes_tecnocasa\\anuncio_219\\12.jpeg', 'imagenes_tecnocasa\\anuncio_219\\13.jpeg', 'imagenes_tecnocasa\\anuncio_219\\14.jpeg', 'imagenes_tecnocasa\\anuncio_219\\15.jpeg', 'imagenes_tecnocasa\\anuncio_219\\16.jpeg', 'imagenes_tecnocasa\\anuncio_219\\17.jpeg', 'imagenes_tecnocasa\\anuncio_219\\18.jpeg', 'imagenes_tecnocasa\\anuncio_219\\19.jpeg', 'imagenes_tecnocasa\\anuncio_219\\20.jpeg', 'imagenes_tecnocasa\\anuncio_219\\21.jpeg', 'imagenes_tecnocasa\\anuncio_219\\22.jpeg', 'imagenes_tecnocasa\\anuncio_219\\23.jpeg', 'imagenes_tecnocasa\\anuncio_219\\24.jpeg', 'imagenes_tecnocasa\\anuncio_219\\25.jpeg', 'imagenes_tecnocasa\\anuncio_219\\26.jpeg', 'imagenes_tecnocasa\\anuncio_219\\27.jpeg', 'imagenes_tecnocasa\\anuncio_219\\28.jpeg']",0,Popular,2002,1,0,0,piso,2,Alcorcón,"Parque Oeste - Retamas - Ensanche Sur, Parque Oeste, Alcorcón",40.3492998,-3.8284295,219,3728.9719626168226,151.0,110.0,0.0,0.0,1.0,0.0,parquet,pintura,otro,estándar (2.4-2.8m),nada,3.6,4.2,convencional,"['#F2E9E1', '#A0522D', '#8B4513']",regular,False,convencional,normal,ninguno,ninguno,estándar,básica,ninguno,6.0,6.6,ninguna,5
https://www.tecnocasa.es/venta/piso/madrid/madrid/620489.html,247000.0,2,64.0,1,"ESTUDIO INMOBILIARIO PASEO DE LOS OLIVOS S. L. OFRECE ¡Oportunidad única en el corazón de Madrid!
Descubre este magnífico piso de 58 m² útiles, ubicado a tan solo 5 minutos del metro Alto de Extremadura y metro de Lucero. Este encantador hogar ofrece un amplio salón comedor que se integra perfectamente con la luz natural gracias a su orientación sur y su terraza interior, garantizando espacios luminosos y ventilados durante todo el día.

La cocina es totalmente independiente y está reformada y equipada con todo lo necesario para que disfrutes de tus habilidades culinarias, ademas cuenta con 2 dormitorios amplios. Situado en la planta baja del edificio, este piso es ideal para quienes buscan comodidad y accesibilidad.

La ubicación es inmejorable, rodeada de comercios, servicios públicos y varias líneas de transporte que facilitan el desplazamiento por la ciudad. No pierdas la oportunidad de vivir en un barrio vibrante y bien comunicado. ¡Ven a visitarlo y enamórate de tu nuevo hogar!",1,1,1,1,1,1,1,1,1,1,"['https://cdn-media.medialabtc.it/es/agencies/md058/estates/620489/images/8980629/gallery_media.jpeg', 'https://cdn-media.medialabtc.it/es/agencies/md058/estates/620489/images/8980621/gallery_media.jpeg', 'https://cdn-media.medialabtc.it/es/agencies/md058/estates/620489/images/8980627/gallery_media.jpeg', 'https://cdn-media.medialabtc.it/es/agencies/md058/estates/620489/images/8980624/gallery_media.jpeg', 'https://cdn-media.medialabtc.it/es/agencies/md058/estates/620489/images/8980630/gallery_media.jpeg', 'https://cdn-media.medialabtc.it/es/agencies/md058/estates/620489/images/8980631/gallery_media.jpeg', 'https://cdn-media.medialabtc.it/es/agencies/md058/estates/620489/images/8980625/gallery_media.jpeg', 'https://cdn-media.medialabtc.it/es/agencies/md058/estates/620489/images/8980618/gallery_media.jpeg', 'https://cdn-media.medialabtc.it/es/agencies/md058/estates/620489/images/8980619/gallery_media.jpeg', 'https://cdn-media.medialabtc.it/es/agencies/md058/estates/620489/images/8980626/gallery_media.jpeg', 'https://cdn-media.medialabtc.it/es/agencies/md058/estates/620489/images/8980616/gallery_media.jpeg', 'https://cdn-media.medialabtc.it/es/agencies/md058/estates/620489/images/8980615/gallery_media.jpeg', 'https://cdn-media.medialabtc.it/es/agencies/md058/estates/620489/images/8980622/gallery_media.jpeg', 'https://cdn-media.medialabtc.it/es/agencies/md058/estates/620489/images/8980628/gallery_media.jpeg', 'https://cdn-media.medialabtc.it/es/agencies/md058/estates/620489/images/8980623/gallery_media.jpeg', 'https://cdn-media.medialabtc.it/es/agencies/md058/estates/620489/images/8980620/gallery_media.jpeg']",0,Desconocido,0,0,0,1,0,E,0,0,"['imagenes_tecnocasa\\anuncio_220\\0.jpeg', 'imagenes_tecnocasa\\anuncio_220\\1.jpeg', 'imagenes_tecnocasa\\anuncio_220\\2.jpeg', 'imagenes_tecnocasa\\anuncio_220\\3.jpeg', 'imagenes_tecnocasa\\anuncio_220\\4.jpeg', 'imagenes_tecnocasa\\anuncio_220\\5.jpeg', 'imagenes_tecnocasa\\anuncio_220\\6.jpeg', 'imagenes_tecnocasa\\anuncio_220\\7.jpeg', 'imagenes_tecnocasa\\anuncio_220\\8.jpeg', 'imagenes_tecnocasa\\anuncio_220\\9.jpeg', 'imagenes_tecnocasa\\anuncio_220\\10.jpeg', 'imagenes_tecnocasa\\anuncio_220\\11.jpeg', 'imagenes_tecnocasa\\anuncio_220\\12.jpeg', 'imagenes_tecnocasa\\anuncio_220\\13.jpeg', 'imagenes_tecnocasa\\anuncio_220\\14.jpeg', 'imagenes_tecnocasa\\anuncio_220\\15.jpeg']",0,Media,1950,0,0,0,piso,1,Lucero,"Lucero, Madrid",40.4021568,-3.7511015,220,3859.375,160.0,120.0,0.55,0.7,2.0,1.0,otro,pintura,corredera,estándar (2.4-2.8m),nada,4.0,5.2,moderno,"['#F2F2F2', '#A9A9A9', '#FFFFFF']",buena,True,convencional,limitado,ninguno,ninguno,estándar,básica,ninguno,6.8,6.4,ninguna,5
https://www.tecnocasa.es/venta/piso/madrid/arganda-del-rey/620250.html,175000.0,2,56.0,1,"Agencia Inmobiliaria de ARGANDA DEL REY - Oficina TECNOCASA, VENDE piso en segunda planta sin ascensor ideal para quienes buscan comodidad y buena ubicacion.
Se compone de 2 habitaciones, baño completo, salon luminoso y cocina independiente. Tambien cuenta con dos terrazas una de ellas con salida desde el salon y otra desde la cocina ideales para disfrutar del aire libre. El piso se encuentra para entrar a vivir y esta situado en pleno centro, con todos los servicios al alcance: supermercados, colegios, transporte publico, centro de salud, etc.
Ideal tanto para primera vivienda como para inversion por su alta rentabilidad en alquiler.
Además te recordamos que te ayudamos con la financiación de la vivienda gracias a nuestro departamento financiero KIRON.
INFORMESE SIN NINGUN TIPO DE COMPROMISO.",1,0,1,1,0,1,0,0,1,1,"['https://cdn-media.medialabtc.it/es/agencies/md511/estates/620250/images/9002682/gallery_media.jpeg', 'https://cdn-media.medialabtc.it/es/agencies/md511/estates/620250/images/9002683/gallery_media.jpeg', 'https://cdn-media.medialabtc.it/es/agencies/md511/estates/620250/images/9002679/gallery_media.jpeg', 'https://cdn-media.medialabtc.it/es/agencies/md511/estates/620250/images/9002681/gallery_media.jpeg', 'https://cdn-media.medialabtc.it/es/agencies/md511/estates/620250/images/9002680/gallery_media.jpeg', 'https://cdn-media.medialabtc.it/es/agencies/md511/estates/620250/images/9002677/gallery_media.jpeg', 'https://cdn-media.medialabtc.it/es/agencies/md511/estates/620250/images/9002686/gallery_media.jpeg', 'https://cdn-media.medialabtc.it/es/agencies/md511/estates/620250/images/9002674/gallery_media.jpeg', 'https://cdn-media.medialabtc.it/es/agencies/md511/estates/620250/images/9002678/gallery_media.jpeg', 'https://cdn-media.medialabtc.it/es/agencies/md511/estates/620250/images/9002685/gallery_media.jpeg', 'https://cdn-media.medialabtc.it/es/agencies/md511/estates/620250/images/9002684/gallery_media.jpeg', 'https://cdn-media.medialabtc.it/es/agencies/md511/estates/620250/images/9002676/gallery_media.jpeg', 'https://cdn-media.medialabtc.it/es/agencies/md511/estates/620250/images/9002675/gallery_media.jpeg', 'https://cdn-media.medialabtc.it/es/agencies/md511/estates/620250/images/9002673/gallery_media.jpeg']",0,Desconocido,0,0,0,0,0,Desconocida,0,0,"['imagenes_tecnocasa\\anuncio_223\\0.jpeg', 'imagenes_tecnocasa\\anuncio_223\\1.jpeg', 'imagenes_tecnocasa\\anuncio_223\\2.jpeg', 'imagenes_tecnocasa\\anuncio_223\\3.jpeg', 'imagenes_tecnocasa\\anuncio_223\\4.jpeg', 'imagenes_tecnocasa\\anuncio_223\\5.jpeg', 'imagenes_tecnocasa\\anuncio_223\\6.jpeg', 'imagenes_tecnocasa\\anuncio_223\\7.jpeg', 'imagenes_tecnocasa\\anuncio_223\\8.jpeg', 'imagenes_tecnocasa\\anuncio_223\\9.jpeg', 'imagenes_tecnocasa\\anuncio_223\\10.jpeg', 'imagenes_tecnocasa\\anuncio_223\\11.jpeg', 'imagenes_tecnocasa\\anuncio_223\\12.jpeg', 'imagenes_tecnocasa\\anuncio_223\\13.jpeg']",1,Popular,1968,0,0,0,piso,1,Arganda del Rey,Arganda Del Rey,40.3007708,-3.4380688,223,3125.0,126.0,101.0,0.9,1.0,1.0,1.0,cerámica,pintura,corredera,estándar (2.4-2.8m),nada,2.8,3.4,convencional,"['#E9C1D0', '#FFFFFF', '#A7869C']",regular,False,convencional,limitado,ninguno,ninguno,estándar,básica,ninguno,6.2,5.4,ninguna,5
https://www.tecnocasa.es/venta/piso/madrid/mostoles/620225.html,214900.0,3,71.0,1,"Agencia inmobiliaria de MÓSTOLES zona AVENIDA DOS DE MAYO - PLAZA DEL PRADILLO - AVENIDA DE LA CONSTITUCION -PARQUE ZARAUZ -PARQUE FATIMA -CORONA VERDE - MOSTOLES CENTRAL.
-Oficina Tecnocasa:
EN VENTA:
PISO en ZONA CORONA VERDE con entrada, cocina, salón, 3 dormitorios, baño completo, terraza cerrada y plaza de garaje opcional NO incluida en el precio por 15.000€ a parte. Zona con todos los servicios cercanos, Metro, Renfe, así como líneas de autobús urbanas e interurbanas prácticamente en la misma puerta, además de colegios, centro de salud, hospital, comercios y supermercados. PARA ENTRAR A VIVIR.",1,1,1,1,1,1,0,1,1,1,"['https://cdn-media.medialabtc.it/es/agencies/mdbmf/estates/620225/images/8974142/gallery_media.jpeg', 'https://cdn-media.medialabtc.it/es/agencies/mdbmf/estates/620225/images/8974145/gallery_media.jpeg', 'https://cdn-media.medialabtc.it/es/agencies/mdbmf/estates/620225/images/8974133/gallery_media.jpeg', 'https://cdn-media.medialabtc.it/es/agencies/mdbmf/estates/620225/images/8974131/gallery_media.jpeg', 'https://cdn-media.medialabtc.it/es/agencies/mdbmf/estates/620225/images/8974151/gallery_media.jpeg', 'https://cdn-media.medialabtc.it/es/agencies/mdbmf/estates/620225/images/8974134/gallery_media.jpeg', 'https://cdn-media.medialabtc.it/es/agencies/mdbmf/estates/620225/images/8974140/gallery_media.jpeg', 'https://cdn-media.medialabtc.it/es/agencies/mdbmf/estates/620225/images/8974148/gallery_media.jpeg', 'https://cdn-media.medialabtc.it/es/agencies/mdbmf/estates/620225/images/8956385/gallery_media.jpeg', 'https://cdn-media.medialabtc.it/es/agencies/mdbmf/estates/620225/images/8956387/gallery_media.jpeg', 'https://cdn-media.medialabtc.it/es/agencies/mdbmf/estates/620225/images/8956384/gallery_media.jpeg', 'https://cdn-media.medialabtc.it/es/agencies/mdbmf/estates/620225/images/8974136/gallery_media.jpeg', 'https://cdn-media.medialabtc.it/es/agencies/mdbmf/estates/620225/images/8974139/gallery_media.jpeg', 'https://cdn-media.medialabtc.it/es/agencies/mdbmf/estates/620225/images/8974146/gallery_media.jpeg', 'https://cdn-media.medialabtc.it/es/agencies/mdbmf/estates/620225/images/8974130/gallery_media.jpeg', 'https://cdn-media.medialabtc.it/es/agencies/mdbmf/estates/620225/images/8974149/gallery_media.jpeg', 'https://cdn-media.medialabtc.it/es/agencies/mdbmf/estates/620225/images/8974144/gallery_media.jpeg', 'https://cdn-media.medialabtc.it/es/agencies/mdbmf/estates/620225/images/8974137/gallery_media.jpeg', 'https://cdn-media.medialabtc.it/es/agencies/mdbmf/estates/620225/images/8974132/gallery_media.jpeg', 'https://cdn-media.medialabtc.it/es/agencies/mdbmf/estates/620225/images/8956457/gallery_media.jpeg', 'https://cdn-media.medialabtc.it/es/agencies/mdbmf/estates/620225/images/8974138/gallery_media.jpeg', 'https://cdn-media.medialabtc.it/es/agencies/mdbmf/estates/620225/images/8956391/gallery_media.jpeg', 'https://cdn-media.medialabtc.it/es/agencies/mdbmf/estates/620225/images/8956386/gallery_media.jpeg', 'https://cdn-media.medialabtc.it/es/agencies/mdbmf/estates/620225/images/8974141/gallery_media.jpeg', 'https://cdn-media.medialabtc.it/es/agencies/mdbmf/estates/620225/images/8974147/gallery_media.jpeg', 'https://cdn-media.medialabtc.it/es/agencies/mdbmf/estates/620225/images/8974143/gallery_media.jpeg', 'https://cdn-media.medialabtc.it/es/agencies/mdbmf/estates/620225/images/8974135/gallery_media.jpeg', 'https://cdn-media.medialabtc.it/es/agencies/mdbmf/estates/620225/images/8974150/gallery_media.jpeg', 'https://cdn-media.medialabtc.it/es/agencies/mdbmf/estates/620225/images/8956395/gallery_media.jpeg']",0,Desconocido,1,0,0,1,0,F,0,0,"['imagenes_tecnocasa\\anuncio_224\\0.jpeg', 'imagenes_tecnocasa\\anuncio_224\\1.jpeg', 'imagenes_tecnocasa\\anuncio_224\\2.jpeg', 'imagenes_tecnocasa\\anuncio_224\\3.jpeg', 'imagenes_tecnocasa\\anuncio_224\\4.jpeg', 'imagenes_tecnocasa\\anuncio_224\\5.jpeg', 'imagenes_tecnocasa\\anuncio_224\\6.jpeg', 'imagenes_tecnocasa\\anuncio_224\\7.jpeg', 'imagenes_tecnocasa\\anuncio_224\\8.jpeg', 'imagenes_tecnocasa\\anuncio_224\\9.jpeg', 'imagenes_tecnocasa\\anuncio_224\\10.jpeg', 'imagenes_tecnocasa\\anuncio_224\\11.jpeg', 'imagenes_tecnocasa\\anuncio_224\\12.jpeg', 'imagenes_tecnocasa\\anuncio_224\\13.jpeg', 'imagenes_tecnocasa\\anuncio_224\\14.jpeg', 'imagenes_tecnocasa\\anuncio_224\\15.jpeg', 'imagenes_tecnocasa\\anuncio_224\\16.jpeg', 'imagenes_tecnocasa\\anuncio_224\\17.jpeg', 'imagenes_tecnocasa\\anuncio_224\\18.jpeg', 'imagenes_tecnocasa\\anuncio_224\\19.jpeg', 'imagenes_tecnocasa\\anuncio_224\\20.jpeg', 'imagenes_tecnocasa\\anuncio_224\\21.jpeg', 'imagenes_tecnocasa\\anuncio_224\\22.jpeg', 'imagenes_tecnocasa\\anuncio_224\\23.jpeg', 'imagenes_tecnocasa\\anuncio_224\\24.jpeg', 'imagenes_tecnocasa\\anuncio_224\\25.jpeg', 'imagenes_tecnocasa\\anuncio_224\\26.jpeg', 'imagenes_tecnocasa\\anuncio_224\\27.jpeg', 'imagenes_tecnocasa\\anuncio_224\\28.jpeg']",0,Media,1974,1,0,1,piso,2,Móstoles,"Norte, Móstoles",40.3238525,-3.8649214,224,3026.760563380282,95.0,81.0,0.0,0.25,0.0,0.0,vinilo,pintura,corredera,estándar (2.4-2.8m),nada,3.8,4.4,moderno,"['#FFFFFF', '#F2F2F2', '#D3D3D3']",buena,False,convencional,normal,ninguno,ninguno,estándar,básica,ninguno,7.4,6.4,ninguna,5
https://www.tecnocasa.es/venta/piso/madrid/parla/618044.html,164000.0,3,77.0,1,"Agencia inmobiliaria de parla zona PARLA NORTE - RENFE - LAS FUENTES- EL NIDO - VILLAYUVENTUS - oficina Tecnocasa vende piso situado en zona Villayuventus, cercano al centro de salud, Renfe y tranvía, ayuntamiento, colegios, supermercados, etc.
Piso situado en 4ª planta sin ascensor.
+ Salón con acceso a una terraza
+ Amplia cocina, con lavadero.
+ 3 dormitorios
+ Baño con bañera y ventana.
+ Aire acondicionado en salón y dormitorio.
+ Suelos de gres.
ZONA VILLAYUVENTUS
La zona Villayuventus de Parla, está rodeada de una amplia variedad de comercios, tales como galerías de alimentación, restauración, textil, farmacias, bancos y cajeros, colegios y zonas verdes con parques.
El inmueble en venta se ubica en la zona Villayuventus, cercano a la Renfe - Cercanías, colegios e institutos, al Ayuntamiento de Parla. Cuenta con el Centro de Salud 'San Blas'. Y, con fácil acceso a la A-42, autovía de Toledo.
TECNOCASA, red inmobiliaria líder en el sector con más de 30 años de experiencia, presente en más de 11 países, 900 oficinas a nivel nacional y con 400 oficinas en la Comunidad de Madrid.
Realizamos valoraciones de su hogar totalmente gratuitas; gestionamos el proceso de post-venta (tanto para comprador como para el vendedor); además, les daremos toda la información que necesiten sobre hipotecas, les ayudaremos a tramitar herencias, certificados, cambios de titularidad, plusvalías, permiso de venta, etc.
Contamos con la colaboración del departamento de financiación de KÍRON, su experto intermediario que le asesorará gratuitamente sin ningún compromiso.
Nuestros servicios:
- Hipoteca “primera vivienda”.
- Hipoteca “cambio de vivienda”.
- Hipoteca 100%.
Disponemos de las mejores viviendas del mercado.
¡NO DUDE EN VISITARNOS!",0,1,1,1,1,1,0,1,1,1,"['https://cdn-media.medialabtc.it/es/agencies/mdbp5/estates/618044/images/8910234/gallery_media.jpeg', 'https://cdn-media.medialabtc.it/es/agencies/mdbp5/estates/618044/images/8910236/gallery_media.jpeg', 'https://cdn-media.medialabtc.it/es/agencies/mdbp5/estates/618044/images/8910263/gallery_media.jpeg', 'https://cdn-media.medialabtc.it/es/agencies/mdbp5/estates/618044/images/8910238/gallery_media.jpeg', 'https://cdn-media.medialabtc.it/es/agencies/mdbp5/estates/618044/images/8910229/gallery_media.jpeg', 'https://cdn-media.medialabtc.it/es/agencies/mdbp5/estates/618044/images/8910239/gallery_media.jpeg', 'https://cdn-media.medialabtc.it/es/agencies/mdbp5/estates/618044/images/8910237/gallery_media.jpeg', 'https://cdn-media.medialabtc.it/es/agencies/mdbp5/estates/618044/images/8910262/gallery_media.jpeg', 'https://cdn-media.medialabtc.it/es/agencies/mdbp5/estates/618044/images/8910230/gallery_media.jpeg', 'https://cdn-media.medialabtc.it/es/agencies/mdbp5/estates/618044/images/8910241/gallery_media.jpeg', 'https://cdn-media.medialabtc.it/es/agencies/mdbp5/estates/618044/images/8910231/gallery_media.jpeg', 'https://cdn-media.medialabtc.it/es/agencies/mdbp5/estates/618044/images/8910233/gallery_media.jpeg', 'https://cdn-media.medialabtc.it/es/agencies/mdbp5/estates/618044/images/8910240/gallery_media.jpeg', 'https://cdn-media.medialabtc.it/es/agencies/mdbp5/estates/618044/images/8910232/gallery_media.jpeg']",0,Desconocido,0,0,0,1,0,Desconocida,0,0,"['imagenes_tecnocasa\\anuncio_226\\0.jpeg', 'imagenes_tecnocasa\\anuncio_226\\1.jpeg', 'imagenes_tecnocasa\\anuncio_226\\2.jpeg', 'imagenes_tecnocasa\\anuncio_226\\3.jpeg', 'imagenes_tecnocasa\\anuncio_226\\4.jpeg', 'imagenes_tecnocasa\\anuncio_226\\5.jpeg', 'imagenes_tecnocasa\\anuncio_226\\6.jpeg', 'imagenes_tecnocasa\\anuncio_226\\7.jpeg', 'imagenes_tecnocasa\\anuncio_226\\8.jpeg', 'imagenes_tecnocasa\\anuncio_226\\9.jpeg', 'imagenes_tecnocasa\\anuncio_226\\10.jpeg', 'imagenes_tecnocasa\\anuncio_226\\11.jpeg', 'imagenes_tecnocasa\\anuncio_226\\12.jpeg', 'imagenes_tecnocasa\\anuncio_226\\13.jpeg']",1,Popular,1976,0,0,0,piso,3,Parla,Parla,40.2373952,-3.7718902,226,2129.87012987013,271.0,180.0,0.0,0.0,0.0,0.0,otro,pintura,ninguna visible,estándar (2.4-2.8m),nada,4.0,4.4,clásico,"['#0066CC', '#FFFFFF', '#B2BEB5']",regular,True,convencional,limitado,ninguno,ninguno,estándar,parcialmente equipada,ninguno,6.4,7.0,ninguna,5
https://www.tecnocasa.es/venta/piso/madrid/fuenlabrada/616109.html,239000.0,3,83.0,2,"Agencia inmobiliaria Tecnocasa de Fuenlabrada - zona Loranca - vende piso en Urbanización Nuevo Versalles con piscina comunitaria. Se distribuye en salón independiente de con salida a terraza, cocina con tendedero anexo, tres amplios dormitorios y dos cuartos de baño, uno de ellos situado en el dormitorio principal. Ventanas de aluminio blanco abatibles, suelos en parqué y calefacción individual de gas natural. En la zona encontrarás todo tipo de servicios, colegios e institutos, transporte público (línea 12 de MetroSur y líneas de autobús) y fácil acceso a carreteras M-506 y M-407.",1,0,1,1,0,1,1,1,1,1,"['https://cdn-media.medialabtc.it/es/agencies/mdbfa/estates/616109/images/9001033/gallery_media.jpeg', 'https://cdn-media.medialabtc.it/es/agencies/mdbfa/estates/616109/images/9001029/gallery_media.jpeg', 'https://cdn-media.medialabtc.it/es/agencies/mdbfa/estates/616109/images/9001023/gallery_media.jpeg', 'https://cdn-media.medialabtc.it/es/agencies/mdbfa/estates/616109/images/9001035/gallery_media.jpeg', 'https://cdn-media.medialabtc.it/es/agencies/mdbfa/estates/616109/images/9001028/gallery_media.jpeg', 'https://cdn-media.medialabtc.it/es/agencies/mdbfa/estates/616109/images/9001021/gallery_media.jpeg', 'https://cdn-media.medialabtc.it/es/agencies/mdbfa/estates/616109/images/9001038/gallery_media.jpeg', 'https://cdn-media.medialabtc.it/es/agencies/mdbfa/estates/616109/images/9001044/gallery_media.jpeg', 'https://cdn-media.medialabtc.it/es/agencies/mdbfa/estates/616109/images/9001037/gallery_media.jpeg', 'https://cdn-media.medialabtc.it/es/agencies/mdbfa/estates/616109/images/9001040/gallery_media.jpeg', 'https://cdn-media.medialabtc.it/es/agencies/mdbfa/estates/616109/images/9001030/gallery_media.jpeg', 'https://cdn-media.medialabtc.it/es/agencies/mdbfa/estates/616109/images/9001027/gallery_media.jpeg', 'https://cdn-media.medialabtc.it/es/agencies/mdbfa/estates/616109/images/9001042/gallery_media.jpeg', 'https://cdn-media.medialabtc.it/es/agencies/mdbfa/estates/616109/images/9001026/gallery_media.jpeg', 'https://cdn-media.medialabtc.it/es/agencies/mdbfa/estates/616109/images/9001039/gallery_media.jpeg', 'https://cdn-media.medialabtc.it/es/agencies/mdbfa/estates/616109/images/9001036/gallery_media.jpeg', 'https://cdn-media.medialabtc.it/es/agencies/mdbfa/estates/616109/images/9001032/gallery_media.jpeg', 'https://cdn-media.medialabtc.it/es/agencies/mdbfa/estates/616109/images/9001047/gallery_media.jpeg', 'https://cdn-media.medialabtc.it/es/agencies/mdbfa/estates/616109/images/9001031/gallery_media.jpeg', 'https://cdn-media.medialabtc.it/es/agencies/mdbfa/estates/616109/images/9001043/gallery_media.jpeg', 'https://cdn-media.medialabtc.it/es/agencies/mdbfa/estates/616109/images/9001034/gallery_media.jpeg', 'https://cdn-media.medialabtc.it/es/agencies/mdbfa/estates/616109/images/9001049/gallery_media.jpeg', 'https://cdn-media.medialabtc.it/es/agencies/mdbfa/estates/616109/images/9001046/gallery_media.jpeg', 'https://cdn-media.medialabtc.it/es/agencies/mdbfa/estates/616109/images/9001041/gallery_media.jpeg', 'https://cdn-media.medialabtc.it/es/agencies/mdbfa/estates/616109/images/9001020/gallery_media.jpeg', 'https://cdn-media.medialabtc.it/es/agencies/mdbfa/estates/616109/images/9001024/gallery_media.jpeg', 'https://cdn-media.medialabtc.it/es/agencies/mdbfa/estates/616109/images/9001022/gallery_media.jpeg', 'https://cdn-media.medialabtc.it/es/agencies/mdbfa/estates/616109/images/9001025/gallery_media.jpeg', 'https://cdn-media.medialabtc.it/es/agencies/mdbfa/estates/616109/images/9001045/gallery_media.jpeg', 'https://cdn-media.medialabtc.it/es/agencies/mdbfa/estates/616109/images/9001048/gallery_media.jpeg']",0,Desconocido,0,0,1,1,0,Desconocida,0,0,"['imagenes_tecnocasa\\anuncio_227\\0.jpeg', 'imagenes_tecnocasa\\anuncio_227\\1.jpeg', 'imagenes_tecnocasa\\anuncio_227\\2.jpeg', 'imagenes_tecnocasa\\anuncio_227\\3.jpeg', 'imagenes_tecnocasa\\anuncio_227\\4.jpeg', 'imagenes_tecnocasa\\anuncio_227\\5.jpeg', 'imagenes_tecnocasa\\anuncio_227\\6.jpeg', 'imagenes_tecnocasa\\anuncio_227\\7.jpeg', 'imagenes_tecnocasa\\anuncio_227\\8.jpeg', 'imagenes_tecnocasa\\anuncio_227\\9.jpeg', 'imagenes_tecnocasa\\anuncio_227\\10.jpeg', 'imagenes_tecnocasa\\anuncio_227\\11.jpeg', 'imagenes_tecnocasa\\anuncio_227\\12.jpeg', 'imagenes_tecnocasa\\anuncio_227\\13.jpeg', 'imagenes_tecnocasa\\anuncio_227\\14.jpeg', 'imagenes_tecnocasa\\anuncio_227\\15.jpeg', 'imagenes_tecnocasa\\anuncio_227\\16.jpeg', 'imagenes_tecnocasa\\anuncio_227\\17.jpeg', 'imagenes_tecnocasa\\anuncio_227\\18.jpeg', 'imagenes_tecnocasa\\anuncio_227\\19.jpeg', 'imagenes_tecnocasa\\anuncio_227\\20.jpeg', 'imagenes_tecnocasa\\anuncio_227\\21.jpeg', 'imagenes_tecnocasa\\anuncio_227\\22.jpeg', 'imagenes_tecnocasa\\anuncio_227\\23.jpeg', 'imagenes_tecnocasa\\anuncio_227\\24.jpeg', 'imagenes_tecnocasa\\anuncio_227\\25.jpeg', 'imagenes_tecnocasa\\anuncio_227\\26.jpeg', 'imagenes_tecnocasa\\anuncio_227\\27.jpeg', 'imagenes_tecnocasa\\anuncio_227\\28.jpeg', 'imagenes_tecnocasa\\anuncio_227\\29.jpeg']",0,Popular,1990,1,0,1,piso,2,Fuenlabrada,"Loranca, Fuenlabrada",40.282476,-3.7923422,227,2879.5180722891564,91.0,71.0,0.05,0.4,1.0,0.0,parquet,pintura,otro,estándar (2.4-2.8m),nada,3.0,3.2,convencional,"['#D3D3D3', '#007FFF', '#FFFFFF']",regular,False,convencional,limitado,ninguno,ninguno,estándar,básica,ninguno,6.6,6.4,ninguna,5
https://www.tecnocasa.es/venta/piso/madrid/madrid/601838.html,159000.0,2,60.0,1,"Oficina de Tecnocasa zona Villaverde Bajo Estación - Los Rosales Estudio Butarque Los Rosales SL VENDE 2ª planta de dos habitaciones.
La vivienda se encuentra en una segunda planta de un edificio que cuenta con seis vecinos. Se distribuye en entrada, dando paso por un lateral al baño que dispone de plato de ducha y ventana, y a una cocina reformada con office. Por el otro lado, se encuentra el salón-comedor; continuando por el pasillo, a mano izquierda entramos en la habitación principal, de gran tamaño y con aire acondicionado, mientras que a mano derecha, tenemos la segunda habitación, perfecta para niños pequeños o de lugar de trabajo.
Al ser todo el inmueble exterior, incluyendo baño, tenemos una gran luminosidad, junto a unas ventanas que aíslan perfectamente de las temperaturas y ruidos.
Las características son:
- Puertas interiores de madera maciza.
- Aire acondicionado con bomba frío-calor en salón-comedor y dormitorio principal.
- Puerta principal blindada.
- Ventanas aluminio.
- Suelo de cerámico nuevo.
- Baño con ventana.
- Cocina con office.
- Inspección Técnica de Edificios (ITE) actualmente favorable, siendo la próxima en 2025.
Villaverde Bajo Renfe, perteneciente al barrio de Los Rosales, es una zona que ha vivido una mejora ostensible en los últimos tiempos, viéndose mejorada en cuanto a comunicación, contando con la Av de Andalucía como acceso directo tanto al centro de Madrid como a las autopistas M-30, M-40 y M-45. En cuanto a la RENFE, que se sitúa menos de una minuto de la vivienda, encontrará las líneas C3 y C4, uniendo al barrio con algunos municipios del Sur de Madrid (Aranjuez, Getafe, Parla... ), con el Centro de Madrid (Atocha, Sol, Nuevos Ministerios... ) y con el Norte de la Comunidad (San Sebastián, Las Rozas, Tres Cantos, Torrelodones... ). También esta presente la EMT, contando con las líneas 85 que finalizan en Atocha y la 123, finalizando en Legazpi.
Tiene a su disposición diferentes zonas verdes como el Parque del Manzanares o el Paseo de los Trenes. El aparcamiento es de uso libre, sin restricciones horarias (zona blanca).
Preguntar por condiciones de venta. La información contenida en este anuncio no tiene carácter contractual ni vinculante, ya que podría contener alguna incorreción. En el precio de venta expuesto no se hayan incluidos los gastos de formalización de la compraventa, tales como honorarios de notaria, honorarios de la inscripción registral, honorarios por la tramitación e inscripción registral de escrituras ni el ITP (Impuesto de Transmisiones Patrimoniales, siendo el tipo máximo en la Comunidad de Madrid del 6%). Del mismo modo, en el precio anunciado, no se incluyen los honorarios de agencia al comprador, que ascienden al 3%+IVA (tipo impositivo 21%) sobre el precio fijado en la promesa de compra suscrita por el mismo. Tampoco se encuentra incluidos en el precio anunciado de venta otros tributos y gastos que pudieran existir al suscribir una hipoteca, tales como gastos de tasación, comisión bancaria de apertura del préstamo, AJD (Impuesto de Actos Jurídicos Documentados), gastos de segundas copias...",1,1,1,1,1,1,0,1,1,1,"['https://cdn-media.medialabtc.it/es/agencies/md040/estates/601838/images/8986846/gallery_media.jpeg', 'https://cdn-media.medialabtc.it/es/agencies/md040/estates/601838/images/8986858/gallery_media.jpeg', 'https://cdn-media.medialabtc.it/es/agencies/md040/estates/601838/images/8986851/gallery_media.jpeg', 'https://cdn-media.medialabtc.it/es/agencies/md040/estates/601838/images/8986847/gallery_media.jpeg', 'https://cdn-media.medialabtc.it/es/agencies/md040/estates/601838/images/8986857/gallery_media.jpeg', 'https://cdn-media.medialabtc.it/es/agencies/md040/estates/601838/images/8986848/gallery_media.jpeg', 'https://cdn-media.medialabtc.it/es/agencies/md040/estates/601838/images/8986852/gallery_media.jpeg', 'https://cdn-media.medialabtc.it/es/agencies/md040/estates/601838/images/8986854/gallery_media.jpeg', 'https://cdn-media.medialabtc.it/es/agencies/md040/estates/601838/images/8986853/gallery_media.jpeg', 'https://cdn-media.medialabtc.it/es/agencies/md040/estates/601838/images/8986856/gallery_media.jpeg', 'https://cdn-media.medialabtc.it/es/agencies/md040/estates/601838/images/8986859/gallery_media.jpeg', 'https://cdn-media.medialabtc.it/es/agencies/md040/estates/601838/images/8986850/gallery_media.jpeg', 'https://cdn-media.medialabtc.it/es/agencies/md040/estates/601838/images/8986861/gallery_media.jpeg', 'https://cdn-media.medialabtc.it/es/agencies/md040/estates/601838/images/8986855/gallery_media.jpeg', 'https://cdn-media.medialabtc.it/es/agencies/md040/estates/601838/images/8986860/gallery_media.jpeg', 'https://cdn-media.medialabtc.it/es/agencies/md040/estates/601838/images/8986849/gallery_media.jpeg']",0,Desconocido,1,0,0,0,0,G,0,0,"['imagenes_tecnocasa\\anuncio_228\\0.jpeg', 'imagenes_tecnocasa\\anuncio_228\\1.jpeg', 'imagenes_tecnocasa\\anuncio_228\\2.jpeg', 'imagenes_tecnocasa\\anuncio_228\\3.jpeg', 'imagenes_tecnocasa\\anuncio_228\\4.jpeg', 'imagenes_tecnocasa\\anuncio_228\\5.jpeg', 'imagenes_tecnocasa\\anuncio_228\\6.jpeg', 'imagenes_tecnocasa\\anuncio_228\\7.jpeg', 'imagenes_tecnocasa\\anuncio_228\\8.jpeg', 'imagenes_tecnocasa\\anuncio_228\\9.jpeg', 'imagenes_tecnocasa\\anuncio_228\\10.jpeg', 'imagenes_tecnocasa\\anuncio_228\\11.jpeg', 'imagenes_tecnocasa\\anuncio_228\\12.jpeg', 'imagenes_tecnocasa\\anuncio_228\\13.jpeg', 'imagenes_tecnocasa\\anuncio_228\\14.jpeg', 'imagenes_tecnocasa\\anuncio_228\\15.jpeg']",1,Media,1960,0,0,0,piso,2,Madrid,"Villaverde Bajo - Oroquieta - Espinillo, Madrid",40.4167047,-3.7035825,228,2650.0,499.0,299.0,0.0,0.0,0.0,0.0,otro,pintura,corredera,estándar (2.4-2.8m),nada,4.0,3.4,convencional,"['#A0522D', '#DEB887', '#FFFFFF']",regular,False,convencional,limitado,ninguno,ninguno,estándar,básica,ninguno,6.0,6.2,ninguna,5
https://www.tecnocasa.es/venta/piso/madrid/valdemoro/620151.html,219000.0,3,100.0,2,"Agencia inmobiliaria de VALDEMORO : zona ESTACION- CENTRO- GUARDIA CIVIL- Oficina Tecnocasa VENDE piso en zona GUARDIA CIVIL
Descubre esta acogedora vivienda en Valdemoro, ideal para quienes buscan un hogar cómodo y bien ubicado. Con una superficie de 100 m², esta propiedad ofrece un espacio bien distribuido que incluye tres dormitorios, perfectos para una familia o para quienes necesitan espacio adicional para una oficina o cuarto de invitados.
Construida en 2003, la vivienda combina diseño moderno con funcionalidad. La cocina es amplia y está equipada, lista para inspirar tus habilidades culinarias. El salón es luminoso, proporcionando un ambiente agradable para el descanso y el entretenimiento.
PLAZA DE GARAJE Y TRASTERO INCLUIDO EN EL PRECIO
Además, cuenta con un baño completo y un aseo, lo que añade comodidad al día a día. La ubicación es excelente, con fácil acceso a servicios, colegios y transporte público, lo que facilita la vida diaria. No pierdas la oportunidad de visitar esta propiedad que puede convertirse en tu próximo hogar.
No dude en llamarnos para concertar su cita para visitar el inmueble en la que además recibirá el asesoramiento gratuito de nuestro departamento financiero KÌRON. FINANCIACION 100%",0,1,1,1,0,1,0,1,0,1,"['https://cdn-media.medialabtc.it/es/agencies/mdbe2/estates/620151/images/8969846/gallery_media.jpeg', 'https://cdn-media.medialabtc.it/es/agencies/mdbe2/estates/620151/images/8969820/gallery_media.jpeg', 'https://cdn-media.medialabtc.it/es/agencies/mdbe2/estates/620151/images/8969817/gallery_media.jpeg', 'https://cdn-media.medialabtc.it/es/agencies/mdbe2/estates/620151/images/8969853/gallery_media.jpeg', 'https://cdn-media.medialabtc.it/es/agencies/mdbe2/estates/620151/images/8969851/gallery_media.jpeg', 'https://cdn-media.medialabtc.it/es/agencies/mdbe2/estates/620151/images/8969819/gallery_media.jpeg', 'https://cdn-media.medialabtc.it/es/agencies/mdbe2/estates/620151/images/8969845/gallery_media.jpeg', 'https://cdn-media.medialabtc.it/es/agencies/mdbe2/estates/620151/images/8969843/gallery_media.jpeg', 'https://cdn-media.medialabtc.it/es/agencies/mdbe2/estates/620151/images/8969844/gallery_media.jpeg', 'https://cdn-media.medialabtc.it/es/agencies/mdbe2/estates/620151/images/8969821/gallery_media.jpeg', 'https://cdn-media.medialabtc.it/es/agencies/mdbe2/estates/620151/images/8969842/gallery_media.jpeg', 'https://cdn-media.medialabtc.it/es/agencies/mdbe2/estates/620151/images/8969852/gallery_media.jpeg', 'https://cdn-media.medialabtc.it/es/agencies/mdbe2/estates/620151/images/8969848/gallery_media.jpeg', 'https://cdn-media.medialabtc.it/es/agencies/mdbe2/estates/620151/images/8969818/gallery_media.jpeg', 'https://cdn-media.medialabtc.it/es/agencies/mdbe2/estates/620151/images/8969847/gallery_media.jpeg', 'https://cdn-media.medialabtc.it/es/agencies/mdbe2/estates/620151/images/8969849/gallery_media.jpeg']",0,Desconocido,1,1,0,0,0,E,0,0,"['imagenes_tecnocasa\\anuncio_231\\0.jpeg', 'imagenes_tecnocasa\\anuncio_231\\1.jpeg', 'imagenes_tecnocasa\\anuncio_231\\2.jpeg', 'imagenes_tecnocasa\\anuncio_231\\3.jpeg', 'imagenes_tecnocasa\\anuncio_231\\4.jpeg', 'imagenes_tecnocasa\\anuncio_231\\5.jpeg', 'imagenes_tecnocasa\\anuncio_231\\6.jpeg', 'imagenes_tecnocasa\\anuncio_231\\7.jpeg', 'imagenes_tecnocasa\\anuncio_231\\8.jpeg', 'imagenes_tecnocasa\\anuncio_231\\9.jpeg', 'imagenes_tecnocasa\\anuncio_231\\10.jpeg', 'imagenes_tecnocasa\\anuncio_231\\11.jpeg', 'imagenes_tecnocasa\\anuncio_231\\12.jpeg', 'imagenes_tecnocasa\\anuncio_231\\13.jpeg', 'imagenes_tecnocasa\\anuncio_231\\14.jpeg', 'imagenes_tecnocasa\\anuncio_231\\15.jpeg']",0,Media,2003,1,0,0,piso,4,Valdemoro,Valdemoro,40.1888604,-3.67143,231,2190.0,192.0,137.0,0.9,1.0,2.0,1.0,cerámica,pintura,otro,estándar (2.4-2.8m),nada,3.4,3.6,convencional,"['#FFFFFF', '#D3D3D3', '#A9A9A9']",regular,False,convencional,limitado,ninguno,ninguno,estándar,parcialmente equipada,ninguno,5.4,6.0,ninguna,5
https://www.tecnocasa.es/venta/piso/madrid/getafe/621537.html,370000.0,3,122.0,2,"Agencia inmobiliaria Tecnocasa - zona El Bercial - vende piso con TRASTERO, GARAJE Y PISCINA en comunidad cerrada en una de las mejores zonas de GETAFE.
La vivienda se distribuye en salón de 22m2 con acceso a una pequeña terraza, cocina amplia con tendedero anexo, tres dormitorios (dos de ellos con armario empotrado) y dos cuartos de baño completos, uno de ellos con plato de ducha y otro ubicado en la suite principal que cuenta con bañera. Orientaciones noreste y suroeste.
Suelos en tarima, ventanas de PVC NUEVAS, pintura en liso pasillo, entrada y salón; gotelé en dormitorios.
Calefacción por gas natural mediante radiadores; aire acondicionado en salón y dos de los dormitorios con bomba de F/C.
La comunidad está totalmente adaptada al uso con silla de ruedas u otros medios homologados mediante rampas para el acceso a los portales sin necesidad de subir ni una sola escalera.
En la zona encontrarás todo tipo de servicios, colegios e institutos, transporte público (línea 12 de MetroSur, línea C-4 de Cercanías Renfe y líneas de autobús 446, 488 y L3 A y B), zonas comerciales, fácil acceso a carreteras A-42 y M-45.",1,1,1,1,1,1,0,1,1,1,"['https://cdn-media.medialabtc.it/es/agencies/md576/estates/621537/images/9000012/gallery_media.jpeg', 'https://cdn-media.medialabtc.it/es/agencies/md576/estates/621537/images/9000004/gallery_media.jpeg', 'https://cdn-media.medialabtc.it/es/agencies/md576/estates/621537/images/8999956/gallery_media.jpeg', 'https://cdn-media.medialabtc.it/es/agencies/md576/estates/621537/images/9000009/gallery_media.jpeg', 'https://cdn-media.medialabtc.it/es/agencies/md576/estates/621537/images/8999960/gallery_media.jpeg', 'https://cdn-media.medialabtc.it/es/agencies/md576/estates/621537/images/9000003/gallery_media.jpeg', 'https://cdn-media.medialabtc.it/es/agencies/md576/estates/621537/images/9000006/gallery_media.jpeg', 'https://cdn-media.medialabtc.it/es/agencies/md576/estates/621537/images/8999955/gallery_media.jpeg', 'https://cdn-media.medialabtc.it/es/agencies/md576/estates/621537/images/8999957/gallery_media.jpeg', 'https://cdn-media.medialabtc.it/es/agencies/md576/estates/621537/images/9000005/gallery_media.jpeg', 'https://cdn-media.medialabtc.it/es/agencies/md576/estates/621537/images/9000015/gallery_media.jpeg', 'https://cdn-media.medialabtc.it/es/agencies/md576/estates/621537/images/9000002/gallery_media.jpeg', 'https://cdn-media.medialabtc.it/es/agencies/md576/estates/621537/images/9000013/gallery_media.jpeg', 'https://cdn-media.medialabtc.it/es/agencies/md576/estates/621537/images/9000011/gallery_media.jpeg', 'https://cdn-media.medialabtc.it/es/agencies/md576/estates/621537/images/8999959/gallery_media.jpeg', 'https://cdn-media.medialabtc.it/es/agencies/md576/estates/621537/images/8999958/gallery_media.jpeg', 'https://cdn-media.medialabtc.it/es/agencies/md576/estates/621537/images/9000008/gallery_media.jpeg', 'https://cdn-media.medialabtc.it/es/agencies/md576/estates/621537/images/9000007/gallery_media.jpeg', 'https://cdn-media.medialabtc.it/es/agencies/md576/estates/621537/images/9000014/gallery_media.jpeg', 'https://cdn-media.medialabtc.it/es/agencies/md576/estates/621537/images/9000010/gallery_media.jpeg', 'https://cdn-media.medialabtc.it/es/agencies/md576/estates/621537/images/8999961/gallery_media.jpeg']",0,Desconocido,1,1,1,1,0,Desconocida,0,0,"['imagenes_tecnocasa\\anuncio_232\\0.jpeg', 'imagenes_tecnocasa\\anuncio_232\\1.jpeg', 'imagenes_tecnocasa\\anuncio_232\\2.jpeg', 'imagenes_tecnocasa\\anuncio_232\\3.jpeg', 'imagenes_tecnocasa\\anuncio_232\\4.jpeg', 'imagenes_tecnocasa\\anuncio_232\\5.jpeg', 'imagenes_tecnocasa\\anuncio_232\\6.jpeg', 'imagenes_tecnocasa\\anuncio_232\\7.jpeg', 'imagenes_tecnocasa\\anuncio_232\\8.jpeg', 'imagenes_tecnocasa\\anuncio_232\\9.jpeg', 'imagenes_tecnocasa\\anuncio_232\\10.jpeg', 'imagenes_tecnocasa\\anuncio_232\\11.jpeg', 'imagenes_tecnocasa\\anuncio_232\\12.jpeg', 'imagenes_tecnocasa\\anuncio_232\\13.jpeg', 'imagenes_tecnocasa\\anuncio_232\\14.jpeg', 'imagenes_tecnocasa\\anuncio_232\\15.jpeg', 'imagenes_tecnocasa\\anuncio_232\\16.jpeg', 'imagenes_tecnocasa\\anuncio_232\\17.jpeg', 'imagenes_tecnocasa\\anuncio_232\\18.jpeg', 'imagenes_tecnocasa\\anuncio_232\\19.jpeg', 'imagenes_tecnocasa\\anuncio_232\\20.jpeg']",1,Media,1994,1,0,1,piso,1,Getafe,"El Bercial, Getafe",40.3070639,-3.7331808,232,3032.7868852459014,190.0,135.0,0.1,0.4,0.0,0.0,cerámica,pintura,corredera,estándar (2.4-2.8m),nada,4.6,4.6,clásico,"['#D3D3D3', '#FFFFFF', '#808080']",regular,False,convencional,normal,ninguno,ninguno,estándar,parcialmente equipada,ninguno,7.0,6.8,ninguna,5
https://www.tecnocasa.es/venta/piso/madrid/leganes/619692.html,215000.0,3,74.0,1,"Agencia inmobiliaria de Leganés zona Zarzaquemada, Tecnocasa Area Inmoleganes 2024 Slu
EN VENTA: Excelente vivienda completamente exterior muy luminosa en Leganés (Zarzaquemada)
Piso en planta de 74 m2,Compuesto de 3 dormitorios, terraza , salón, cocina Y baño.
inluye plaza de garaje.
Tiene varios puntos a destacar:
- Finca muy tranquila
- Muy luminoso.
- finca con ascensor y exterior
- La cercanía del metro Julian Besteiro.
- La cercania de la renfe de Zarzaquemada.
Próxima a todos los servicios necesarios como colegios, supermercados, centro de salud, centro de día para mayores, zonas verdes.
PROXIMAMENTE REPORTAJE FOTOGRAFICO.
Si precisa de más información no dude en contactar con nosotros
AVISO LEGAL: Recordamos a nuestros Señores clientes que la información facilitada no constituye una auténtica oferta vinculante ni contractual. Este anuncio publicitario es provisional, y las fotografías y datos en él incluidos están sujetos a posibles modificaciones, consecuencia de exigencias comerciales, jurídicas, técnicas o por mandato expreso de la propiedad. La información aquí contenida procura reflejar una orientación sobre los inmuebles a la fecha de su publicación. La totalidad del contenido que aparece tiene carácter meramente informativo y aproximado, no teniendo, en modo alguno, carácter contractual. Tanto los datos, como las imágenes y planos pueden estar sujetos a cambios, por lo que le invitamos a que, si precisa una información más exacta y detallada, contacte con nosotros y le atenderemos a la mayor brevedad posible. Los contenidos tienen únicamente finalidad informativa y bajo ninguna circunstancia deben usarse ni considerarse como oferta de venta o financiación, solicitud de una oferta de compra o financiación, ni recomendación para realizar cualquier otra transacción, salvo que así se indique expresamente. La información y documentación a ofrecer de acuerdo con lo dispuesto en el Real Decreto 515/1989 (de 21 de abril, relativa a la protección de los consumidores en cuanto a la información a suministrar en la compraventa y arrendamiento de viviendas), será puesta a disposición de los potenciales compradores en las respectivas delegaciones territoriales gestoras del inmueble.",1,1,1,1,1,1,0,1,1,1,['https://www.tecnocasa.es/img/home-hero/es/tecnocasa/residential/desktop_6.jpg'],0,Desconocido,1,0,0,1,0,E,0,0,['imagenes_tecnocasa\\anuncio_234\\0.jpg'],0,De época,1972,0,0,1,piso,1,Leganés,"Zarzaquemada, Leganés",40.3281942,-3.76527,234,2905.4054054054054,330.0,220.0,0.2,0.25,1.0,0.0,otro,otro,otro,otro,nada,0.0,0.0,otro,"['#007bff', '#6c757d', '#ffffff']",otro,False,otro,otro,ninguno,ninguno,otro,otro,ninguno,10.0,7.0,ninguna,1
https://www.tecnocasa.es/venta/piso/madrid/madrid/609244.html,198000.0,2,49.0,2,"Agencia inmobiliaria de MADRID zona NUEVA NUMANCIA - DOÑA CARLOTA - COLONIA TAXISTAS - CERRO DEL TIO PIO. Oficina Tecnocasa Vende Piso en proyecto de reforma después de un cambio de uso de 2 Dormitorios y 2 baños a escasos metros del parque del Cerro del Tio Pio, uno de los mejores parques que nos podemos encontrar en todo Madrid. Cabe destacar la tranquilidad, la consolidación, el buen ambiente que tiene el barrio y la comunicación de la zona a nivel de comercios y de los distintos medios de transporte que hay en la zona. El metro de Nueva Numancia (línea 1) y La Estrella (línea 9) lo tenemos a unos 10 minutos y a solo unos pasos, de la línea de la EMT (8, 20, 113, 141 y Nocturno 9). Y a tan solo 3 paradas de Metro tenemos La estación de Atocha, es un complejo ferroviario situado en las cercanías de la plaza del Emperador Carlos V. Hace las funciones de nudo ferroviario, y esto la convierte en la estación con más tráfico de pasajeros del país, así como una de las principales de Europa.

¡El increíble proyecto de cambio de uso, después de la reforma, nos dejará todo a estrenar!:
- Piso de 2 Dormitorios, Salón comedor con cocina americana, dos baños, uno en cada habitación, también dispondremos de un pequeño vestidor en la habitación principal. Muy buena entrada de luz natural debido a sus amplios ventanales y doble orientación. La vivienda da mucha privacidad, debido a que enfrente nos encontramos con un pequeño jardín comunitario el cual nos separa con el paso peatonal de la calle, todo esto haciéndola una vivienda única en la zona. ¡Perfecto para parejas o inversores!
!La memoria de calidades, se puede visualizar en una de las imágenes en el anuncio!
!Las fotos son de una reforma realizada por la misma empresa y con calidades similares!

Cabe destacar su excelente ubicación, Calle Sierra Toledana, se encuentra en una de las colonias más emblemáticas y demandadas, se llama la colonia de los taxistas, a pocos metros del parque 'Cerro del Tío Pío', que lo tenemos a escasos metros del portal, siendo esta una de las zonas verdes más visitadas de todo Madrid. Nada más salir de la vivienda también nos encontramos con las paradas de BUS (EMT 8,113,141) y, con todo tipo de comercio en la misma calle y Avenida de Peña Prieta. También cuenta con Colegios en su cercanía, como por ejemplo Colegio Ciudad de los Muchachos, Colegio Asunción o Colegio Público El Madroño y para los más peques con varias Escuelas Infantiles en la calle Sierra Toledana. Y muchas comodidades más que encontraras en sus cercanías.

En cuanto gastos, nada elevados, de comunidad de vecinos se paga 50 euros/mes y de IBI 250 euros/año ( importes aproximados ).


De acuerdo con el RD 515/1989, del 21 de Abril, se informa al cliente que los gastos notariales, registrales, I. T. P. o equivalente, gastos financieros y otros gastos inherentes a la compraventa no están incluidos en el precio de venta de la vivienda.",1,1,1,1,1,1,0,1,1,1,"['https://cdn-media.medialabtc.it/es/agencies/md632/estates/609244/images/9001266/gallery_media.jpeg', 'https://cdn-media.medialabtc.it/es/agencies/md632/estates/609244/images/9001249/gallery_media.jpeg', 'https://cdn-media.medialabtc.it/es/agencies/md632/estates/609244/images/9001252/gallery_media.jpeg', 'https://cdn-media.medialabtc.it/es/agencies/md632/estates/609244/images/9001270/gallery_media.jpeg', 'https://cdn-media.medialabtc.it/es/agencies/md632/estates/609244/images/9001275/gallery_media.jpeg', 'https://cdn-media.medialabtc.it/es/agencies/md632/estates/609244/images/9001261/gallery_media.jpeg', 'https://cdn-media.medialabtc.it/es/agencies/md632/estates/609244/images/9001274/gallery_media.jpeg', 'https://cdn-media.medialabtc.it/es/agencies/md632/estates/609244/images/9001253/gallery_media.jpeg', 'https://cdn-media.medialabtc.it/es/agencies/md632/estates/609244/images/9001257/gallery_media.jpeg', 'https://cdn-media.medialabtc.it/es/agencies/md632/estates/609244/images/9001265/gallery_media.jpeg', 'https://cdn-media.medialabtc.it/es/agencies/md632/estates/609244/images/9001250/gallery_media.jpeg', 'https://cdn-media.medialabtc.it/es/agencies/md632/estates/609244/images/9001263/gallery_media.jpeg', 'https://cdn-media.medialabtc.it/es/agencies/md632/estates/609244/images/9001258/gallery_media.jpeg', 'https://cdn-media.medialabtc.it/es/agencies/md632/estates/609244/images/9001276/gallery_media.jpeg', 'https://cdn-media.medialabtc.it/es/agencies/md632/estates/609244/images/9001259/gallery_media.jpeg', 'https://cdn-media.medialabtc.it/es/agencies/md632/estates/609244/images/9001272/gallery_media.jpeg', 'https://cdn-media.medialabtc.it/es/agencies/md632/estates/609244/images/9001271/gallery_media.jpeg', 'https://cdn-media.medialabtc.it/es/agencies/md632/estates/609244/images/9001273/gallery_media.jpeg', 'https://cdn-media.medialabtc.it/es/agencies/md632/estates/609244/images/9001262/gallery_media.jpeg', 'https://cdn-media.medialabtc.it/es/agencies/md632/estates/609244/images/9001251/gallery_media.jpeg', 'https://cdn-media.medialabtc.it/es/agencies/md632/estates/609244/images/9001268/gallery_media.jpeg', 'https://cdn-media.medialabtc.it/es/agencies/md632/estates/609244/images/9001269/gallery_media.jpeg', 'https://cdn-media.medialabtc.it/es/agencies/md632/estates/609244/images/9001267/gallery_media.jpeg', 'https://cdn-media.medialabtc.it/es/agencies/md632/estates/609244/images/9001260/gallery_media.jpeg', 'https://cdn-media.medialabtc.it/es/agencies/md632/estates/609244/images/9001256/gallery_media.jpeg', 'https://cdn-media.medialabtc.it/es/agencies/md632/estates/609244/images/9001254/gallery_media.jpeg', 'https://cdn-media.medialabtc.it/es/agencies/md632/estates/609244/images/9001264/gallery_media.jpeg', 'https://cdn-media.medialabtc.it/es/agencies/md632/estates/609244/images/9001277/gallery_media.jpeg', 'https://cdn-media.medialabtc.it/es/agencies/md632/estates/609244/images/9001255/gallery_media.jpeg']",0,Desconocido,0,0,0,0,0,C,0,0,"['imagenes_tecnocasa\\anuncio_235\\0.jpeg', 'imagenes_tecnocasa\\anuncio_235\\1.jpeg', 'imagenes_tecnocasa\\anuncio_235\\2.jpeg', 'imagenes_tecnocasa\\anuncio_235\\3.jpeg', 'imagenes_tecnocasa\\anuncio_235\\4.jpeg', 'imagenes_tecnocasa\\anuncio_235\\5.jpeg', 'imagenes_tecnocasa\\anuncio_235\\6.jpeg', 'imagenes_tecnocasa\\anuncio_235\\7.jpeg', 'imagenes_tecnocasa\\anuncio_235\\8.jpeg', 'imagenes_tecnocasa\\anuncio_235\\9.jpeg', 'imagenes_tecnocasa\\anuncio_235\\10.jpeg', 'imagenes_tecnocasa\\anuncio_235\\11.jpeg', 'imagenes_tecnocasa\\anuncio_235\\12.jpeg', 'imagenes_tecnocasa\\anuncio_235\\13.jpeg', 'imagenes_tecnocasa\\anuncio_235\\14.jpeg', 'imagenes_tecnocasa\\anuncio_235\\15.jpeg', 'imagenes_tecnocasa\\anuncio_235\\16.jpeg', 'imagenes_tecnocasa\\anuncio_235\\17.jpeg', 'imagenes_tecnocasa\\anuncio_235\\18.jpeg', 'imagenes_tecnocasa\\anuncio_235\\19.jpeg', 'imagenes_tecnocasa\\anuncio_235\\20.jpeg', 'imagenes_tecnocasa\\anuncio_235\\21.jpeg', 'imagenes_tecnocasa\\anuncio_235\\22.jpeg', 'imagenes_tecnocasa\\anuncio_235\\23.jpeg', 'imagenes_tecnocasa\\anuncio_235\\24.jpeg', 'imagenes_tecnocasa\\anuncio_235\\25.jpeg', 'imagenes_tecnocasa\\anuncio_235\\26.jpeg', 'imagenes_tecnocasa\\anuncio_235\\27.jpeg', 'imagenes_tecnocasa\\anuncio_235\\28.jpeg']",1,Señorial,1982,1,0,0,piso,1,Madrid,"Numancia, Madrid",40.4167047,-3.7035825,235,4040.816326530612,511.0,291.0,0.30517578125,0.4,1.0,0.0,otro,pintura,otro,estándar (2.4-2.8m),nada,3.8,4.6,otro,"['#808080', '#D3D3D3', '#B0B0B0']",regular,False,convencional,normal,ninguno,ninguno,estándar,básica,ninguno,5.6,5.2,ninguna,5
https://www.tecnocasa.es/venta/piso/madrid/madrid/616135.html,290000.0,2,61.0,1,"NMOBILIARIA TECNOCASA BARRIO DEL PILAR-LA VAGUADA VENDE':

Excelente vivienda en Barrio del Pilar, para reformar, muy luminosa, situada frente a CC La Vaguada, y cerca del metro Barrio del Pilar, compuesta de 2 dormitorios, salón, cocina y 1 cuarto de baño.

-No dejes escapar esta oportunidad-

-2 DORMITORIOS
-1 BAÑO
-2 ASCENSORES
-PORTERO FÍSICO
-TRASTERO COMPARTIDO

Con todos los servicios. Colegios, supermercados, bancos, farmacias, centro de salud, CC. La Vaguada. Rodeado de zonas verdes a muy pocos metros.

Muy bien ubicado, se accede a a6 y m30 en 2minutos. Moncloa, autobuses 42,132, 137,147 que comunican la zona con toda la capital. Línea 9 de metro (Barrio del Pilar).

Oportunidad con KÍRON, nuestro servicio de intermediación financiera, podrás encontrar la hipoteca que mejor se adapte a tus necesidades de financiación, valorando todas las ofertas que ofrecen las entidades bancarias de nuestro país con la posibilidad de financiación hasta el 100x100. Realízate un estudio financiero gratuito y sin compromiso.

MAS DE 30 AÑOS DE EXPERIENCIA NOS AVALAN!",1,1,1,1,1,1,0,1,1,1,"['https://cdn-media.medialabtc.it/es/agencies/mdae8/estates/616135/images/8873368/gallery_media.jpeg', 'https://cdn-media.medialabtc.it/es/agencies/mdae8/estates/616135/images/8873370/gallery_media.jpeg', 'https://cdn-media.medialabtc.it/es/agencies/mdae8/estates/616135/images/8873375/gallery_media.jpeg', 'https://cdn-media.medialabtc.it/es/agencies/mdae8/estates/616135/images/8873371/gallery_media.jpeg', 'https://cdn-media.medialabtc.it/es/agencies/mdae8/estates/616135/images/8873372/gallery_media.jpeg', 'https://cdn-media.medialabtc.it/es/agencies/mdae8/estates/616135/images/8873374/gallery_media.jpeg', 'https://cdn-media.medialabtc.it/es/agencies/mdae8/estates/616135/images/8873369/gallery_media.jpeg', 'https://cdn-media.medialabtc.it/es/agencies/mdae8/estates/616135/images/8873365/gallery_media.jpeg', 'https://cdn-media.medialabtc.it/es/agencies/mdae8/estates/616135/images/8873377/gallery_media.jpeg', 'https://cdn-media.medialabtc.it/es/agencies/mdae8/estates/616135/images/8873367/gallery_media.jpeg', 'https://cdn-media.medialabtc.it/es/agencies/mdae8/estates/616135/images/8873373/gallery_media.jpeg', 'https://cdn-media.medialabtc.it/es/agencies/mdae8/estates/616135/images/8873376/gallery_media.jpeg', 'https://cdn-media.medialabtc.it/es/agencies/mdae8/estates/616135/images/8873366/gallery_media.jpeg']",0,Desconocido,0,1,0,0,1,E,0,0,"['imagenes_tecnocasa\\anuncio_237\\0.jpeg', 'imagenes_tecnocasa\\anuncio_237\\1.jpeg', 'imagenes_tecnocasa\\anuncio_237\\2.jpeg', 'imagenes_tecnocasa\\anuncio_237\\3.jpeg', 'imagenes_tecnocasa\\anuncio_237\\4.jpeg', 'imagenes_tecnocasa\\anuncio_237\\5.jpeg', 'imagenes_tecnocasa\\anuncio_237\\6.jpeg', 'imagenes_tecnocasa\\anuncio_237\\7.jpeg', 'imagenes_tecnocasa\\anuncio_237\\8.jpeg', 'imagenes_tecnocasa\\anuncio_237\\9.jpeg', 'imagenes_tecnocasa\\anuncio_237\\10.jpeg', 'imagenes_tecnocasa\\anuncio_237\\11.jpeg', 'imagenes_tecnocasa\\anuncio_237\\12.jpeg']",0,Popular,1968,0,0,1,piso,1,Madrid,"Pilar, Madrid",40.4167047,-3.7035825,237,4754.098360655737,165.0,130.0,0.0,0.0,0.0,0.0,otro,pintura,otro,estándar (2.4-2.8m),nada,1.8,2.0,otro,"['#808080', '#c0c0c0', '#a0a0a0']",regular,False,convencional,otro,ninguno,ninguno,otro,otro,ninguno,6.6,6.8,ninguna,5
https://www.tecnocasa.es/venta/piso/madrid/mostoles/618256.html,339000.0,4,112.0,2,"TECNOCASA ESTORIL II, VENDE: Piso de Centro en la zona de Estoril II. Compuesto por 4 dormitorios y 2 baños, el del pasillo con plato de ducha y el que está en suite con bañera. Cocina reformada con acceso a dormitorio 4. ( Tanto Cocina como Baños reformados hace 4 años ) Suelos en tarima en toda la vivienda, salvo baños y cocina que están en gres. Calefacción individual, Doble ventanas en las estancias exteriores. Terraza cerrada en aluminio blanco. Excelente orientación Muy buena situación y ubicación.


Muy próximo a los diferentes medios de automoción, Hospital, Ambulatorio, Zonas Verdes, Salida a la A5.
Para cualquier duda o consulta póngase en contacto con nosotros o visítenos en calle Pintor Velázquez Nº5.

Si quiere vender su inmueble o quiere saber el precio de mercado, hacemos VALORACIONES TOTALMENTE GRATUITAS y sin compromiso. Estamos especializados en la zona ya que sólo trabajamos una zona concreta y reducida para tener la mayor exactitud dicho precio. '.",1,1,1,1,1,1,1,1,1,1,"['https://cdn-media.medialabtc.it/es/agencies/mdbmd/estates/618256/images/8913562/gallery_media.jpeg', 'https://cdn-media.medialabtc.it/es/agencies/mdbmd/estates/618256/images/8913534/gallery_media.jpeg', 'https://cdn-media.medialabtc.it/es/agencies/mdbmd/estates/618256/images/8913536/gallery_media.jpeg', 'https://cdn-media.medialabtc.it/es/agencies/mdbmd/estates/618256/images/8913527/gallery_media.jpeg', 'https://cdn-media.medialabtc.it/es/agencies/mdbmd/estates/618256/images/8913529/gallery_media.jpeg', 'https://cdn-media.medialabtc.it/es/agencies/mdbmd/estates/618256/images/8913564/gallery_media.jpeg', 'https://cdn-media.medialabtc.it/es/agencies/mdbmd/estates/618256/images/8913566/gallery_media.jpeg', 'https://cdn-media.medialabtc.it/es/agencies/mdbmd/estates/618256/images/8914015/gallery_media.jpeg', 'https://cdn-media.medialabtc.it/es/agencies/mdbmd/estates/618256/images/8913568/gallery_media.jpeg', 'https://cdn-media.medialabtc.it/es/agencies/mdbmd/estates/618256/images/8913565/gallery_media.jpeg', 'https://cdn-media.medialabtc.it/es/agencies/mdbmd/estates/618256/images/8913533/gallery_media.jpeg', 'https://cdn-media.medialabtc.it/es/agencies/mdbmd/estates/618256/images/8913563/gallery_media.jpeg', 'https://cdn-media.medialabtc.it/es/agencies/mdbmd/estates/618256/images/8913567/gallery_media.jpeg', 'https://cdn-media.medialabtc.it/es/agencies/mdbmd/estates/618256/images/8913540/gallery_media.jpeg', 'https://cdn-media.medialabtc.it/es/agencies/mdbmd/estates/618256/images/8913535/gallery_media.jpeg', 'https://cdn-media.medialabtc.it/es/agencies/mdbmd/estates/618256/images/8913541/gallery_media.jpeg', 'https://cdn-media.medialabtc.it/es/agencies/mdbmd/estates/618256/images/8913538/gallery_media.jpeg', 'https://cdn-media.medialabtc.it/es/agencies/mdbmd/estates/618256/images/8913531/gallery_media.jpeg', 'https://cdn-media.medialabtc.it/es/agencies/mdbmd/estates/618256/images/8913528/gallery_media.jpeg', 'https://cdn-media.medialabtc.it/es/agencies/mdbmd/estates/618256/images/8913539/gallery_media.jpeg', 'https://cdn-media.medialabtc.it/es/agencies/mdbmd/estates/618256/images/8913537/gallery_media.jpeg', 'https://cdn-media.medialabtc.it/es/agencies/mdbmd/estates/618256/images/8913530/gallery_media.jpeg', 'https://cdn-media.medialabtc.it/es/agencies/mdbmd/estates/618256/images/8913532/gallery_media.jpeg']",0,Desconocido,0,0,0,1,0,E,0,0,"['imagenes_tecnocasa\\anuncio_238\\0.jpeg', 'imagenes_tecnocasa\\anuncio_238\\1.jpeg', 'imagenes_tecnocasa\\anuncio_238\\2.jpeg', 'imagenes_tecnocasa\\anuncio_238\\3.jpeg', 'imagenes_tecnocasa\\anuncio_238\\4.jpeg', 'imagenes_tecnocasa\\anuncio_238\\5.jpeg', 'imagenes_tecnocasa\\anuncio_238\\6.jpeg', 'imagenes_tecnocasa\\anuncio_238\\7.jpeg', 'imagenes_tecnocasa\\anuncio_238\\8.jpeg', 'imagenes_tecnocasa\\anuncio_238\\9.jpeg', 'imagenes_tecnocasa\\anuncio_238\\10.jpeg', 'imagenes_tecnocasa\\anuncio_238\\11.jpeg', 'imagenes_tecnocasa\\anuncio_238\\12.jpeg', 'imagenes_tecnocasa\\anuncio_238\\13.jpeg', 'imagenes_tecnocasa\\anuncio_238\\14.jpeg', 'imagenes_tecnocasa\\anuncio_238\\15.jpeg', 'imagenes_tecnocasa\\anuncio_238\\16.jpeg', 'imagenes_tecnocasa\\anuncio_238\\17.jpeg', 'imagenes_tecnocasa\\anuncio_238\\18.jpeg', 'imagenes_tecnocasa\\anuncio_238\\19.jpeg', 'imagenes_tecnocasa\\anuncio_238\\20.jpeg', 'imagenes_tecnocasa\\anuncio_238\\21.jpeg', 'imagenes_tecnocasa\\anuncio_238\\22.jpeg']",0,Popular,1977,0,0,1,piso,2,Móstoles,"Universidad, Móstoles",40.3238525,-3.8649214,238,3026.785714285714,161.0,122.0,0.0,0.4,1.0,0.0,cerámica,pintura,otro,estándar (2.4-2.8m),nada,4.4,4.8,convencional,"['#F5F5DC', '#A0522D', '#8B4513']",buena,True,convencional,limitado,ninguno,ninguno,estándar,parcialmente equipada,ninguno,7.0,6.4,ninguna,5
https://www.tecnocasa.es/venta/piso/madrid/madrid/611345.html,370000.0,2,63.0,1,"'INMOBILIARIA TECNOCASA BARRIO DEL PILAR-LA VAGUADA VENDE':

Excelente vivienda en Barrio del Pilar, muy luminosa, situada frente a CC La Vaguada, y junto al metro Barrio del Pilar, compuesta de 2 dormitorios, salón, cocina, 1 cuarto de baño y trastero incluido.

-No dejes escapar esta oportunidad-

-2 DORMITORIOS
-1 BAÑO
-2 ASCENSORES
-PORTERO FÍSICO
-TRASTERO

Con todos los servicios. Colegios, supermercados, bancos, farmacias, centro de salud, CC. La Vaguada. Rodeado de zonas verdes a muy pocos metros.

Muy bien ubicado, se accede a a6 y m30 en 2minutos. Moncloa, autobuses 42,132, 137,147 que comunican la zona con toda la capital. Línea 9 de metro (Barrio del Pilar).

Oportunidad con KÍRON, nuestro servicio de intermediación financiera, podrás encontrar la hipoteca que mejor se adapte a tus necesidades de financiación, valorando todas las ofertas que ofrecen las entidades bancarias de nuestro país con la posibilidad de financiación hasta el 100x100. Realízate un estudio financiero gratuito y sin compromiso.

MAS DE 30 AÑOS DE EXPERIENCIA NOS AVALAN!",1,1,1,1,1,1,0,1,1,1,"['https://cdn-media.medialabtc.it/es/agencies/mdae8/estates/611345/images/8805072/gallery_media.jpeg', 'https://cdn-media.medialabtc.it/es/agencies/mdae8/estates/611345/images/8805085/gallery_media.jpeg', 'https://cdn-media.medialabtc.it/es/agencies/mdae8/estates/611345/images/8805076/gallery_media.jpeg', 'https://cdn-media.medialabtc.it/es/agencies/mdae8/estates/611345/images/8805075/gallery_media.jpeg', 'https://cdn-media.medialabtc.it/es/agencies/mdae8/estates/611345/images/8805080/gallery_media.jpeg', 'https://cdn-media.medialabtc.it/es/agencies/mdae8/estates/611345/images/8805068/gallery_media.jpeg', 'https://cdn-media.medialabtc.it/es/agencies/mdae8/estates/611345/images/8805074/gallery_media.jpeg', 'https://cdn-media.medialabtc.it/es/agencies/mdae8/estates/611345/images/8805077/gallery_media.jpeg', 'https://cdn-media.medialabtc.it/es/agencies/mdae8/estates/611345/images/8805086/gallery_media.jpeg', 'https://cdn-media.medialabtc.it/es/agencies/mdae8/estates/611345/images/8805066/gallery_media.jpeg', 'https://cdn-media.medialabtc.it/es/agencies/mdae8/estates/611345/images/8805078/gallery_media.jpeg', 'https://cdn-media.medialabtc.it/es/agencies/mdae8/estates/611345/images/8805084/gallery_media.jpeg', 'https://cdn-media.medialabtc.it/es/agencies/mdae8/estates/611345/images/8805073/gallery_media.jpeg', 'https://cdn-media.medialabtc.it/es/agencies/mdae8/estates/611345/images/8805079/gallery_media.jpeg', 'https://cdn-media.medialabtc.it/es/agencies/mdae8/estates/611345/images/8805081/gallery_media.jpeg', 'https://cdn-media.medialabtc.it/es/agencies/mdae8/estates/611345/images/8805065/gallery_media.jpeg', 'https://cdn-media.medialabtc.it/es/agencies/mdae8/estates/611345/images/8805070/gallery_media.jpeg', 'https://cdn-media.medialabtc.it/es/agencies/mdae8/estates/611345/images/8805067/gallery_media.jpeg', 'https://cdn-media.medialabtc.it/es/agencies/mdae8/estates/611345/images/8805071/gallery_media.jpeg', 'https://cdn-media.medialabtc.it/es/agencies/mdae8/estates/611345/images/8805082/gallery_media.jpeg']",0,Desconocido,0,1,0,0,1,E,0,0,"['imagenes_tecnocasa\\anuncio_239\\0.jpeg', 'imagenes_tecnocasa\\anuncio_239\\1.jpeg', 'imagenes_tecnocasa\\anuncio_239\\2.jpeg', 'imagenes_tecnocasa\\anuncio_239\\3.jpeg', 'imagenes_tecnocasa\\anuncio_239\\4.jpeg', 'imagenes_tecnocasa\\anuncio_239\\5.jpeg', 'imagenes_tecnocasa\\anuncio_239\\6.jpeg', 'imagenes_tecnocasa\\anuncio_239\\7.jpeg', 'imagenes_tecnocasa\\anuncio_239\\8.jpeg', 'imagenes_tecnocasa\\anuncio_239\\9.jpeg', 'imagenes_tecnocasa\\anuncio_239\\10.jpeg', 'imagenes_tecnocasa\\anuncio_239\\11.jpeg', 'imagenes_tecnocasa\\anuncio_239\\12.jpeg', 'imagenes_tecnocasa\\anuncio_239\\13.jpeg', 'imagenes_tecnocasa\\anuncio_239\\14.jpeg', 'imagenes_tecnocasa\\anuncio_239\\15.jpeg', 'imagenes_tecnocasa\\anuncio_239\\16.jpeg', 'imagenes_tecnocasa\\anuncio_239\\17.jpeg', 'imagenes_tecnocasa\\anuncio_239\\18.jpeg', 'imagenes_tecnocasa\\anuncio_239\\19.jpeg']",0,Popular,1969,0,0,1,piso,1,Madrid,"Pilar, Madrid",40.4167047,-3.7035825,239,5873.015873015873,164.0,130.0,0.0,0.0,0.0,0.0,otro,pintura,corredera,estándar (2.4-2.8m),nada,3.6,3.4,convencional,"['#F2E8CF', '#A0522D', '#D2B48C']",regular,False,convencional,limitado,ninguno,ninguno,estándar,parcialmente equipada,ninguno,7.4,6.8,ninguna,5
https://www.tecnocasa.es/venta/piso/madrid/madrid/614646.html,360000.0,3,79.0,1,"'INMOBILIARIA TECNOCASA BARRIO DEL PILAR-LA VAGUADA VENDE':
MARAVILLOSA VIVIENDA MUY LUMINOSA EN BARRIO DEL PILAR, COMPUESTA DE 3 DORMITORIOS CON ARMARIOS EMPOTRADOS, 1 CUARTO DE BAÑO, COCINA Y TERRAZA. CALEFACCIÓN DE GAS NATURAL. TRASTERO INCLUIDIO
LA VIVIENDA SE ENCUENTRA SITUADA JUNTO A C. C LA VAGUADA Y METRO BARRIO DE EL PILAR (L9)
-3 DORMITORIOS
-1 BAÑO
-2 ASCENSORES NUEVOS
-PORTERO FÍSICO
-TRASTERO


¡NO DEJES ESCAPAR ESTA OPORTUNIDAD!

Con todos los servicios. Colegios, supermercados, bancos, farmacias, centro de salud, zonas verdes y C. C La Vaguada. Metro Barrio del Pilar (línea 9). Líneas de autobuses 42,132, 134,147, 134 y 49. Fácil acceso a m-30 y m-40

¡Oportunidad! con Kíron, nuestro servicio de intermediación financiera, podrás encontrar la hipoteca que mejor se adapte a tus necesidades de financiación, valorando todas las ofertas que ofrecen las entidades bancarias de nuestro país con la posibilidad de financiación hasta 100 x 100, realízate gratis un estudio financiero gratuito y sin compromiso.

¡Más de 30 años de experiencia nos avalan!",1,1,1,1,1,1,0,1,1,1,"['https://cdn-media.medialabtc.it/es/agencies/mdae8/estates/614646/images/8858952/gallery_media.jpeg', 'https://cdn-media.medialabtc.it/es/agencies/mdae8/estates/614646/images/8858935/gallery_media.jpeg', 'https://cdn-media.medialabtc.it/es/agencies/mdae8/estates/614646/images/8858942/gallery_media.jpeg', 'https://cdn-media.medialabtc.it/es/agencies/mdae8/estates/614646/images/8858948/gallery_media.jpeg', 'https://cdn-media.medialabtc.it/es/agencies/mdae8/estates/614646/images/8858941/gallery_media.jpeg', 'https://cdn-media.medialabtc.it/es/agencies/mdae8/estates/614646/images/8858949/gallery_media.jpeg', 'https://cdn-media.medialabtc.it/es/agencies/mdae8/estates/614646/images/8858945/gallery_media.jpeg', 'https://cdn-media.medialabtc.it/es/agencies/mdae8/estates/614646/images/8858940/gallery_media.jpeg', 'https://cdn-media.medialabtc.it/es/agencies/mdae8/estates/614646/images/8858939/gallery_media.jpeg', 'https://cdn-media.medialabtc.it/es/agencies/mdae8/estates/614646/images/8858944/gallery_media.jpeg', 'https://cdn-media.medialabtc.it/es/agencies/mdae8/estates/614646/images/8858947/gallery_media.jpeg', 'https://cdn-media.medialabtc.it/es/agencies/mdae8/estates/614646/images/8858950/gallery_media.jpeg', 'https://cdn-media.medialabtc.it/es/agencies/mdae8/estates/614646/images/8858933/gallery_media.jpeg', 'https://cdn-media.medialabtc.it/es/agencies/mdae8/estates/614646/images/8858932/gallery_media.jpeg', 'https://cdn-media.medialabtc.it/es/agencies/mdae8/estates/614646/images/8858946/gallery_media.jpeg', 'https://cdn-media.medialabtc.it/es/agencies/mdae8/estates/614646/images/8858934/gallery_media.jpeg', 'https://cdn-media.medialabtc.it/es/agencies/mdae8/estates/614646/images/8858937/gallery_media.jpeg', 'https://cdn-media.medialabtc.it/es/agencies/mdae8/estates/614646/images/8858938/gallery_media.jpeg', 'https://cdn-media.medialabtc.it/es/agencies/mdae8/estates/614646/images/8858943/gallery_media.jpeg', 'https://cdn-media.medialabtc.it/es/agencies/mdae8/estates/614646/images/8858936/gallery_media.jpeg', 'https://cdn-media.medialabtc.it/es/agencies/mdae8/estates/614646/images/8858931/gallery_media.jpeg', 'https://cdn-media.medialabtc.it/es/agencies/mdae8/estates/614646/images/8858951/gallery_media.jpeg']",0,Desconocido,0,1,0,1,1,E,0,0,"['imagenes_tecnocasa\\anuncio_240\\0.jpeg', 'imagenes_tecnocasa\\anuncio_240\\1.jpeg', 'imagenes_tecnocasa\\anuncio_240\\2.jpeg', 'imagenes_tecnocasa\\anuncio_240\\3.jpeg', 'imagenes_tecnocasa\\anuncio_240\\4.jpeg', 'imagenes_tecnocasa\\anuncio_240\\5.jpeg', 'imagenes_tecnocasa\\anuncio_240\\6.jpeg', 'imagenes_tecnocasa\\anuncio_240\\7.jpeg', 'imagenes_tecnocasa\\anuncio_240\\8.jpeg', 'imagenes_tecnocasa\\anuncio_240\\9.jpeg', 'imagenes_tecnocasa\\anuncio_240\\10.jpeg', 'imagenes_tecnocasa\\anuncio_240\\11.jpeg', 'imagenes_tecnocasa\\anuncio_240\\12.jpeg', 'imagenes_tecnocasa\\anuncio_240\\13.jpeg', 'imagenes_tecnocasa\\anuncio_240\\14.jpeg', 'imagenes_tecnocasa\\anuncio_240\\15.jpeg', 'imagenes_tecnocasa\\anuncio_240\\16.jpeg', 'imagenes_tecnocasa\\anuncio_240\\17.jpeg', 'imagenes_tecnocasa\\anuncio_240\\18.jpeg', 'imagenes_tecnocasa\\anuncio_240\\19.jpeg', 'imagenes_tecnocasa\\anuncio_240\\20.jpeg', 'imagenes_tecnocasa\\anuncio_240\\21.jpeg']",1,Popular,1969,1,0,1,piso,1,Madrid,"Pilar, Madrid",40.4167047,-3.7035825,240,4556.962025316456,165.0,136.0,0.1953125,0.4,0.0,0.0,otro,pintura,otro,estándar (2.4-2.8m),nada,3.0,3.8,moderno,"['#000000', '#000000', '#000000']",buena,True,otro,otro,ninguno,ninguno,otro,otro,ninguno,8.2,6.8,ninguna,5
https://www.tecnocasa.es/venta/piso/madrid/madrid/617063.html,550000.0,3,124.0,2,"'INMOBILIARIA TECNOCASA BARRIO DEL PILAR-LA VAGUADA VENDE:
MARAVILLOSA VIVIENDA EN RESIDENCIAL ALTAMIRA! Vivienda muy luminosa con excelentes vistas, situada en calle principal junto a C. C La Vaguada y metro Barrio del Pilar, compuesta de 3 dormitorios con armarios empotrados, 2 cuartos de baño, amplio Salón con Terraza y cocina con tendedero. Edificio con calefacción central, 2 ascensores, y portero físico en comunidad. Garaje comunitario en superficie.
-NO DEJES ESCAPAR ESTA OPORTUNIDAD-
-3 DORMITORIOS
-2 BAÑOS
-2 ASCENSORES
-PORTERO FÍSICO
-GARAJE EN SUPERFICIE

Rodeado de zonas verdes, con todos los servicios. Colegios, supermercados, bancos, farmacias, centro de salud y C. C La Vaguada. Metro barrio del pilar (Línea 9). Líneas de autobuses 42,132, 134,147, 134 y 49. Fácil acceso a M-30 y M-40
Oportunidad con KÍRON, nuestro servicio de intermediación financiera, podrás encontrar la hipoteca que mejor se adapte a tus necesidades de financiación, valorando todas las ofertas que ofrecen las entidades bancarias de nuestro país con la posibilidad de financiación hasta el 100x100. Realízate un estudio financiero gratuito y sin compromiso.
¡MÁS DE 30 AÑOS DE EXPERIENCIA NOS AVALAN!",1,1,1,1,1,1,1,1,1,1,"['https://cdn-media.medialabtc.it/es/agencies/mdae8/estates/617063/images/8895211/gallery_media.jpeg', 'https://cdn-media.medialabtc.it/es/agencies/mdae8/estates/617063/images/8895206/gallery_media.jpeg', 'https://cdn-media.medialabtc.it/es/agencies/mdae8/estates/617063/images/8895212/gallery_media.jpeg', 'https://cdn-media.medialabtc.it/es/agencies/mdae8/estates/617063/images/8895204/gallery_media.jpeg', 'https://cdn-media.medialabtc.it/es/agencies/mdae8/estates/617063/images/8895177/gallery_media.jpeg', 'https://cdn-media.medialabtc.it/es/agencies/mdae8/estates/617063/images/8895207/gallery_media.jpeg', 'https://cdn-media.medialabtc.it/es/agencies/mdae8/estates/617063/images/8895208/gallery_media.jpeg', 'https://cdn-media.medialabtc.it/es/agencies/mdae8/estates/617063/images/8895210/gallery_media.jpeg', 'https://cdn-media.medialabtc.it/es/agencies/mdae8/estates/617063/images/8895205/gallery_media.jpeg', 'https://cdn-media.medialabtc.it/es/agencies/mdae8/estates/617063/images/8895209/gallery_media.jpeg', 'https://cdn-media.medialabtc.it/es/agencies/mdae8/estates/617063/images/8895203/gallery_media.jpeg', 'https://cdn-media.medialabtc.it/es/agencies/mdae8/estates/617063/images/8895179/gallery_media.jpeg', 'https://cdn-media.medialabtc.it/es/agencies/mdae8/estates/617063/images/8895213/gallery_media.jpeg', 'https://cdn-media.medialabtc.it/es/agencies/mdae8/estates/617063/images/8895202/gallery_media.jpeg', 'https://cdn-media.medialabtc.it/es/agencies/mdae8/estates/617063/images/8895181/gallery_media.jpeg', 'https://cdn-media.medialabtc.it/es/agencies/mdae8/estates/617063/images/8895214/gallery_media.jpeg', 'https://cdn-media.medialabtc.it/es/agencies/mdae8/estates/617063/images/8895175/gallery_media.jpeg', 'https://cdn-media.medialabtc.it/es/agencies/mdae8/estates/617063/images/8895174/gallery_media.jpeg', 'https://cdn-media.medialabtc.it/es/agencies/mdae8/estates/617063/images/8895176/gallery_media.jpeg', 'https://cdn-media.medialabtc.it/es/agencies/mdae8/estates/617063/images/8895178/gallery_media.jpeg']",0,Desconocido,1,0,0,1,1,E,0,0,"['imagenes_tecnocasa\\anuncio_241\\0.jpeg', 'imagenes_tecnocasa\\anuncio_241\\1.jpeg', 'imagenes_tecnocasa\\anuncio_241\\2.jpeg', 'imagenes_tecnocasa\\anuncio_241\\3.jpeg', 'imagenes_tecnocasa\\anuncio_241\\4.jpeg', 'imagenes_tecnocasa\\anuncio_241\\5.jpeg', 'imagenes_tecnocasa\\anuncio_241\\6.jpeg', 'imagenes_tecnocasa\\anuncio_241\\7.jpeg', 'imagenes_tecnocasa\\anuncio_241\\8.jpeg', 'imagenes_tecnocasa\\anuncio_241\\9.jpeg', 'imagenes_tecnocasa\\anuncio_241\\10.jpeg', 'imagenes_tecnocasa\\anuncio_241\\11.jpeg', 'imagenes_tecnocasa\\anuncio_241\\12.jpeg', 'imagenes_tecnocasa\\anuncio_241\\13.jpeg', 'imagenes_tecnocasa\\anuncio_241\\14.jpeg', 'imagenes_tecnocasa\\anuncio_241\\15.jpeg', 'imagenes_tecnocasa\\anuncio_241\\16.jpeg', 'imagenes_tecnocasa\\anuncio_241\\17.jpeg', 'imagenes_tecnocasa\\anuncio_241\\18.jpeg', 'imagenes_tecnocasa\\anuncio_241\\19.jpeg']",0,Media,1975,0,0,1,piso,1,Madrid,"Pilar, Madrid",40.4167047,-3.7035825,241,4435.4838709677415,180.0,143.0,0.0,0.25,1.0,0.0,otro,pintura,corredera,estándar (2.4-2.8m),nada,4.0,4.0,convencional,"['#A0522D', '#D3D3D3', '#808080']",buena,False,convencional,limitado,ninguno,ninguno,estándar,básica,ninguno,7.4,6.4,ninguna,5
https://www.tecnocasa.es/venta/piso/madrid/navalcarnero/618935.html,149900.0,3,93.0,1,"Agencia inmobiliaria de Navalcarnero
PISO EN ZONA LA ESTACION PARA ENTRAR A VIVIR de 93 m2 segun catastro
Compuesto por:
Tres amplios dormitorios, un cuarto de baño completo con ducha, amplio salon con terraza y cocina amueblada.
Excelentes calidades: ventanas en climalit, puertas de roble y acristalamiento en la terraza.
El piso se encuentra enclavado en la zona de la estacion, estando proximo a zonas verdes y solo 5 minutos andando del centro.
La zona de la estacion se encuentra excelentemente situada, con buen acceso tanto a la autovia como al centro del municipio. Navalcarnero cuenta con todos los servicios tales como farmacias, supermercados, excelentes colegios, zonas verdes, comercios, centro medico, asimismo, se encuentra a menos de 10 minutos en coche del hospital mas cercano.
En el caso de que necesite financiación, disponemos de un departamento financiero que estará encantado de atenderle y facilitarle la mejor financiacion del mercado, con una cuota para esta vivienda desde 437 €(consultar condiciones).",0,0,1,1,0,1,0,1,0,1,"['https://cdn-media.medialabtc.it/es/agencies/md590/estates/618935/images/9000290/gallery_media.jpeg', 'https://cdn-media.medialabtc.it/es/agencies/md590/estates/618935/images/9000277/gallery_media.jpeg', 'https://cdn-media.medialabtc.it/es/agencies/md590/estates/618935/images/9000276/gallery_media.jpeg', 'https://cdn-media.medialabtc.it/es/agencies/md590/estates/618935/images/9000292/gallery_media.jpeg', 'https://cdn-media.medialabtc.it/es/agencies/md590/estates/618935/images/9000278/gallery_media.jpeg', 'https://cdn-media.medialabtc.it/es/agencies/md590/estates/618935/images/9000289/gallery_media.jpeg', 'https://cdn-media.medialabtc.it/es/agencies/md590/estates/618935/images/9000287/gallery_media.jpeg', 'https://cdn-media.medialabtc.it/es/agencies/md590/estates/618935/images/9000293/gallery_media.jpeg', 'https://cdn-media.medialabtc.it/es/agencies/md590/estates/618935/images/9000275/gallery_media.jpeg', 'https://cdn-media.medialabtc.it/es/agencies/md590/estates/618935/images/9000279/gallery_media.jpeg', 'https://cdn-media.medialabtc.it/es/agencies/md590/estates/618935/images/9000285/gallery_media.jpeg', 'https://cdn-media.medialabtc.it/es/agencies/md590/estates/618935/images/9000284/gallery_media.jpeg', 'https://cdn-media.medialabtc.it/es/agencies/md590/estates/618935/images/9000288/gallery_media.jpeg', 'https://cdn-media.medialabtc.it/es/agencies/md590/estates/618935/images/9000281/gallery_media.jpeg', 'https://cdn-media.medialabtc.it/es/agencies/md590/estates/618935/images/9000291/gallery_media.jpeg', 'https://cdn-media.medialabtc.it/es/agencies/md590/estates/618935/images/9000295/gallery_media.jpeg', 'https://cdn-media.medialabtc.it/es/agencies/md590/estates/618935/images/9000294/gallery_media.jpeg', 'https://cdn-media.medialabtc.it/es/agencies/md590/estates/618935/images/9001897/gallery_media.jpeg', 'https://cdn-media.medialabtc.it/es/agencies/md590/estates/618935/images/9000283/gallery_media.jpeg', 'https://cdn-media.medialabtc.it/es/agencies/md590/estates/618935/images/9000298/gallery_media.jpeg', 'https://cdn-media.medialabtc.it/es/agencies/md590/estates/618935/images/9001898/gallery_media.jpeg', 'https://cdn-media.medialabtc.it/es/agencies/md590/estates/618935/images/9000280/gallery_media.jpeg', 'https://cdn-media.medialabtc.it/es/agencies/md590/estates/618935/images/9000297/gallery_media.jpeg', 'https://cdn-media.medialabtc.it/es/agencies/md590/estates/618935/images/9000286/gallery_media.jpeg', 'https://cdn-media.medialabtc.it/es/agencies/md590/estates/618935/images/9000296/gallery_media.jpeg', 'https://cdn-media.medialabtc.it/es/agencies/md590/estates/618935/images/9000282/gallery_media.jpeg']",0,Desconocido,0,0,0,1,0,Desconocida,0,0,"['imagenes_tecnocasa\\anuncio_242\\0.jpeg', 'imagenes_tecnocasa\\anuncio_242\\1.jpeg', 'imagenes_tecnocasa\\anuncio_242\\2.jpeg', 'imagenes_tecnocasa\\anuncio_242\\3.jpeg', 'imagenes_tecnocasa\\anuncio_242\\4.jpeg', 'imagenes_tecnocasa\\anuncio_242\\5.jpeg', 'imagenes_tecnocasa\\anuncio_242\\6.jpeg', 'imagenes_tecnocasa\\anuncio_242\\7.jpeg', 'imagenes_tecnocasa\\anuncio_242\\8.jpeg', 'imagenes_tecnocasa\\anuncio_242\\9.jpeg', 'imagenes_tecnocasa\\anuncio_242\\10.jpeg', 'imagenes_tecnocasa\\anuncio_242\\11.jpeg', 'imagenes_tecnocasa\\anuncio_242\\12.jpeg', 'imagenes_tecnocasa\\anuncio_242\\13.jpeg', 'imagenes_tecnocasa\\anuncio_242\\14.jpeg', 'imagenes_tecnocasa\\anuncio_242\\15.jpeg', 'imagenes_tecnocasa\\anuncio_242\\16.jpeg', 'imagenes_tecnocasa\\anuncio_242\\17.jpeg', 'imagenes_tecnocasa\\anuncio_242\\18.jpeg', 'imagenes_tecnocasa\\anuncio_242\\19.jpeg', 'imagenes_tecnocasa\\anuncio_242\\20.jpeg', 'imagenes_tecnocasa\\anuncio_242\\21.jpeg', 'imagenes_tecnocasa\\anuncio_242\\22.jpeg', 'imagenes_tecnocasa\\anuncio_242\\23.jpeg', 'imagenes_tecnocasa\\anuncio_242\\24.jpeg', 'imagenes_tecnocasa\\anuncio_242\\25.jpeg']",1,Señorial,1975,1,0,0,piso,2,Navalcarnero,Navalcarnero,40.2877169,-4.014299,242,1611.8279569892472,159.0,118.0,0.0,0.0,1.0,0.0,otro,pintura,corredera,estándar (2.4-2.8m),nada,3.6,3.4,convencional,"['#F2F2F2', '#C0C0C0', '#A0522D']",regular,False,convencional,limitado,ninguno,ninguno,estándar,básica,ninguno,6.0,6.2,ninguna,5
https://www.tecnocasa.es/venta/piso/madrid/madrid/618638.html,363000.0,5,123.0,2,"Agencia inmobiliaria de MADRID zona OPORTO - OPAÑEL - ABRANTES Oficina Tecnocasa de MADRID VENDE

Descubre este amplio y luminoso piso en una de las calles principales de Opañel. Con 100 m² utiles, este Duplex cuenta con 5 dormitorios, uno de los dormitorios cuenta con un pequeño balcon, un salón acogedor, cocina equipada con una pequeña despensa y dos baños, ofreciendo un espacio perfecto para disfrutar en familia.

Ubicado en una finca tranquila, este piso es totalmente exterior y muy cercano a la estacion de metro de Oporto. La calefacción individual de gas natural garantiza un ambiente cálido y confortable durante todo el año. La zona es muy tranquila, pero a la vez cuenta con excelente comunicación, ya que se encuentra a escasos metros de la parada de metro de Opañel (Línea 6) y a solo 500 metros de Oporto (Líneas 6 y 5), además de varias líneas de autobús.

Si quieres concertar una visita no dudes en contactarnos donde además de ver la vivienda podremos informarte de las condiciones hipotecarias actuales gracias a nuestros compañeros de Kíron.",1,1,1,1,1,1,0,1,1,1,"['https://cdn-media.medialabtc.it/es/agencies/mdab1/estates/618638/images/8929960/gallery_media.jpeg', 'https://cdn-media.medialabtc.it/es/agencies/mdab1/estates/618638/images/8929980/gallery_media.jpeg', 'https://cdn-media.medialabtc.it/es/agencies/mdab1/estates/618638/images/8929956/gallery_media.jpeg', 'https://cdn-media.medialabtc.it/es/agencies/mdab1/estates/618638/images/8929977/gallery_media.jpeg', 'https://cdn-media.medialabtc.it/es/agencies/mdab1/estates/618638/images/8929961/gallery_media.jpeg', 'https://cdn-media.medialabtc.it/es/agencies/mdab1/estates/618638/images/8930397/gallery_media.jpeg', 'https://cdn-media.medialabtc.it/es/agencies/mdab1/estates/618638/images/8930398/gallery_media.jpeg', 'https://cdn-media.medialabtc.it/es/agencies/mdab1/estates/618638/images/8929959/gallery_media.jpeg', 'https://cdn-media.medialabtc.it/es/agencies/mdab1/estates/618638/images/8929964/gallery_media.jpeg', 'https://cdn-media.medialabtc.it/es/agencies/mdab1/estates/618638/images/8929975/gallery_media.jpeg', 'https://cdn-media.medialabtc.it/es/agencies/mdab1/estates/618638/images/8929954/gallery_media.jpeg', 'https://cdn-media.medialabtc.it/es/agencies/mdab1/estates/618638/images/8929965/gallery_media.jpeg', 'https://cdn-media.medialabtc.it/es/agencies/mdab1/estates/618638/images/8929974/gallery_media.jpeg', 'https://cdn-media.medialabtc.it/es/agencies/mdab1/estates/618638/images/8929979/gallery_media.jpeg', 'https://cdn-media.medialabtc.it/es/agencies/mdab1/estates/618638/images/8929963/gallery_media.jpeg', 'https://cdn-media.medialabtc.it/es/agencies/mdab1/estates/618638/images/8930399/gallery_media.jpeg', 'https://cdn-media.medialabtc.it/es/agencies/mdab1/estates/618638/images/8929794/gallery_media.jpeg', 'https://cdn-media.medialabtc.it/es/agencies/mdab1/estates/618638/images/8929976/gallery_media.jpeg', 'https://cdn-media.medialabtc.it/es/agencies/mdab1/estates/618638/images/8929978/gallery_media.jpeg', 'https://cdn-media.medialabtc.it/es/agencies/mdab1/estates/618638/images/8929969/gallery_media.jpeg', 'https://cdn-media.medialabtc.it/es/agencies/mdab1/estates/618638/images/8929970/gallery_media.jpeg', 'https://cdn-media.medialabtc.it/es/agencies/mdab1/estates/618638/images/8929958/gallery_media.jpeg', 'https://cdn-media.medialabtc.it/es/agencies/mdab1/estates/618638/images/8929973/gallery_media.jpeg', 'https://cdn-media.medialabtc.it/es/agencies/mdab1/estates/618638/images/8929972/gallery_media.jpeg', 'https://cdn-media.medialabtc.it/es/agencies/mdab1/estates/618638/images/8929955/gallery_media.jpeg', 'https://cdn-media.medialabtc.it/es/agencies/mdab1/estates/618638/images/8929971/gallery_media.jpeg', 'https://cdn-media.medialabtc.it/es/agencies/mdab1/estates/618638/images/8929953/gallery_media.jpeg', 'https://cdn-media.medialabtc.it/es/agencies/mdab1/estates/618638/images/8929981/gallery_media.jpeg', 'https://cdn-media.medialabtc.it/es/agencies/mdab1/estates/618638/images/8929968/gallery_media.jpeg']",0,Desconocido,0,0,0,1,0,E,0,0,"['imagenes_tecnocasa\\anuncio_243\\0.jpeg', 'imagenes_tecnocasa\\anuncio_243\\1.jpeg', 'imagenes_tecnocasa\\anuncio_243\\2.jpeg', 'imagenes_tecnocasa\\anuncio_243\\3.jpeg', 'imagenes_tecnocasa\\anuncio_243\\4.jpeg', 'imagenes_tecnocasa\\anuncio_243\\5.jpeg', 'imagenes_tecnocasa\\anuncio_243\\6.jpeg', 'imagenes_tecnocasa\\anuncio_243\\7.jpeg', 'imagenes_tecnocasa\\anuncio_243\\8.jpeg', 'imagenes_tecnocasa\\anuncio_243\\9.jpeg', 'imagenes_tecnocasa\\anuncio_243\\10.jpeg', 'imagenes_tecnocasa\\anuncio_243\\11.jpeg', 'imagenes_tecnocasa\\anuncio_243\\12.jpeg', 'imagenes_tecnocasa\\anuncio_243\\13.jpeg', 'imagenes_tecnocasa\\anuncio_243\\14.jpeg', 'imagenes_tecnocasa\\anuncio_243\\15.jpeg', 'imagenes_tecnocasa\\anuncio_243\\16.jpeg', 'imagenes_tecnocasa\\anuncio_243\\17.jpeg', 'imagenes_tecnocasa\\anuncio_243\\18.jpeg', 'imagenes_tecnocasa\\anuncio_243\\19.jpeg', 'imagenes_tecnocasa\\anuncio_243\\20.jpeg', 'imagenes_tecnocasa\\anuncio_243\\21.jpeg', 'imagenes_tecnocasa\\anuncio_243\\22.jpeg', 'imagenes_tecnocasa\\anuncio_243\\23.jpeg', 'imagenes_tecnocasa\\anuncio_243\\24.jpeg', 'imagenes_tecnocasa\\anuncio_243\\25.jpeg', 'imagenes_tecnocasa\\anuncio_243\\26.jpeg', 'imagenes_tecnocasa\\anuncio_243\\27.jpeg', 'imagenes_tecnocasa\\anuncio_243\\28.jpeg']",1,Popular,1957,1,0,0,piso,1,Madrid,"Opañel - San Isidro, Madrid",40.4167047,-3.7035825,243,2951.2195121951218,178.0,122.0,0.05,0.4,2.0,0.0,cerámica,pintura,corredera,estándar (2.4-2.8m),nada,3.6,3.0,convencional,"['#F5F5DC', '#FFF8DC', '#FAEBD7']",regular,False,convencional,normal,ninguno,ninguno,estándar,básica,ninguno,6.2,6.4,ninguna,5
https://www.tecnocasa.es/venta/piso/madrid/madrid/620243.html,259000.0,2,59.0,1,"EN VENTA-- Descubre este amplio y luminoso piso en una de las calles principales del barrio de Opañel. Con 60 m², esta vivienda cuenta con 2 dormitorios, un salón acogedor con salida a una luminosa terraza, cocina equipada con salida a una segunda terraza cerrada y baño con plato de ducha, ofreciendo un espacio perfecto y totalmente reformado para disfrutar en familia.

Ubicado en una finca tranquila, este piso es totalmente exterior y ofrece vistas agradables. La orientación garantiza un ambiente cálido y confortable durante todo el año. La zona es muy tranquila, pero a la vez cuenta con excelente comunicación, ya que se encuentra a escasos metros de la parada de metro de Opañel (Línea 6) y a solo 400 metros de Plaza Elíptica (Líneas 6 y 11), además de varias líneas de autobús.

Si quieres concertar una visita no dudes en contactarnos donde además de ver la vivienda podremos informarte de las condiciones hipotecarias actuales gracias a nuestros compañeros de Kíron.",1,1,1,1,1,1,0,1,1,1,"['https://cdn-media.medialabtc.it/es/agencies/mdab1/estates/620243/images/8959073/gallery_media.jpeg', 'https://cdn-media.medialabtc.it/es/agencies/mdab1/estates/620243/images/8959041/gallery_media.jpeg', 'https://cdn-media.medialabtc.it/es/agencies/mdab1/estates/620243/images/8959058/gallery_media.jpeg', 'https://cdn-media.medialabtc.it/es/agencies/mdab1/estates/620243/images/8959063/gallery_media.jpeg', 'https://cdn-media.medialabtc.it/es/agencies/mdab1/estates/620243/images/8959074/gallery_media.jpeg', 'https://cdn-media.medialabtc.it/es/agencies/mdab1/estates/620243/images/8959069/gallery_media.jpeg', 'https://cdn-media.medialabtc.it/es/agencies/mdab1/estates/620243/images/8959068/gallery_media.jpeg', 'https://cdn-media.medialabtc.it/es/agencies/mdab1/estates/620243/images/8959064/gallery_media.jpeg', 'https://cdn-media.medialabtc.it/es/agencies/mdab1/estates/620243/images/8959062/gallery_media.jpeg', 'https://cdn-media.medialabtc.it/es/agencies/mdab1/estates/620243/images/8959059/gallery_media.jpeg', 'https://cdn-media.medialabtc.it/es/agencies/mdab1/estates/620243/images/8959072/gallery_media.jpeg', 'https://cdn-media.medialabtc.it/es/agencies/mdab1/estates/620243/images/8959067/gallery_media.jpeg', 'https://cdn-media.medialabtc.it/es/agencies/mdab1/estates/620243/images/8959071/gallery_media.jpeg', 'https://cdn-media.medialabtc.it/es/agencies/mdab1/estates/620243/images/8959040/gallery_media.jpeg', 'https://cdn-media.medialabtc.it/es/agencies/mdab1/estates/620243/images/8959066/gallery_media.jpeg', 'https://cdn-media.medialabtc.it/es/agencies/mdab1/estates/620243/images/8959065/gallery_media.jpeg', 'https://cdn-media.medialabtc.it/es/agencies/mdab1/estates/620243/images/8959056/gallery_media.jpeg', 'https://cdn-media.medialabtc.it/es/agencies/mdab1/estates/620243/images/8959057/gallery_media.jpeg', 'https://cdn-media.medialabtc.it/es/agencies/mdab1/estates/620243/images/8959070/gallery_media.jpeg']",1,Reformado,0,0,0,1,0,E,0,0,"['imagenes_tecnocasa\\anuncio_244\\0.jpeg', 'imagenes_tecnocasa\\anuncio_244\\1.jpeg', 'imagenes_tecnocasa\\anuncio_244\\2.jpeg', 'imagenes_tecnocasa\\anuncio_244\\3.jpeg', 'imagenes_tecnocasa\\anuncio_244\\4.jpeg', 'imagenes_tecnocasa\\anuncio_244\\5.jpeg', 'imagenes_tecnocasa\\anuncio_244\\6.jpeg', 'imagenes_tecnocasa\\anuncio_244\\7.jpeg', 'imagenes_tecnocasa\\anuncio_244\\8.jpeg', 'imagenes_tecnocasa\\anuncio_244\\9.jpeg', 'imagenes_tecnocasa\\anuncio_244\\10.jpeg', 'imagenes_tecnocasa\\anuncio_244\\11.jpeg', 'imagenes_tecnocasa\\anuncio_244\\12.jpeg', 'imagenes_tecnocasa\\anuncio_244\\13.jpeg', 'imagenes_tecnocasa\\anuncio_244\\14.jpeg', 'imagenes_tecnocasa\\anuncio_244\\15.jpeg', 'imagenes_tecnocasa\\anuncio_244\\16.jpeg', 'imagenes_tecnocasa\\anuncio_244\\17.jpeg', 'imagenes_tecnocasa\\anuncio_244\\18.jpeg']",1,Popular,1968,1,0,0,piso,2,Madrid,"Opañel - San Isidro, Madrid",40.4167047,-3.7035825,244,4389.830508474576,163.0,114.0,0.0,0.0,3.0,0.0,parquet,pintura,corredera,estándar (2.4-2.8m),nada,4.4,5.4,convencional,"['#F2F2F2', '#FFFFFF', '#D3D3D3']",buena,True,convencional,limitado,ninguno,ninguno,estándar,básica,ninguno,7.2,6.2,ninguna,5
https://www.tecnocasa.es/venta/piso/madrid/madrid/619807.html,268000.0,3,63.0,1,"EN VENTA-- Descubre este amplio y luminoso piso amueblado en una de las calles principales de Opañel. Con 65 m², esta vivienda cuenta con 3 dormitorios, un salón acogedor, cocina equipada y baño con plato de ducha, ofreciendo un espacio perfecto y totalmente reformado para disfrutar en familia.

Ubicado en una finca tranquila, este piso es totalmente exterior y ofrece vistas agradables. La orientación garantiza un ambiente cálido y confortable durante todo el año. La zona es muy tranquila, pero a la vez cuenta con excelente comunicación, ya que se encuentra a escasos metros de la parada de metro de Opañel (Línea 6) y a solo 400 metros de Plaza Elíptica (Líneas 6 y 11), además de varias líneas de autobús.

Si quieres concertar una visita no dudes en contactarnos donde además de ver la vivienda podremos informarte de las condiciones hipotecarias actuales gracias a nuestros compañeros de Kíron.",1,1,1,1,1,1,0,1,1,1,"['https://cdn-media.medialabtc.it/es/agencies/mdab1/estates/619807/images/8957756/gallery_media.jpeg', 'https://cdn-media.medialabtc.it/es/agencies/mdab1/estates/619807/images/8957759/gallery_media.jpeg', 'https://cdn-media.medialabtc.it/es/agencies/mdab1/estates/619807/images/8957768/gallery_media.jpeg', 'https://cdn-media.medialabtc.it/es/agencies/mdab1/estates/619807/images/8957754/gallery_media.jpeg', 'https://cdn-media.medialabtc.it/es/agencies/mdab1/estates/619807/images/8968394/gallery_media.jpeg', 'https://cdn-media.medialabtc.it/es/agencies/mdab1/estates/619807/images/8957757/gallery_media.jpeg', 'https://cdn-media.medialabtc.it/es/agencies/mdab1/estates/619807/images/8968396/gallery_media.jpeg', 'https://cdn-media.medialabtc.it/es/agencies/mdab1/estates/619807/images/8957763/gallery_media.jpeg', 'https://cdn-media.medialabtc.it/es/agencies/mdab1/estates/619807/images/8957766/gallery_media.jpeg', 'https://cdn-media.medialabtc.it/es/agencies/mdab1/estates/619807/images/8957760/gallery_media.jpeg', 'https://cdn-media.medialabtc.it/es/agencies/mdab1/estates/619807/images/8957755/gallery_media.jpeg', 'https://cdn-media.medialabtc.it/es/agencies/mdab1/estates/619807/images/8957764/gallery_media.jpeg', 'https://cdn-media.medialabtc.it/es/agencies/mdab1/estates/619807/images/8957761/gallery_media.jpeg', 'https://cdn-media.medialabtc.it/es/agencies/mdab1/estates/619807/images/8957753/gallery_media.jpeg', 'https://cdn-media.medialabtc.it/es/agencies/mdab1/estates/619807/images/8957767/gallery_media.jpeg', 'https://cdn-media.medialabtc.it/es/agencies/mdab1/estates/619807/images/8957765/gallery_media.jpeg', 'https://cdn-media.medialabtc.it/es/agencies/mdab1/estates/619807/images/8968395/gallery_media.jpeg', 'https://cdn-media.medialabtc.it/es/agencies/mdab1/estates/619807/images/8968398/gallery_media.jpeg', 'https://cdn-media.medialabtc.it/es/agencies/mdab1/estates/619807/images/8957758/gallery_media.jpeg', 'https://cdn-media.medialabtc.it/es/agencies/mdab1/estates/619807/images/8968397/gallery_media.jpeg', 'https://cdn-media.medialabtc.it/es/agencies/mdab1/estates/619807/images/8957762/gallery_media.jpeg']",1,Reformado,0,0,0,0,0,E,1,0,"['imagenes_tecnocasa\\anuncio_245\\0.jpeg', 'imagenes_tecnocasa\\anuncio_245\\1.jpeg', 'imagenes_tecnocasa\\anuncio_245\\2.jpeg', 'imagenes_tecnocasa\\anuncio_245\\3.jpeg', 'imagenes_tecnocasa\\anuncio_245\\4.jpeg', 'imagenes_tecnocasa\\anuncio_245\\5.jpeg', 'imagenes_tecnocasa\\anuncio_245\\6.jpeg', 'imagenes_tecnocasa\\anuncio_245\\7.jpeg', 'imagenes_tecnocasa\\anuncio_245\\8.jpeg', 'imagenes_tecnocasa\\anuncio_245\\9.jpeg', 'imagenes_tecnocasa\\anuncio_245\\10.jpeg', 'imagenes_tecnocasa\\anuncio_245\\11.jpeg', 'imagenes_tecnocasa\\anuncio_245\\12.jpeg', 'imagenes_tecnocasa\\anuncio_245\\13.jpeg', 'imagenes_tecnocasa\\anuncio_245\\14.jpeg', 'imagenes_tecnocasa\\anuncio_245\\15.jpeg', 'imagenes_tecnocasa\\anuncio_245\\16.jpeg', 'imagenes_tecnocasa\\anuncio_245\\17.jpeg', 'imagenes_tecnocasa\\anuncio_245\\18.jpeg', 'imagenes_tecnocasa\\anuncio_245\\19.jpeg', 'imagenes_tecnocasa\\anuncio_245\\20.jpeg']",0,Popular,1955,0,0,0,piso,1,Madrid,"Opañel - San Isidro, Madrid",40.4167047,-3.7035825,245,4253.9682539682535,149.0,107.0,0.0,0.0,3.0,0.0,vinilo,pintura,corredera,estándar (2.4-2.8m),nada,4.0,5.2,convencional,"['#F5F5DC', '#FFE4C4', '#A0522D']",buena,False,convencional,limitado,ninguno,ninguno,estándar,básica,ninguno,7.0,6.2,ninguna,5
https://www.tecnocasa.es/venta/piso/madrid/alcorcon/613518.html,395000.0,4,186.0,2,"Agencia inmobiliaria en ALCORCÓN – Zona ALCORCÓN CENTRO – AYUNTAMIENTO – Tecnocasa Estudio Ciudad de Alcorcón .
Piso en venta – Calle Mayor, Alcorcón
Te ofrecemos esta excelente oportunidad en una de las zonas más demandadas de Alcorcón: La Calle Mayor, a pocos pasos del Ayuntamiento y en pleno centro de la ciudad.
Características de la vivienda:
Cuenta con un amplio salón independiente con acceso a una terraza abierta, dos baños con bañera, y una estancia habilitada para la cocina (actualmente utilizada como recibidor con acceso a una terraza acristalada). Entre sus características destacan su suelo de parquet, puertas de madera, calefacción centraly ascensor, además de acceso a la azotea del edificio.

Alquilado hasta 2030 – Actualmente funciona como una clínica ocular, generando una rentabilidad de 1.400 €/mes, lo que lo convierte en una excelente opción de inversión.
Excelente comunicación: A pocos minutos de líneas de autobús urbanas e interurbanas, Metrosur y RENFE.
Zona con todos los servicios: Cerca de colegios, centro de salud, hospital, comercios y supermercados.
No pierdas la oportunidad de invertir en una zona céntrica y con alta rentabilidad. ¡Contáctanos y agenda tu visita!",1,1,1,1,1,1,1,1,1,1,"['https://cdn-media.medialabtc.it/es/agencies/mdav9/estates/613518/images/8817286/gallery_media.jpeg', 'https://cdn-media.medialabtc.it/es/agencies/mdav9/estates/613518/images/8824274/gallery_media.jpeg', 'https://cdn-media.medialabtc.it/es/agencies/mdav9/estates/613518/images/8824275/gallery_media.jpeg', 'https://cdn-media.medialabtc.it/es/agencies/mdav9/estates/613518/images/8817221/gallery_media.jpeg', 'https://cdn-media.medialabtc.it/es/agencies/mdav9/estates/613518/images/8817288/gallery_media.jpeg', 'https://cdn-media.medialabtc.it/es/agencies/mdav9/estates/613518/images/8817210/gallery_media.jpeg', 'https://cdn-media.medialabtc.it/es/agencies/mdav9/estates/613518/images/8817290/gallery_media.jpeg', 'https://cdn-media.medialabtc.it/es/agencies/mdav9/estates/613518/images/8817292/gallery_media.jpeg', 'https://cdn-media.medialabtc.it/es/agencies/mdav9/estates/613518/images/8824276/gallery_media.jpeg', 'https://cdn-media.medialabtc.it/es/agencies/mdav9/estates/613518/images/8817285/gallery_media.jpeg', 'https://cdn-media.medialabtc.it/es/agencies/mdav9/estates/613518/images/8817289/gallery_media.jpeg', 'https://cdn-media.medialabtc.it/es/agencies/mdav9/estates/613518/images/8817214/gallery_media.jpeg', 'https://cdn-media.medialabtc.it/es/agencies/mdav9/estates/613518/images/8817212/gallery_media.jpeg', 'https://cdn-media.medialabtc.it/es/agencies/mdav9/estates/613518/images/8817282/gallery_media.jpeg', 'https://cdn-media.medialabtc.it/es/agencies/mdav9/estates/613518/images/8817219/gallery_media.jpeg', 'https://cdn-media.medialabtc.it/es/agencies/mdav9/estates/613518/images/8817295/gallery_media.jpeg', 'https://cdn-media.medialabtc.it/es/agencies/mdav9/estates/613518/images/8817213/gallery_media.jpeg', 'https://cdn-media.medialabtc.it/es/agencies/mdav9/estates/613518/images/8824277/gallery_media.jpeg', 'https://cdn-media.medialabtc.it/es/agencies/mdav9/estates/613518/images/8817297/gallery_media.jpeg', 'https://cdn-media.medialabtc.it/es/agencies/mdav9/estates/613518/images/8817220/gallery_media.jpeg', 'https://cdn-media.medialabtc.it/es/agencies/mdav9/estates/613518/images/8817208/gallery_media.jpeg', 'https://cdn-media.medialabtc.it/es/agencies/mdav9/estates/613518/images/8817283/gallery_media.jpeg', 'https://cdn-media.medialabtc.it/es/agencies/mdav9/estates/613518/images/8817215/gallery_media.jpeg', 'https://cdn-media.medialabtc.it/es/agencies/mdav9/estates/613518/images/8817218/gallery_media.jpeg', 'https://cdn-media.medialabtc.it/es/agencies/mdav9/estates/613518/images/8817216/gallery_media.jpeg', 'https://cdn-media.medialabtc.it/es/agencies/mdav9/estates/613518/images/8817291/gallery_media.jpeg', 'https://cdn-media.medialabtc.it/es/agencies/mdav9/estates/613518/images/8817217/gallery_media.jpeg', 'https://cdn-media.medialabtc.it/es/agencies/mdav9/estates/613518/images/8817284/gallery_media.jpeg', 'https://cdn-media.medialabtc.it/es/agencies/mdav9/estates/613518/images/8817211/gallery_media.jpeg']",0,Desconocido,0,0,0,1,0,F,0,0,"['imagenes_tecnocasa\\anuncio_249\\0.jpeg', 'imagenes_tecnocasa\\anuncio_249\\1.jpeg', 'imagenes_tecnocasa\\anuncio_249\\2.jpeg', 'imagenes_tecnocasa\\anuncio_249\\3.jpeg', 'imagenes_tecnocasa\\anuncio_249\\4.jpeg', 'imagenes_tecnocasa\\anuncio_249\\5.jpeg', 'imagenes_tecnocasa\\anuncio_249\\6.jpeg', 'imagenes_tecnocasa\\anuncio_249\\7.jpeg', 'imagenes_tecnocasa\\anuncio_249\\8.jpeg', 'imagenes_tecnocasa\\anuncio_249\\9.jpeg', 'imagenes_tecnocasa\\anuncio_249\\10.jpeg', 'imagenes_tecnocasa\\anuncio_249\\11.jpeg', 'imagenes_tecnocasa\\anuncio_249\\12.jpeg', 'imagenes_tecnocasa\\anuncio_249\\13.jpeg', 'imagenes_tecnocasa\\anuncio_249\\14.jpeg', 'imagenes_tecnocasa\\anuncio_249\\15.jpeg', 'imagenes_tecnocasa\\anuncio_249\\16.jpeg', 'imagenes_tecnocasa\\anuncio_249\\17.jpeg', 'imagenes_tecnocasa\\anuncio_249\\18.jpeg', 'imagenes_tecnocasa\\anuncio_249\\19.jpeg', 'imagenes_tecnocasa\\anuncio_249\\20.jpeg', 'imagenes_tecnocasa\\anuncio_249\\21.jpeg', 'imagenes_tecnocasa\\anuncio_249\\22.jpeg', 'imagenes_tecnocasa\\anuncio_249\\23.jpeg', 'imagenes_tecnocasa\\anuncio_249\\24.jpeg', 'imagenes_tecnocasa\\anuncio_249\\25.jpeg', 'imagenes_tecnocasa\\anuncio_249\\26.jpeg', 'imagenes_tecnocasa\\anuncio_249\\27.jpeg', 'imagenes_tecnocasa\\anuncio_249\\28.jpeg']",1,Popular,1977,1,0,0,piso,2,Alcorcón,"Centro - Ondarreta - Torres Bellas, Centro, Alcorcón",40.3492998,-3.8284295,249,2123.6559139784945,187.0,125.0,0.0,0.0,1.0,0.0,parquet,pintura,abatible,estándar (2.4-2.8m),nada,2.8,4.0,convencional,"['#FFFFFF', '#F2F2F2', '#BDBDBD']",buena,False,convencional,limitado,ninguno,ninguno,básico,básica,ninguno,7.4,6.8,ninguna,5
https://www.tecnocasa.es/venta/piso/madrid/san-martin-de-la-vega/614861.html,169500.0,3,87.0,2,"Tecnocasa San Martin de la Vega- Vende vivienda sita en San Martin de la Vega, en la zona de Los Cerros Chicos, ubicada en una zona residencial, llena de comercios, colegios, restaurantes, parada de autobus etc..
La vivienda en su construcción, dispone de un amplio salón-cocina, con un acceso a una terraza totalmente solada, para disfrutar en familia. Tenemos tres dormitorios con armarios empotrados, los cuales nos ahorrarán espacio para poder disfrutar, la habitación principal, dispone también de baño en suite, con plato de ducha, y otro de ellos en el pasillo, para el resto de habitaciones.
La vivienda dispone de aires acondicionados de bomba de frío y calor, y un sistema de calefacción de pellets, siendo bastante eficiente y generando una estancia cálida en toda la vivienda.
No dude en consultarnos cualquier duda que tenga.
PARA LA REALIZACIÓN DE VISITAS, ES IMPRESCINDIBLE EL ESTUDIO DE VIABILIDAD POR PARTE DE KIRON, PARA EN CASO DE COMPRA, GARANTIZAR LA OPERACIÓN FINANCIERAMENTE.
EL ESTUDIO ES OBLIGATORIO, SIN COMPROMISO.",0,0,1,1,1,1,0,1,1,1,"['https://cdn-media.medialabtc.it/es/agencies/md559/estates/614861/images/8834467/gallery_media.jpeg', 'https://cdn-media.medialabtc.it/es/agencies/md559/estates/614861/images/8834473/gallery_media.jpeg', 'https://cdn-media.medialabtc.it/es/agencies/md559/estates/614861/images/8834472/gallery_media.jpeg', 'https://cdn-media.medialabtc.it/es/agencies/md559/estates/614861/images/8834466/gallery_media.jpeg', 'https://cdn-media.medialabtc.it/es/agencies/md559/estates/614861/images/8834471/gallery_media.jpeg', 'https://cdn-media.medialabtc.it/es/agencies/md559/estates/614861/images/8834476/gallery_media.jpeg', 'https://cdn-media.medialabtc.it/es/agencies/md559/estates/614861/images/8834464/gallery_media.jpeg', 'https://cdn-media.medialabtc.it/es/agencies/md559/estates/614861/images/8834474/gallery_media.jpeg', 'https://cdn-media.medialabtc.it/es/agencies/md559/estates/614861/images/8834275/gallery_media.jpeg', 'https://cdn-media.medialabtc.it/es/agencies/md559/estates/614861/images/8834274/gallery_media.jpeg', 'https://cdn-media.medialabtc.it/es/agencies/md559/estates/614861/images/8834475/gallery_media.jpeg', 'https://cdn-media.medialabtc.it/es/agencies/md559/estates/614861/images/8834462/gallery_media.jpeg', 'https://cdn-media.medialabtc.it/es/agencies/md559/estates/614861/images/8834459/gallery_media.jpeg', 'https://cdn-media.medialabtc.it/es/agencies/md559/estates/614861/images/8834456/gallery_media.jpeg', 'https://cdn-media.medialabtc.it/es/agencies/md559/estates/614861/images/8834457/gallery_media.jpeg', 'https://cdn-media.medialabtc.it/es/agencies/md559/estates/614861/images/8834465/gallery_media.jpeg', 'https://cdn-media.medialabtc.it/es/agencies/md559/estates/614861/images/8834463/gallery_media.jpeg', 'https://cdn-media.medialabtc.it/es/agencies/md559/estates/614861/images/8834458/gallery_media.jpeg', 'https://cdn-media.medialabtc.it/es/agencies/md559/estates/614861/images/8834461/gallery_media.jpeg', 'https://cdn-media.medialabtc.it/es/agencies/md559/estates/614861/images/8834273/gallery_media.jpeg', 'https://cdn-media.medialabtc.it/es/agencies/md559/estates/614861/images/8834460/gallery_media.jpeg', 'https://cdn-media.medialabtc.it/es/agencies/md559/estates/614861/images/8834470/gallery_media.jpeg', 'https://cdn-media.medialabtc.it/es/agencies/md559/estates/614861/images/8834468/gallery_media.jpeg']",0,Desconocido,0,0,0,1,0,E,0,0,"['imagenes_tecnocasa\\anuncio_250\\0.jpeg', 'imagenes_tecnocasa\\anuncio_250\\1.jpeg', 'imagenes_tecnocasa\\anuncio_250\\2.jpeg', 'imagenes_tecnocasa\\anuncio_250\\3.jpeg', 'imagenes_tecnocasa\\anuncio_250\\4.jpeg', 'imagenes_tecnocasa\\anuncio_250\\5.jpeg', 'imagenes_tecnocasa\\anuncio_250\\6.jpeg', 'imagenes_tecnocasa\\anuncio_250\\7.jpeg', 'imagenes_tecnocasa\\anuncio_250\\8.jpeg', 'imagenes_tecnocasa\\anuncio_250\\9.jpeg', 'imagenes_tecnocasa\\anuncio_250\\10.jpeg', 'imagenes_tecnocasa\\anuncio_250\\11.jpeg', 'imagenes_tecnocasa\\anuncio_250\\12.jpeg', 'imagenes_tecnocasa\\anuncio_250\\13.jpeg', 'imagenes_tecnocasa\\anuncio_250\\14.jpeg', 'imagenes_tecnocasa\\anuncio_250\\15.jpeg', 'imagenes_tecnocasa\\anuncio_250\\16.jpeg', 'imagenes_tecnocasa\\anuncio_250\\17.jpeg', 'imagenes_tecnocasa\\anuncio_250\\18.jpeg', 'imagenes_tecnocasa\\anuncio_250\\19.jpeg', 'imagenes_tecnocasa\\anuncio_250\\20.jpeg', 'imagenes_tecnocasa\\anuncio_250\\21.jpeg', 'imagenes_tecnocasa\\anuncio_250\\22.jpeg']",0,Media,1998,1,0,0,piso,2,San Martín de la Vega,San Martín De La Vega,40.2110462,-3.5771806,250,1948.2758620689656,166.0,112.0,0.0,0.0,1.0,0.0,parquet,pintura,corredera,estándar (2.4-2.8m),nada,4.6,4.6,moderno,"['#A0A0A0', '#008080', '#FFFFFF']",buena,True,convencional,normal,ninguno,ninguno,estándar,parcialmente equipada,ninguno,6.6,6.8,ninguna,5
https://www.tecnocasa.es/venta/casa/madrid/san-martin-de-la-vega/615252.html,310000.0,4,190.0,2,"Descubre esta encantadora casa adosada en el tranquilo municipio de San Martín de la Vega. Con una superficie de 190 m², esta propiedad ofrece un espacio ideal para familias que buscan comodidad y funcionalidad. Construida en 1995, la casa combina un diseño moderno con detalles acogedores. La vivienda cuenta con cuatro amplios dormitorios,dos de ellos con una pequeña terraza, perfectos para el descanso y la privacidad de cada miembro de la familia. Dispone de dos baños bien equipados,uno de ellos en la habitación principal, que garantizan comodidad en el día a día. El salón es un espacio acogedor para reuniones familiares y momentos de relax, que tiene acceso a un exclusivo patio bastante amplio. El balcón ofrece un rincón especial para disfrutar del aire libre, mientras que el jardín es perfecto para actividades al aire libre o simplemente para disfrutar de un momento de tranquilidad. Esta casa adosada es una excelente opción para quienes buscan un hogar en una ubicación apacible y bien comunicada, a tan sólo excasos minutos del pasillo verde.
La vivienda cuenta con un garaje amplio, el cual poder guardar el vehículo.
PARA EN CASO DE COMPRA, ES IMPRESCINDIBLE EL ESTUDIO DE VIABILIDAD, POR PARTE DE KIRON, PARA EN CASO DE COMPRA, GARANTIZAR LA OPERACIÓN.
NO DUDE EN CONSULTARNOS, ESTAMOS A SU DISPONIBILIDAD.",0,0,1,1,1,1,0,1,1,1,"['https://cdn-media.medialabtc.it/es/agencies/md559/estates/615252/images/8846488/gallery_media.jpeg', 'https://cdn-media.medialabtc.it/es/agencies/md559/estates/615252/images/8846504/gallery_media.jpeg', 'https://cdn-media.medialabtc.it/es/agencies/md559/estates/615252/images/8846499/gallery_media.jpeg', 'https://cdn-media.medialabtc.it/es/agencies/md559/estates/615252/images/8846509/gallery_media.jpeg', 'https://cdn-media.medialabtc.it/es/agencies/md559/estates/615252/images/8846490/gallery_media.jpeg', 'https://cdn-media.medialabtc.it/es/agencies/md559/estates/615252/images/8846516/gallery_media.jpeg', 'https://cdn-media.medialabtc.it/es/agencies/md559/estates/615252/images/8846514/gallery_media.jpeg', 'https://cdn-media.medialabtc.it/es/agencies/md559/estates/615252/images/8846500/gallery_media.jpeg', 'https://cdn-media.medialabtc.it/es/agencies/md559/estates/615252/images/8846492/gallery_media.jpeg', 'https://cdn-media.medialabtc.it/es/agencies/md559/estates/615252/images/8846495/gallery_media.jpeg', 'https://cdn-media.medialabtc.it/es/agencies/md559/estates/615252/images/8846489/gallery_media.jpeg', 'https://cdn-media.medialabtc.it/es/agencies/md559/estates/615252/images/8846513/gallery_media.jpeg', 'https://cdn-media.medialabtc.it/es/agencies/md559/estates/615252/images/8846501/gallery_media.jpeg', 'https://cdn-media.medialabtc.it/es/agencies/md559/estates/615252/images/8846503/gallery_media.jpeg', 'https://cdn-media.medialabtc.it/es/agencies/md559/estates/615252/images/8846491/gallery_media.jpeg', 'https://cdn-media.medialabtc.it/es/agencies/md559/estates/615252/images/8846517/gallery_media.jpeg', 'https://cdn-media.medialabtc.it/es/agencies/md559/estates/615252/images/8846506/gallery_media.jpeg', 'https://cdn-media.medialabtc.it/es/agencies/md559/estates/615252/images/8846510/gallery_media.jpeg', 'https://cdn-media.medialabtc.it/es/agencies/md559/estates/615252/images/8846507/gallery_media.jpeg', 'https://cdn-media.medialabtc.it/es/agencies/md559/estates/615252/images/8846511/gallery_media.jpeg', 'https://cdn-media.medialabtc.it/es/agencies/md559/estates/615252/images/8846494/gallery_media.jpeg', 'https://cdn-media.medialabtc.it/es/agencies/md559/estates/615252/images/8846515/gallery_media.jpeg', 'https://cdn-media.medialabtc.it/es/agencies/md559/estates/615252/images/8846497/gallery_media.jpeg', 'https://cdn-media.medialabtc.it/es/agencies/md559/estates/615252/images/8846505/gallery_media.jpeg', 'https://cdn-media.medialabtc.it/es/agencies/md559/estates/615252/images/8846493/gallery_media.jpeg', 'https://cdn-media.medialabtc.it/es/agencies/md559/estates/615252/images/8846496/gallery_media.jpeg', 'https://cdn-media.medialabtc.it/es/agencies/md559/estates/615252/images/8846512/gallery_media.jpeg', 'https://cdn-media.medialabtc.it/es/agencies/md559/estates/615252/images/8846498/gallery_media.jpeg', 'https://cdn-media.medialabtc.it/es/agencies/md559/estates/615252/images/8846502/gallery_media.jpeg', 'https://cdn-media.medialabtc.it/es/agencies/md559/estates/615252/images/8846508/gallery_media.jpeg']",0,Desconocido,1,0,0,1,0,F,0,0,"['imagenes_tecnocasa\\anuncio_251\\0.jpeg', 'imagenes_tecnocasa\\anuncio_251\\1.jpeg', 'imagenes_tecnocasa\\anuncio_251\\2.jpeg', 'imagenes_tecnocasa\\anuncio_251\\3.jpeg', 'imagenes_tecnocasa\\anuncio_251\\4.jpeg', 'imagenes_tecnocasa\\anuncio_251\\5.jpeg', 'imagenes_tecnocasa\\anuncio_251\\6.jpeg', 'imagenes_tecnocasa\\anuncio_251\\7.jpeg', 'imagenes_tecnocasa\\anuncio_251\\8.jpeg', 'imagenes_tecnocasa\\anuncio_251\\9.jpeg', 'imagenes_tecnocasa\\anuncio_251\\10.jpeg', 'imagenes_tecnocasa\\anuncio_251\\11.jpeg', 'imagenes_tecnocasa\\anuncio_251\\12.jpeg', 'imagenes_tecnocasa\\anuncio_251\\13.jpeg', 'imagenes_tecnocasa\\anuncio_251\\14.jpeg', 'imagenes_tecnocasa\\anuncio_251\\15.jpeg', 'imagenes_tecnocasa\\anuncio_251\\16.jpeg', 'imagenes_tecnocasa\\anuncio_251\\17.jpeg', 'imagenes_tecnocasa\\anuncio_251\\18.jpeg', 'imagenes_tecnocasa\\anuncio_251\\19.jpeg', 'imagenes_tecnocasa\\anuncio_251\\20.jpeg', 'imagenes_tecnocasa\\anuncio_251\\21.jpeg', 'imagenes_tecnocasa\\anuncio_251\\22.jpeg', 'imagenes_tecnocasa\\anuncio_251\\23.jpeg', 'imagenes_tecnocasa\\anuncio_251\\24.jpeg', 'imagenes_tecnocasa\\anuncio_251\\25.jpeg', 'imagenes_tecnocasa\\anuncio_251\\26.jpeg', 'imagenes_tecnocasa\\anuncio_251\\27.jpeg', 'imagenes_tecnocasa\\anuncio_251\\28.jpeg', 'imagenes_tecnocasa\\anuncio_251\\29.jpeg']",0,Media,1995,1,1,0,casa,2,San Martín de la Vega,San Martín De La Vega,40.2110462,-3.5771806,251,1631.578947368421,216.0,139.0,0.9,1.0,4.0,1.0,otro,pintura,otro,estándar (2.4-2.8m),nada,3.6,3.6,convencional,"['#FFFFFF', '#616161', '#0069b4']",regular,False,convencional,limitado,ninguno,ninguno,estándar,básica,ninguno,6.0,6.6,ninguna,5
https://www.tecnocasa.es/venta/piso/madrid/san-martin-de-la-vega/619951.html,110000.0,2,63.0,1,"Descubre esta acogedora vivienda en el corazón de San Martín de la Vega, ideal para quienes buscan un hogar funcional y bien ubicado. Con una superficie de 63 m², este piso ofrece dos dormitorios cómodos y un baño completo, perfecto para parejas o pequeñas familias. La propiedad, construida en 1975, cuenta con un balcón y una terraza, proporcionando espacios al aire libre donde disfrutar de momentos de tranquilidad o reuniones con amigos. La distribución del piso está pensada para aprovechar al máximo cada metro cuadrado, ofreciendo un ambiente cálido y práctico. La cocina y el salón se integran de manera armoniosa, creando un espacio central para la vida diaria. Además, su ubicación en San Martín de la Vega permite un fácil acceso a servicios, comercios y transporte público, haciendo de esta propiedad una opción atractiva para quienes valoran la comodidad y la conveniencia.
Para la realización de visitas, es imprescindible el estudio de viabilidad por parte de Kiron, para en caso de compra, garantizar la operación.",0,0,1,1,1,1,0,1,1,1,"['https://cdn-media.medialabtc.it/es/agencies/md559/estates/619951/images/8950588/gallery_media.jpeg', 'https://cdn-media.medialabtc.it/es/agencies/md559/estates/619951/images/8950585/gallery_media.jpeg', 'https://cdn-media.medialabtc.it/es/agencies/md559/estates/619951/images/8950583/gallery_media.jpeg', 'https://cdn-media.medialabtc.it/es/agencies/md559/estates/619951/images/8950477/gallery_media.jpeg', 'https://cdn-media.medialabtc.it/es/agencies/md559/estates/619951/images/8950481/gallery_media.jpeg', 'https://cdn-media.medialabtc.it/es/agencies/md559/estates/619951/images/8950479/gallery_media.jpeg', 'https://cdn-media.medialabtc.it/es/agencies/md559/estates/619951/images/8950582/gallery_media.jpeg', 'https://cdn-media.medialabtc.it/es/agencies/md559/estates/619951/images/8950587/gallery_media.jpeg', 'https://cdn-media.medialabtc.it/es/agencies/md559/estates/619951/images/8950584/gallery_media.jpeg', 'https://cdn-media.medialabtc.it/es/agencies/md559/estates/619951/images/8950589/gallery_media.jpeg', 'https://cdn-media.medialabtc.it/es/agencies/md559/estates/619951/images/8950475/gallery_media.jpeg', 'https://cdn-media.medialabtc.it/es/agencies/md559/estates/619951/images/8950480/gallery_media.jpeg', 'https://cdn-media.medialabtc.it/es/agencies/md559/estates/619951/images/8950478/gallery_media.jpeg', 'https://cdn-media.medialabtc.it/es/agencies/md559/estates/619951/images/8950476/gallery_media.jpeg', 'https://cdn-media.medialabtc.it/es/agencies/md559/estates/619951/images/8950586/gallery_media.jpeg']",0,Desconocido,0,0,0,1,0,F,0,0,"['imagenes_tecnocasa\\anuncio_252\\0.jpeg', 'imagenes_tecnocasa\\anuncio_252\\1.jpeg', 'imagenes_tecnocasa\\anuncio_252\\2.jpeg', 'imagenes_tecnocasa\\anuncio_252\\3.jpeg', 'imagenes_tecnocasa\\anuncio_252\\4.jpeg', 'imagenes_tecnocasa\\anuncio_252\\5.jpeg', 'imagenes_tecnocasa\\anuncio_252\\6.jpeg', 'imagenes_tecnocasa\\anuncio_252\\7.jpeg', 'imagenes_tecnocasa\\anuncio_252\\8.jpeg', 'imagenes_tecnocasa\\anuncio_252\\9.jpeg', 'imagenes_tecnocasa\\anuncio_252\\10.jpeg', 'imagenes_tecnocasa\\anuncio_252\\11.jpeg', 'imagenes_tecnocasa\\anuncio_252\\12.jpeg', 'imagenes_tecnocasa\\anuncio_252\\13.jpeg', 'imagenes_tecnocasa\\anuncio_252\\14.jpeg']",0,Popular,1975,0,0,0,piso,3,San Martín de la Vega,San Martín De La Vega,40.2110462,-3.5771806,252,1746.031746031746,166.0,116.0,0.45,0.625,0.0,1.0,cerámica,pintura,corredera,estándar (2.4-2.8m),nada,3.6,4.2,convencional,"['#FFFFFF', '#F2F2F2', '#D3D3D3']",regular,False,convencional,limitado,ninguno,ninguno,estándar,básica,ninguno,6.4,6.2,ninguna,5
https://www.tecnocasa.es/venta/casa/madrid/san-martin-de-la-vega/547935.html,367260.0,5,199.0,2,"TECNOCASA AGENCIA INMOBILIARIA Vende fantástico chalet, en zona céntrica de San Martin de la Vega, a excasos minutos de comercios, restaurantes, centro de salud, parques etc..
La vivienda está distribuida en planta baja, garaje, trastero, despacho/habitación, amplio salón con cocina diáfana y acceso a patio solado y reformado completamente.
En la primera planta, nos encontramos con cuatro dormitorios amplios, dos interiores y dos exteriores, el principal dispone de baño en suite con plato de ducha, y un baño con bañera.
La buhardilla, es amplia, con ventanas velux y aires acondicionados de bomba frio/calor en todas las estancias.
La vivienda dispone de una amplia reforma, como suelos de tarima, baños reformados, cocina reformada completamente, toldos, aires acondicionados etc... NO DUDE EN VISITARLA.
PARA LA REALIZACIÓN DE VISITAS ES IMPRESCINDIBLE LA REALIZACIÓN DE ESTUDIO FINANCIERO PARA EN CASO DE COMPRA GARANTIZAR LA VIABILIDAD DE LA OPERACIÓN.",0,0,1,1,1,1,0,1,1,1,"['https://cdn-media.medialabtc.it/es/agencies/md559/estates/547935/images/8695586/gallery_media.jpeg', 'https://cdn-media.medialabtc.it/es/agencies/md559/estates/547935/images/8695601/gallery_media.jpeg', 'https://cdn-media.medialabtc.it/es/agencies/md559/estates/547935/images/8691062/gallery_media.jpeg', 'https://cdn-media.medialabtc.it/es/agencies/md559/estates/547935/images/8695600/gallery_media.jpeg', 'https://cdn-media.medialabtc.it/es/agencies/md559/estates/547935/images/8690940/gallery_media.jpeg', 'https://cdn-media.medialabtc.it/es/agencies/md559/estates/547935/images/8695592/gallery_media.jpeg', 'https://cdn-media.medialabtc.it/es/agencies/md559/estates/547935/images/8695598/gallery_media.jpeg', 'https://cdn-media.medialabtc.it/es/agencies/md559/estates/547935/images/8690934/gallery_media.jpeg', 'https://cdn-media.medialabtc.it/es/agencies/md559/estates/547935/images/8695588/gallery_media.jpeg', 'https://cdn-media.medialabtc.it/es/agencies/md559/estates/547935/images/8695584/gallery_media.jpeg', 'https://cdn-media.medialabtc.it/es/agencies/md559/estates/547935/images/8695599/gallery_media.jpeg', 'https://cdn-media.medialabtc.it/es/agencies/md559/estates/547935/images/8691069/gallery_media.jpeg', 'https://cdn-media.medialabtc.it/es/agencies/md559/estates/547935/images/8690932/gallery_media.jpeg', 'https://cdn-media.medialabtc.it/es/agencies/md559/estates/547935/images/8695595/gallery_media.jpeg', 'https://cdn-media.medialabtc.it/es/agencies/md559/estates/547935/images/8695587/gallery_media.jpeg', 'https://cdn-media.medialabtc.it/es/agencies/md559/estates/547935/images/8690931/gallery_media.jpeg', 'https://cdn-media.medialabtc.it/es/agencies/md559/estates/547935/images/8695593/gallery_media.jpeg', 'https://cdn-media.medialabtc.it/es/agencies/md559/estates/547935/images/8695597/gallery_media.jpeg', 'https://cdn-media.medialabtc.it/es/agencies/md559/estates/547935/images/8695590/gallery_media.jpeg', 'https://cdn-media.medialabtc.it/es/agencies/md559/estates/547935/images/8695591/gallery_media.jpeg', 'https://cdn-media.medialabtc.it/es/agencies/md559/estates/547935/images/8695589/gallery_media.jpeg', 'https://cdn-media.medialabtc.it/es/agencies/md559/estates/547935/images/8690939/gallery_media.jpeg', 'https://cdn-media.medialabtc.it/es/agencies/md559/estates/547935/images/8695596/gallery_media.jpeg', 'https://cdn-media.medialabtc.it/es/agencies/md559/estates/547935/images/8695594/gallery_media.jpeg', 'https://cdn-media.medialabtc.it/es/agencies/md559/estates/547935/images/8691072/gallery_media.jpeg', 'https://cdn-media.medialabtc.it/es/agencies/md559/estates/547935/images/8691071/gallery_media.jpeg', 'https://cdn-media.medialabtc.it/es/agencies/md559/estates/547935/images/8691065/gallery_media.jpeg', 'https://cdn-media.medialabtc.it/es/agencies/md559/estates/547935/images/8690933/gallery_media.jpeg', 'https://cdn-media.medialabtc.it/es/agencies/md559/estates/547935/images/8690936/gallery_media.jpeg', 'https://cdn-media.medialabtc.it/es/agencies/md559/estates/547935/images/8695585/gallery_media.jpeg']",0,Reformado,1,1,0,0,0,F,0,0,"['imagenes_tecnocasa\\anuncio_253\\0.jpeg', 'imagenes_tecnocasa\\anuncio_253\\1.jpeg', 'imagenes_tecnocasa\\anuncio_253\\2.jpeg', 'imagenes_tecnocasa\\anuncio_253\\3.jpeg', 'imagenes_tecnocasa\\anuncio_253\\4.jpeg', 'imagenes_tecnocasa\\anuncio_253\\5.jpeg', 'imagenes_tecnocasa\\anuncio_253\\6.jpeg', 'imagenes_tecnocasa\\anuncio_253\\7.jpeg', 'imagenes_tecnocasa\\anuncio_253\\8.jpeg', 'imagenes_tecnocasa\\anuncio_253\\9.jpeg', 'imagenes_tecnocasa\\anuncio_253\\10.jpeg', 'imagenes_tecnocasa\\anuncio_253\\11.jpeg', 'imagenes_tecnocasa\\anuncio_253\\12.jpeg', 'imagenes_tecnocasa\\anuncio_253\\13.jpeg', 'imagenes_tecnocasa\\anuncio_253\\14.jpeg', 'imagenes_tecnocasa\\anuncio_253\\15.jpeg', 'imagenes_tecnocasa\\anuncio_253\\16.jpeg', 'imagenes_tecnocasa\\anuncio_253\\17.jpeg', 'imagenes_tecnocasa\\anuncio_253\\18.jpeg', 'imagenes_tecnocasa\\anuncio_253\\19.jpeg', 'imagenes_tecnocasa\\anuncio_253\\20.jpeg', 'imagenes_tecnocasa\\anuncio_253\\21.jpeg', 'imagenes_tecnocasa\\anuncio_253\\22.jpeg', 'imagenes_tecnocasa\\anuncio_253\\23.jpeg', 'imagenes_tecnocasa\\anuncio_253\\24.jpeg', 'imagenes_tecnocasa\\anuncio_253\\25.jpeg', 'imagenes_tecnocasa\\anuncio_253\\26.jpeg', 'imagenes_tecnocasa\\anuncio_253\\27.jpeg', 'imagenes_tecnocasa\\anuncio_253\\28.jpeg', 'imagenes_tecnocasa\\anuncio_253\\29.jpeg']",0,Media,1993,1,0,0,casa,2,San Martín de la Vega,San Martín De La Vega,40.2110462,-3.5771806,253,1845.5276381909548,144.0,105.0,0.0,0.0,2.0,0.0,otro,pintura,abatible,estándar (2.4-2.8m),nada,4.6,5.8,moderno,"['#222222', '#A0A0A0', '#D3D3D3']",buena,True,convencional,limitado,ninguno,ninguno,estándar,básica,ninguno,6.8,7.0,ninguna,5
https://www.tecnocasa.es/venta/piso/madrid/parla/621207.html,229000.0,3,167.0,2,"Agencia inmobiliaria de parla zona PARLA NORTE - RENFE - LAS FUENTES- EL NIDO - VILLAYUVENTUS - oficina Tecnocasa vende piso situado en zona El Nido-Las Fuentes, cercano al centro de salud, Renfe y tranvía, ayuntamiento, colegios, supermercados, etc.
¡Dúplex con trastero y garaje! con gran amplitud y excelente distribuición. En un edificio seminuevo.
1ª PLANTA:
+ Salón amplio con acceso a un balcón
+ Cocina amplia con terraza/lavadero
+ Baño completo con bañera.
2ª PLANTA:
+ Dormitorio matrimonial, con armario empotrado.
+ 2 dormitorios individuales.
+ Baño con plato de ducha.
La vivienda cuenta con aire acondicionado en salón, suelos de parquet, ventanas de aluminio.
ZONA EL NIDO-LAS FUENTES.
La zona El Nido-Las Fuentes de Parla, está rodeada de una amplia variedad de comercios, tales como galerías de alimentación, restauración, textil, farmacias, bancos y cajeros, colegios y zonas verdes con parques.
El inmueble en venta se ubica en la zona El Nido - Las Fuentes, cercano a la Renfe - Cercanías, colegios e institutos, al Ayuntamiento de Parla. Cuenta con el Centro de Salud 'San Blas'. Y, con fácil acceso a la A-42, autovía de Toledo.
TECNOCASA, red inmobiliaria líder en el sector con más de 30 años de experiencia, presente en más de 11 países, 900 oficinas a nivel nacional y con 400 oficinas en la Comunidad de Madrid.
Realizamos valoraciones de su hogar totalmente gratuitas; gestionamos el proceso de post-venta (tanto para comprador como para el vendedor); además, les daremos toda la información que necesiten sobre hipotecas, les ayudaremos a tramitar herencias, certificados, cambios de titularidad, plusvalías, permiso de venta, etc.
Contamos con la colaboración del departamento de financiación de KÍRON, su experto intermediario que le asesorará gratuitamente sin ningún compromiso.
Nuestros servicios:
- Hipoteca “primera vivienda”.
- Hipoteca “cambio de vivienda”.
- Hipoteca 100%.
Disponemos de las mejores viviendas del mercado.
¡NO DUDE EN VISITARNOS!",0,1,1,1,1,1,0,1,1,1,"['https://cdn-media.medialabtc.it/es/agencies/mdbp5/estates/621207/images/9000376/gallery_media.jpeg', 'https://cdn-media.medialabtc.it/es/agencies/mdbp5/estates/621207/images/9000369/gallery_media.jpeg', 'https://cdn-media.medialabtc.it/es/agencies/mdbp5/estates/621207/images/9000367/gallery_media.jpeg', 'https://cdn-media.medialabtc.it/es/agencies/mdbp5/estates/621207/images/9000379/gallery_media.jpeg', 'https://cdn-media.medialabtc.it/es/agencies/mdbp5/estates/621207/images/9000383/gallery_media.jpeg', 'https://cdn-media.medialabtc.it/es/agencies/mdbp5/estates/621207/images/9000371/gallery_media.jpeg', 'https://cdn-media.medialabtc.it/es/agencies/mdbp5/estates/621207/images/9000372/gallery_media.jpeg', 'https://cdn-media.medialabtc.it/es/agencies/mdbp5/estates/621207/images/9000377/gallery_media.jpeg', 'https://cdn-media.medialabtc.it/es/agencies/mdbp5/estates/621207/images/9000374/gallery_media.jpeg', 'https://cdn-media.medialabtc.it/es/agencies/mdbp5/estates/621207/images/9000370/gallery_media.jpeg', 'https://cdn-media.medialabtc.it/es/agencies/mdbp5/estates/621207/images/9000375/gallery_media.jpeg', 'https://cdn-media.medialabtc.it/es/agencies/mdbp5/estates/621207/images/9000386/gallery_media.jpeg', 'https://cdn-media.medialabtc.it/es/agencies/mdbp5/estates/621207/images/9000385/gallery_media.jpeg', 'https://cdn-media.medialabtc.it/es/agencies/mdbp5/estates/621207/images/9000373/gallery_media.jpeg', 'https://cdn-media.medialabtc.it/es/agencies/mdbp5/estates/621207/images/9000378/gallery_media.jpeg', 'https://cdn-media.medialabtc.it/es/agencies/mdbp5/estates/621207/images/9000384/gallery_media.jpeg', 'https://cdn-media.medialabtc.it/es/agencies/mdbp5/estates/621207/images/9000382/gallery_media.jpeg', 'https://cdn-media.medialabtc.it/es/agencies/mdbp5/estates/621207/images/9000381/gallery_media.jpeg', 'https://cdn-media.medialabtc.it/es/agencies/mdbp5/estates/621207/images/9000368/gallery_media.jpeg', 'https://cdn-media.medialabtc.it/es/agencies/mdbp5/estates/621207/images/9000380/gallery_media.jpeg']",0,Desconocido,1,1,0,1,0,Desconocida,0,0,"['imagenes_tecnocasa\\anuncio_256\\0.jpeg', 'imagenes_tecnocasa\\anuncio_256\\1.jpeg', 'imagenes_tecnocasa\\anuncio_256\\2.jpeg', 'imagenes_tecnocasa\\anuncio_256\\3.jpeg', 'imagenes_tecnocasa\\anuncio_256\\4.jpeg', 'imagenes_tecnocasa\\anuncio_256\\5.jpeg', 'imagenes_tecnocasa\\anuncio_256\\6.jpeg', 'imagenes_tecnocasa\\anuncio_256\\7.jpeg', 'imagenes_tecnocasa\\anuncio_256\\8.jpeg', 'imagenes_tecnocasa\\anuncio_256\\9.jpeg', 'imagenes_tecnocasa\\anuncio_256\\10.jpeg', 'imagenes_tecnocasa\\anuncio_256\\11.jpeg', 'imagenes_tecnocasa\\anuncio_256\\12.jpeg', 'imagenes_tecnocasa\\anuncio_256\\13.jpeg', 'imagenes_tecnocasa\\anuncio_256\\14.jpeg', 'imagenes_tecnocasa\\anuncio_256\\15.jpeg', 'imagenes_tecnocasa\\anuncio_256\\16.jpeg', 'imagenes_tecnocasa\\anuncio_256\\17.jpeg', 'imagenes_tecnocasa\\anuncio_256\\18.jpeg', 'imagenes_tecnocasa\\anuncio_256\\19.jpeg']",1,Media,2003,0,0,1,piso,3,Parla,Parla,40.2373952,-3.7718902,256,1371.2574850299402,309.0,205.0,0.0,0.0,1.0,0.0,cerámica,pintura,no visible,estándar (2.4-2.8m),nada,3.4,3.8,convencional,"['#A0D2EB', '#FFFFFF', '#006699']",regular,True,convencional,limitado,ninguno,ninguno,estándar,básica,ninguno,6.2,6.4,ninguna,5
https://www.tecnocasa.es/venta/piso/madrid/parla/621974.html,250000.0,5,199.0,2,"Agencia inmobiliaria de PARLA zona PARLA REYES - LAS AMÉRICAS Oficina Tecnocasa VENDE PISO CON LOCAL, situado en zona de Reyes, cercano al centro de salud 'Isabel II', colegios e institutos y centro comercial 'El Ferial'.
+ Piso junto local con acceso a almacén comunicado mediante escalera de caracol
+ Versatilidad en la distribución
+ Buena oportunidad para usarlo como comercio con vivienda arriba desde la que tener tu negocio más cerca que nunca
+ Cajas fuertes
+ Muy espacioso por sus metros útiles distribuidos en: almacén, planta baja a pie de calle y planta superior (1ºpiso)
+ 2 Grandes escaparates exteriores
+ Baño completo en primera planta + Aseo en almacén
+ Puertas con cierres eléctricos en planta baja
+ Ubicación estratégica y transitada
+ Variedad de servicios y/o puntos de interés cercanos
El piso con local se caracteriza por su buena distribución, excelente ubicación y sobre todo por su AMPLITUD.
ZONA REYES - LAS AMÉRICAS
El inmueble en venta se ubica en zona de Reyes, rodeada de una amplia variedad de comercios, tales como galerías de alimentación, restauración y textil. También está cercano al centro de salud, farmacias, biblioteca municipal “Gloria Fuertes” bancos y cajeros, colegios, institutos, y grandes zonas verdes con parques infantiles.
TECNOCASA, red inmobiliaria líder en el sector con más de 30 años de experiencia, presente en más de 11 países, 900 oficinas a nivel nacional y con 400 oficinas en la Comunidad de Madrid.
Realizamos valoraciones de su hogar totalmente gratuitas; gestionamos el proceso de post-venta (tanto para comprador como para el vendedor); además, les daremos toda la información que necesiten sobre hipotecas, les ayudaremos a tramitar herencias, certificados, cambios de titularidad, plusvalías, permiso de venta, etc.
Contamos con la colaboración del departamento de financiación de KÍRON, su experto intermediario que le asesorará gratuitamente sin ningún compromiso.
Nuestros servicios:
- Hipoteca “primera vivienda”.
- Hipoteca “cambio de vivienda”.
- Hipoteca 100%.
Disponemos de las mejores viviendas del mercado.
NO DUDE EN VISITARNOS.",0,1,1,1,1,1,0,1,1,1,"['https://cdn-media.medialabtc.it/es/agencies/mdbp7/estates/621974/images/8999968/gallery_media.jpeg', 'https://cdn-media.medialabtc.it/es/agencies/mdbp7/estates/621974/images/8999977/gallery_media.jpeg', 'https://cdn-media.medialabtc.it/es/agencies/mdbp7/estates/621974/images/8999982/gallery_media.jpeg', 'https://cdn-media.medialabtc.it/es/agencies/mdbp7/estates/621974/images/8999981/gallery_media.jpeg', 'https://cdn-media.medialabtc.it/es/agencies/mdbp7/estates/621974/images/8999990/gallery_media.jpeg', 'https://cdn-media.medialabtc.it/es/agencies/mdbp7/estates/621974/images/8999741/gallery_media.jpeg', 'https://cdn-media.medialabtc.it/es/agencies/mdbp7/estates/621974/images/8999976/gallery_media.jpeg', 'https://cdn-media.medialabtc.it/es/agencies/mdbp7/estates/621974/images/8999983/gallery_media.jpeg', 'https://cdn-media.medialabtc.it/es/agencies/mdbp7/estates/621974/images/8999739/gallery_media.jpeg', 'https://cdn-media.medialabtc.it/es/agencies/mdbp7/estates/621974/images/8999975/gallery_media.jpeg', 'https://cdn-media.medialabtc.it/es/agencies/mdbp7/estates/621974/images/8999740/gallery_media.jpeg', 'https://cdn-media.medialabtc.it/es/agencies/mdbp7/estates/621974/images/8999974/gallery_media.jpeg', 'https://cdn-media.medialabtc.it/es/agencies/mdbp7/estates/621974/images/9000076/gallery_media.jpeg', 'https://cdn-media.medialabtc.it/es/agencies/mdbp7/estates/621974/images/8999978/gallery_media.jpeg', 'https://cdn-media.medialabtc.it/es/agencies/mdbp7/estates/621974/images/8999989/gallery_media.jpeg', 'https://cdn-media.medialabtc.it/es/agencies/mdbp7/estates/621974/images/8999966/gallery_media.jpeg', 'https://cdn-media.medialabtc.it/es/agencies/mdbp7/estates/621974/images/8999979/gallery_media.jpeg', 'https://cdn-media.medialabtc.it/es/agencies/mdbp7/estates/621974/images/8999988/gallery_media.jpeg', 'https://cdn-media.medialabtc.it/es/agencies/mdbp7/estates/621974/images/8999971/gallery_media.jpeg', 'https://cdn-media.medialabtc.it/es/agencies/mdbp7/estates/621974/images/8999985/gallery_media.jpeg', 'https://cdn-media.medialabtc.it/es/agencies/mdbp7/estates/621974/images/8999965/gallery_media.jpeg', 'https://cdn-media.medialabtc.it/es/agencies/mdbp7/estates/621974/images/8999970/gallery_media.jpeg', 'https://cdn-media.medialabtc.it/es/agencies/mdbp7/estates/621974/images/8999984/gallery_media.jpeg', 'https://cdn-media.medialabtc.it/es/agencies/mdbp7/estates/621974/images/8999980/gallery_media.jpeg', 'https://cdn-media.medialabtc.it/es/agencies/mdbp7/estates/621974/images/8999967/gallery_media.jpeg', 'https://cdn-media.medialabtc.it/es/agencies/mdbp7/estates/621974/images/8999964/gallery_media.jpeg']",0,Desconocido,0,1,0,0,0,Desconocida,0,0,"['imagenes_tecnocasa\\anuncio_257\\0.jpeg', 'imagenes_tecnocasa\\anuncio_257\\1.jpeg', 'imagenes_tecnocasa\\anuncio_257\\2.jpeg', 'imagenes_tecnocasa\\anuncio_257\\3.jpeg', 'imagenes_tecnocasa\\anuncio_257\\4.jpeg', 'imagenes_tecnocasa\\anuncio_257\\5.jpeg', 'imagenes_tecnocasa\\anuncio_257\\6.jpeg', 'imagenes_tecnocasa\\anuncio_257\\7.jpeg', 'imagenes_tecnocasa\\anuncio_257\\8.jpeg', 'imagenes_tecnocasa\\anuncio_257\\9.jpeg', 'imagenes_tecnocasa\\anuncio_257\\10.jpeg', 'imagenes_tecnocasa\\anuncio_257\\11.jpeg', 'imagenes_tecnocasa\\anuncio_257\\12.jpeg', 'imagenes_tecnocasa\\anuncio_257\\13.jpeg', 'imagenes_tecnocasa\\anuncio_257\\14.jpeg', 'imagenes_tecnocasa\\anuncio_257\\15.jpeg', 'imagenes_tecnocasa\\anuncio_257\\16.jpeg', 'imagenes_tecnocasa\\anuncio_257\\17.jpeg', 'imagenes_tecnocasa\\anuncio_257\\18.jpeg', 'imagenes_tecnocasa\\anuncio_257\\19.jpeg', 'imagenes_tecnocasa\\anuncio_257\\20.jpeg', 'imagenes_tecnocasa\\anuncio_257\\21.jpeg', 'imagenes_tecnocasa\\anuncio_257\\22.jpeg', 'imagenes_tecnocasa\\anuncio_257\\23.jpeg', 'imagenes_tecnocasa\\anuncio_257\\24.jpeg', 'imagenes_tecnocasa\\anuncio_257\\25.jpeg']",1,Media,1974,1,0,0,piso,3,Parla,Parla,40.2373952,-3.7718902,257,1256.2814070351758,328.0,218.0,0.13999999999999999,0.18,0.0,0.0,otro,pintura,corredera,estándar (2.4-2.8m),nada,2.2,2.8,convencional,"['#FFFFFF', '#D3D3D3', '#808080']",regular,False,convencional,limitado,ninguno,ninguno,básico,básica,ninguno,5.8,5.0,ninguna,5
https://www.tecnocasa.es/venta/piso/madrid/madrid/586643.html,175000.0,1,40.0,1,"JOSUÉ Apartamento reformado, ubicado en finca de recién construcción. Primera planta exteriór, muy luminoso. Calefacción de gas natural y aire condicionado. Suelo de parquét y puertas en roble. Trastero. Excelente ubicación, zona comercial.",1,1,1,1,1,1,0,1,0,1,"['https://cdn-media.medialabtc.it/es/agencies/mdadc/estates/586643/images/9000598/gallery_media.jpeg', 'https://cdn-media.medialabtc.it/es/agencies/mdadc/estates/586643/images/9000602/gallery_media.jpeg', 'https://cdn-media.medialabtc.it/es/agencies/mdadc/estates/586643/images/9000596/gallery_media.jpeg', 'https://cdn-media.medialabtc.it/es/agencies/mdadc/estates/586643/images/9000600/gallery_media.jpeg', 'https://cdn-media.medialabtc.it/es/agencies/mdadc/estates/586643/images/9000601/gallery_media.jpeg', 'https://cdn-media.medialabtc.it/es/agencies/mdadc/estates/586643/images/9000595/gallery_media.jpeg', 'https://cdn-media.medialabtc.it/es/agencies/mdadc/estates/586643/images/8998757/gallery_media.jpeg', 'https://cdn-media.medialabtc.it/es/agencies/mdadc/estates/586643/images/9000599/gallery_media.jpeg', 'https://cdn-media.medialabtc.it/es/agencies/mdadc/estates/586643/images/9000603/gallery_media.jpeg', 'https://cdn-media.medialabtc.it/es/agencies/mdadc/estates/586643/images/9000604/gallery_media.jpeg', 'https://cdn-media.medialabtc.it/es/agencies/mdadc/estates/586643/images/9000597/gallery_media.jpeg']",0,Reformado,0,1,0,0,0,Desconocida,0,0,"['imagenes_tecnocasa\\anuncio_258\\0.jpeg', 'imagenes_tecnocasa\\anuncio_258\\1.jpeg', 'imagenes_tecnocasa\\anuncio_258\\2.jpeg', 'imagenes_tecnocasa\\anuncio_258\\3.jpeg', 'imagenes_tecnocasa\\anuncio_258\\4.jpeg', 'imagenes_tecnocasa\\anuncio_258\\5.jpeg', 'imagenes_tecnocasa\\anuncio_258\\6.jpeg', 'imagenes_tecnocasa\\anuncio_258\\7.jpeg', 'imagenes_tecnocasa\\anuncio_258\\8.jpeg', 'imagenes_tecnocasa\\anuncio_258\\9.jpeg', 'imagenes_tecnocasa\\anuncio_258\\10.jpeg']",0,Popular,1960,0,0,0,piso,2,Madrid,"San Diego, Madrid",40.4167047,-3.7035825,258,4375.0,33.0,29.0,0.1,0.4,2.0,0.0,parquet,pintura,corredera,estándar (2.4-2.8m),nada,4.0,3.6,convencional,"['#F5F5DC', '#DEB887', '#8B4513']",buena,False,convencional,limitado,ninguno,ninguno,estándar,parcialmente equipada,ninguno,6.8,6.6,ninguna,5
https://www.tecnocasa.es/venta/piso/madrid/madrid/621660.html,141260.0,3,61.0,1,"Agencia inmobiliaria de MADRID zona SAN CRISTOBAL DE LOS ANGELES - COLONIA MARCONI, oficina TECNOCASA vende.
Vivienda compuesta de entrada, salón amplio y luminoso, cocina amueblada, baño completo, tres dormitorios amplios, buena comunicación a traves de Metro línea 3, parada San Cristóbal, cercanías RENFE línea C-3, estación San Cristóbal de los Ángeles', autobuses líneas 59, 79, Nocturno N-13, además el barrio cuenta con todos los servicios tanto de bancos, varios supermercados, institutos, colegios, guarderías, parques, ambulatorio San Cristóbal, polideportivo, pistas de frontón, el barrio esta muy cerca de la M40, M45, A4, fácil acceso por Avenida de Andalucía.",1,1,1,1,0,1,0,1,0,1,"['https://cdn-media.medialabtc.it/es/agencies/mdav0/estates/621660/images/8996451/gallery_media.jpeg', 'https://cdn-media.medialabtc.it/es/agencies/mdav0/estates/621660/images/8996390/gallery_media.jpeg', 'https://cdn-media.medialabtc.it/es/agencies/mdav0/estates/621660/images/8996400/gallery_media.jpeg', 'https://cdn-media.medialabtc.it/es/agencies/mdav0/estates/621660/images/8996391/gallery_media.jpeg', 'https://cdn-media.medialabtc.it/es/agencies/mdav0/estates/621660/images/8996397/gallery_media.jpeg', 'https://cdn-media.medialabtc.it/es/agencies/mdav0/estates/621660/images/8996394/gallery_media.jpeg', 'https://cdn-media.medialabtc.it/es/agencies/mdav0/estates/621660/images/8996392/gallery_media.jpeg', 'https://cdn-media.medialabtc.it/es/agencies/mdav0/estates/621660/images/8996446/gallery_media.jpeg', 'https://cdn-media.medialabtc.it/es/agencies/mdav0/estates/621660/images/8996449/gallery_media.jpeg', 'https://cdn-media.medialabtc.it/es/agencies/mdav0/estates/621660/images/8996395/gallery_media.jpeg', 'https://cdn-media.medialabtc.it/es/agencies/mdav0/estates/621660/images/8996444/gallery_media.jpeg', 'https://cdn-media.medialabtc.it/es/agencies/mdav0/estates/621660/images/8996396/gallery_media.jpeg', 'https://cdn-media.medialabtc.it/es/agencies/mdav0/estates/621660/images/8996450/gallery_media.jpeg', 'https://cdn-media.medialabtc.it/es/agencies/mdav0/estates/621660/images/8996399/gallery_media.jpeg', 'https://cdn-media.medialabtc.it/es/agencies/mdav0/estates/621660/images/8996398/gallery_media.jpeg', 'https://cdn-media.medialabtc.it/es/agencies/mdav0/estates/621660/images/8996445/gallery_media.jpeg', 'https://cdn-media.medialabtc.it/es/agencies/mdav0/estates/621660/images/8996393/gallery_media.jpeg', 'https://cdn-media.medialabtc.it/es/agencies/mdav0/estates/621660/images/8996401/gallery_media.jpeg', 'https://cdn-media.medialabtc.it/es/agencies/mdav0/estates/621660/images/8996443/gallery_media.jpeg', 'https://cdn-media.medialabtc.it/es/agencies/mdav0/estates/621660/images/8996447/gallery_media.jpeg', 'https://cdn-media.medialabtc.it/es/agencies/mdav0/estates/621660/images/8996448/gallery_media.jpeg', 'https://cdn-media.medialabtc.it/es/agencies/mdav0/estates/621660/images/8996442/gallery_media.jpeg']",0,Desconocido,0,0,0,0,0,F,0,0,"['imagenes_tecnocasa\\anuncio_259\\0.jpeg', 'imagenes_tecnocasa\\anuncio_259\\1.jpeg', 'imagenes_tecnocasa\\anuncio_259\\2.jpeg', 'imagenes_tecnocasa\\anuncio_259\\3.jpeg', 'imagenes_tecnocasa\\anuncio_259\\4.jpeg', 'imagenes_tecnocasa\\anuncio_259\\5.jpeg', 'imagenes_tecnocasa\\anuncio_259\\6.jpeg', 'imagenes_tecnocasa\\anuncio_259\\7.jpeg', 'imagenes_tecnocasa\\anuncio_259\\8.jpeg', 'imagenes_tecnocasa\\anuncio_259\\9.jpeg', 'imagenes_tecnocasa\\anuncio_259\\10.jpeg', 'imagenes_tecnocasa\\anuncio_259\\11.jpeg', 'imagenes_tecnocasa\\anuncio_259\\12.jpeg', 'imagenes_tecnocasa\\anuncio_259\\13.jpeg', 'imagenes_tecnocasa\\anuncio_259\\14.jpeg', 'imagenes_tecnocasa\\anuncio_259\\15.jpeg', 'imagenes_tecnocasa\\anuncio_259\\16.jpeg', 'imagenes_tecnocasa\\anuncio_259\\17.jpeg', 'imagenes_tecnocasa\\anuncio_259\\18.jpeg', 'imagenes_tecnocasa\\anuncio_259\\19.jpeg', 'imagenes_tecnocasa\\anuncio_259\\20.jpeg', 'imagenes_tecnocasa\\anuncio_259\\21.jpeg']",0,Popular,1964,0,0,0,piso,3,Madrid,"San Cristóbal, Madrid",40.4167047,-3.7035825,259,2315.7377049180327,98.0,84.0,0.0,0.0,2.0,0.0,otro,pintura,corredera,estándar (2.4-2.8m),nada,2.8,3.0,moderno,"['#008080', '#B0E0E6', '#FFFFFF']",regular,False,convencional,limitado,ninguno,ninguno,estándar,básica,ninguno,6.6,6.0,ninguna,5
https://www.tecnocasa.es/venta/piso/madrid/madrid/621823.html,193000.0,2,61.0,1,"ESTUDIO VISIONPRO SAN DIEGO SLU
¡Te ofrece esta oportunidad única situada en la calle Higinio Rodriguez!
Se trata de una primera planta con gran iluminación y que dispone de dos amplios dormitorios con acceso a una amplia terraza que a su vez también tiene acceso directo con la cocina, un baño completamente reformado y un gran salón independiente.
Pertenece a una comunidad muy tranquila y se rodea de todos los servicios y comercios básicos de un barrio tradicional como Palomeras Bajas (Supermercados, peluquerías, fruterías, bares, restaurantes, colegios, jardines infantiles). Además, está a pasos del parque de Avenida Candilejas, el Parque Azorín y del Centro comercial MADRID SUR, ubicado en Avenida de Pablo Neruda.
Consulte por su financiación a través de nuestro intermediario de Créditos Kiron, el gigante de las hipotecas en Europa con más de 30 años liderando el mercado de la intermediación de crédito.
Este año, GRUPO TECNOCASA cumple 31 años como líder del mercado inmobiliario en España.
Tecnocasa Candilejas; Pasado, presente y MUCHO FUTURO!",1,1,1,1,1,1,0,1,1,1,"['https://cdn-media.medialabtc.it/es/agencies/md105/estates/621823/images/8996743/gallery_media.jpeg', 'https://cdn-media.medialabtc.it/es/agencies/md105/estates/621823/images/8996741/gallery_media.jpeg', 'https://cdn-media.medialabtc.it/es/agencies/md105/estates/621823/images/8996750/gallery_media.jpeg', 'https://cdn-media.medialabtc.it/es/agencies/md105/estates/621823/images/8996753/gallery_media.jpeg', 'https://cdn-media.medialabtc.it/es/agencies/md105/estates/621823/images/8996756/gallery_media.jpeg', 'https://cdn-media.medialabtc.it/es/agencies/md105/estates/621823/images/8996738/gallery_media.jpeg', 'https://cdn-media.medialabtc.it/es/agencies/md105/estates/621823/images/8996762/gallery_media.jpeg', 'https://cdn-media.medialabtc.it/es/agencies/md105/estates/621823/images/8996760/gallery_media.jpeg', 'https://cdn-media.medialabtc.it/es/agencies/md105/estates/621823/images/8996745/gallery_media.jpeg', 'https://cdn-media.medialabtc.it/es/agencies/md105/estates/621823/images/8996759/gallery_media.jpeg', 'https://cdn-media.medialabtc.it/es/agencies/md105/estates/621823/images/8996764/gallery_media.jpeg', 'https://cdn-media.medialabtc.it/es/agencies/md105/estates/621823/images/8996761/gallery_media.jpeg', 'https://cdn-media.medialabtc.it/es/agencies/md105/estates/621823/images/8996757/gallery_media.jpeg', 'https://cdn-media.medialabtc.it/es/agencies/md105/estates/621823/images/8996765/gallery_media.jpeg', 'https://cdn-media.medialabtc.it/es/agencies/md105/estates/621823/images/8996767/gallery_media.jpeg', 'https://cdn-media.medialabtc.it/es/agencies/md105/estates/621823/images/8996742/gallery_media.jpeg', 'https://cdn-media.medialabtc.it/es/agencies/md105/estates/621823/images/8996763/gallery_media.jpeg', 'https://cdn-media.medialabtc.it/es/agencies/md105/estates/621823/images/8996755/gallery_media.jpeg', 'https://cdn-media.medialabtc.it/es/agencies/md105/estates/621823/images/8996758/gallery_media.jpeg', 'https://cdn-media.medialabtc.it/es/agencies/md105/estates/621823/images/8996749/gallery_media.jpeg', 'https://cdn-media.medialabtc.it/es/agencies/md105/estates/621823/images/8996739/gallery_media.jpeg', 'https://cdn-media.medialabtc.it/es/agencies/md105/estates/621823/images/8996751/gallery_media.jpeg', 'https://cdn-media.medialabtc.it/es/agencies/md105/estates/621823/images/8996746/gallery_media.jpeg', 'https://cdn-media.medialabtc.it/es/agencies/md105/estates/621823/images/8996748/gallery_media.jpeg', 'https://cdn-media.medialabtc.it/es/agencies/md105/estates/621823/images/8996754/gallery_media.jpeg', 'https://cdn-media.medialabtc.it/es/agencies/md105/estates/621823/images/8996744/gallery_media.jpeg', 'https://cdn-media.medialabtc.it/es/agencies/md105/estates/621823/images/8996747/gallery_media.jpeg', 'https://cdn-media.medialabtc.it/es/agencies/md105/estates/621823/images/8996740/gallery_media.jpeg', 'https://cdn-media.medialabtc.it/es/agencies/md105/estates/621823/images/8996752/gallery_media.jpeg', 'https://cdn-media.medialabtc.it/es/agencies/md105/estates/621823/images/8996766/gallery_media.jpeg']",0,Reformado,0,0,0,1,0,D,0,0,"['imagenes_tecnocasa\\anuncio_260\\0.jpeg', 'imagenes_tecnocasa\\anuncio_260\\1.jpeg', 'imagenes_tecnocasa\\anuncio_260\\2.jpeg', 'imagenes_tecnocasa\\anuncio_260\\3.jpeg', 'imagenes_tecnocasa\\anuncio_260\\4.jpeg', 'imagenes_tecnocasa\\anuncio_260\\5.jpeg', 'imagenes_tecnocasa\\anuncio_260\\6.jpeg', 'imagenes_tecnocasa\\anuncio_260\\7.jpeg', 'imagenes_tecnocasa\\anuncio_260\\8.jpeg', 'imagenes_tecnocasa\\anuncio_260\\9.jpeg', 'imagenes_tecnocasa\\anuncio_260\\10.jpeg', 'imagenes_tecnocasa\\anuncio_260\\11.jpeg', 'imagenes_tecnocasa\\anuncio_260\\12.jpeg', 'imagenes_tecnocasa\\anuncio_260\\13.jpeg', 'imagenes_tecnocasa\\anuncio_260\\14.jpeg', 'imagenes_tecnocasa\\anuncio_260\\15.jpeg', 'imagenes_tecnocasa\\anuncio_260\\16.jpeg', 'imagenes_tecnocasa\\anuncio_260\\17.jpeg', 'imagenes_tecnocasa\\anuncio_260\\18.jpeg', 'imagenes_tecnocasa\\anuncio_260\\19.jpeg', 'imagenes_tecnocasa\\anuncio_260\\20.jpeg', 'imagenes_tecnocasa\\anuncio_260\\21.jpeg', 'imagenes_tecnocasa\\anuncio_260\\22.jpeg', 'imagenes_tecnocasa\\anuncio_260\\23.jpeg', 'imagenes_tecnocasa\\anuncio_260\\24.jpeg', 'imagenes_tecnocasa\\anuncio_260\\25.jpeg', 'imagenes_tecnocasa\\anuncio_260\\26.jpeg', 'imagenes_tecnocasa\\anuncio_260\\27.jpeg', 'imagenes_tecnocasa\\anuncio_260\\28.jpeg', 'imagenes_tecnocasa\\anuncio_260\\29.jpeg']",0,Señorial,1972,0,0,0,piso,2,Madrid,"Palomeras - Portazgo, Madrid",40.4167047,-3.7035825,260,3163.934426229508,166.0,122.0,0.0,0.0,2.0,1.0,parquet,pintura,no visible,estándar (2.4-2.8m),nada,3.4,4.6,moderno,"['#F2A65C', '#D2B48C', '#FFFFFF']",regular,False,convencional,normal,ninguno,ninguno,estándar,básica,ninguno,6.4,6.2,ninguna,5
https://www.tecnocasa.es/venta/piso/madrid/madrid/622011.html,350000.0,2,77.0,1,"Descubre esta acogedora propiedad en el corazón del municipio de Madrid. Con una superficie de 77 m2, este piso en planta baja exterior ofrece un espacio funcional y bien distribuido. Cuenta con dos dormitorios que proporcionan comodidad y privacidad, ideales para una pareja o una pequeña familia. El baño, renovado, combina estilo y practicidad. La cocina, también actualizada, está equipada para satisfacer tus necesidades diarias. El salón es un espacio versátil, perfecto para relajarse o recibir visitas. La renovación reciente ha modernizado la propiedad, manteniendo su encanto original de 1970. La finca cuenta con portero fisico, jardines y zona infantil. Ubicada en una zona popular, esta vivienda ofrece acceso a servicios locales, transporte público y áreas recreativas. Es una oportunidad excelente para quienes buscan un hogar en una comunidad vibrante y bien conectada. No pierdas la oportunidad de visitar este piso y descubrir todo lo que tiene para ofrecer.",1,1,1,1,1,1,1,1,1,1,"['https://cdn-media.medialabtc.it/es/agencies/mdaie/estates/622011/images/9001149/gallery_media.jpeg', 'https://cdn-media.medialabtc.it/es/agencies/mdaie/estates/622011/images/9001150/gallery_media.jpeg', 'https://cdn-media.medialabtc.it/es/agencies/mdaie/estates/622011/images/9001167/gallery_media.jpeg', 'https://cdn-media.medialabtc.it/es/agencies/mdaie/estates/622011/images/9001162/gallery_media.jpeg', 'https://cdn-media.medialabtc.it/es/agencies/mdaie/estates/622011/images/9001160/gallery_media.jpeg', 'https://cdn-media.medialabtc.it/es/agencies/mdaie/estates/622011/images/9001151/gallery_media.jpeg', 'https://cdn-media.medialabtc.it/es/agencies/mdaie/estates/622011/images/9001159/gallery_media.jpeg', 'https://cdn-media.medialabtc.it/es/agencies/mdaie/estates/622011/images/9001171/gallery_media.jpeg', 'https://cdn-media.medialabtc.it/es/agencies/mdaie/estates/622011/images/9001170/gallery_media.jpeg', 'https://cdn-media.medialabtc.it/es/agencies/mdaie/estates/622011/images/9001152/gallery_media.jpeg', 'https://cdn-media.medialabtc.it/es/agencies/mdaie/estates/622011/images/9001164/gallery_media.jpeg', 'https://cdn-media.medialabtc.it/es/agencies/mdaie/estates/622011/images/9001155/gallery_media.jpeg', 'https://cdn-media.medialabtc.it/es/agencies/mdaie/estates/622011/images/9001148/gallery_media.jpeg', 'https://cdn-media.medialabtc.it/es/agencies/mdaie/estates/622011/images/9001154/gallery_media.jpeg', 'https://cdn-media.medialabtc.it/es/agencies/mdaie/estates/622011/images/9001169/gallery_media.jpeg', 'https://cdn-media.medialabtc.it/es/agencies/mdaie/estates/622011/images/9001165/gallery_media.jpeg', 'https://cdn-media.medialabtc.it/es/agencies/mdaie/estates/622011/images/9001173/gallery_media.jpeg', 'https://cdn-media.medialabtc.it/es/agencies/mdaie/estates/622011/images/9001158/gallery_media.jpeg', 'https://cdn-media.medialabtc.it/es/agencies/mdaie/estates/622011/images/9001161/gallery_media.jpeg', 'https://cdn-media.medialabtc.it/es/agencies/mdaie/estates/622011/images/9001156/gallery_media.jpeg', 'https://cdn-media.medialabtc.it/es/agencies/mdaie/estates/622011/images/9001166/gallery_media.jpeg', 'https://cdn-media.medialabtc.it/es/agencies/mdaie/estates/622011/images/9001163/gallery_media.jpeg', 'https://cdn-media.medialabtc.it/es/agencies/mdaie/estates/622011/images/9001157/gallery_media.jpeg', 'https://cdn-media.medialabtc.it/es/agencies/mdaie/estates/622011/images/9001168/gallery_media.jpeg', 'https://cdn-media.medialabtc.it/es/agencies/mdaie/estates/622011/images/9001172/gallery_media.jpeg', 'https://cdn-media.medialabtc.it/es/agencies/mdaie/estates/622011/images/9001153/gallery_media.jpeg']",0,Desconocido,0,0,0,0,1,E,0,0,"['imagenes_tecnocasa\\anuncio_261\\0.jpeg', 'imagenes_tecnocasa\\anuncio_261\\1.jpeg', 'imagenes_tecnocasa\\anuncio_261\\2.jpeg', 'imagenes_tecnocasa\\anuncio_261\\3.jpeg', 'imagenes_tecnocasa\\anuncio_261\\4.jpeg', 'imagenes_tecnocasa\\anuncio_261\\5.jpeg', 'imagenes_tecnocasa\\anuncio_261\\6.jpeg', 'imagenes_tecnocasa\\anuncio_261\\7.jpeg', 'imagenes_tecnocasa\\anuncio_261\\8.jpeg', 'imagenes_tecnocasa\\anuncio_261\\9.jpeg', 'imagenes_tecnocasa\\anuncio_261\\10.jpeg', 'imagenes_tecnocasa\\anuncio_261\\11.jpeg', 'imagenes_tecnocasa\\anuncio_261\\12.jpeg', 'imagenes_tecnocasa\\anuncio_261\\13.jpeg', 'imagenes_tecnocasa\\anuncio_261\\14.jpeg', 'imagenes_tecnocasa\\anuncio_261\\15.jpeg', 'imagenes_tecnocasa\\anuncio_261\\16.jpeg', 'imagenes_tecnocasa\\anuncio_261\\17.jpeg', 'imagenes_tecnocasa\\anuncio_261\\18.jpeg', 'imagenes_tecnocasa\\anuncio_261\\19.jpeg', 'imagenes_tecnocasa\\anuncio_261\\20.jpeg', 'imagenes_tecnocasa\\anuncio_261\\21.jpeg', 'imagenes_tecnocasa\\anuncio_261\\22.jpeg', 'imagenes_tecnocasa\\anuncio_261\\23.jpeg', 'imagenes_tecnocasa\\anuncio_261\\24.jpeg', 'imagenes_tecnocasa\\anuncio_261\\25.jpeg']",0,Popular,1970,0,0,0,piso,1,Bellas Vistas,"Bellas Vistas, Madrid",40.4526848,-3.7072396,261,4545.454545454545,149.0,111.0,0.4875,0.825,0.0,0.0,cerámica,pintura,corredera,estándar (2.4-2.8m),nada,4.2,5.4,convencional,"['#FFFFFF', '#006699', '#D3D3D3']",buena,False,convencional,normal,ninguno,ninguno,estándar,parcialmente equipada,ninguno,6.6,6.8,ninguna,5
https://www.tecnocasa.es/venta/piso/madrid/parla/622048.html,249000.0,2,80.0,2,"Agencia inmobiliaria de PARLA - zona PARLA ESTE.

Vivienda de RENTA LIBRE CON TERRAZA a la venta en Parla, zona de Parla Este.

Situada en una urbanización cerrada con amplias zonas ajardinadas, Conserje, Parque infantil, Pista de Pádel, Piscina, Gimnasio y Sala de eventos.

Dispone de 2 dormitorios con armarios empotrados, Cocina amueblada con tendedero, amplio salón con acceso a terraza (orientación Sur), 2 Baños (uno con ventana) Pintura lisa, suelo de tarima, gres en cocina y baño, plaza de garaje y trastero.

TECNOCASA, red inmobiliaria líder en el sector con más de 30 años de experiencia, presente con mas 900 oficinas a nivel nacional y 7 oficinas en Parla.",0,1,1,0,1,1,0,1,0,1,"['https://cdn-media.medialabtc.it/es/agencies/mdbp6/estates/622048/images/9001213/gallery_media.jpeg', 'https://cdn-media.medialabtc.it/es/agencies/mdbp6/estates/622048/images/9001211/gallery_media.jpeg', 'https://cdn-media.medialabtc.it/es/agencies/mdbp6/estates/622048/images/9001242/gallery_media.jpeg', 'https://cdn-media.medialabtc.it/es/agencies/mdbp6/estates/622048/images/9001210/gallery_media.jpeg', 'https://cdn-media.medialabtc.it/es/agencies/mdbp6/estates/622048/images/9001214/gallery_media.jpeg', 'https://cdn-media.medialabtc.it/es/agencies/mdbp6/estates/622048/images/9001206/gallery_media.jpeg', 'https://cdn-media.medialabtc.it/es/agencies/mdbp6/estates/622048/images/9001215/gallery_media.jpeg', 'https://cdn-media.medialabtc.it/es/agencies/mdbp6/estates/622048/images/9001212/gallery_media.jpeg', 'https://cdn-media.medialabtc.it/es/agencies/mdbp6/estates/622048/images/9001245/gallery_media.jpeg', 'https://cdn-media.medialabtc.it/es/agencies/mdbp6/estates/622048/images/9001244/gallery_media.jpeg', 'https://cdn-media.medialabtc.it/es/agencies/mdbp6/estates/622048/images/9001248/gallery_media.jpeg', 'https://cdn-media.medialabtc.it/es/agencies/mdbp6/estates/622048/images/9001204/gallery_media.jpeg', 'https://cdn-media.medialabtc.it/es/agencies/mdbp6/estates/622048/images/9001209/gallery_media.jpeg', 'https://cdn-media.medialabtc.it/es/agencies/mdbp6/estates/622048/images/9001247/gallery_media.jpeg', 'https://cdn-media.medialabtc.it/es/agencies/mdbp6/estates/622048/images/9001246/gallery_media.jpeg', 'https://cdn-media.medialabtc.it/es/agencies/mdbp6/estates/622048/images/9001208/gallery_media.jpeg', 'https://cdn-media.medialabtc.it/es/agencies/mdbp6/estates/622048/images/9001243/gallery_media.jpeg', 'https://cdn-media.medialabtc.it/es/agencies/mdbp6/estates/622048/images/9001216/gallery_media.jpeg', 'https://cdn-media.medialabtc.it/es/agencies/mdbp6/estates/622048/images/9001205/gallery_media.jpeg', 'https://cdn-media.medialabtc.it/es/agencies/mdbp6/estates/622048/images/9001207/gallery_media.jpeg']",0,Desconocido,1,1,1,1,1,Desconocida,0,0,"['imagenes_tecnocasa\\anuncio_262\\0.jpeg', 'imagenes_tecnocasa\\anuncio_262\\1.jpeg', 'imagenes_tecnocasa\\anuncio_262\\2.jpeg', 'imagenes_tecnocasa\\anuncio_262\\3.jpeg', 'imagenes_tecnocasa\\anuncio_262\\4.jpeg', 'imagenes_tecnocasa\\anuncio_262\\5.jpeg', 'imagenes_tecnocasa\\anuncio_262\\6.jpeg', 'imagenes_tecnocasa\\anuncio_262\\7.jpeg', 'imagenes_tecnocasa\\anuncio_262\\8.jpeg', 'imagenes_tecnocasa\\anuncio_262\\9.jpeg', 'imagenes_tecnocasa\\anuncio_262\\10.jpeg', 'imagenes_tecnocasa\\anuncio_262\\11.jpeg', 'imagenes_tecnocasa\\anuncio_262\\12.jpeg', 'imagenes_tecnocasa\\anuncio_262\\13.jpeg', 'imagenes_tecnocasa\\anuncio_262\\14.jpeg', 'imagenes_tecnocasa\\anuncio_262\\15.jpeg', 'imagenes_tecnocasa\\anuncio_262\\16.jpeg', 'imagenes_tecnocasa\\anuncio_262\\17.jpeg', 'imagenes_tecnocasa\\anuncio_262\\18.jpeg', 'imagenes_tecnocasa\\anuncio_262\\19.jpeg']",0,Media,2012,1,0,0,piso,3,Parla,Parla,40.2373952,-3.7718902,262,3112.5,110.0,81.0,0.0,0.0,1.0,0.0,parquet,pintura,corredera,estándar (2.4-2.8m),nada,4.0,5.2,convencional,"['#9966CC', '#F08080', '#F5F5DC']",buena,True,convencional,normal,ninguno,ninguno,estándar,básica,ninguno,6.8,6.2,ninguna,5
https://www.tecnocasa.es/venta/piso/madrid/madrid/617780.html,199000.0,2,78.0,2,"Tecnocasa Candilejas trae en exclusiva esta maravillosa vivienda en una primera planta con ascensor a tan sólo pasos de la Avenida de Pablo Neruda.

Se compone de un maravilloso salón con mucha luz, una amplia cocina con doble encimera y dos habitaciones fantásticas, además de tener un baño totalmente equipado.

Pertenece a una comunidad muy tranquila y se rodea de todos los servicios y comercios básicos de un barrio tradicional como Palomeras Bajas (Supermercados, peluquerías, fruterías, bares, restaurantes, colegios, jardines infantiles). Además, está a pasos del parque de Avenida Candilejas, el Parque Azorín y del Centro comercial MADRID SUR, ubicado en Avenida de Pablo Neruda.

Consulte por su financiación a través de nuestro intermediario de Créditos Kiron, el gigante de las hipotecas en Europa.

Este año, GRUPO TECNOCASA cumple 30 años como líder del mercado inmobiliario en España.
Tecnocasa Candilejas; Pasado, presente y MUCHO FUTURO!",1,1,1,1,1,1,0,1,0,1,"['https://cdn-media.medialabtc.it/es/agencies/md105/estates/617780/images/8912018/gallery_media.jpeg', 'https://cdn-media.medialabtc.it/es/agencies/md105/estates/617780/images/8912024/gallery_media.jpeg', 'https://cdn-media.medialabtc.it/es/agencies/md105/estates/617780/images/8912029/gallery_media.jpeg', 'https://cdn-media.medialabtc.it/es/agencies/md105/estates/617780/images/8912032/gallery_media.jpeg', 'https://cdn-media.medialabtc.it/es/agencies/md105/estates/617780/images/8912027/gallery_media.jpeg', 'https://cdn-media.medialabtc.it/es/agencies/md105/estates/617780/images/8912036/gallery_media.jpeg', 'https://cdn-media.medialabtc.it/es/agencies/md105/estates/617780/images/8912030/gallery_media.jpeg', 'https://cdn-media.medialabtc.it/es/agencies/md105/estates/617780/images/8912026/gallery_media.jpeg', 'https://cdn-media.medialabtc.it/es/agencies/md105/estates/617780/images/8912022/gallery_media.jpeg', 'https://cdn-media.medialabtc.it/es/agencies/md105/estates/617780/images/8912021/gallery_media.jpeg', 'https://cdn-media.medialabtc.it/es/agencies/md105/estates/617780/images/8912013/gallery_media.jpeg', 'https://cdn-media.medialabtc.it/es/agencies/md105/estates/617780/images/8912017/gallery_media.jpeg', 'https://cdn-media.medialabtc.it/es/agencies/md105/estates/617780/images/8912023/gallery_media.jpeg', 'https://cdn-media.medialabtc.it/es/agencies/md105/estates/617780/images/8912038/gallery_media.jpeg', 'https://cdn-media.medialabtc.it/es/agencies/md105/estates/617780/images/8912020/gallery_media.jpeg', 'https://cdn-media.medialabtc.it/es/agencies/md105/estates/617780/images/8912016/gallery_media.jpeg', 'https://cdn-media.medialabtc.it/es/agencies/md105/estates/617780/images/8912028/gallery_media.jpeg', 'https://cdn-media.medialabtc.it/es/agencies/md105/estates/617780/images/8912034/gallery_media.jpeg', 'https://cdn-media.medialabtc.it/es/agencies/md105/estates/617780/images/8912025/gallery_media.jpeg', 'https://cdn-media.medialabtc.it/es/agencies/md105/estates/617780/images/8912015/gallery_media.jpeg', 'https://cdn-media.medialabtc.it/es/agencies/md105/estates/617780/images/8912035/gallery_media.jpeg', 'https://cdn-media.medialabtc.it/es/agencies/md105/estates/617780/images/8912014/gallery_media.jpeg', 'https://cdn-media.medialabtc.it/es/agencies/md105/estates/617780/images/8912033/gallery_media.jpeg', 'https://cdn-media.medialabtc.it/es/agencies/md105/estates/617780/images/8912031/gallery_media.jpeg', 'https://cdn-media.medialabtc.it/es/agencies/md105/estates/617780/images/8912037/gallery_media.jpeg', 'https://cdn-media.medialabtc.it/es/agencies/md105/estates/617780/images/8912019/gallery_media.jpeg']",0,Desconocido,0,0,0,0,0,E,1,0,"['imagenes_tecnocasa\\anuncio_263\\0.jpeg', 'imagenes_tecnocasa\\anuncio_263\\1.jpeg', 'imagenes_tecnocasa\\anuncio_263\\2.jpeg', 'imagenes_tecnocasa\\anuncio_263\\3.jpeg', 'imagenes_tecnocasa\\anuncio_263\\4.jpeg', 'imagenes_tecnocasa\\anuncio_263\\5.jpeg', 'imagenes_tecnocasa\\anuncio_263\\6.jpeg', 'imagenes_tecnocasa\\anuncio_263\\7.jpeg', 'imagenes_tecnocasa\\anuncio_263\\8.jpeg', 'imagenes_tecnocasa\\anuncio_263\\9.jpeg', 'imagenes_tecnocasa\\anuncio_263\\10.jpeg', 'imagenes_tecnocasa\\anuncio_263\\11.jpeg', 'imagenes_tecnocasa\\anuncio_263\\12.jpeg', 'imagenes_tecnocasa\\anuncio_263\\13.jpeg', 'imagenes_tecnocasa\\anuncio_263\\14.jpeg', 'imagenes_tecnocasa\\anuncio_263\\15.jpeg', 'imagenes_tecnocasa\\anuncio_263\\16.jpeg', 'imagenes_tecnocasa\\anuncio_263\\17.jpeg', 'imagenes_tecnocasa\\anuncio_263\\18.jpeg', 'imagenes_tecnocasa\\anuncio_263\\19.jpeg', 'imagenes_tecnocasa\\anuncio_263\\20.jpeg', 'imagenes_tecnocasa\\anuncio_263\\21.jpeg', 'imagenes_tecnocasa\\anuncio_263\\22.jpeg', 'imagenes_tecnocasa\\anuncio_263\\23.jpeg', 'imagenes_tecnocasa\\anuncio_263\\24.jpeg', 'imagenes_tecnocasa\\anuncio_263\\25.jpeg']",0,Señorial,1994,0,0,0,piso,2,Madrid,"Palomeras - Portazgo, Madrid",40.4167047,-3.7035825,263,2551.2820512820513,145.0,108.0,0.0,0.0,0.0,0.0,cerámica,pintura,corredera,estándar (2.4-2.8m),nada,3.2,2.8,convencional,"['#FFA500', '#FFFFFF', '#D2B48C']",regular,False,convencional,limitado,ninguno,ninguno,estándar,básica,ninguno,5.6,5.6,ninguna,5
https://www.tecnocasa.es/venta/piso/madrid/madrid/608443.html,175000.0,2,68.0,1,"Tecnocasa Candilejas trae en exclusiva este maravilloso piso reformado hace menos de 10 años ubicado en una cuarta planta con ascensor de 60 metros cuadrados a tan sólo 500 metros del Centro comercial Madrid Sur.
Cuenta con un amplio salón con aire acondicionado, dos habitaciones, baño y cocina reformados y equipados. Pertenece a una comunidad muy tranquila y se rodea de todos los servicios y comercios básicos de un barrio tradicional como Palomeras Bajas (Supermercados, peluquerías, fruterías, bares, restaurantes, colegios, jardines infantiles). Además, está a pasos del parque de Avenida Candilejas, el Parque Azorín y del Centro comercial MADRID SUR, ubicado en Avenida de Pablo Neruda.
Consulta por tu hipoteca a través de nuestro soporte KIRON, el gigante de las hipotecas en Europa.
TECNOCASA; ¡Pasado, presente y MUCHO FUTURO!",1,1,1,1,1,1,0,1,0,1,"['https://cdn-media.medialabtc.it/es/agencies/md105/estates/608443/images/8686412/gallery_media.jpeg', 'https://cdn-media.medialabtc.it/es/agencies/md105/estates/608443/images/8686408/gallery_media.jpeg', 'https://cdn-media.medialabtc.it/es/agencies/md105/estates/608443/images/8686348/gallery_media.jpeg', 'https://cdn-media.medialabtc.it/es/agencies/md105/estates/608443/images/8686356/gallery_media.jpeg', 'https://cdn-media.medialabtc.it/es/agencies/md105/estates/608443/images/8686350/gallery_media.jpeg', 'https://cdn-media.medialabtc.it/es/agencies/md105/estates/608443/images/8686404/gallery_media.jpeg', 'https://cdn-media.medialabtc.it/es/agencies/md105/estates/608443/images/8686349/gallery_media.jpeg', 'https://cdn-media.medialabtc.it/es/agencies/md105/estates/608443/images/8686359/gallery_media.jpeg', 'https://cdn-media.medialabtc.it/es/agencies/md105/estates/608443/images/8686402/gallery_media.jpeg', 'https://cdn-media.medialabtc.it/es/agencies/md105/estates/608443/images/8686403/gallery_media.jpeg', 'https://cdn-media.medialabtc.it/es/agencies/md105/estates/608443/images/8686361/gallery_media.jpeg', 'https://cdn-media.medialabtc.it/es/agencies/md105/estates/608443/images/8686351/gallery_media.jpeg', 'https://cdn-media.medialabtc.it/es/agencies/md105/estates/608443/images/8686358/gallery_media.jpeg', 'https://cdn-media.medialabtc.it/es/agencies/md105/estates/608443/images/8686360/gallery_media.jpeg', 'https://cdn-media.medialabtc.it/es/agencies/md105/estates/608443/images/8686411/gallery_media.jpeg', 'https://cdn-media.medialabtc.it/es/agencies/md105/estates/608443/images/8686354/gallery_media.jpeg', 'https://cdn-media.medialabtc.it/es/agencies/md105/estates/608443/images/8686407/gallery_media.jpeg', 'https://cdn-media.medialabtc.it/es/agencies/md105/estates/608443/images/8686409/gallery_media.jpeg', 'https://cdn-media.medialabtc.it/es/agencies/md105/estates/608443/images/8686357/gallery_media.jpeg', 'https://cdn-media.medialabtc.it/es/agencies/md105/estates/608443/images/8686405/gallery_media.jpeg', 'https://cdn-media.medialabtc.it/es/agencies/md105/estates/608443/images/8686352/gallery_media.jpeg', 'https://cdn-media.medialabtc.it/es/agencies/md105/estates/608443/images/8686353/gallery_media.jpeg', 'https://cdn-media.medialabtc.it/es/agencies/md105/estates/608443/images/8686355/gallery_media.jpeg', 'https://cdn-media.medialabtc.it/es/agencies/md105/estates/608443/images/8686406/gallery_media.jpeg', 'https://cdn-media.medialabtc.it/es/agencies/md105/estates/608443/images/8686410/gallery_media.jpeg']",0,Reformado,0,0,0,0,0,E,0,0,"['imagenes_tecnocasa\\anuncio_264\\0.jpeg', 'imagenes_tecnocasa\\anuncio_264\\1.jpeg', 'imagenes_tecnocasa\\anuncio_264\\2.jpeg', 'imagenes_tecnocasa\\anuncio_264\\3.jpeg', 'imagenes_tecnocasa\\anuncio_264\\4.jpeg', 'imagenes_tecnocasa\\anuncio_264\\5.jpeg', 'imagenes_tecnocasa\\anuncio_264\\6.jpeg', 'imagenes_tecnocasa\\anuncio_264\\7.jpeg', 'imagenes_tecnocasa\\anuncio_264\\8.jpeg', 'imagenes_tecnocasa\\anuncio_264\\9.jpeg', 'imagenes_tecnocasa\\anuncio_264\\10.jpeg', 'imagenes_tecnocasa\\anuncio_264\\11.jpeg', 'imagenes_tecnocasa\\anuncio_264\\12.jpeg', 'imagenes_tecnocasa\\anuncio_264\\13.jpeg', 'imagenes_tecnocasa\\anuncio_264\\14.jpeg', 'imagenes_tecnocasa\\anuncio_264\\15.jpeg', 'imagenes_tecnocasa\\anuncio_264\\16.jpeg', 'imagenes_tecnocasa\\anuncio_264\\17.jpeg', 'imagenes_tecnocasa\\anuncio_264\\18.jpeg', 'imagenes_tecnocasa\\anuncio_264\\19.jpeg', 'imagenes_tecnocasa\\anuncio_264\\20.jpeg', 'imagenes_tecnocasa\\anuncio_264\\21.jpeg', 'imagenes_tecnocasa\\anuncio_264\\22.jpeg', 'imagenes_tecnocasa\\anuncio_264\\23.jpeg', 'imagenes_tecnocasa\\anuncio_264\\24.jpeg']",0,Media,1960,0,0,0,piso,4,Madrid,"San Diego, Madrid",40.4167047,-3.7035825,264,2573.529411764706,129.0,99.0,0.0,0.0,2.0,0.0,otro,pintura,corredera,estándar (2.4-2.8m),nada,4.2,5.4,convencional,"['#FFFFFF', '#D3D3D3', '#808080']",buena,True,convencional,normal,ninguno,ninguno,estándar,básica,ninguno,6.4,7.0,ninguna,5
https://www.tecnocasa.es/venta/piso/madrid/ciempozuelos/621719.html,183380.0,3,90.0,2,"Agencia inmobiliaria de Seseña-zona Seseña-Ciempozuelos-oficina Tecnocasa

¡VENDE PISO en CIEMPOZUELOS de 90m2 CONSTRUIDOS con plaza de garaje incluida en el precio!

Distribuido en salón-comedor amplio independiente, cocina con acceso a un pequeño tendedero, desde el hall accedemos a un aseo, y a tres luminosos y amplios dormitorios; uno de ellos destinado a sala de estar con armario empotrado y a un baño completo.

El edificio no tiene ascensor.

La vivienda se encuentra ubicada en una zona céntrica, teniendo cerca diversos servicios, como supermercados, paradas de autobús y tan sólo a 4 minutos de la plaza del pueblo.

No dude en llamarnos para concertar su cita para visitar el inmueble en la que además recibirá el estudio gratuito de nuestro departamento financiero KÌRON.

Si necesitas valoración gratuita de tu vivienda, ¡no dudes en pedir información!",0,1,1,0,1,1,1,1,0,1,"['https://cdn-media.medialabtc.it/es/agencies/to508/estates/621719/images/8998533/gallery_media.jpeg', 'https://cdn-media.medialabtc.it/es/agencies/to508/estates/621719/images/8998534/gallery_media.jpeg', 'https://cdn-media.medialabtc.it/es/agencies/to508/estates/621719/images/8998560/gallery_media.jpeg', 'https://cdn-media.medialabtc.it/es/agencies/to508/estates/621719/images/8998559/gallery_media.jpeg', 'https://cdn-media.medialabtc.it/es/agencies/to508/estates/621719/images/8998552/gallery_media.jpeg', 'https://cdn-media.medialabtc.it/es/agencies/to508/estates/621719/images/8998556/gallery_media.jpeg', 'https://cdn-media.medialabtc.it/es/agencies/to508/estates/621719/images/8998555/gallery_media.jpeg', 'https://cdn-media.medialabtc.it/es/agencies/to508/estates/621719/images/8998547/gallery_media.jpeg', 'https://cdn-media.medialabtc.it/es/agencies/to508/estates/621719/images/8998550/gallery_media.jpeg', 'https://cdn-media.medialabtc.it/es/agencies/to508/estates/621719/images/8998554/gallery_media.jpeg', 'https://cdn-media.medialabtc.it/es/agencies/to508/estates/621719/images/8998548/gallery_media.jpeg', 'https://cdn-media.medialabtc.it/es/agencies/to508/estates/621719/images/8998545/gallery_media.jpeg', 'https://cdn-media.medialabtc.it/es/agencies/to508/estates/621719/images/8998535/gallery_media.jpeg', 'https://cdn-media.medialabtc.it/es/agencies/to508/estates/621719/images/8998557/gallery_media.jpeg', 'https://cdn-media.medialabtc.it/es/agencies/to508/estates/621719/images/8998562/gallery_media.jpeg', 'https://cdn-media.medialabtc.it/es/agencies/to508/estates/621719/images/8998538/gallery_media.jpeg', 'https://cdn-media.medialabtc.it/es/agencies/to508/estates/621719/images/8998558/gallery_media.jpeg', 'https://cdn-media.medialabtc.it/es/agencies/to508/estates/621719/images/8998549/gallery_media.jpeg', 'https://cdn-media.medialabtc.it/es/agencies/to508/estates/621719/images/8998546/gallery_media.jpeg', 'https://cdn-media.medialabtc.it/es/agencies/to508/estates/621719/images/8998543/gallery_media.jpeg', 'https://cdn-media.medialabtc.it/es/agencies/to508/estates/621719/images/8998536/gallery_media.jpeg', 'https://cdn-media.medialabtc.it/es/agencies/to508/estates/621719/images/8998561/gallery_media.jpeg', 'https://cdn-media.medialabtc.it/es/agencies/to508/estates/621719/images/8998544/gallery_media.jpeg', 'https://cdn-media.medialabtc.it/es/agencies/to508/estates/621719/images/8998553/gallery_media.jpeg', 'https://cdn-media.medialabtc.it/es/agencies/to508/estates/621719/images/8998563/gallery_media.jpeg', 'https://cdn-media.medialabtc.it/es/agencies/to508/estates/621719/images/8998537/gallery_media.jpeg']",0,Desconocido,1,0,0,0,0,Desconocida,0,0,"['imagenes_tecnocasa\\anuncio_265\\0.jpeg', 'imagenes_tecnocasa\\anuncio_265\\1.jpeg', 'imagenes_tecnocasa\\anuncio_265\\2.jpeg', 'imagenes_tecnocasa\\anuncio_265\\3.jpeg', 'imagenes_tecnocasa\\anuncio_265\\4.jpeg', 'imagenes_tecnocasa\\anuncio_265\\5.jpeg', 'imagenes_tecnocasa\\anuncio_265\\6.jpeg', 'imagenes_tecnocasa\\anuncio_265\\7.jpeg', 'imagenes_tecnocasa\\anuncio_265\\8.jpeg', 'imagenes_tecnocasa\\anuncio_265\\9.jpeg', 'imagenes_tecnocasa\\anuncio_265\\10.jpeg', 'imagenes_tecnocasa\\anuncio_265\\11.jpeg', 'imagenes_tecnocasa\\anuncio_265\\12.jpeg', 'imagenes_tecnocasa\\anuncio_265\\13.jpeg', 'imagenes_tecnocasa\\anuncio_265\\14.jpeg', 'imagenes_tecnocasa\\anuncio_265\\15.jpeg', 'imagenes_tecnocasa\\anuncio_265\\16.jpeg', 'imagenes_tecnocasa\\anuncio_265\\17.jpeg', 'imagenes_tecnocasa\\anuncio_265\\18.jpeg', 'imagenes_tecnocasa\\anuncio_265\\19.jpeg', 'imagenes_tecnocasa\\anuncio_265\\20.jpeg', 'imagenes_tecnocasa\\anuncio_265\\21.jpeg', 'imagenes_tecnocasa\\anuncio_265\\22.jpeg', 'imagenes_tecnocasa\\anuncio_265\\23.jpeg', 'imagenes_tecnocasa\\anuncio_265\\24.jpeg', 'imagenes_tecnocasa\\anuncio_265\\25.jpeg']",0,Media,1989,0,0,0,piso,2,Ciempozuelos,Ciempozuelos,40.1580087,-3.6205514,265,2037.5555555555557,134.0,102.0,0.0,0.0,2.0,0.0,cerámica,pintura,otro,estándar (2.4-2.8m),nada,4.0,3.6,clásico,"['#F2F2F2', '#FFFFFF', '#CECECE']",regular,False,convencional,limitado,ninguno,ninguno,estándar,básica,ninguno,7.0,6.4,ninguna,5
https://www.tecnocasa.es/venta/piso/madrid/valdemoro/621802.html,240000.0,3,84.0,2,"Descubre esta acogedora vivienda en el municipio de Valdemoro, ideal para quienes buscan comodidad y funcionalidad. Con una superficie de 84 m², esta propiedad ofrece TRES DORMITORIOS bien distribuidos, perfectos para toda la familia. El BAÑO COMPLETO cuenta con bañera y mampara, además de un ASEO adicional para mayor comodidad. La cocina es práctica y está equipada con una terraza lavadero, facilitando las tareas diarias. Los suelos de parquet y la carpintería interior de roble aportan calidez y elegancia a cada rincón del hogar. Los armarios empotrados en los dormitorios optimizan el espacio de almacenamiento. Incluye una PLAZA DE APARCAMIENTO, asegurando la tranquilidad de tener siempre un lugar para tu vehículo. Además, el edificio cuenta con una zona comunitaria destinada a trastero, ofreciendo espacio adicional para guardar lo que necesites. Construida en 1997, la propiedad se encuentra en una ubicación estratégica, cercana al centro de Valdemoro, rodeada de servicios como tiendas, colegios y parques, y bien conectada con la red de transporte público.
Para facilitar tu proceso de compra, ofrecemos un estudio financiero gratuito con Kiron, asegurando que encuentres la mejor opción de financiación. No pierdas la oportunidad de visitar esta propiedad y descubrir todo lo que tiene para ofrecer. ¡Contáctanos para más información!",0,1,1,1,0,1,0,1,0,1,"['https://cdn-media.medialabtc.it/es/agencies/mdbe3/estates/621802/images/8997320/gallery_media.jpeg', 'https://cdn-media.medialabtc.it/es/agencies/mdbe3/estates/621802/images/8997318/gallery_media.jpeg', 'https://cdn-media.medialabtc.it/es/agencies/mdbe3/estates/621802/images/8997316/gallery_media.jpeg', 'https://cdn-media.medialabtc.it/es/agencies/mdbe3/estates/621802/images/8997323/gallery_media.jpeg', 'https://cdn-media.medialabtc.it/es/agencies/mdbe3/estates/621802/images/8997322/gallery_media.jpeg', 'https://cdn-media.medialabtc.it/es/agencies/mdbe3/estates/621802/images/8997321/gallery_media.jpeg', 'https://cdn-media.medialabtc.it/es/agencies/mdbe3/estates/621802/images/8997319/gallery_media.jpeg', 'https://cdn-media.medialabtc.it/es/agencies/mdbe3/estates/621802/images/8997317/gallery_media.jpeg']",0,Desconocido,1,1,0,1,0,E,0,0,"['imagenes_tecnocasa\\anuncio_266\\0.jpeg', 'imagenes_tecnocasa\\anuncio_266\\1.jpeg', 'imagenes_tecnocasa\\anuncio_266\\2.jpeg', 'imagenes_tecnocasa\\anuncio_266\\3.jpeg', 'imagenes_tecnocasa\\anuncio_266\\4.jpeg', 'imagenes_tecnocasa\\anuncio_266\\5.jpeg', 'imagenes_tecnocasa\\anuncio_266\\6.jpeg', 'imagenes_tecnocasa\\anuncio_266\\7.jpeg']",0,Popular,1997,1,0,0,piso,2,Valdemoro,Valdemoro,40.1888604,-3.67143,266,2857.1428571428573,204.0,142.0,0.45,0.5,0.0,1.0,parquet,pintura,corredera,estándar (2.4-2.8m),nada,3.4,3.6,convencional,"['#F5F5DC', '#8FBC8F', '#AFEEEE']",regular,False,convencional,limitado,ninguno,ninguno,estándar,básica,ninguno,5.6,6.6,ninguna,5
https://www.tecnocasa.es/venta/piso/madrid/madrid/616925.html,340000.0,3,96.0,1,"Agencia inmobiliaria Tecnocasa Huerta Castañeda 2002 S. L. VENDE LUMINOSO ÁTICO EN ALTO DE EXTREMADURA.
Ático situado en la 4º planta: Está distribuido en cocina, salón, 3 habitaciones, baño y terraza. La vivienda son 68 m2 construidos, 8 m2 de trastero y la terraza 75 m2 construidos. El inmueble es luminoso debido a la orientación Suroeste. Dispone de calefacción individual de gas natural y aire acondicionado. Muy próximo a las paradas de metro de Lucero y Alto de Extremadura (Línea 6).
El inmueble se beneficiará del soterramiento de la A-5 que permitirá dar continuidad al bulevar peatonalizado de la avenida de Portugal hasta la avenida del Padre Piquer en una actuación que comprende un total de 3,2 kilómetros. La zona de donde se encuentra ubicado el inmueble ya se beneficia del soterramiento actual sin embargo se beneficiará de la prolongación del bulevar que mostramos en el siguiente enlace: (FUENTE: TELEMADRID)
Disponible para venta inmediata. El inmueble ocupa una cuota de participación de 11,50% sobre los elementos comunes del edificio. El edificio fue constuido en el año 1962. La ITE es favorable y esta en vigor hasta 2028. El edificio consta de amplio acceso con doble puerta. Además, con parada de autobús con líneas 31, 33, 36, 39, 65, 500 y N-19, que le dirigen tanto a la zona de Moncloa-Plza. de España- Príncipe Pío, como a la Puerta del Sol y a Atocha.
Ubicado en una zona muy tranquila, a escasos minutos de la Casa de Campo, uno de los pulmones verdes de la ciudad. Este parque fue cerrado al tráfico casi en su totalidad y ahora es uno de los mejores espacios de la Comunidad de Madrid para poder practicar nuestro deporte favorito al aire libre. Además de espacios ajardinados, parques, colegios, zonas verdes, centros de salud, polideportivos y centros comerciales y de ocio en todo el entorno. Zona muy consolidada con todos los servicios. La vivienda se encuentra muy cerca de la zona Plaza España-Palacio Real.
Preguntar por condiciones de venta. La información contenida en este anuncio no tiene carácter contractual ni vinculante, ya que podría contener alguna incorreción. En el precio de venta expuesto no se hayan incluidos los gastos de formalización de la compraventa, tales como honorarios de notaria, honorarios de la inscripción registral, honorarios por la tramitación e inscripción registral de escrituras ni el ITP (Impuesto de Transmisiones Patrimoniales, siendo el tipo máximo en la Comunidad de Madrid del 6%). Del mismo modo, en el precio anunciado, no se incluyen los honorarios los honorarios de la agencia al comprador, que ascienden al 3%+IVA (tipo impositivo 21%) que se abonarán por el sobre el precio fijado en la promesa de compra suscrita por el mismo. Tampoco se encuentra incluidos en el precio anunciado de venta otros tributos y gastos que pudieran existir al suscribir una hipoteca, tales como gastos de tasación, comisión bancaria de apertura del préstamo, AJD (Impuesto por los Actos Jurídicos Documentados, gastos de segundas copias.",1,1,1,1,1,1,1,1,1,1,"['https://cdn-media.medialabtc.it/es/agencies/mdaa5/estates/616925/images/8985014/gallery_media.jpeg', 'https://cdn-media.medialabtc.it/es/agencies/mdaa5/estates/616925/images/8985069/gallery_media.jpeg', 'https://cdn-media.medialabtc.it/es/agencies/mdaa5/estates/616925/images/8985072/gallery_media.jpeg', 'https://cdn-media.medialabtc.it/es/agencies/mdaa5/estates/616925/images/8985074/gallery_media.jpeg', 'https://cdn-media.medialabtc.it/es/agencies/mdaa5/estates/616925/images/8985063/gallery_media.jpeg', 'https://cdn-media.medialabtc.it/es/agencies/mdaa5/estates/616925/images/8985067/gallery_media.jpeg', 'https://cdn-media.medialabtc.it/es/agencies/mdaa5/estates/616925/images/8985012/gallery_media.jpeg', 'https://cdn-media.medialabtc.it/es/agencies/mdaa5/estates/616925/images/8985059/gallery_media.jpeg', 'https://cdn-media.medialabtc.it/es/agencies/mdaa5/estates/616925/images/8985075/gallery_media.jpeg', 'https://cdn-media.medialabtc.it/es/agencies/mdaa5/estates/616925/images/8985073/gallery_media.jpeg', 'https://cdn-media.medialabtc.it/es/agencies/mdaa5/estates/616925/images/8985060/gallery_media.jpeg', 'https://cdn-media.medialabtc.it/es/agencies/mdaa5/estates/616925/images/8985076/gallery_media.jpeg', 'https://cdn-media.medialabtc.it/es/agencies/mdaa5/estates/616925/images/8985068/gallery_media.jpeg', 'https://cdn-media.medialabtc.it/es/agencies/mdaa5/estates/616925/images/8985065/gallery_media.jpeg', 'https://cdn-media.medialabtc.it/es/agencies/mdaa5/estates/616925/images/8985058/gallery_media.jpeg', 'https://cdn-media.medialabtc.it/es/agencies/mdaa5/estates/616925/images/8985635/gallery_media.jpeg', 'https://cdn-media.medialabtc.it/es/agencies/mdaa5/estates/616925/images/8985071/gallery_media.jpeg', 'https://cdn-media.medialabtc.it/es/agencies/mdaa5/estates/616925/images/8985062/gallery_media.jpeg', 'https://cdn-media.medialabtc.it/es/agencies/mdaa5/estates/616925/images/8985013/gallery_media.jpeg', 'https://cdn-media.medialabtc.it/es/agencies/mdaa5/estates/616925/images/8985077/gallery_media.jpeg', 'https://cdn-media.medialabtc.it/es/agencies/mdaa5/estates/616925/images/8985066/gallery_media.jpeg', 'https://cdn-media.medialabtc.it/es/agencies/mdaa5/estates/616925/images/8985061/gallery_media.jpeg', 'https://cdn-media.medialabtc.it/es/agencies/mdaa5/estates/616925/images/8985064/gallery_media.jpeg', 'https://cdn-media.medialabtc.it/es/agencies/mdaa5/estates/616925/images/8985057/gallery_media.jpeg', 'https://cdn-media.medialabtc.it/es/agencies/mdaa5/estates/616925/images/8985070/gallery_media.jpeg']",0,Desconocido,0,1,0,1,0,G,0,0,"['imagenes_tecnocasa\\anuncio_267\\0.jpeg', 'imagenes_tecnocasa\\anuncio_267\\1.jpeg', 'imagenes_tecnocasa\\anuncio_267\\2.jpeg', 'imagenes_tecnocasa\\anuncio_267\\3.jpeg', 'imagenes_tecnocasa\\anuncio_267\\4.jpeg', 'imagenes_tecnocasa\\anuncio_267\\5.jpeg', 'imagenes_tecnocasa\\anuncio_267\\6.jpeg', 'imagenes_tecnocasa\\anuncio_267\\7.jpeg', 'imagenes_tecnocasa\\anuncio_267\\8.jpeg', 'imagenes_tecnocasa\\anuncio_267\\9.jpeg', 'imagenes_tecnocasa\\anuncio_267\\10.jpeg', 'imagenes_tecnocasa\\anuncio_267\\11.jpeg', 'imagenes_tecnocasa\\anuncio_267\\12.jpeg', 'imagenes_tecnocasa\\anuncio_267\\13.jpeg', 'imagenes_tecnocasa\\anuncio_267\\14.jpeg', 'imagenes_tecnocasa\\anuncio_267\\15.jpeg', 'imagenes_tecnocasa\\anuncio_267\\16.jpeg', 'imagenes_tecnocasa\\anuncio_267\\17.jpeg', 'imagenes_tecnocasa\\anuncio_267\\18.jpeg', 'imagenes_tecnocasa\\anuncio_267\\19.jpeg', 'imagenes_tecnocasa\\anuncio_267\\20.jpeg', 'imagenes_tecnocasa\\anuncio_267\\21.jpeg', 'imagenes_tecnocasa\\anuncio_267\\22.jpeg', 'imagenes_tecnocasa\\anuncio_267\\23.jpeg', 'imagenes_tecnocasa\\anuncio_267\\24.jpeg']",1,Media,1962,1,0,0,piso,3,Lucero,"Lucero, Madrid",40.4021568,-3.7511015,267,3541.6666666666665,492.0,288.0,-0.075,0.4916666666666667,2.0,0.0,otro,pintura,otro,estándar (2.4-2.8m),nada,3.6,4.0,clásico,"['#FFFFFF', '#C0C0C0', '#A0522D']",regular,False,convencional,limitado,ninguno,ninguno,estándar,básica,ninguno,6.8,6.2,ninguna,5
https://www.tecnocasa.es/venta/piso/madrid/madrid/619528.html,250000.0,3,108.0,2,"¡AMPLIO PISO CON DOS TERRAZAS ESQUINERAS Y LISTO PARA ENTRAR A VIVIR!
Vallecas – 3ª Planta con Ascensor
250.000€ 106m² construidos / 95m² útiles
Fotos disponibles por mensaje privado
¿Buscas un hogar luminoso, bien distribuido y en perfecto estado para entrar a vivir? ¡Este piso lo tiene todo!
3 Dormitorios (uno con armario empotrado)
2 Baños completos con bañera
2 Terrazas, una de ellas esquinera, ideal para disfrutar de más luz y ventilación natural
Amplio salón y cocina independiente
Suelos de cerámica
Calefacción individual por gas natural
3ª planta con ascensor
La terraza principal, al hacer esquina con el edificio, proporciona una excelente circulación de aire y una agradable sensación de amplitud, perfecta para disfrutar todo el año.
Ideal para familias que buscan comodidad, luz y espacio en una zona bien comunicada.",1,1,1,1,1,1,0,1,1,1,"['https://cdn-media.medialabtc.it/es/agencies/md012/estates/619528/images/8954048/gallery_media.jpeg', 'https://cdn-media.medialabtc.it/es/agencies/md012/estates/619528/images/8954333/gallery_media.jpeg', 'https://cdn-media.medialabtc.it/es/agencies/md012/estates/619528/images/9000891/gallery_media.jpeg', 'https://cdn-media.medialabtc.it/es/agencies/md012/estates/619528/images/8954055/gallery_media.jpeg', 'https://cdn-media.medialabtc.it/es/agencies/md012/estates/619528/images/9000889/gallery_media.jpeg', 'https://cdn-media.medialabtc.it/es/agencies/md012/estates/619528/images/8954049/gallery_media.jpeg', 'https://cdn-media.medialabtc.it/es/agencies/md012/estates/619528/images/9000896/gallery_media.jpeg', 'https://cdn-media.medialabtc.it/es/agencies/md012/estates/619528/images/8954051/gallery_media.jpeg', 'https://cdn-media.medialabtc.it/es/agencies/md012/estates/619528/images/9000893/gallery_media.jpeg', 'https://cdn-media.medialabtc.it/es/agencies/md012/estates/619528/images/9000890/gallery_media.jpeg', 'https://cdn-media.medialabtc.it/es/agencies/md012/estates/619528/images/9000892/gallery_media.jpeg', 'https://cdn-media.medialabtc.it/es/agencies/md012/estates/619528/images/9000894/gallery_media.jpeg', 'https://cdn-media.medialabtc.it/es/agencies/md012/estates/619528/images/8954052/gallery_media.jpeg', 'https://cdn-media.medialabtc.it/es/agencies/md012/estates/619528/images/8954053/gallery_media.jpeg', 'https://cdn-media.medialabtc.it/es/agencies/md012/estates/619528/images/9000895/gallery_media.jpeg', 'https://cdn-media.medialabtc.it/es/agencies/md012/estates/619528/images/8954050/gallery_media.jpeg', 'https://cdn-media.medialabtc.it/es/agencies/md012/estates/619528/images/8954047/gallery_media.jpeg', 'https://cdn-media.medialabtc.it/es/agencies/md012/estates/619528/images/8954054/gallery_media.jpeg']",0,Desconocido,0,0,0,1,0,Desconocida,0,0,"['imagenes_tecnocasa\\anuncio_268\\0.jpeg', 'imagenes_tecnocasa\\anuncio_268\\1.jpeg', 'imagenes_tecnocasa\\anuncio_268\\2.jpeg', 'imagenes_tecnocasa\\anuncio_268\\3.jpeg', 'imagenes_tecnocasa\\anuncio_268\\4.jpeg', 'imagenes_tecnocasa\\anuncio_268\\5.jpeg', 'imagenes_tecnocasa\\anuncio_268\\6.jpeg', 'imagenes_tecnocasa\\anuncio_268\\7.jpeg', 'imagenes_tecnocasa\\anuncio_268\\8.jpeg', 'imagenes_tecnocasa\\anuncio_268\\9.jpeg', 'imagenes_tecnocasa\\anuncio_268\\10.jpeg', 'imagenes_tecnocasa\\anuncio_268\\11.jpeg', 'imagenes_tecnocasa\\anuncio_268\\12.jpeg', 'imagenes_tecnocasa\\anuncio_268\\13.jpeg', 'imagenes_tecnocasa\\anuncio_268\\14.jpeg', 'imagenes_tecnocasa\\anuncio_268\\15.jpeg', 'imagenes_tecnocasa\\anuncio_268\\16.jpeg', 'imagenes_tecnocasa\\anuncio_268\\17.jpeg']",1,Popular,1986,1,0,0,piso,3,Madrid,"Palomeras - Portazgo, Madrid",40.4167047,-3.7035825,268,2314.814814814815,132.0,105.0,0.4,0.6399999999999999,2.0,1.0,parquet,pintura,corredera,estándar (2.4-2.8m),nada,4.4,5.2,moderno,"['#D8BFD8', '#FFFAF0', '#F0E68C']",buena,False,convencional,limitado,ninguno,ninguno,estándar,no visible,ninguno,7.4,6.4,ninguna,5
https://www.tecnocasa.es/venta/piso/madrid/madrid/620492.html,255000.0,4,135.0,2,"¡Amplia vivienda de 4 habitaciones con patio y accesible para todos!
Precio: 255.000 €
Estudio Nuevo Riojanos te presenta esta espaciosa planta baja con altura de primero, ideal para quienes buscan un hogar amplio y con posibilidades de reforma en la zona de Vallecas.
Características principales:
135 m² construidos 114 m² útiles
4 habitaciones, una con armario empotrado
2 baños completos con plato de ducha, uno de ellos adaptado para personas con movilidad reducida
Patio privado, perfecto para disfrutar al aire libre
Salón-comedor con bomba de aire frío/calor
Cocina independiente
Calefacción individual de gas natural
Suelos de cerámica en toda la vivienda
Acceso adaptado al edificio para personas con movilidad reducida
La vivienda está para reformar, ideal para adaptarla a tu gusto y necesidades.
Fotos disponibles por privado. ¡Solicítalas sin compromiso!",1,1,1,1,1,1,0,1,1,1,"['https://cdn-media.medialabtc.it/es/agencies/md012/estates/620492/images/8965546/gallery_media.jpeg', 'https://cdn-media.medialabtc.it/es/agencies/md012/estates/620492/images/8965501/gallery_media.jpeg', 'https://cdn-media.medialabtc.it/es/agencies/md012/estates/620492/images/9000880/gallery_media.jpeg', 'https://cdn-media.medialabtc.it/es/agencies/md012/estates/620492/images/9000881/gallery_media.jpeg', 'https://cdn-media.medialabtc.it/es/agencies/md012/estates/620492/images/8965542/gallery_media.jpeg', 'https://cdn-media.medialabtc.it/es/agencies/md012/estates/620492/images/9000885/gallery_media.jpeg', 'https://cdn-media.medialabtc.it/es/agencies/md012/estates/620492/images/8965543/gallery_media.jpeg', 'https://cdn-media.medialabtc.it/es/agencies/md012/estates/620492/images/8965549/gallery_media.jpeg', 'https://cdn-media.medialabtc.it/es/agencies/md012/estates/620492/images/8965500/gallery_media.jpeg', 'https://cdn-media.medialabtc.it/es/agencies/md012/estates/620492/images/8965547/gallery_media.jpeg', 'https://cdn-media.medialabtc.it/es/agencies/md012/estates/620492/images/8965544/gallery_media.jpeg', 'https://cdn-media.medialabtc.it/es/agencies/md012/estates/620492/images/9000879/gallery_media.jpeg', 'https://cdn-media.medialabtc.it/es/agencies/md012/estates/620492/images/9000874/gallery_media.jpeg', 'https://cdn-media.medialabtc.it/es/agencies/md012/estates/620492/images/8965545/gallery_media.jpeg']",0,Desconocido,0,0,0,0,0,E,0,0,"['imagenes_tecnocasa\\anuncio_269\\0.jpeg', 'imagenes_tecnocasa\\anuncio_269\\1.jpeg', 'imagenes_tecnocasa\\anuncio_269\\2.jpeg', 'imagenes_tecnocasa\\anuncio_269\\3.jpeg', 'imagenes_tecnocasa\\anuncio_269\\4.jpeg', 'imagenes_tecnocasa\\anuncio_269\\5.jpeg', 'imagenes_tecnocasa\\anuncio_269\\6.jpeg', 'imagenes_tecnocasa\\anuncio_269\\7.jpeg', 'imagenes_tecnocasa\\anuncio_269\\8.jpeg', 'imagenes_tecnocasa\\anuncio_269\\9.jpeg', 'imagenes_tecnocasa\\anuncio_269\\10.jpeg', 'imagenes_tecnocasa\\anuncio_269\\11.jpeg', 'imagenes_tecnocasa\\anuncio_269\\12.jpeg', 'imagenes_tecnocasa\\anuncio_269\\13.jpeg']",1,De época,1985,0,0,1,piso,2,Madrid,"Palomeras - Portazgo, Madrid",40.4167047,-3.7035825,269,1888.888888888889,131.0,95.0,0.5,0.7,1.0,1.0,otro,otro,otro,otro,nada,2.0,2.8,otro,"['#E07A5F', '#D2B48C', '#FFFFFF']",regular,True,otro,otro,ninguno,ninguno,otro,otro,ninguno,4.6,4.8,ninguna,5
https://www.tecnocasa.es/venta/piso/madrid/madrid/616798.html,189000.0,3,57.0,1,"Agencia inmobiliaria Tecnocasa Huerta Castañeda 2002 S. L. de MADRID VENDE VIVIENDA A 2 MINUTOS DEL METRO LUCERO.
Vivienda situada en la 3º: Está distribuido en entrada, salón, 3 habitaciones y baño. La vivienda son 57 m2. El inmueble es luminoso debido a la orientación Norte. Dispone de calefacción individual. A menos de 5 minutos andando del metro Lucero (Línea 6).
- Ventanas de aluminio.
- Puertas interiores de madera.
- Paredes gotelé.
- Puerta blindada.
- Orientación Norte.
- Suelo de baldosa.
- Baño con bañera.
Se vende como cuerpo cierto, según la situación física real.
Dispone de calefacción individual. Disponible para venta inmediata.
El edificio es del año 1957. Actualmente la ITE es favorable y está en vigor hasta 2034. El edificio consta de amplio acceso.
A menos de 5 minutos andando de la parada de metro Lucero (Línea 6) y a escasos 10 minutos andando de la Casa de Campo, además, con parada de autobús justo abajo con líneas 31, 33, 36, 39, 65, 500 y N-19, que le dirigen tanto a la zona de Moncloa-Plza. de España- Príncipe Pío, como a la Puerta del Sol y a Atocha.
Ubicado en una zona muy tranquila, a escasos minutos de la Casa de Campo, uno de los pulmones verdes de la ciudad. Este parque fue cerrado al tráfico casi en su totalidad y ahora es uno de los mejores espacios de la Comunidad de Madrid para poder practicar nuestro deporte favorito al aire libre. Además de espacios ajardinados, parques, colegios, zonas verdes, centros de salud, polideportivos y centros comerciales y de ocio en todo el entorno. Zona muy consolidada con todos los servicios. La vivienda se encuentra muy cerca de la zona Plaza España-Palacio Real.
El Paseo Extremadura comunica con el puente de Segovia por un extremo y a la A-5 por el otro, la M30 y Madrid Río. Zona de fácil aparcamiento debido a la zona SER. (Zona verde).
Preguntar por condiciones de venta. La información contenida en este anuncio no tiene carácter contractual ni vinculante, ya que podría contener alguna incorreción. En el precio de venta expuesto no se hayan incluidos los gastos de formalización de la compraventa, tales como honorarios de notaria, honorarios de la inscripción registral, honorarios por la tramitación e inscripción registral de escrituras ni el ITP (Impuesto de Transmisiones Patrimoniales, siendo el tipo máximo en la Comunidad de Madrid del 6%). Del mismo modo, en el precio anunciado, no se incluyen los honorarios los honorarios de la agencia al comprador, que ascienden al 3%+IVA (tipo impositivo 21%) que se abonarán por el sobre el precio fijado en la promesa de compra suscrita por el mismo. Tampoco se encuentra incluidos en el precio anunciado de venta otros tributos y gastos que pudieran existir al suscribir una hipoteca, tales como gastos de tasación, comisión bancaria de apertura del préstamo, AJD (Impuesto por los Actos Jurídicos Documentados, gastos de segundas copias.",1,1,1,1,1,1,1,1,1,1,"['https://cdn-media.medialabtc.it/es/agencies/mdaa5/estates/616798/images/8901306/gallery_media.jpeg', 'https://cdn-media.medialabtc.it/es/agencies/mdaa5/estates/616798/images/8901311/gallery_media.jpeg', 'https://cdn-media.medialabtc.it/es/agencies/mdaa5/estates/616798/images/8922113/gallery_media.jpeg', 'https://cdn-media.medialabtc.it/es/agencies/mdaa5/estates/616798/images/8985558/gallery_media.jpeg', 'https://cdn-media.medialabtc.it/es/agencies/mdaa5/estates/616798/images/8901312/gallery_media.jpeg', 'https://cdn-media.medialabtc.it/es/agencies/mdaa5/estates/616798/images/8901313/gallery_media.jpeg', 'https://cdn-media.medialabtc.it/es/agencies/mdaa5/estates/616798/images/8901309/gallery_media.jpeg', 'https://cdn-media.medialabtc.it/es/agencies/mdaa5/estates/616798/images/8985561/gallery_media.jpeg', 'https://cdn-media.medialabtc.it/es/agencies/mdaa5/estates/616798/images/8901314/gallery_media.jpeg', 'https://cdn-media.medialabtc.it/es/agencies/mdaa5/estates/616798/images/8985557/gallery_media.jpeg', 'https://cdn-media.medialabtc.it/es/agencies/mdaa5/estates/616798/images/8985560/gallery_media.jpeg', 'https://cdn-media.medialabtc.it/es/agencies/mdaa5/estates/616798/images/8922111/gallery_media.jpeg', 'https://cdn-media.medialabtc.it/es/agencies/mdaa5/estates/616798/images/8901305/gallery_media.jpeg', 'https://cdn-media.medialabtc.it/es/agencies/mdaa5/estates/616798/images/8901308/gallery_media.jpeg', 'https://cdn-media.medialabtc.it/es/agencies/mdaa5/estates/616798/images/8901307/gallery_media.jpeg', 'https://cdn-media.medialabtc.it/es/agencies/mdaa5/estates/616798/images/8901310/gallery_media.jpeg', 'https://cdn-media.medialabtc.it/es/agencies/mdaa5/estates/616798/images/8922112/gallery_media.jpeg']",0,Desconocido,1,0,0,0,0,Desconocida,0,0,"['imagenes_tecnocasa\\anuncio_270\\0.jpeg', 'imagenes_tecnocasa\\anuncio_270\\1.jpeg', 'imagenes_tecnocasa\\anuncio_270\\2.jpeg', 'imagenes_tecnocasa\\anuncio_270\\3.jpeg', 'imagenes_tecnocasa\\anuncio_270\\4.jpeg', 'imagenes_tecnocasa\\anuncio_270\\5.jpeg', 'imagenes_tecnocasa\\anuncio_270\\6.jpeg', 'imagenes_tecnocasa\\anuncio_270\\7.jpeg', 'imagenes_tecnocasa\\anuncio_270\\8.jpeg', 'imagenes_tecnocasa\\anuncio_270\\9.jpeg', 'imagenes_tecnocasa\\anuncio_270\\10.jpeg', 'imagenes_tecnocasa\\anuncio_270\\11.jpeg', 'imagenes_tecnocasa\\anuncio_270\\12.jpeg', 'imagenes_tecnocasa\\anuncio_270\\13.jpeg', 'imagenes_tecnocasa\\anuncio_270\\14.jpeg', 'imagenes_tecnocasa\\anuncio_270\\15.jpeg', 'imagenes_tecnocasa\\anuncio_270\\16.jpeg']",0,Popular,1957,1,0,0,piso,3,Lucero,"Lucero, Madrid",40.4021568,-3.7511015,270,3315.7894736842104,486.0,279.0,0.1,0.35000000000000003,2.0,0.0,otro,pintura,corredera,estándar (2.4-2.8m),nada,2.4,3.2,convencional,"['#C8553D', '#D68910', '#F1F1F1']",regular,False,convencional,limitado,ninguno,ninguno,básico,básica,ninguno,5.8,5.6,ninguna,5
https://www.tecnocasa.es/venta/casa/madrid/villalbilla/620936.html,549500.0,4,211.0,3,"¡TECNOCASA VENDE FANTÁSTICO CHALET PAREADO EN EL VISO!
CHALET PAREADO MUY LUMINOSO.
-Planta principal:
Amplio salón con grandes ventanales, aire acondicionado y acceso directo al jardín.
Cocina independiente, completamente nueva y moderna, con salida al jardín.
1 habitación con armario empotrado.
1 baño completo con plato de ducha.
-Segunda planta:
3 habitaciones muy amplias, todas con armarios empotrados.
Dormitorio principal con baño en suite, aire acondicionado y acceso a una terraza privada.
-Destacamos de la vivienda:
Sistema de aerotermia en toda la casa, lo que garantiza eficiencia energética.
Placa solar con acumulador para el agua caliente.
Piscina salina.

Garaje para dos coches.
NO DUDES EN CONTACTAR CON NOSOTROS PARA MAS INFORMACIÓN.
CONSULTA CON NUESTRO DEPARTAMENTO FINANCIERO LAS MEJORES OPCIONES PARA TU HIPOTECA AL 100%.",0,0,1,1,1,0,0,1,0,1,"['https://cdn-media.medialabtc.it/es/agencies/md553/estates/620936/images/8998517/gallery_media.jpeg', 'https://cdn-media.medialabtc.it/es/agencies/md553/estates/620936/images/8998523/gallery_media.jpeg', 'https://cdn-media.medialabtc.it/es/agencies/md553/estates/620936/images/8998509/gallery_media.jpeg', 'https://cdn-media.medialabtc.it/es/agencies/md553/estates/620936/images/8998528/gallery_media.jpeg', 'https://cdn-media.medialabtc.it/es/agencies/md553/estates/620936/images/8998508/gallery_media.jpeg', 'https://cdn-media.medialabtc.it/es/agencies/md553/estates/620936/images/8998525/gallery_media.jpeg', 'https://cdn-media.medialabtc.it/es/agencies/md553/estates/620936/images/8998514/gallery_media.jpeg', 'https://cdn-media.medialabtc.it/es/agencies/md553/estates/620936/images/8998512/gallery_media.jpeg', 'https://cdn-media.medialabtc.it/es/agencies/md553/estates/620936/images/8998527/gallery_media.jpeg', 'https://cdn-media.medialabtc.it/es/agencies/md553/estates/620936/images/8998520/gallery_media.jpeg', 'https://cdn-media.medialabtc.it/es/agencies/md553/estates/620936/images/8998530/gallery_media.jpeg', 'https://cdn-media.medialabtc.it/es/agencies/md553/estates/620936/images/8998522/gallery_media.jpeg', 'https://cdn-media.medialabtc.it/es/agencies/md553/estates/620936/images/8998461/gallery_media.jpeg', 'https://cdn-media.medialabtc.it/es/agencies/md553/estates/620936/images/8998511/gallery_media.jpeg', 'https://cdn-media.medialabtc.it/es/agencies/md553/estates/620936/images/8998510/gallery_media.jpeg', 'https://cdn-media.medialabtc.it/es/agencies/md553/estates/620936/images/8998532/gallery_media.jpeg', 'https://cdn-media.medialabtc.it/es/agencies/md553/estates/620936/images/8998518/gallery_media.jpeg', 'https://cdn-media.medialabtc.it/es/agencies/md553/estates/620936/images/8998526/gallery_media.jpeg', 'https://cdn-media.medialabtc.it/es/agencies/md553/estates/620936/images/8998524/gallery_media.jpeg', 'https://cdn-media.medialabtc.it/es/agencies/md553/estates/620936/images/8998521/gallery_media.jpeg', 'https://cdn-media.medialabtc.it/es/agencies/md553/estates/620936/images/8998515/gallery_media.jpeg', 'https://cdn-media.medialabtc.it/es/agencies/md553/estates/620936/images/8998531/gallery_media.jpeg', 'https://cdn-media.medialabtc.it/es/agencies/md553/estates/620936/images/8998513/gallery_media.jpeg', 'https://cdn-media.medialabtc.it/es/agencies/md553/estates/620936/images/8998516/gallery_media.jpeg', 'https://cdn-media.medialabtc.it/es/agencies/md553/estates/620936/images/8998529/gallery_media.jpeg', 'https://cdn-media.medialabtc.it/es/agencies/md553/estates/620936/images/8998519/gallery_media.jpeg']",0,Desconocido,1,0,1,1,0,B,0,0,"['imagenes_tecnocasa\\anuncio_277\\0.jpeg', 'imagenes_tecnocasa\\anuncio_277\\1.jpeg', 'imagenes_tecnocasa\\anuncio_277\\2.jpeg', 'imagenes_tecnocasa\\anuncio_277\\3.jpeg', 'imagenes_tecnocasa\\anuncio_277\\4.jpeg', 'imagenes_tecnocasa\\anuncio_277\\5.jpeg', 'imagenes_tecnocasa\\anuncio_277\\6.jpeg', 'imagenes_tecnocasa\\anuncio_277\\7.jpeg', 'imagenes_tecnocasa\\anuncio_277\\8.jpeg', 'imagenes_tecnocasa\\anuncio_277\\9.jpeg', 'imagenes_tecnocasa\\anuncio_277\\10.jpeg', 'imagenes_tecnocasa\\anuncio_277\\11.jpeg', 'imagenes_tecnocasa\\anuncio_277\\12.jpeg', 'imagenes_tecnocasa\\anuncio_277\\13.jpeg', 'imagenes_tecnocasa\\anuncio_277\\14.jpeg', 'imagenes_tecnocasa\\anuncio_277\\15.jpeg', 'imagenes_tecnocasa\\anuncio_277\\16.jpeg', 'imagenes_tecnocasa\\anuncio_277\\17.jpeg', 'imagenes_tecnocasa\\anuncio_277\\18.jpeg', 'imagenes_tecnocasa\\anuncio_277\\19.jpeg', 'imagenes_tecnocasa\\anuncio_277\\20.jpeg', 'imagenes_tecnocasa\\anuncio_277\\21.jpeg', 'imagenes_tecnocasa\\anuncio_277\\22.jpeg', 'imagenes_tecnocasa\\anuncio_277\\23.jpeg', 'imagenes_tecnocasa\\anuncio_277\\24.jpeg', 'imagenes_tecnocasa\\anuncio_277\\25.jpeg']",0,De época,2018,0,0,0,casa,1,Villalbilla,Villalbilla,40.4323665,-3.2987815,277,2604.265402843602,124.0,99.0,0.5,1.0,2.0,0.0,otro,pintura,corredera,estándar (2.4-2.8m),nada,6.6,6.8,moderno,"['#A9A9A9', '#F5F5DC', '#FAEBD7']",buena,True,eficiente,normal,terraza,ninguno,estándar,parcialmente equipada,ninguno,8.0,7.0,ninguna,5
https://www.tecnocasa.es/venta/piso/madrid/madrid/620373.html,319000.0,3,85.0,1,"TECNOCASA ESTUDIO PASEO JESUITAS SL / MADRID / PUERTA DEL ANGEL/ PASEO EXTREMADURA
VENDE EN EXCLUSIVA:
Piso de 84m2 distribuido en:
- Primera planta
- Salón
- Cocina
- 3 dormitorios
- 1 baño
Cuenta con variedad de comercios a su alrededor y servicios públicos. Junto a casa de campo, y a cinco minutos del metro puerta del ángel. Descubre esta encantadora propiedad ubicada en el corazón de la zona Puerta del Ángel. Con una superficie de 84 m², este piso ofrece un ambiente acogedor y funcional. Construido en 1964, el inmueble conserva un estilo señorial que se refleja en cada uno de sus espacios. La vivienda, cuenta con tres dormitorios bien distribuidos, con opción de una cuarta habitación ya que gracias a su amplitud es posible. Un salón comedor que supera los 20 m² y una cocina que posee una campana extractora nueva, de resto a reformar. Además de un práctico baño con ventana y plato de ducha a estreno. Dispone de una azotea comunitaria donde poder disfrutar del buen tiempo admirando sus vistas hacia la ciudad de Madrid. Situado en una zona con orientación norte-sur que aporta luminosidad calidez y conservando una temperatura ambiente en cualquier epoca del año, un excelente acceso a servicios, transporte y áreas verdes, como el parque Caramuel; este piso es una oportunidad única para quienes desean vivir en una ubicación privilegiada de Madrid. No pierdas la oportunidad de conocer este hogar que combina tradición y funcionalidad en un entorno urbano.
Muy cercano a madrid rio y a príncipe pio. A pocos minutos del centro.
La zona dispone de varias líneas de autobús (158,138, 31,65, 33, 36 y 39).
Metro (línea 6, Puerta del Ángel, Paseo de Extremadura).",1,1,1,1,1,1,1,1,1,1,"['https://cdn-media.medialabtc.it/es/agencies/md077/estates/620373/images/8960250/gallery_media.jpeg', 'https://cdn-media.medialabtc.it/es/agencies/md077/estates/620373/images/8960259/gallery_media.jpeg', 'https://cdn-media.medialabtc.it/es/agencies/md077/estates/620373/images/8960240/gallery_media.jpeg', 'https://cdn-media.medialabtc.it/es/agencies/md077/estates/620373/images/8960253/gallery_media.jpeg', 'https://cdn-media.medialabtc.it/es/agencies/md077/estates/620373/images/8960168/gallery_media.jpeg', 'https://cdn-media.medialabtc.it/es/agencies/md077/estates/620373/images/8960243/gallery_media.jpeg', 'https://cdn-media.medialabtc.it/es/agencies/md077/estates/620373/images/8960171/gallery_media.jpeg', 'https://cdn-media.medialabtc.it/es/agencies/md077/estates/620373/images/8960242/gallery_media.jpeg', 'https://cdn-media.medialabtc.it/es/agencies/md077/estates/620373/images/8960249/gallery_media.jpeg', 'https://cdn-media.medialabtc.it/es/agencies/md077/estates/620373/images/8960167/gallery_media.jpeg', 'https://cdn-media.medialabtc.it/es/agencies/md077/estates/620373/images/8960248/gallery_media.jpeg', 'https://cdn-media.medialabtc.it/es/agencies/md077/estates/620373/images/8960169/gallery_media.jpeg', 'https://cdn-media.medialabtc.it/es/agencies/md077/estates/620373/images/8960260/gallery_media.jpeg', 'https://cdn-media.medialabtc.it/es/agencies/md077/estates/620373/images/8960170/gallery_media.jpeg', 'https://cdn-media.medialabtc.it/es/agencies/md077/estates/620373/images/8960255/gallery_media.jpeg', 'https://cdn-media.medialabtc.it/es/agencies/md077/estates/620373/images/8960239/gallery_media.jpeg', 'https://cdn-media.medialabtc.it/es/agencies/md077/estates/620373/images/8960166/gallery_media.jpeg', 'https://cdn-media.medialabtc.it/es/agencies/md077/estates/620373/images/8960241/gallery_media.jpeg', 'https://cdn-media.medialabtc.it/es/agencies/md077/estates/620373/images/8960244/gallery_media.jpeg', 'https://cdn-media.medialabtc.it/es/agencies/md077/estates/620373/images/8960247/gallery_media.jpeg', 'https://cdn-media.medialabtc.it/es/agencies/md077/estates/620373/images/8960256/gallery_media.jpeg', 'https://cdn-media.medialabtc.it/es/agencies/md077/estates/620373/images/8960172/gallery_media.jpeg', 'https://cdn-media.medialabtc.it/es/agencies/md077/estates/620373/images/8960252/gallery_media.jpeg', 'https://cdn-media.medialabtc.it/es/agencies/md077/estates/620373/images/8960173/gallery_media.jpeg', 'https://cdn-media.medialabtc.it/es/agencies/md077/estates/620373/images/8960245/gallery_media.jpeg', 'https://cdn-media.medialabtc.it/es/agencies/md077/estates/620373/images/8960251/gallery_media.jpeg', 'https://cdn-media.medialabtc.it/es/agencies/md077/estates/620373/images/8960254/gallery_media.jpeg', 'https://cdn-media.medialabtc.it/es/agencies/md077/estates/620373/images/8960257/gallery_media.jpeg', 'https://cdn-media.medialabtc.it/es/agencies/md077/estates/620373/images/8960258/gallery_media.jpeg', 'https://cdn-media.medialabtc.it/es/agencies/md077/estates/620373/images/8960246/gallery_media.jpeg']",1,A reformar,0,0,0,0,0,D,0,0,"['imagenes_tecnocasa\\anuncio_278\\0.jpeg', 'imagenes_tecnocasa\\anuncio_278\\1.jpeg', 'imagenes_tecnocasa\\anuncio_278\\2.jpeg', 'imagenes_tecnocasa\\anuncio_278\\3.jpeg', 'imagenes_tecnocasa\\anuncio_278\\4.jpeg', 'imagenes_tecnocasa\\anuncio_278\\5.jpeg', 'imagenes_tecnocasa\\anuncio_278\\6.jpeg', 'imagenes_tecnocasa\\anuncio_278\\7.jpeg', 'imagenes_tecnocasa\\anuncio_278\\8.jpeg', 'imagenes_tecnocasa\\anuncio_278\\9.jpeg', 'imagenes_tecnocasa\\anuncio_278\\10.jpeg', 'imagenes_tecnocasa\\anuncio_278\\11.jpeg', 'imagenes_tecnocasa\\anuncio_278\\12.jpeg', 'imagenes_tecnocasa\\anuncio_278\\13.jpeg', 'imagenes_tecnocasa\\anuncio_278\\14.jpeg', 'imagenes_tecnocasa\\anuncio_278\\15.jpeg', 'imagenes_tecnocasa\\anuncio_278\\16.jpeg', 'imagenes_tecnocasa\\anuncio_278\\17.jpeg', 'imagenes_tecnocasa\\anuncio_278\\18.jpeg', 'imagenes_tecnocasa\\anuncio_278\\19.jpeg', 'imagenes_tecnocasa\\anuncio_278\\20.jpeg', 'imagenes_tecnocasa\\anuncio_278\\21.jpeg', 'imagenes_tecnocasa\\anuncio_278\\22.jpeg', 'imagenes_tecnocasa\\anuncio_278\\23.jpeg', 'imagenes_tecnocasa\\anuncio_278\\24.jpeg', 'imagenes_tecnocasa\\anuncio_278\\25.jpeg', 'imagenes_tecnocasa\\anuncio_278\\26.jpeg', 'imagenes_tecnocasa\\anuncio_278\\27.jpeg', 'imagenes_tecnocasa\\anuncio_278\\28.jpeg', 'imagenes_tecnocasa\\anuncio_278\\29.jpeg']",0,Señorial,1964,1,0,0,piso,1,Madrid,"Puerta Del Ángel, Madrid",40.4167047,-3.7035825,278,3752.9411764705883,284.0,192.0,0.0,0.0,0.0,1.0,cerámica,pintura,abatible,estándar (2.4-2.8m),nada,3.33,3.67,moderno,"['#D3D3D3', '#A9A9A9', '#808080']",regular,False,convencional,limitado,ninguno,ninguno,básico,básica,ninguno,7.0,6.0,ninguna,3
