Enlace,Precio,Dormitorios,Superficie,Num_baños,Descripción,Metro,Renfe,Bus,Farmacia,Bar,Restaurante,Hospital,Supermercado,Tienda,Colegio,Imagenes,Vistas,Estado_conservacion,Garaje,Trastero,Piscina,Terraza_balcon,Seguridad_portero,Etiqueta,Amueblado,Calle_tranquila,Imagenes_locales,Aire acondicionado,Tipo_de_inmueble,Año_de_construccion,Calefaccion,Jardin,Ascensor,Tipo_vivienda,Planta_ordinal,distrito/ciudad,Localización_normalizada,Latitud,Longitud,announcement_id,Precio_m2,Longitud_desc,Riqueza_desc,Polaridad_desc,Subjetividad_desc,Adjetivos_positivos,Urgencia_desc,tipo_suelo,material_pared,tipo_ventana,altura_techo,elementos_estructurales_visibles,nivel_lujo,nivel_modernidad,estilo_principal,paleta_colores,calidad_iluminacion,espacio_abierto,distribucion_espacios,espacios_almacenaje,zonas_exteriores,tecnologia_visible,calidad_bano,equipamiento_cocina,defectos_visibles,nivel_foto_profesional,equilibrio_composicion,distorsion_perspectiva,num_imagenes
https://www.tecnocasa.es/venta/piso/madrid/madrid/615775.html,223000.0,3,68.0,1,"TECNOCASA - Barrio Canillejas Vende
Se vende vivienda ubicada en una segunda planta, ideal para quienes buscan una oportunidad de inversión o personalizar tu hogar desde cero. Esta propiedad representa una excelente base para reformar y adaptar a gusto propio.
La vivienda está distribuida en tres habitaciones, un cuarto de baño y un salón con acceso a terraza cerrada, lo que añade un espacio adicional perfecto para utilizar como zona de descanso, rincón de lectura o incluso como posible ampliación del salón. Aunque necesita reforma, ofrece un gran potencial para transformarse en un hogar moderno y funcional, con la ventaja de poder diseñarlo al detalle según tus preferencias.

La localización es otro de los puntos fuertes de este inmueble. Se encuentra en el barrio de Canillejas, a escasos minutos de las principales vías de acceso a la ciudad como la A-2 y la M-40, lo que facilita los desplazamientos hacia cualquier punto de Madrid y alrededores.
Además, cuenta con una excelente comunicación en transporte público. Las estaciones de metro Las Musas (Línea 7) y Torre Arias (Línea 5) están muy cerca, lo que permite un acceso rápido y directo a otras zonas de Madrid. Asimismo, varias líneas de autobuses (28, 38, 48, N5, 148, 140, 77). Haciendo de esta propiedad una opción interesante tanto para vivir como para invertir
Si deseas más información o quieres programar una visita, no dudes en ponerte en contacto con nosotros. ¡Una gran oportunidad para crear el espacio que siempre has querido!",1,0,1,1,1,1,0,1,1,1,"['https://cdn-media.medialabtc.it/es/agencies/mdaqe/estates/615775/images/8883771/gallery_media.jpeg', 'https://cdn-media.medialabtc.it/es/agencies/mdaqe/estates/615775/images/8883661/gallery_media.jpeg', 'https://cdn-media.medialabtc.it/es/agencies/mdaqe/estates/615775/images/8883659/gallery_media.jpeg', 'https://cdn-media.medialabtc.it/es/agencies/mdaqe/estates/615775/images/8883769/gallery_media.jpeg', 'https://cdn-media.medialabtc.it/es/agencies/mdaqe/estates/615775/images/8883655/gallery_media.jpeg', 'https://cdn-media.medialabtc.it/es/agencies/mdaqe/estates/615775/images/8883762/gallery_media.jpeg', 'https://cdn-media.medialabtc.it/es/agencies/mdaqe/estates/615775/images/8883770/gallery_media.jpeg', 'https://cdn-media.medialabtc.it/es/agencies/mdaqe/estates/615775/images/8883653/gallery_media.jpeg', 'https://cdn-media.medialabtc.it/es/agencies/mdaqe/estates/615775/images/8883768/gallery_media.jpeg', 'https://cdn-media.medialabtc.it/es/agencies/mdaqe/estates/615775/images/8883767/gallery_media.jpeg', 'https://cdn-media.medialabtc.it/es/agencies/mdaqe/estates/615775/images/8883657/gallery_media.jpeg', 'https://cdn-media.medialabtc.it/es/agencies/mdaqe/estates/615775/images/8883763/gallery_media.jpeg', 'https://cdn-media.medialabtc.it/es/agencies/mdaqe/estates/615775/images/8883764/gallery_media.jpeg', 'https://cdn-media.medialabtc.it/es/agencies/mdaqe/estates/615775/images/8883656/gallery_media.jpeg', 'https://cdn-media.medialabtc.it/es/agencies/mdaqe/estates/615775/images/8883660/gallery_media.jpeg', 'https://cdn-media.medialabtc.it/es/agencies/mdaqe/estates/615775/images/8883654/gallery_media.jpeg', 'https://cdn-media.medialabtc.it/es/agencies/mdaqe/estates/615775/images/8883766/gallery_media.jpeg', 'https://cdn-media.medialabtc.it/es/agencies/mdaqe/estates/615775/images/8883658/gallery_media.jpeg', 'https://cdn-media.medialabtc.it/es/agencies/mdaqe/estates/615775/images/8883765/gallery_media.jpeg']",0,Desconocido,0,0,0,1,0,E,0,0,"['imagenes_tecnocasa\\anuncio_1008\\0.jpeg', 'imagenes_tecnocasa\\anuncio_1008\\1.jpeg', 'imagenes_tecnocasa\\anuncio_1008\\2.jpeg', 'imagenes_tecnocasa\\anuncio_1008\\3.jpeg', 'imagenes_tecnocasa\\anuncio_1008\\4.jpeg', 'imagenes_tecnocasa\\anuncio_1008\\5.jpeg', 'imagenes_tecnocasa\\anuncio_1008\\6.jpeg', 'imagenes_tecnocasa\\anuncio_1008\\7.jpeg', 'imagenes_tecnocasa\\anuncio_1008\\8.jpeg', 'imagenes_tecnocasa\\anuncio_1008\\9.jpeg', 'imagenes_tecnocasa\\anuncio_1008\\10.jpeg', 'imagenes_tecnocasa\\anuncio_1008\\11.jpeg', 'imagenes_tecnocasa\\anuncio_1008\\12.jpeg', 'imagenes_tecnocasa\\anuncio_1008\\13.jpeg', 'imagenes_tecnocasa\\anuncio_1008\\14.jpeg', 'imagenes_tecnocasa\\anuncio_1008\\15.jpeg', 'imagenes_tecnocasa\\anuncio_1008\\16.jpeg', 'imagenes_tecnocasa\\anuncio_1008\\17.jpeg', 'imagenes_tecnocasa\\anuncio_1008\\18.jpeg']",0,Popular,1965,1,0,0,piso,1,Madrid,"San Blas, Canillejas, Madrid",40.4167047,-3.7035825,1008,3279.4117647058824,247.0,170.0,-0.04999999999999999,1.0,1.0,1.0,cerámica,pintura,corredera,estándar (2.4-2.8m),nada,3.4,2.4,clásico,"['#F5F5DC', '#D3D3D3', '#FFFFE0']",regular,False,convencional,limitado,ninguno,ninguno,estándar,básica,ninguno,7.0,6.0,ninguna,5
https://www.tecnocasa.es/venta/piso/madrid/alcala-de-henares/618620.html,130000.0,3,96.0,1,"Agencia inmobiliaria TECNOCASA de ALCALÁ DE HENARES - REYES CATOLICOS - NUESTRA SEÑORA DE BELEN, vende piso exterior con TERRAZA, de 3 dormitorios y 1 baño.

El piso dispone de una superficie construida de unos 96m2. Se compone de 3 dormitorios, baño con plato de ducha, amplio salón independiente con salida a una agradable terraza, la cocina equipada con muebles altos y bajos y aire acondicionado.

Rodeada de zonas ajardinadas, parques infantiles y zonas deportivas.
No dudes en venir a verla porque puede ser lo que estas buscando. Además te recordamos que te ayudamos con la financiación de la vivienda gracias a nuestro departamento financiero KIRON.
Infórmese en nuestra oficina. MEJOR VERLO.
OFICINA DE TECNOCASA NUESTRA SEÑORA DE BELEN.",0,1,1,1,1,1,1,1,1,1,"['https://cdn-media.medialabtc.it/es/agencies/md568/estates/618620/images/8936078/gallery_media.jpeg', 'https://cdn-media.medialabtc.it/es/agencies/md568/estates/618620/images/8936066/gallery_media.jpeg', 'https://cdn-media.medialabtc.it/es/agencies/md568/estates/618620/images/8936074/gallery_media.jpeg', 'https://cdn-media.medialabtc.it/es/agencies/md568/estates/618620/images/8936079/gallery_media.jpeg', 'https://cdn-media.medialabtc.it/es/agencies/md568/estates/618620/images/8936065/gallery_media.jpeg', 'https://cdn-media.medialabtc.it/es/agencies/md568/estates/618620/images/8936068/gallery_media.jpeg', 'https://cdn-media.medialabtc.it/es/agencies/md568/estates/618620/images/8936076/gallery_media.jpeg', 'https://cdn-media.medialabtc.it/es/agencies/md568/estates/618620/images/8936063/gallery_media.jpeg', 'https://cdn-media.medialabtc.it/es/agencies/md568/estates/618620/images/8936073/gallery_media.jpeg', 'https://cdn-media.medialabtc.it/es/agencies/md568/estates/618620/images/8936064/gallery_media.jpeg', 'https://cdn-media.medialabtc.it/es/agencies/md568/estates/618620/images/8936077/gallery_media.jpeg', 'https://cdn-media.medialabtc.it/es/agencies/md568/estates/618620/images/8936070/gallery_media.jpeg', 'https://cdn-media.medialabtc.it/es/agencies/md568/estates/618620/images/8936072/gallery_media.jpeg', 'https://cdn-media.medialabtc.it/es/agencies/md568/estates/618620/images/8936067/gallery_media.jpeg', 'https://cdn-media.medialabtc.it/es/agencies/md568/estates/618620/images/8936080/gallery_media.jpeg', 'https://cdn-media.medialabtc.it/es/agencies/md568/estates/618620/images/8936071/gallery_media.jpeg', 'https://cdn-media.medialabtc.it/es/agencies/md568/estates/618620/images/8936075/gallery_media.jpeg', 'https://cdn-media.medialabtc.it/es/agencies/md568/estates/618620/images/8936081/gallery_media.jpeg', 'https://cdn-media.medialabtc.it/es/agencies/md568/estates/618620/images/8936069/gallery_media.jpeg']",0,Desconocido,0,0,0,1,0,Desconocida,1,0,"['imagenes_tecnocasa\\anuncio_1009\\0.jpeg', 'imagenes_tecnocasa\\anuncio_1009\\1.jpeg', 'imagenes_tecnocasa\\anuncio_1009\\2.jpeg', 'imagenes_tecnocasa\\anuncio_1009\\3.jpeg', 'imagenes_tecnocasa\\anuncio_1009\\4.jpeg', 'imagenes_tecnocasa\\anuncio_1009\\5.jpeg', 'imagenes_tecnocasa\\anuncio_1009\\6.jpeg', 'imagenes_tecnocasa\\anuncio_1009\\7.jpeg', 'imagenes_tecnocasa\\anuncio_1009\\8.jpeg', 'imagenes_tecnocasa\\anuncio_1009\\9.jpeg', 'imagenes_tecnocasa\\anuncio_1009\\10.jpeg', 'imagenes_tecnocasa\\anuncio_1009\\11.jpeg', 'imagenes_tecnocasa\\anuncio_1009\\12.jpeg', 'imagenes_tecnocasa\\anuncio_1009\\13.jpeg', 'imagenes_tecnocasa\\anuncio_1009\\14.jpeg', 'imagenes_tecnocasa\\anuncio_1009\\15.jpeg', 'imagenes_tecnocasa\\anuncio_1009\\16.jpeg', 'imagenes_tecnocasa\\anuncio_1009\\17.jpeg', 'imagenes_tecnocasa\\anuncio_1009\\18.jpeg']",0,Señorial,1979,0,0,0,piso,2,Alcalá de Henares,"Reyes Catolicos, Alcalá De Henares",40.481954,-3.363981,1009,1354.1666666666667,119.0,87.0,0.0,0.0,1.0,0.0,otro,pintura,corredera,estándar (2.4-2.8m),nada,2.8,2.2,convencional,"['#F2F2F2', '#A0A0A0', '#FFFFE0']",regular,False,convencional,limitado,ninguno,ninguno,básico,básica,ninguno,6.0,5.2,ninguna,5
https://www.tecnocasa.es/venta/piso/madrid/madrid/615602.html,699900.0,5,144.0,2,"Agencia inmobiliaria de MADRID zona VENTAS - GUINDALERA - Oficina Tecnocasa:
EN VENTA: Piso situado en plena Avenida de America. La vivienda es totalmente exterior y dispone de 5 dormitorios y dos baños. Salón comedor con acceso a terraza abierta y cocina independiente también con terraza.
La finca se encuentra en una urbanización cerrada y cuenta con zonas verdes, ascensor y portero físico. PARKING y TRASTERO incluidos en el precio.
Rodeado de zonas verdes, a 200 metros del metro del intercambiador de Av de América (líneas de metro 4,6,7 y 9) y a 500m de la plaza de Diego de León (líneas 4,5 y 6), innumerables líneas de autobús. Zona consolidada con todos los servicios que cualquier persona pueda necesitar; supermercados, colegios, médicos, polideportivos, biblioteca etc, y con fácil acceso a la m30, m40 y A2.
OPORTUNIDAD, MEJOR VER.",1,1,1,1,1,1,1,1,1,1,"['https://cdn-media.medialabtc.it/es/agencies/md101/estates/615602/images/8865103/gallery_media.jpeg', 'https://cdn-media.medialabtc.it/es/agencies/md101/estates/615602/images/8865108/gallery_media.jpeg', 'https://cdn-media.medialabtc.it/es/agencies/md101/estates/615602/images/8865500/gallery_media.jpeg', 'https://cdn-media.medialabtc.it/es/agencies/md101/estates/615602/images/8865081/gallery_media.jpeg', 'https://cdn-media.medialabtc.it/es/agencies/md101/estates/615602/images/8865113/gallery_media.jpeg', 'https://cdn-media.medialabtc.it/es/agencies/md101/estates/615602/images/8865083/gallery_media.jpeg', 'https://cdn-media.medialabtc.it/es/agencies/md101/estates/615602/images/8865019/gallery_media.jpeg', 'https://cdn-media.medialabtc.it/es/agencies/md101/estates/615602/images/8865076/gallery_media.jpeg', 'https://cdn-media.medialabtc.it/es/agencies/md101/estates/615602/images/8865080/gallery_media.jpeg', 'https://cdn-media.medialabtc.it/es/agencies/md101/estates/615602/images/8865082/gallery_media.jpeg', 'https://cdn-media.medialabtc.it/es/agencies/md101/estates/615602/images/8865077/gallery_media.jpeg', 'https://cdn-media.medialabtc.it/es/agencies/md101/estates/615602/images/8865542/gallery_media.jpeg', 'https://cdn-media.medialabtc.it/es/agencies/md101/estates/615602/images/8865020/gallery_media.jpeg', 'https://cdn-media.medialabtc.it/es/agencies/md101/estates/615602/images/8865116/gallery_media.jpeg', 'https://cdn-media.medialabtc.it/es/agencies/md101/estates/615602/images/8865104/gallery_media.jpeg', 'https://cdn-media.medialabtc.it/es/agencies/md101/estates/615602/images/8865079/gallery_media.jpeg', 'https://cdn-media.medialabtc.it/es/agencies/md101/estates/615602/images/8865501/gallery_media.jpeg', 'https://cdn-media.medialabtc.it/es/agencies/md101/estates/615602/images/8865109/gallery_media.jpeg', 'https://cdn-media.medialabtc.it/es/agencies/md101/estates/615602/images/8865117/gallery_media.jpeg', 'https://cdn-media.medialabtc.it/es/agencies/md101/estates/615602/images/8865021/gallery_media.jpeg', 'https://cdn-media.medialabtc.it/es/agencies/md101/estates/615602/images/8865114/gallery_media.jpeg', 'https://cdn-media.medialabtc.it/es/agencies/md101/estates/615602/images/8865102/gallery_media.jpeg', 'https://cdn-media.medialabtc.it/es/agencies/md101/estates/615602/images/8865118/gallery_media.jpeg', 'https://cdn-media.medialabtc.it/es/agencies/md101/estates/615602/images/8865107/gallery_media.jpeg', 'https://cdn-media.medialabtc.it/es/agencies/md101/estates/615602/images/8865074/gallery_media.jpeg']",0,Desconocido,1,1,0,1,1,E,0,0,"['imagenes_tecnocasa\\anuncio_1012\\0.jpeg', 'imagenes_tecnocasa\\anuncio_1012\\1.jpeg', 'imagenes_tecnocasa\\anuncio_1012\\2.jpeg', 'imagenes_tecnocasa\\anuncio_1012\\3.jpeg', 'imagenes_tecnocasa\\anuncio_1012\\4.jpeg', 'imagenes_tecnocasa\\anuncio_1012\\5.jpeg', 'imagenes_tecnocasa\\anuncio_1012\\6.jpeg', 'imagenes_tecnocasa\\anuncio_1012\\7.jpeg', 'imagenes_tecnocasa\\anuncio_1012\\8.jpeg', 'imagenes_tecnocasa\\anuncio_1012\\9.jpeg', 'imagenes_tecnocasa\\anuncio_1012\\10.jpeg', 'imagenes_tecnocasa\\anuncio_1012\\11.jpeg', 'imagenes_tecnocasa\\anuncio_1012\\12.jpeg', 'imagenes_tecnocasa\\anuncio_1012\\13.jpeg', 'imagenes_tecnocasa\\anuncio_1012\\14.jpeg', 'imagenes_tecnocasa\\anuncio_1012\\15.jpeg', 'imagenes_tecnocasa\\anuncio_1012\\16.jpeg', 'imagenes_tecnocasa\\anuncio_1012\\17.jpeg', 'imagenes_tecnocasa\\anuncio_1012\\18.jpeg', 'imagenes_tecnocasa\\anuncio_1012\\19.jpeg', 'imagenes_tecnocasa\\anuncio_1012\\20.jpeg', 'imagenes_tecnocasa\\anuncio_1012\\21.jpeg', 'imagenes_tecnocasa\\anuncio_1012\\22.jpeg', 'imagenes_tecnocasa\\anuncio_1012\\23.jpeg', 'imagenes_tecnocasa\\anuncio_1012\\24.jpeg']",0,Popular,1964,1,0,1,piso,1,Guindalera,"Guindalera, Madrid",40.436356,-3.6680189,1012,4860.416666666667,139.0,101.0,0.0,0.0,0.0,0.0,otro,pintura,corredera,estándar (2.4-2.8m),nada,4.2,4.2,moderno,"['#FFFFFF', '#000000', '#A3C4BC']",regular,False,convencional,normal,ninguno,ninguno,estándar,básica,ninguno,7.2,6.2,ninguna,5
https://www.tecnocasa.es/venta/piso/madrid/madrid/619461.html,249500.0,2,69.0,1,"Agencia inmobiliaria de MADRID - zona USERA - MOSCARDO - PLAZA ELÍPTICA
Vende vivienda para entrar a vivir en la calle Quince de Agosto compuesta de 3 Dormitorios, Salón, Cocina y Baño.

Tiene varios puntos a destacar:

- Finca residencial.
- Vivienda en buen estado.
- Vivienda luminosa.
- La cercanía a metro de Usera a 10 minutos.
- La cercanía a Plaza Elíptica a 6 minutos.

Zona perfecta para las familias con zonas verdes en el entorno, bloque muy tranquilo
A 15 MINUTOS A PIE DE MADRID RÍO.
Fácil acceso a A42, M40, M30 Calle de Antonio López, Avenida de Andalucía, Hospital 12 de octubre, a 10 minutos del metro almendrales línea 3 (Villaverde - Moncloa), autobuses (47, 247 y 60 y búho Nº12 ). Zona con todos los servicios, supermercado próximo.",1,1,1,1,1,1,1,1,1,1,"['https://cdn-media.medialabtc.it/es/agencies/mdak3/estates/619461/images/8939571/gallery_media.jpeg', 'https://cdn-media.medialabtc.it/es/agencies/mdak3/estates/619461/images/8939584/gallery_media.jpeg', 'https://cdn-media.medialabtc.it/es/agencies/mdak3/estates/619461/images/8939619/gallery_media.jpeg', 'https://cdn-media.medialabtc.it/es/agencies/mdak3/estates/619461/images/8939589/gallery_media.jpeg', 'https://cdn-media.medialabtc.it/es/agencies/mdak3/estates/619461/images/8939591/gallery_media.jpeg', 'https://cdn-media.medialabtc.it/es/agencies/mdak3/estates/619461/images/8939618/gallery_media.jpeg', 'https://cdn-media.medialabtc.it/es/agencies/mdak3/estates/619461/images/8939570/gallery_media.jpeg', 'https://cdn-media.medialabtc.it/es/agencies/mdak3/estates/619461/images/8939588/gallery_media.jpeg', 'https://cdn-media.medialabtc.it/es/agencies/mdak3/estates/619461/images/8939616/gallery_media.jpeg', 'https://cdn-media.medialabtc.it/es/agencies/mdak3/estates/619461/images/8939583/gallery_media.jpeg', 'https://cdn-media.medialabtc.it/es/agencies/mdak3/estates/619461/images/8939592/gallery_media.jpeg', 'https://cdn-media.medialabtc.it/es/agencies/mdak3/estates/619461/images/8939621/gallery_media.jpeg', 'https://cdn-media.medialabtc.it/es/agencies/mdak3/estates/619461/images/8939593/gallery_media.jpeg', 'https://cdn-media.medialabtc.it/es/agencies/mdak3/estates/619461/images/8939569/gallery_media.jpeg', 'https://cdn-media.medialabtc.it/es/agencies/mdak3/estates/619461/images/8939568/gallery_media.jpeg', 'https://cdn-media.medialabtc.it/es/agencies/mdak3/estates/619461/images/8939585/gallery_media.jpeg', 'https://cdn-media.medialabtc.it/es/agencies/mdak3/estates/619461/images/8939561/gallery_media.jpeg', 'https://cdn-media.medialabtc.it/es/agencies/mdak3/estates/619461/images/8939582/gallery_media.jpeg', 'https://cdn-media.medialabtc.it/es/agencies/mdak3/estates/619461/images/8939617/gallery_media.jpeg', 'https://cdn-media.medialabtc.it/es/agencies/mdak3/estates/619461/images/8939586/gallery_media.jpeg', 'https://cdn-media.medialabtc.it/es/agencies/mdak3/estates/619461/images/8939590/gallery_media.jpeg', 'https://cdn-media.medialabtc.it/es/agencies/mdak3/estates/619461/images/8939620/gallery_media.jpeg', 'https://cdn-media.medialabtc.it/es/agencies/mdak3/estates/619461/images/8939587/gallery_media.jpeg', 'https://cdn-media.medialabtc.it/es/agencies/mdak3/estates/619461/images/8939615/gallery_media.jpeg']",0,Buen estado,0,0,0,0,0,E,0,0,"['imagenes_tecnocasa\\anuncio_1013\\0.jpeg', 'imagenes_tecnocasa\\anuncio_1013\\1.jpeg', 'imagenes_tecnocasa\\anuncio_1013\\2.jpeg', 'imagenes_tecnocasa\\anuncio_1013\\3.jpeg', 'imagenes_tecnocasa\\anuncio_1013\\4.jpeg', 'imagenes_tecnocasa\\anuncio_1013\\5.jpeg', 'imagenes_tecnocasa\\anuncio_1013\\6.jpeg', 'imagenes_tecnocasa\\anuncio_1013\\7.jpeg', 'imagenes_tecnocasa\\anuncio_1013\\8.jpeg', 'imagenes_tecnocasa\\anuncio_1013\\9.jpeg', 'imagenes_tecnocasa\\anuncio_1013\\10.jpeg', 'imagenes_tecnocasa\\anuncio_1013\\11.jpeg', 'imagenes_tecnocasa\\anuncio_1013\\12.jpeg', 'imagenes_tecnocasa\\anuncio_1013\\13.jpeg', 'imagenes_tecnocasa\\anuncio_1013\\14.jpeg', 'imagenes_tecnocasa\\anuncio_1013\\15.jpeg', 'imagenes_tecnocasa\\anuncio_1013\\16.jpeg', 'imagenes_tecnocasa\\anuncio_1013\\17.jpeg', 'imagenes_tecnocasa\\anuncio_1013\\18.jpeg', 'imagenes_tecnocasa\\anuncio_1013\\19.jpeg', 'imagenes_tecnocasa\\anuncio_1013\\20.jpeg', 'imagenes_tecnocasa\\anuncio_1013\\21.jpeg', 'imagenes_tecnocasa\\anuncio_1013\\22.jpeg', 'imagenes_tecnocasa\\anuncio_1013\\23.jpeg']",1,Popular,1965,1,0,0,piso,3,Madrid,"Moscardo - Antonio Lopez, Madrid",40.4167047,-3.7035825,1013,3615.942028985507,133.0,96.0,0.0,0.0,1.0,0.0,parquet,pintura,corredera,estándar (2.4-2.8m),nada,3.8,3.8,convencional,"['#F5F5DC', '#A0522D', '#FFFFFF']",regular,False,convencional,normal,ninguno,ninguno,estándar,básica,ninguno,6.2,6.4,ninguna,5
https://www.tecnocasa.es/venta/piso/madrid/madrid/597466.html,229000.0,2,61.0,1,"Agencia inmobiliaria de MADRID - zona USERA - MOSCARDO - PLAZA ELÍPTICA
Vende vivienda CON ASCENSOR en la calle Juan Español compuesta de 2 Dormitorios, Salón, Cocina y Baño.

Tiene varios puntos a destacar:

- Finca con ASCENSOR.
- Cuenta con Trastero.
- Vivienda para entrar a vivir.
- Vivienda luminosa.
- La cercanía a Plaza Elíptica a 3 minutos.

Zona perfecta para las familias con zonas verdes en el entorno, bloque muy tranquilo
A 15 MINUTOS A PIE DE MADRID RÍO.
Fácil acceso a A42, M40, M30 Calle de Antonio López, Avenida de Andalucía, Hospital 12 de octubre, a 10 minutos del metro almendrales línea 3 (Villaverde - Moncloa), autobuses (47, 247 y 60 y búho Nº12 ). Zona con todos los servicios, supermercado próximo.",1,1,1,1,1,1,1,1,1,1,"['https://cdn-media.medialabtc.it/es/agencies/mdak3/estates/597466/images/8441552/gallery_media.jpeg', 'https://cdn-media.medialabtc.it/es/agencies/mdak3/estates/597466/images/8441542/gallery_media.jpeg', 'https://cdn-media.medialabtc.it/es/agencies/mdak3/estates/597466/images/8441544/gallery_media.jpeg', 'https://cdn-media.medialabtc.it/es/agencies/mdak3/estates/597466/images/8441510/gallery_media.jpeg', 'https://cdn-media.medialabtc.it/es/agencies/mdak3/estates/597466/images/8441545/gallery_media.jpeg', 'https://cdn-media.medialabtc.it/es/agencies/mdak3/estates/597466/images/8441538/gallery_media.jpeg', 'https://cdn-media.medialabtc.it/es/agencies/mdak3/estates/597466/images/8441543/gallery_media.jpeg', 'https://cdn-media.medialabtc.it/es/agencies/mdak3/estates/597466/images/8441539/gallery_media.jpeg', 'https://cdn-media.medialabtc.it/es/agencies/mdak3/estates/597466/images/8441534/gallery_media.jpeg', 'https://cdn-media.medialabtc.it/es/agencies/mdak3/estates/597466/images/8441550/gallery_media.jpeg', 'https://cdn-media.medialabtc.it/es/agencies/mdak3/estates/597466/images/8441533/gallery_media.jpeg', 'https://cdn-media.medialabtc.it/es/agencies/mdak3/estates/597466/images/8441546/gallery_media.jpeg', 'https://cdn-media.medialabtc.it/es/agencies/mdak3/estates/597466/images/8441535/gallery_media.jpeg', 'https://cdn-media.medialabtc.it/es/agencies/mdak3/estates/597466/images/8441511/gallery_media.jpeg', 'https://cdn-media.medialabtc.it/es/agencies/mdak3/estates/597466/images/8441551/gallery_media.jpeg', 'https://cdn-media.medialabtc.it/es/agencies/mdak3/estates/597466/images/8441541/gallery_media.jpeg', 'https://cdn-media.medialabtc.it/es/agencies/mdak3/estates/597466/images/8441507/gallery_media.jpeg', 'https://cdn-media.medialabtc.it/es/agencies/mdak3/estates/597466/images/8441540/gallery_media.jpeg', 'https://cdn-media.medialabtc.it/es/agencies/mdak3/estates/597466/images/8441549/gallery_media.jpeg', 'https://cdn-media.medialabtc.it/es/agencies/mdak3/estates/597466/images/8441548/gallery_media.jpeg']",0,Desconocido,0,1,0,0,0,E,0,0,"['imagenes_tecnocasa\\anuncio_1014\\0.jpeg', 'imagenes_tecnocasa\\anuncio_1014\\1.jpeg', 'imagenes_tecnocasa\\anuncio_1014\\2.jpeg', 'imagenes_tecnocasa\\anuncio_1014\\3.jpeg', 'imagenes_tecnocasa\\anuncio_1014\\4.jpeg', 'imagenes_tecnocasa\\anuncio_1014\\5.jpeg', 'imagenes_tecnocasa\\anuncio_1014\\6.jpeg', 'imagenes_tecnocasa\\anuncio_1014\\7.jpeg', 'imagenes_tecnocasa\\anuncio_1014\\8.jpeg', 'imagenes_tecnocasa\\anuncio_1014\\9.jpeg', 'imagenes_tecnocasa\\anuncio_1014\\10.jpeg', 'imagenes_tecnocasa\\anuncio_1014\\11.jpeg', 'imagenes_tecnocasa\\anuncio_1014\\12.jpeg', 'imagenes_tecnocasa\\anuncio_1014\\13.jpeg', 'imagenes_tecnocasa\\anuncio_1014\\14.jpeg', 'imagenes_tecnocasa\\anuncio_1014\\15.jpeg', 'imagenes_tecnocasa\\anuncio_1014\\16.jpeg', 'imagenes_tecnocasa\\anuncio_1014\\17.jpeg', 'imagenes_tecnocasa\\anuncio_1014\\18.jpeg', 'imagenes_tecnocasa\\anuncio_1014\\19.jpeg']",1,Popular,1959,0,0,0,piso,3,Madrid,"Moscardo - Antonio Lopez, Madrid",40.4167047,-3.7035825,1014,3754.098360655738,126.0,97.0,0.0,0.0,1.0,0.0,parquet,pintura,no visible,estándar (2.4-2.8m),nada,4.0,6.0,moderno,"['#FFFFFF', '#F2F2F2', '#E5467D']",buena,True,convencional,limitado,ninguno,ninguno,estándar,no visible,ninguno,7.0,6.2,ninguna,5
https://www.tecnocasa.es/venta/piso/madrid/madrid/617052.html,117260.0,3,59.0,1,"Agencia inmobiliaria de MADRID zona SAN CRISTOBAL DE LOS ANGELES - COLONIA MARCONI, oficina TECNOCASA vende.
Vivienda compuesta de entrada, salón amplio y luminoso, cocina amueblada, baño completo, dos dormitorios amplios, ubicado a pocos pasos de la estacion del metro, bien comunicado a traves de Metro línea 3, parada San Cristóbal, cercanías RENFE línea C-3, estación San Cristóbal de los Ángeles', autobuses líneas 59, 79, Nocturno N-13, además el barrio cuenta con todos los servicios tanto de bancos, varios supermercados, institutos, colegios, guarderías, parques, ambulatorio San Cristóbal, polideportivo, pistas de frontón, el barrio esta muy cerca de la M40, M45, A4, fácil acceso por Avenida de Andalucía.",1,1,1,1,0,1,0,1,0,1,"['https://cdn-media.medialabtc.it/es/agencies/mdav0/estates/617052/images/8937569/gallery_media.jpeg', 'https://cdn-media.medialabtc.it/es/agencies/mdav0/estates/617052/images/8937563/gallery_media.jpeg', 'https://cdn-media.medialabtc.it/es/agencies/mdav0/estates/617052/images/8937567/gallery_media.jpeg', 'https://cdn-media.medialabtc.it/es/agencies/mdav0/estates/617052/images/8906199/gallery_media.jpeg', 'https://cdn-media.medialabtc.it/es/agencies/mdav0/estates/617052/images/8906201/gallery_media.jpeg', 'https://cdn-media.medialabtc.it/es/agencies/mdav0/estates/617052/images/8937568/gallery_media.jpeg', 'https://cdn-media.medialabtc.it/es/agencies/mdav0/estates/617052/images/8906176/gallery_media.jpeg', 'https://cdn-media.medialabtc.it/es/agencies/mdav0/estates/617052/images/8906175/gallery_media.jpeg', 'https://cdn-media.medialabtc.it/es/agencies/mdav0/estates/617052/images/8937565/gallery_media.jpeg', 'https://cdn-media.medialabtc.it/es/agencies/mdav0/estates/617052/images/8906173/gallery_media.jpeg', 'https://cdn-media.medialabtc.it/es/agencies/mdav0/estates/617052/images/8937566/gallery_media.jpeg', 'https://cdn-media.medialabtc.it/es/agencies/mdav0/estates/617052/images/8937564/gallery_media.jpeg', 'https://cdn-media.medialabtc.it/es/agencies/mdav0/estates/617052/images/8906174/gallery_media.jpeg', 'https://cdn-media.medialabtc.it/es/agencies/mdav0/estates/617052/images/8906200/gallery_media.jpeg', 'https://cdn-media.medialabtc.it/es/agencies/mdav0/estates/617052/images/8906198/gallery_media.jpeg', 'https://cdn-media.medialabtc.it/es/agencies/mdav0/estates/617052/images/8906202/gallery_media.jpeg', 'https://cdn-media.medialabtc.it/es/agencies/mdav0/estates/617052/images/8906197/gallery_media.jpeg']",0,Desconocido,0,0,0,0,0,E,0,0,"['imagenes_tecnocasa\\anuncio_1015\\0.jpeg', 'imagenes_tecnocasa\\anuncio_1015\\1.jpeg', 'imagenes_tecnocasa\\anuncio_1015\\2.jpeg', 'imagenes_tecnocasa\\anuncio_1015\\3.jpeg', 'imagenes_tecnocasa\\anuncio_1015\\4.jpeg', 'imagenes_tecnocasa\\anuncio_1015\\5.jpeg', 'imagenes_tecnocasa\\anuncio_1015\\6.jpeg', 'imagenes_tecnocasa\\anuncio_1015\\7.jpeg', 'imagenes_tecnocasa\\anuncio_1015\\8.jpeg', 'imagenes_tecnocasa\\anuncio_1015\\9.jpeg', 'imagenes_tecnocasa\\anuncio_1015\\10.jpeg', 'imagenes_tecnocasa\\anuncio_1015\\11.jpeg', 'imagenes_tecnocasa\\anuncio_1015\\12.jpeg', 'imagenes_tecnocasa\\anuncio_1015\\13.jpeg', 'imagenes_tecnocasa\\anuncio_1015\\14.jpeg', 'imagenes_tecnocasa\\anuncio_1015\\15.jpeg', 'imagenes_tecnocasa\\anuncio_1015\\16.jpeg']",0,Media,1960,0,0,0,piso,2,Madrid,"San Cristóbal, Madrid",40.4167047,-3.7035825,1015,1987.457627118644,107.0,90.0,0.0,0.0,2.0,0.0,otro,pintura,otro,estándar (2.4-2.8m),nada,3.6,4.4,convencional,"['#F2E8CF', '#D2B48C', '#A0522D']",regular,False,convencional,limitado,ninguno,ninguno,estándar,básica,ninguno,6.6,6.8,ninguna,5
https://www.tecnocasa.es/venta/piso/madrid/madrid/612209.html,419000.0,3,77.0,1,"'TECNOCASA PUERTA DE HIERRO (REGISTRO DE AGENTES PROFESIONALES INMOBILIARIOS; RAIN Nº00306/18) 'Protección de consumidores y usuarios' VENDE:

EXCELENTE PISO DE 3H y 1 baño reformado con cerramiento nuevo, EN URBANIZACION CERRADA SIN PISCINA.

3 Habitaciones y 1 baño completo.
Salón-comedor con terraza.
Cocina con terraza totalmente equipada.
Habitaciones amplias con armarios empotrados.
Cerramiento nuevo de climalit.
Baño con plato de ducha reformado

Excelentes vistas.

Urbanización cerrada con zonas ajardinadas.

-No dejes escapar esta oportunidad para entrar a vivir-

Con todos los servicios. Colegios, Supermercados, bancos, farmacias, centro de salud y rodeado de zonas verdes a muy pocos metros (Dehesa de la villa).
Muy bien ubicado, se accede a A6 y M30 en 1 minuto. Moncloa, Autobuses: 42, 7, 132, 137, N20 y N2. que comunican la zona con toda la capital. Linea 7 de metro (PEÑAGRANDE ). '. '.

OPORTUNIDAD! Con KIRON y sus asesores financieros podrás encontrar la hipoteca que mejor se adapte a tus necesidades de financiación, valorando todas las ofertas que ofrecen las entidades bancarias de nuestro país con la posibilidad de financiación hasta 100 x 100, asesórate gratis y sin compromiso-. '.

'. -¡MÁS DE 30 AÑOS NOS AVALAN EN EL BARRIO!
-Reserva tu visita.",1,1,1,1,1,1,1,1,1,1,"['https://cdn-media.medialabtc.it/es/agencies/mdaeb/estates/612209/images/8841743/gallery_media.jpeg', 'https://cdn-media.medialabtc.it/es/agencies/mdaeb/estates/612209/images/8841750/gallery_media.jpeg', 'https://cdn-media.medialabtc.it/es/agencies/mdaeb/estates/612209/images/8841751/gallery_media.jpeg', 'https://cdn-media.medialabtc.it/es/agencies/mdaeb/estates/612209/images/8841752/gallery_media.jpeg', 'https://cdn-media.medialabtc.it/es/agencies/mdaeb/estates/612209/images/8841744/gallery_media.jpeg', 'https://cdn-media.medialabtc.it/es/agencies/mdaeb/estates/612209/images/8841748/gallery_media.jpeg', 'https://cdn-media.medialabtc.it/es/agencies/mdaeb/estates/612209/images/8841742/gallery_media.jpeg', 'https://cdn-media.medialabtc.it/es/agencies/mdaeb/estates/612209/images/8841580/gallery_media.jpeg', 'https://cdn-media.medialabtc.it/es/agencies/mdaeb/estates/612209/images/8841749/gallery_media.jpeg', 'https://cdn-media.medialabtc.it/es/agencies/mdaeb/estates/612209/images/8841745/gallery_media.jpeg', 'https://cdn-media.medialabtc.it/es/agencies/mdaeb/estates/612209/images/8841753/gallery_media.jpeg', 'https://cdn-media.medialabtc.it/es/agencies/mdaeb/estates/612209/images/8841754/gallery_media.jpeg', 'https://cdn-media.medialabtc.it/es/agencies/mdaeb/estates/612209/images/8841747/gallery_media.jpeg', 'https://cdn-media.medialabtc.it/es/agencies/mdaeb/estates/612209/images/8841746/gallery_media.jpeg', 'https://cdn-media.medialabtc.it/es/agencies/mdaeb/estates/612209/images/8841581/gallery_media.jpeg']",0,Reformado,0,0,1,1,0,E,0,0,"['imagenes_tecnocasa\\anuncio_1017\\0.jpeg', 'imagenes_tecnocasa\\anuncio_1017\\1.jpeg', 'imagenes_tecnocasa\\anuncio_1017\\2.jpeg', 'imagenes_tecnocasa\\anuncio_1017\\3.jpeg', 'imagenes_tecnocasa\\anuncio_1017\\4.jpeg', 'imagenes_tecnocasa\\anuncio_1017\\5.jpeg', 'imagenes_tecnocasa\\anuncio_1017\\6.jpeg', 'imagenes_tecnocasa\\anuncio_1017\\7.jpeg', 'imagenes_tecnocasa\\anuncio_1017\\8.jpeg', 'imagenes_tecnocasa\\anuncio_1017\\9.jpeg', 'imagenes_tecnocasa\\anuncio_1017\\10.jpeg', 'imagenes_tecnocasa\\anuncio_1017\\11.jpeg', 'imagenes_tecnocasa\\anuncio_1017\\12.jpeg', 'imagenes_tecnocasa\\anuncio_1017\\13.jpeg', 'imagenes_tecnocasa\\anuncio_1017\\14.jpeg']",1,Popular,1987,1,0,0,piso,3,Madrid,"Valdezarza, Madrid",40.4167047,-3.7035825,1017,5441.558441558442,199.0,151.0,0.0,0.0,1.0,0.0,cerámica,pintura,corredera,estándar (2.4-2.8m),nada,4.0,4.0,convencional,"['#F5F5DC', '#FFF8DC', '#FAEBD7']",regular,False,convencional,normal,ninguno,ninguno,estándar,parcialmente equipada,ninguno,6.4,6.4,ninguna,5
https://www.tecnocasa.es/venta/casa/madrid/madrid/617397.html,235000.0,3,94.0,2,"Agencia inmobiliaria de MADRID zona VALLECAS - ÁREA ENTREVÍAS Vende
Fantástica casa adosada.
La vivienda consta de dos plantas y buhardilla.
La primera planta consta de cocina, aseo y amplio salón con salida a patio privado de 12m2. Segunda planta con tres dormitorios y cuarto de baño. Buena distribución, doble orientación exterior y con muy buena iluminación.
Vivienda reformada a excepción de las ventanas correderas de aluminio. Suelos de tarima y gres. Equipada con aire acondicionado con bomba de calor y calefacción por gas.
Se encuentra a menos de 5 minutos andando de la estación de Renfe Asamblea de Madrid - Entrevías.
Consulte financiación. Ideal como vivienda",1,1,1,1,1,1,0,1,0,1,"['https://cdn-media.medialabtc.it/es/agencies/md013/estates/617397/images/8900736/gallery_media.jpeg', 'https://cdn-media.medialabtc.it/es/agencies/md013/estates/617397/images/8900738/gallery_media.jpeg', 'https://cdn-media.medialabtc.it/es/agencies/md013/estates/617397/images/8900735/gallery_media.jpeg', 'https://cdn-media.medialabtc.it/es/agencies/md013/estates/617397/images/8903362/gallery_media.jpeg', 'https://cdn-media.medialabtc.it/es/agencies/md013/estates/617397/images/8900737/gallery_media.jpeg', 'https://cdn-media.medialabtc.it/es/agencies/md013/estates/617397/images/8900734/gallery_media.jpeg', 'https://cdn-media.medialabtc.it/es/agencies/md013/estates/617397/images/8903340/gallery_media.jpeg', 'https://cdn-media.medialabtc.it/es/agencies/md013/estates/617397/images/8903341/gallery_media.jpeg', 'https://cdn-media.medialabtc.it/es/agencies/md013/estates/617397/images/8900733/gallery_media.jpeg', 'https://cdn-media.medialabtc.it/es/agencies/md013/estates/617397/images/8903335/gallery_media.jpeg', 'https://cdn-media.medialabtc.it/es/agencies/md013/estates/617397/images/8903336/gallery_media.jpeg', 'https://cdn-media.medialabtc.it/es/agencies/md013/estates/617397/images/8900732/gallery_media.jpeg', 'https://cdn-media.medialabtc.it/es/agencies/md013/estates/617397/images/8903337/gallery_media.jpeg', 'https://cdn-media.medialabtc.it/es/agencies/md013/estates/617397/images/8903339/gallery_media.jpeg', 'https://cdn-media.medialabtc.it/es/agencies/md013/estates/617397/images/8900739/gallery_media.jpeg']",0,Desconocido,0,0,0,0,0,Desconocida,0,0,"['imagenes_tecnocasa\\anuncio_1019\\0.jpeg', 'imagenes_tecnocasa\\anuncio_1019\\1.jpeg', 'imagenes_tecnocasa\\anuncio_1019\\2.jpeg', 'imagenes_tecnocasa\\anuncio_1019\\3.jpeg', 'imagenes_tecnocasa\\anuncio_1019\\4.jpeg', 'imagenes_tecnocasa\\anuncio_1019\\5.jpeg', 'imagenes_tecnocasa\\anuncio_1019\\6.jpeg', 'imagenes_tecnocasa\\anuncio_1019\\7.jpeg', 'imagenes_tecnocasa\\anuncio_1019\\8.jpeg', 'imagenes_tecnocasa\\anuncio_1019\\9.jpeg', 'imagenes_tecnocasa\\anuncio_1019\\10.jpeg', 'imagenes_tecnocasa\\anuncio_1019\\11.jpeg', 'imagenes_tecnocasa\\anuncio_1019\\12.jpeg', 'imagenes_tecnocasa\\anuncio_1019\\13.jpeg', 'imagenes_tecnocasa\\anuncio_1019\\14.jpeg']",1,Popular,1996,1,0,0,casa,1,Entrevías,"Entrevías, Madrid",40.3790449,-3.6717573,1019,2500.0,107.0,79.0,0.9,1.0,1.0,0.0,parquet,pintura,corredera,estándar (2.4-2.8m),nada,4.2,5.0,convencional,"['#F2F2F2', '#545454', '#FFFFFF']",buena,False,convencional,limitado,ninguno,ninguno,estándar,básica,ninguno,6.6,6.6,ninguna,5
https://www.tecnocasa.es/venta/piso/madrid/madrid/597657.html,160000.0,3,65.0,1,"Agencia inmobiliaria de MADRID zona VALLECAS - ÁREA ENTREVÍAS Vende
Fantástico piso en entreplanta.
La vivienda consta de tres dormitorios, amplio salón de 16m2, cocina con zona tendedero, baño y amplia terraza. Buena distribución, doble orientación exterior y con muy buena iluminación.
Vivienda para reforma parcial y baño completamente reformado. Suelos en gres. Ventanas correderas de aluminio gris. Vivienda equipada con aire acondicionado en salón.
Se encuentra a menos de 5 minutos andando de la estación de Renfe Asamblea de Madrid - Entrevías.
Consulte financiación. Ideal como vivienda habitual o inversión-.",1,1,1,1,1,1,0,1,0,1,"['https://cdn-media.medialabtc.it/es/agencies/md013/estates/597657/images/8490162/gallery_media.jpeg', 'https://cdn-media.medialabtc.it/es/agencies/md013/estates/597657/images/8490163/gallery_media.jpeg', 'https://cdn-media.medialabtc.it/es/agencies/md013/estates/597657/images/8490161/gallery_media.jpeg', 'https://cdn-media.medialabtc.it/es/agencies/md013/estates/597657/images/8490167/gallery_media.jpeg', 'https://cdn-media.medialabtc.it/es/agencies/md013/estates/597657/images/8490157/gallery_media.jpeg', 'https://cdn-media.medialabtc.it/es/agencies/md013/estates/597657/images/8490165/gallery_media.jpeg', 'https://cdn-media.medialabtc.it/es/agencies/md013/estates/597657/images/8490166/gallery_media.jpeg', 'https://cdn-media.medialabtc.it/es/agencies/md013/estates/597657/images/8490164/gallery_media.jpeg', 'https://cdn-media.medialabtc.it/es/agencies/md013/estates/597657/images/8490158/gallery_media.jpeg', 'https://cdn-media.medialabtc.it/es/agencies/md013/estates/597657/images/8490160/gallery_media.jpeg']",0,Reformado,0,0,0,1,0,Desconocida,0,0,"['imagenes_tecnocasa\\anuncio_1020\\0.jpeg', 'imagenes_tecnocasa\\anuncio_1020\\1.jpeg', 'imagenes_tecnocasa\\anuncio_1020\\2.jpeg', 'imagenes_tecnocasa\\anuncio_1020\\3.jpeg', 'imagenes_tecnocasa\\anuncio_1020\\4.jpeg', 'imagenes_tecnocasa\\anuncio_1020\\5.jpeg', 'imagenes_tecnocasa\\anuncio_1020\\6.jpeg', 'imagenes_tecnocasa\\anuncio_1020\\7.jpeg', 'imagenes_tecnocasa\\anuncio_1020\\8.jpeg', 'imagenes_tecnocasa\\anuncio_1020\\9.jpeg']",1,Popular,1972,1,0,0,piso,1,Entrevías,"Entrevías, Madrid",40.3790449,-3.6717573,1020,2461.5384615384614,91.0,73.0,0.9,1.0,2.0,0.0,otro,pintura,corredera,estándar (2.4-2.8m),nada,3.6,3.6,convencional,"['#A0522D', '#9ACD32', '#800000']",regular,False,convencional,limitado,ninguno,ninguno,estándar,básica,ninguno,6.2,6.0,ninguna,5
https://www.tecnocasa.es/venta/piso/madrid/parla/617743.html,150000.0,3,86.0,1,"Agencia inmobiliaria de PARLA zona PARLA REYES - LAS AMÉRICAS Oficina Tecnocasa VENDE PISO, situado en zona de Reyes, cercano al centro de salud 'Isabel II', colegios e institutos y centro comercial 'El Ferial'.
+ Ubicado en cuarta planta
+ Piso con gran luminosidad
+ Amplio salón comedor
+ Terraza abierta
+ Cocina amueblada con paso a tendedero
+ Baño con bañera
+ Paredes de gotelé
+ Gran variedad de servicios cercanos
+ Muy buena ubicación y bien comunicado
El piso se caracteriza por su buena distribución, excelente ubicación y sobre todo por su AMPLITUD.
ZONA REYES - LAS AMÉRICAS
El piso en venta se ubica en zona de Reyes, rodeada de una amplia variedad de comercios, tales como galerías de alimentación, restauración y textil. También está cercano al centro de salud, farmacias, biblioteca municipal “Gloria Fuertes” bancos y cajeros, colegios, institutos, y grandes zonas verdes con parques infantiles.
TECNOCASA, red inmobiliaria líder en el sector con más de 30 años de experiencia, presente en más de 11 países, 900 oficinas a nivel nacional y con 400 oficinas en la Comunidad de Madrid.
Realizamos valoraciones de su hogar totalmente gratuitas; gestionamos el proceso de post-venta (tanto para comprador como para el vendedor); además, les daremos toda la información que necesiten sobre hipotecas, les ayudaremos a tramitar herencias, certificados, cambios de titularidad, plusvalías, permiso de venta, etc.
Contamos con la colaboración del departamento de financiación de KÍRON, su experto intermediario que le asesorará gratuitamente sin ningún compromiso.
Nuestros servicios:
- Hipoteca “primera vivienda”.
- Hipoteca “cambio de vivienda”.
- Hipoteca 100%.
Disponemos de las mejores viviendas del mercado.
NO DUDE EN VISITARNOS.",0,0,1,1,1,1,0,1,1,1,"['https://cdn-media.medialabtc.it/es/agencies/mdbp7/estates/617743/images/8902973/gallery_media.jpeg', 'https://cdn-media.medialabtc.it/es/agencies/mdbp7/estates/617743/images/8902993/gallery_media.jpeg', 'https://cdn-media.medialabtc.it/es/agencies/mdbp7/estates/617743/images/8902991/gallery_media.jpeg', 'https://cdn-media.medialabtc.it/es/agencies/mdbp7/estates/617743/images/8902989/gallery_media.jpeg', 'https://cdn-media.medialabtc.it/es/agencies/mdbp7/estates/617743/images/8902986/gallery_media.jpeg', 'https://cdn-media.medialabtc.it/es/agencies/mdbp7/estates/617743/images/8902975/gallery_media.jpeg', 'https://cdn-media.medialabtc.it/es/agencies/mdbp7/estates/617743/images/8902982/gallery_media.jpeg', 'https://cdn-media.medialabtc.it/es/agencies/mdbp7/estates/617743/images/8902979/gallery_media.jpeg', 'https://cdn-media.medialabtc.it/es/agencies/mdbp7/estates/617743/images/8902988/gallery_media.jpeg', 'https://cdn-media.medialabtc.it/es/agencies/mdbp7/estates/617743/images/8902981/gallery_media.jpeg', 'https://cdn-media.medialabtc.it/es/agencies/mdbp7/estates/617743/images/8902985/gallery_media.jpeg', 'https://cdn-media.medialabtc.it/es/agencies/mdbp7/estates/617743/images/8902980/gallery_media.jpeg', 'https://cdn-media.medialabtc.it/es/agencies/mdbp7/estates/617743/images/8902992/gallery_media.jpeg', 'https://cdn-media.medialabtc.it/es/agencies/mdbp7/estates/617743/images/8902978/gallery_media.jpeg', 'https://cdn-media.medialabtc.it/es/agencies/mdbp7/estates/617743/images/8902971/gallery_media.jpeg', 'https://cdn-media.medialabtc.it/es/agencies/mdbp7/estates/617743/images/8902972/gallery_media.jpeg', 'https://cdn-media.medialabtc.it/es/agencies/mdbp7/estates/617743/images/8902987/gallery_media.jpeg', 'https://cdn-media.medialabtc.it/es/agencies/mdbp7/estates/617743/images/8902974/gallery_media.jpeg', 'https://cdn-media.medialabtc.it/es/agencies/mdbp7/estates/617743/images/8902969/gallery_media.jpeg', 'https://cdn-media.medialabtc.it/es/agencies/mdbp7/estates/617743/images/8902970/gallery_media.jpeg', 'https://cdn-media.medialabtc.it/es/agencies/mdbp7/estates/617743/images/8902984/gallery_media.jpeg', 'https://cdn-media.medialabtc.it/es/agencies/mdbp7/estates/617743/images/8902977/gallery_media.jpeg', 'https://cdn-media.medialabtc.it/es/agencies/mdbp7/estates/617743/images/8902967/gallery_media.jpeg', 'https://cdn-media.medialabtc.it/es/agencies/mdbp7/estates/617743/images/8902966/gallery_media.jpeg', 'https://cdn-media.medialabtc.it/es/agencies/mdbp7/estates/617743/images/8902983/gallery_media.jpeg', 'https://cdn-media.medialabtc.it/es/agencies/mdbp7/estates/617743/images/8902968/gallery_media.jpeg', 'https://cdn-media.medialabtc.it/es/agencies/mdbp7/estates/617743/images/8902976/gallery_media.jpeg', 'https://cdn-media.medialabtc.it/es/agencies/mdbp7/estates/617743/images/8902990/gallery_media.jpeg']",0,Desconocido,0,0,0,1,0,Desconocida,0,0,"['imagenes_tecnocasa\\anuncio_1022\\0.jpeg', 'imagenes_tecnocasa\\anuncio_1022\\1.jpeg', 'imagenes_tecnocasa\\anuncio_1022\\2.jpeg', 'imagenes_tecnocasa\\anuncio_1022\\3.jpeg', 'imagenes_tecnocasa\\anuncio_1022\\4.jpeg', 'imagenes_tecnocasa\\anuncio_1022\\5.jpeg', 'imagenes_tecnocasa\\anuncio_1022\\6.jpeg', 'imagenes_tecnocasa\\anuncio_1022\\7.jpeg', 'imagenes_tecnocasa\\anuncio_1022\\8.jpeg', 'imagenes_tecnocasa\\anuncio_1022\\9.jpeg', 'imagenes_tecnocasa\\anuncio_1022\\10.jpeg', 'imagenes_tecnocasa\\anuncio_1022\\11.jpeg', 'imagenes_tecnocasa\\anuncio_1022\\12.jpeg', 'imagenes_tecnocasa\\anuncio_1022\\13.jpeg', 'imagenes_tecnocasa\\anuncio_1022\\14.jpeg', 'imagenes_tecnocasa\\anuncio_1022\\15.jpeg', 'imagenes_tecnocasa\\anuncio_1022\\16.jpeg', 'imagenes_tecnocasa\\anuncio_1022\\17.jpeg', 'imagenes_tecnocasa\\anuncio_1022\\18.jpeg', 'imagenes_tecnocasa\\anuncio_1022\\19.jpeg', 'imagenes_tecnocasa\\anuncio_1022\\20.jpeg', 'imagenes_tecnocasa\\anuncio_1022\\21.jpeg', 'imagenes_tecnocasa\\anuncio_1022\\22.jpeg', 'imagenes_tecnocasa\\anuncio_1022\\23.jpeg', 'imagenes_tecnocasa\\anuncio_1022\\24.jpeg', 'imagenes_tecnocasa\\anuncio_1022\\25.jpeg', 'imagenes_tecnocasa\\anuncio_1022\\26.jpeg', 'imagenes_tecnocasa\\anuncio_1022\\27.jpeg']",0,Media,1978,0,0,0,piso,3,Parla,Parla,40.2373952,-3.7718902,1022,1744.1860465116279,271.0,181.0,0.0,0.0,1.0,0.0,otro,pintura,otro,estándar (2.4-2.8m),nada,3.8,3.2,clásico,"['#D2B48C', '#F5F5DC', '#8B4513']",buena,False,convencional,amplio,ninguno,ninguno,estándar,básica,ninguno,6.6,5.4,ninguna,5
https://www.tecnocasa.es/venta/piso/madrid/madrid/554688.html,259900.0,2,38.0,1,"Agencia inmobiliaria de Madrid zona Chamberi - Rios Rosas Tecnocasa GESTION INMOBILIARIA CHAMBERI SLU:
EN VENTA: Calle BRAVO MURILLO. Estudio en 2ª planta interior, RECIEN REFORMADO, A ESTRENAR, con cuarto de baño completo y cocina equipada. Disponibilidad del piso inmediata.
Excelente zona en pleno barrio céntrico de Chamberí, muy bien comunicado, en una de las principales calles del emblemático barrio de Chamberí, muy próximo a calles principales como Ríos Rosas, Santa Engracia, José Abascal y Cea Bermúdez.
Dispone de todos los servicios a tu alcance colegios, farmacias, restaurantes, ocio... además de zonas verdes como el Parque del Canal y Parque de Santander.
Parada de metro de Cuatro Caminos, Rios Rosas y Canal a menos de 500 metros.
Desde Tecnocasa contamos con departamento financiero propio. Podemos conseguir hasta el 100% de financiación para la compra de cualquier inmueble. No dudes en contactar con nosotros para solicitar más información, y, ¡ven a verlo!
PARA CUALQUIER INFORMACIÓN PRESENCIAL ESTAMOS DISPONIBLES EN LAS OFICINA TECNOCASA UBICADA EN CALLE BRAVO MURILLO 71.",1,1,1,1,1,1,1,1,1,1,"['https://cdn-media.medialabtc.it/es/agencies/md061/estates/554688/images/8823456/gallery_media.jpeg', 'https://cdn-media.medialabtc.it/es/agencies/md061/estates/554688/images/8823451/gallery_media.jpeg', 'https://cdn-media.medialabtc.it/es/agencies/md061/estates/554688/images/8823461/gallery_media.jpeg', 'https://cdn-media.medialabtc.it/es/agencies/md061/estates/554688/images/8823455/gallery_media.jpeg', 'https://cdn-media.medialabtc.it/es/agencies/md061/estates/554688/images/8823457/gallery_media.jpeg', 'https://cdn-media.medialabtc.it/es/agencies/md061/estates/554688/images/8823421/gallery_media.jpeg', 'https://cdn-media.medialabtc.it/es/agencies/md061/estates/554688/images/8823442/gallery_media.jpeg', 'https://cdn-media.medialabtc.it/es/agencies/md061/estates/554688/images/8823454/gallery_media.jpeg', 'https://cdn-media.medialabtc.it/es/agencies/md061/estates/554688/images/8823446/gallery_media.jpeg', 'https://cdn-media.medialabtc.it/es/agencies/md061/estates/554688/images/8823443/gallery_media.jpeg', 'https://cdn-media.medialabtc.it/es/agencies/md061/estates/554688/images/8823444/gallery_media.jpeg', 'https://cdn-media.medialabtc.it/es/agencies/md061/estates/554688/images/8823453/gallery_media.jpeg', 'https://cdn-media.medialabtc.it/es/agencies/md061/estates/554688/images/8823458/gallery_media.jpeg', 'https://cdn-media.medialabtc.it/es/agencies/md061/estates/554688/images/8823420/gallery_media.jpeg', 'https://cdn-media.medialabtc.it/es/agencies/md061/estates/554688/images/8823448/gallery_media.jpeg', 'https://cdn-media.medialabtc.it/es/agencies/md061/estates/554688/images/8823447/gallery_media.jpeg', 'https://cdn-media.medialabtc.it/es/agencies/md061/estates/554688/images/8823459/gallery_media.jpeg', 'https://cdn-media.medialabtc.it/es/agencies/md061/estates/554688/images/8823449/gallery_media.jpeg', 'https://cdn-media.medialabtc.it/es/agencies/md061/estates/554688/images/8823460/gallery_media.jpeg', 'https://cdn-media.medialabtc.it/es/agencies/md061/estates/554688/images/8823419/gallery_media.jpeg', 'https://cdn-media.medialabtc.it/es/agencies/md061/estates/554688/images/8823452/gallery_media.jpeg', 'https://cdn-media.medialabtc.it/es/agencies/md061/estates/554688/images/8823462/gallery_media.jpeg', 'https://cdn-media.medialabtc.it/es/agencies/md061/estates/554688/images/8823450/gallery_media.jpeg', 'https://cdn-media.medialabtc.it/es/agencies/md061/estates/554688/images/8823445/gallery_media.jpeg']",0,Reformado,0,0,0,0,0,E,0,0,"['imagenes_tecnocasa\\anuncio_1023\\0.jpeg', 'imagenes_tecnocasa\\anuncio_1023\\1.jpeg', 'imagenes_tecnocasa\\anuncio_1023\\2.jpeg', 'imagenes_tecnocasa\\anuncio_1023\\3.jpeg', 'imagenes_tecnocasa\\anuncio_1023\\4.jpeg', 'imagenes_tecnocasa\\anuncio_1023\\5.jpeg', 'imagenes_tecnocasa\\anuncio_1023\\6.jpeg', 'imagenes_tecnocasa\\anuncio_1023\\7.jpeg', 'imagenes_tecnocasa\\anuncio_1023\\8.jpeg', 'imagenes_tecnocasa\\anuncio_1023\\9.jpeg', 'imagenes_tecnocasa\\anuncio_1023\\10.jpeg', 'imagenes_tecnocasa\\anuncio_1023\\11.jpeg', 'imagenes_tecnocasa\\anuncio_1023\\12.jpeg', 'imagenes_tecnocasa\\anuncio_1023\\13.jpeg', 'imagenes_tecnocasa\\anuncio_1023\\14.jpeg', 'imagenes_tecnocasa\\anuncio_1023\\15.jpeg', 'imagenes_tecnocasa\\anuncio_1023\\16.jpeg', 'imagenes_tecnocasa\\anuncio_1023\\17.jpeg', 'imagenes_tecnocasa\\anuncio_1023\\18.jpeg', 'imagenes_tecnocasa\\anuncio_1023\\19.jpeg', 'imagenes_tecnocasa\\anuncio_1023\\20.jpeg', 'imagenes_tecnocasa\\anuncio_1023\\21.jpeg', 'imagenes_tecnocasa\\anuncio_1023\\22.jpeg', 'imagenes_tecnocasa\\anuncio_1023\\23.jpeg']",1,Media,1920,1,0,0,piso,2,Madrid,Madrid,40.4167047,-3.7035825,1023,6839.473684210527,167.0,125.0,0.0,0.0,2.0,0.0,otro,pintura,ninguna visible,estándar (2.4-2.8m),nada,4.6,5.8,moderno,"['#FFFFFF', '#F2F2F2', '#A0A0A0']",buena,True,convencional,normal,ninguno,ninguno,estándar,básica,ninguno,7.4,7.2,ninguna,5
https://www.tecnocasa.es/venta/piso/madrid/aranjuez/618957.html,239999.0,3,135.0,2,"! TECNOCASA VENDE EN EXCLUSIVA!

¡Descubre tu nuevo hogar en Aranjuez CON PATIO!

Este espectacular piso en la zona de Vergel Las Olivas te ofrece todo lo que necesitas para disfrutar de una vida cómoda y moderna. Con una superficie de 137 m² construidos, cuenta con 3 amplios dormitorios y 2 baños completos, perfectos para adaptarse a tus necesidades. La calefacción individual de gas natural y el aire acondicionado frío/calor garantizan un ambiente agradable durante todo el año.

Imagina relajarte en tu fantástica terraza, ideal para disfrutar de momentos al aire libre. Situado en la primera planta de un edificio con ascensor, este piso también incluye un trastero y una plaza de garaje, lo que añade un gran valor a tu nueva vivienda.

La urbanización cerrada ofrece seguridad y tranquilidad, mientras que su excelente ubicación te sitúa cerca de todos los servicios: bares, restaurantes y transporte público y del centro comercial E. Leclerc.

Además, la accesibilidad para personas con movilidad reducida convierte a este piso en una opción perfecta para todos. No pierdas la oportunidad de vivir en un lugar donde la comodidad y el estilo se unen.

¡Ven a visitarlo y enamórate de tu nuevo hogar en Aranjuez!",0,1,1,1,1,0,0,1,1,1,"['https://cdn-media.medialabtc.it/es/agencies/md614/estates/618957/images/8937728/gallery_media.jpeg', 'https://cdn-media.medialabtc.it/es/agencies/md614/estates/618957/images/8937724/gallery_media.jpeg', 'https://cdn-media.medialabtc.it/es/agencies/md614/estates/618957/images/8937742/gallery_media.jpeg', 'https://cdn-media.medialabtc.it/es/agencies/md614/estates/618957/images/8937653/gallery_media.jpeg', 'https://cdn-media.medialabtc.it/es/agencies/md614/estates/618957/images/8937723/gallery_media.jpeg', 'https://cdn-media.medialabtc.it/es/agencies/md614/estates/618957/images/8937722/gallery_media.jpeg', 'https://cdn-media.medialabtc.it/es/agencies/md614/estates/618957/images/8937726/gallery_media.jpeg', 'https://cdn-media.medialabtc.it/es/agencies/md614/estates/618957/images/8937735/gallery_media.jpeg', 'https://cdn-media.medialabtc.it/es/agencies/md614/estates/618957/images/8937730/gallery_media.jpeg', 'https://cdn-media.medialabtc.it/es/agencies/md614/estates/618957/images/8937650/gallery_media.jpeg', 'https://cdn-media.medialabtc.it/es/agencies/md614/estates/618957/images/8937744/gallery_media.jpeg', 'https://cdn-media.medialabtc.it/es/agencies/md614/estates/618957/images/8937741/gallery_media.jpeg', 'https://cdn-media.medialabtc.it/es/agencies/md614/estates/618957/images/8937740/gallery_media.jpeg', 'https://cdn-media.medialabtc.it/es/agencies/md614/estates/618957/images/8937734/gallery_media.jpeg', 'https://cdn-media.medialabtc.it/es/agencies/md614/estates/618957/images/8937738/gallery_media.jpeg', 'https://cdn-media.medialabtc.it/es/agencies/md614/estates/618957/images/8937720/gallery_media.jpeg', 'https://cdn-media.medialabtc.it/es/agencies/md614/estates/618957/images/8937721/gallery_media.jpeg', 'https://cdn-media.medialabtc.it/es/agencies/md614/estates/618957/images/8937733/gallery_media.jpeg', 'https://cdn-media.medialabtc.it/es/agencies/md614/estates/618957/images/8937727/gallery_media.jpeg', 'https://cdn-media.medialabtc.it/es/agencies/md614/estates/618957/images/8937743/gallery_media.jpeg', 'https://cdn-media.medialabtc.it/es/agencies/md614/estates/618957/images/8937736/gallery_media.jpeg', 'https://cdn-media.medialabtc.it/es/agencies/md614/estates/618957/images/8937739/gallery_media.jpeg', 'https://cdn-media.medialabtc.it/es/agencies/md614/estates/618957/images/8937651/gallery_media.jpeg', 'https://cdn-media.medialabtc.it/es/agencies/md614/estates/618957/images/8937737/gallery_media.jpeg', 'https://cdn-media.medialabtc.it/es/agencies/md614/estates/618957/images/8937731/gallery_media.jpeg', 'https://cdn-media.medialabtc.it/es/agencies/md614/estates/618957/images/8937729/gallery_media.jpeg', 'https://cdn-media.medialabtc.it/es/agencies/md614/estates/618957/images/8937725/gallery_media.jpeg', 'https://cdn-media.medialabtc.it/es/agencies/md614/estates/618957/images/8937732/gallery_media.jpeg', 'https://cdn-media.medialabtc.it/es/agencies/md614/estates/618957/images/8937652/gallery_media.jpeg']",0,Desconocido,1,1,0,1,1,D,0,0,"['imagenes_tecnocasa\\anuncio_1026\\0.jpeg', 'imagenes_tecnocasa\\anuncio_1026\\1.jpeg', 'imagenes_tecnocasa\\anuncio_1026\\2.jpeg', 'imagenes_tecnocasa\\anuncio_1026\\3.jpeg', 'imagenes_tecnocasa\\anuncio_1026\\4.jpeg', 'imagenes_tecnocasa\\anuncio_1026\\5.jpeg', 'imagenes_tecnocasa\\anuncio_1026\\6.jpeg', 'imagenes_tecnocasa\\anuncio_1026\\7.jpeg', 'imagenes_tecnocasa\\anuncio_1026\\8.jpeg', 'imagenes_tecnocasa\\anuncio_1026\\9.jpeg', 'imagenes_tecnocasa\\anuncio_1026\\10.jpeg', 'imagenes_tecnocasa\\anuncio_1026\\11.jpeg', 'imagenes_tecnocasa\\anuncio_1026\\12.jpeg', 'imagenes_tecnocasa\\anuncio_1026\\13.jpeg', 'imagenes_tecnocasa\\anuncio_1026\\14.jpeg', 'imagenes_tecnocasa\\anuncio_1026\\15.jpeg', 'imagenes_tecnocasa\\anuncio_1026\\16.jpeg', 'imagenes_tecnocasa\\anuncio_1026\\17.jpeg', 'imagenes_tecnocasa\\anuncio_1026\\18.jpeg', 'imagenes_tecnocasa\\anuncio_1026\\19.jpeg', 'imagenes_tecnocasa\\anuncio_1026\\20.jpeg', 'imagenes_tecnocasa\\anuncio_1026\\21.jpeg', 'imagenes_tecnocasa\\anuncio_1026\\22.jpeg', 'imagenes_tecnocasa\\anuncio_1026\\23.jpeg', 'imagenes_tecnocasa\\anuncio_1026\\24.jpeg', 'imagenes_tecnocasa\\anuncio_1026\\25.jpeg', 'imagenes_tecnocasa\\anuncio_1026\\26.jpeg', 'imagenes_tecnocasa\\anuncio_1026\\27.jpeg', 'imagenes_tecnocasa\\anuncio_1026\\28.jpeg']",0,Popular,1998,0,0,1,piso,1,Aranjuez,Aranjuez,40.03221,-3.6039604,1026,1777.7703703703703,199.0,137.0,0.3666666666666667,0.6,1.0,1.0,cerámica,pintura,corredera,estándar (2.4-2.8m),nada,3.8,4.8,convencional,"['#F5F5DC', '#D2B48C', '#FAEBD7']",regular,False,convencional,normal,ninguno,ninguno,estándar,parcialmente equipada,ninguno,6.6,6.4,ninguna,5
https://www.tecnocasa.es/venta/piso/madrid/madrid/612482.html,450000.0,2,78.0,1,"Descubre esta acogedora vivienda en el barrio de Bellas Vistas, dentro del distrito de Tetuán, Madrid. Con una superficie de 78 m², este piso ofrece un espacio funcional y bien distribuido, ideal para familias o parejas que buscan comodidad y practicidad. La propiedad cuenta con dos dormitorios, perfectos para adaptarse a tus necesidades personales o familiares. El baño está diseñado para ofrecer confort y funcionalidad. Ubicada en segunda planta exterior, la vivienda se beneficia de una buena iluminación natural. El edificio, construido en 1967, dispone de ascensor, portero físico, jardines y parque infantil privado, lo que facilita el acceso y añade un plus de comodidad a tu día a día. La zona es conocida por su ambiente tranquilo y su proximidad a servicios esenciales, como tiendas, colegios y transporte público. Esta es una oportunidad para vivir en un entorno urbano con todas las comodidades al alcance. ¡Contáctanos para más información!
El inmueble se encuentra actualmente alquilado hasta agosto de 2027 por un importe mensual de 980,00 €.
Comunidad: 133,33 €
IBI: 430,44 €",1,1,1,1,1,1,1,1,1,1,"['https://cdn-media.medialabtc.it/es/agencies/mdaie/estates/612482/images/8781241/gallery_media.jpeg', 'https://cdn-media.medialabtc.it/es/agencies/mdaie/estates/612482/images/8781233/gallery_media.jpeg', 'https://cdn-media.medialabtc.it/es/agencies/mdaie/estates/612482/images/8781282/gallery_media.jpeg', 'https://cdn-media.medialabtc.it/es/agencies/mdaie/estates/612482/images/8781235/gallery_media.jpeg', 'https://cdn-media.medialabtc.it/es/agencies/mdaie/estates/612482/images/8781284/gallery_media.jpeg', 'https://cdn-media.medialabtc.it/es/agencies/mdaie/estates/612482/images/8781229/gallery_media.jpeg', 'https://cdn-media.medialabtc.it/es/agencies/mdaie/estates/612482/images/8781286/gallery_media.jpeg', 'https://cdn-media.medialabtc.it/es/agencies/mdaie/estates/612482/images/8781291/gallery_media.jpeg', 'https://cdn-media.medialabtc.it/es/agencies/mdaie/estates/612482/images/8781226/gallery_media.jpeg', 'https://cdn-media.medialabtc.it/es/agencies/mdaie/estates/612482/images/8781236/gallery_media.jpeg', 'https://cdn-media.medialabtc.it/es/agencies/mdaie/estates/612482/images/8781285/gallery_media.jpeg', 'https://cdn-media.medialabtc.it/es/agencies/mdaie/estates/612482/images/8781232/gallery_media.jpeg', 'https://cdn-media.medialabtc.it/es/agencies/mdaie/estates/612482/images/8781230/gallery_media.jpeg', 'https://cdn-media.medialabtc.it/es/agencies/mdaie/estates/612482/images/8781227/gallery_media.jpeg', 'https://cdn-media.medialabtc.it/es/agencies/mdaie/estates/612482/images/8781231/gallery_media.jpeg', 'https://cdn-media.medialabtc.it/es/agencies/mdaie/estates/612482/images/8781228/gallery_media.jpeg', 'https://cdn-media.medialabtc.it/es/agencies/mdaie/estates/612482/images/8781234/gallery_media.jpeg', 'https://cdn-media.medialabtc.it/es/agencies/mdaie/estates/612482/images/8781288/gallery_media.jpeg', 'https://cdn-media.medialabtc.it/es/agencies/mdaie/estates/612482/images/8781290/gallery_media.jpeg', 'https://cdn-media.medialabtc.it/es/agencies/mdaie/estates/612482/images/8781289/gallery_media.jpeg', 'https://cdn-media.medialabtc.it/es/agencies/mdaie/estates/612482/images/8781238/gallery_media.jpeg', 'https://cdn-media.medialabtc.it/es/agencies/mdaie/estates/612482/images/8781237/gallery_media.jpeg', 'https://cdn-media.medialabtc.it/es/agencies/mdaie/estates/612482/images/8781283/gallery_media.jpeg', 'https://cdn-media.medialabtc.it/es/agencies/mdaie/estates/612482/images/8781240/gallery_media.jpeg', 'https://cdn-media.medialabtc.it/es/agencies/mdaie/estates/612482/images/8781287/gallery_media.jpeg', 'https://cdn-media.medialabtc.it/es/agencies/mdaie/estates/612482/images/8781225/gallery_media.jpeg', 'https://cdn-media.medialabtc.it/es/agencies/mdaie/estates/612482/images/8781239/gallery_media.jpeg']",0,Desconocido,0,0,0,0,1,E,0,0,"['imagenes_tecnocasa\\anuncio_1027\\0.jpeg', 'imagenes_tecnocasa\\anuncio_1027\\1.jpeg', 'imagenes_tecnocasa\\anuncio_1027\\2.jpeg', 'imagenes_tecnocasa\\anuncio_1027\\3.jpeg', 'imagenes_tecnocasa\\anuncio_1027\\4.jpeg', 'imagenes_tecnocasa\\anuncio_1027\\5.jpeg', 'imagenes_tecnocasa\\anuncio_1027\\6.jpeg', 'imagenes_tecnocasa\\anuncio_1027\\7.jpeg', 'imagenes_tecnocasa\\anuncio_1027\\8.jpeg', 'imagenes_tecnocasa\\anuncio_1027\\9.jpeg', 'imagenes_tecnocasa\\anuncio_1027\\10.jpeg', 'imagenes_tecnocasa\\anuncio_1027\\11.jpeg', 'imagenes_tecnocasa\\anuncio_1027\\12.jpeg', 'imagenes_tecnocasa\\anuncio_1027\\13.jpeg', 'imagenes_tecnocasa\\anuncio_1027\\14.jpeg', 'imagenes_tecnocasa\\anuncio_1027\\15.jpeg', 'imagenes_tecnocasa\\anuncio_1027\\16.jpeg', 'imagenes_tecnocasa\\anuncio_1027\\17.jpeg', 'imagenes_tecnocasa\\anuncio_1027\\18.jpeg', 'imagenes_tecnocasa\\anuncio_1027\\19.jpeg', 'imagenes_tecnocasa\\anuncio_1027\\20.jpeg', 'imagenes_tecnocasa\\anuncio_1027\\21.jpeg', 'imagenes_tecnocasa\\anuncio_1027\\22.jpeg', 'imagenes_tecnocasa\\anuncio_1027\\23.jpeg', 'imagenes_tecnocasa\\anuncio_1027\\24.jpeg', 'imagenes_tecnocasa\\anuncio_1027\\25.jpeg', 'imagenes_tecnocasa\\anuncio_1027\\26.jpeg']",0,Popular,1967,0,0,1,piso,2,Bellas Vistas,"Bellas Vistas, Madrid",40.4526848,-3.7072396,1027,5769.2307692307695,173.0,131.0,0.5125,0.7,1.0,1.0,cerámica,pintura,corredera,estándar (2.4-2.8m),nada,3.8,4.2,convencional,"['#FFFFFF', '#FFFFE0', '#F0E68C']",buena,False,convencional,limitado,ninguno,ninguno,estándar,básica,ninguno,6.4,6.6,ninguna,5
https://www.tecnocasa.es/venta/casa/madrid/paracuellos-de-jarama/612107.html,589900.0,9,360.0,4,"Agencia inmobiliaria de Paracuellos de Jarama zona PARACUELLOS DE JARAMA - MIRAMADRID - ALTOS DE JARAMA Oficina Tecnocasa situada en C/ Travesia de la Iglesia 3 (PARACUELLOS DE JARAMA ):
EN VENTA: MAGNÍFICO CHALET INDEPENDIENTE
¡Descubre el hogar de tus sueños en la exclusiva Urbanización Altos de Jarama ! Este chalet independiente con una construcción única de 380 m² dividida en dos plantas, parcela de 714 m2 con piscina y unas magníficas vistas. Una vivienda que te ofrece un estilo de vida inigualable.
El interior del chalet cuenta con 9 habitaciones espaciosas, con ventanales que permiten la entrada de luz natural y dos de las habitaciones que tenemos, en segunda planta con baño en suite .
En la primera planta de la vivienda encontramos el recibidor amplio y luminoso con un gran armario empotrado , a mano derecha nos encontramos uno de los varios salones que tiene dicha vivienda junto con una habitacion de invitados, de seguido nos encontramos las demás estancias de la vivienda una cocina con acceso al patio y 3 grandes habitaciones , es decir la planta de abajo tendria 4 habitaciones . A parte, tenemos una magnífica cocina con salida a un porche amplio y todo en muy buen estado de conservacion , con un ventanal que nos brinda una cómoda salida a la zona tan amplia de parcela donde se encuentra la maravillosa piscina y zona de estar. Tendriamos 9 habitaciones ,dos cocinas , dos magnificos salones con muchisima luminosidad y cuatro cuartos de baños
Subiendo a la segunda planta encontramos cinco habitaciones, con armarios empotrados, una de ellas con baño en suite totalmente reformado con plato de ducha . Habitaciones bastante amplias, con muy buenas vistas y muy luminosas, a parte, encontramos otro baño completo con bañera para dar servicio a las otras cuatro habitaciones.
La parcela de 714 m² tiene todo tipo de posibilidades y zonas diferentes. Contamos con la zona de piscina, muy elegante con diferentes zonas de descanso, terraza, cuarto de calderas. En general, una parcela muy espaciosa con mil y una posibilidades.
¡OPORTUNIDAD!
Si buscas una vivienda de altas calidades y mil posibilidades en una de las mejores zonas de la Urbanización Altos de Jarama en Paracuellos de Jarama, no dejes de pasar el momento, ¡VEN A VERLO!
Además, te recordamos que te ayudamos con la financiación de la vivienda gracias a nuestro departamento financiero KIRON. Hasta el 100% de la hipoteca.
INFÓRMATE SIN NINGÚN TIPO DE COMPROMISO EN NUESTRA OFICINA, LLÁMANOS AL TELÉFONO QUE APARECE EN EL ANUNCIO.",0,0,1,0,0,0,0,0,0,0,"['https://cdn-media.medialabtc.it/es/agencies/md626/estates/612107/images/8802851/gallery_media.jpeg', 'https://cdn-media.medialabtc.it/es/agencies/md626/estates/612107/images/8802843/gallery_media.jpeg', 'https://cdn-media.medialabtc.it/es/agencies/md626/estates/612107/images/8802837/gallery_media.jpeg', 'https://cdn-media.medialabtc.it/es/agencies/md626/estates/612107/images/8802846/gallery_media.jpeg', 'https://cdn-media.medialabtc.it/es/agencies/md626/estates/612107/images/8802806/gallery_media.jpeg', 'https://cdn-media.medialabtc.it/es/agencies/md626/estates/612107/images/8802810/gallery_media.jpeg', 'https://cdn-media.medialabtc.it/es/agencies/md626/estates/612107/images/8802809/gallery_media.jpeg', 'https://cdn-media.medialabtc.it/es/agencies/md626/estates/612107/images/8802817/gallery_media.jpeg', 'https://cdn-media.medialabtc.it/es/agencies/md626/estates/612107/images/8802836/gallery_media.jpeg', 'https://cdn-media.medialabtc.it/es/agencies/md626/estates/612107/images/8802813/gallery_media.jpeg', 'https://cdn-media.medialabtc.it/es/agencies/md626/estates/612107/images/8802818/gallery_media.jpeg', 'https://cdn-media.medialabtc.it/es/agencies/md626/estates/612107/images/8802848/gallery_media.jpeg', 'https://cdn-media.medialabtc.it/es/agencies/md626/estates/612107/images/8802820/gallery_media.jpeg', 'https://cdn-media.medialabtc.it/es/agencies/md626/estates/612107/images/8802815/gallery_media.jpeg', 'https://cdn-media.medialabtc.it/es/agencies/md626/estates/612107/images/8802844/gallery_media.jpeg', 'https://cdn-media.medialabtc.it/es/agencies/md626/estates/612107/images/8802833/gallery_media.jpeg', 'https://cdn-media.medialabtc.it/es/agencies/md626/estates/612107/images/8802812/gallery_media.jpeg', 'https://cdn-media.medialabtc.it/es/agencies/md626/estates/612107/images/8802816/gallery_media.jpeg', 'https://cdn-media.medialabtc.it/es/agencies/md626/estates/612107/images/8802808/gallery_media.jpeg', 'https://cdn-media.medialabtc.it/es/agencies/md626/estates/612107/images/8802839/gallery_media.jpeg', 'https://cdn-media.medialabtc.it/es/agencies/md626/estates/612107/images/8802850/gallery_media.jpeg', 'https://cdn-media.medialabtc.it/es/agencies/md626/estates/612107/images/8802835/gallery_media.jpeg', 'https://cdn-media.medialabtc.it/es/agencies/md626/estates/612107/images/8802845/gallery_media.jpeg', 'https://cdn-media.medialabtc.it/es/agencies/md626/estates/612107/images/8802807/gallery_media.jpeg', 'https://cdn-media.medialabtc.it/es/agencies/md626/estates/612107/images/8802811/gallery_media.jpeg', 'https://cdn-media.medialabtc.it/es/agencies/md626/estates/612107/images/8802814/gallery_media.jpeg', 'https://cdn-media.medialabtc.it/es/agencies/md626/estates/612107/images/8802819/gallery_media.jpeg', 'https://cdn-media.medialabtc.it/es/agencies/md626/estates/612107/images/8802842/gallery_media.jpeg', 'https://cdn-media.medialabtc.it/es/agencies/md626/estates/612107/images/8802821/gallery_media.jpeg']",1,Reformado,0,0,1,1,0,Desconocida,0,0,"['imagenes_tecnocasa\\anuncio_1028\\0.jpeg', 'imagenes_tecnocasa\\anuncio_1028\\1.jpeg', 'imagenes_tecnocasa\\anuncio_1028\\2.jpeg', 'imagenes_tecnocasa\\anuncio_1028\\3.jpeg', 'imagenes_tecnocasa\\anuncio_1028\\4.jpeg', 'imagenes_tecnocasa\\anuncio_1028\\5.jpeg', 'imagenes_tecnocasa\\anuncio_1028\\6.jpeg', 'imagenes_tecnocasa\\anuncio_1028\\7.jpeg', 'imagenes_tecnocasa\\anuncio_1028\\8.jpeg', 'imagenes_tecnocasa\\anuncio_1028\\9.jpeg', 'imagenes_tecnocasa\\anuncio_1028\\10.jpeg', 'imagenes_tecnocasa\\anuncio_1028\\11.jpeg', 'imagenes_tecnocasa\\anuncio_1028\\12.jpeg', 'imagenes_tecnocasa\\anuncio_1028\\13.jpeg', 'imagenes_tecnocasa\\anuncio_1028\\14.jpeg', 'imagenes_tecnocasa\\anuncio_1028\\15.jpeg', 'imagenes_tecnocasa\\anuncio_1028\\16.jpeg', 'imagenes_tecnocasa\\anuncio_1028\\17.jpeg', 'imagenes_tecnocasa\\anuncio_1028\\18.jpeg', 'imagenes_tecnocasa\\anuncio_1028\\19.jpeg', 'imagenes_tecnocasa\\anuncio_1028\\20.jpeg', 'imagenes_tecnocasa\\anuncio_1028\\21.jpeg', 'imagenes_tecnocasa\\anuncio_1028\\22.jpeg', 'imagenes_tecnocasa\\anuncio_1028\\23.jpeg', 'imagenes_tecnocasa\\anuncio_1028\\24.jpeg', 'imagenes_tecnocasa\\anuncio_1028\\25.jpeg', 'imagenes_tecnocasa\\anuncio_1028\\26.jpeg', 'imagenes_tecnocasa\\anuncio_1028\\27.jpeg', 'imagenes_tecnocasa\\anuncio_1028\\28.jpeg']",1,Media,1982,1,1,0,casa,1,Paracuellos de Jarama,Paracuellos De Jarama,40.5048527,-3.5317621,1028,1638.611111111111,419.0,231.0,0.08906250000000002,0.45,3.0,0.0,parquet,pintura,corredera,estándar (2.4-2.8m),nada,4.4,5.4,convencional,"['#F5F5DC', '#FAEBD7', '#D2B48C']",buena,False,convencional,normal,ninguno,ninguno,estándar,básica,ninguno,7.2,6.4,ninguna,5
https://www.tecnocasa.es/venta/piso/madrid/aranjuez/618934.html,139999.0,3,63.0,1,"Agencia inmobiliaria de Aranjuez zona Nuevo Aranjuez Tecnocasa Estudio Nuevo Aranjuez S. L
¡Descubre tu nuevo hogar en un encantador pueblo a solo 40 minutos de Madrid! Este impresionante piso te ofrece la combinación perfecta de comodidad y elegancia, disfrutarás de un entorno familiar con todos los servicios necesarios.
Este amplio inmueble ubicado en el barrio del Nuevo Aranjuez en una cuarta planta con ascensor, ofrece una orientación Sureste que asegura una excelente iluminación natural.
Con una distribución de 3 amplios dormitorios, un cuarto de baño con plato de ducha, cuenta con entrada, cocina amueblada y un luminoso salón.
Destacar de la vivienda su buena distribución y su total independencia de los dormitorios, distinguiendo las zonas de ocio de las zonas de descanso.
Podrás disfrutar también de todas las facilidades que ofrece la zona, como paradas de autobús, supermercados, parques, colegios, farmacias, polideportivos, zonas verdes y otros servicios cercanos.

Ofrecemos la posibilidad de financiación hasta el 100% y un estudio financiero gratuito y sin compromiso para que puedas hacer realidad el sueño de tener tu propio hogar.
Consultar condiciones.
No pierdas la oportunidad de visitar esta magnífica propiedad. Agenda tu cita previa y ven a conocer tu futuro hogar en Aranjuez. ¡Te esperamos!",0,1,1,1,1,1,0,1,1,1,"['https://cdn-media.medialabtc.it/es/agencies/md534/estates/618934/images/8926196/gallery_media.jpeg', 'https://cdn-media.medialabtc.it/es/agencies/md534/estates/618934/images/8926203/gallery_media.jpeg', 'https://cdn-media.medialabtc.it/es/agencies/md534/estates/618934/images/8926194/gallery_media.jpeg', 'https://cdn-media.medialabtc.it/es/agencies/md534/estates/618934/images/8926188/gallery_media.jpeg', 'https://cdn-media.medialabtc.it/es/agencies/md534/estates/618934/images/8926204/gallery_media.jpeg', 'https://cdn-media.medialabtc.it/es/agencies/md534/estates/618934/images/8926200/gallery_media.jpeg', 'https://cdn-media.medialabtc.it/es/agencies/md534/estates/618934/images/8926205/gallery_media.jpeg', 'https://cdn-media.medialabtc.it/es/agencies/md534/estates/618934/images/8926207/gallery_media.jpeg', 'https://cdn-media.medialabtc.it/es/agencies/md534/estates/618934/images/8926193/gallery_media.jpeg', 'https://cdn-media.medialabtc.it/es/agencies/md534/estates/618934/images/8926197/gallery_media.jpeg', 'https://cdn-media.medialabtc.it/es/agencies/md534/estates/618934/images/8926189/gallery_media.jpeg', 'https://cdn-media.medialabtc.it/es/agencies/md534/estates/618934/images/8926195/gallery_media.jpeg', 'https://cdn-media.medialabtc.it/es/agencies/md534/estates/618934/images/8926190/gallery_media.jpeg', 'https://cdn-media.medialabtc.it/es/agencies/md534/estates/618934/images/8926199/gallery_media.jpeg', 'https://cdn-media.medialabtc.it/es/agencies/md534/estates/618934/images/8926187/gallery_media.jpeg', 'https://cdn-media.medialabtc.it/es/agencies/md534/estates/618934/images/8926202/gallery_media.jpeg', 'https://cdn-media.medialabtc.it/es/agencies/md534/estates/618934/images/8926191/gallery_media.jpeg', 'https://cdn-media.medialabtc.it/es/agencies/md534/estates/618934/images/8926206/gallery_media.jpeg', 'https://cdn-media.medialabtc.it/es/agencies/md534/estates/618934/images/8926198/gallery_media.jpeg', 'https://cdn-media.medialabtc.it/es/agencies/md534/estates/618934/images/8926201/gallery_media.jpeg', 'https://cdn-media.medialabtc.it/es/agencies/md534/estates/618934/images/8926192/gallery_media.jpeg']",0,Desconocido,0,0,0,0,0,Desconocida,0,0,"['imagenes_tecnocasa\\anuncio_1030\\0.jpeg', 'imagenes_tecnocasa\\anuncio_1030\\1.jpeg', 'imagenes_tecnocasa\\anuncio_1030\\2.jpeg', 'imagenes_tecnocasa\\anuncio_1030\\3.jpeg', 'imagenes_tecnocasa\\anuncio_1030\\4.jpeg', 'imagenes_tecnocasa\\anuncio_1030\\5.jpeg', 'imagenes_tecnocasa\\anuncio_1030\\6.jpeg', 'imagenes_tecnocasa\\anuncio_1030\\7.jpeg', 'imagenes_tecnocasa\\anuncio_1030\\8.jpeg', 'imagenes_tecnocasa\\anuncio_1030\\9.jpeg', 'imagenes_tecnocasa\\anuncio_1030\\10.jpeg', 'imagenes_tecnocasa\\anuncio_1030\\11.jpeg', 'imagenes_tecnocasa\\anuncio_1030\\12.jpeg', 'imagenes_tecnocasa\\anuncio_1030\\13.jpeg', 'imagenes_tecnocasa\\anuncio_1030\\14.jpeg', 'imagenes_tecnocasa\\anuncio_1030\\15.jpeg', 'imagenes_tecnocasa\\anuncio_1030\\16.jpeg', 'imagenes_tecnocasa\\anuncio_1030\\17.jpeg', 'imagenes_tecnocasa\\anuncio_1030\\18.jpeg', 'imagenes_tecnocasa\\anuncio_1030\\19.jpeg', 'imagenes_tecnocasa\\anuncio_1030\\20.jpeg']",1,Media,1969,1,0,0,piso,1,Aranjuez,Aranjuez,40.03221,-3.6039604,1030,2222.2063492063494,203.0,138.0,0.15833333333333333,0.5499999999999999,2.0,0.0,cerámica,pintura,ninguna,estándar (2.4-2.8m),nada,3.4,4.8,moderno,"['#FFFFFF', '#D3D3D3', '#000000']",regular,False,convencional,limitado,ninguno,ninguno,estándar,básica,ninguno,6.0,6.2,ninguna,5
https://www.tecnocasa.es/venta/piso/madrid/aranjuez/615057.html,169999.0,2,69.0,1,"¡Descubre tu nuevo hogar en la zona privilegiada del Nuevo Aranjuez!
Agencia inmobiliaria de Aranjuez zona Nuevo Aranjuez Tecnocasa Estudio Nuevo Aranjuez S. L presenta:
Este amplio inmueble ubicado en el barrio del Nuevo Aranjuez en una segunda planta de un bloque fantástico con ascensor. Este piso ofrece una orientación sur-este que asegura una excelente iluminación natural.
Con dos amplios dormitorios (antiguamente eran 3) y un cuarto de baño completo reformado con plato de ducha y ventana, es perfecto para familias que buscan confort y funcionalidad.
El salón cuenta con acceso a una amplia terraza alargada con orientación a la calle de las Flores la cual es perfecta para poder tomar el aire y disfrutar de un espacio de desahogo.
La cocina, espaciosa y bien distribuida fue reformada para que tuviese mayor amplitud y se pudiese hacer vida.
La calefacción es eléctrica apoyada de dos bombas de aire acondicionado que garantizan el confort durante todo el año.
Destacar de la vivienda su buena distribución y su total independencia de los dormitorios, distinguiendo las zonas de ocio de las zonas de descanso.
Podrás disfrutar también de todas las facilidades que ofrece la zona, como paradas de autobús, supermercados, parques, colegios, farmacias, polideportivos, zonas verdes y otros servicios cercanos.
A tan solo 1 minuto del corazón del Nuevo Aranjuez, este piso te ofrece todo lo que necesitas para vivir cómodamente.

Ofrecemos la posibilidad de financiación hasta el 100% y un estudio financiero gratuito y sin compromiso para que puedas hacer realidad el sueño de tener tu propio hogar.
Consultar condiciones.
No pierdas la oportunidad de visitar esta magnífica propiedad. Agenda tu cita previa y ven a conocer tu futuro hogar en Aranjuez. ¡Te esperamos!",0,1,1,1,1,1,0,1,1,1,"['https://cdn-media.medialabtc.it/es/agencies/md534/estates/615057/images/8850085/gallery_media.jpeg', 'https://cdn-media.medialabtc.it/es/agencies/md534/estates/615057/images/8850100/gallery_media.jpeg', 'https://cdn-media.medialabtc.it/es/agencies/md534/estates/615057/images/8850091/gallery_media.jpeg', 'https://cdn-media.medialabtc.it/es/agencies/md534/estates/615057/images/8850084/gallery_media.jpeg', 'https://cdn-media.medialabtc.it/es/agencies/md534/estates/615057/images/8850102/gallery_media.jpeg', 'https://cdn-media.medialabtc.it/es/agencies/md534/estates/615057/images/8850087/gallery_media.jpeg', 'https://cdn-media.medialabtc.it/es/agencies/md534/estates/615057/images/8850083/gallery_media.jpeg', 'https://cdn-media.medialabtc.it/es/agencies/md534/estates/615057/images/8850081/gallery_media.jpeg', 'https://cdn-media.medialabtc.it/es/agencies/md534/estates/615057/images/8850094/gallery_media.jpeg', 'https://cdn-media.medialabtc.it/es/agencies/md534/estates/615057/images/8850099/gallery_media.jpeg', 'https://cdn-media.medialabtc.it/es/agencies/md534/estates/615057/images/8850086/gallery_media.jpeg', 'https://cdn-media.medialabtc.it/es/agencies/md534/estates/615057/images/8850088/gallery_media.jpeg', 'https://cdn-media.medialabtc.it/es/agencies/md534/estates/615057/images/8850090/gallery_media.jpeg', 'https://cdn-media.medialabtc.it/es/agencies/md534/estates/615057/images/8850103/gallery_media.jpeg', 'https://cdn-media.medialabtc.it/es/agencies/md534/estates/615057/images/8850080/gallery_media.jpeg', 'https://cdn-media.medialabtc.it/es/agencies/md534/estates/615057/images/8850089/gallery_media.jpeg', 'https://cdn-media.medialabtc.it/es/agencies/md534/estates/615057/images/8850095/gallery_media.jpeg', 'https://cdn-media.medialabtc.it/es/agencies/md534/estates/615057/images/8850097/gallery_media.jpeg', 'https://cdn-media.medialabtc.it/es/agencies/md534/estates/615057/images/8850079/gallery_media.jpeg', 'https://cdn-media.medialabtc.it/es/agencies/md534/estates/615057/images/8850082/gallery_media.jpeg', 'https://cdn-media.medialabtc.it/es/agencies/md534/estates/615057/images/8850101/gallery_media.jpeg']",0,Reformado,0,0,0,1,0,Desconocida,0,0,"['imagenes_tecnocasa\\anuncio_1031\\0.jpeg', 'imagenes_tecnocasa\\anuncio_1031\\1.jpeg', 'imagenes_tecnocasa\\anuncio_1031\\2.jpeg', 'imagenes_tecnocasa\\anuncio_1031\\3.jpeg', 'imagenes_tecnocasa\\anuncio_1031\\4.jpeg', 'imagenes_tecnocasa\\anuncio_1031\\5.jpeg', 'imagenes_tecnocasa\\anuncio_1031\\6.jpeg', 'imagenes_tecnocasa\\anuncio_1031\\7.jpeg', 'imagenes_tecnocasa\\anuncio_1031\\8.jpeg', 'imagenes_tecnocasa\\anuncio_1031\\9.jpeg', 'imagenes_tecnocasa\\anuncio_1031\\10.jpeg', 'imagenes_tecnocasa\\anuncio_1031\\11.jpeg', 'imagenes_tecnocasa\\anuncio_1031\\12.jpeg', 'imagenes_tecnocasa\\anuncio_1031\\13.jpeg', 'imagenes_tecnocasa\\anuncio_1031\\14.jpeg', 'imagenes_tecnocasa\\anuncio_1031\\15.jpeg', 'imagenes_tecnocasa\\anuncio_1031\\16.jpeg', 'imagenes_tecnocasa\\anuncio_1031\\17.jpeg', 'imagenes_tecnocasa\\anuncio_1031\\18.jpeg', 'imagenes_tecnocasa\\anuncio_1031\\19.jpeg', 'imagenes_tecnocasa\\anuncio_1031\\20.jpeg']",1,Media,1972,1,0,0,piso,1,Aranjuez,Aranjuez,40.03221,-3.6039604,1031,2463.753623188406,282.0,184.0,0.05,0.575,2.0,0.0,cerámica,pintura,corredera,estándar (2.4-2.8m),nada,4.0,4.6,convencional,"['#FFFFFF', '#D3D3D3', '#909090']",regular,False,convencional,normal,ninguno,ninguno,estándar,parcialmente equipada,ninguno,6.6,5.8,ninguna,5
https://www.tecnocasa.es/venta/casa/madrid/villaviciosa-de-odon/613793.html,499000.0,3,160.0,4,"TECNOCASA VILLAVICIOSA DE ODON Vende en exclusiva para que usted compre con seguridad y tranquilidad, sin otros compradores y agencias por medio. Confíe en la inmobiliaria líder en España con más de 900 puntos de venta. Agencia Inmobiliaria inscrita en el RAIN de la Comunidad de Madrid. N° 000134/18.
Chalet Adosado en el centro de Villaviciosa de Odón, cercano a múltiples servicios, supermercados, zonas de ocio, colegios, zonas infantiles y centros comerciales.
La planta de calle cuenta con un hall de entrada que se distribuye en, aseo de cortesía, gran salón-comedor muy luminoso con chimenea de Pellet y cocina Americana, el cual cuenta con salida directa al jardín.
En la primera planta encontramos un amplio distribuidor que da acceso a tres habitaciones, dos de ellas con armarios empotrados, la principal cuenta con baño en suite con ducha de obra, tenemos otro cuarto de baño amplio y con duchaque da servicio a las dos habitaciones restantes, las cuales son muy amplias y con intensa luz natural.
En la buhardilla encontramos un amplio espacio usado actuamente como salon, un cuarto de baño y una terraza con bonitas vistas a la sierra.
El semisótano cuenta con un muy amplio garaje con capacidad para un vehículo, zona de lavanderia y dos cuartos trasteros.
El jardin cuenta con una amplia zona solada y una parte techada con zona de barbacoa.
La vivienda tiene placas solares, estudidadas para el autoconsumo.
¿CANSADO DE PAGAR ALQUILER?
ASESORAMIENTO HIPOTECARIO GRATUITO 100% FINANCIACIÓN!",0,0,1,1,1,1,0,1,1,1,"['https://cdn-media.medialabtc.it/es/agencies/mdbzb/estates/613793/images/8859627/gallery_media.jpeg', 'https://cdn-media.medialabtc.it/es/agencies/mdbzb/estates/613793/images/8859634/gallery_media.jpeg', 'https://cdn-media.medialabtc.it/es/agencies/mdbzb/estates/613793/images/8859637/gallery_media.jpeg', 'https://cdn-media.medialabtc.it/es/agencies/mdbzb/estates/613793/images/8859640/gallery_media.jpeg', 'https://cdn-media.medialabtc.it/es/agencies/mdbzb/estates/613793/images/8859629/gallery_media.jpeg', 'https://cdn-media.medialabtc.it/es/agencies/mdbzb/estates/613793/images/8859623/gallery_media.jpeg', 'https://cdn-media.medialabtc.it/es/agencies/mdbzb/estates/613793/images/8859633/gallery_media.jpeg', 'https://cdn-media.medialabtc.it/es/agencies/mdbzb/estates/613793/images/8859625/gallery_media.jpeg', 'https://cdn-media.medialabtc.it/es/agencies/mdbzb/estates/613793/images/8859631/gallery_media.jpeg', 'https://cdn-media.medialabtc.it/es/agencies/mdbzb/estates/613793/images/8859622/gallery_media.jpeg', 'https://cdn-media.medialabtc.it/es/agencies/mdbzb/estates/613793/images/8859621/gallery_media.jpeg', 'https://cdn-media.medialabtc.it/es/agencies/mdbzb/estates/613793/images/8859630/gallery_media.jpeg', 'https://cdn-media.medialabtc.it/es/agencies/mdbzb/estates/613793/images/8859638/gallery_media.jpeg', 'https://cdn-media.medialabtc.it/es/agencies/mdbzb/estates/613793/images/8859628/gallery_media.jpeg', 'https://cdn-media.medialabtc.it/es/agencies/mdbzb/estates/613793/images/8859636/gallery_media.jpeg', 'https://cdn-media.medialabtc.it/es/agencies/mdbzb/estates/613793/images/8859635/gallery_media.jpeg', 'https://cdn-media.medialabtc.it/es/agencies/mdbzb/estates/613793/images/8859641/gallery_media.jpeg', 'https://cdn-media.medialabtc.it/es/agencies/mdbzb/estates/613793/images/8859639/gallery_media.jpeg', 'https://cdn-media.medialabtc.it/es/agencies/mdbzb/estates/613793/images/8859642/gallery_media.jpeg', 'https://cdn-media.medialabtc.it/es/agencies/mdbzb/estates/613793/images/8859626/gallery_media.jpeg', 'https://cdn-media.medialabtc.it/es/agencies/mdbzb/estates/613793/images/8859624/gallery_media.jpeg', 'https://cdn-media.medialabtc.it/es/agencies/mdbzb/estates/613793/images/8859632/gallery_media.jpeg']",1,Desconocido,1,0,0,1,1,Desconocida,0,0,"['imagenes_tecnocasa\\anuncio_1032\\0.jpeg', 'imagenes_tecnocasa\\anuncio_1032\\1.jpeg', 'imagenes_tecnocasa\\anuncio_1032\\2.jpeg', 'imagenes_tecnocasa\\anuncio_1032\\3.jpeg', 'imagenes_tecnocasa\\anuncio_1032\\4.jpeg', 'imagenes_tecnocasa\\anuncio_1032\\5.jpeg', 'imagenes_tecnocasa\\anuncio_1032\\6.jpeg', 'imagenes_tecnocasa\\anuncio_1032\\7.jpeg', 'imagenes_tecnocasa\\anuncio_1032\\8.jpeg', 'imagenes_tecnocasa\\anuncio_1032\\9.jpeg', 'imagenes_tecnocasa\\anuncio_1032\\10.jpeg', 'imagenes_tecnocasa\\anuncio_1032\\11.jpeg', 'imagenes_tecnocasa\\anuncio_1032\\12.jpeg', 'imagenes_tecnocasa\\anuncio_1032\\13.jpeg', 'imagenes_tecnocasa\\anuncio_1032\\14.jpeg', 'imagenes_tecnocasa\\anuncio_1032\\15.jpeg', 'imagenes_tecnocasa\\anuncio_1032\\16.jpeg', 'imagenes_tecnocasa\\anuncio_1032\\17.jpeg', 'imagenes_tecnocasa\\anuncio_1032\\18.jpeg', 'imagenes_tecnocasa\\anuncio_1032\\19.jpeg', 'imagenes_tecnocasa\\anuncio_1032\\20.jpeg', 'imagenes_tecnocasa\\anuncio_1032\\21.jpeg']",0,Media,1985,0,0,0,casa,2,Villaviciosa de Odón,Villaviciosa De Odón,40.3573787,-3.9002334,1032,3118.75,243.0,153.0,0.125,0.4,2.0,0.0,otro,pintura,corredera,estándar (2.4-2.8m),nada,3.6,4.4,moderno,"['#FFFFFF', '#F2F2F2', '#D3D3D3']",regular,False,convencional,limitado,ninguno,ninguno,estándar,básica,ninguno,7.0,6.0,ninguna,5
https://www.tecnocasa.es/venta/casa/madrid/aranjuez/613314.html,257000.0,4,172.0,3,"Inmobiliaria en Aranjuez - Tecnocasa Houseland Aranjuez Slu

¡Descubre tu nuevo hogar en la Urbanización La Montaña! Este encantador chalet adosado te ofrece todo lo que necesitas para disfrutar de una vida cómoda y tranquila. Al entrar, serás recibido por un patio delantero que da la bienvenida a un hogar lleno de luz y espacio. La cocina, completamente reformada con materiales de alta calidad, es el lugar perfecto para inspirarte y preparar tus platos favoritos. El salón, amplio y luminoso, te invita a relajarte y disfrutar de momentos inolvidables con acceso directo al patio trasero, donde una pérgola y suelo losado crean un ambiente ideal para tus reuniones al aire libre.

En la primera planta, encontrarás un hall recibidor que distribuye las cuatro habitaciones, diseñadas para ofrecer el máximo confort. El dormitorio principal cuenta con un baño en suite y acceso a una terraza privada, donde podrás disfrutar de tus momentos de tranquilidad. Además, la vivienda dispone de dos baños adicionales y armarios empotrados que garantizan el espacio de almacenamiento que necesitas.

Este chalet no solo destaca por su interior, sino también por sus zonas comunes. Disfruta de los jardines y la piscina comunitaria, perfectos para relajarte y socializar. La ubicación es inmejorable, con el hospital, casino y supermercado a pocos minutos. No te preocupes por el aparcamiento, ya que cuenta con una plaza de garaje para tu comodidad. Construido en 2006 y en excelente estado, este hogar está listo para recibirte. ¡No pierdas la oportunidad de vivir en este maravilloso entorno!",0,1,1,1,0,0,0,1,0,1,"['https://cdn-media.medialabtc.it/es/agencies/mdbr5/estates/613314/images/8805019/gallery_media.jpeg', 'https://cdn-media.medialabtc.it/es/agencies/mdbr5/estates/613314/images/8805029/gallery_media.jpeg', 'https://cdn-media.medialabtc.it/es/agencies/mdbr5/estates/613314/images/8804941/gallery_media.jpeg', 'https://cdn-media.medialabtc.it/es/agencies/mdbr5/estates/613314/images/8805028/gallery_media.jpeg', 'https://cdn-media.medialabtc.it/es/agencies/mdbr5/estates/613314/images/8805026/gallery_media.jpeg', 'https://cdn-media.medialabtc.it/es/agencies/mdbr5/estates/613314/images/8805023/gallery_media.jpeg', 'https://cdn-media.medialabtc.it/es/agencies/mdbr5/estates/613314/images/8805015/gallery_media.jpeg', 'https://cdn-media.medialabtc.it/es/agencies/mdbr5/estates/613314/images/8805027/gallery_media.jpeg', 'https://cdn-media.medialabtc.it/es/agencies/mdbr5/estates/613314/images/8805024/gallery_media.jpeg', 'https://cdn-media.medialabtc.it/es/agencies/mdbr5/estates/613314/images/8805006/gallery_media.jpeg', 'https://cdn-media.medialabtc.it/es/agencies/mdbr5/estates/613314/images/8805005/gallery_media.jpeg', 'https://cdn-media.medialabtc.it/es/agencies/mdbr5/estates/613314/images/8805012/gallery_media.jpeg', 'https://cdn-media.medialabtc.it/es/agencies/mdbr5/estates/613314/images/8805009/gallery_media.jpeg', 'https://cdn-media.medialabtc.it/es/agencies/mdbr5/estates/613314/images/8805025/gallery_media.jpeg', 'https://cdn-media.medialabtc.it/es/agencies/mdbr5/estates/613314/images/8805020/gallery_media.jpeg', 'https://cdn-media.medialabtc.it/es/agencies/mdbr5/estates/613314/images/8805003/gallery_media.jpeg', 'https://cdn-media.medialabtc.it/es/agencies/mdbr5/estates/613314/images/8805013/gallery_media.jpeg', 'https://cdn-media.medialabtc.it/es/agencies/mdbr5/estates/613314/images/8805021/gallery_media.jpeg', 'https://cdn-media.medialabtc.it/es/agencies/mdbr5/estates/613314/images/8805004/gallery_media.jpeg', 'https://cdn-media.medialabtc.it/es/agencies/mdbr5/estates/613314/images/8805011/gallery_media.jpeg', 'https://cdn-media.medialabtc.it/es/agencies/mdbr5/estates/613314/images/8805022/gallery_media.jpeg', 'https://cdn-media.medialabtc.it/es/agencies/mdbr5/estates/613314/images/8805007/gallery_media.jpeg', 'https://cdn-media.medialabtc.it/es/agencies/mdbr5/estates/613314/images/8805002/gallery_media.jpeg', 'https://cdn-media.medialabtc.it/es/agencies/mdbr5/estates/613314/images/8805016/gallery_media.jpeg', 'https://cdn-media.medialabtc.it/es/agencies/mdbr5/estates/613314/images/8805030/gallery_media.jpeg', 'https://cdn-media.medialabtc.it/es/agencies/mdbr5/estates/613314/images/8805008/gallery_media.jpeg', 'https://cdn-media.medialabtc.it/es/agencies/mdbr5/estates/613314/images/8805010/gallery_media.jpeg', 'https://cdn-media.medialabtc.it/es/agencies/mdbr5/estates/613314/images/8805018/gallery_media.jpeg', 'https://cdn-media.medialabtc.it/es/agencies/mdbr5/estates/613314/images/8805017/gallery_media.jpeg']",0,Desconocido,1,0,1,1,0,Desconocida,0,0,"['imagenes_tecnocasa\\anuncio_1037\\0.jpeg', 'imagenes_tecnocasa\\anuncio_1037\\1.jpeg', 'imagenes_tecnocasa\\anuncio_1037\\2.jpeg', 'imagenes_tecnocasa\\anuncio_1037\\3.jpeg', 'imagenes_tecnocasa\\anuncio_1037\\4.jpeg', 'imagenes_tecnocasa\\anuncio_1037\\5.jpeg', 'imagenes_tecnocasa\\anuncio_1037\\6.jpeg', 'imagenes_tecnocasa\\anuncio_1037\\7.jpeg', 'imagenes_tecnocasa\\anuncio_1037\\8.jpeg', 'imagenes_tecnocasa\\anuncio_1037\\9.jpeg', 'imagenes_tecnocasa\\anuncio_1037\\10.jpeg', 'imagenes_tecnocasa\\anuncio_1037\\11.jpeg', 'imagenes_tecnocasa\\anuncio_1037\\12.jpeg', 'imagenes_tecnocasa\\anuncio_1037\\13.jpeg', 'imagenes_tecnocasa\\anuncio_1037\\14.jpeg', 'imagenes_tecnocasa\\anuncio_1037\\15.jpeg', 'imagenes_tecnocasa\\anuncio_1037\\16.jpeg', 'imagenes_tecnocasa\\anuncio_1037\\17.jpeg', 'imagenes_tecnocasa\\anuncio_1037\\18.jpeg', 'imagenes_tecnocasa\\anuncio_1037\\19.jpeg', 'imagenes_tecnocasa\\anuncio_1037\\20.jpeg', 'imagenes_tecnocasa\\anuncio_1037\\21.jpeg', 'imagenes_tecnocasa\\anuncio_1037\\22.jpeg', 'imagenes_tecnocasa\\anuncio_1037\\23.jpeg', 'imagenes_tecnocasa\\anuncio_1037\\24.jpeg', 'imagenes_tecnocasa\\anuncio_1037\\25.jpeg', 'imagenes_tecnocasa\\anuncio_1037\\26.jpeg', 'imagenes_tecnocasa\\anuncio_1037\\27.jpeg', 'imagenes_tecnocasa\\anuncio_1037\\28.jpeg']",0,De época,2006,0,0,0,casa,1,Aranjuez,Aranjuez,40.03221,-3.6039604,1037,1494.1860465116279,252.0,165.0,1.0,1.0,2.0,1.0,parquet,pintura,otro,estándar (2.4-2.8m),nada,3.6,4.4,convencional,"['#D2B48C', '#F2F2F2', '#808080']",regular,False,convencional,normal,ninguno,ninguno,estándar,básica,ninguno,6.0,6.0,ninguna,5
https://www.tecnocasa.es/venta/piso/madrid/leganes/617862.html,207000.0,3,75.0,1,"INMOBILIARIA EN SAN NICASIO - TECNOCASA ESTUDIO RÍO DUERO S. L
PRIMERA PLANTA DE 3 DORMITORIOS CON TERRAZA EN SAN NICASIO. EXCELENTE UBICACIÓN.
EL PISO SE ENCUENTRA EN BUEN ESTADO CON:
- Cocina amueblada y Baño con plato de ducha
- Ventanas de aluminio y puertas sapeli
- Calefacción individual de gas natural y Split de aire acondicionado salón
La vivienda es muy luminosa, está ubicada en muy buena zona en San Nicasio, cerca de Renfe Leganés-Central, universidad, Metrosur San Nicasio y centro de Leganés.
Asesoramiento financiero sin compromiso, Te ayudamos a conseguir las mejores condiciones con las entidades bancarias, te buscamos financiación hasta el 100% del valor del piso.
LLÁMANOS 91 6808091.",1,1,1,1,1,1,1,1,1,1,"['https://cdn-media.medialabtc.it/es/agencies/mdbc5/estates/617862/images/8934695/gallery_media.jpeg', 'https://cdn-media.medialabtc.it/es/agencies/mdbc5/estates/617862/images/8934696/gallery_media.jpeg', 'https://cdn-media.medialabtc.it/es/agencies/mdbc5/estates/617862/images/8934689/gallery_media.jpeg', 'https://cdn-media.medialabtc.it/es/agencies/mdbc5/estates/617862/images/8934692/gallery_media.jpeg', 'https://cdn-media.medialabtc.it/es/agencies/mdbc5/estates/617862/images/8934694/gallery_media.jpeg', 'https://cdn-media.medialabtc.it/es/agencies/mdbc5/estates/617862/images/8934691/gallery_media.jpeg', 'https://cdn-media.medialabtc.it/es/agencies/mdbc5/estates/617862/images/8934697/gallery_media.jpeg', 'https://cdn-media.medialabtc.it/es/agencies/mdbc5/estates/617862/images/8934686/gallery_media.jpeg', 'https://cdn-media.medialabtc.it/es/agencies/mdbc5/estates/617862/images/8934685/gallery_media.jpeg', 'https://cdn-media.medialabtc.it/es/agencies/mdbc5/estates/617862/images/8934687/gallery_media.jpeg', 'https://cdn-media.medialabtc.it/es/agencies/mdbc5/estates/617862/images/8934688/gallery_media.jpeg', 'https://cdn-media.medialabtc.it/es/agencies/mdbc5/estates/617862/images/8934683/gallery_media.jpeg', 'https://cdn-media.medialabtc.it/es/agencies/mdbc5/estates/617862/images/8934684/gallery_media.jpeg', 'https://cdn-media.medialabtc.it/es/agencies/mdbc5/estates/617862/images/8934690/gallery_media.jpeg', 'https://cdn-media.medialabtc.it/es/agencies/mdbc5/estates/617862/images/8934693/gallery_media.jpeg']",0,Buen estado,0,0,0,1,0,Desconocida,0,0,"['imagenes_tecnocasa\\anuncio_1040\\0.jpeg', 'imagenes_tecnocasa\\anuncio_1040\\1.jpeg', 'imagenes_tecnocasa\\anuncio_1040\\2.jpeg', 'imagenes_tecnocasa\\anuncio_1040\\3.jpeg', 'imagenes_tecnocasa\\anuncio_1040\\4.jpeg', 'imagenes_tecnocasa\\anuncio_1040\\5.jpeg', 'imagenes_tecnocasa\\anuncio_1040\\6.jpeg', 'imagenes_tecnocasa\\anuncio_1040\\7.jpeg', 'imagenes_tecnocasa\\anuncio_1040\\8.jpeg', 'imagenes_tecnocasa\\anuncio_1040\\9.jpeg', 'imagenes_tecnocasa\\anuncio_1040\\10.jpeg', 'imagenes_tecnocasa\\anuncio_1040\\11.jpeg', 'imagenes_tecnocasa\\anuncio_1040\\12.jpeg', 'imagenes_tecnocasa\\anuncio_1040\\13.jpeg', 'imagenes_tecnocasa\\anuncio_1040\\14.jpeg']",1,Señorial,1970,1,0,0,piso,2,Leganés,"San Nicasio, Leganés",40.3281942,-3.76527,1040,2760.0,113.0,93.0,0.05,0.4,0.0,0.0,otro,otro,otro,otro,nada,1.8,1.4,otro,"['#0077be', '#00aae7', '#ffffff']",buena,False,otro,otro,ninguno,ninguno,otro,otro,ninguno,6.6,6.2,ninguna,5
https://www.tecnocasa.es/venta/piso/madrid/alcala-de-henares/594643.html,225000.0,2,74.0,1,"AGENCIA INMOBILIARIA DE ALCALÁ DE HENARES BARRIO JUAN DE AUSTRIA - EL VAL: EN VENTA EXCELENTE PISO EN EL BARRIO DEL PILAR-LA BRIPAC:
Tecnocasa Vende estupendo piso TOTALMENTE REFORMADO con muy buena orientación.
Ubicado en Zona dotada de todos los servicios andando, como farmacias, comercios, colegios, institutos, Centro de Salud, GALERIA COMERCIAL 'JUAN DE AUSTRIA', Centro Comercial El Val, etc.. .
También cuenta con numerosas zonas verdes.
La vivienda es de muy buena construcción y cuenta con una buena distribución que ofrece amplísimas posibilidades: Contamos con Hall de entrada, Salón-Comedor y suelo de tarima AC5 en muy buen estado, Cocina espaciosa, 2 amplias habitaciones con dos amplios armarios empotrados y cuanta con una gran luz, Cuarto de Baño completo con Ducha.
El piso es muy luminoso y dotado de un gran salón-comedor y amplias habitaciones. Cuenta con ventanas climalit en toda la vivienda.
Cuenta con una magnifica luz y mucha ventilación.
Además la vivienda cuenta con zonas comunes en muy buen estado y cercanía al centro de Alcalá de henares a tan solo '5 ' min.
VENGA A VISITARLO SIN COMPROMISO, Y RECUERDE QUE LE PODEMOS CONSEGUIR HASTA EL 100% DE FINANCIACIÓN CON NUESTRO DEPARTAMENTO FINANCIERO KIRON Y CONDICIONES ESPECIALES DE FINANCIACIÓN A TIPO VARIABLE, FIJO Y MIXTO.",0,1,1,1,0,0,0,0,1,1,"['https://cdn-media.medialabtc.it/es/agencies/md600/estates/594643/images/8678910/gallery_media.jpeg', 'https://cdn-media.medialabtc.it/es/agencies/md600/estates/594643/images/8678906/gallery_media.jpeg', 'https://cdn-media.medialabtc.it/es/agencies/md600/estates/594643/images/8678905/gallery_media.jpeg', 'https://cdn-media.medialabtc.it/es/agencies/md600/estates/594643/images/8678907/gallery_media.jpeg', 'https://cdn-media.medialabtc.it/es/agencies/md600/estates/594643/images/8678904/gallery_media.jpeg', 'https://cdn-media.medialabtc.it/es/agencies/md600/estates/594643/images/8678909/gallery_media.jpeg', 'https://cdn-media.medialabtc.it/es/agencies/md600/estates/594643/images/8678908/gallery_media.jpeg']",0,Reformado,0,0,0,0,0,E,0,0,"['imagenes_tecnocasa\\anuncio_1041\\0.jpeg', 'imagenes_tecnocasa\\anuncio_1041\\1.jpeg', 'imagenes_tecnocasa\\anuncio_1041\\2.jpeg', 'imagenes_tecnocasa\\anuncio_1041\\3.jpeg', 'imagenes_tecnocasa\\anuncio_1041\\4.jpeg', 'imagenes_tecnocasa\\anuncio_1041\\5.jpeg', 'imagenes_tecnocasa\\anuncio_1041\\6.jpeg']",0,Popular,1979,0,0,0,piso,4,Alcalá de Henares,"Chorrillo - Estación - Ensanche, Bripac, Alcalá De Henares",40.481954,-3.363981,1041,3040.5405405405404,208.0,148.0,0.0,0.0,3.0,0.0,cerámica,pintura,corredera,estándar (2.4-2.8m),nada,4.4,5.0,moderno,"['#FFFFFF', '#D3D3D3', '#2F2F2F']",buena,False,convencional,normal,ninguno,ninguno,estándar,básica,ninguno,7.4,6.6,ninguna,5
https://www.tecnocasa.es/venta/piso/madrid/alcala-de-henares/605193.html,335000.0,3,119.0,2,"AGENCIA INMOBILIARIA DE ALCALÁ DE HENARES BARRIO JUAN DE AUSTRIA - EL VAL: DISPONIBLE EN VENTA EXCELENTE PISO DE 3 DORMITORIOS, 2 BAÑOS CON UNA GRAN PISCINA COMUNITARIA EN URBANIZACION CON JARDIN.
Tecnocasa Vende: En la mejor zona del Barrio El Val, una excelente vivienda de buena construcción, TOTALMENTE REFORMADA, completamente exterior, con zonas comunes y Piscina Comunitaria en zona inmejorable.
Cuenta con una superficie aproximada de 119 m2 de vivienda distribuidos en: Entrada directa a la vivienda, amplia cocina reformada con zona office y tendedero anexo de gran espacio, salón-comedor independiente. 2 cuartos de baños completos uno plato de ducha reformados y 3 Dormitorios Luminosos y Exteriores.
La vivienda cuenta con Ventanas correderas climalit, Calefacción y Agua Caliente individuales de Gas Natural y suelos de mármol.
La finca cuenta con ascensor y buenas calidades en toda la construcción, además de zonas comunes privadas que incluyen piscina comunitaria y jardines recientemente reformados.
Zona inmejorable con fácil aparcamiento, dotada de todos los servicios a su alcance como el Centro de Salud Juan de Austria, Supermercados, Autobús en la puerta.. . También contamos con farmacias, comercios, amplia variedad de colegios e institutos tanto públicos como concertados, Centro Comercial El Val y Galería Comercial 'Juan De Austria' situados a 5 min. andando.
Al lado del edificio también contamos con el gran parque Islas Filipinas, numerosas zonas verdes, la rivera del río Henares y la Ciudad Deportiva 'El Val' que incluye todos los polideportivos municipales, piscina municipal cubierta de invierno y el campo de fútbol de la R. S. D. Alcalá.
'VENGA A VISITARLO SIN COMPROMISO, Y RECUERDE QUE LE PODEMOS CONSEGUIR HASTA EL 100% DE FINANCIACIÓN Y CONDICIONES PREFERENTES CON NUESTRO DEPARTAMENTO FINANCIERO DESDE EURIBOR +1%'.",0,1,1,1,1,1,0,1,1,1,"['https://cdn-media.medialabtc.it/es/agencies/md600/estates/605193/images/8629684/gallery_media.jpeg', 'https://cdn-media.medialabtc.it/es/agencies/md600/estates/605193/images/8629689/gallery_media.jpeg', 'https://cdn-media.medialabtc.it/es/agencies/md600/estates/605193/images/8629681/gallery_media.jpeg', 'https://cdn-media.medialabtc.it/es/agencies/md600/estates/605193/images/8629685/gallery_media.jpeg', 'https://cdn-media.medialabtc.it/es/agencies/md600/estates/605193/images/8629691/gallery_media.jpeg', 'https://cdn-media.medialabtc.it/es/agencies/md600/estates/605193/images/8629686/gallery_media.jpeg', 'https://cdn-media.medialabtc.it/es/agencies/md600/estates/605193/images/8629694/gallery_media.jpeg', 'https://cdn-media.medialabtc.it/es/agencies/md600/estates/605193/images/8629680/gallery_media.jpeg', 'https://cdn-media.medialabtc.it/es/agencies/md600/estates/605193/images/8629679/gallery_media.jpeg', 'https://cdn-media.medialabtc.it/es/agencies/md600/estates/605193/images/8629688/gallery_media.jpeg', 'https://cdn-media.medialabtc.it/es/agencies/md600/estates/605193/images/8629687/gallery_media.jpeg', 'https://cdn-media.medialabtc.it/es/agencies/md600/estates/605193/images/8629690/gallery_media.jpeg', 'https://cdn-media.medialabtc.it/es/agencies/md600/estates/605193/images/8629695/gallery_media.jpeg', 'https://cdn-media.medialabtc.it/es/agencies/md600/estates/605193/images/8629682/gallery_media.jpeg', 'https://cdn-media.medialabtc.it/es/agencies/md600/estates/605193/images/8629693/gallery_media.jpeg', 'https://cdn-media.medialabtc.it/es/agencies/md600/estates/605193/images/8629692/gallery_media.jpeg', 'https://cdn-media.medialabtc.it/es/agencies/md600/estates/605193/images/8629683/gallery_media.jpeg']",0,Desconocido,1,0,1,0,0,C,0,0,"['imagenes_tecnocasa\\anuncio_1042\\0.jpeg', 'imagenes_tecnocasa\\anuncio_1042\\1.jpeg', 'imagenes_tecnocasa\\anuncio_1042\\2.jpeg', 'imagenes_tecnocasa\\anuncio_1042\\3.jpeg', 'imagenes_tecnocasa\\anuncio_1042\\4.jpeg', 'imagenes_tecnocasa\\anuncio_1042\\5.jpeg', 'imagenes_tecnocasa\\anuncio_1042\\6.jpeg', 'imagenes_tecnocasa\\anuncio_1042\\7.jpeg', 'imagenes_tecnocasa\\anuncio_1042\\8.jpeg', 'imagenes_tecnocasa\\anuncio_1042\\9.jpeg', 'imagenes_tecnocasa\\anuncio_1042\\10.jpeg', 'imagenes_tecnocasa\\anuncio_1042\\11.jpeg', 'imagenes_tecnocasa\\anuncio_1042\\12.jpeg', 'imagenes_tecnocasa\\anuncio_1042\\13.jpeg', 'imagenes_tecnocasa\\anuncio_1042\\14.jpeg', 'imagenes_tecnocasa\\anuncio_1042\\15.jpeg', 'imagenes_tecnocasa\\anuncio_1042\\16.jpeg']",0,Media,1996,1,0,0,piso,2,Alcalá de Henares,"Pryconsa - Juan De Austria - El Val, El Val, Alcalá De Henares",40.481954,-3.363981,1042,2815.126050420168,283.0,204.0,0.1,0.4,2.0,0.0,cerámica,pintura,corredera,estándar (2.4-2.8m),nada,4.8,5.6,moderno,"['#FFFFFF', '#D3D3D3', '#000000']",buena,False,convencional,normal,ninguno,ninguno,estándar,básica,ninguno,7.6,6.6,ninguna,5
https://www.tecnocasa.es/venta/piso/madrid/alcala-de-henares/618744.html,300000.0,3,128.0,1,"AGENCIA INMOBILIARIA DE ALCALÁ DE HENARES BARRIO JUAN DE AUSTRIA - EL VAL OFRECE EN VENTA EXCELENTE PISO DE 3 DORMITORIOS Y 2 BAÑOS:
Tecnocasa VENDE Piso de esquina en una urbanización inmejorable, en zona cercana al centro y segura, un excelente piso de 3 dormitorios y 2 baños, orientado a zona tranquila y luminosa, con una amplísima entrada y en una Ubicación inmejorable.
El Piso Cuenta con una superficie aproximada de 128 m2, distribuidos en: Gran Hall de entrada, Cocina Amueblada con acceso a tendedero anexo, Salón-comedor con ventanas climalit, 3 amplios dormitorios que anteriormente eran 4 Dormitorios los cuales actualmente cuentan con armarios empotrados revestidos. También contamos 2 Cuartos de Baños Completos con duchas de muy buena calidad y con aires acondicionados distribuidos en la casa. La vivienda cuenta con suelos de tarima AC5 en perfectas condiciones.
Ventanas climalit correderas y Calefacción individuales.
La Zona es céntrica e inmejorable y está dotada de todos los servicios a su alcance, Centro de Salud Juan de Austria, Galería Comercial 'Juan De Austria', Bancos, Supermercados, Renfe a 10-15 min andando y Autobús en la puerta. También contamos con farmacias, colegios, institutos y el Centro Histórico situado a menos de 10 min. andando.
En el barrio también contamos con parques, la rivera del río Henares y la Ciudad Deportiva 'El Val' que incluye todos los polideportivos municipales, piscina municipal cubierta, piscina municipal de verano y el campo de fútbol de la R. S. D. Alcalá a 10-15 min andando.
Visítelo sin compromiso.",0,1,1,1,1,1,1,1,1,1,"['https://cdn-media.medialabtc.it/es/agencies/md600/estates/618744/images/8929871/gallery_media.jpeg', 'https://cdn-media.medialabtc.it/es/agencies/md600/estates/618744/images/8929877/gallery_media.jpeg', 'https://cdn-media.medialabtc.it/es/agencies/md600/estates/618744/images/8929881/gallery_media.jpeg', 'https://cdn-media.medialabtc.it/es/agencies/md600/estates/618744/images/8929869/gallery_media.jpeg', 'https://cdn-media.medialabtc.it/es/agencies/md600/estates/618744/images/8929879/gallery_media.jpeg', 'https://cdn-media.medialabtc.it/es/agencies/md600/estates/618744/images/8929878/gallery_media.jpeg', 'https://cdn-media.medialabtc.it/es/agencies/md600/estates/618744/images/8929873/gallery_media.jpeg', 'https://cdn-media.medialabtc.it/es/agencies/md600/estates/618744/images/8929870/gallery_media.jpeg', 'https://cdn-media.medialabtc.it/es/agencies/md600/estates/618744/images/8929880/gallery_media.jpeg', 'https://cdn-media.medialabtc.it/es/agencies/md600/estates/618744/images/8929883/gallery_media.jpeg', 'https://cdn-media.medialabtc.it/es/agencies/md600/estates/618744/images/8929874/gallery_media.jpeg', 'https://cdn-media.medialabtc.it/es/agencies/md600/estates/618744/images/8929875/gallery_media.jpeg', 'https://cdn-media.medialabtc.it/es/agencies/md600/estates/618744/images/8929882/gallery_media.jpeg', 'https://cdn-media.medialabtc.it/es/agencies/md600/estates/618744/images/8929872/gallery_media.jpeg', 'https://cdn-media.medialabtc.it/es/agencies/md600/estates/618744/images/8929876/gallery_media.jpeg']",0,Desconocido,0,0,1,0,0,Desconocida,0,1,"['imagenes_tecnocasa\\anuncio_1043\\0.jpeg', 'imagenes_tecnocasa\\anuncio_1043\\1.jpeg', 'imagenes_tecnocasa\\anuncio_1043\\2.jpeg', 'imagenes_tecnocasa\\anuncio_1043\\3.jpeg', 'imagenes_tecnocasa\\anuncio_1043\\4.jpeg', 'imagenes_tecnocasa\\anuncio_1043\\5.jpeg', 'imagenes_tecnocasa\\anuncio_1043\\6.jpeg', 'imagenes_tecnocasa\\anuncio_1043\\7.jpeg', 'imagenes_tecnocasa\\anuncio_1043\\8.jpeg', 'imagenes_tecnocasa\\anuncio_1043\\9.jpeg', 'imagenes_tecnocasa\\anuncio_1043\\10.jpeg', 'imagenes_tecnocasa\\anuncio_1043\\11.jpeg', 'imagenes_tecnocasa\\anuncio_1043\\12.jpeg', 'imagenes_tecnocasa\\anuncio_1043\\13.jpeg', 'imagenes_tecnocasa\\anuncio_1043\\14.jpeg']",1,Popular,1986,1,0,0,piso,2,Alcalá de Henares,"Pryconsa - Juan De Austria - El Val, El Val, Alcalá De Henares",40.481954,-3.363981,1043,2343.75,250.0,174.0,0.0,0.0,1.0,0.0,otro,pintura,corredera,estándar (2.4-2.8m),nada,4.6,5.0,moderno,"['#F2F2F2', '#FFFFFF', '#A0A0A0']",buena,False,convencional,normal,ninguno,ninguno,estándar,básica,ninguno,7.2,6.6,ninguna,5
https://www.tecnocasa.es/venta/piso/madrid/madrid/613726.html,399000.0,4,85.0,2,.,1,1,1,1,1,1,0,1,1,1,"['https://cdn-media.medialabtc.it/es/agencies/mdalg/estates/613726/images/8808591/gallery_media.jpeg', 'https://cdn-media.medialabtc.it/es/agencies/mdalg/estates/613726/images/8808592/gallery_media.jpeg']",0,Desconocido,0,0,0,0,0,E,0,0,"['imagenes_tecnocasa\\anuncio_1044\\0.jpeg', 'imagenes_tecnocasa\\anuncio_1044\\1.jpeg']",0,Media,1971,0,0,0,piso,1,Fuencarral,"Fuencarral - Tres Olivos - Virgen De Begoña, Madrid",40.426213,-3.7009931,1044,4694.117647058823,1.0,1.0,0.0,0.0,0.0,0.0,otro,pintura,corredera,estándar (2.4-2.8m),nada,3.5,3.5,moderno,"['#F2F2F2', '#FFFFFF', '#D3D3D3']",buena,False,convencional,normal,balcón,ninguno,estándar,básica,ninguno,6.5,6.5,ninguna,2
https://www.tecnocasa.es/venta/casa/madrid/madrid/618011.html,300000.0,3,67.0,1,"Inmobiliaria en Fuencarral Pueblo y Tres Olivos – Tecnocasa Estudio Fuencarral Pueblo S. L.
(Registro de Agentes Profesionales Inmobiliarios – RAIN Nº752/22)

Vende casa adosada en la Calle Islas Palaos, compuesta por 4 dormitorios, 1 baño, salón y cocina.

Promotores que quieran ejecutar una promoción de 3 viviendas

Autopromotores que quieran construir una casa unifamiliar de gran tamaño

Inversores que busquen producto en zona de alta proyección urbana

La vivienda se encuentra a escasos metros del ámbito de actuación del Proyecto Madrid Nuevo Norte, una de las mayores transformaciones urbanísticas de Europa. Este proyecto contempla nuevas zonas residenciales, empresariales y amplias áreas verdes, además de la modernización de infraestructuras y transporte. Vivir junto a este desarrollo no solo garantiza un entorno moderno y revitalizado en el futuro cercano, sino que representa una inversión estratégica con gran potencial de revalorización a medio y largo plazo.

Está muy bien comunicada, con Metro Línea 10 – Estaciones Montecarmelo y Fuencarral a 7 minutos a pie. Autobuses EMT: Líneas: 66, 137, 154, SE704, SB830, T61, N24. Estaciones cercanas: Fuencarral (líneas C4A y C4B) y Ramón y Cajal (líneas C7 y C8). Cerca de centros comerciales como La Vaguada o Sanchinarro.",1,1,1,1,1,1,0,1,1,1,"['https://cdn-media.medialabtc.it/es/agencies/mdalg/estates/618011/images/8919671/gallery_media.jpeg', 'https://cdn-media.medialabtc.it/es/agencies/mdalg/estates/618011/images/8919667/gallery_media.jpeg', 'https://cdn-media.medialabtc.it/es/agencies/mdalg/estates/618011/images/8919672/gallery_media.jpeg', 'https://cdn-media.medialabtc.it/es/agencies/mdalg/estates/618011/images/8909072/gallery_media.jpeg', 'https://cdn-media.medialabtc.it/es/agencies/mdalg/estates/618011/images/8919668/gallery_media.jpeg', 'https://cdn-media.medialabtc.it/es/agencies/mdalg/estates/618011/images/8919666/gallery_media.jpeg', 'https://cdn-media.medialabtc.it/es/agencies/mdalg/estates/618011/images/8919661/gallery_media.jpeg', 'https://cdn-media.medialabtc.it/es/agencies/mdalg/estates/618011/images/8919673/gallery_media.jpeg', 'https://cdn-media.medialabtc.it/es/agencies/mdalg/estates/618011/images/8909071/gallery_media.jpeg', 'https://cdn-media.medialabtc.it/es/agencies/mdalg/estates/618011/images/8919663/gallery_media.jpeg', 'https://cdn-media.medialabtc.it/es/agencies/mdalg/estates/618011/images/8909073/gallery_media.jpeg', 'https://cdn-media.medialabtc.it/es/agencies/mdalg/estates/618011/images/8919665/gallery_media.jpeg', 'https://cdn-media.medialabtc.it/es/agencies/mdalg/estates/618011/images/8919669/gallery_media.jpeg', 'https://cdn-media.medialabtc.it/es/agencies/mdalg/estates/618011/images/8919660/gallery_media.jpeg', 'https://cdn-media.medialabtc.it/es/agencies/mdalg/estates/618011/images/8919659/gallery_media.jpeg', 'https://cdn-media.medialabtc.it/es/agencies/mdalg/estates/618011/images/8919670/gallery_media.jpeg', 'https://cdn-media.medialabtc.it/es/agencies/mdalg/estates/618011/images/8919664/gallery_media.jpeg', 'https://cdn-media.medialabtc.it/es/agencies/mdalg/estates/618011/images/8919662/gallery_media.jpeg']",0,Desconocido,0,0,0,0,0,E,0,0,"['imagenes_tecnocasa\\anuncio_1046\\0.jpeg', 'imagenes_tecnocasa\\anuncio_1046\\1.jpeg', 'imagenes_tecnocasa\\anuncio_1046\\2.jpeg', 'imagenes_tecnocasa\\anuncio_1046\\3.jpeg', 'imagenes_tecnocasa\\anuncio_1046\\4.jpeg', 'imagenes_tecnocasa\\anuncio_1046\\5.jpeg', 'imagenes_tecnocasa\\anuncio_1046\\6.jpeg', 'imagenes_tecnocasa\\anuncio_1046\\7.jpeg', 'imagenes_tecnocasa\\anuncio_1046\\8.jpeg', 'imagenes_tecnocasa\\anuncio_1046\\9.jpeg', 'imagenes_tecnocasa\\anuncio_1046\\10.jpeg', 'imagenes_tecnocasa\\anuncio_1046\\11.jpeg', 'imagenes_tecnocasa\\anuncio_1046\\12.jpeg', 'imagenes_tecnocasa\\anuncio_1046\\13.jpeg', 'imagenes_tecnocasa\\anuncio_1046\\14.jpeg', 'imagenes_tecnocasa\\anuncio_1046\\15.jpeg', 'imagenes_tecnocasa\\anuncio_1046\\16.jpeg', 'imagenes_tecnocasa\\anuncio_1046\\17.jpeg']",0,De época,1900,0,0,0,casa,1,Fuencarral,"Fuencarral - Tres Olivos - Virgen De Begoña, Madrid",40.426213,-3.7009931,1046,4477.611940298508,196.0,148.0,0.0,0.0,1.0,0.0,otro,pintura,otro,estándar (2.4-2.8m),nada,2.2,2.0,convencional,"['#F2F2F2', '#A0522D', '#008080']",regular,False,convencional,limitado,ninguno,ninguno,básico,básica,ninguno,6.8,5.4,ninguna,5
https://www.tecnocasa.es/venta/piso/madrid/humanes-de-madrid/606562.html,198000.0,2,87.0,1,"AGENCIA INMOBILIARIA HUMANES- ZONA HUMANES DE MADRID- OFICINA TECNOCASA VENDE PISO
'Fantástico bajo ubicado en Humanes de Madrid, compuesto por: salón, cocina con tendedero, 2 dormitorios y 1 baño con plato de ducha .
PLAZA DE GARAJE Y TRASTERO INCLUIDA EN EL PRECIO
PARA SOLICITAR MAS INFORMACIÓN LLAME AL TELÉFONO
Está situado en una zona en expansión pero ya consolidada con fácil acceso a colegios, institutos, parques, comercios, supermercados, centros médicos y a la red de transportes del municipio.
No dude en llamarnos para concertar su cita para visitar el inmueble en la que además recibirá el asesoramiento gratuito de nuestro departamento financiero KÌRON.",0,1,1,1,0,1,0,0,1,1,"['https://cdn-media.medialabtc.it/es/agencies/md524/estates/606562/images/8657211/gallery_media.jpeg', 'https://cdn-media.medialabtc.it/es/agencies/md524/estates/606562/images/8657285/gallery_media.jpeg', 'https://cdn-media.medialabtc.it/es/agencies/md524/estates/606562/images/8657287/gallery_media.jpeg', 'https://cdn-media.medialabtc.it/es/agencies/md524/estates/606562/images/8657291/gallery_media.jpeg', 'https://cdn-media.medialabtc.it/es/agencies/md524/estates/606562/images/8657290/gallery_media.jpeg', 'https://cdn-media.medialabtc.it/es/agencies/md524/estates/606562/images/8657286/gallery_media.jpeg', 'https://cdn-media.medialabtc.it/es/agencies/md524/estates/606562/images/8657288/gallery_media.jpeg', 'https://cdn-media.medialabtc.it/es/agencies/md524/estates/606562/images/8657284/gallery_media.jpeg', 'https://cdn-media.medialabtc.it/es/agencies/md524/estates/606562/images/8657210/gallery_media.jpeg', 'https://cdn-media.medialabtc.it/es/agencies/md524/estates/606562/images/8657289/gallery_media.jpeg']",0,Desconocido,1,1,0,0,0,Desconocida,0,0,"['imagenes_tecnocasa\\anuncio_1047\\0.jpeg', 'imagenes_tecnocasa\\anuncio_1047\\1.jpeg', 'imagenes_tecnocasa\\anuncio_1047\\2.jpeg', 'imagenes_tecnocasa\\anuncio_1047\\3.jpeg', 'imagenes_tecnocasa\\anuncio_1047\\4.jpeg', 'imagenes_tecnocasa\\anuncio_1047\\5.jpeg', 'imagenes_tecnocasa\\anuncio_1047\\6.jpeg', 'imagenes_tecnocasa\\anuncio_1047\\7.jpeg', 'imagenes_tecnocasa\\anuncio_1047\\8.jpeg', 'imagenes_tecnocasa\\anuncio_1047\\9.jpeg']",0,Señorial,2007,1,0,1,piso,2,Madrid,Humanes De Madrid,40.4167047,-3.7035825,1047,2275.862068965517,104.0,89.0,0.0,0.0,0.0,0.0,parquet,pintura,corredera,estándar (2.4-2.8m),nada,3.6,3.8,convencional,"['#FF6961', '#D2B48C', '#FFFFFF']",regular,False,convencional,normal,ninguno,ninguno,estándar,básica,ninguno,6.0,5.8,ninguna,5
https://www.tecnocasa.es/venta/piso/madrid/alcala-de-henares/619068.html,160000.0,3,81.0,1,"Agencia inmobiliaria TECNOCASA de ALCALÁ DE HENARES - REYES CATOLICOS - NUESTRA SEÑORA DE BELEN, vende piso EN BUEN ESTADO, exterior, de 3 dormitorios y 1 baño.

El piso dispone de una superficie construida de unos 81m2. Se compone de 3 dormitorios, baño con plato de ducha, amplio salón con salida a una agradable terraza, la cocina equipada con muebles altos y bajos.

Rodeada de zonas ajardinadas, parques infantiles y zonas deportivas.

No dudes en venir a verla porque puede ser lo que estas buscando. Además te recordamos que te ayudamos con la financiación de la vivienda gracias a nuestro departamento financiero KIRON.
Infórmese en nuestra oficina. MEJOR VERLO.
OFICINA DE TECNOCASA NUESTRA SEÑORA DE BELEN.",0,1,1,1,1,1,1,1,1,1,"['https://cdn-media.medialabtc.it/es/agencies/md568/estates/619068/images/8932021/gallery_media.jpeg', 'https://cdn-media.medialabtc.it/es/agencies/md568/estates/619068/images/8932039/gallery_media.jpeg', 'https://cdn-media.medialabtc.it/es/agencies/md568/estates/619068/images/8932038/gallery_media.jpeg', 'https://cdn-media.medialabtc.it/es/agencies/md568/estates/619068/images/8932040/gallery_media.jpeg', 'https://cdn-media.medialabtc.it/es/agencies/md568/estates/619068/images/8932035/gallery_media.jpeg', 'https://cdn-media.medialabtc.it/es/agencies/md568/estates/619068/images/8932037/gallery_media.jpeg', 'https://cdn-media.medialabtc.it/es/agencies/md568/estates/619068/images/8932042/gallery_media.jpeg', 'https://cdn-media.medialabtc.it/es/agencies/md568/estates/619068/images/8932045/gallery_media.jpeg', 'https://cdn-media.medialabtc.it/es/agencies/md568/estates/619068/images/8932034/gallery_media.jpeg', 'https://cdn-media.medialabtc.it/es/agencies/md568/estates/619068/images/8932043/gallery_media.jpeg', 'https://cdn-media.medialabtc.it/es/agencies/md568/estates/619068/images/8932018/gallery_media.jpeg', 'https://cdn-media.medialabtc.it/es/agencies/md568/estates/619068/images/8932044/gallery_media.jpeg']",0,Buen estado,0,0,0,1,0,Desconocida,1,0,"['imagenes_tecnocasa\\anuncio_1048\\0.jpeg', 'imagenes_tecnocasa\\anuncio_1048\\1.jpeg', 'imagenes_tecnocasa\\anuncio_1048\\2.jpeg', 'imagenes_tecnocasa\\anuncio_1048\\3.jpeg', 'imagenes_tecnocasa\\anuncio_1048\\4.jpeg', 'imagenes_tecnocasa\\anuncio_1048\\5.jpeg', 'imagenes_tecnocasa\\anuncio_1048\\6.jpeg', 'imagenes_tecnocasa\\anuncio_1048\\7.jpeg', 'imagenes_tecnocasa\\anuncio_1048\\8.jpeg', 'imagenes_tecnocasa\\anuncio_1048\\9.jpeg', 'imagenes_tecnocasa\\anuncio_1048\\10.jpeg', 'imagenes_tecnocasa\\anuncio_1048\\11.jpeg']",0,Popular,1976,0,0,0,piso,3,Alcalá de Henares,"Reyes Catolicos, Alcalá De Henares",40.481954,-3.363981,1048,1975.3086419753085,116.0,86.0,0.0,0.0,1.0,0.0,cerámica,pintura,corredera,estándar (2.4-2.8m),nada,3.2,2.6,clásico,"['#D2B48C', '#F5F5DC', '#FFFFFF']",regular,False,convencional,limitado,ninguno,ninguno,básico,básica,ninguno,6.0,6.6,ninguna,5
https://www.tecnocasa.es/venta/piso/madrid/majadahonda/347682.html,639000.0,4,238.0,2,"TECNOCASA MAJADAHONDA Oficina Doctor Calero PRESENTA EN EXCLUSIVA:

Fabuloso piso en la magnífica urbanización Los Porches, uno de los lugares más prestigiosos de Majadahonda. Piscina, amplísimas zonas verdes, pista de tenis, parque infantil, cancha deportiva.. .

Accedemos a la vivienda a través de un cómodo recibidor que cuenta con un armario empotrado de cortesía.
Nos encontramos primero un amplio salón, orientación sur, muy luminoso y con salida a una terraza con magníficas vistas y espacio para colocar una mesa para comer.

La vivienda cuenta con una cocina completamente equipada.

Posee cuatro dormitorios, vivienda de tipología grande dentro de las de la urbanización, con el principal en suite, muy amplio, con grandes armarios empotrados y baño completo.

Cuenta con otro baño que da servicio al resto dormitorios.

La urbanización se encuentra cerrada con acceso privativo sólo para propietarios.

La vivienda incluye en el precio trastero y plaza de garaje con fácil estacionamiento. Las plazas de garaje son rotativas entre los vecinos del bloque, disfrutando cada año un vecino de cada plaza.
Además cuenta con numerosas plazas de aparcamiento exteriores dentro de la urbanización.

La ubicación es fantástica y podemos disfrutar de un acceso cercano a transporte público, colegios, estación de tren, autopista, zona comercial, farmacia etc.

340 euros de comunidad con la calefacción y el agua incluidos.",0,1,1,1,0,1,0,1,1,1,"['https://cdn-media.medialabtc.it/es/agencies/mdba0/estates/347682/images/8935241/gallery_media.jpeg', 'https://cdn-media.medialabtc.it/es/agencies/mdba0/estates/347682/images/8935235/gallery_media.jpeg', 'https://cdn-media.medialabtc.it/es/agencies/mdba0/estates/347682/images/8935234/gallery_media.jpeg', 'https://cdn-media.medialabtc.it/es/agencies/mdba0/estates/347682/images/8935238/gallery_media.jpeg', 'https://cdn-media.medialabtc.it/es/agencies/mdba0/estates/347682/images/8935288/gallery_media.jpeg', 'https://cdn-media.medialabtc.it/es/agencies/mdba0/estates/347682/images/8935287/gallery_media.jpeg', 'https://cdn-media.medialabtc.it/es/agencies/mdba0/estates/347682/images/8935284/gallery_media.jpeg', 'https://cdn-media.medialabtc.it/es/agencies/mdba0/estates/347682/images/8935236/gallery_media.jpeg', 'https://cdn-media.medialabtc.it/es/agencies/mdba0/estates/347682/images/8935232/gallery_media.jpeg', 'https://cdn-media.medialabtc.it/es/agencies/mdba0/estates/347682/images/8935294/gallery_media.jpeg', 'https://cdn-media.medialabtc.it/es/agencies/mdba0/estates/347682/images/8935240/gallery_media.jpeg', 'https://cdn-media.medialabtc.it/es/agencies/mdba0/estates/347682/images/8935233/gallery_media.jpeg', 'https://cdn-media.medialabtc.it/es/agencies/mdba0/estates/347682/images/8935341/gallery_media.jpeg', 'https://cdn-media.medialabtc.it/es/agencies/mdba0/estates/347682/images/8935290/gallery_media.jpeg', 'https://cdn-media.medialabtc.it/es/agencies/mdba0/estates/347682/images/8935289/gallery_media.jpeg', 'https://cdn-media.medialabtc.it/es/agencies/mdba0/estates/347682/images/8935292/gallery_media.jpeg', 'https://cdn-media.medialabtc.it/es/agencies/mdba0/estates/347682/images/8935237/gallery_media.jpeg', 'https://cdn-media.medialabtc.it/es/agencies/mdba0/estates/347682/images/8935285/gallery_media.jpeg', 'https://cdn-media.medialabtc.it/es/agencies/mdba0/estates/347682/images/8935283/gallery_media.jpeg', 'https://cdn-media.medialabtc.it/es/agencies/mdba0/estates/347682/images/8935293/gallery_media.jpeg', 'https://cdn-media.medialabtc.it/es/agencies/mdba0/estates/347682/images/8935291/gallery_media.jpeg', 'https://cdn-media.medialabtc.it/es/agencies/mdba0/estates/347682/images/8935239/gallery_media.jpeg', 'https://cdn-media.medialabtc.it/es/agencies/mdba0/estates/347682/images/8935282/gallery_media.jpeg', 'https://cdn-media.medialabtc.it/es/agencies/mdba0/estates/347682/images/8935286/gallery_media.jpeg']",1,Desconocido,1,1,1,1,0,E,0,0,"['imagenes_tecnocasa\\anuncio_1049\\0.jpeg', 'imagenes_tecnocasa\\anuncio_1049\\1.jpeg', 'imagenes_tecnocasa\\anuncio_1049\\2.jpeg', 'imagenes_tecnocasa\\anuncio_1049\\3.jpeg', 'imagenes_tecnocasa\\anuncio_1049\\4.jpeg', 'imagenes_tecnocasa\\anuncio_1049\\5.jpeg', 'imagenes_tecnocasa\\anuncio_1049\\6.jpeg', 'imagenes_tecnocasa\\anuncio_1049\\7.jpeg', 'imagenes_tecnocasa\\anuncio_1049\\8.jpeg', 'imagenes_tecnocasa\\anuncio_1049\\9.jpeg', 'imagenes_tecnocasa\\anuncio_1049\\10.jpeg', 'imagenes_tecnocasa\\anuncio_1049\\11.jpeg', 'imagenes_tecnocasa\\anuncio_1049\\12.jpeg', 'imagenes_tecnocasa\\anuncio_1049\\13.jpeg', 'imagenes_tecnocasa\\anuncio_1049\\14.jpeg', 'imagenes_tecnocasa\\anuncio_1049\\15.jpeg', 'imagenes_tecnocasa\\anuncio_1049\\16.jpeg', 'imagenes_tecnocasa\\anuncio_1049\\17.jpeg', 'imagenes_tecnocasa\\anuncio_1049\\18.jpeg', 'imagenes_tecnocasa\\anuncio_1049\\19.jpeg', 'imagenes_tecnocasa\\anuncio_1049\\20.jpeg', 'imagenes_tecnocasa\\anuncio_1049\\21.jpeg', 'imagenes_tecnocasa\\anuncio_1049\\22.jpeg', 'imagenes_tecnocasa\\anuncio_1049\\23.jpeg']",1,Señorial,1982,1,0,1,piso,1,Majadahonda,Majadahonda,40.4728425,-3.8723542,1049,2684.873949579832,216.0,149.0,0.0,0.0,2.0,0.0,parquet,pintura,corredera,estándar (2.4-2.8m),nada,3.6,4.8,convencional,"['#FFFFFF', '#F2F2F2', '#D3D3D3']",buena,False,convencional,limitado,ninguno,ninguno,estándar,básica,ninguno,8.0,7.0,ninguna,5
https://www.tecnocasa.es/venta/piso/madrid/madrid/589314.html,155000.0,3,65.0,1,"¡Oportunidad única en Entrevías! Este bajo reformado de 65 m² es ideal tanto para quienes buscan su primera vivienda como para inversores.

Consta de tres dormitorios, un baño, salón, una cocina funcional, y terraza.
Su ubicación es inmejorable: a solo 10 minutos a pie de la estación de Renfe Asamblea de Madrid - Entrevías y a 2 minutos del mirador de Entrevías.

La zona ofrece una excelente conectividad con paradas de autobuses cercanas y todos los servicios al alcance de la mano: supermercados, farmacias, centros deportivos municipales, fruterías y bares.

Consulte financiación a través de nuestro intermediario de Crédito Kiron que te conseguirá la mejor hipoteca del mercado.

¡Contáctanos para más información y agenda tu visita hoy mismo!",1,1,1,1,1,0,0,1,0,1,['https://www.tecnocasa.es/img/home-hero/es/tecnocasa/residential/desktop_6.jpg'],1,Reformado,0,0,0,1,0,Desconocida,0,0,['imagenes_tecnocasa\\anuncio_1050\\0.jpg'],0,Media,1973,1,0,0,piso,1,Entrevías,"Entrevías, Madrid",40.3790449,-3.6717573,1050,2384.6153846153848,118.0,94.0,1.0,1.0,1.0,1.0,otro,otro,otro,otro,nada,0.0,0.0,otro,"['#0077be', '#6699cc', '#b3cccc']",regular,False,otro,otro,ninguno,ninguno,otro,otro,ninguno,8.0,7.0,ninguna,1
https://www.tecnocasa.es/venta/piso/madrid/madrid/619242.html,269000.0,3,67.0,1,"Descubre esta acogedora vivienda en el corazón del municipio de Madrid, ideal para quienes buscan un espacio funcional y bien ubicado. Con una superficie de 67 m², este piso ofrece tres dormitorios que se adaptan a diversas necesidades, ya sea para una familia o para quienes requieren espacio adicional para trabajar desde casa. Construido en 1970, el inmueble mantiene un diseño práctico y cómodo. El baño está diseñado para ofrecer comodidad y eficiencia. La cocina y el salón se integran de manera armoniosa, creando un ambiente cálido y acogedor para disfrutar de momentos en familia o con amigos. Además el piso cuenta con dos amplias terrazas. Ubicado en una zona popular, este piso permite disfrutar de la vida urbana con acceso a servicios, comercios y transporte público. Es una oportunidad para quienes desean establecerse en una comunidad vibrante y bien conectada. No pierdas la oportunidad de visitar este hogar que puede ser el comienzo de una nueva etapa.",1,0,1,1,1,1,0,1,1,1,"['https://cdn-media.medialabtc.it/es/agencies/md048/estates/619242/images/8933774/gallery_media.jpeg', 'https://cdn-media.medialabtc.it/es/agencies/md048/estates/619242/images/8933776/gallery_media.jpeg', 'https://cdn-media.medialabtc.it/es/agencies/md048/estates/619242/images/8933769/gallery_media.jpeg', 'https://cdn-media.medialabtc.it/es/agencies/md048/estates/619242/images/8933773/gallery_media.jpeg', 'https://cdn-media.medialabtc.it/es/agencies/md048/estates/619242/images/8933765/gallery_media.jpeg', 'https://cdn-media.medialabtc.it/es/agencies/md048/estates/619242/images/8933759/gallery_media.jpeg', 'https://cdn-media.medialabtc.it/es/agencies/md048/estates/619242/images/8933767/gallery_media.jpeg', 'https://cdn-media.medialabtc.it/es/agencies/md048/estates/619242/images/8933757/gallery_media.jpeg', 'https://cdn-media.medialabtc.it/es/agencies/md048/estates/619242/images/8933792/gallery_media.jpeg', 'https://cdn-media.medialabtc.it/es/agencies/md048/estates/619242/images/8933760/gallery_media.jpeg', 'https://cdn-media.medialabtc.it/es/agencies/md048/estates/619242/images/8933770/gallery_media.jpeg', 'https://cdn-media.medialabtc.it/es/agencies/md048/estates/619242/images/8933761/gallery_media.jpeg', 'https://cdn-media.medialabtc.it/es/agencies/md048/estates/619242/images/8933764/gallery_media.jpeg', 'https://cdn-media.medialabtc.it/es/agencies/md048/estates/619242/images/8933762/gallery_media.jpeg', 'https://cdn-media.medialabtc.it/es/agencies/md048/estates/619242/images/8933763/gallery_media.jpeg', 'https://cdn-media.medialabtc.it/es/agencies/md048/estates/619242/images/8933758/gallery_media.jpeg', 'https://cdn-media.medialabtc.it/es/agencies/md048/estates/619242/images/8933772/gallery_media.jpeg', 'https://cdn-media.medialabtc.it/es/agencies/md048/estates/619242/images/8933756/gallery_media.jpeg', 'https://cdn-media.medialabtc.it/es/agencies/md048/estates/619242/images/8933771/gallery_media.jpeg', 'https://cdn-media.medialabtc.it/es/agencies/md048/estates/619242/images/8933768/gallery_media.jpeg', 'https://cdn-media.medialabtc.it/es/agencies/md048/estates/619242/images/8933775/gallery_media.jpeg', 'https://cdn-media.medialabtc.it/es/agencies/md048/estates/619242/images/8933766/gallery_media.jpeg']",0,Desconocido,0,0,0,0,0,E,0,0,"['imagenes_tecnocasa\\anuncio_1052\\0.jpeg', 'imagenes_tecnocasa\\anuncio_1052\\1.jpeg', 'imagenes_tecnocasa\\anuncio_1052\\2.jpeg', 'imagenes_tecnocasa\\anuncio_1052\\3.jpeg', 'imagenes_tecnocasa\\anuncio_1052\\4.jpeg', 'imagenes_tecnocasa\\anuncio_1052\\5.jpeg', 'imagenes_tecnocasa\\anuncio_1052\\6.jpeg', 'imagenes_tecnocasa\\anuncio_1052\\7.jpeg', 'imagenes_tecnocasa\\anuncio_1052\\8.jpeg', 'imagenes_tecnocasa\\anuncio_1052\\9.jpeg', 'imagenes_tecnocasa\\anuncio_1052\\10.jpeg', 'imagenes_tecnocasa\\anuncio_1052\\11.jpeg', 'imagenes_tecnocasa\\anuncio_1052\\12.jpeg', 'imagenes_tecnocasa\\anuncio_1052\\13.jpeg', 'imagenes_tecnocasa\\anuncio_1052\\14.jpeg', 'imagenes_tecnocasa\\anuncio_1052\\15.jpeg', 'imagenes_tecnocasa\\anuncio_1052\\16.jpeg', 'imagenes_tecnocasa\\anuncio_1052\\17.jpeg', 'imagenes_tecnocasa\\anuncio_1052\\18.jpeg', 'imagenes_tecnocasa\\anuncio_1052\\19.jpeg', 'imagenes_tecnocasa\\anuncio_1052\\20.jpeg', 'imagenes_tecnocasa\\anuncio_1052\\21.jpeg']",0,Popular,1970,0,0,0,piso,2,Madrid,"Pueblo Nuevo, Madrid",40.4167047,-3.7035825,1052,4014.9253731343283,158.0,107.0,0.75,0.95,0.0,1.0,parquet,pintura,corredera,estándar (2.4-2.8m),nada,3.0,4.0,convencional,"['#FFA500', '#FFFFFF', '#D2691E']",regular,False,convencional,limitado,ninguno,ninguno,estándar,básica,ninguno,6.4,6.2,ninguna,5
https://www.tecnocasa.es/venta/piso/madrid/madrid/613369.html,250000.0,2,54.0,1,"Inmobiliaria en Arturo Soria - Colina - San Juan Bautista - Tecnocasa Estudio Inmobiliario Arturo Soria SL, OFRECE PISO EN VENTA Y EN EXCLUSIVA.

Estupendo piso ubicado en una de las mejores zonas de Arturo Soria, en calle de las Cañas con Arturo Soria, se presenta como una gran oportunidad para vivir en una de las mejores zonas de Madrid en un con muchas oportunidades.

El piso cuenta con una superficie de 54 m2 construidos, está distribuido de la siguiente manera:

2 dormitorios, 1 baño completo, amplio salón-comedor, cocina independiente con despensa.

El Barrio de Arturo Soria es uno de los más prestigiosos y lujosos de Madrid con una estupenda localización próxima al centro urbano y a todos los servicios, por lo que es perfecto para disfrutar de la tranquilidad sin renunciar a la cercanía de una gran ciudad. Este entorno privilegiado es sede de múltiples embajadas y algunos de los mejores centros educativos nacionales e internacionales tanto privados como públicos con una amplia oferta como los son: (Colegio Arturo Soria, Liceo Francés [Lycee Francais], Centro Bilingüe Concertado Nuestra Señora del Buen Consejo, Colegio San José del Parque (Maristas), Colegio Ramón y Cajal, Colegio Nuestra Señora de Santa María, Colegio Parque Conde Orgaz, International School of Madrid, Escuela de negocios ESIC, Colegio Stella Maris, Colegio Mater Inmaculada, Colegio Brains, etc. ).

La cobertura hospitalaria es un factor añadido de la zona (Nuestra Señora de América, la Clínica Belén, Hospital Ramón y Cajal, Hospital de la Paz y la Anderson). En sus inmediaciones encontramos el Centro Comercial Arturo Soria Plaza, Palacio de Hielo, Hipercor, Corte Inglés, y Centro Comercial Gran Vía de Hortaleza. Además, disponemos de centros deportivos como Club de natación, Club de tenis Chamartín, Clubs de golf como el 'Golf Olivar de la Hinojosa' y preciosos parques de los cuales destacamos Juan Carlos I y Juan Pablo II.

La cercanía al metro 'Arturo Soria' y a diversas líneas de autobús como 9, 11, 70, 122 o N3 nos garantizan poder acceder al centro rápidamente, aparte, su fácil acceso a la M-30, A-2, M-11 o el Aeropuerto, hace que estemos hablando de una de las mejores ubicaciones de todo Madrid.

Nota: Hay referencias de fotos con imágenes de referencias de posibles reformas para el inmueble.",1,1,1,1,0,1,1,1,1,1,"['https://cdn-media.medialabtc.it/es/agencies/md082/estates/613369/images/8801064/gallery_media.jpeg', 'https://cdn-media.medialabtc.it/es/agencies/md082/estates/613369/images/8801060/gallery_media.jpeg', 'https://cdn-media.medialabtc.it/es/agencies/md082/estates/613369/images/8801065/gallery_media.jpeg', 'https://cdn-media.medialabtc.it/es/agencies/md082/estates/613369/images/8800978/gallery_media.jpeg', 'https://cdn-media.medialabtc.it/es/agencies/md082/estates/613369/images/8801063/gallery_media.jpeg', 'https://cdn-media.medialabtc.it/es/agencies/md082/estates/613369/images/8801054/gallery_media.jpeg', 'https://cdn-media.medialabtc.it/es/agencies/md082/estates/613369/images/8801057/gallery_media.jpeg', 'https://cdn-media.medialabtc.it/es/agencies/md082/estates/613369/images/8801052/gallery_media.jpeg', 'https://cdn-media.medialabtc.it/es/agencies/md082/estates/613369/images/8801058/gallery_media.jpeg', 'https://cdn-media.medialabtc.it/es/agencies/md082/estates/613369/images/8801062/gallery_media.jpeg', 'https://cdn-media.medialabtc.it/es/agencies/md082/estates/613369/images/8801055/gallery_media.jpeg', 'https://cdn-media.medialabtc.it/es/agencies/md082/estates/613369/images/8801053/gallery_media.jpeg', 'https://cdn-media.medialabtc.it/es/agencies/md082/estates/613369/images/8801059/gallery_media.jpeg']",0,Desconocido,0,0,0,0,0,E,0,0,"['imagenes_tecnocasa\\anuncio_1053\\0.jpeg', 'imagenes_tecnocasa\\anuncio_1053\\1.jpeg', 'imagenes_tecnocasa\\anuncio_1053\\2.jpeg', 'imagenes_tecnocasa\\anuncio_1053\\3.jpeg', 'imagenes_tecnocasa\\anuncio_1053\\4.jpeg', 'imagenes_tecnocasa\\anuncio_1053\\5.jpeg', 'imagenes_tecnocasa\\anuncio_1053\\6.jpeg', 'imagenes_tecnocasa\\anuncio_1053\\7.jpeg', 'imagenes_tecnocasa\\anuncio_1053\\8.jpeg', 'imagenes_tecnocasa\\anuncio_1053\\9.jpeg', 'imagenes_tecnocasa\\anuncio_1053\\10.jpeg', 'imagenes_tecnocasa\\anuncio_1053\\11.jpeg', 'imagenes_tecnocasa\\anuncio_1053\\12.jpeg']",0,Popular,1965,0,0,0,piso,0,Madrid,"Hortaleza, Arturo Soria, Madrid",40.4167047,-3.7035825,1053,4629.62962962963,375.0,232.0,-0.375,0.5,1.0,0.0,otro,pintura,abatible,estándar (2.4-2.8m),nada,3.8,4.4,vintage,"['#D2B48C', '#A0522D', '#FFF8DC']",regular,True,convencional,limitado,ninguno,ninguno,básico,básica,ninguno,7.0,6.2,ninguna,5
https://www.tecnocasa.es/venta/piso/madrid/madrid/609643.html,435000.0,3,83.0,2,"Agencia inmobiliaria TECNOCASA de la zona Canillas - Villa Rosa VENDE.
Vivienda con terraza y vistas al parque en la Calle Tribaldos.
Te presentamos esta magnífica oportunidad de adquirir una vivienda en una de las zonas más tranquilas y demandadas del distrito de Hortaleza, en la calle Tribaldos, a pocos pasos del Palacio de Hielo y muy bien comunicada con las estaciones de metro Canillas y Mar de Cristal.
La vivienda se distribuye en 3 dormitorios, amplio salón-comedor, cocina independiente, un cuarto de baño completo, un aseo, y dos terrazas: una con vistas despejadas al parque y otra con vistas a la misma calle Tribaldos. Un espacio ideal para disfrutar de la luz natural gracias a su orientación Norte - Sur y del entorno verde que rodea el edificio.
El edificio cuenta con doble puerta de seguridad y esta adaptado para facilitar el acceso a personas con movilidad reducida.
Además, incluye una plaza de garaje de acceso directo, lo que garantiza comodidad y seguridad, ya que se puede acceder directamente desde la planta de la vivienda hasta la plaza de aparcamiento.
Ubicada en una zona consolidada y muy bien comunicada, rodeada de zonas verdes, parques, comercios, colegios y servicios. Ideal tanto para familias como para quienes buscan un hogar cómodo y bien conectado en Madrid.
Además, te ofrecemos la posibilidad de acceder a financiación hasta el 100% a través de nuestro departamento de intermediación financiera, con estudios gratuitos para ayudarte a hacer realidad tu compra.
¡No pierdas esta oportunidad y ven a visitarla!",1,1,1,1,1,1,1,1,1,1,"['https://cdn-media.medialabtc.it/es/agencies/mdalf/estates/609643/images/8870456/gallery_media.jpeg', 'https://cdn-media.medialabtc.it/es/agencies/mdalf/estates/609643/images/8870448/gallery_media.jpeg', 'https://cdn-media.medialabtc.it/es/agencies/mdalf/estates/609643/images/8870465/gallery_media.jpeg', 'https://cdn-media.medialabtc.it/es/agencies/mdalf/estates/609643/images/8870461/gallery_media.jpeg', 'https://cdn-media.medialabtc.it/es/agencies/mdalf/estates/609643/images/8870445/gallery_media.jpeg', 'https://cdn-media.medialabtc.it/es/agencies/mdalf/estates/609643/images/8870460/gallery_media.jpeg', 'https://cdn-media.medialabtc.it/es/agencies/mdalf/estates/609643/images/8870452/gallery_media.jpeg', 'https://cdn-media.medialabtc.it/es/agencies/mdalf/estates/609643/images/8870455/gallery_media.jpeg', 'https://cdn-media.medialabtc.it/es/agencies/mdalf/estates/609643/images/8870464/gallery_media.jpeg', 'https://cdn-media.medialabtc.it/es/agencies/mdalf/estates/609643/images/8870451/gallery_media.jpeg', 'https://cdn-media.medialabtc.it/es/agencies/mdalf/estates/609643/images/8870449/gallery_media.jpeg', 'https://cdn-media.medialabtc.it/es/agencies/mdalf/estates/609643/images/8870467/gallery_media.jpeg', 'https://cdn-media.medialabtc.it/es/agencies/mdalf/estates/609643/images/8870459/gallery_media.jpeg', 'https://cdn-media.medialabtc.it/es/agencies/mdalf/estates/609643/images/8870442/gallery_media.jpeg', 'https://cdn-media.medialabtc.it/es/agencies/mdalf/estates/609643/images/8870443/gallery_media.jpeg', 'https://cdn-media.medialabtc.it/es/agencies/mdalf/estates/609643/images/8870462/gallery_media.jpeg', 'https://cdn-media.medialabtc.it/es/agencies/mdalf/estates/609643/images/8870466/gallery_media.jpeg', 'https://cdn-media.medialabtc.it/es/agencies/mdalf/estates/609643/images/8870468/gallery_media.jpeg', 'https://cdn-media.medialabtc.it/es/agencies/mdalf/estates/609643/images/8870453/gallery_media.jpeg', 'https://cdn-media.medialabtc.it/es/agencies/mdalf/estates/609643/images/8870446/gallery_media.jpeg', 'https://cdn-media.medialabtc.it/es/agencies/mdalf/estates/609643/images/8870450/gallery_media.jpeg', 'https://cdn-media.medialabtc.it/es/agencies/mdalf/estates/609643/images/8870463/gallery_media.jpeg', 'https://cdn-media.medialabtc.it/es/agencies/mdalf/estates/609643/images/8870454/gallery_media.jpeg', 'https://cdn-media.medialabtc.it/es/agencies/mdalf/estates/609643/images/8870469/gallery_media.jpeg', 'https://cdn-media.medialabtc.it/es/agencies/mdalf/estates/609643/images/8870444/gallery_media.jpeg', 'https://cdn-media.medialabtc.it/es/agencies/mdalf/estates/609643/images/8870457/gallery_media.jpeg', 'https://cdn-media.medialabtc.it/es/agencies/mdalf/estates/609643/images/8870447/gallery_media.jpeg']",1,Desconocido,1,0,0,1,1,E,0,0,"['imagenes_tecnocasa\\anuncio_1054\\0.jpeg', 'imagenes_tecnocasa\\anuncio_1054\\1.jpeg', 'imagenes_tecnocasa\\anuncio_1054\\2.jpeg', 'imagenes_tecnocasa\\anuncio_1054\\3.jpeg', 'imagenes_tecnocasa\\anuncio_1054\\4.jpeg', 'imagenes_tecnocasa\\anuncio_1054\\5.jpeg', 'imagenes_tecnocasa\\anuncio_1054\\6.jpeg', 'imagenes_tecnocasa\\anuncio_1054\\7.jpeg', 'imagenes_tecnocasa\\anuncio_1054\\8.jpeg', 'imagenes_tecnocasa\\anuncio_1054\\9.jpeg', 'imagenes_tecnocasa\\anuncio_1054\\10.jpeg', 'imagenes_tecnocasa\\anuncio_1054\\11.jpeg', 'imagenes_tecnocasa\\anuncio_1054\\12.jpeg', 'imagenes_tecnocasa\\anuncio_1054\\13.jpeg', 'imagenes_tecnocasa\\anuncio_1054\\14.jpeg', 'imagenes_tecnocasa\\anuncio_1054\\15.jpeg', 'imagenes_tecnocasa\\anuncio_1054\\16.jpeg', 'imagenes_tecnocasa\\anuncio_1054\\17.jpeg', 'imagenes_tecnocasa\\anuncio_1054\\18.jpeg', 'imagenes_tecnocasa\\anuncio_1054\\19.jpeg', 'imagenes_tecnocasa\\anuncio_1054\\20.jpeg', 'imagenes_tecnocasa\\anuncio_1054\\21.jpeg', 'imagenes_tecnocasa\\anuncio_1054\\22.jpeg', 'imagenes_tecnocasa\\anuncio_1054\\23.jpeg', 'imagenes_tecnocasa\\anuncio_1054\\24.jpeg', 'imagenes_tecnocasa\\anuncio_1054\\25.jpeg', 'imagenes_tecnocasa\\anuncio_1054\\26.jpeg']",0,Popular,1983,1,0,0,piso,2,Madrid,"Hortaleza, Canillas, Madrid",40.4167047,-3.7035825,1054,5240.963855421687,253.0,157.0,0.6666666666666666,0.7999999999999999,1.0,1.0,parquet,pintura,corredera,estándar (2.4-2.8m),nada,3.6,3.4,convencional,"['#F5F5DC', '#FFFFFF', '#A0522D']",buena,False,convencional,normal,balcón,ninguno,estándar,básica,ninguno,7.4,6.4,ninguna,5
https://www.tecnocasa.es/venta/piso/madrid/pozuelo-de-alarcon/609971.html,375000.0,2,80.0,1,"¡CON PLAZA DE GARAJE Y TERRAZA DE 10M2!
Agencia inmobiliaria de Pozuelo de Alarcón Estudio Inmobiliario Pozuelo SL
TECNOCASA vende en EXCLUSIVA este ÁTICO DÚPLEX en segunda planta sin ascensor situado junto a la plaza del pueblo y todos los comercios. Zona muy tranquila.
La planta de acceso está distribuida en hall, baño con plato de ducha, dormitorio principal de 13m2 con amplio armario y cocina abierta a salón. Amplios ventanales de PVC.
Mediante la escalera interior accedemos a la segunda planta compuesta por espacio abierto de 8m2 (ideal para despacho), dormitorio abuhardillado de 10m2 con armario y terraza de 10m2 con preciosas vistas a la sierra.
La calefacción de la vivienda es por suelo radiante (circuito de agua) y el agua mediante termo eléctrico nuevo de 100l de capacidad.
La cómoda plaza de garaje tiene unas dimensiones de 2,25m x 4,50m. Puerta automática mediante llave magnética y mando a distancia.
La información que se detalla en este anuncio es meramente orientativa y no se considerará en ningún caso como contractual o vinculante puesto que podría contener errores. El precio no incluye honorarios de intermediación ni gastos de notaría, registro o ITP (Impuesto Transmisiones Patrimoniales).
¡Tenemos los tickets del parking con la primera hora gratuita para que puedas venir a ver la vivienda aparcando en la misma plaza Padre Vallet!",0,1,1,1,1,1,1,1,1,1,"['https://cdn-media.medialabtc.it/es/agencies/mdba9/estates/609971/images/8736722/gallery_media.jpeg', 'https://cdn-media.medialabtc.it/es/agencies/mdba9/estates/609971/images/8736716/gallery_media.jpeg', 'https://cdn-media.medialabtc.it/es/agencies/mdba9/estates/609971/images/8736710/gallery_media.jpeg', 'https://cdn-media.medialabtc.it/es/agencies/mdba9/estates/609971/images/8736720/gallery_media.jpeg', 'https://cdn-media.medialabtc.it/es/agencies/mdba9/estates/609971/images/8736711/gallery_media.jpeg', 'https://cdn-media.medialabtc.it/es/agencies/mdba9/estates/609971/images/8736718/gallery_media.jpeg', 'https://cdn-media.medialabtc.it/es/agencies/mdba9/estates/609971/images/8736715/gallery_media.jpeg', 'https://cdn-media.medialabtc.it/es/agencies/mdba9/estates/609971/images/8736706/gallery_media.jpeg', 'https://cdn-media.medialabtc.it/es/agencies/mdba9/estates/609971/images/8736705/gallery_media.jpeg', 'https://cdn-media.medialabtc.it/es/agencies/mdba9/estates/609971/images/8736704/gallery_media.jpeg', 'https://cdn-media.medialabtc.it/es/agencies/mdba9/estates/609971/images/8736714/gallery_media.jpeg', 'https://cdn-media.medialabtc.it/es/agencies/mdba9/estates/609971/images/8736713/gallery_media.jpeg', 'https://cdn-media.medialabtc.it/es/agencies/mdba9/estates/609971/images/8736712/gallery_media.jpeg', 'https://cdn-media.medialabtc.it/es/agencies/mdba9/estates/609971/images/8736707/gallery_media.jpeg', 'https://cdn-media.medialabtc.it/es/agencies/mdba9/estates/609971/images/8736717/gallery_media.jpeg', 'https://cdn-media.medialabtc.it/es/agencies/mdba9/estates/609971/images/8736719/gallery_media.jpeg', 'https://cdn-media.medialabtc.it/es/agencies/mdba9/estates/609971/images/8736723/gallery_media.jpeg', 'https://cdn-media.medialabtc.it/es/agencies/mdba9/estates/609971/images/8736709/gallery_media.jpeg', 'https://cdn-media.medialabtc.it/es/agencies/mdba9/estates/609971/images/8736708/gallery_media.jpeg', 'https://cdn-media.medialabtc.it/es/agencies/mdba9/estates/609971/images/8736721/gallery_media.jpeg']",1,Desconocido,1,0,0,1,0,E,0,0,"['imagenes_tecnocasa\\anuncio_1055\\0.jpeg', 'imagenes_tecnocasa\\anuncio_1055\\1.jpeg', 'imagenes_tecnocasa\\anuncio_1055\\2.jpeg', 'imagenes_tecnocasa\\anuncio_1055\\3.jpeg', 'imagenes_tecnocasa\\anuncio_1055\\4.jpeg', 'imagenes_tecnocasa\\anuncio_1055\\5.jpeg', 'imagenes_tecnocasa\\anuncio_1055\\6.jpeg', 'imagenes_tecnocasa\\anuncio_1055\\7.jpeg', 'imagenes_tecnocasa\\anuncio_1055\\8.jpeg', 'imagenes_tecnocasa\\anuncio_1055\\9.jpeg', 'imagenes_tecnocasa\\anuncio_1055\\10.jpeg', 'imagenes_tecnocasa\\anuncio_1055\\11.jpeg', 'imagenes_tecnocasa\\anuncio_1055\\12.jpeg', 'imagenes_tecnocasa\\anuncio_1055\\13.jpeg', 'imagenes_tecnocasa\\anuncio_1055\\14.jpeg', 'imagenes_tecnocasa\\anuncio_1055\\15.jpeg', 'imagenes_tecnocasa\\anuncio_1055\\16.jpeg', 'imagenes_tecnocasa\\anuncio_1055\\17.jpeg', 'imagenes_tecnocasa\\anuncio_1055\\18.jpeg', 'imagenes_tecnocasa\\anuncio_1055\\19.jpeg']",0,Popular,1990,0,0,0,piso,2,Pozuelo de Alarcón,Pozuelo De Alarcón,40.4346528,-3.814834,1055,4687.5,220.0,152.0,1.0,1.0,1.0,1.0,cerámica,pintura,no visible,estándar (2.4-2.8m),nada,4.2,3.4,rústico,"['#A0522D', '#DEB887', '#F5F5DC']",buena,True,convencional,limitado,ninguno,ninguno,estándar,parcialmente equipada,ninguno,7.8,6.8,ninguna,5
https://www.tecnocasa.es/venta/piso/madrid/leganes/260574.html,163000.0,3,65.0,1,"En venta: piso en zona de San Nicasio. Compuesto por: 3 dormitorios, salón, baño, cocina y 2 terrazas.
Construido en 1969
La ubicación es inmejorable: a solo cinco minutos a pie de la Universidad Carlos III y con una excelente conexión de transporte gracias a su proximidad a la estación de Metro y Renfe, así como al metro de San Nicasio. También está rodeado de una amplia variedad de comercios y servicios, lo que garantiza comodidad en el día a día. Las líneas de autobús 4 86, 497 y 482 pasan cerca.
Este inmueble esta actualmente Alquilado.",1,1,1,1,1,1,1,1,1,1,"['https://cdn-media.medialabtc.it/es/agencies/mdbd1/estates/260574/images/8926072/gallery_media.jpeg', 'https://cdn-media.medialabtc.it/es/agencies/mdbd1/estates/260574/images/8912386/gallery_media.jpeg']",0,Desconocido,0,0,0,0,0,F,0,0,"['imagenes_tecnocasa\\anuncio_1056\\0.jpeg', 'imagenes_tecnocasa\\anuncio_1056\\1.jpeg']",0,Media,1969,1,0,0,piso,2,Leganés,"San Nicasio, Leganés",40.3281942,-3.76527,1056,2507.6923076923076,97.0,76.0,0.5,1.0,0.0,0.0,otro,pintura,corredera,estándar (2.4-2.8m),nada,3.5,4.5,convencional,"['#F2E6D1', '#D2B48C', '#A08A69']",regular,False,convencional,limitado,terraza,ninguno,estándar,parcialmente equipada,ninguno,6.0,7.0,ninguna,2
https://www.tecnocasa.es/venta/piso/madrid/madrid/615768.html,444000.0,3,83.0,1,"Descubre esta encantadora propiedad de época en el barrio de Pueblo Nuevo, dentro del distrito de Ciudad Lineal, Madrid. Con una superficie de 75 m², este acogedor piso ofrece dos dormitorios bien distribuidos, ideales para crear tu espacio personal.
Construido en 1960, el inmueble conserva detalles arquitectónicos que aportan un carácter único y especial. El salón es amplio y luminoso, perfecto para disfrutar de momentos de relax o reuniones con amigos y familiares. La cocina, funcional y práctica, está lista para inspirar tus mejores recetas. El baño, cuidadosamente mantenido, completa las comodidades de esta vivienda.
Ubicado en una zona con excelente conexión de transporte público, tendrás fácil acceso a todos los servicios necesarios, como tiendas, colegios y parques. Esta propiedad es una oportunidad para quienes buscan un hogar con historia y personalidad en una ubicación estratégica de Madrid. Ven a conocerlo y descubre su potencial.",1,0,1,1,1,1,1,1,1,1,"['https://cdn-media.medialabtc.it/es/agencies/md048/estates/615768/images/8858002/gallery_media.jpeg', 'https://cdn-media.medialabtc.it/es/agencies/md048/estates/615768/images/8856909/gallery_media.jpeg', 'https://cdn-media.medialabtc.it/es/agencies/md048/estates/615768/images/8856911/gallery_media.jpeg', 'https://cdn-media.medialabtc.it/es/agencies/md048/estates/615768/images/8858007/gallery_media.jpeg', 'https://cdn-media.medialabtc.it/es/agencies/md048/estates/615768/images/8858010/gallery_media.jpeg', 'https://cdn-media.medialabtc.it/es/agencies/md048/estates/615768/images/8858004/gallery_media.jpeg', 'https://cdn-media.medialabtc.it/es/agencies/md048/estates/615768/images/8858006/gallery_media.jpeg', 'https://cdn-media.medialabtc.it/es/agencies/md048/estates/615768/images/8857879/gallery_media.jpeg', 'https://cdn-media.medialabtc.it/es/agencies/md048/estates/615768/images/8858009/gallery_media.jpeg', 'https://cdn-media.medialabtc.it/es/agencies/md048/estates/615768/images/8857881/gallery_media.jpeg', 'https://cdn-media.medialabtc.it/es/agencies/md048/estates/615768/images/8858003/gallery_media.jpeg', 'https://cdn-media.medialabtc.it/es/agencies/md048/estates/615768/images/8856916/gallery_media.jpeg', 'https://cdn-media.medialabtc.it/es/agencies/md048/estates/615768/images/8856910/gallery_media.jpeg', 'https://cdn-media.medialabtc.it/es/agencies/md048/estates/615768/images/8856912/gallery_media.jpeg', 'https://cdn-media.medialabtc.it/es/agencies/md048/estates/615768/images/8856913/gallery_media.jpeg', 'https://cdn-media.medialabtc.it/es/agencies/md048/estates/615768/images/8858008/gallery_media.jpeg', 'https://cdn-media.medialabtc.it/es/agencies/md048/estates/615768/images/8858005/gallery_media.jpeg', 'https://cdn-media.medialabtc.it/es/agencies/md048/estates/615768/images/8856917/gallery_media.jpeg', 'https://cdn-media.medialabtc.it/es/agencies/md048/estates/615768/images/8857880/gallery_media.jpeg', 'https://cdn-media.medialabtc.it/es/agencies/md048/estates/615768/images/8856914/gallery_media.jpeg']",0,Desconocido,0,0,0,0,0,A+,0,0,"['imagenes_tecnocasa\\anuncio_1060\\0.jpeg', 'imagenes_tecnocasa\\anuncio_1060\\1.jpeg', 'imagenes_tecnocasa\\anuncio_1060\\2.jpeg', 'imagenes_tecnocasa\\anuncio_1060\\3.jpeg', 'imagenes_tecnocasa\\anuncio_1060\\4.jpeg', 'imagenes_tecnocasa\\anuncio_1060\\5.jpeg', 'imagenes_tecnocasa\\anuncio_1060\\6.jpeg', 'imagenes_tecnocasa\\anuncio_1060\\7.jpeg', 'imagenes_tecnocasa\\anuncio_1060\\8.jpeg', 'imagenes_tecnocasa\\anuncio_1060\\9.jpeg', 'imagenes_tecnocasa\\anuncio_1060\\10.jpeg', 'imagenes_tecnocasa\\anuncio_1060\\11.jpeg', 'imagenes_tecnocasa\\anuncio_1060\\12.jpeg', 'imagenes_tecnocasa\\anuncio_1060\\13.jpeg', 'imagenes_tecnocasa\\anuncio_1060\\14.jpeg', 'imagenes_tecnocasa\\anuncio_1060\\15.jpeg', 'imagenes_tecnocasa\\anuncio_1060\\16.jpeg', 'imagenes_tecnocasa\\anuncio_1060\\17.jpeg', 'imagenes_tecnocasa\\anuncio_1060\\18.jpeg', 'imagenes_tecnocasa\\anuncio_1060\\19.jpeg']",0,De época,1960,0,0,0,piso,2,Madrid,"Pueblo Nuevo, Madrid",40.4167047,-3.7035825,1060,5349.3975903614455,145.0,112.0,0.0,0.3,2.0,0.0,otro,pintura,corredera,estándar (2.4-2.8m),nada,3.4,3.6,convencional,"['#F2F2F2', '#669966', '#A0522D']",regular,False,convencional,limitado,ninguno,ninguno,estándar,básica,ninguno,6.4,5.8,ninguna,5
https://www.tecnocasa.es/venta/piso/madrid/alcala-de-henares/611009.html,210000.0,3,87.0,1,"AGENCIA INMOBILIARIA DE ALCALÁ DE HENARES BARRIO JUAN DE AUSTRIA - EL VAL: EN VENTA EXCELENTE PISO EN EL BARRIO JUAN DE AUSTRIA:
Tecnocasa Vende estupendo piso para ENTRAR A VIVIR con Calefacción de Gas Natural y muy buena orientación a escasos metros de la Av. Juan de Austria.
Ubicado en Zona dotada de todos los servicios andando, como farmacias, comercios, colegios, institutos, Centro de Salud, GALERIA COMERCIAL 'JUAN DE AUSTRIA', Centro Comercial El Val, etc.. .
También cuenta con numerosas zonas verdes y la Ciudad Deportiva 'El Val' a 5 min. andando.
La vivienda es de muy buena construcción y cuenta con una buena distribución que ofrece amplísimas posibilidades: Contamos con Hall de entrada, Salón-Comedor con terraza amplia y suelo porcelánico en muy buen estado, Cocina espaciosa con acceso a terraza -tendedero amplia para poder hacer una gran despensa, cableado eléctrico totalmente cambiado, 3 amplias habitaciones con armario empotrado en dos de ellas, Cuarto de Baño completo con ducha.
El piso es muy luminoso y dotado de un gran salón-comedor y amplias habitaciones. Cuenta con ventanas climalit oscilobatientes en toda la vivienda.
Cuenta con una magnifica luz y mucha ventilación.
Además la vivienda cuenta con zonas comunes en muy buen estado y cercanía al centro de Alcalá de henares a tan solo '5 ' min.
La finca cuenta con 1 ascensor y un portal accesible a cambio de un cómodo pago de comunidad al mes.
VENGA A VISITARLO SIN COMPROMISO, Y RECUERDE QUE LE PODEMOS CONSEGUIR HASTA EL 100% DE FINANCIACIÓN CON NUESTRO DEPARTAMENTO FINANCIERO KIRON Y CONDICIONES ESPECIALES DE FINANCIACIÓN A TIPO VARIABLE, FIJO Y MIXTO.",0,1,1,1,1,1,1,1,1,1,"['https://cdn-media.medialabtc.it/es/agencies/md600/estates/611009/images/8751690/gallery_media.jpeg', 'https://cdn-media.medialabtc.it/es/agencies/md600/estates/611009/images/8751688/gallery_media.jpeg', 'https://cdn-media.medialabtc.it/es/agencies/md600/estates/611009/images/8751682/gallery_media.jpeg', 'https://cdn-media.medialabtc.it/es/agencies/md600/estates/611009/images/8751683/gallery_media.jpeg', 'https://cdn-media.medialabtc.it/es/agencies/md600/estates/611009/images/8751687/gallery_media.jpeg', 'https://cdn-media.medialabtc.it/es/agencies/md600/estates/611009/images/8751686/gallery_media.jpeg', 'https://cdn-media.medialabtc.it/es/agencies/md600/estates/611009/images/8751689/gallery_media.jpeg', 'https://cdn-media.medialabtc.it/es/agencies/md600/estates/611009/images/8751691/gallery_media.jpeg', 'https://cdn-media.medialabtc.it/es/agencies/md600/estates/611009/images/8751685/gallery_media.jpeg', 'https://cdn-media.medialabtc.it/es/agencies/md600/estates/611009/images/8751684/gallery_media.jpeg', 'https://cdn-media.medialabtc.it/es/agencies/md600/estates/611009/images/8751693/gallery_media.jpeg', 'https://cdn-media.medialabtc.it/es/agencies/md600/estates/611009/images/8751692/gallery_media.jpeg']",0,Desconocido,0,0,0,1,0,D,0,0,"['imagenes_tecnocasa\\anuncio_1062\\0.jpeg', 'imagenes_tecnocasa\\anuncio_1062\\1.jpeg', 'imagenes_tecnocasa\\anuncio_1062\\2.jpeg', 'imagenes_tecnocasa\\anuncio_1062\\3.jpeg', 'imagenes_tecnocasa\\anuncio_1062\\4.jpeg', 'imagenes_tecnocasa\\anuncio_1062\\5.jpeg', 'imagenes_tecnocasa\\anuncio_1062\\6.jpeg', 'imagenes_tecnocasa\\anuncio_1062\\7.jpeg', 'imagenes_tecnocasa\\anuncio_1062\\8.jpeg', 'imagenes_tecnocasa\\anuncio_1062\\9.jpeg', 'imagenes_tecnocasa\\anuncio_1062\\10.jpeg', 'imagenes_tecnocasa\\anuncio_1062\\11.jpeg']",0,Popular,1979,1,0,0,piso,4,Alcalá de Henares,"Pryconsa - Juan De Austria - El Val, Juan De Austria, Alcalá De Henares",40.481954,-3.363981,1062,2413.793103448276,268.0,180.0,0.1,0.4,1.0,0.0,otro,pintura,corredera,estándar (2.4-2.8m),nada,3.6,3.8,convencional,"['#FFFFFF', '#E03131', '#C0C0C0']",regular,False,convencional,normal,ninguno,ninguno,estándar,básica,ninguno,6.2,6.4,ninguna,5
https://www.tecnocasa.es/venta/piso/madrid/madrid/553139.html,121200.0,3,65.0,1,"Agencia inmobiliaria de MADRID zona SAN CRISTOBAL DE LOS ANGELES - COLONIA MARCONI, oficina TECNOCASA vende.
Edificio rehabilitado con ascensor, vivienda compuesta de entrada, salón independiente, amplio y luminoso, cocina amueblada, baño completo, tres dormitorios, buena comunicacion a traves de cercanías RENFE línea C-3 estación 'San Cristóbal de los Ángeles', Metro línea 3 parada 'San Cristóbal', autobuses líneas 59, 79, Nocturno N-13, además el barrio cuenta con todos los servicios tanto de bancos, varios supermercados, institutos, colegios, guarderías, parques, ambulatorio San Cristóbal, polideportivo, pistas de frontón, el barrio esta muy cerca de la M-40, M-45, A-4, fácil acceso por Avenida de Andalucía.",1,1,1,1,0,1,0,0,0,1,"['https://cdn-media.medialabtc.it/es/agencies/mdav0/estates/553139/images/8929840/gallery_media.jpeg', 'https://cdn-media.medialabtc.it/es/agencies/mdav0/estates/553139/images/8929838/gallery_media.jpeg', 'https://cdn-media.medialabtc.it/es/agencies/mdav0/estates/553139/images/8929866/gallery_media.jpeg', 'https://cdn-media.medialabtc.it/es/agencies/mdav0/estates/553139/images/8929835/gallery_media.jpeg', 'https://cdn-media.medialabtc.it/es/agencies/mdav0/estates/553139/images/8929837/gallery_media.jpeg', 'https://cdn-media.medialabtc.it/es/agencies/mdav0/estates/553139/images/8929867/gallery_media.jpeg', 'https://cdn-media.medialabtc.it/es/agencies/mdav0/estates/553139/images/8929841/gallery_media.jpeg', 'https://cdn-media.medialabtc.it/es/agencies/mdav0/estates/553139/images/8929862/gallery_media.jpeg', 'https://cdn-media.medialabtc.it/es/agencies/mdav0/estates/553139/images/8929839/gallery_media.jpeg', 'https://cdn-media.medialabtc.it/es/agencies/mdav0/estates/553139/images/8929863/gallery_media.jpeg', 'https://cdn-media.medialabtc.it/es/agencies/mdav0/estates/553139/images/8929868/gallery_media.jpeg', 'https://cdn-media.medialabtc.it/es/agencies/mdav0/estates/553139/images/8929834/gallery_media.jpeg', 'https://cdn-media.medialabtc.it/es/agencies/mdav0/estates/553139/images/8929864/gallery_media.jpeg', 'https://cdn-media.medialabtc.it/es/agencies/mdav0/estates/553139/images/8929836/gallery_media.jpeg', 'https://cdn-media.medialabtc.it/es/agencies/mdav0/estates/553139/images/8929865/gallery_media.jpeg']",0,Desconocido,0,0,0,0,0,E,0,0,"['imagenes_tecnocasa\\anuncio_1063\\0.jpeg', 'imagenes_tecnocasa\\anuncio_1063\\1.jpeg', 'imagenes_tecnocasa\\anuncio_1063\\2.jpeg', 'imagenes_tecnocasa\\anuncio_1063\\3.jpeg', 'imagenes_tecnocasa\\anuncio_1063\\4.jpeg', 'imagenes_tecnocasa\\anuncio_1063\\5.jpeg', 'imagenes_tecnocasa\\anuncio_1063\\6.jpeg', 'imagenes_tecnocasa\\anuncio_1063\\7.jpeg', 'imagenes_tecnocasa\\anuncio_1063\\8.jpeg', 'imagenes_tecnocasa\\anuncio_1063\\9.jpeg', 'imagenes_tecnocasa\\anuncio_1063\\10.jpeg', 'imagenes_tecnocasa\\anuncio_1063\\11.jpeg', 'imagenes_tecnocasa\\anuncio_1063\\12.jpeg', 'imagenes_tecnocasa\\anuncio_1063\\13.jpeg', 'imagenes_tecnocasa\\anuncio_1063\\14.jpeg']",0,Popular,1964,0,0,0,piso,2,Madrid,"San Cristóbal, Madrid",40.4167047,-3.7035825,1063,1864.6153846153845,102.0,89.0,0.0,0.0,2.0,0.0,otro,otro,otro,estándar (2.4-2.8m),nada,3.0,4.4,moderno,"['#FFFFFF', '#C0C0C0', '#808080']",buena,False,convencional,limitado,ninguno,ninguno,básico,otro,ninguno,7.0,6.6,ninguna,5
https://www.tecnocasa.es/venta/casa/madrid/madrid/615600.html,449000.0,4,155.0,2,"TECNOCASA VICÁLVARO VENDE FANTÁSTICO CHALET PAREADO!

OPORTUNIDAD ÚNICA PARA INVERSORES Y PARA PERSONAS QUE BUSQUEN UNA MAGNIFICA VIVIENDA UNIFAMILIAR EN EL CENTRO DE MADRID!

Este chalet con la fachada recién reformada, en buen estado de conservación y amueblado cuenta con más de 155 m² construidos. Tiene una ubicación envidiable a pie de calle y haciendo esquina, donde disfrutarás de una excelente luz natural y privacidad. La vivienda cuenta con cuatro dormitorios de gran tamaño, dos cuartos de baño completamente equipados (uno de ellos en suite y con ventana), un magnifico salón muy luminoso de gran tamaño y una cocina de buen tamaño completamente equipada.

Cuenta con claraboyas tanto en la cocina, uno de los dormitorios y en uno de los cuartos de baño que le aportan más luz natural a la vivienda, dispone de calefacción individual de gasoil con varios radiadores repartidos por todas las estancias, armarios empotrados en todos los dormitorios y un pequeño patio interior el cual proporciona un espacio de almacenaje muy útil.

Su proximidad a colegios, la Universidad Rey Juan Carlos y parques hace de este espacio una opción perfecta para todo tipo de familias.

La ubicación del piso es inmejorable, ya que se encuentra cerca del metro (L9) y RENFE, así como de varias paradas de autobús. Además, está bien comunicado con diferentes carreteras y se encuentra cerca de la Universidad.

Si estás interesado en este inmueble, no dudes en contactar con nosotros. En Tecnocasa, ofrecemos financiación y visitas sin compromiso.

¡No esperes más para adquirir este hermoso piso en venta! ¡Te esperamos en nuestra oficina de Avenida Real Nº6!",1,1,1,1,1,0,0,1,0,1,"['https://cdn-media.medialabtc.it/es/agencies/md054/estates/615600/images/8851460/gallery_media.jpeg', 'https://cdn-media.medialabtc.it/es/agencies/md054/estates/615600/images/8851455/gallery_media.jpeg', 'https://cdn-media.medialabtc.it/es/agencies/md054/estates/615600/images/8851459/gallery_media.jpeg', 'https://cdn-media.medialabtc.it/es/agencies/md054/estates/615600/images/8851442/gallery_media.jpeg', 'https://cdn-media.medialabtc.it/es/agencies/md054/estates/615600/images/8851446/gallery_media.jpeg', 'https://cdn-media.medialabtc.it/es/agencies/md054/estates/615600/images/8851448/gallery_media.jpeg', 'https://cdn-media.medialabtc.it/es/agencies/md054/estates/615600/images/8851395/gallery_media.jpeg', 'https://cdn-media.medialabtc.it/es/agencies/md054/estates/615600/images/8851397/gallery_media.jpeg', 'https://cdn-media.medialabtc.it/es/agencies/md054/estates/615600/images/8851443/gallery_media.jpeg', 'https://cdn-media.medialabtc.it/es/agencies/md054/estates/615600/images/8851401/gallery_media.jpeg', 'https://cdn-media.medialabtc.it/es/agencies/md054/estates/615600/images/8851445/gallery_media.jpeg', 'https://cdn-media.medialabtc.it/es/agencies/md054/estates/615600/images/8851400/gallery_media.jpeg', 'https://cdn-media.medialabtc.it/es/agencies/md054/estates/615600/images/8851453/gallery_media.jpeg', 'https://cdn-media.medialabtc.it/es/agencies/md054/estates/615600/images/8851456/gallery_media.jpeg', 'https://cdn-media.medialabtc.it/es/agencies/md054/estates/615600/images/8851391/gallery_media.jpeg', 'https://cdn-media.medialabtc.it/es/agencies/md054/estates/615600/images/8851396/gallery_media.jpeg', 'https://cdn-media.medialabtc.it/es/agencies/md054/estates/615600/images/8851450/gallery_media.jpeg', 'https://cdn-media.medialabtc.it/es/agencies/md054/estates/615600/images/8851451/gallery_media.jpeg', 'https://cdn-media.medialabtc.it/es/agencies/md054/estates/615600/images/8851392/gallery_media.jpeg', 'https://cdn-media.medialabtc.it/es/agencies/md054/estates/615600/images/8851398/gallery_media.jpeg', 'https://cdn-media.medialabtc.it/es/agencies/md054/estates/615600/images/8851447/gallery_media.jpeg', 'https://cdn-media.medialabtc.it/es/agencies/md054/estates/615600/images/8851444/gallery_media.jpeg', 'https://cdn-media.medialabtc.it/es/agencies/md054/estates/615600/images/8851458/gallery_media.jpeg', 'https://cdn-media.medialabtc.it/es/agencies/md054/estates/615600/images/8851394/gallery_media.jpeg', 'https://cdn-media.medialabtc.it/es/agencies/md054/estates/615600/images/8851452/gallery_media.jpeg', 'https://cdn-media.medialabtc.it/es/agencies/md054/estates/615600/images/8851457/gallery_media.jpeg', 'https://cdn-media.medialabtc.it/es/agencies/md054/estates/615600/images/8851454/gallery_media.jpeg', 'https://cdn-media.medialabtc.it/es/agencies/md054/estates/615600/images/8851449/gallery_media.jpeg', 'https://cdn-media.medialabtc.it/es/agencies/md054/estates/615600/images/8851393/gallery_media.jpeg', 'https://cdn-media.medialabtc.it/es/agencies/md054/estates/615600/images/8851399/gallery_media.jpeg']",0,Buen estado,0,0,0,0,0,E,1,0,"['imagenes_tecnocasa\\anuncio_1064\\0.jpeg', 'imagenes_tecnocasa\\anuncio_1064\\1.jpeg', 'imagenes_tecnocasa\\anuncio_1064\\2.jpeg', 'imagenes_tecnocasa\\anuncio_1064\\3.jpeg', 'imagenes_tecnocasa\\anuncio_1064\\4.jpeg', 'imagenes_tecnocasa\\anuncio_1064\\5.jpeg', 'imagenes_tecnocasa\\anuncio_1064\\6.jpeg', 'imagenes_tecnocasa\\anuncio_1064\\7.jpeg', 'imagenes_tecnocasa\\anuncio_1064\\8.jpeg', 'imagenes_tecnocasa\\anuncio_1064\\9.jpeg', 'imagenes_tecnocasa\\anuncio_1064\\10.jpeg', 'imagenes_tecnocasa\\anuncio_1064\\11.jpeg', 'imagenes_tecnocasa\\anuncio_1064\\12.jpeg', 'imagenes_tecnocasa\\anuncio_1064\\13.jpeg', 'imagenes_tecnocasa\\anuncio_1064\\14.jpeg', 'imagenes_tecnocasa\\anuncio_1064\\15.jpeg', 'imagenes_tecnocasa\\anuncio_1064\\16.jpeg', 'imagenes_tecnocasa\\anuncio_1064\\17.jpeg', 'imagenes_tecnocasa\\anuncio_1064\\18.jpeg', 'imagenes_tecnocasa\\anuncio_1064\\19.jpeg', 'imagenes_tecnocasa\\anuncio_1064\\20.jpeg', 'imagenes_tecnocasa\\anuncio_1064\\21.jpeg', 'imagenes_tecnocasa\\anuncio_1064\\22.jpeg', 'imagenes_tecnocasa\\anuncio_1064\\23.jpeg', 'imagenes_tecnocasa\\anuncio_1064\\24.jpeg', 'imagenes_tecnocasa\\anuncio_1064\\25.jpeg', 'imagenes_tecnocasa\\anuncio_1064\\26.jpeg', 'imagenes_tecnocasa\\anuncio_1064\\27.jpeg', 'imagenes_tecnocasa\\anuncio_1064\\28.jpeg', 'imagenes_tecnocasa\\anuncio_1064\\29.jpeg']",0,Popular,1960,1,0,0,casa,1,Madrid,Madrid,40.4167047,-3.7035825,1064,2896.7741935483873,265.0,179.0,0.1125,0.37500000000000006,1.0,1.0,cerámica,pintura,corredera,estándar (2.4-2.8m),nada,3.4,4.0,convencional,"['#FFFFFF', '#002D62', '#D3D3D3']",regular,False,convencional,limitado,ninguno,ninguno,estándar,básica,ninguno,6.4,6.6,ninguna,5
https://www.tecnocasa.es/venta/piso/madrid/valdemoro/540313.html,309000.0,3,117.0,2,"Agencia inmobiliaria de VALDEMORO : zona ESTACION- CENTRO- GUARDIA CIVIL- Oficina Tecnocasa VENDE piso en zona ESTACION
Descubre esta acogedora vivienda en la zona de la estacion, ideal para quienes buscan comodidad y funcionalidad. Con una superficie de 117 m², este piso ofrece un espacio bien distribuido que incluye tres dormitorios amplios, perfectos para toda la familia.
La propiedad cuenta con dos baños completos, lo que garantiza comodidad en el día a día. Uno de los atractivos principales es su terraza exterior, un espacio ideal para disfrutar de momentos al aire libre.
El aire acondicionado instalado asegura un ambiente agradable durante todo el año. Construido en 1998, este hogar se encuentra en una categoría popular, ofreciendo una excelente relación calidad-precio.
El jardín es un espacio adicional para el disfrute de los residentes. No pierdas la oportunidad de conocer esta propiedad que combina confort y funcionalidad en una ubicación conveniente.
No dude en llamarnos para concertar su cita para visitar el inmueble en la que además recibirá el asesoramiento gratuito de nuestro departamento financiero KÌRON. FINANCIACION 100%
LA VIVIENDA TENDRÁ QUE SER ESCRITURADA EN MAYO DE 2026",0,1,1,1,0,1,0,1,0,1,"['https://cdn-media.medialabtc.it/es/agencies/mdbe2/estates/540313/images/8914540/gallery_media.jpeg', 'https://cdn-media.medialabtc.it/es/agencies/mdbe2/estates/540313/images/8914496/gallery_media.jpeg', 'https://cdn-media.medialabtc.it/es/agencies/mdbe2/estates/540313/images/8914528/gallery_media.jpeg', 'https://cdn-media.medialabtc.it/es/agencies/mdbe2/estates/540313/images/8914497/gallery_media.jpeg', 'https://cdn-media.medialabtc.it/es/agencies/mdbe2/estates/540313/images/8914529/gallery_media.jpeg', 'https://cdn-media.medialabtc.it/es/agencies/mdbe2/estates/540313/images/8914523/gallery_media.jpeg', 'https://cdn-media.medialabtc.it/es/agencies/mdbe2/estates/540313/images/8914541/gallery_media.jpeg', 'https://cdn-media.medialabtc.it/es/agencies/mdbe2/estates/540313/images/8914536/gallery_media.jpeg', 'https://cdn-media.medialabtc.it/es/agencies/mdbe2/estates/540313/images/8914522/gallery_media.jpeg', 'https://cdn-media.medialabtc.it/es/agencies/mdbe2/estates/540313/images/8914537/gallery_media.jpeg', 'https://cdn-media.medialabtc.it/es/agencies/mdbe2/estates/540313/images/8914500/gallery_media.jpeg', 'https://cdn-media.medialabtc.it/es/agencies/mdbe2/estates/540313/images/8914532/gallery_media.jpeg', 'https://cdn-media.medialabtc.it/es/agencies/mdbe2/estates/540313/images/8914531/gallery_media.jpeg', 'https://cdn-media.medialabtc.it/es/agencies/mdbe2/estates/540313/images/8914499/gallery_media.jpeg', 'https://cdn-media.medialabtc.it/es/agencies/mdbe2/estates/540313/images/8914526/gallery_media.jpeg', 'https://cdn-media.medialabtc.it/es/agencies/mdbe2/estates/540313/images/8914527/gallery_media.jpeg', 'https://cdn-media.medialabtc.it/es/agencies/mdbe2/estates/540313/images/8914538/gallery_media.jpeg', 'https://cdn-media.medialabtc.it/es/agencies/mdbe2/estates/540313/images/8914498/gallery_media.jpeg', 'https://cdn-media.medialabtc.it/es/agencies/mdbe2/estates/540313/images/8914543/gallery_media.jpeg', 'https://cdn-media.medialabtc.it/es/agencies/mdbe2/estates/540313/images/8914535/gallery_media.jpeg', 'https://cdn-media.medialabtc.it/es/agencies/mdbe2/estates/540313/images/8914534/gallery_media.jpeg', 'https://cdn-media.medialabtc.it/es/agencies/mdbe2/estates/540313/images/8914530/gallery_media.jpeg', 'https://cdn-media.medialabtc.it/es/agencies/mdbe2/estates/540313/images/8914524/gallery_media.jpeg', 'https://cdn-media.medialabtc.it/es/agencies/mdbe2/estates/540313/images/8914542/gallery_media.jpeg', 'https://cdn-media.medialabtc.it/es/agencies/mdbe2/estates/540313/images/8914501/gallery_media.jpeg', 'https://cdn-media.medialabtc.it/es/agencies/mdbe2/estates/540313/images/8914533/gallery_media.jpeg', 'https://cdn-media.medialabtc.it/es/agencies/mdbe2/estates/540313/images/8914539/gallery_media.jpeg', 'https://cdn-media.medialabtc.it/es/agencies/mdbe2/estates/540313/images/8914544/gallery_media.jpeg', 'https://cdn-media.medialabtc.it/es/agencies/mdbe2/estates/540313/images/8914545/gallery_media.jpeg']",0,Desconocido,0,0,0,1,0,F,0,0,"['imagenes_tecnocasa\\anuncio_1065\\0.jpeg', 'imagenes_tecnocasa\\anuncio_1065\\1.jpeg', 'imagenes_tecnocasa\\anuncio_1065\\2.jpeg', 'imagenes_tecnocasa\\anuncio_1065\\3.jpeg', 'imagenes_tecnocasa\\anuncio_1065\\4.jpeg', 'imagenes_tecnocasa\\anuncio_1065\\5.jpeg', 'imagenes_tecnocasa\\anuncio_1065\\6.jpeg', 'imagenes_tecnocasa\\anuncio_1065\\7.jpeg', 'imagenes_tecnocasa\\anuncio_1065\\8.jpeg', 'imagenes_tecnocasa\\anuncio_1065\\9.jpeg', 'imagenes_tecnocasa\\anuncio_1065\\10.jpeg', 'imagenes_tecnocasa\\anuncio_1065\\11.jpeg', 'imagenes_tecnocasa\\anuncio_1065\\12.jpeg', 'imagenes_tecnocasa\\anuncio_1065\\13.jpeg', 'imagenes_tecnocasa\\anuncio_1065\\14.jpeg', 'imagenes_tecnocasa\\anuncio_1065\\15.jpeg', 'imagenes_tecnocasa\\anuncio_1065\\16.jpeg', 'imagenes_tecnocasa\\anuncio_1065\\17.jpeg', 'imagenes_tecnocasa\\anuncio_1065\\18.jpeg', 'imagenes_tecnocasa\\anuncio_1065\\19.jpeg', 'imagenes_tecnocasa\\anuncio_1065\\20.jpeg', 'imagenes_tecnocasa\\anuncio_1065\\21.jpeg', 'imagenes_tecnocasa\\anuncio_1065\\22.jpeg', 'imagenes_tecnocasa\\anuncio_1065\\23.jpeg', 'imagenes_tecnocasa\\anuncio_1065\\24.jpeg', 'imagenes_tecnocasa\\anuncio_1065\\25.jpeg', 'imagenes_tecnocasa\\anuncio_1065\\26.jpeg', 'imagenes_tecnocasa\\anuncio_1065\\27.jpeg', 'imagenes_tecnocasa\\anuncio_1065\\28.jpeg']",1,Popular,1983,1,1,1,piso,2,Valdemoro,Valdemoro,40.1888604,-3.67143,1065,2641.025641025641,186.0,133.0,0.7999999999999999,0.9666666666666667,1.0,1.0,otro,pintura,otro,estándar (2.4-2.8m),nada,3.6,4.2,otro,"['#808080', '#008000', '#FFFFFF']",regular,False,convencional,normal,ninguno,ninguno,estándar,otro,ninguno,6.2,6.2,ninguna,5
https://www.tecnocasa.es/venta/piso/madrid/madrid/618854.html,179000.0,2,59.0,1,"Agencia inmobiliaria de MADRID - zona VALLECAS - PUERTO CANFRANC Oficina Tecnocasa
Descubre este acogedor piso en el barrio de Numancia, dentro del distrito de Puente de Vallecas, Madrid. Con una superficie de 59 m², esta propiedad ofrece un espacio funcional y bien distribuido. Ascensor aprobado en junta, cuenta con dos dormitorios que proporcionan comodidad y privacidad, ideales para una pareja o una pequeña familia. El baño está diseñado para maximizar el espacio y la practicidad. Construido en 1961, el edificio refleja el encanto de la época, combinado con las comodidades modernas necesarias para el día a día. La ubicación es un punto fuerte, con fácil acceso a servicios, transporte público y zonas comerciales, lo que facilita la vida urbana. Este piso es una oportunidad para quienes buscan un hogar en una zona con carácter y tradición, sin renunciar a las ventajas de vivir en la capital. No pierdas la oportunidad de conocerlo y descubrir todo lo que puede ofrecerte.
Tecnocasa dispone de un servicio financiero de consulta gratuita para nuestros clientes hasta el 100% de la hipoteca '.",1,1,1,1,1,1,0,1,1,1,"['https://cdn-media.medialabtc.it/es/agencies/md000/estates/618854/images/8927748/gallery_media.jpeg', 'https://cdn-media.medialabtc.it/es/agencies/md000/estates/618854/images/8927750/gallery_media.jpeg', 'https://cdn-media.medialabtc.it/es/agencies/md000/estates/618854/images/8927752/gallery_media.jpeg', 'https://cdn-media.medialabtc.it/es/agencies/md000/estates/618854/images/8927755/gallery_media.jpeg', 'https://cdn-media.medialabtc.it/es/agencies/md000/estates/618854/images/8927754/gallery_media.jpeg', 'https://cdn-media.medialabtc.it/es/agencies/md000/estates/618854/images/8927753/gallery_media.jpeg', 'https://cdn-media.medialabtc.it/es/agencies/md000/estates/618854/images/8927751/gallery_media.jpeg', 'https://cdn-media.medialabtc.it/es/agencies/md000/estates/618854/images/8927747/gallery_media.jpeg', 'https://cdn-media.medialabtc.it/es/agencies/md000/estates/618854/images/8927749/gallery_media.jpeg']",0,Desconocido,0,0,0,0,0,Desconocida,0,0,"['imagenes_tecnocasa\\anuncio_1066\\0.jpeg', 'imagenes_tecnocasa\\anuncio_1066\\1.jpeg', 'imagenes_tecnocasa\\anuncio_1066\\2.jpeg', 'imagenes_tecnocasa\\anuncio_1066\\3.jpeg', 'imagenes_tecnocasa\\anuncio_1066\\4.jpeg', 'imagenes_tecnocasa\\anuncio_1066\\5.jpeg', 'imagenes_tecnocasa\\anuncio_1066\\6.jpeg', 'imagenes_tecnocasa\\anuncio_1066\\7.jpeg', 'imagenes_tecnocasa\\anuncio_1066\\8.jpeg']",0,Media,1961,0,0,0,piso,1,Madrid,"Numancia, Madrid",40.4167047,-3.7035825,1066,3033.898305084746,179.0,123.0,0.0,0.0,0.0,0.0,parquet,pintura,corredera,estándar (2.4-2.8m),nada,4.0,5.0,convencional,"['#F5F5DC', '#FFFFFF', '#A0522D']",buena,False,convencional,normal,ninguno,ninguno,estándar,básica,ninguno,7.2,6.6,ninguna,5
https://www.tecnocasa.es/venta/piso/madrid/madrid/615767.html,300000.0,3,100.0,2,"Tecnocasa San Fermin, Estudio Inmobiliario San Fermin s. l vende en exclusiva este amplio y luminoso inmueble situado en el bario de Orcasur

Se trata de una vivienda de 100m2 distribuidos en 3 dormitorios, 2 baños, cocina y salón

Nada más entrar a la vivienda nos encontramos con la cocina, completamente equipada y reformada con materiales de alta calidad, esta da acceso a una pequeña terraza cerrada ideal para tender o usarse como despensa,
contiguo a la cocina nos encontramos con el salón, de casi 20m2 cuenta con mucha iluminación, cuenta con aire acondicionado y buenas vistas a la ciudad de Madrid
los dos baños se encuentran reformados y son muy amplios

Las tres habitaciones cuentan con orientacion sur por lo que son muy luminosas y además disponen de aramarios empotrados

Existe además, la posibilidad de comprar a parte 2 plazas de garaje ( no incluidas en el precio). La vivienda tiene un derecho de superficie perteneciente al Instituto de la Vivienda de Madrid.

El inmueble se encuentra a escasos 5 minutos andando de metro San Fermin-Orcasur ( linea 3), muy bien comunicado además con buses y rodeado de zonas verdes, cercano también a todo tipo de comercios e instalaciones deportivas

ven a avisitarlo sin compromiso.",1,1,1,1,1,1,0,1,1,1,"['https://cdn-media.medialabtc.it/es/agencies/md008/estates/615767/images/8897574/gallery_media.jpeg', 'https://cdn-media.medialabtc.it/es/agencies/md008/estates/615767/images/8897588/gallery_media.jpeg', 'https://cdn-media.medialabtc.it/es/agencies/md008/estates/615767/images/8897573/gallery_media.jpeg', 'https://cdn-media.medialabtc.it/es/agencies/md008/estates/615767/images/8897567/gallery_media.jpeg', 'https://cdn-media.medialabtc.it/es/agencies/md008/estates/615767/images/8897583/gallery_media.jpeg', 'https://cdn-media.medialabtc.it/es/agencies/md008/estates/615767/images/8897577/gallery_media.jpeg', 'https://cdn-media.medialabtc.it/es/agencies/md008/estates/615767/images/8897580/gallery_media.jpeg', 'https://cdn-media.medialabtc.it/es/agencies/md008/estates/615767/images/8897575/gallery_media.jpeg', 'https://cdn-media.medialabtc.it/es/agencies/md008/estates/615767/images/8897579/gallery_media.jpeg', 'https://cdn-media.medialabtc.it/es/agencies/md008/estates/615767/images/8897572/gallery_media.jpeg', 'https://cdn-media.medialabtc.it/es/agencies/md008/estates/615767/images/8897581/gallery_media.jpeg', 'https://cdn-media.medialabtc.it/es/agencies/md008/estates/615767/images/8897590/gallery_media.jpeg', 'https://cdn-media.medialabtc.it/es/agencies/md008/estates/615767/images/8897563/gallery_media.jpeg', 'https://cdn-media.medialabtc.it/es/agencies/md008/estates/615767/images/8897566/gallery_media.jpeg', 'https://cdn-media.medialabtc.it/es/agencies/md008/estates/615767/images/8897584/gallery_media.jpeg', 'https://cdn-media.medialabtc.it/es/agencies/md008/estates/615767/images/8897587/gallery_media.jpeg', 'https://cdn-media.medialabtc.it/es/agencies/md008/estates/615767/images/8897576/gallery_media.jpeg', 'https://cdn-media.medialabtc.it/es/agencies/md008/estates/615767/images/8897569/gallery_media.jpeg', 'https://cdn-media.medialabtc.it/es/agencies/md008/estates/615767/images/8897578/gallery_media.jpeg', 'https://cdn-media.medialabtc.it/es/agencies/md008/estates/615767/images/8897589/gallery_media.jpeg', 'https://cdn-media.medialabtc.it/es/agencies/md008/estates/615767/images/8897571/gallery_media.jpeg', 'https://cdn-media.medialabtc.it/es/agencies/md008/estates/615767/images/8897585/gallery_media.jpeg', 'https://cdn-media.medialabtc.it/es/agencies/md008/estates/615767/images/8897564/gallery_media.jpeg', 'https://cdn-media.medialabtc.it/es/agencies/md008/estates/615767/images/8897570/gallery_media.jpeg', 'https://cdn-media.medialabtc.it/es/agencies/md008/estates/615767/images/8897565/gallery_media.jpeg']",1,Desconocido,1,0,0,1,0,D,0,0,"['imagenes_tecnocasa\\anuncio_1070\\0.jpeg', 'imagenes_tecnocasa\\anuncio_1070\\1.jpeg', 'imagenes_tecnocasa\\anuncio_1070\\2.jpeg', 'imagenes_tecnocasa\\anuncio_1070\\3.jpeg', 'imagenes_tecnocasa\\anuncio_1070\\4.jpeg', 'imagenes_tecnocasa\\anuncio_1070\\5.jpeg', 'imagenes_tecnocasa\\anuncio_1070\\6.jpeg', 'imagenes_tecnocasa\\anuncio_1070\\7.jpeg', 'imagenes_tecnocasa\\anuncio_1070\\8.jpeg', 'imagenes_tecnocasa\\anuncio_1070\\9.jpeg', 'imagenes_tecnocasa\\anuncio_1070\\10.jpeg', 'imagenes_tecnocasa\\anuncio_1070\\11.jpeg', 'imagenes_tecnocasa\\anuncio_1070\\12.jpeg', 'imagenes_tecnocasa\\anuncio_1070\\13.jpeg', 'imagenes_tecnocasa\\anuncio_1070\\14.jpeg', 'imagenes_tecnocasa\\anuncio_1070\\15.jpeg', 'imagenes_tecnocasa\\anuncio_1070\\16.jpeg', 'imagenes_tecnocasa\\anuncio_1070\\17.jpeg', 'imagenes_tecnocasa\\anuncio_1070\\18.jpeg', 'imagenes_tecnocasa\\anuncio_1070\\19.jpeg', 'imagenes_tecnocasa\\anuncio_1070\\20.jpeg', 'imagenes_tecnocasa\\anuncio_1070\\21.jpeg', 'imagenes_tecnocasa\\anuncio_1070\\22.jpeg', 'imagenes_tecnocasa\\anuncio_1070\\23.jpeg', 'imagenes_tecnocasa\\anuncio_1070\\24.jpeg']",1,Popular,1994,1,0,0,piso,2,Madrid,"Orcasitas - San Fermin, Madrid",40.4167047,-3.7035825,1070,3000.0,206.0,146.0,0.9,1.0,3.0,1.0,parquet,pintura,corredera,estándar (2.4-2.8m),nada,4.0,3.8,convencional,"['#D2691E', '#A0522D', '#8B4513']",buena,False,convencional,limitado,ninguno,ninguno,estándar,básica,ninguno,6.2,6.8,leve,5
https://www.tecnocasa.es/venta/piso/madrid/mostoles/615273.html,196000.0,3,75.0,1,"Agencia inmobiliaria de MOSTOLES, zona VILLAFONTANA II, Tecnocasa Estudio Móstoles 1SL
EN VENTA: piso en ZONA CAMINO DE LEGANES PLANTA BAJA. compuesto de entrada, cocina, 3 dormitorios y baño sin ascensor. PISO REFORMADO.
Zona con todos los servicios cercanos, como líneas de autobús urbanas e interurbanas prácticamente en la misma puerta, además de colegios, centro de salud, hospital, comercios y supermercados. Buena orientación con vistas.",1,1,1,1,0,1,0,1,1,1,"['https://cdn-media.medialabtc.it/es/agencies/mdbm2/estates/615273/images/8849274/gallery_media.jpeg', 'https://cdn-media.medialabtc.it/es/agencies/mdbm2/estates/615273/images/8849277/gallery_media.jpeg', 'https://cdn-media.medialabtc.it/es/agencies/mdbm2/estates/615273/images/8849307/gallery_media.jpeg', 'https://cdn-media.medialabtc.it/es/agencies/mdbm2/estates/615273/images/8849311/gallery_media.jpeg', 'https://cdn-media.medialabtc.it/es/agencies/mdbm2/estates/615273/images/8849287/gallery_media.jpeg', 'https://cdn-media.medialabtc.it/es/agencies/mdbm2/estates/615273/images/8849278/gallery_media.jpeg', 'https://cdn-media.medialabtc.it/es/agencies/mdbm2/estates/615273/images/8849275/gallery_media.jpeg', 'https://cdn-media.medialabtc.it/es/agencies/mdbm2/estates/615273/images/8849280/gallery_media.jpeg', 'https://cdn-media.medialabtc.it/es/agencies/mdbm2/estates/615273/images/8849285/gallery_media.jpeg', 'https://cdn-media.medialabtc.it/es/agencies/mdbm2/estates/615273/images/8849279/gallery_media.jpeg', 'https://cdn-media.medialabtc.it/es/agencies/mdbm2/estates/615273/images/8849312/gallery_media.jpeg', 'https://cdn-media.medialabtc.it/es/agencies/mdbm2/estates/615273/images/8849286/gallery_media.jpeg', 'https://cdn-media.medialabtc.it/es/agencies/mdbm2/estates/615273/images/8849289/gallery_media.jpeg', 'https://cdn-media.medialabtc.it/es/agencies/mdbm2/estates/615273/images/8849284/gallery_media.jpeg', 'https://cdn-media.medialabtc.it/es/agencies/mdbm2/estates/615273/images/8849276/gallery_media.jpeg', 'https://cdn-media.medialabtc.it/es/agencies/mdbm2/estates/615273/images/8849303/gallery_media.jpeg', 'https://cdn-media.medialabtc.it/es/agencies/mdbm2/estates/615273/images/8849302/gallery_media.jpeg', 'https://cdn-media.medialabtc.it/es/agencies/mdbm2/estates/615273/images/8849304/gallery_media.jpeg', 'https://cdn-media.medialabtc.it/es/agencies/mdbm2/estates/615273/images/8849281/gallery_media.jpeg', 'https://cdn-media.medialabtc.it/es/agencies/mdbm2/estates/615273/images/8849282/gallery_media.jpeg', 'https://cdn-media.medialabtc.it/es/agencies/mdbm2/estates/615273/images/8849273/gallery_media.jpeg', 'https://cdn-media.medialabtc.it/es/agencies/mdbm2/estates/615273/images/8849305/gallery_media.jpeg', 'https://cdn-media.medialabtc.it/es/agencies/mdbm2/estates/615273/images/8849309/gallery_media.jpeg', 'https://cdn-media.medialabtc.it/es/agencies/mdbm2/estates/615273/images/8849272/gallery_media.jpeg', 'https://cdn-media.medialabtc.it/es/agencies/mdbm2/estates/615273/images/8849288/gallery_media.jpeg', 'https://cdn-media.medialabtc.it/es/agencies/mdbm2/estates/615273/images/8849306/gallery_media.jpeg', 'https://cdn-media.medialabtc.it/es/agencies/mdbm2/estates/615273/images/8849310/gallery_media.jpeg', 'https://cdn-media.medialabtc.it/es/agencies/mdbm2/estates/615273/images/8849308/gallery_media.jpeg', 'https://cdn-media.medialabtc.it/es/agencies/mdbm2/estates/615273/images/8849283/gallery_media.jpeg']",0,Reformado,0,0,0,0,0,F,0,0,"['imagenes_tecnocasa\\anuncio_1072\\0.jpeg', 'imagenes_tecnocasa\\anuncio_1072\\1.jpeg', 'imagenes_tecnocasa\\anuncio_1072\\2.jpeg', 'imagenes_tecnocasa\\anuncio_1072\\3.jpeg', 'imagenes_tecnocasa\\anuncio_1072\\4.jpeg', 'imagenes_tecnocasa\\anuncio_1072\\5.jpeg', 'imagenes_tecnocasa\\anuncio_1072\\6.jpeg', 'imagenes_tecnocasa\\anuncio_1072\\7.jpeg', 'imagenes_tecnocasa\\anuncio_1072\\8.jpeg', 'imagenes_tecnocasa\\anuncio_1072\\9.jpeg', 'imagenes_tecnocasa\\anuncio_1072\\10.jpeg', 'imagenes_tecnocasa\\anuncio_1072\\11.jpeg', 'imagenes_tecnocasa\\anuncio_1072\\12.jpeg', 'imagenes_tecnocasa\\anuncio_1072\\13.jpeg', 'imagenes_tecnocasa\\anuncio_1072\\14.jpeg', 'imagenes_tecnocasa\\anuncio_1072\\15.jpeg', 'imagenes_tecnocasa\\anuncio_1072\\16.jpeg', 'imagenes_tecnocasa\\anuncio_1072\\17.jpeg', 'imagenes_tecnocasa\\anuncio_1072\\18.jpeg', 'imagenes_tecnocasa\\anuncio_1072\\19.jpeg', 'imagenes_tecnocasa\\anuncio_1072\\20.jpeg', 'imagenes_tecnocasa\\anuncio_1072\\21.jpeg', 'imagenes_tecnocasa\\anuncio_1072\\22.jpeg', 'imagenes_tecnocasa\\anuncio_1072\\23.jpeg', 'imagenes_tecnocasa\\anuncio_1072\\24.jpeg', 'imagenes_tecnocasa\\anuncio_1072\\25.jpeg', 'imagenes_tecnocasa\\anuncio_1072\\26.jpeg', 'imagenes_tecnocasa\\anuncio_1072\\27.jpeg', 'imagenes_tecnocasa\\anuncio_1072\\28.jpeg']",0,Media,1975,1,0,0,piso,2,Móstoles,"Villafontana Ii, Móstoles",40.3238525,-3.8649214,1072,2613.3333333333335,65.0,58.0,0.0,0.0,1.0,0.0,cerámica,pintura,corredera,estándar (2.4-2.8m),nada,3.0,4.2,moderno,"['#FFFFFF', '#F2F2F2', '#D2B48C']",buena,False,convencional,normal,ninguno,ninguno,estándar,parcialmente equipada,ninguno,6.2,6.0,ninguna,5
https://www.tecnocasa.es/venta/casa/madrid/alcala-de-henares/608249.html,467000.0,4,213.0,3,"AGENCIA DE ALCALÁ DE HENARES, OFICINA DE TECNOCASA VENDE CHALET CON PISCINA PRIVADA EN EL ENSANCHE.
Descubre esta encantadora casa adosada en el barrio Ensanche de Alcalá de Henares, una opción ideal para quienes buscan comodidad y espacio. Construida en 1998, esta propiedad de 213 m² ofrece un diseño funcional y acogedor. Cuenta con cuatro dormitorios, uno de ellos estratégicamente ubicado en la planta baja, perfecto para invitados o como oficina. La casa destaca por su buhardilla diáfana, un espacio versátil que se adapta a tus necesidades, además de ofrecer un ambiente cálido ya que tiene chimenea y está forrada de madera.
Disfruta de momentos de relax en su piscina privada o en el amplio patio, ideal para reuniones al aire libre. Además, dispone de un garaje privado para un coche, brindando seguridad y comodidad. Ubicada en una zona señorial, esta vivienda combina tranquilidad y accesibilidad, con servicios y transporte cercanos. No pierdas la oportunidad de hacer de esta casa tu hogar. Ven a conocerla y enamórate de su potencial.
Y RECUERDE QUE PODEMOS CONSEGUIRLE HASTA EL 100% DE FINANCIACIÓN CON NUESTRO DEPARTAMENTO DE INTERMEDIACIÓN FINANCIERA KIRON.",0,1,1,1,1,1,0,1,1,1,"['https://cdn-media.medialabtc.it/es/agencies/md527/estates/608249/images/8733600/gallery_media.jpeg', 'https://cdn-media.medialabtc.it/es/agencies/md527/estates/608249/images/8733589/gallery_media.jpeg', 'https://cdn-media.medialabtc.it/es/agencies/md527/estates/608249/images/8733618/gallery_media.jpeg', 'https://cdn-media.medialabtc.it/es/agencies/md527/estates/608249/images/8733599/gallery_media.jpeg', 'https://cdn-media.medialabtc.it/es/agencies/md527/estates/608249/images/8733615/gallery_media.jpeg', 'https://cdn-media.medialabtc.it/es/agencies/md527/estates/608249/images/8733584/gallery_media.jpeg', 'https://cdn-media.medialabtc.it/es/agencies/md527/estates/608249/images/8733592/gallery_media.jpeg', 'https://cdn-media.medialabtc.it/es/agencies/md527/estates/608249/images/8733593/gallery_media.jpeg', 'https://cdn-media.medialabtc.it/es/agencies/md527/estates/608249/images/8733598/gallery_media.jpeg', 'https://cdn-media.medialabtc.it/es/agencies/md527/estates/608249/images/8733605/gallery_media.jpeg', 'https://cdn-media.medialabtc.it/es/agencies/md527/estates/608249/images/8733609/gallery_media.jpeg', 'https://cdn-media.medialabtc.it/es/agencies/md527/estates/608249/images/8733610/gallery_media.jpeg', 'https://cdn-media.medialabtc.it/es/agencies/md527/estates/608249/images/8733585/gallery_media.jpeg', 'https://cdn-media.medialabtc.it/es/agencies/md527/estates/608249/images/8733623/gallery_media.jpeg', 'https://cdn-media.medialabtc.it/es/agencies/md527/estates/608249/images/8733590/gallery_media.jpeg', 'https://cdn-media.medialabtc.it/es/agencies/md527/estates/608249/images/8733591/gallery_media.jpeg', 'https://cdn-media.medialabtc.it/es/agencies/md527/estates/608249/images/8733613/gallery_media.jpeg', 'https://cdn-media.medialabtc.it/es/agencies/md527/estates/608249/images/8733621/gallery_media.jpeg', 'https://cdn-media.medialabtc.it/es/agencies/md527/estates/608249/images/8733597/gallery_media.jpeg', 'https://cdn-media.medialabtc.it/es/agencies/md527/estates/608249/images/8733606/gallery_media.jpeg', 'https://cdn-media.medialabtc.it/es/agencies/md527/estates/608249/images/8733594/gallery_media.jpeg', 'https://cdn-media.medialabtc.it/es/agencies/md527/estates/608249/images/8733617/gallery_media.jpeg', 'https://cdn-media.medialabtc.it/es/agencies/md527/estates/608249/images/8733587/gallery_media.jpeg', 'https://cdn-media.medialabtc.it/es/agencies/md527/estates/608249/images/8733608/gallery_media.jpeg', 'https://cdn-media.medialabtc.it/es/agencies/md527/estates/608249/images/8733601/gallery_media.jpeg', 'https://cdn-media.medialabtc.it/es/agencies/md527/estates/608249/images/8733622/gallery_media.jpeg', 'https://cdn-media.medialabtc.it/es/agencies/md527/estates/608249/images/8733612/gallery_media.jpeg', 'https://cdn-media.medialabtc.it/es/agencies/md527/estates/608249/images/8733588/gallery_media.jpeg', 'https://cdn-media.medialabtc.it/es/agencies/md527/estates/608249/images/8733607/gallery_media.jpeg']",0,Desconocido,1,0,1,0,1,E,0,0,"['imagenes_tecnocasa\\anuncio_1077\\0.jpeg', 'imagenes_tecnocasa\\anuncio_1077\\1.jpeg', 'imagenes_tecnocasa\\anuncio_1077\\2.jpeg', 'imagenes_tecnocasa\\anuncio_1077\\3.jpeg', 'imagenes_tecnocasa\\anuncio_1077\\4.jpeg', 'imagenes_tecnocasa\\anuncio_1077\\5.jpeg', 'imagenes_tecnocasa\\anuncio_1077\\6.jpeg', 'imagenes_tecnocasa\\anuncio_1077\\7.jpeg', 'imagenes_tecnocasa\\anuncio_1077\\8.jpeg', 'imagenes_tecnocasa\\anuncio_1077\\9.jpeg', 'imagenes_tecnocasa\\anuncio_1077\\10.jpeg', 'imagenes_tecnocasa\\anuncio_1077\\11.jpeg', 'imagenes_tecnocasa\\anuncio_1077\\12.jpeg', 'imagenes_tecnocasa\\anuncio_1077\\13.jpeg', 'imagenes_tecnocasa\\anuncio_1077\\14.jpeg', 'imagenes_tecnocasa\\anuncio_1077\\15.jpeg', 'imagenes_tecnocasa\\anuncio_1077\\16.jpeg', 'imagenes_tecnocasa\\anuncio_1077\\17.jpeg', 'imagenes_tecnocasa\\anuncio_1077\\18.jpeg', 'imagenes_tecnocasa\\anuncio_1077\\19.jpeg', 'imagenes_tecnocasa\\anuncio_1077\\20.jpeg', 'imagenes_tecnocasa\\anuncio_1077\\21.jpeg', 'imagenes_tecnocasa\\anuncio_1077\\22.jpeg', 'imagenes_tecnocasa\\anuncio_1077\\23.jpeg', 'imagenes_tecnocasa\\anuncio_1077\\24.jpeg', 'imagenes_tecnocasa\\anuncio_1077\\25.jpeg', 'imagenes_tecnocasa\\anuncio_1077\\26.jpeg', 'imagenes_tecnocasa\\anuncio_1077\\27.jpeg', 'imagenes_tecnocasa\\anuncio_1077\\28.jpeg']",0,Popular,1998,0,0,0,casa,1,Alcalá de Henares,"Ensanche, Alcalá De Henares",40.481954,-3.363981,1077,2192.4882629107983,187.0,137.0,0.9,1.0,1.0,1.0,cerámica,pintura,corredera,estándar (2.4-2.8m),nada,4.0,3.2,convencional,"['#F2F2F2', '#A772A4', '#D2B48C']",buena,False,convencional,limitado,ninguno,ninguno,estándar,básica,ninguno,6.6,6.4,ninguna,5
https://www.tecnocasa.es/venta/casa/madrid/madrid/609363.html,1070000.0,4,229.0,2,"Agencia inmobiliaria de MADRID zona ARTURO SORIA – COLINA, OFRECE CHALET EN VENTA Y EN EXCLUSIVA.

¡Haz realidad el hogar de tus sueños en este espectacular chalet de lujo!

Te presentamos una vivienda de ensueño, distribuida en 4 plantas, diseñada para brindarte la máxima comodidad, amplitud y elegancia. Cada detalle ha sido cuidadosamente pensado para ofrecerte un estilo de vida inigualable. Descubre todo lo que este chalet exclusivo tiene para ti:

Primera planta:
Aquí te recibe un majestuoso salón equipado con aire acondicionado, conectado a un patio de 25 m² donde podrás disfrutar del aire libre y organizar eventos inolvidables. La cocina, amplia para poder realizar toda clase de elaboraciones, está completada por espacios de almacenamiento y un aseo.

Segunda planta:
En esta planta se encuentran dos habitaciones que combinan espacio y confort. La habitación principal es un verdadero espacio de descanso con un baño completo en suite. Además, tendrás otro baño completo para el resto de la familia.

Tercera planta:
La tercera planta ofrece dos habitaciones, un baño completo con un generoso espacio para diseñarlo a tu gusto y medida. Cuenta con una terraza cerrada de 8m2

Cuarta planta:
La cuarta planta ofrece un espacio muy amplio que organizar a tu gusto, bien sea para reconvertirlo en oficina, para adaptarlo como habitación principal o para crear un pequeño estudio dentro de la casa.

Cada estancia está equipada con aire acondicionado, las habitaciones disponen de armarios empotrados, y las ventanas de climalit aseguran el máximo aislamiento y tranquilidad. La calefacción individual por gas natural garantiza un confort ideal durante todo el año.

Además, incluye dos plazas de garaje completas y un trastero de 10m2 para garantizar un fácil aparcamiento y espacio de almacenaje adicional.

¡No pierdas esta oportunidad!
Este chalet lo tiene todo: espacio, lujo y confort en un entorno exclusivo. Agenda tu visita ahora y comienza a vivir el estilo de vida que mereces.

¡Te esperamos en Tecnocasa Arturo Soria para hacer de este chalet, tu nuevo hogar!",1,1,1,1,0,1,1,1,1,1,"['https://cdn-media.medialabtc.it/es/agencies/md082/estates/609363/images/8827322/gallery_media.jpeg', 'https://cdn-media.medialabtc.it/es/agencies/md082/estates/609363/images/8726160/gallery_media.jpeg', 'https://cdn-media.medialabtc.it/es/agencies/md082/estates/609363/images/8865289/gallery_media.jpeg', 'https://cdn-media.medialabtc.it/es/agencies/md082/estates/609363/images/8726154/gallery_media.jpeg', 'https://cdn-media.medialabtc.it/es/agencies/md082/estates/609363/images/8726171/gallery_media.jpeg', 'https://cdn-media.medialabtc.it/es/agencies/md082/estates/609363/images/8827323/gallery_media.jpeg', 'https://cdn-media.medialabtc.it/es/agencies/md082/estates/609363/images/8726168/gallery_media.jpeg', 'https://cdn-media.medialabtc.it/es/agencies/md082/estates/609363/images/8726173/gallery_media.jpeg', 'https://cdn-media.medialabtc.it/es/agencies/md082/estates/609363/images/8726164/gallery_media.jpeg', 'https://cdn-media.medialabtc.it/es/agencies/md082/estates/609363/images/8726174/gallery_media.jpeg', 'https://cdn-media.medialabtc.it/es/agencies/md082/estates/609363/images/8726162/gallery_media.jpeg', 'https://cdn-media.medialabtc.it/es/agencies/md082/estates/609363/images/8726161/gallery_media.jpeg', 'https://cdn-media.medialabtc.it/es/agencies/md082/estates/609363/images/8827320/gallery_media.jpeg', 'https://cdn-media.medialabtc.it/es/agencies/md082/estates/609363/images/8726153/gallery_media.jpeg', 'https://cdn-media.medialabtc.it/es/agencies/md082/estates/609363/images/8726165/gallery_media.jpeg', 'https://cdn-media.medialabtc.it/es/agencies/md082/estates/609363/images/8726170/gallery_media.jpeg', 'https://cdn-media.medialabtc.it/es/agencies/md082/estates/609363/images/8726169/gallery_media.jpeg', 'https://cdn-media.medialabtc.it/es/agencies/md082/estates/609363/images/8726175/gallery_media.jpeg', 'https://cdn-media.medialabtc.it/es/agencies/md082/estates/609363/images/8865288/gallery_media.jpeg', 'https://cdn-media.medialabtc.it/es/agencies/md082/estates/609363/images/8726166/gallery_media.jpeg', 'https://cdn-media.medialabtc.it/es/agencies/md082/estates/609363/images/8726156/gallery_media.jpeg', 'https://cdn-media.medialabtc.it/es/agencies/md082/estates/609363/images/8865290/gallery_media.jpeg', 'https://cdn-media.medialabtc.it/es/agencies/md082/estates/609363/images/8726163/gallery_media.jpeg', 'https://cdn-media.medialabtc.it/es/agencies/md082/estates/609363/images/8726157/gallery_media.jpeg', 'https://cdn-media.medialabtc.it/es/agencies/md082/estates/609363/images/8726167/gallery_media.jpeg', 'https://cdn-media.medialabtc.it/es/agencies/md082/estates/609363/images/8827321/gallery_media.jpeg', 'https://cdn-media.medialabtc.it/es/agencies/md082/estates/609363/images/8726155/gallery_media.jpeg']",0,Desconocido,1,1,0,1,0,E,1,0,"['imagenes_tecnocasa\\anuncio_1079\\0.jpeg', 'imagenes_tecnocasa\\anuncio_1079\\1.jpeg', 'imagenes_tecnocasa\\anuncio_1079\\2.jpeg', 'imagenes_tecnocasa\\anuncio_1079\\3.jpeg', 'imagenes_tecnocasa\\anuncio_1079\\4.jpeg', 'imagenes_tecnocasa\\anuncio_1079\\5.jpeg', 'imagenes_tecnocasa\\anuncio_1079\\6.jpeg', 'imagenes_tecnocasa\\anuncio_1079\\7.jpeg', 'imagenes_tecnocasa\\anuncio_1079\\8.jpeg', 'imagenes_tecnocasa\\anuncio_1079\\9.jpeg', 'imagenes_tecnocasa\\anuncio_1079\\10.jpeg', 'imagenes_tecnocasa\\anuncio_1079\\11.jpeg', 'imagenes_tecnocasa\\anuncio_1079\\12.jpeg', 'imagenes_tecnocasa\\anuncio_1079\\13.jpeg', 'imagenes_tecnocasa\\anuncio_1079\\14.jpeg', 'imagenes_tecnocasa\\anuncio_1079\\15.jpeg', 'imagenes_tecnocasa\\anuncio_1079\\16.jpeg', 'imagenes_tecnocasa\\anuncio_1079\\17.jpeg', 'imagenes_tecnocasa\\anuncio_1079\\18.jpeg', 'imagenes_tecnocasa\\anuncio_1079\\19.jpeg', 'imagenes_tecnocasa\\anuncio_1079\\20.jpeg', 'imagenes_tecnocasa\\anuncio_1079\\21.jpeg', 'imagenes_tecnocasa\\anuncio_1079\\22.jpeg', 'imagenes_tecnocasa\\anuncio_1079\\23.jpeg', 'imagenes_tecnocasa\\anuncio_1079\\24.jpeg', 'imagenes_tecnocasa\\anuncio_1079\\25.jpeg', 'imagenes_tecnocasa\\anuncio_1079\\26.jpeg']",1,Media,1995,1,0,0,casa,0,Madrid,"Hortaleza, Arturo Soria, Madrid",40.4167047,-3.7035825,1079,4672.489082969432,329.0,209.0,0.3666666666666667,0.6,2.0,0.0,cerámica,pintura,otro,estándar (2.4-2.8m),nada,4.0,5.0,clásico,"['#C0C0C0', '#ADD8E6', '#A0522D']",buena,False,convencional,normal,ninguno,ninguno,estándar,no visible,ninguno,6.6,6.8,ninguna,5
https://www.tecnocasa.es/venta/piso/madrid/madrid/617117.html,175000.0,2,57.0,1,"Agencia inmobiliaria de Madrid zona San Blas - Canillejas, Simancas Tecnocasa Desarrollo Simancas Slu
PISO EN VENTA PARA ACTUALIZAR EN EL BARRIO DE SIMANCAS
Es un piso de 57 metros distribuido en recibidor, salón amplio y luminoso, cocina independiente, dos habitaciones (anteriormente tres) , baño con bañera y terraza

El piso dispone de, ventanas de aluminio, suelo de ceramica y puertas de madera.

Es una segunda planta.

El piso se encuentra cerca de la avenida de Garcia Noblejas.

Tiene una excelente comunicación mediante el transporte público con las paradas de metro de Simancas y Garcia Noblejas a menos de cinco minutos, así como tambien de diversos comercios como bares, farmacias, supermercados, tambien cuenta con colegios e iglesia en sus cercanías. Cuenta con los accesos a la M-30 y M-40 a menos de cinco minutos.",1,0,1,1,1,1,1,1,1,1,"['https://cdn-media.medialabtc.it/es/agencies/md006/estates/617117/images/8891556/gallery_media.jpeg', 'https://cdn-media.medialabtc.it/es/agencies/md006/estates/617117/images/8891553/gallery_media.jpeg', 'https://cdn-media.medialabtc.it/es/agencies/md006/estates/617117/images/8891554/gallery_media.jpeg', 'https://cdn-media.medialabtc.it/es/agencies/md006/estates/617117/images/8891558/gallery_media.jpeg', 'https://cdn-media.medialabtc.it/es/agencies/md006/estates/617117/images/8891555/gallery_media.jpeg', 'https://cdn-media.medialabtc.it/es/agencies/md006/estates/617117/images/8891561/gallery_media.jpeg', 'https://cdn-media.medialabtc.it/es/agencies/md006/estates/617117/images/8891598/gallery_media.jpeg', 'https://cdn-media.medialabtc.it/es/agencies/md006/estates/617117/images/8891567/gallery_media.jpeg', 'https://cdn-media.medialabtc.it/es/agencies/md006/estates/617117/images/8891557/gallery_media.jpeg', 'https://cdn-media.medialabtc.it/es/agencies/md006/estates/617117/images/8891566/gallery_media.jpeg', 'https://cdn-media.medialabtc.it/es/agencies/md006/estates/617117/images/8891559/gallery_media.jpeg', 'https://cdn-media.medialabtc.it/es/agencies/md006/estates/617117/images/8891568/gallery_media.jpeg', 'https://cdn-media.medialabtc.it/es/agencies/md006/estates/617117/images/8891564/gallery_media.jpeg', 'https://cdn-media.medialabtc.it/es/agencies/md006/estates/617117/images/8891562/gallery_media.jpeg', 'https://cdn-media.medialabtc.it/es/agencies/md006/estates/617117/images/8891563/gallery_media.jpeg']",0,Desconocido,0,0,0,1,0,E,0,0,"['imagenes_tecnocasa\\anuncio_1080\\0.jpeg', 'imagenes_tecnocasa\\anuncio_1080\\1.jpeg', 'imagenes_tecnocasa\\anuncio_1080\\2.jpeg', 'imagenes_tecnocasa\\anuncio_1080\\3.jpeg', 'imagenes_tecnocasa\\anuncio_1080\\4.jpeg', 'imagenes_tecnocasa\\anuncio_1080\\5.jpeg', 'imagenes_tecnocasa\\anuncio_1080\\6.jpeg', 'imagenes_tecnocasa\\anuncio_1080\\7.jpeg', 'imagenes_tecnocasa\\anuncio_1080\\8.jpeg', 'imagenes_tecnocasa\\anuncio_1080\\9.jpeg', 'imagenes_tecnocasa\\anuncio_1080\\10.jpeg', 'imagenes_tecnocasa\\anuncio_1080\\11.jpeg', 'imagenes_tecnocasa\\anuncio_1080\\12.jpeg', 'imagenes_tecnocasa\\anuncio_1080\\13.jpeg', 'imagenes_tecnocasa\\anuncio_1080\\14.jpeg']",0,Popular,1960,0,0,0,piso,3,Madrid,"Simancas, Madrid",40.4167047,-3.7035825,1080,3070.1754385964914,134.0,99.0,0.0,0.0,2.0,0.0,cerámica,pintura,corredera,estándar (2.4-2.8m),nada,3.2,2.6,convencional,"['#A0522D', '#F5F5DC', '#FFFFFF']",regular,False,convencional,limitado,ninguno,ninguno,estándar,básica,ninguno,6.4,5.8,ninguna,5
https://www.tecnocasa.es/venta/piso/madrid/madrid/617406.html,239000.0,3,80.0,1,"Agencia inmobiliaria de MADRID zona AVIACION ESPAÑOLA CUATRO VIENTOS Oficina TECNOCASA vende piso en PARQUE EUROPA - CALLE FRAY JOSE DE CERDEIRIÑA.

Sexta planta con ASCENSOR de 80m2:

- Entrada / Recibidor.
- 3 habitaciones.
- 1 baño.
- Salón amplio y luminoso con acceso a la terraza abierta.
- Cocina totalmente equipada con terraza cerrada / lavandería.
- Orientación Sur - Oeste.
- Armarios empotrados.
- Suelo de tarima.
- Aire acondicionado.

La vivienda se encuentra muy bien comunicada con todo tipo de transporte público, zona de fácil aparcamiento y estaciones de BiciMad alrededores.

Se comunica fácilmente con la carretera A5 y con la M40. A 2 minutos de la estación de Metro AVIACION ESPAÑOLA (Línea 10) y a 4 minutos de la estación de Cercanías LAS AGUILAS (C5), paradas de autobús EMT cercanas 17, 39, 139, 34. La zona cuenta con todos los servicios, centro comercial, colegios, parroquia, etc.

Para más información contacta con nosotros sin ningún tipo de compromiso donde podrá informarte uno de nuestros asesores financieros de Kiron.

PIDE MAS INFORMACION - Avenida de las Aguilas 86, Local, 28044 .",1,1,0,1,1,0,1,1,0,1,"['https://cdn-media.medialabtc.it/es/agencies/mdaa7/estates/617406/images/8894044/gallery_media.jpeg', 'https://cdn-media.medialabtc.it/es/agencies/mdaa7/estates/617406/images/8894043/gallery_media.jpeg', 'https://cdn-media.medialabtc.it/es/agencies/mdaa7/estates/617406/images/8894054/gallery_media.jpeg', 'https://cdn-media.medialabtc.it/es/agencies/mdaa7/estates/617406/images/8894042/gallery_media.jpeg', 'https://cdn-media.medialabtc.it/es/agencies/mdaa7/estates/617406/images/8894041/gallery_media.jpeg', 'https://cdn-media.medialabtc.it/es/agencies/mdaa7/estates/617406/images/8894046/gallery_media.jpeg', 'https://cdn-media.medialabtc.it/es/agencies/mdaa7/estates/617406/images/8894035/gallery_media.jpeg', 'https://cdn-media.medialabtc.it/es/agencies/mdaa7/estates/617406/images/8894048/gallery_media.jpeg', 'https://cdn-media.medialabtc.it/es/agencies/mdaa7/estates/617406/images/8894052/gallery_media.jpeg', 'https://cdn-media.medialabtc.it/es/agencies/mdaa7/estates/617406/images/8894045/gallery_media.jpeg', 'https://cdn-media.medialabtc.it/es/agencies/mdaa7/estates/617406/images/8894049/gallery_media.jpeg', 'https://cdn-media.medialabtc.it/es/agencies/mdaa7/estates/617406/images/8894050/gallery_media.jpeg', 'https://cdn-media.medialabtc.it/es/agencies/mdaa7/estates/617406/images/8894039/gallery_media.jpeg', 'https://cdn-media.medialabtc.it/es/agencies/mdaa7/estates/617406/images/8894036/gallery_media.jpeg', 'https://cdn-media.medialabtc.it/es/agencies/mdaa7/estates/617406/images/8894038/gallery_media.jpeg', 'https://cdn-media.medialabtc.it/es/agencies/mdaa7/estates/617406/images/8894040/gallery_media.jpeg', 'https://cdn-media.medialabtc.it/es/agencies/mdaa7/estates/617406/images/8894053/gallery_media.jpeg', 'https://cdn-media.medialabtc.it/es/agencies/mdaa7/estates/617406/images/8894037/gallery_media.jpeg', 'https://cdn-media.medialabtc.it/es/agencies/mdaa7/estates/617406/images/8894047/gallery_media.jpeg']",0,Desconocido,1,0,0,1,0,F,0,0,"['imagenes_tecnocasa\\anuncio_1083\\0.jpeg', 'imagenes_tecnocasa\\anuncio_1083\\1.jpeg', 'imagenes_tecnocasa\\anuncio_1083\\2.jpeg', 'imagenes_tecnocasa\\anuncio_1083\\3.jpeg', 'imagenes_tecnocasa\\anuncio_1083\\4.jpeg', 'imagenes_tecnocasa\\anuncio_1083\\5.jpeg', 'imagenes_tecnocasa\\anuncio_1083\\6.jpeg', 'imagenes_tecnocasa\\anuncio_1083\\7.jpeg', 'imagenes_tecnocasa\\anuncio_1083\\8.jpeg', 'imagenes_tecnocasa\\anuncio_1083\\9.jpeg', 'imagenes_tecnocasa\\anuncio_1083\\10.jpeg', 'imagenes_tecnocasa\\anuncio_1083\\11.jpeg', 'imagenes_tecnocasa\\anuncio_1083\\12.jpeg', 'imagenes_tecnocasa\\anuncio_1083\\13.jpeg', 'imagenes_tecnocasa\\anuncio_1083\\14.jpeg', 'imagenes_tecnocasa\\anuncio_1083\\15.jpeg', 'imagenes_tecnocasa\\anuncio_1083\\16.jpeg', 'imagenes_tecnocasa\\anuncio_1083\\17.jpeg', 'imagenes_tecnocasa\\anuncio_1083\\18.jpeg']",1,Popular,1970,0,0,0,piso,3,Cuatro Vientos,"Las Aguilas - Cuatro Vientos, Madrid",40.3712412,-3.7824038,1083,2987.5,184.0,134.0,0.0,0.0,2.0,0.0,cerámica,pintura,corredera,estándar (2.4-2.8m),nada,4.0,3.6,clásico,"['#F2F2F2', '#D3D3D3', '#A9A9A9']",regular,False,convencional,normal,ninguno,ninguno,estándar,parcialmente equipada,ninguno,6.4,7.0,ninguna,5
https://www.tecnocasa.es/venta/piso/madrid/madrid/609645.html,217000.0,3,71.0,1,"Descubre esta acogedora vivienda en el barrio de Ventas, dentro del distrito de Ciudad Lineal, Madrid. Con una superficie de 71 m², este piso ofrece un espacio funcional y bien distribuido, ideal para familias o parejas que buscan comodidad y accesibilidad. La propiedad cuenta con tres dormitorios, perfectos para adaptarse a tus necesidades personales o familiares. El baño está diseñado para ofrecer practicidad y confort. Construido en 1960, el edificio mantiene su encanto original y está equipado con ascensor, facilitando el acceso a todas las plantas. La ubicación es excelente, con fácil acceso a servicios, transporte público, tiendas y áreas recreativas, lo que garantiza una vida urbana cómoda y conectada. Esta es una oportunidad para adquirir una vivienda en una zona popular de Madrid, donde podrás disfrutar de un entorno tranquilo sin renunciar a las ventajas de la ciudad. ¡Contáctanos para más información!",1,0,1,1,1,1,0,1,1,1,"['https://cdn-media.medialabtc.it/es/agencies/mdaq4/estates/609645/images/8925537/gallery_media.jpeg', 'https://cdn-media.medialabtc.it/es/agencies/mdaq4/estates/609645/images/8925536/gallery_media.jpeg', 'https://cdn-media.medialabtc.it/es/agencies/mdaq4/estates/609645/images/8925533/gallery_media.jpeg', 'https://cdn-media.medialabtc.it/es/agencies/mdaq4/estates/609645/images/8925534/gallery_media.jpeg', 'https://cdn-media.medialabtc.it/es/agencies/mdaq4/estates/609645/images/8925539/gallery_media.jpeg', 'https://cdn-media.medialabtc.it/es/agencies/mdaq4/estates/609645/images/8925540/gallery_media.jpeg', 'https://cdn-media.medialabtc.it/es/agencies/mdaq4/estates/609645/images/8925531/gallery_media.jpeg', 'https://cdn-media.medialabtc.it/es/agencies/mdaq4/estates/609645/images/8925532/gallery_media.jpeg', 'https://cdn-media.medialabtc.it/es/agencies/mdaq4/estates/609645/images/8925538/gallery_media.jpeg', 'https://cdn-media.medialabtc.it/es/agencies/mdaq4/estates/609645/images/8925535/gallery_media.jpeg']",0,Desconocido,0,0,0,0,0,Desconocida,1,0,"['imagenes_tecnocasa\\anuncio_1084\\0.jpeg', 'imagenes_tecnocasa\\anuncio_1084\\1.jpeg', 'imagenes_tecnocasa\\anuncio_1084\\2.jpeg', 'imagenes_tecnocasa\\anuncio_1084\\3.jpeg', 'imagenes_tecnocasa\\anuncio_1084\\4.jpeg', 'imagenes_tecnocasa\\anuncio_1084\\5.jpeg', 'imagenes_tecnocasa\\anuncio_1084\\6.jpeg', 'imagenes_tecnocasa\\anuncio_1084\\7.jpeg', 'imagenes_tecnocasa\\anuncio_1084\\8.jpeg', 'imagenes_tecnocasa\\anuncio_1084\\9.jpeg']",0,Popular,1960,1,0,1,piso,2,Madrid,"Ventas, Madrid",40.4167047,-3.7035825,1084,3056.3380281690143,143.0,107.0,0.6749999999999999,0.8833333333333333,1.0,1.0,parquet,pintura,corredera,estándar (2.4-2.8m),nada,3.8,2.4,clásico,"['#A0522D', '#DEB887', '#FFF8DC']",regular,False,convencional,limitado,ninguno,ninguno,estándar,básica,ninguno,6.4,6.2,ninguna,5
https://www.tecnocasa.es/venta/piso/madrid/leganes/486850.html,136000.0,2,53.0,1,"Agencia inmobiliaria de LEGANÉS zona LA FORTUNA Oficina Tecnocasa:
EN VENTA PISO CON INQUILINO: Piso BAJO con muy cómodo acceso, ideal para personas mayores, o con movilidad reducida. Muy luminoso con una excelente ubicación, exterior, descrito de entrada, salón comedor, cocina, dos amplios dormitorios, baño con bañera.
El inmueble se encuentra alquilado actualmente. Contactanos para ampliar información.
Excelente ubicación, cercano a paradas de autobuses, estación de Metro Madrid La Fortuna Línea 11, centro de salud, centros educativos e innumerables comercios.
Asesoramiento financiero sin compromiso, contamos con Kìron, la red de intermediación en servicios financieros del Grupo Tecnocasa, que te ayudará a buscar la hipoteca necesaria para adquirir el inmueble. Te ayudamos a conseguir las mejores condiciones con las entidades bancarias.
¡Contacta con nosotros y programaremos una visita'.",1,1,1,1,1,1,1,1,1,1,"['https://cdn-media.medialabtc.it/es/agencies/md522/estates/486850/images/8913021/gallery_media.jpeg', 'https://cdn-media.medialabtc.it/es/agencies/md522/estates/486850/images/8913013/gallery_media.jpeg', 'https://cdn-media.medialabtc.it/es/agencies/md522/estates/486850/images/8913020/gallery_media.jpeg', 'https://cdn-media.medialabtc.it/es/agencies/md522/estates/486850/images/8913090/gallery_media.jpeg', 'https://cdn-media.medialabtc.it/es/agencies/md522/estates/486850/images/8913014/gallery_media.jpeg', 'https://cdn-media.medialabtc.it/es/agencies/md522/estates/486850/images/8913011/gallery_media.jpeg', 'https://cdn-media.medialabtc.it/es/agencies/md522/estates/486850/images/8913086/gallery_media.jpeg', 'https://cdn-media.medialabtc.it/es/agencies/md522/estates/486850/images/8913088/gallery_media.jpeg', 'https://cdn-media.medialabtc.it/es/agencies/md522/estates/486850/images/8913018/gallery_media.jpeg', 'https://cdn-media.medialabtc.it/es/agencies/md522/estates/486850/images/8913017/gallery_media.jpeg', 'https://cdn-media.medialabtc.it/es/agencies/md522/estates/486850/images/8913015/gallery_media.jpeg', 'https://cdn-media.medialabtc.it/es/agencies/md522/estates/486850/images/8913083/gallery_media.jpeg', 'https://cdn-media.medialabtc.it/es/agencies/md522/estates/486850/images/8913082/gallery_media.jpeg', 'https://cdn-media.medialabtc.it/es/agencies/md522/estates/486850/images/8913087/gallery_media.jpeg', 'https://cdn-media.medialabtc.it/es/agencies/md522/estates/486850/images/8913012/gallery_media.jpeg', 'https://cdn-media.medialabtc.it/es/agencies/md522/estates/486850/images/8913085/gallery_media.jpeg', 'https://cdn-media.medialabtc.it/es/agencies/md522/estates/486850/images/8913089/gallery_media.jpeg', 'https://cdn-media.medialabtc.it/es/agencies/md522/estates/486850/images/8913019/gallery_media.jpeg', 'https://cdn-media.medialabtc.it/es/agencies/md522/estates/486850/images/8913016/gallery_media.jpeg', 'https://cdn-media.medialabtc.it/es/agencies/md522/estates/486850/images/8913084/gallery_media.jpeg', 'https://cdn-media.medialabtc.it/es/agencies/md522/estates/486850/images/8913010/gallery_media.jpeg']",0,Desconocido,0,0,0,0,0,Desconocida,0,0,"['imagenes_tecnocasa\\anuncio_1085\\0.jpeg', 'imagenes_tecnocasa\\anuncio_1085\\1.jpeg', 'imagenes_tecnocasa\\anuncio_1085\\2.jpeg', 'imagenes_tecnocasa\\anuncio_1085\\3.jpeg', 'imagenes_tecnocasa\\anuncio_1085\\4.jpeg', 'imagenes_tecnocasa\\anuncio_1085\\5.jpeg', 'imagenes_tecnocasa\\anuncio_1085\\6.jpeg', 'imagenes_tecnocasa\\anuncio_1085\\7.jpeg', 'imagenes_tecnocasa\\anuncio_1085\\8.jpeg', 'imagenes_tecnocasa\\anuncio_1085\\9.jpeg', 'imagenes_tecnocasa\\anuncio_1085\\10.jpeg', 'imagenes_tecnocasa\\anuncio_1085\\11.jpeg', 'imagenes_tecnocasa\\anuncio_1085\\12.jpeg', 'imagenes_tecnocasa\\anuncio_1085\\13.jpeg', 'imagenes_tecnocasa\\anuncio_1085\\14.jpeg', 'imagenes_tecnocasa\\anuncio_1085\\15.jpeg', 'imagenes_tecnocasa\\anuncio_1085\\16.jpeg', 'imagenes_tecnocasa\\anuncio_1085\\17.jpeg', 'imagenes_tecnocasa\\anuncio_1085\\18.jpeg', 'imagenes_tecnocasa\\anuncio_1085\\19.jpeg', 'imagenes_tecnocasa\\anuncio_1085\\20.jpeg']",0,Media,1970,0,0,0,piso,1,Leganés,Leganés,40.3281942,-3.76527,1085,2566.0377358490564,127.0,108.0,0.45,0.5,2.0,1.0,otro,pintura,corredera,estándar (2.4-2.8m),nada,3.2,3.4,moderno,"['#FFFFFF', '#000000', '#D3D3D3']",regular,False,convencional,limitado,ninguno,ninguno,estándar,básica,ninguno,5.4,5.4,ninguna,5
https://www.tecnocasa.es/venta/piso/madrid/valdemoro/615514.html,357000.0,3,104.0,2,"Agencia inmobiliaria de VALDEMORO - zona HOSPITAL - BREZO - Oficina Tecnocasa VENDE espectacular piso en zona HOSPITAL.
¡No pierdas esta oportunidad en Valdemoro!
Te presentamos un piso de 3 dormitorios y 2 cuartos de baño.
La vivienda está distribuida de la siguiente manera: entrada, cocina amplia y amueblada, salón independiente amplio y luminoso con acceso a terraza, pasillo distribuidor con amplios armarios, 3 dormitorios con armarios empotrados forrados y vestidos y 2 baños completos, uno de estos en suite.
La vivienda también tiene plaza de garaje y trastero. Urbanización con piscina y parque infantil.
Se desconoce el funcionamiento de la caldera, ya que nunca se ha usado.
Este piso está ubicado en la zona del Centro de Valdemoro, una zona tranquila y con acceso a todos los servicios: hospitales, colegios, supermercados y transporte público.
¡Haz de este piso tu nuevo hogar!
¡VEN A VER LA CASA DE TUS SUEÑOS!
Vivienda amplia y luminosa, cuenta con doble orientación sureste y noroeste, por lo tanto tenemos luz de mañana como de tarde.
No dude en llamarnos para concertar su cita para visitar el inmueble en la que además recibirá el asesoramiento gratuito de nuestro departamento financiero KÌRON.",0,1,1,1,0,1,1,1,0,1,"['https://cdn-media.medialabtc.it/es/agencies/mdbe4/estates/615514/images/8852932/gallery_media.jpeg', 'https://cdn-media.medialabtc.it/es/agencies/mdbe4/estates/615514/images/8852921/gallery_media.jpeg', 'https://cdn-media.medialabtc.it/es/agencies/mdbe4/estates/615514/images/8852925/gallery_media.jpeg', 'https://cdn-media.medialabtc.it/es/agencies/mdbe4/estates/615514/images/8900440/gallery_media.jpeg', 'https://cdn-media.medialabtc.it/es/agencies/mdbe4/estates/615514/images/8852945/gallery_media.jpeg', 'https://cdn-media.medialabtc.it/es/agencies/mdbe4/estates/615514/images/8900485/gallery_media.jpeg', 'https://cdn-media.medialabtc.it/es/agencies/mdbe4/estates/615514/images/8852944/gallery_media.jpeg', 'https://cdn-media.medialabtc.it/es/agencies/mdbe4/estates/615514/images/8852942/gallery_media.jpeg', 'https://cdn-media.medialabtc.it/es/agencies/mdbe4/estates/615514/images/8852923/gallery_media.jpeg', 'https://cdn-media.medialabtc.it/es/agencies/mdbe4/estates/615514/images/8900483/gallery_media.jpeg', 'https://cdn-media.medialabtc.it/es/agencies/mdbe4/estates/615514/images/8852927/gallery_media.jpeg', 'https://cdn-media.medialabtc.it/es/agencies/mdbe4/estates/615514/images/8852922/gallery_media.jpeg', 'https://cdn-media.medialabtc.it/es/agencies/mdbe4/estates/615514/images/8852933/gallery_media.jpeg', 'https://cdn-media.medialabtc.it/es/agencies/mdbe4/estates/615514/images/8900484/gallery_media.jpeg', 'https://cdn-media.medialabtc.it/es/agencies/mdbe4/estates/615514/images/8852920/gallery_media.jpeg', 'https://cdn-media.medialabtc.it/es/agencies/mdbe4/estates/615514/images/8852924/gallery_media.jpeg', 'https://cdn-media.medialabtc.it/es/agencies/mdbe4/estates/615514/images/8900482/gallery_media.jpeg', 'https://cdn-media.medialabtc.it/es/agencies/mdbe4/estates/615514/images/8852929/gallery_media.jpeg', 'https://cdn-media.medialabtc.it/es/agencies/mdbe4/estates/615514/images/8852928/gallery_media.jpeg', 'https://cdn-media.medialabtc.it/es/agencies/mdbe4/estates/615514/images/8852901/gallery_media.jpeg', 'https://cdn-media.medialabtc.it/es/agencies/mdbe4/estates/615514/images/8900441/gallery_media.jpeg', 'https://cdn-media.medialabtc.it/es/agencies/mdbe4/estates/615514/images/8852934/gallery_media.jpeg', 'https://cdn-media.medialabtc.it/es/agencies/mdbe4/estates/615514/images/8852943/gallery_media.jpeg']",0,Desconocido,1,1,1,1,0,E,0,1,"['imagenes_tecnocasa\\anuncio_1086\\0.jpeg', 'imagenes_tecnocasa\\anuncio_1086\\1.jpeg', 'imagenes_tecnocasa\\anuncio_1086\\2.jpeg', 'imagenes_tecnocasa\\anuncio_1086\\3.jpeg', 'imagenes_tecnocasa\\anuncio_1086\\4.jpeg', 'imagenes_tecnocasa\\anuncio_1086\\5.jpeg', 'imagenes_tecnocasa\\anuncio_1086\\6.jpeg', 'imagenes_tecnocasa\\anuncio_1086\\7.jpeg', 'imagenes_tecnocasa\\anuncio_1086\\8.jpeg', 'imagenes_tecnocasa\\anuncio_1086\\9.jpeg', 'imagenes_tecnocasa\\anuncio_1086\\10.jpeg', 'imagenes_tecnocasa\\anuncio_1086\\11.jpeg', 'imagenes_tecnocasa\\anuncio_1086\\12.jpeg', 'imagenes_tecnocasa\\anuncio_1086\\13.jpeg', 'imagenes_tecnocasa\\anuncio_1086\\14.jpeg', 'imagenes_tecnocasa\\anuncio_1086\\15.jpeg', 'imagenes_tecnocasa\\anuncio_1086\\16.jpeg', 'imagenes_tecnocasa\\anuncio_1086\\17.jpeg', 'imagenes_tecnocasa\\anuncio_1086\\18.jpeg', 'imagenes_tecnocasa\\anuncio_1086\\19.jpeg', 'imagenes_tecnocasa\\anuncio_1086\\20.jpeg', 'imagenes_tecnocasa\\anuncio_1086\\21.jpeg', 'imagenes_tecnocasa\\anuncio_1086\\22.jpeg']",0,Popular,2008,0,0,1,piso,2,Valdemoro,Valdemoro,40.1888604,-3.67143,1086,3432.6923076923076,196.0,141.0,0.0,0.0,2.0,0.0,parquet,pintura,otro,estándar (2.4-2.8m),nada,4.0,5.2,convencional,"['#D2B48C', '#F5F5DC', '#A0522D']",regular,False,convencional,normal,ninguno,ninguno,estándar,básica,ninguno,6.4,7.0,ninguna,5
https://www.tecnocasa.es/venta/piso/madrid/madrid/616649.html,239000.0,3,62.0,1,"agencia inmobiliaria de MADRID zona SAN BLAS - CANILLEJAS Oficina Tecnocasa:
TECNOCASA Estudio Inmobiliario Torre Arias VENDE: Piso de 62 m² para reformar, con tres dormitorios, salón, cocina y un baño con bañera. Situado en la tercera planta de un edificio bien conservado desde 1960, este piso exterior garantiza luz natural durante todo el día.

La ubicación es inmejorable: a pocos pasos de la calle Alcalá y a menos de 5 minutos andando de la estación del metro Torre Arias (linea 5). Además, en los alrededores encontrarás todo lo que necesitas supermercados, bares, restaurantes, peluquerias, farmacias, clinicas dentales, inmobiliarias, colegios, institutos, papelerias, comercios, loterias, entidades bancarias, agencias de viajes, floristerias, fruterias y muchos locales más.

No pierdas la oportunidad de vivir en una zona con todas las comodidades a tu alcance. Consulta sobre condiciones para hipoteca a través de nuestro departamento de intermediación financiera KÍRON de forma gratuita. ¡Ven a visitarlo!",1,0,1,1,1,1,0,1,1,1,"['https://cdn-media.medialabtc.it/es/agencies/md086/estates/616649/images/8875622/gallery_media.jpeg', 'https://cdn-media.medialabtc.it/es/agencies/md086/estates/616649/images/8875626/gallery_media.jpeg', 'https://cdn-media.medialabtc.it/es/agencies/md086/estates/616649/images/8875601/gallery_media.jpeg', 'https://cdn-media.medialabtc.it/es/agencies/md086/estates/616649/images/8875636/gallery_media.jpeg', 'https://cdn-media.medialabtc.it/es/agencies/md086/estates/616649/images/8875599/gallery_media.jpeg', 'https://cdn-media.medialabtc.it/es/agencies/md086/estates/616649/images/8875635/gallery_media.jpeg', 'https://cdn-media.medialabtc.it/es/agencies/md086/estates/616649/images/8875633/gallery_media.jpeg', 'https://cdn-media.medialabtc.it/es/agencies/md086/estates/616649/images/8875600/gallery_media.jpeg', 'https://cdn-media.medialabtc.it/es/agencies/md086/estates/616649/images/8875627/gallery_media.jpeg', 'https://cdn-media.medialabtc.it/es/agencies/md086/estates/616649/images/8875631/gallery_media.jpeg', 'https://cdn-media.medialabtc.it/es/agencies/md086/estates/616649/images/8875623/gallery_media.jpeg', 'https://cdn-media.medialabtc.it/es/agencies/md086/estates/616649/images/8875629/gallery_media.jpeg', 'https://cdn-media.medialabtc.it/es/agencies/md086/estates/616649/images/8875632/gallery_media.jpeg', 'https://cdn-media.medialabtc.it/es/agencies/md086/estates/616649/images/8875628/gallery_media.jpeg', 'https://cdn-media.medialabtc.it/es/agencies/md086/estates/616649/images/8875634/gallery_media.jpeg', 'https://cdn-media.medialabtc.it/es/agencies/md086/estates/616649/images/8875625/gallery_media.jpeg', 'https://cdn-media.medialabtc.it/es/agencies/md086/estates/616649/images/8875630/gallery_media.jpeg', 'https://cdn-media.medialabtc.it/es/agencies/md086/estates/616649/images/8875624/gallery_media.jpeg']",0,Desconocido,0,0,0,0,0,D,0,0,"['imagenes_tecnocasa\\anuncio_1091\\0.jpeg', 'imagenes_tecnocasa\\anuncio_1091\\1.jpeg', 'imagenes_tecnocasa\\anuncio_1091\\2.jpeg', 'imagenes_tecnocasa\\anuncio_1091\\3.jpeg', 'imagenes_tecnocasa\\anuncio_1091\\4.jpeg', 'imagenes_tecnocasa\\anuncio_1091\\5.jpeg', 'imagenes_tecnocasa\\anuncio_1091\\6.jpeg', 'imagenes_tecnocasa\\anuncio_1091\\7.jpeg', 'imagenes_tecnocasa\\anuncio_1091\\8.jpeg', 'imagenes_tecnocasa\\anuncio_1091\\9.jpeg', 'imagenes_tecnocasa\\anuncio_1091\\10.jpeg', 'imagenes_tecnocasa\\anuncio_1091\\11.jpeg', 'imagenes_tecnocasa\\anuncio_1091\\12.jpeg', 'imagenes_tecnocasa\\anuncio_1091\\13.jpeg', 'imagenes_tecnocasa\\anuncio_1091\\14.jpeg', 'imagenes_tecnocasa\\anuncio_1091\\15.jpeg', 'imagenes_tecnocasa\\anuncio_1091\\16.jpeg', 'imagenes_tecnocasa\\anuncio_1091\\17.jpeg']",0,Media,1960,1,0,1,piso,3,Madrid,"San Blas, Canillejas, Madrid",40.4167047,-3.7035825,1091,3854.8387096774195,151.0,122.0,0.125,0.4,0.0,0.0,cerámica,pintura,corredera,estándar (2.4-2.8m),nada,2.8,2.0,clásico,"['#F5F5DC', '#DEB887', '#FFFFFF']",regular,False,convencional,limitado,ninguno,ninguno,básico,básica,ninguno,6.0,6.4,ninguna,5
https://www.tecnocasa.es/venta/piso/madrid/madrid/618391.html,263000.0,3,124.0,2,"Inmobiliaria en Santa Eugenia - Tecnocasa Estudio Nuevo Vallecas 2022 Sl. Vende inmueble de 124 metros cuadrados construidos en la zona de la Uva, Villa de Vallecas, Madrid.

Una 8va planta, totalmente exterior. Compuesto de 4 dormitorios, dos baños completo con plato de ducha, cocina independiente amplia y espaciosa y salón independiente, todas las ventanas de climalit - oscilobatiente, paredes de gotelé. Dispone de una terraza cubierta integrada al salón y tendedero. EL PISO SE ENCUENTRA PARA ENTRAR A VIVIR.

Muy buena ubicación y orientación.

Orientación Norte y sur. ¡A menos de 7 minutos andando del METRO VILLA DE VALLECAS!

Cerca de paradas de autobús, líneas: 58, 35, 14, 29. Excelente ubicación próxima a zonas verdes, parques y áreas de juegos, cerca de centro sanitario, farmacia y supermercados, entre otros. Muy próximo a la Escuela de Educación Infantil Arco Iris.

El inmueble se encuentra situado muy cerca del Hospital infanta Leonor. Es una zona muy bien comunicada, con comercios, colegios, zonas verdes, polideportivo.

Le buscamos la hipoteca hasta el 100%. Los profesionales Kiron, gracias a un profundo conocimiento del mercado bancario, le ayudan a encontrar la solución hipotecaria que mejor se adapte a sus preferencias'.",1,1,1,1,0,1,1,1,1,1,"['https://cdn-media.medialabtc.it/es/agencies/md087/estates/618391/images/8915249/gallery_media.jpeg', 'https://cdn-media.medialabtc.it/es/agencies/md087/estates/618391/images/8915250/gallery_media.jpeg', 'https://cdn-media.medialabtc.it/es/agencies/md087/estates/618391/images/8915261/gallery_media.jpeg', 'https://cdn-media.medialabtc.it/es/agencies/md087/estates/618391/images/8915245/gallery_media.jpeg', 'https://cdn-media.medialabtc.it/es/agencies/md087/estates/618391/images/8915251/gallery_media.jpeg', 'https://cdn-media.medialabtc.it/es/agencies/md087/estates/618391/images/8915236/gallery_media.jpeg', 'https://cdn-media.medialabtc.it/es/agencies/md087/estates/618391/images/8915246/gallery_media.jpeg', 'https://cdn-media.medialabtc.it/es/agencies/md087/estates/618391/images/8915260/gallery_media.jpeg', 'https://cdn-media.medialabtc.it/es/agencies/md087/estates/618391/images/8915248/gallery_media.jpeg', 'https://cdn-media.medialabtc.it/es/agencies/md087/estates/618391/images/8915255/gallery_media.jpeg', 'https://cdn-media.medialabtc.it/es/agencies/md087/estates/618391/images/8915252/gallery_media.jpeg', 'https://cdn-media.medialabtc.it/es/agencies/md087/estates/618391/images/8915256/gallery_media.jpeg', 'https://cdn-media.medialabtc.it/es/agencies/md087/estates/618391/images/8915257/gallery_media.jpeg', 'https://cdn-media.medialabtc.it/es/agencies/md087/estates/618391/images/8915247/gallery_media.jpeg', 'https://cdn-media.medialabtc.it/es/agencies/md087/estates/618391/images/8915253/gallery_media.jpeg', 'https://cdn-media.medialabtc.it/es/agencies/md087/estates/618391/images/8915244/gallery_media.jpeg', 'https://cdn-media.medialabtc.it/es/agencies/md087/estates/618391/images/8915259/gallery_media.jpeg', 'https://cdn-media.medialabtc.it/es/agencies/md087/estates/618391/images/8915243/gallery_media.jpeg', 'https://cdn-media.medialabtc.it/es/agencies/md087/estates/618391/images/8915254/gallery_media.jpeg']",0,Desconocido,0,0,0,1,0,Desconocida,0,0,"['imagenes_tecnocasa\\anuncio_1093\\0.jpeg', 'imagenes_tecnocasa\\anuncio_1093\\1.jpeg', 'imagenes_tecnocasa\\anuncio_1093\\2.jpeg', 'imagenes_tecnocasa\\anuncio_1093\\3.jpeg', 'imagenes_tecnocasa\\anuncio_1093\\4.jpeg', 'imagenes_tecnocasa\\anuncio_1093\\5.jpeg', 'imagenes_tecnocasa\\anuncio_1093\\6.jpeg', 'imagenes_tecnocasa\\anuncio_1093\\7.jpeg', 'imagenes_tecnocasa\\anuncio_1093\\8.jpeg', 'imagenes_tecnocasa\\anuncio_1093\\9.jpeg', 'imagenes_tecnocasa\\anuncio_1093\\10.jpeg', 'imagenes_tecnocasa\\anuncio_1093\\11.jpeg', 'imagenes_tecnocasa\\anuncio_1093\\12.jpeg', 'imagenes_tecnocasa\\anuncio_1093\\13.jpeg', 'imagenes_tecnocasa\\anuncio_1093\\14.jpeg', 'imagenes_tecnocasa\\anuncio_1093\\15.jpeg', 'imagenes_tecnocasa\\anuncio_1093\\16.jpeg', 'imagenes_tecnocasa\\anuncio_1093\\17.jpeg', 'imagenes_tecnocasa\\anuncio_1093\\18.jpeg']",0,Popular,1985,0,0,0,piso,8,Madrid,"Santa Eugenia, Madrid",40.4167047,-3.7035825,1093,2120.967741935484,195.0,152.0,0.0,0.0,0.0,0.0,otro,pintura,corredera,estándar (2.4-2.8m),nada,3.6,3.8,convencional,"['#F2F2F2', '#66CDAA', '#FFFFFF']",buena,False,convencional,limitado,ninguno,ninguno,estándar,básica,ninguno,6.8,5.8,ninguna,5
https://www.tecnocasa.es/venta/casa/madrid/madrid/613844.html,800000.0,3,419.0,2,"Agencia inmobiliaria de MADRID zona AVIACION ESPAÑOLA CUATRO VIENTOS Oficina Tecnocasa vende piso en CUATRO VIENTOS - LA DEHESA DEL PRINCIPE, en la COLONIA MILITAR CUATRO VIENTOS. Parcela de 419m2.
CHALET ADOSADO para entrar a vivir, distribuidos en:
- Entrada de 79.69m2
- Hall de entrada / recibidor.
- 3 habitaciones.
- 2 baños
- Salón.
- Cocina totalmente equipada.
- Orientación Sur.
- Patio trasero de 213.77m2.
- Garaje de 58.64m2.
- Puerta de entrada del garaje ELECTRICA.
- Calefacción individual a gas.
- Armarios empotrados.
- Suelo de tarima.
- Puertas totalmente cambiadas.
CHALET ADOSADO EN VENTA A 15 MINUTOS DEL CENTRO DE MADRID
La casa se encuentra muy bien comunicado con todo tipo de transporte público, zona de fácil aparcamiento.
Se comunica fácilmente con la carretera A5 y con la M40. A 1 minuto de la estación de metro y cercanías CUATRO VIENTOS (Línea 10 y C5). La zona cuenta con todos los servicios, centro comercial, colegios, parroquia, transportes (metro, Renfe y buses).
Para más información contacta con nosotros sin ningún tipo de compromiso donde podrá informarte uno de nuestros asesores financieros de Kiron.
VEN A VER LA VIVIENDA QUE ESTAREMOS ENCANTADOS DE ENSEÑARTE TODAS LAS INSTALACIONES .",1,1,1,1,1,0,0,1,1,1,['https://www.tecnocasa.es/img/home-hero/es/tecnocasa/residential/desktop_6.jpg'],0,Desconocido,1,0,0,0,0,F,0,0,['imagenes_tecnocasa\\anuncio_1096\\0.jpg'],1,Media,1950,1,0,0,casa,1,Cuatro Vientos,"Las Aguilas - Cuatro Vientos, Madrid",40.3712412,-3.7824038,1096,1909.307875894988,201.0,142.0,0.0,0.4,0.0,0.0,otro,otro,otro,otro,nada,0.0,0.0,otro,"['#0077be', '#FFFFFF', '#000000']",otro,False,otro,otro,ninguno,ninguno,otro,otro,ninguno,10.0,7.0,ninguna,1
https://www.tecnocasa.es/venta/piso/madrid/madrid/618792.html,499000.0,4,145.0,3,"Agencia inmobiliaria de MADRID zona AVIACION ESPAÑOLA CUATRO VIENTOS Oficina TECNOCASA vende piso en LA DEHESA DEL PRÍNCIPE - CALLE GRANADEROS
Cuarts planta con ASCENSOR de 145m2:
- Entrada / Recibidor.
- 4 habitaciones.
- 3 baños
- Salón amplio y luminoso con acceso a la terraza.
- Cocina totalmente equipada con terraza cerrada / lavandería.
- Armarios empotrados.
- Aire acondicionado.
La vivienda se encuentra muy bien comunicada con todo tipo de transporte público, zona de fácil aparcamiento y estaciones de BiciMad alrededores.
Se comunica fácilmente con la carretera A5 y con la M40. A 3 minutos de la estación de Metro y Cercanías CUATRO VIENTOS (L10 y C5), paradas de autobús EMT cercanas 39, 139, buses interurbanos hacia el Sur de Madrid, dirección Móstoles, Alcorcón, Navalcarnero, Arroyomolinos, etc.
La zona cuenta con todos los servicios, centro comercial, colegios, parroquia, etc.
Para más información contacta con nosotros sin ningún tipo de compromiso donde podrá informarte uno de nuestros asesores financieros de Kiron.
PIDE MAS INFORMACION - Avenida de las Aguilas 86, Local, 28044 .",1,1,0,1,1,1,0,1,1,1,"['https://cdn-media.medialabtc.it/es/agencies/mdaa7/estates/618792/images/8922901/gallery_media.jpeg', 'https://cdn-media.medialabtc.it/es/agencies/mdaa7/estates/618792/images/8922899/gallery_media.jpeg', 'https://cdn-media.medialabtc.it/es/agencies/mdaa7/estates/618792/images/8922915/gallery_media.jpeg', 'https://cdn-media.medialabtc.it/es/agencies/mdaa7/estates/618792/images/8922900/gallery_media.jpeg', 'https://cdn-media.medialabtc.it/es/agencies/mdaa7/estates/618792/images/8922896/gallery_media.jpeg', 'https://cdn-media.medialabtc.it/es/agencies/mdaa7/estates/618792/images/8922902/gallery_media.jpeg', 'https://cdn-media.medialabtc.it/es/agencies/mdaa7/estates/618792/images/8922913/gallery_media.jpeg', 'https://cdn-media.medialabtc.it/es/agencies/mdaa7/estates/618792/images/8922920/gallery_media.jpeg', 'https://cdn-media.medialabtc.it/es/agencies/mdaa7/estates/618792/images/8922895/gallery_media.jpeg', 'https://cdn-media.medialabtc.it/es/agencies/mdaa7/estates/618792/images/8922917/gallery_media.jpeg', 'https://cdn-media.medialabtc.it/es/agencies/mdaa7/estates/618792/images/8922897/gallery_media.jpeg', 'https://cdn-media.medialabtc.it/es/agencies/mdaa7/estates/618792/images/8922908/gallery_media.jpeg', 'https://cdn-media.medialabtc.it/es/agencies/mdaa7/estates/618792/images/8922898/gallery_media.jpeg', 'https://cdn-media.medialabtc.it/es/agencies/mdaa7/estates/618792/images/8922912/gallery_media.jpeg', 'https://cdn-media.medialabtc.it/es/agencies/mdaa7/estates/618792/images/8922906/gallery_media.jpeg', 'https://cdn-media.medialabtc.it/es/agencies/mdaa7/estates/618792/images/8922921/gallery_media.jpeg', 'https://cdn-media.medialabtc.it/es/agencies/mdaa7/estates/618792/images/8922919/gallery_media.jpeg', 'https://cdn-media.medialabtc.it/es/agencies/mdaa7/estates/618792/images/8922907/gallery_media.jpeg', 'https://cdn-media.medialabtc.it/es/agencies/mdaa7/estates/618792/images/8922914/gallery_media.jpeg', 'https://cdn-media.medialabtc.it/es/agencies/mdaa7/estates/618792/images/8922894/gallery_media.jpeg', 'https://cdn-media.medialabtc.it/es/agencies/mdaa7/estates/618792/images/8922911/gallery_media.jpeg', 'https://cdn-media.medialabtc.it/es/agencies/mdaa7/estates/618792/images/8922903/gallery_media.jpeg', 'https://cdn-media.medialabtc.it/es/agencies/mdaa7/estates/618792/images/8922893/gallery_media.jpeg', 'https://cdn-media.medialabtc.it/es/agencies/mdaa7/estates/618792/images/8922910/gallery_media.jpeg', 'https://cdn-media.medialabtc.it/es/agencies/mdaa7/estates/618792/images/8922918/gallery_media.jpeg', 'https://cdn-media.medialabtc.it/es/agencies/mdaa7/estates/618792/images/8922905/gallery_media.jpeg', 'https://cdn-media.medialabtc.it/es/agencies/mdaa7/estates/618792/images/8922904/gallery_media.jpeg']",0,Desconocido,1,0,0,1,0,F,0,0,"['imagenes_tecnocasa\\anuncio_1097\\0.jpeg', 'imagenes_tecnocasa\\anuncio_1097\\1.jpeg', 'imagenes_tecnocasa\\anuncio_1097\\2.jpeg', 'imagenes_tecnocasa\\anuncio_1097\\3.jpeg', 'imagenes_tecnocasa\\anuncio_1097\\4.jpeg', 'imagenes_tecnocasa\\anuncio_1097\\5.jpeg', 'imagenes_tecnocasa\\anuncio_1097\\6.jpeg', 'imagenes_tecnocasa\\anuncio_1097\\7.jpeg', 'imagenes_tecnocasa\\anuncio_1097\\8.jpeg', 'imagenes_tecnocasa\\anuncio_1097\\9.jpeg', 'imagenes_tecnocasa\\anuncio_1097\\10.jpeg', 'imagenes_tecnocasa\\anuncio_1097\\11.jpeg', 'imagenes_tecnocasa\\anuncio_1097\\12.jpeg', 'imagenes_tecnocasa\\anuncio_1097\\13.jpeg', 'imagenes_tecnocasa\\anuncio_1097\\14.jpeg', 'imagenes_tecnocasa\\anuncio_1097\\15.jpeg', 'imagenes_tecnocasa\\anuncio_1097\\16.jpeg', 'imagenes_tecnocasa\\anuncio_1097\\17.jpeg', 'imagenes_tecnocasa\\anuncio_1097\\18.jpeg', 'imagenes_tecnocasa\\anuncio_1097\\19.jpeg', 'imagenes_tecnocasa\\anuncio_1097\\20.jpeg', 'imagenes_tecnocasa\\anuncio_1097\\21.jpeg', 'imagenes_tecnocasa\\anuncio_1097\\22.jpeg', 'imagenes_tecnocasa\\anuncio_1097\\23.jpeg', 'imagenes_tecnocasa\\anuncio_1097\\24.jpeg', 'imagenes_tecnocasa\\anuncio_1097\\25.jpeg', 'imagenes_tecnocasa\\anuncio_1097\\26.jpeg']",0,Popular,1982,1,0,1,piso,3,Cuatro Vientos,"Las Aguilas - Cuatro Vientos, Madrid",40.3712412,-3.7824038,1097,3441.3793103448274,175.0,132.0,0.0,0.0,2.0,0.0,parquet,pintura,corredera,estándar (2.4-2.8m),nada,5.0,3.8,clásico,"['#D2691E', '#A0522D', '#8B4513']",buena,False,convencional,limitado,ninguno,ninguno,estándar,básica,ninguno,7.4,6.8,ninguna,5
https://www.tecnocasa.es/venta/piso/madrid/madrid/618760.html,209000.0,3,70.0,1,"Agencia inmobiliaria de MADRID zona AVIACION ESPAÑOLA CUATRO VIENTOS Oficina TECNOCASA vende piso en AVENIDA DE LAS ÁGUILAS - COLONIA SANTA MARGARITA

Quinta planta SIN ASCENSOR de 66m2 PARA REFORMAR a tu gusto, con muchas posibilidades, empieza a montar tu NUEVA VIVIENDA con ese deseo único de tener un hogar hecho a tu medida, el inmueble se divide en:

- Entrada / Recibidor.
- 3 habitaciones.
- 1 baño muy amplio con ventana.
- Salón amplio y luminoso con acceso a la terraza.
- Cocina.

La vivienda se encuentra muy bien comunicada con todo tipo de transporte público, zona de fácil aparcamiento y estaciones de BiciMad alrededores.

Se comunica fácilmente con la carretera A5 y con la M40. A 1 minuto de la estación de CERCANÍAS - RENFE LAS ÁGUILAS (C5) y a 5 minutos de la estación de Metro AVIACIÓN ESPAÑOLA (L10), paradas de autobús EMT cercanas 34, 17, 39, 139.
La zona cuenta con todos los servicios, centro comercial, colegios, parroquia, etc.

Para más información contacta con nosotros sin ningún tipo de compromiso donde podrá informarte uno de nuestros asesores financieros de Kiron.

PIDE MAS INFORMACION - Avenida de las Aguilas 86, Local, 28044 .",1,1,0,1,1,0,1,1,0,1,"['https://cdn-media.medialabtc.it/es/agencies/mdaa7/estates/618760/images/8922198/gallery_media.jpeg', 'https://cdn-media.medialabtc.it/es/agencies/mdaa7/estates/618760/images/8922194/gallery_media.jpeg', 'https://cdn-media.medialabtc.it/es/agencies/mdaa7/estates/618760/images/8922199/gallery_media.jpeg', 'https://cdn-media.medialabtc.it/es/agencies/mdaa7/estates/618760/images/8922203/gallery_media.jpeg', 'https://cdn-media.medialabtc.it/es/agencies/mdaa7/estates/618760/images/8922202/gallery_media.jpeg', 'https://cdn-media.medialabtc.it/es/agencies/mdaa7/estates/618760/images/8922201/gallery_media.jpeg', 'https://cdn-media.medialabtc.it/es/agencies/mdaa7/estates/618760/images/8922191/gallery_media.jpeg', 'https://cdn-media.medialabtc.it/es/agencies/mdaa7/estates/618760/images/8922200/gallery_media.jpeg', 'https://cdn-media.medialabtc.it/es/agencies/mdaa7/estates/618760/images/8922195/gallery_media.jpeg', 'https://cdn-media.medialabtc.it/es/agencies/mdaa7/estates/618760/images/8922192/gallery_media.jpeg', 'https://cdn-media.medialabtc.it/es/agencies/mdaa7/estates/618760/images/8922193/gallery_media.jpeg', 'https://cdn-media.medialabtc.it/es/agencies/mdaa7/estates/618760/images/8922196/gallery_media.jpeg', 'https://cdn-media.medialabtc.it/es/agencies/mdaa7/estates/618760/images/8922197/gallery_media.jpeg']",0,Desconocido,1,0,0,1,0,F,0,0,"['imagenes_tecnocasa\\anuncio_1099\\0.jpeg', 'imagenes_tecnocasa\\anuncio_1099\\1.jpeg', 'imagenes_tecnocasa\\anuncio_1099\\2.jpeg', 'imagenes_tecnocasa\\anuncio_1099\\3.jpeg', 'imagenes_tecnocasa\\anuncio_1099\\4.jpeg', 'imagenes_tecnocasa\\anuncio_1099\\5.jpeg', 'imagenes_tecnocasa\\anuncio_1099\\6.jpeg', 'imagenes_tecnocasa\\anuncio_1099\\7.jpeg', 'imagenes_tecnocasa\\anuncio_1099\\8.jpeg', 'imagenes_tecnocasa\\anuncio_1099\\9.jpeg', 'imagenes_tecnocasa\\anuncio_1099\\10.jpeg', 'imagenes_tecnocasa\\anuncio_1099\\11.jpeg', 'imagenes_tecnocasa\\anuncio_1099\\12.jpeg']",0,Media,1970,0,0,0,piso,3,Cuatro Vientos,"Las Aguilas - Cuatro Vientos, Madrid",40.3712412,-3.7824038,1099,2985.714285714286,197.0,143.0,0.0,0.0,2.0,0.0,otro,pintura,abatible,estándar (2.4-2.8m),nada,3.0,2.8,clásico,"['#A0522D', '#F5F5DC', '#8B4513']",regular,False,convencional,limitado,ninguno,ninguno,estándar,básica,ninguno,5.8,6.2,ninguna,5
https://www.tecnocasa.es/venta/piso/madrid/madrid/557975.html,180000.0,2,65.0,1,"Agencia inmobiliaria de MADRID zona AVIACION ESPAÑOLA CUATRO VIENTOS Oficina Tecnocasa vende piso en Aluche, en la CALLE FRAY JOSÉ DE CERDEIRIÑA. La finca cuenta con un amplio portal y jardín exterior. Piso para entrar a vivir de 65 m2, distribuidos en hall de entrada, salón muy acogedor y súper LUMINOSO con una excelente orientación, calefacción a gas individual, 1 cuarto de baño, 2 dormitorios, cocina y tendedero en el patio interior, con una MUY BUENA DISTRIBUCIÓN QUE FAVORECE LA VENTILACIÓN E ILUMINACIÓN COMPLETA DEL INMUEBLE. Se trata de una cuarta planta SIN ascensor. El piso se encuentra muy bien comunicado con todo tipo de transporte público, zona de fácil aparcamiento, también existe la posibilidad de obtener un abono en el aparcamiento disuasorio de la EMT MADRID ‘’AVIACIÓN ESPAÑOLA’’ por 34€ al mes las 24 horas del día; Se comunica fácilmente con la carretera A5 y con la M40. A 1 minuto de la estación de metro AVIACION ESPAÑOLA (LÍNEA 10) y a 3 minutos de la estación de Renfe LAS AGUILAS (LÍNEA C-5). La zona cuenta con todos los servicios, mercado, centro comercial, colegios, transportes (metro, Renfe y buses) Y SE ENCUENTRAN INSTALADAS ESTACIONES DE BICIMAD. Para más información contacta con nosotros sin ningún tipo de compromiso donde podrá informarte uno de nuestros asesores financieros de Kiron.",1,1,0,1,1,0,1,1,0,1,['https://www.tecnocasa.es/img/home-hero/es/tecnocasa/residential/desktop_6.jpg'],0,Desconocido,1,0,0,0,0,F,0,0,['imagenes_tecnocasa\\anuncio_1100\\0.jpg'],0,Popular,1968,1,0,0,piso,3,Cuatro Vientos,"Las Aguilas - Cuatro Vientos, Madrid",40.3712412,-3.7824038,1100,2769.230769230769,218.0,159.0,0.0,0.4,2.0,0.0,otro,otro,otro,otro,nada,0.0,0.0,otro,"['#007bff', '#6c757d', '#ffffff']",otro,False,otro,otro,ninguno,ninguno,otro,otro,ninguno,10.0,7.0,ninguna,1
https://www.tecnocasa.es/venta/piso/madrid/madrid/618355.html,335000.0,2,93.0,2,"Tecnocasa Estudio Rejas - Las Musas S. L

Vende magnifico APARTAMENTO TURISTICO EN EXCLUSIVA situado en el corazón del Barrio de Rejas,

La vivienda consta de:
-2 habitaciones.
-Cocina.
-2 baños.
-2 armarios empotrados.
-Salón.
-Aire acondicionado Bomba Calor y Frio.
-Pista de pádel.
-Piscina.
-Gimnasio.
-Plaza de garaje incluida en el precio.
-Portero 24 horas.
-Jardines y zonas de juego para niños.

Situada en el Barrio de Rejas, zona urbana y tranquila, esta vivienda cuenta con una gran oferta comercial y de servicios en las proximidades (Supermercado, farmacias, bancos, centro médico, etc. )

Zona inmejorable con numerosas zonas verdes equipada con todos los servicios; supermercados, comercios, cafeterías, colegios, gimnasios, CENTRO COMERCIAL PLENILUNIO a 3 minutos en coche.

KIRON y sus agentes de intermediación financiera podrás encontrar la hipoteca que mejor se adapte a tus necesidades de financiación, para que puedas beneficiarte de los convenios que tiene el grupo Tecnocasa con diferentes entidades bancarias. Con la posibilidad de financiación hasta 100%, asesórate gratis y sin compromiso.",1,1,1,1,1,1,0,1,1,0,"['https://cdn-media.medialabtc.it/es/agencies/md066/estates/618355/images/8913696/gallery_media.jpeg', 'https://cdn-media.medialabtc.it/es/agencies/md066/estates/618355/images/8913641/gallery_media.jpeg', 'https://cdn-media.medialabtc.it/es/agencies/md066/estates/618355/images/8913702/gallery_media.jpeg', 'https://cdn-media.medialabtc.it/es/agencies/md066/estates/618355/images/8913723/gallery_media.jpeg', 'https://cdn-media.medialabtc.it/es/agencies/md066/estates/618355/images/8913700/gallery_media.jpeg', 'https://cdn-media.medialabtc.it/es/agencies/md066/estates/618355/images/8913694/gallery_media.jpeg', 'https://cdn-media.medialabtc.it/es/agencies/md066/estates/618355/images/8913707/gallery_media.jpeg', 'https://cdn-media.medialabtc.it/es/agencies/md066/estates/618355/images/8913637/gallery_media.jpeg', 'https://cdn-media.medialabtc.it/es/agencies/md066/estates/618355/images/8913640/gallery_media.jpeg', 'https://cdn-media.medialabtc.it/es/agencies/md066/estates/618355/images/8913693/gallery_media.jpeg', 'https://cdn-media.medialabtc.it/es/agencies/md066/estates/618355/images/8913709/gallery_media.jpeg', 'https://cdn-media.medialabtc.it/es/agencies/md066/estates/618355/images/8913636/gallery_media.jpeg', 'https://cdn-media.medialabtc.it/es/agencies/md066/estates/618355/images/8913704/gallery_media.jpeg', 'https://cdn-media.medialabtc.it/es/agencies/md066/estates/618355/images/8913706/gallery_media.jpeg', 'https://cdn-media.medialabtc.it/es/agencies/md066/estates/618355/images/8913692/gallery_media.jpeg', 'https://cdn-media.medialabtc.it/es/agencies/md066/estates/618355/images/8913698/gallery_media.jpeg', 'https://cdn-media.medialabtc.it/es/agencies/md066/estates/618355/images/8913699/gallery_media.jpeg', 'https://cdn-media.medialabtc.it/es/agencies/md066/estates/618355/images/8913724/gallery_media.jpeg', 'https://cdn-media.medialabtc.it/es/agencies/md066/estates/618355/images/8913705/gallery_media.jpeg', 'https://cdn-media.medialabtc.it/es/agencies/md066/estates/618355/images/8913701/gallery_media.jpeg', 'https://cdn-media.medialabtc.it/es/agencies/md066/estates/618355/images/8913710/gallery_media.jpeg', 'https://cdn-media.medialabtc.it/es/agencies/md066/estates/618355/images/8913712/gallery_media.jpeg', 'https://cdn-media.medialabtc.it/es/agencies/md066/estates/618355/images/8913695/gallery_media.jpeg', 'https://cdn-media.medialabtc.it/es/agencies/md066/estates/618355/images/8913722/gallery_media.jpeg', 'https://cdn-media.medialabtc.it/es/agencies/md066/estates/618355/images/8913638/gallery_media.jpeg', 'https://cdn-media.medialabtc.it/es/agencies/md066/estates/618355/images/8913703/gallery_media.jpeg', 'https://cdn-media.medialabtc.it/es/agencies/md066/estates/618355/images/8913697/gallery_media.jpeg', 'https://cdn-media.medialabtc.it/es/agencies/md066/estates/618355/images/8913639/gallery_media.jpeg']",0,Desconocido,1,0,1,0,1,C,0,0,"['imagenes_tecnocasa\\anuncio_1102\\0.jpeg', 'imagenes_tecnocasa\\anuncio_1102\\1.jpeg', 'imagenes_tecnocasa\\anuncio_1102\\2.jpeg', 'imagenes_tecnocasa\\anuncio_1102\\3.jpeg', 'imagenes_tecnocasa\\anuncio_1102\\4.jpeg', 'imagenes_tecnocasa\\anuncio_1102\\5.jpeg', 'imagenes_tecnocasa\\anuncio_1102\\6.jpeg', 'imagenes_tecnocasa\\anuncio_1102\\7.jpeg', 'imagenes_tecnocasa\\anuncio_1102\\8.jpeg', 'imagenes_tecnocasa\\anuncio_1102\\9.jpeg', 'imagenes_tecnocasa\\anuncio_1102\\10.jpeg', 'imagenes_tecnocasa\\anuncio_1102\\11.jpeg', 'imagenes_tecnocasa\\anuncio_1102\\12.jpeg', 'imagenes_tecnocasa\\anuncio_1102\\13.jpeg', 'imagenes_tecnocasa\\anuncio_1102\\14.jpeg', 'imagenes_tecnocasa\\anuncio_1102\\15.jpeg', 'imagenes_tecnocasa\\anuncio_1102\\16.jpeg', 'imagenes_tecnocasa\\anuncio_1102\\17.jpeg', 'imagenes_tecnocasa\\anuncio_1102\\18.jpeg', 'imagenes_tecnocasa\\anuncio_1102\\19.jpeg', 'imagenes_tecnocasa\\anuncio_1102\\20.jpeg', 'imagenes_tecnocasa\\anuncio_1102\\21.jpeg', 'imagenes_tecnocasa\\anuncio_1102\\22.jpeg', 'imagenes_tecnocasa\\anuncio_1102\\23.jpeg', 'imagenes_tecnocasa\\anuncio_1102\\24.jpeg', 'imagenes_tecnocasa\\anuncio_1102\\25.jpeg', 'imagenes_tecnocasa\\anuncio_1102\\26.jpeg', 'imagenes_tecnocasa\\anuncio_1102\\27.jpeg']",1,Popular,2007,0,0,1,piso,1,Madrid,"Rejas, Madrid",40.4167047,-3.7035825,1102,3602.1505376344085,166.0,129.0,0.0,0.0,0.0,0.0,otro,pintura,otro,estándar (2.4-2.8m),nada,3.4,4.4,convencional,"['#FFFFFF', '#0077BE', '#A9A9A9']",regular,True,convencional,limitado,ninguno,ninguno,estándar,parcialmente equipada,ninguno,6.8,5.8,leve,5
https://www.tecnocasa.es/venta/piso/madrid/madrid/527467.html,240000.0,3,85.0,2,"Agencia inmobiliaria de MADRID - Zona VILLAVERDE ALTO - SAN ANDRES Tecnocasa. VENDE EN EXCLUSIVA
¡Descubre tu nuevo hogar en este magnífico piso en venta!
Con 85 m² construidos, este espacioso inmueble cuenta con 3 habitaciones independientes, perfectas para disfrutar de la privacidad y el descanso. El amplio salón, lleno de luz natural, se convierte en el lugar ideal para compartir momentos inolvidables con familia y amigos.
Además, el piso incluye un baño completo reformado y un aseo con la posibilidad de instalar un plato de ducha, brindando comodidad y funcionalidad.
La calefacción a gas individual y el aire acondicionado con bomba de frío/calor aseguran un ambiente agradable durante todo el año. Las ventanas de climalit en la terraza y las dobles de aluminio en el resto del piso garantizan un excelente aislamiento térmico y acústico.
Este hogar también cuenta con armarios empotrados que optimizan el espacio y ofrecen almacenamiento adicional.
El piso tiene una orientación Este-Oeste que permite disfrutar de la luz solar durante todo el día. La zona ajardinada y el parque infantil del doble portal añaden un toque especial al entorno, ideal para familias. Además, se incluye una plaza de garaje en superficie sin asignación, lo que facilita el aparcamiento.
Este piso es una oportunidad única en un estado impecable, listo para entrar a vivir. No dejes pasar la ocasión de visitarlo y convertirlo en tu nuevo hogar.
¡Contáctanos para más información y ven a conocerlo!
Se encuentra en la zona sur de Villaverde alto, cerca de las paradas de los autobuses números 130, 22, 86, 131, 79. A pocos minutos del c-5 de Renfe cercanías parada 'puente Alcocer' y de la línea 3 de metro de Madrid, parada 'Villaverde alto' y línea c-5 y c-4 de Renfe cercanías parada 'Villaverde alto'. Villaverde alto es un barrio situado en el distrito de Villaverde.",1,1,1,1,1,1,0,1,1,1,"['https://cdn-media.medialabtc.it/es/agencies/md027/estates/527467/images/8922120/gallery_media.jpeg', 'https://cdn-media.medialabtc.it/es/agencies/md027/estates/527467/images/8922166/gallery_media.jpeg', 'https://cdn-media.medialabtc.it/es/agencies/md027/estates/527467/images/8922114/gallery_media.jpeg', 'https://cdn-media.medialabtc.it/es/agencies/md027/estates/527467/images/8922121/gallery_media.jpeg', 'https://cdn-media.medialabtc.it/es/agencies/md027/estates/527467/images/8922119/gallery_media.jpeg', 'https://cdn-media.medialabtc.it/es/agencies/md027/estates/527467/images/8922164/gallery_media.jpeg', 'https://cdn-media.medialabtc.it/es/agencies/md027/estates/527467/images/8922165/gallery_media.jpeg', 'https://cdn-media.medialabtc.it/es/agencies/md027/estates/527467/images/8922162/gallery_media.jpeg', 'https://cdn-media.medialabtc.it/es/agencies/md027/estates/527467/images/8922117/gallery_media.jpeg', 'https://cdn-media.medialabtc.it/es/agencies/md027/estates/527467/images/8922171/gallery_media.jpeg', 'https://cdn-media.medialabtc.it/es/agencies/md027/estates/527467/images/8922163/gallery_media.jpeg', 'https://cdn-media.medialabtc.it/es/agencies/md027/estates/527467/images/8922173/gallery_media.jpeg', 'https://cdn-media.medialabtc.it/es/agencies/md027/estates/527467/images/8922169/gallery_media.jpeg', 'https://cdn-media.medialabtc.it/es/agencies/md027/estates/527467/images/8922118/gallery_media.jpeg', 'https://cdn-media.medialabtc.it/es/agencies/md027/estates/527467/images/8922168/gallery_media.jpeg', 'https://cdn-media.medialabtc.it/es/agencies/md027/estates/527467/images/8922175/gallery_media.jpeg', 'https://cdn-media.medialabtc.it/es/agencies/md027/estates/527467/images/8922167/gallery_media.jpeg', 'https://cdn-media.medialabtc.it/es/agencies/md027/estates/527467/images/8922172/gallery_media.jpeg', 'https://cdn-media.medialabtc.it/es/agencies/md027/estates/527467/images/8922170/gallery_media.jpeg', 'https://cdn-media.medialabtc.it/es/agencies/md027/estates/527467/images/8922174/gallery_media.jpeg', 'https://cdn-media.medialabtc.it/es/agencies/md027/estates/527467/images/8922176/gallery_media.jpeg', 'https://cdn-media.medialabtc.it/es/agencies/md027/estates/527467/images/8922115/gallery_media.jpeg']",0,Reformado,1,0,0,1,0,D,0,0,"['imagenes_tecnocasa\\anuncio_1105\\0.jpeg', 'imagenes_tecnocasa\\anuncio_1105\\1.jpeg', 'imagenes_tecnocasa\\anuncio_1105\\2.jpeg', 'imagenes_tecnocasa\\anuncio_1105\\3.jpeg', 'imagenes_tecnocasa\\anuncio_1105\\4.jpeg', 'imagenes_tecnocasa\\anuncio_1105\\5.jpeg', 'imagenes_tecnocasa\\anuncio_1105\\6.jpeg', 'imagenes_tecnocasa\\anuncio_1105\\7.jpeg', 'imagenes_tecnocasa\\anuncio_1105\\8.jpeg', 'imagenes_tecnocasa\\anuncio_1105\\9.jpeg', 'imagenes_tecnocasa\\anuncio_1105\\10.jpeg', 'imagenes_tecnocasa\\anuncio_1105\\11.jpeg', 'imagenes_tecnocasa\\anuncio_1105\\12.jpeg', 'imagenes_tecnocasa\\anuncio_1105\\13.jpeg', 'imagenes_tecnocasa\\anuncio_1105\\14.jpeg', 'imagenes_tecnocasa\\anuncio_1105\\15.jpeg', 'imagenes_tecnocasa\\anuncio_1105\\16.jpeg', 'imagenes_tecnocasa\\anuncio_1105\\17.jpeg', 'imagenes_tecnocasa\\anuncio_1105\\18.jpeg', 'imagenes_tecnocasa\\anuncio_1105\\19.jpeg', 'imagenes_tecnocasa\\anuncio_1105\\20.jpeg', 'imagenes_tecnocasa\\anuncio_1105\\21.jpeg']",1,Señorial,1984,0,0,0,piso,2,Madrid,"Villaverde Alto, Madrid",40.4167047,-3.7035825,1105,2823.529411764706,306.0,193.0,0.5,0.7,2.0,1.0,parquet,pintura,corredera,estándar (2.4-2.8m),nada,3.8,4.0,convencional,"['#FFF2E6', '#F2F2F2', '#FFFFFF']",buena,False,convencional,normal,ninguno,ninguno,estándar,básica,ninguno,7.0,6.4,ninguna,5
https://www.tecnocasa.es/venta/piso/madrid/guadarrama/592914.html,229000.0,4,115.0,2,"Agencia inmobiliaria de GUADARRAMA- zona GUADARRAMA- vende:
PISO DE 4 HABITACIONES Y 2 BAÑOS CON TERRAZA MUY LUMINOSO EN EL CENTRO DEL PUEBLO.
El piso esta algo reformado, suelos, cocina, baños.
La vivienda se distribuye en:
Hall de entrada, con cocina muy grande y luminosa, salón comedor muy amplio con salida a terraza con vistas, cuatro dormitorios, uno individual sin armarios empotrados, y los otros tres dormitorios amplios todos ellos con armarios empotrados.
Tiene aseo, y baño completo doble con ducha.
El piso se encuentra en el mismo centro del pueblo, cerca de todos los servicios, transporte en la puerta, comercios, supermercados, colegios..",0,0,1,1,1,1,1,1,1,1,"['https://cdn-media.medialabtc.it/es/agencies/md594/estates/592914/images/8342717/gallery_media.jpeg', 'https://cdn-media.medialabtc.it/es/agencies/md594/estates/592914/images/8342679/gallery_media.jpeg', 'https://cdn-media.medialabtc.it/es/agencies/md594/estates/592914/images/8342708/gallery_media.jpeg', 'https://cdn-media.medialabtc.it/es/agencies/md594/estates/592914/images/8342723/gallery_media.jpeg', 'https://cdn-media.medialabtc.it/es/agencies/md594/estates/592914/images/8342801/gallery_media.jpeg', 'https://cdn-media.medialabtc.it/es/agencies/md594/estates/592914/images/8342719/gallery_media.jpeg', 'https://cdn-media.medialabtc.it/es/agencies/md594/estates/592914/images/8342714/gallery_media.jpeg', 'https://cdn-media.medialabtc.it/es/agencies/md594/estates/592914/images/8342720/gallery_media.jpeg', 'https://cdn-media.medialabtc.it/es/agencies/md594/estates/592914/images/8342718/gallery_media.jpeg', 'https://cdn-media.medialabtc.it/es/agencies/md594/estates/592914/images/8342713/gallery_media.jpeg', 'https://cdn-media.medialabtc.it/es/agencies/md594/estates/592914/images/8342683/gallery_media.jpeg', 'https://cdn-media.medialabtc.it/es/agencies/md594/estates/592914/images/8342681/gallery_media.jpeg', 'https://cdn-media.medialabtc.it/es/agencies/md594/estates/592914/images/8342678/gallery_media.jpeg', 'https://cdn-media.medialabtc.it/es/agencies/md594/estates/592914/images/8342721/gallery_media.jpeg', 'https://cdn-media.medialabtc.it/es/agencies/md594/estates/592914/images/8342682/gallery_media.jpeg', 'https://cdn-media.medialabtc.it/es/agencies/md594/estates/592914/images/8342802/gallery_media.jpeg', 'https://cdn-media.medialabtc.it/es/agencies/md594/estates/592914/images/8342726/gallery_media.jpeg', 'https://cdn-media.medialabtc.it/es/agencies/md594/estates/592914/images/8342676/gallery_media.jpeg', 'https://cdn-media.medialabtc.it/es/agencies/md594/estates/592914/images/8342725/gallery_media.jpeg', 'https://cdn-media.medialabtc.it/es/agencies/md594/estates/592914/images/8342677/gallery_media.jpeg', 'https://cdn-media.medialabtc.it/es/agencies/md594/estates/592914/images/8342712/gallery_media.jpeg', 'https://cdn-media.medialabtc.it/es/agencies/md594/estates/592914/images/8342716/gallery_media.jpeg', 'https://cdn-media.medialabtc.it/es/agencies/md594/estates/592914/images/8342724/gallery_media.jpeg', 'https://cdn-media.medialabtc.it/es/agencies/md594/estates/592914/images/8342711/gallery_media.jpeg', 'https://cdn-media.medialabtc.it/es/agencies/md594/estates/592914/images/8342680/gallery_media.jpeg', 'https://cdn-media.medialabtc.it/es/agencies/md594/estates/592914/images/8342709/gallery_media.jpeg', 'https://cdn-media.medialabtc.it/es/agencies/md594/estates/592914/images/8342715/gallery_media.jpeg', 'https://cdn-media.medialabtc.it/es/agencies/md594/estates/592914/images/8342710/gallery_media.jpeg', 'https://cdn-media.medialabtc.it/es/agencies/md594/estates/592914/images/8342722/gallery_media.jpeg', 'https://cdn-media.medialabtc.it/es/agencies/md594/estates/592914/images/8342707/gallery_media.jpeg']",0,Reformado,0,0,0,1,0,Desconocida,0,0,"['imagenes_tecnocasa\\anuncio_1107\\0.jpeg', 'imagenes_tecnocasa\\anuncio_1107\\1.jpeg', 'imagenes_tecnocasa\\anuncio_1107\\2.jpeg', 'imagenes_tecnocasa\\anuncio_1107\\3.jpeg', 'imagenes_tecnocasa\\anuncio_1107\\4.jpeg', 'imagenes_tecnocasa\\anuncio_1107\\5.jpeg', 'imagenes_tecnocasa\\anuncio_1107\\6.jpeg', 'imagenes_tecnocasa\\anuncio_1107\\7.jpeg', 'imagenes_tecnocasa\\anuncio_1107\\8.jpeg', 'imagenes_tecnocasa\\anuncio_1107\\9.jpeg', 'imagenes_tecnocasa\\anuncio_1107\\10.jpeg', 'imagenes_tecnocasa\\anuncio_1107\\11.jpeg', 'imagenes_tecnocasa\\anuncio_1107\\12.jpeg', 'imagenes_tecnocasa\\anuncio_1107\\13.jpeg', 'imagenes_tecnocasa\\anuncio_1107\\14.jpeg', 'imagenes_tecnocasa\\anuncio_1107\\15.jpeg', 'imagenes_tecnocasa\\anuncio_1107\\16.jpeg', 'imagenes_tecnocasa\\anuncio_1107\\17.jpeg', 'imagenes_tecnocasa\\anuncio_1107\\18.jpeg', 'imagenes_tecnocasa\\anuncio_1107\\19.jpeg', 'imagenes_tecnocasa\\anuncio_1107\\20.jpeg', 'imagenes_tecnocasa\\anuncio_1107\\21.jpeg', 'imagenes_tecnocasa\\anuncio_1107\\22.jpeg', 'imagenes_tecnocasa\\anuncio_1107\\23.jpeg', 'imagenes_tecnocasa\\anuncio_1107\\24.jpeg', 'imagenes_tecnocasa\\anuncio_1107\\25.jpeg', 'imagenes_tecnocasa\\anuncio_1107\\26.jpeg', 'imagenes_tecnocasa\\anuncio_1107\\27.jpeg', 'imagenes_tecnocasa\\anuncio_1107\\28.jpeg', 'imagenes_tecnocasa\\anuncio_1107\\29.jpeg']",0,Popular,1975,0,0,0,piso,1,Guadarrama,Guadarrama,40.6734454,-4.0893911,1107,1991.304347826087,103.0,86.0,0.0,0.4,3.0,0.0,parquet,pintura,corredera,estándar (2.4-2.8m),nada,3.4,4.4,convencional,"['#F2F2F2', '#D2B48C', '#FFFFFF']",regular,False,convencional,limitado,ninguno,ninguno,estándar,básica,ninguno,6.4,5.4,leve,5
https://www.tecnocasa.es/venta/piso/madrid/las-rozas-de-madrid/617441.html,210000.0,1,67.0,1,"Inmobiliaria en Las Rozas De Madrid - Tecnocasa Estudio Las Rozas Estacion Slu vende fabulosa vivienda de 1 dormitorio y 1 cuarto de baño en pleno centro de Las Rozas, a menos de 150 metros de la Calle Real.
La vivienda se trata de una primera planta en un bloque de pocos vecinos sin ascensor. Toda la vivienda se distribuye de manera muy cómoda y funcional en una planta que nos recibe con un recibidor/distribuidor en pasillo con acceso directo a un amplio y luminoso salón-comedor con cocina america; totalmente diáfano, con split de A/C y ventana de cuerpo completo a modo balcón. La casa dispone de un cómodo cuarto de baño completo, con bañera, y dentro del dormitorio, que es muy amplio, con armario empotrado de dos cuerpos y puerta de apertura corredera, y split de A/C
Ubicado en pleno centro de la ciudad Las Rozas de Madrid, el piso se encuentra muy próximo a la estación de RENFE de Las Rozas, pero principalmente a la Calle Real (principal arteria de la ciudad). La zona dispone de varias opciones de transporte público a pocos metros a pie de la vivienda, además de una gran facilidad de conexión con las vías de conducción principales de Madrid (como la A-6, la M-40 y la M-50). Además, el piso cuenta con una amplísima oferta de bares y restauración en sus inmediaciones; así como múltiples tiendas y comercios locales. Pero también cuenta con grandes centros comerciales y superficies de ocio a pocos minutos (como el . Burgo Centro, el . Gran Plaza 2, el Heron City o el . Equinoccio).
No dudes en venir a visitarlo.
POSIBILIDAD DE FINANCIACION AL 100% CON NUESTRO DEPARTAMENTO FINANCIERO: KIRON.",0,1,1,1,1,1,0,1,1,1,"['https://cdn-media.medialabtc.it/es/agencies/md591/estates/617441/images/8902456/gallery_media.jpeg', 'https://cdn-media.medialabtc.it/es/agencies/md591/estates/617441/images/8902447/gallery_media.jpeg', 'https://cdn-media.medialabtc.it/es/agencies/md591/estates/617441/images/8902449/gallery_media.jpeg', 'https://cdn-media.medialabtc.it/es/agencies/md591/estates/617441/images/8902461/gallery_media.jpeg', 'https://cdn-media.medialabtc.it/es/agencies/md591/estates/617441/images/8902465/gallery_media.jpeg', 'https://cdn-media.medialabtc.it/es/agencies/md591/estates/617441/images/8902466/gallery_media.jpeg', 'https://cdn-media.medialabtc.it/es/agencies/md591/estates/617441/images/8902448/gallery_media.jpeg', 'https://cdn-media.medialabtc.it/es/agencies/md591/estates/617441/images/8902450/gallery_media.jpeg', 'https://cdn-media.medialabtc.it/es/agencies/md591/estates/617441/images/8902455/gallery_media.jpeg', 'https://cdn-media.medialabtc.it/es/agencies/md591/estates/617441/images/8902459/gallery_media.jpeg', 'https://cdn-media.medialabtc.it/es/agencies/md591/estates/617441/images/8902460/gallery_media.jpeg', 'https://cdn-media.medialabtc.it/es/agencies/md591/estates/617441/images/8902462/gallery_media.jpeg', 'https://cdn-media.medialabtc.it/es/agencies/md591/estates/617441/images/8902458/gallery_media.jpeg', 'https://cdn-media.medialabtc.it/es/agencies/md591/estates/617441/images/8902454/gallery_media.jpeg', 'https://cdn-media.medialabtc.it/es/agencies/md591/estates/617441/images/8902451/gallery_media.jpeg', 'https://cdn-media.medialabtc.it/es/agencies/md591/estates/617441/images/8902453/gallery_media.jpeg', 'https://cdn-media.medialabtc.it/es/agencies/md591/estates/617441/images/8902444/gallery_media.jpeg', 'https://cdn-media.medialabtc.it/es/agencies/md591/estates/617441/images/8902464/gallery_media.jpeg', 'https://cdn-media.medialabtc.it/es/agencies/md591/estates/617441/images/8902452/gallery_media.jpeg', 'https://cdn-media.medialabtc.it/es/agencies/md591/estates/617441/images/8902446/gallery_media.jpeg']",0,Desconocido,0,0,0,1,0,Desconocida,0,0,"['imagenes_tecnocasa\\anuncio_1108\\0.jpeg', 'imagenes_tecnocasa\\anuncio_1108\\1.jpeg', 'imagenes_tecnocasa\\anuncio_1108\\2.jpeg', 'imagenes_tecnocasa\\anuncio_1108\\3.jpeg', 'imagenes_tecnocasa\\anuncio_1108\\4.jpeg', 'imagenes_tecnocasa\\anuncio_1108\\5.jpeg', 'imagenes_tecnocasa\\anuncio_1108\\6.jpeg', 'imagenes_tecnocasa\\anuncio_1108\\7.jpeg', 'imagenes_tecnocasa\\anuncio_1108\\8.jpeg', 'imagenes_tecnocasa\\anuncio_1108\\9.jpeg', 'imagenes_tecnocasa\\anuncio_1108\\10.jpeg', 'imagenes_tecnocasa\\anuncio_1108\\11.jpeg', 'imagenes_tecnocasa\\anuncio_1108\\12.jpeg', 'imagenes_tecnocasa\\anuncio_1108\\13.jpeg', 'imagenes_tecnocasa\\anuncio_1108\\14.jpeg', 'imagenes_tecnocasa\\anuncio_1108\\15.jpeg', 'imagenes_tecnocasa\\anuncio_1108\\16.jpeg', 'imagenes_tecnocasa\\anuncio_1108\\17.jpeg', 'imagenes_tecnocasa\\anuncio_1108\\18.jpeg', 'imagenes_tecnocasa\\anuncio_1108\\19.jpeg']",1,Popular,1997,1,0,0,piso,1,Las Rozas De Madrid,Las Rozas De Madrid,40.4933095,-3.8758396,1108,3134.3283582089553,283.0,167.0,0.2,0.30000000000000004,2.0,0.0,otro,pintura,corredera,estándar (2.4-2.8m),nada,3.2,4.0,convencional,"['#FFFFFF', '#F2F2F2', '#E0E0E0']",regular,False,convencional,limitado,ninguno,ninguno,estándar,básica,ninguno,7.8,6.8,ninguna,5
https://www.tecnocasa.es/venta/piso/madrid/las-rozas-de-madrid/614594.html,370000.0,3,113.0,2,"VENDIDO - Inmobiliaria en Las Rozas De Madrid - Tecnocasa Estudio Las Rozas Estación Slu vende magnífica vivienda semireformada de 3 dormitorios, 2 cuartos de baño y terraza en pleno centro de Las Rozas de Madrid, en bloque con ascensor y con plaza de garaje en el mismo edificio.
La vivienda cuenta con un recibidor/distribuidor con acceso directo a una amplia y luminosa cocina en pasillo semirreformada. La casa dispone de un fabuloso e inmenso salón-comedor, con una terraza que da hacia la Avenida Pocito de las Nieves. El piso da paso a un distribuidor que conecta con un cuarto de baño completo y a los tres dormitorios, todos ellos con armarios empotrados, y uno con cuarto de baño en suite.
El piso de vende con una amplia plaza de garaje en su mismo bloque y gracias a su céntrica ubicación, la vivienda es un enclave privilegiado que se encuentra a 1 minuto a pie de la Calle Real, el centro neurálgico de la ciudad, contando con todos los servicios y comodidades a pocos minutos andando: supermercados, amplia oferta de restauración y ocio, paradas de autobús y proximidad a la estación de RENFE. Además, por su localización, nos encontramos a pocos minutos en vehículo de grandes centros comerciales de la zona (como el . Gran Plaza 2, el . Heron City, el . Burgo Centro o Las Rozas Village); todo ello sin olvidar su proximidad a las principales vías y carreteras de circunvalación (como la A-6 o la M-40).
POSIBILIDAD DE FINANCIACION CON NUESTRO DEPARTAMENTO FINANCIERO: KIRON.
No lo dudes y contáctanos para venir a visitarlo.",0,1,1,1,1,1,0,1,1,1,"['https://cdn-media.medialabtc.it/es/agencies/md591/estates/614594/images/8902606/gallery_media.jpeg', 'https://cdn-media.medialabtc.it/es/agencies/md591/estates/614594/images/8902610/gallery_media.jpeg', 'https://cdn-media.medialabtc.it/es/agencies/md591/estates/614594/images/8902602/gallery_media.jpeg', 'https://cdn-media.medialabtc.it/es/agencies/md591/estates/614594/images/8902605/gallery_media.jpeg', 'https://cdn-media.medialabtc.it/es/agencies/md591/estates/614594/images/8902599/gallery_media.jpeg', 'https://cdn-media.medialabtc.it/es/agencies/md591/estates/614594/images/8902618/gallery_media.jpeg', 'https://cdn-media.medialabtc.it/es/agencies/md591/estates/614594/images/8902614/gallery_media.jpeg', 'https://cdn-media.medialabtc.it/es/agencies/md591/estates/614594/images/8902681/gallery_media.jpeg', 'https://cdn-media.medialabtc.it/es/agencies/md591/estates/614594/images/8902617/gallery_media.jpeg', 'https://cdn-media.medialabtc.it/es/agencies/md591/estates/614594/images/8902621/gallery_media.jpeg', 'https://cdn-media.medialabtc.it/es/agencies/md591/estates/614594/images/8902612/gallery_media.jpeg', 'https://cdn-media.medialabtc.it/es/agencies/md591/estates/614594/images/8902622/gallery_media.jpeg', 'https://cdn-media.medialabtc.it/es/agencies/md591/estates/614594/images/8902601/gallery_media.jpeg', 'https://cdn-media.medialabtc.it/es/agencies/md591/estates/614594/images/8902604/gallery_media.jpeg', 'https://cdn-media.medialabtc.it/es/agencies/md591/estates/614594/images/8902616/gallery_media.jpeg', 'https://cdn-media.medialabtc.it/es/agencies/md591/estates/614594/images/8902607/gallery_media.jpeg', 'https://cdn-media.medialabtc.it/es/agencies/md591/estates/614594/images/8902620/gallery_media.jpeg', 'https://cdn-media.medialabtc.it/es/agencies/md591/estates/614594/images/8902615/gallery_media.jpeg', 'https://cdn-media.medialabtc.it/es/agencies/md591/estates/614594/images/8902619/gallery_media.jpeg', 'https://cdn-media.medialabtc.it/es/agencies/md591/estates/614594/images/8902598/gallery_media.jpeg', 'https://cdn-media.medialabtc.it/es/agencies/md591/estates/614594/images/8902611/gallery_media.jpeg', 'https://cdn-media.medialabtc.it/es/agencies/md591/estates/614594/images/8902623/gallery_media.jpeg', 'https://cdn-media.medialabtc.it/es/agencies/md591/estates/614594/images/8902613/gallery_media.jpeg', 'https://cdn-media.medialabtc.it/es/agencies/md591/estates/614594/images/8902608/gallery_media.jpeg', 'https://cdn-media.medialabtc.it/es/agencies/md591/estates/614594/images/8902609/gallery_media.jpeg', 'https://cdn-media.medialabtc.it/es/agencies/md591/estates/614594/images/8902600/gallery_media.jpeg', 'https://cdn-media.medialabtc.it/es/agencies/md591/estates/614594/images/8902603/gallery_media.jpeg']",0,Desconocido,1,0,0,1,0,E,0,0,"['imagenes_tecnocasa\\anuncio_1109\\0.jpeg', 'imagenes_tecnocasa\\anuncio_1109\\1.jpeg', 'imagenes_tecnocasa\\anuncio_1109\\2.jpeg', 'imagenes_tecnocasa\\anuncio_1109\\3.jpeg', 'imagenes_tecnocasa\\anuncio_1109\\4.jpeg', 'imagenes_tecnocasa\\anuncio_1109\\5.jpeg', 'imagenes_tecnocasa\\anuncio_1109\\6.jpeg', 'imagenes_tecnocasa\\anuncio_1109\\7.jpeg', 'imagenes_tecnocasa\\anuncio_1109\\8.jpeg', 'imagenes_tecnocasa\\anuncio_1109\\9.jpeg', 'imagenes_tecnocasa\\anuncio_1109\\10.jpeg', 'imagenes_tecnocasa\\anuncio_1109\\11.jpeg', 'imagenes_tecnocasa\\anuncio_1109\\12.jpeg', 'imagenes_tecnocasa\\anuncio_1109\\13.jpeg', 'imagenes_tecnocasa\\anuncio_1109\\14.jpeg', 'imagenes_tecnocasa\\anuncio_1109\\15.jpeg', 'imagenes_tecnocasa\\anuncio_1109\\16.jpeg', 'imagenes_tecnocasa\\anuncio_1109\\17.jpeg', 'imagenes_tecnocasa\\anuncio_1109\\18.jpeg', 'imagenes_tecnocasa\\anuncio_1109\\19.jpeg', 'imagenes_tecnocasa\\anuncio_1109\\20.jpeg', 'imagenes_tecnocasa\\anuncio_1109\\21.jpeg', 'imagenes_tecnocasa\\anuncio_1109\\22.jpeg', 'imagenes_tecnocasa\\anuncio_1109\\23.jpeg', 'imagenes_tecnocasa\\anuncio_1109\\24.jpeg', 'imagenes_tecnocasa\\anuncio_1109\\25.jpeg', 'imagenes_tecnocasa\\anuncio_1109\\26.jpeg']",1,Popular,1991,1,0,0,piso,2,Las Rozas De Madrid,Las Rozas De Madrid,40.4933095,-3.8758396,1109,3274.336283185841,266.0,154.0,0.2,0.30000000000000004,0.0,0.0,parquet,pintura,corredera,estándar (2.4-2.8m),nada,4.8,4.8,convencional,"['#D2691E', '#F5F5DC', '#FFFFFF']",buena,False,convencional,normal,ninguno,ninguno,estándar,básica,ninguno,8.0,7.0,ninguna,5
https://www.tecnocasa.es/venta/piso/madrid/navalcarnero/598062.html,219900.0,3,83.0,1,"Agencia inmobiliaria de Navalcarnero

PISO CON PISCINA CERCANO AL CENTRO de 83 m2

Compuesto por:

Tres amplios dormitorios con armarios empotrados, un cuarto de baño completo, amplio salon con terraza y cocina amueblada con patio.

La vivienda se encuentra para actualizar: ventanas en aluminio, puertas de paso en blanco, suelos en gres y terrazo, armarios empotrados. Cocina y baño reformados recientemente.
ZONAS COMUNES CON PISCINA

El piso se encuentra enclavado en una excelente zona del centro de Navalcarnero, a solamente diez minutos andando de la plaza de Segovia.

La vivienda se encuentra excelentamente situada, con buen acceso tanto a la autovia como al centro del municipio. Navalcarnero cuenta con todos los servicios tales como farmacias, supermercados, excelentes colegios, zonas verdes, comercios, centro medico, asi mismo, se encuentra a menos de 10 minutos en coche del hospital mas cercano.

En el caso de que necesite financiación, disponemos de un departamento financiero que estará encantado de atenderle y facilitarle la mejor financiacion del mercado, con una cuota para esta vivienda desde 610/mes (consultar condiciones).",0,0,1,1,0,1,0,1,0,1,"['https://cdn-media.medialabtc.it/es/agencies/md590/estates/598062/images/8459740/gallery_media.jpeg', 'https://cdn-media.medialabtc.it/es/agencies/md590/estates/598062/images/8459738/gallery_media.jpeg', 'https://cdn-media.medialabtc.it/es/agencies/md590/estates/598062/images/8459752/gallery_media.jpeg', 'https://cdn-media.medialabtc.it/es/agencies/md590/estates/598062/images/8459754/gallery_media.jpeg', 'https://cdn-media.medialabtc.it/es/agencies/md590/estates/598062/images/8459717/gallery_media.jpeg', 'https://cdn-media.medialabtc.it/es/agencies/md590/estates/598062/images/8459743/gallery_media.jpeg', 'https://cdn-media.medialabtc.it/es/agencies/md590/estates/598062/images/8459755/gallery_media.jpeg', 'https://cdn-media.medialabtc.it/es/agencies/md590/estates/598062/images/8459742/gallery_media.jpeg', 'https://cdn-media.medialabtc.it/es/agencies/md590/estates/598062/images/8459735/gallery_media.jpeg', 'https://cdn-media.medialabtc.it/es/agencies/md590/estates/598062/images/8459748/gallery_media.jpeg', 'https://cdn-media.medialabtc.it/es/agencies/md590/estates/598062/images/8459744/gallery_media.jpeg', 'https://cdn-media.medialabtc.it/es/agencies/md590/estates/598062/images/8459737/gallery_media.jpeg', 'https://cdn-media.medialabtc.it/es/agencies/md590/estates/598062/images/8459741/gallery_media.jpeg', 'https://cdn-media.medialabtc.it/es/agencies/md590/estates/598062/images/8459746/gallery_media.jpeg', 'https://cdn-media.medialabtc.it/es/agencies/md590/estates/598062/images/8459753/gallery_media.jpeg', 'https://cdn-media.medialabtc.it/es/agencies/md590/estates/598062/images/8459745/gallery_media.jpeg', 'https://cdn-media.medialabtc.it/es/agencies/md590/estates/598062/images/8459750/gallery_media.jpeg', 'https://cdn-media.medialabtc.it/es/agencies/md590/estates/598062/images/8459747/gallery_media.jpeg', 'https://cdn-media.medialabtc.it/es/agencies/md590/estates/598062/images/8459736/gallery_media.jpeg', 'https://cdn-media.medialabtc.it/es/agencies/md590/estates/598062/images/8459751/gallery_media.jpeg', 'https://cdn-media.medialabtc.it/es/agencies/md590/estates/598062/images/8459739/gallery_media.jpeg', 'https://cdn-media.medialabtc.it/es/agencies/md590/estates/598062/images/8459749/gallery_media.jpeg']",0,Desconocido,0,0,1,1,0,G,0,0,"['imagenes_tecnocasa\\anuncio_1111\\0.jpeg', 'imagenes_tecnocasa\\anuncio_1111\\1.jpeg', 'imagenes_tecnocasa\\anuncio_1111\\2.jpeg', 'imagenes_tecnocasa\\anuncio_1111\\3.jpeg', 'imagenes_tecnocasa\\anuncio_1111\\4.jpeg', 'imagenes_tecnocasa\\anuncio_1111\\5.jpeg', 'imagenes_tecnocasa\\anuncio_1111\\6.jpeg', 'imagenes_tecnocasa\\anuncio_1111\\7.jpeg', 'imagenes_tecnocasa\\anuncio_1111\\8.jpeg', 'imagenes_tecnocasa\\anuncio_1111\\9.jpeg', 'imagenes_tecnocasa\\anuncio_1111\\10.jpeg', 'imagenes_tecnocasa\\anuncio_1111\\11.jpeg', 'imagenes_tecnocasa\\anuncio_1111\\12.jpeg', 'imagenes_tecnocasa\\anuncio_1111\\13.jpeg', 'imagenes_tecnocasa\\anuncio_1111\\14.jpeg', 'imagenes_tecnocasa\\anuncio_1111\\15.jpeg', 'imagenes_tecnocasa\\anuncio_1111\\16.jpeg', 'imagenes_tecnocasa\\anuncio_1111\\17.jpeg', 'imagenes_tecnocasa\\anuncio_1111\\18.jpeg', 'imagenes_tecnocasa\\anuncio_1111\\19.jpeg', 'imagenes_tecnocasa\\anuncio_1111\\20.jpeg', 'imagenes_tecnocasa\\anuncio_1111\\21.jpeg']",0,Media,1971,1,0,0,piso,1,Navalcarnero,Navalcarnero,40.2877169,-4.014299,1111,2649.397590361446,172.0,121.0,0.0,0.0,2.0,0.0,otro,pintura,corredera,estándar (2.4-2.8m),nada,3.2,2.2,convencional,"['#FFD700', '#FFFFFF', '#A0522D']",regular,False,convencional,limitado,ninguno,ninguno,estándar,básica,ninguno,6.4,5.4,ninguna,5
https://www.tecnocasa.es/venta/piso/madrid/navalcarnero/609054.html,259900.0,3,76.0,2,"PISO SEMINUEVO EN EL PINAR DE 157 m2 SEGUN CATASTRO CON 2 GARAJES Y TRASTERO

Compuesto por:

Tres amplios dormitorios, dos cuartos de baño completos, amplio salon con terraza y cocina amueblada con tendedero.

Excelentes calidades: ventanas en climalit, puertas de paso en roble, calefaccion de gas natural, suelos en flotante y armarios empotrados.

DISPONE DE DOS PLAZAS DE GARAJE Y TRASTERO INCLUIDOS EN EL PRECIO

El piso se encuentra enclavado en la zona mas nueva de Navalcarnero construida en el año 2009, a solamente cinco minutos en coche de la plaza de Segovia. La vivienda esta calificada como VPPL.

El Pinar de Navalcarnero se encuentra excelentemente situado, con buen acceso tanto a la autovia como al centro del municipio. Navalcarnero cuenta con todos los servicios tales como farmacias, supermercados, excelentes colegios, zonas verdes, comercios, centro medico, asi mismo, se encuentra a menos de 10 minutos en coche del hospital mas cercano.

En el caso de que necesite financiación, disponemos de un departamento financiero que estará encantado de atenderle y facilitarle la mejor financiacion del mercado, con una cuota para esta vivienda desde 742 /mes (consultar condiciones).",0,0,1,0,1,1,0,0,1,0,"['https://cdn-media.medialabtc.it/es/agencies/md590/estates/609054/images/8718941/gallery_media.jpeg', 'https://cdn-media.medialabtc.it/es/agencies/md590/estates/609054/images/8718983/gallery_media.jpeg', 'https://cdn-media.medialabtc.it/es/agencies/md590/estates/609054/images/8718969/gallery_media.jpeg', 'https://cdn-media.medialabtc.it/es/agencies/md590/estates/609054/images/8718965/gallery_media.jpeg', 'https://cdn-media.medialabtc.it/es/agencies/md590/estates/609054/images/8718939/gallery_media.jpeg', 'https://cdn-media.medialabtc.it/es/agencies/md590/estates/609054/images/8718971/gallery_media.jpeg', 'https://cdn-media.medialabtc.it/es/agencies/md590/estates/609054/images/8718967/gallery_media.jpeg', 'https://cdn-media.medialabtc.it/es/agencies/md590/estates/609054/images/8718975/gallery_media.jpeg', 'https://cdn-media.medialabtc.it/es/agencies/md590/estates/609054/images/8718940/gallery_media.jpeg', 'https://cdn-media.medialabtc.it/es/agencies/md590/estates/609054/images/8718976/gallery_media.jpeg', 'https://cdn-media.medialabtc.it/es/agencies/md590/estates/609054/images/8718938/gallery_media.jpeg', 'https://cdn-media.medialabtc.it/es/agencies/md590/estates/609054/images/8718963/gallery_media.jpeg', 'https://cdn-media.medialabtc.it/es/agencies/md590/estates/609054/images/8718970/gallery_media.jpeg', 'https://cdn-media.medialabtc.it/es/agencies/md590/estates/609054/images/8718968/gallery_media.jpeg', 'https://cdn-media.medialabtc.it/es/agencies/md590/estates/609054/images/8718962/gallery_media.jpeg', 'https://cdn-media.medialabtc.it/es/agencies/md590/estates/609054/images/8718973/gallery_media.jpeg', 'https://cdn-media.medialabtc.it/es/agencies/md590/estates/609054/images/8718964/gallery_media.jpeg', 'https://cdn-media.medialabtc.it/es/agencies/md590/estates/609054/images/8718974/gallery_media.jpeg', 'https://cdn-media.medialabtc.it/es/agencies/md590/estates/609054/images/8718982/gallery_media.jpeg', 'https://cdn-media.medialabtc.it/es/agencies/md590/estates/609054/images/8718977/gallery_media.jpeg']",0,Desconocido,1,1,0,1,0,E,0,0,"['imagenes_tecnocasa\\anuncio_1112\\0.jpeg', 'imagenes_tecnocasa\\anuncio_1112\\1.jpeg', 'imagenes_tecnocasa\\anuncio_1112\\2.jpeg', 'imagenes_tecnocasa\\anuncio_1112\\3.jpeg', 'imagenes_tecnocasa\\anuncio_1112\\4.jpeg', 'imagenes_tecnocasa\\anuncio_1112\\5.jpeg', 'imagenes_tecnocasa\\anuncio_1112\\6.jpeg', 'imagenes_tecnocasa\\anuncio_1112\\7.jpeg', 'imagenes_tecnocasa\\anuncio_1112\\8.jpeg', 'imagenes_tecnocasa\\anuncio_1112\\9.jpeg', 'imagenes_tecnocasa\\anuncio_1112\\10.jpeg', 'imagenes_tecnocasa\\anuncio_1112\\11.jpeg', 'imagenes_tecnocasa\\anuncio_1112\\12.jpeg', 'imagenes_tecnocasa\\anuncio_1112\\13.jpeg', 'imagenes_tecnocasa\\anuncio_1112\\14.jpeg', 'imagenes_tecnocasa\\anuncio_1112\\15.jpeg', 'imagenes_tecnocasa\\anuncio_1112\\16.jpeg', 'imagenes_tecnocasa\\anuncio_1112\\17.jpeg', 'imagenes_tecnocasa\\anuncio_1112\\18.jpeg', 'imagenes_tecnocasa\\anuncio_1112\\19.jpeg']",1,Media,2009,1,0,0,piso,1,Navalcarnero,Navalcarnero,40.2877169,-4.014299,1112,3419.7368421052633,187.0,135.0,0.1,0.4,1.0,0.0,parquet,pintura,corredera,estándar (2.4-2.8m),nada,3.4,4.6,moderno,"['#D8BFD8', '#E1E1E1', '#A9A9A9']",buena,False,convencional,limitado,ninguno,ninguno,estándar,básica,ninguno,7.0,6.0,ninguna,5
https://www.tecnocasa.es/venta/piso/madrid/navalcarnero/608404.html,275000.0,2,140.0,2,"Agencia inmobiliaria de Navalcarnero

DUPLEX SEMINUEVO EN EL PINAR DE 100 m2 SEGUN CATASTRO CON 2 GARAJES Y TRASTERO

Compuesto por:

Dos amplios dormitorios con armarios empotrados, dos cuartos de baño, amplio salon con terraza y cocina amueblada con tendedero.

Excelentes calidades: ventanas en climalit, puertas de paso en roble, calefaccion de gas natural, suelos en tarima flotante y armarios empotrados.

DISPONE DE DOS PLAZAS DE GARAJE Y TRASTERO INCLUIDOS EN EL PRECIO

El piso se encuentra enclavado en la zona mas nueva de Navalcarnero construida en el año 2008, a solamente cinco minutos en coche de la plaza de Segovia.

El Pinar de Navalcarnero se encuentra excelentemente situado, con buen acceso tanto a la autovia como al centro del municipio. Navalcarnero cuenta con todos los servicios tales como farmacias, supermercados, excelentes colegios, zonas verdes, comercios, centro medico, asi mismo, se encuentra a menos de 10 minutos en coche del hospital mas cercano.

En el caso de que necesite financiación, disponemos de un departamento financiero que estará encantado de atenderle y facilitarle la mejor financiacion del mercado, con una cuota para esta vivienda desde 759 /mes (consultar condiciones).",0,0,1,0,1,1,0,0,1,0,"['https://cdn-media.medialabtc.it/es/agencies/md590/estates/608404/images/8704842/gallery_media.jpeg', 'https://cdn-media.medialabtc.it/es/agencies/md590/estates/608404/images/8704835/gallery_media.jpeg', 'https://cdn-media.medialabtc.it/es/agencies/md590/estates/608404/images/8704819/gallery_media.jpeg', 'https://cdn-media.medialabtc.it/es/agencies/md590/estates/608404/images/8704821/gallery_media.jpeg', 'https://cdn-media.medialabtc.it/es/agencies/md590/estates/608404/images/8704820/gallery_media.jpeg', 'https://cdn-media.medialabtc.it/es/agencies/md590/estates/608404/images/8704845/gallery_media.jpeg', 'https://cdn-media.medialabtc.it/es/agencies/md590/estates/608404/images/8704815/gallery_media.jpeg', 'https://cdn-media.medialabtc.it/es/agencies/md590/estates/608404/images/8704814/gallery_media.jpeg', 'https://cdn-media.medialabtc.it/es/agencies/md590/estates/608404/images/8704816/gallery_media.jpeg', 'https://cdn-media.medialabtc.it/es/agencies/md590/estates/608404/images/8704813/gallery_media.jpeg', 'https://cdn-media.medialabtc.it/es/agencies/md590/estates/608404/images/8704817/gallery_media.jpeg', 'https://cdn-media.medialabtc.it/es/agencies/md590/estates/608404/images/8704818/gallery_media.jpeg', 'https://cdn-media.medialabtc.it/es/agencies/md590/estates/608404/images/8704843/gallery_media.jpeg', 'https://cdn-media.medialabtc.it/es/agencies/md590/estates/608404/images/8704836/gallery_media.jpeg', 'https://cdn-media.medialabtc.it/es/agencies/md590/estates/608404/images/8704844/gallery_media.jpeg']",0,Desconocido,1,1,0,1,0,E,0,0,"['imagenes_tecnocasa\\anuncio_1113\\0.jpeg', 'imagenes_tecnocasa\\anuncio_1113\\1.jpeg', 'imagenes_tecnocasa\\anuncio_1113\\2.jpeg', 'imagenes_tecnocasa\\anuncio_1113\\3.jpeg', 'imagenes_tecnocasa\\anuncio_1113\\4.jpeg', 'imagenes_tecnocasa\\anuncio_1113\\5.jpeg', 'imagenes_tecnocasa\\anuncio_1113\\6.jpeg', 'imagenes_tecnocasa\\anuncio_1113\\7.jpeg', 'imagenes_tecnocasa\\anuncio_1113\\8.jpeg', 'imagenes_tecnocasa\\anuncio_1113\\9.jpeg', 'imagenes_tecnocasa\\anuncio_1113\\10.jpeg', 'imagenes_tecnocasa\\anuncio_1113\\11.jpeg', 'imagenes_tecnocasa\\anuncio_1113\\12.jpeg', 'imagenes_tecnocasa\\anuncio_1113\\13.jpeg', 'imagenes_tecnocasa\\anuncio_1113\\14.jpeg']",0,Media,2008,1,0,0,piso,1,Navalcarnero,Navalcarnero,40.2877169,-4.014299,1113,1964.2857142857142,188.0,135.0,0.1,0.4,1.0,0.0,otro,pintura,corredera,estándar (2.4-2.8m),nada,3.6,5.6,moderno,"['#D2691E', '#007bff', '#FFFFFF']",buena,False,convencional,normal,ninguno,ninguno,estándar,básica,ninguno,6.8,5.8,ninguna,5
https://www.tecnocasa.es/venta/piso/madrid/madrid/614626.html,179999.0,3,64.0,1,"'TECNOCASA ''Estudio Hellín-Las Musas 2020 S. L. '' Vende piso de 64 metros cuadrados construidos en la zona de Hellín.

Una PRIMERA PLANTA, totalmente exterior. PARA ENTRAR A VIVIR. Antiguamente Compuesta de 3 dormitorios ahora de 2 Dormitorios, un baño completo con plato de ducha, salón amplio y luminoso y una cocina independiente y equipada. Tiene suelo de gres, ventanas aluminio, vitrocerámica. Tiene puerta blindada.
Dispone de Calefacción individual: eléctrica.

Orientación Norte-Sur. Muy luminoso. Muy buena ubicación.
El inmueble se encuentra situado muy cerca del Metro San Blas L7, y entre metro de Avenida Guadalajara L2 y metro de Simancas L7. Es una zona muy bien comunicada, con comercios, colegios, zonas verdes, polideportivo, centro comercial. !

Sitios cercanos: colegios, polideportivo, centro de salud, cerca del centro comercial las rosas a menos de 500 metros bares y restaurantes zonas verdes.
'Le buscamos la hipoteca hasta el 100%. Los profesionales Kiron, gracias a un profundo conocimiento del mercado bancario, le ayudan a encontrar la solución hipotecaria que mejor de adapte a sus preferencias'.",1,0,1,1,1,1,0,1,1,1,"['https://cdn-media.medialabtc.it/es/agencies/md052/estates/614626/images/8829465/gallery_media.jpeg', 'https://cdn-media.medialabtc.it/es/agencies/md052/estates/614626/images/8829477/gallery_media.jpeg', 'https://cdn-media.medialabtc.it/es/agencies/md052/estates/614626/images/8829478/gallery_media.jpeg', 'https://cdn-media.medialabtc.it/es/agencies/md052/estates/614626/images/8829479/gallery_media.jpeg', 'https://cdn-media.medialabtc.it/es/agencies/md052/estates/614626/images/8829476/gallery_media.jpeg', 'https://cdn-media.medialabtc.it/es/agencies/md052/estates/614626/images/8829470/gallery_media.jpeg', 'https://cdn-media.medialabtc.it/es/agencies/md052/estates/614626/images/8829466/gallery_media.jpeg', 'https://cdn-media.medialabtc.it/es/agencies/md052/estates/614626/images/8829469/gallery_media.jpeg', 'https://cdn-media.medialabtc.it/es/agencies/md052/estates/614626/images/8829468/gallery_media.jpeg', 'https://cdn-media.medialabtc.it/es/agencies/md052/estates/614626/images/8829471/gallery_media.jpeg', 'https://cdn-media.medialabtc.it/es/agencies/md052/estates/614626/images/8829467/gallery_media.jpeg', 'https://cdn-media.medialabtc.it/es/agencies/md052/estates/614626/images/8829472/gallery_media.jpeg', 'https://cdn-media.medialabtc.it/es/agencies/md052/estates/614626/images/8829474/gallery_media.jpeg', 'https://cdn-media.medialabtc.it/es/agencies/md052/estates/614626/images/8829475/gallery_media.jpeg', 'https://cdn-media.medialabtc.it/es/agencies/md052/estates/614626/images/8829473/gallery_media.jpeg']",0,Desconocido,0,0,0,0,0,F,0,0,"['imagenes_tecnocasa\\anuncio_1114\\0.jpeg', 'imagenes_tecnocasa\\anuncio_1114\\1.jpeg', 'imagenes_tecnocasa\\anuncio_1114\\2.jpeg', 'imagenes_tecnocasa\\anuncio_1114\\3.jpeg', 'imagenes_tecnocasa\\anuncio_1114\\4.jpeg', 'imagenes_tecnocasa\\anuncio_1114\\5.jpeg', 'imagenes_tecnocasa\\anuncio_1114\\6.jpeg', 'imagenes_tecnocasa\\anuncio_1114\\7.jpeg', 'imagenes_tecnocasa\\anuncio_1114\\8.jpeg', 'imagenes_tecnocasa\\anuncio_1114\\9.jpeg', 'imagenes_tecnocasa\\anuncio_1114\\10.jpeg', 'imagenes_tecnocasa\\anuncio_1114\\11.jpeg', 'imagenes_tecnocasa\\anuncio_1114\\12.jpeg', 'imagenes_tecnocasa\\anuncio_1114\\13.jpeg', 'imagenes_tecnocasa\\anuncio_1114\\14.jpeg']",1,Popular,1960,1,0,0,piso,1,Madrid,"Canillejas, Madrid",40.4167047,-3.7035825,1114,2812.484375,171.0,133.0,0.0,0.4,2.0,0.0,cerámica,pintura,corredera,estándar (2.4-2.8m),nada,3.2,2.8,clásico,"['#F5E7D0', '#D2B48C', '#FFE4C4']",regular,False,convencional,limitado,ninguno,ninguno,estándar,básica,ninguno,6.0,6.2,ninguna,5
https://www.tecnocasa.es/venta/piso/madrid/madrid/614770.html,299000.0,1,126.0,1,"Agencia Inmobiliaria de MADRID Zona JOSÉ DEL HIERRO - ARTURO SORIA

¡Descubre el potencial de este encantador piso en la calle Mandarina! Ubicado en una de las zonas más tranquilas y verdes de Madrid

TECNOCASA → CIUDAD LINEAL - ARTURO SORIA - CONCEPCIÓN.

Esta vivienda situada en la primera planta de 105 m² útiles te ofrece la oportunidad de crear el hogar de tus sueños.

Con una distribución que incluye una habitación, un salón luminoso, cocina y un cuarto de baño, este espacio es ideal para aquellos que buscan personalizar su hogar desde cero.

ITE del edificio favorable.

LE INTERESA ESTA VIVIENDA, PASE SU PROPUESTA COMERCIAL A NUESTRO EQUIPO DE ASESORES

La zona está equipada con todos los servicios; supermercados, comercios, cafeterías, colegios privados y públicos, polideportivos, Centros Comerciales y zonas verdes.

Zona comunicada con las Líneas 5 (Alameda de Osuna-Casa de Campo) y 7 (Hospital del Henares-Pitis) de metro.

Buses directos a Callao, Manuel Becerra, Canillejas, Plaza Castilla y Las Rosas.

Estaremos encantados de ampliarle información sobre la vivienda o asesorarle sobre las posibilidades de reforma y decoración que disponemos. Si tiene problemas con la financiación, también le ayudaremos.

Estamos en la calle José del Hierro Nº39.",1,0,1,1,1,1,1,1,1,1,"['https://cdn-media.medialabtc.it/es/agencies/mdaqc/estates/614770/images/8832685/gallery_media.jpeg', 'https://cdn-media.medialabtc.it/es/agencies/mdaqc/estates/614770/images/8832679/gallery_media.jpeg', 'https://cdn-media.medialabtc.it/es/agencies/mdaqc/estates/614770/images/8832676/gallery_media.jpeg', 'https://cdn-media.medialabtc.it/es/agencies/mdaqc/estates/614770/images/8832674/gallery_media.jpeg', 'https://cdn-media.medialabtc.it/es/agencies/mdaqc/estates/614770/images/8832713/gallery_media.jpeg', 'https://cdn-media.medialabtc.it/es/agencies/mdaqc/estates/614770/images/8832684/gallery_media.jpeg', 'https://cdn-media.medialabtc.it/es/agencies/mdaqc/estates/614770/images/8832677/gallery_media.jpeg', 'https://cdn-media.medialabtc.it/es/agencies/mdaqc/estates/614770/images/8832686/gallery_media.jpeg', 'https://cdn-media.medialabtc.it/es/agencies/mdaqc/estates/614770/images/8832683/gallery_media.jpeg', 'https://cdn-media.medialabtc.it/es/agencies/mdaqc/estates/614770/images/8832681/gallery_media.jpeg', 'https://cdn-media.medialabtc.it/es/agencies/mdaqc/estates/614770/images/8832682/gallery_media.jpeg', 'https://cdn-media.medialabtc.it/es/agencies/mdaqc/estates/614770/images/8832678/gallery_media.jpeg', 'https://cdn-media.medialabtc.it/es/agencies/mdaqc/estates/614770/images/8832692/gallery_media.jpeg', 'https://cdn-media.medialabtc.it/es/agencies/mdaqc/estates/614770/images/8832688/gallery_media.jpeg', 'https://cdn-media.medialabtc.it/es/agencies/mdaqc/estates/614770/images/8832689/gallery_media.jpeg', 'https://cdn-media.medialabtc.it/es/agencies/mdaqc/estates/614770/images/8832687/gallery_media.jpeg', 'https://cdn-media.medialabtc.it/es/agencies/mdaqc/estates/614770/images/8832691/gallery_media.jpeg', 'https://cdn-media.medialabtc.it/es/agencies/mdaqc/estates/614770/images/8832680/gallery_media.jpeg', 'https://cdn-media.medialabtc.it/es/agencies/mdaqc/estates/614770/images/8832690/gallery_media.jpeg', 'https://cdn-media.medialabtc.it/es/agencies/mdaqc/estates/614770/images/8832675/gallery_media.jpeg']",0,Desconocido,0,0,0,0,0,E,0,0,"['imagenes_tecnocasa\\anuncio_1115\\0.jpeg', 'imagenes_tecnocasa\\anuncio_1115\\1.jpeg', 'imagenes_tecnocasa\\anuncio_1115\\2.jpeg', 'imagenes_tecnocasa\\anuncio_1115\\3.jpeg', 'imagenes_tecnocasa\\anuncio_1115\\4.jpeg', 'imagenes_tecnocasa\\anuncio_1115\\5.jpeg', 'imagenes_tecnocasa\\anuncio_1115\\6.jpeg', 'imagenes_tecnocasa\\anuncio_1115\\7.jpeg', 'imagenes_tecnocasa\\anuncio_1115\\8.jpeg', 'imagenes_tecnocasa\\anuncio_1115\\9.jpeg', 'imagenes_tecnocasa\\anuncio_1115\\10.jpeg', 'imagenes_tecnocasa\\anuncio_1115\\11.jpeg', 'imagenes_tecnocasa\\anuncio_1115\\12.jpeg', 'imagenes_tecnocasa\\anuncio_1115\\13.jpeg', 'imagenes_tecnocasa\\anuncio_1115\\14.jpeg', 'imagenes_tecnocasa\\anuncio_1115\\15.jpeg', 'imagenes_tecnocasa\\anuncio_1115\\16.jpeg', 'imagenes_tecnocasa\\anuncio_1115\\17.jpeg', 'imagenes_tecnocasa\\anuncio_1115\\18.jpeg', 'imagenes_tecnocasa\\anuncio_1115\\19.jpeg']",0,Popular,1967,0,0,0,piso,1,Madrid,"Pueblo Nuevo, Madrid",40.4167047,-3.7035825,1115,2373.0158730158732,198.0,149.0,0.9,1.0,1.0,1.0,otro,pintura,otro,estándar (2.4-2.8m),nada,4.4,4.8,moderno,"['#E07A5F', '#FFFFFF', '#A0522D']",buena,False,convencional,normal,ninguno,ninguno,estándar,básica,ninguno,7.6,7.4,ninguna,5
https://www.tecnocasa.es/venta/piso/madrid/madrid/563914.html,395000.0,2,118.0,2,"Inmobiliaria en Opañel, San Isidro - Tecnocasa Estudio Inm San Isidro Agencia inmobiliaria de Madrid zona Carabanchel Tecnocasa ESTUDIO INM SAN ISIDRO SL
EN VENTA Nueva promoción de obra nueva en Carabanchel. Son 5 viviendas de 2 dormitorios y 2 dos baños, todas ellas con trastero.
Se conforma por una bajo con un patio de 65 metros y 4 viviendas dúplex distribuidos de la siguiente manera: primera planta salón-cocina, dormitorio doble y un baño en la segunda planta dormitorio doble y un baño, incluido los áticos
Ubicada en la calle Vicenta Pachón 4, un emplazamiento tranquilo junto al parque de San Isidro,
La situación de la promoción facilita la comunicación a través de transporte público, ya que está cercana a la Estación de Metro de Urgel y varias líneas de autobuses urbanos por su cercanía a la calle General Ricardos.
Todas las viviendas contaran con calidades excelente, aerotérmica suelo radiante y refrescante. Ventanas Climalit con rotura de puente térmico oscilobatientes, viviendas exteriores con doble orientación, y por tanto con ventilación cruzada. Finca con ascensor y trastero.
Conseguimos la mejor hipoteca con nuestro departamento financiero KIRON hasta el 100%.",1,1,1,1,1,1,0,1,1,1,"['https://cdn-media.medialabtc.it/es/agencies/md057/estates/563914/images/7666022/gallery_media.jpeg', 'https://cdn-media.medialabtc.it/es/agencies/md057/estates/563914/images/7666064/gallery_media.jpeg', 'https://cdn-media.medialabtc.it/es/agencies/md057/estates/563914/images/7666024/gallery_media.jpeg', 'https://cdn-media.medialabtc.it/es/agencies/md057/estates/563914/images/7666059/gallery_media.jpeg', 'https://cdn-media.medialabtc.it/es/agencies/md057/estates/563914/images/7666056/gallery_media.jpeg', 'https://cdn-media.medialabtc.it/es/agencies/md057/estates/563914/images/7666061/gallery_media.jpeg', 'https://cdn-media.medialabtc.it/es/agencies/md057/estates/563914/images/7666023/gallery_media.jpeg', 'https://cdn-media.medialabtc.it/es/agencies/md057/estates/563914/images/7666053/gallery_media.jpeg', 'https://cdn-media.medialabtc.it/es/agencies/md057/estates/563914/images/7666055/gallery_media.jpeg', 'https://cdn-media.medialabtc.it/es/agencies/md057/estates/563914/images/7666060/gallery_media.jpeg', 'https://cdn-media.medialabtc.it/es/agencies/md057/estates/563914/images/7666054/gallery_media.jpeg', 'https://cdn-media.medialabtc.it/es/agencies/md057/estates/563914/images/7666063/gallery_media.jpeg', 'https://cdn-media.medialabtc.it/es/agencies/md057/estates/563914/images/7666057/gallery_media.jpeg', 'https://cdn-media.medialabtc.it/es/agencies/md057/estates/563914/images/7666021/gallery_media.jpeg', 'https://cdn-media.medialabtc.it/es/agencies/md057/estates/563914/images/7666058/gallery_media.jpeg', 'https://cdn-media.medialabtc.it/es/agencies/md057/estates/563914/images/7666062/gallery_media.jpeg']",0,Desconocido,0,1,0,0,0,A,0,0,"['imagenes_tecnocasa\\anuncio_1116\\0.jpeg', 'imagenes_tecnocasa\\anuncio_1116\\1.jpeg', 'imagenes_tecnocasa\\anuncio_1116\\2.jpeg', 'imagenes_tecnocasa\\anuncio_1116\\3.jpeg', 'imagenes_tecnocasa\\anuncio_1116\\4.jpeg', 'imagenes_tecnocasa\\anuncio_1116\\5.jpeg', 'imagenes_tecnocasa\\anuncio_1116\\6.jpeg', 'imagenes_tecnocasa\\anuncio_1116\\7.jpeg', 'imagenes_tecnocasa\\anuncio_1116\\8.jpeg', 'imagenes_tecnocasa\\anuncio_1116\\9.jpeg', 'imagenes_tecnocasa\\anuncio_1116\\10.jpeg', 'imagenes_tecnocasa\\anuncio_1116\\11.jpeg', 'imagenes_tecnocasa\\anuncio_1116\\12.jpeg', 'imagenes_tecnocasa\\anuncio_1116\\13.jpeg', 'imagenes_tecnocasa\\anuncio_1116\\14.jpeg', 'imagenes_tecnocasa\\anuncio_1116\\15.jpeg']",1,De época,1998,1,0,1,piso,1,Madrid,"Opañel - San Isidro, Madrid",40.4167047,-3.7035825,1116,3347.4576271186443,188.0,131.0,0.05000000000000002,0.5,1.0,0.0,otro,otro,otro,otro,nada,2.0,2.0,otro,"['#F2E9E1', '#A0522D', '#8B4513']",regular,False,otro,otro,ninguno,ninguno,otro,otro,ninguno,7.2,7.0,ninguna,5
https://www.tecnocasa.es/venta/piso/madrid/madrid/587898.html,235000.0,4,121.0,2,"Agencia inmobiliaria de Madrid zona Palomeras Tecnocasa Oficina Villalobos Slu

Vende piso exterior de 4 dormitorios y dos baños completos, de 121 m2 (dato según catastro) ubicado en una segunda planta con ascensor.

TECNOCASA → VILLALOBOS - PALOMERAS SURESTE - PORTAZGO.

La vivienda se distribuye de la siguiente forma:

Al ingresar, te recibirá un hall que sirve de distribuidor entre la cocina y el salón.
Salón - comedor amplio con aire acondicionado y salida a una agradable terraza de muy buen tamaño con orientación sur.

Cocina independiente de un excelente tamaño con un tendedero anexo.

Cuatro dormitorios con armarios empotrados, uno de ellos en suite con un cuarto de baño con bañera.
Dispone de un segundo cuarto de baño con plato de ducha.

La vivienda se encuentra en una zona con muy buena comunicación, sobre la Av/ Pablo Neruda y a escasos metros de la Avda. de Buenos Aires. Fácil y rápido acceso a las principales vías de entrada y salida de Madrid. Conexión M-30, M-40 y A-3. Excelente comunicación por autobuses, metro y Renfe.

Con todos los servicios como centros de salud, farmacias, colegios, institutos, bancos, supermercado, polideportivos…

Si se ajusta a sus criterios y busca una buena oportunidad esta vivienda puede ser la suya, venga a verla, y si necesita financiación quedan a su disposición nuestros compañeros del departamento financiero Kíron para ofrecerle la mejor opción de financiación.
¡No dude en venir a verlo!

Muchas gracias por su confianza.",1,1,1,1,1,1,0,1,0,1,"['https://cdn-media.medialabtc.it/es/agencies/md099/estates/587898/images/8227438/gallery_media.jpeg', 'https://cdn-media.medialabtc.it/es/agencies/md099/estates/587898/images/8227432/gallery_media.jpeg', 'https://cdn-media.medialabtc.it/es/agencies/md099/estates/587898/images/8537612/gallery_media.jpeg', 'https://cdn-media.medialabtc.it/es/agencies/md099/estates/587898/images/8227431/gallery_media.jpeg', 'https://cdn-media.medialabtc.it/es/agencies/md099/estates/587898/images/8227444/gallery_media.jpeg', 'https://cdn-media.medialabtc.it/es/agencies/md099/estates/587898/images/8227439/gallery_media.jpeg', 'https://cdn-media.medialabtc.it/es/agencies/md099/estates/587898/images/8227437/gallery_media.jpeg', 'https://cdn-media.medialabtc.it/es/agencies/md099/estates/587898/images/8227443/gallery_media.jpeg', 'https://cdn-media.medialabtc.it/es/agencies/md099/estates/587898/images/8227427/gallery_media.jpeg', 'https://cdn-media.medialabtc.it/es/agencies/md099/estates/587898/images/8227429/gallery_media.jpeg', 'https://cdn-media.medialabtc.it/es/agencies/md099/estates/587898/images/8227440/gallery_media.jpeg', 'https://cdn-media.medialabtc.it/es/agencies/md099/estates/587898/images/8227435/gallery_media.jpeg', 'https://cdn-media.medialabtc.it/es/agencies/md099/estates/587898/images/8227434/gallery_media.jpeg', 'https://cdn-media.medialabtc.it/es/agencies/md099/estates/587898/images/8227428/gallery_media.jpeg', 'https://cdn-media.medialabtc.it/es/agencies/md099/estates/587898/images/8227442/gallery_media.jpeg', 'https://cdn-media.medialabtc.it/es/agencies/md099/estates/587898/images/8227436/gallery_media.jpeg', 'https://cdn-media.medialabtc.it/es/agencies/md099/estates/587898/images/8227433/gallery_media.jpeg', 'https://cdn-media.medialabtc.it/es/agencies/md099/estates/587898/images/8227430/gallery_media.jpeg', 'https://cdn-media.medialabtc.it/es/agencies/md099/estates/587898/images/8227441/gallery_media.jpeg']",0,Desconocido,0,0,0,1,0,E,0,0,"['imagenes_tecnocasa\\anuncio_1119\\0.jpeg', 'imagenes_tecnocasa\\anuncio_1119\\1.jpeg', 'imagenes_tecnocasa\\anuncio_1119\\2.jpeg', 'imagenes_tecnocasa\\anuncio_1119\\3.jpeg', 'imagenes_tecnocasa\\anuncio_1119\\4.jpeg', 'imagenes_tecnocasa\\anuncio_1119\\5.jpeg', 'imagenes_tecnocasa\\anuncio_1119\\6.jpeg', 'imagenes_tecnocasa\\anuncio_1119\\7.jpeg', 'imagenes_tecnocasa\\anuncio_1119\\8.jpeg', 'imagenes_tecnocasa\\anuncio_1119\\9.jpeg', 'imagenes_tecnocasa\\anuncio_1119\\10.jpeg', 'imagenes_tecnocasa\\anuncio_1119\\11.jpeg', 'imagenes_tecnocasa\\anuncio_1119\\12.jpeg', 'imagenes_tecnocasa\\anuncio_1119\\13.jpeg', 'imagenes_tecnocasa\\anuncio_1119\\14.jpeg', 'imagenes_tecnocasa\\anuncio_1119\\15.jpeg', 'imagenes_tecnocasa\\anuncio_1119\\16.jpeg', 'imagenes_tecnocasa\\anuncio_1119\\17.jpeg', 'imagenes_tecnocasa\\anuncio_1119\\18.jpeg']",1,Media,1990,1,0,0,piso,2,Madrid,"Palomeras - Portazgo, Madrid",40.4167047,-3.7035825,1119,1942.1487603305786,241.0,169.0,0.0,0.0,1.0,0.0,otro,pintura,otro,estándar (2.4-2.8m),nada,3.2,3.0,convencional,"['#FF0000', '#A0522D', '#FFFFFF']",regular,False,convencional,limitado,ninguno,ninguno,estándar,básica,ninguno,6.4,6.2,ninguna,5
https://www.tecnocasa.es/venta/piso/madrid/madrid/614047.html,279000.0,3,113.0,2,"Agencia inmobiliaria de MADRID VALLECAS - Zona PALOMERAS SURESTE - Oficina TECNOCASA

Vende piso reformado exterior de 113m2 construidos (93m2 de vivienda) muy luminoso; ubicado en una segunda planta con ascensor.
Edificio adaptado a personas de movilidad reducida.

TECNOCASA → PALOMERAS SURESTE - PORTAZGO.

Salón - comedor amplio, con salida a una terraza exterior muy agradable.
Tres dormitorios con espacio suficiente para poder albergar camas de gran tamaño.
Cocina de un tamaño perfecto.
Dispone de dos cuartos de baños, uno con bañera con hidromasajes y el otro con plato de ducha.
Calefacción individual.

La vivienda se encuentra en una zona con muy buena comunicación, a escasos metros de la Avda. Pablo Neruda. Fácil y rápido acceso a las principales vías de entrada y salida de Madrid. Conexión M-30, M-40 y A-3. Excelente comunicación por autobuses, metro y Renfe.

Con todos los servicios como centros de salud, farmacias, colegios, institutos, bancos, supermercado, polideportivos…

Si se ajusta a sus criterios y busca una buena oportunidad esta vivienda puede ser la suya, venga a verla, y si necesita financiación quedan a su disposición nuestros compañeros del departamento financiero Kíron para ofrecerle la mejor opción de financiación.
¡No dude en venir a verlo!

Muchas gracias por su confianza.",1,1,1,1,1,1,0,1,1,1,"['https://cdn-media.medialabtc.it/es/agencies/md099/estates/614047/images/8839290/gallery_media.jpeg', 'https://cdn-media.medialabtc.it/es/agencies/md099/estates/614047/images/8839283/gallery_media.jpeg', 'https://cdn-media.medialabtc.it/es/agencies/md099/estates/614047/images/8839277/gallery_media.jpeg', 'https://cdn-media.medialabtc.it/es/agencies/md099/estates/614047/images/8839257/gallery_media.jpeg', 'https://cdn-media.medialabtc.it/es/agencies/md099/estates/614047/images/8839284/gallery_media.jpeg', 'https://cdn-media.medialabtc.it/es/agencies/md099/estates/614047/images/8839285/gallery_media.jpeg', 'https://cdn-media.medialabtc.it/es/agencies/md099/estates/614047/images/8839304/gallery_media.jpeg', 'https://cdn-media.medialabtc.it/es/agencies/md099/estates/614047/images/8839292/gallery_media.jpeg', 'https://cdn-media.medialabtc.it/es/agencies/md099/estates/614047/images/8839306/gallery_media.jpeg', 'https://cdn-media.medialabtc.it/es/agencies/md099/estates/614047/images/8839289/gallery_media.jpeg', 'https://cdn-media.medialabtc.it/es/agencies/md099/estates/614047/images/8839305/gallery_media.jpeg', 'https://cdn-media.medialabtc.it/es/agencies/md099/estates/614047/images/8839282/gallery_media.jpeg', 'https://cdn-media.medialabtc.it/es/agencies/md099/estates/614047/images/8839276/gallery_media.jpeg', 'https://cdn-media.medialabtc.it/es/agencies/md099/estates/614047/images/8839255/gallery_media.jpeg', 'https://cdn-media.medialabtc.it/es/agencies/md099/estates/614047/images/8839259/gallery_media.jpeg', 'https://cdn-media.medialabtc.it/es/agencies/md099/estates/614047/images/8839291/gallery_media.jpeg', 'https://cdn-media.medialabtc.it/es/agencies/md099/estates/614047/images/8839286/gallery_media.jpeg', 'https://cdn-media.medialabtc.it/es/agencies/md099/estates/614047/images/8839261/gallery_media.jpeg', 'https://cdn-media.medialabtc.it/es/agencies/md099/estates/614047/images/8839287/gallery_media.jpeg', 'https://cdn-media.medialabtc.it/es/agencies/md099/estates/614047/images/8839279/gallery_media.jpeg', 'https://cdn-media.medialabtc.it/es/agencies/md099/estates/614047/images/8839254/gallery_media.jpeg', 'https://cdn-media.medialabtc.it/es/agencies/md099/estates/614047/images/8839278/gallery_media.jpeg', 'https://cdn-media.medialabtc.it/es/agencies/md099/estates/614047/images/8839294/gallery_media.jpeg', 'https://cdn-media.medialabtc.it/es/agencies/md099/estates/614047/images/8839280/gallery_media.jpeg', 'https://cdn-media.medialabtc.it/es/agencies/md099/estates/614047/images/8839288/gallery_media.jpeg', 'https://cdn-media.medialabtc.it/es/agencies/md099/estates/614047/images/8839303/gallery_media.jpeg']",0,Reformado,0,0,0,1,0,E,0,0,"['imagenes_tecnocasa\\anuncio_1120\\0.jpeg', 'imagenes_tecnocasa\\anuncio_1120\\1.jpeg', 'imagenes_tecnocasa\\anuncio_1120\\2.jpeg', 'imagenes_tecnocasa\\anuncio_1120\\3.jpeg', 'imagenes_tecnocasa\\anuncio_1120\\4.jpeg', 'imagenes_tecnocasa\\anuncio_1120\\5.jpeg', 'imagenes_tecnocasa\\anuncio_1120\\6.jpeg', 'imagenes_tecnocasa\\anuncio_1120\\7.jpeg', 'imagenes_tecnocasa\\anuncio_1120\\8.jpeg', 'imagenes_tecnocasa\\anuncio_1120\\9.jpeg', 'imagenes_tecnocasa\\anuncio_1120\\10.jpeg', 'imagenes_tecnocasa\\anuncio_1120\\11.jpeg', 'imagenes_tecnocasa\\anuncio_1120\\12.jpeg', 'imagenes_tecnocasa\\anuncio_1120\\13.jpeg', 'imagenes_tecnocasa\\anuncio_1120\\14.jpeg', 'imagenes_tecnocasa\\anuncio_1120\\15.jpeg', 'imagenes_tecnocasa\\anuncio_1120\\16.jpeg', 'imagenes_tecnocasa\\anuncio_1120\\17.jpeg', 'imagenes_tecnocasa\\anuncio_1120\\18.jpeg', 'imagenes_tecnocasa\\anuncio_1120\\19.jpeg', 'imagenes_tecnocasa\\anuncio_1120\\20.jpeg', 'imagenes_tecnocasa\\anuncio_1120\\21.jpeg', 'imagenes_tecnocasa\\anuncio_1120\\22.jpeg', 'imagenes_tecnocasa\\anuncio_1120\\23.jpeg', 'imagenes_tecnocasa\\anuncio_1120\\24.jpeg', 'imagenes_tecnocasa\\anuncio_1120\\25.jpeg']",1,Popular,1984,1,0,1,piso,2,Madrid,"Palomeras - Portazgo, Madrid",40.4167047,-3.7035825,1120,2469.026548672566,204.0,149.0,0.0,0.4,3.0,0.0,otro,pintura,corredera,estándar (2.4-2.8m),nada,4.2,4.8,clásico,"['#F2D7D5', '#FFFFFF', '#C0C0C0']",buena,False,convencional,limitado,ninguno,ninguno,estándar,básica,ninguno,7.4,6.4,ninguna,5
https://www.tecnocasa.es/venta/piso/madrid/madrid/615515.html,185000.0,2,57.0,1,"Agencia inmobiliaria de Madrid zona Palomeras Tecnocasa Oficina Villalobos Slu

Vende piso exterior ubicado en una primera planta con ascensor, reformada para entrar a vivir.

TECNOCASA → VILLALOBOS - PALOMERAS SURESTE - PORTAZGO.

Al ingresar, te recibirá un hall que conduce a un amplio salón - comedor.
Salón - comedor amplio y luminoso.
Dos dormitorios con espacio suficiente para poder albergar camas de gran tamaño.
Dispone de un cuarto de baño, equipado con un práctico plato de ducha.

El estado de las zonas comunes es inmejorable, excelente estado de conservación.
La finca dispone de videoportero.

La vivienda se encuentra en una zona con muy buena comunicación, a escasos metros de la Avda. de Pablo Neruda y Rafael Alberti. Fácil y rápido acceso a las principales vías de entrada y salida de Madrid. Conexión M-30, M-40 y A-3. Excelente comunicación por autobuses, metro y Renfe.

Con todos los servicios como centros de salud, farmacias, colegios, institutos, bancos, supermercado, polideportivos…

Si se ajusta a sus criterios y busca una buena oportunidad esta vivienda puede ser la suya, venga a verla, y si necesita financiación quedan a su disposición nuestros compañeros del departamento financiero Kíron para ofrecerle la mejor opción de financiación.
¡No dude en venir a verlo!

Muchas gracias por su confianza.",1,1,1,1,1,1,0,1,1,1,"['https://cdn-media.medialabtc.it/es/agencies/md099/estates/615515/images/8849564/gallery_media.jpeg', 'https://cdn-media.medialabtc.it/es/agencies/md099/estates/615515/images/8849566/gallery_media.jpeg', 'https://cdn-media.medialabtc.it/es/agencies/md099/estates/615515/images/8849571/gallery_media.jpeg', 'https://cdn-media.medialabtc.it/es/agencies/md099/estates/615515/images/8849569/gallery_media.jpeg', 'https://cdn-media.medialabtc.it/es/agencies/md099/estates/615515/images/8849572/gallery_media.jpeg', 'https://cdn-media.medialabtc.it/es/agencies/md099/estates/615515/images/8849570/gallery_media.jpeg', 'https://cdn-media.medialabtc.it/es/agencies/md099/estates/615515/images/8849577/gallery_media.jpeg', 'https://cdn-media.medialabtc.it/es/agencies/md099/estates/615515/images/8849565/gallery_media.jpeg', 'https://cdn-media.medialabtc.it/es/agencies/md099/estates/615515/images/8849573/gallery_media.jpeg', 'https://cdn-media.medialabtc.it/es/agencies/md099/estates/615515/images/8849574/gallery_media.jpeg', 'https://cdn-media.medialabtc.it/es/agencies/md099/estates/615515/images/8849576/gallery_media.jpeg', 'https://cdn-media.medialabtc.it/es/agencies/md099/estates/615515/images/8849578/gallery_media.jpeg', 'https://cdn-media.medialabtc.it/es/agencies/md099/estates/615515/images/8849575/gallery_media.jpeg', 'https://cdn-media.medialabtc.it/es/agencies/md099/estates/615515/images/8849567/gallery_media.jpeg', 'https://cdn-media.medialabtc.it/es/agencies/md099/estates/615515/images/8849568/gallery_media.jpeg']",0,Desconocido,0,0,0,0,0,E,1,0,"['imagenes_tecnocasa\\anuncio_1121\\0.jpeg', 'imagenes_tecnocasa\\anuncio_1121\\1.jpeg', 'imagenes_tecnocasa\\anuncio_1121\\2.jpeg', 'imagenes_tecnocasa\\anuncio_1121\\3.jpeg', 'imagenes_tecnocasa\\anuncio_1121\\4.jpeg', 'imagenes_tecnocasa\\anuncio_1121\\5.jpeg', 'imagenes_tecnocasa\\anuncio_1121\\6.jpeg', 'imagenes_tecnocasa\\anuncio_1121\\7.jpeg', 'imagenes_tecnocasa\\anuncio_1121\\8.jpeg', 'imagenes_tecnocasa\\anuncio_1121\\9.jpeg', 'imagenes_tecnocasa\\anuncio_1121\\10.jpeg', 'imagenes_tecnocasa\\anuncio_1121\\11.jpeg', 'imagenes_tecnocasa\\anuncio_1121\\12.jpeg', 'imagenes_tecnocasa\\anuncio_1121\\13.jpeg', 'imagenes_tecnocasa\\anuncio_1121\\14.jpeg']",0,Media,1965,0,0,1,piso,1,Madrid,"Palomeras - Portazgo, Madrid",40.4167047,-3.7035825,1121,3245.6140350877195,210.0,156.0,0.0,0.0,2.0,0.0,cerámica,pintura,corredera,estándar (2.4-2.8m),nada,3.2,4.6,moderno,"['#F2F2F2', '#D3D3D3', '#A9A9A9']",regular,False,convencional,limitado,ninguno,ninguno,estándar,básica,ninguno,6.4,6.2,ninguna,5
https://www.tecnocasa.es/venta/piso/madrid/madrid/615831.html,235000.0,3,99.0,2,"Agencia inmobiliaria de MADRID VALLECAS - Zona PALOMERAS SURESTE - Oficina TECNOCASA

Vende piso exterior muy luminoso con plaza de garaje incluida, de tres dormitorios y dos cuartos de baños.
Edificio adaptado a personas de movilidad reducida.

TECNOCASA → PALOMERAS SURESTE - PORTAZGO.

Hall recibidor que sirve como distribuidor entre la cocina y el salón - comedor.
Salón - comedor con salida a una terraza muy agradable, cocina de formato alargado de gran tamaño.

Tres dormitorios amplios.
Dispone de dos cuartos de baños.
Calefacción individual con gas natural.

La vivienda se encuentra en una zona con muy buena comunicación, a escasos metros de la Avda. de Miguel Hernández y Pablo Neruda. Fácil y rápido acceso a las principales vías de entrada y salida de Madrid. Conexión M-30, M-40 y A-3. Excelente comunicación por autobuses, metro y Renfe.

Con todos los servicios como centros de salud, farmacias, colegios, institutos, bancos, supermercado, polideportivos…

Si se ajusta a sus criterios y busca una buena oportunidad esta vivienda puede ser la suya, venga a verla, y si necesita financiación quedan a su disposición nuestros compañeros del departamento financiero Kíron para ofrecerle la mejor opción de financiación.
¡No dude en venir a verlo!

Muchas gracias por su confianza.",0,1,1,1,1,1,0,1,0,1,"['https://cdn-media.medialabtc.it/es/agencies/md099/estates/615831/images/8860504/gallery_media.jpeg', 'https://cdn-media.medialabtc.it/es/agencies/md099/estates/615831/images/8860509/gallery_media.jpeg', 'https://cdn-media.medialabtc.it/es/agencies/md099/estates/615831/images/8860513/gallery_media.jpeg', 'https://cdn-media.medialabtc.it/es/agencies/md099/estates/615831/images/8860503/gallery_media.jpeg', 'https://cdn-media.medialabtc.it/es/agencies/md099/estates/615831/images/8860507/gallery_media.jpeg', 'https://cdn-media.medialabtc.it/es/agencies/md099/estates/615831/images/8860419/gallery_media.jpeg', 'https://cdn-media.medialabtc.it/es/agencies/md099/estates/615831/images/8860511/gallery_media.jpeg', 'https://cdn-media.medialabtc.it/es/agencies/md099/estates/615831/images/8860502/gallery_media.jpeg', 'https://cdn-media.medialabtc.it/es/agencies/md099/estates/615831/images/8860516/gallery_media.jpeg', 'https://cdn-media.medialabtc.it/es/agencies/md099/estates/615831/images/8860515/gallery_media.jpeg', 'https://cdn-media.medialabtc.it/es/agencies/md099/estates/615831/images/8860514/gallery_media.jpeg', 'https://cdn-media.medialabtc.it/es/agencies/md099/estates/615831/images/8860421/gallery_media.jpeg', 'https://cdn-media.medialabtc.it/es/agencies/md099/estates/615831/images/8860506/gallery_media.jpeg', 'https://cdn-media.medialabtc.it/es/agencies/md099/estates/615831/images/8860512/gallery_media.jpeg', 'https://cdn-media.medialabtc.it/es/agencies/md099/estates/615831/images/8860505/gallery_media.jpeg', 'https://cdn-media.medialabtc.it/es/agencies/md099/estates/615831/images/8860518/gallery_media.jpeg', 'https://cdn-media.medialabtc.it/es/agencies/md099/estates/615831/images/8860517/gallery_media.jpeg', 'https://cdn-media.medialabtc.it/es/agencies/md099/estates/615831/images/8860508/gallery_media.jpeg', 'https://cdn-media.medialabtc.it/es/agencies/md099/estates/615831/images/8860418/gallery_media.jpeg', 'https://cdn-media.medialabtc.it/es/agencies/md099/estates/615831/images/8860420/gallery_media.jpeg', 'https://cdn-media.medialabtc.it/es/agencies/md099/estates/615831/images/8860417/gallery_media.jpeg', 'https://cdn-media.medialabtc.it/es/agencies/md099/estates/615831/images/8860510/gallery_media.jpeg', 'https://cdn-media.medialabtc.it/es/agencies/md099/estates/615831/images/8860519/gallery_media.jpeg']",0,Desconocido,1,0,0,1,0,Desconocida,0,0,"['imagenes_tecnocasa\\anuncio_1122\\0.jpeg', 'imagenes_tecnocasa\\anuncio_1122\\1.jpeg', 'imagenes_tecnocasa\\anuncio_1122\\2.jpeg', 'imagenes_tecnocasa\\anuncio_1122\\3.jpeg', 'imagenes_tecnocasa\\anuncio_1122\\4.jpeg', 'imagenes_tecnocasa\\anuncio_1122\\5.jpeg', 'imagenes_tecnocasa\\anuncio_1122\\6.jpeg', 'imagenes_tecnocasa\\anuncio_1122\\7.jpeg', 'imagenes_tecnocasa\\anuncio_1122\\8.jpeg', 'imagenes_tecnocasa\\anuncio_1122\\9.jpeg', 'imagenes_tecnocasa\\anuncio_1122\\10.jpeg', 'imagenes_tecnocasa\\anuncio_1122\\11.jpeg', 'imagenes_tecnocasa\\anuncio_1122\\12.jpeg', 'imagenes_tecnocasa\\anuncio_1122\\13.jpeg', 'imagenes_tecnocasa\\anuncio_1122\\14.jpeg', 'imagenes_tecnocasa\\anuncio_1122\\15.jpeg', 'imagenes_tecnocasa\\anuncio_1122\\16.jpeg', 'imagenes_tecnocasa\\anuncio_1122\\17.jpeg', 'imagenes_tecnocasa\\anuncio_1122\\18.jpeg', 'imagenes_tecnocasa\\anuncio_1122\\19.jpeg', 'imagenes_tecnocasa\\anuncio_1122\\20.jpeg', 'imagenes_tecnocasa\\anuncio_1122\\21.jpeg', 'imagenes_tecnocasa\\anuncio_1122\\22.jpeg']",0,Media,1985,0,0,0,piso,2,Madrid,"Palomeras - Portazgo, Madrid",40.4167047,-3.7035825,1122,2373.7373737373737,203.0,144.0,0.0625,0.4,2.0,0.0,cerámica,pintura,corredera,estándar (2.4-2.8m),nada,4.2,4.2,convencional,"['#A0522D', '#F5F5DC', '#DEB887']",regular,False,convencional,amplio,ninguno,ninguno,estándar,parcialmente equipada,ninguno,7.0,6.4,ninguna,5
https://www.tecnocasa.es/venta/piso/madrid/collado-villalba/609912.html,129900.0,2,77.0,2,"ALQUILADO ACTUALMENTE EN 600€, no se permite hacer visitas.

¡Oportunidad de inversión en un piso excepcional! Este encantador inmueble de 71 m² útiles, actualmente alquilado por 600€, es perfecto para quienes buscan una inversión segura.

Ubicado en la primera planta del edificio, el piso ofrece dos amplias habitaciones equipadas con armarios empotrados y dos baños, uno de ellos con bañera y un segundo haciendo la función de aseo.

La cocina cuenta con electrodomésticos integrados y se abre a una acogedora terraza interior. El salón, bañado por la luz natural gracias a su orientación, tiene acceso a una terraza exterior ideal para disfrutar del aire libre.

La vivienda, construida en 1995, ha sido mantenida en excelente estado, destacando la reciente sustitución de la tarima. La caldera fue sustituida hace tan solo dos años, y proporciona calefacción por gas natural ideal para tener confort durante todo el año. Con una comunidad de solo 30€ al mes, este piso es una opción atractiva para inversores. No pierdas la oportunidad de visitar este inmueble que combina comodidad y rentabilidad en una ubicación privilegiada.",0,1,1,1,1,1,1,1,1,1,"['https://cdn-media.medialabtc.it/es/agencies/mdbja/estates/609912/images/8728790/gallery_media.jpeg', 'https://cdn-media.medialabtc.it/es/agencies/mdbja/estates/609912/images/8728792/gallery_media.jpeg', 'https://cdn-media.medialabtc.it/es/agencies/mdbja/estates/609912/images/8728791/gallery_media.jpeg', 'https://cdn-media.medialabtc.it/es/agencies/mdbja/estates/609912/images/8728796/gallery_media.jpeg', 'https://cdn-media.medialabtc.it/es/agencies/mdbja/estates/609912/images/8728797/gallery_media.jpeg', 'https://cdn-media.medialabtc.it/es/agencies/mdbja/estates/609912/images/8728798/gallery_media.jpeg', 'https://cdn-media.medialabtc.it/es/agencies/mdbja/estates/609912/images/8728800/gallery_media.jpeg', 'https://cdn-media.medialabtc.it/es/agencies/mdbja/estates/609912/images/8728789/gallery_media.jpeg', 'https://cdn-media.medialabtc.it/es/agencies/mdbja/estates/609912/images/8728788/gallery_media.jpeg', 'https://cdn-media.medialabtc.it/es/agencies/mdbja/estates/609912/images/8728794/gallery_media.jpeg', 'https://cdn-media.medialabtc.it/es/agencies/mdbja/estates/609912/images/8728793/gallery_media.jpeg', 'https://cdn-media.medialabtc.it/es/agencies/mdbja/estates/609912/images/8728795/gallery_media.jpeg', 'https://cdn-media.medialabtc.it/es/agencies/mdbja/estates/609912/images/8728799/gallery_media.jpeg']",0,Desconocido,0,0,0,1,0,Desconocida,0,0,"['imagenes_tecnocasa\\anuncio_1123\\0.jpeg', 'imagenes_tecnocasa\\anuncio_1123\\1.jpeg', 'imagenes_tecnocasa\\anuncio_1123\\2.jpeg', 'imagenes_tecnocasa\\anuncio_1123\\3.jpeg', 'imagenes_tecnocasa\\anuncio_1123\\4.jpeg', 'imagenes_tecnocasa\\anuncio_1123\\5.jpeg', 'imagenes_tecnocasa\\anuncio_1123\\6.jpeg', 'imagenes_tecnocasa\\anuncio_1123\\7.jpeg', 'imagenes_tecnocasa\\anuncio_1123\\8.jpeg', 'imagenes_tecnocasa\\anuncio_1123\\9.jpeg', 'imagenes_tecnocasa\\anuncio_1123\\10.jpeg', 'imagenes_tecnocasa\\anuncio_1123\\11.jpeg', 'imagenes_tecnocasa\\anuncio_1123\\12.jpeg']",0,Popular,1995,1,0,0,piso,2,Collado Villalba,Collado Villalba,40.6431496,-3.9930128,1123,1687.012987012987,179.0,127.0,0.5,0.7,0.0,1.0,cerámica,pintura,ninguna,estándar (2.4-2.8m),nada,3.2,3.0,convencional,"['#F5F5DC', '#A0522D', '#FFFFFF']",regular,False,convencional,limitado,ninguno,ninguno,estándar,básica,ninguno,5.0,5.6,ninguna,5
https://www.tecnocasa.es/venta/piso/madrid/leganes/614716.html,132500.0,1,35.0,1,"TECNOCASA ZARZAQUEMADA RIOJA VENDE cuatro estudios a estrenar en la calle de las Alpujarras, con entrada por la Avenida de la Lengua Española, perfectos para quienes buscan comodidad y modernidad. La cocina se entrega amueblada con vitrocerámica, horno y campana extractora.

La calefacción es eléctrica, en el baño se instalará un toallero eléctrico.
Con una orientación sur que garantiza luminosidad durante todo el día, estos estudios ofrecen un ambiente acogedor y cálido. Ubicados en una zona tranquila, disfrutarás de fácil aparcamiento y acceso directo desde la calle. Además, estarás a un paso de servicios esenciales, colegios e institutos y centros comerciales como Parquesur.

La conectividad es inmejorable con la parada de Metrosur a menos de 100 metros y el apeadero Renfe Zarzaquemada a menos de 1000 metros. Si eres amante del deporte, las instalaciones como el Pabellón Europa y la Piscina Municipal El Carrascal están a tu disposición. Aprovecha nuestra valoración gratuita de la vivienda y recibe asesoramiento en trámites de venta o alquiler. ¡Visítanos en nuestra oficina en la calle Bureba nº 37 posterior y da el primer paso hacia tu nuevo hogar!
Alta rentabilidad en alquiler.

El presente anuncio contiene imágenes no contractuales y meramente ilustrativas, sujetas a modificaciones por exigencias de orden técnico, jurídico o comercial de la dirección facultativa o autoridad competente. Todas las infografías son orientativas y podrán ser objeto de variación en los proyectos técnicos. Durante el desarrollo del proyecto, la dirección facultativa por motivos técnicos o administrativos se reserva el derecho de efectuar modificaciones en distribuciones, dimensiones, superficies y materiales, sin que ello suponga disminución en la calidad de los materiales. El mobiliario no está incluido y el equipamiento de las viviendas.",1,1,1,1,1,1,0,1,1,1,"['https://cdn-media.medialabtc.it/es/agencies/mdbc7/estates/614716/images/8831903/gallery_media.jpeg', 'https://cdn-media.medialabtc.it/es/agencies/mdbc7/estates/614716/images/8831897/gallery_media.jpeg', 'https://cdn-media.medialabtc.it/es/agencies/mdbc7/estates/614716/images/8831902/gallery_media.jpeg', 'https://cdn-media.medialabtc.it/es/agencies/mdbc7/estates/614716/images/8832707/gallery_media.jpeg', 'https://cdn-media.medialabtc.it/es/agencies/mdbc7/estates/614716/images/8831900/gallery_media.jpeg', 'https://cdn-media.medialabtc.it/es/agencies/mdbc7/estates/614716/images/8831899/gallery_media.jpeg', 'https://cdn-media.medialabtc.it/es/agencies/mdbc7/estates/614716/images/8832708/gallery_media.jpeg', 'https://cdn-media.medialabtc.it/es/agencies/mdbc7/estates/614716/images/8831896/gallery_media.jpeg', 'https://cdn-media.medialabtc.it/es/agencies/mdbc7/estates/614716/images/8831895/gallery_media.jpeg', 'https://cdn-media.medialabtc.it/es/agencies/mdbc7/estates/614716/images/8832704/gallery_media.jpeg', 'https://cdn-media.medialabtc.it/es/agencies/mdbc7/estates/614716/images/8831898/gallery_media.jpeg', 'https://cdn-media.medialabtc.it/es/agencies/mdbc7/estates/614716/images/8831901/gallery_media.jpeg', 'https://cdn-media.medialabtc.it/es/agencies/mdbc7/estates/614716/images/8832703/gallery_media.jpeg', 'https://cdn-media.medialabtc.it/es/agencies/mdbc7/estates/614716/images/8832705/gallery_media.jpeg', 'https://cdn-media.medialabtc.it/es/agencies/mdbc7/estates/614716/images/8832706/gallery_media.jpeg', 'https://cdn-media.medialabtc.it/es/agencies/mdbc7/estates/614716/images/8831904/gallery_media.jpeg']",0,Desconocido,1,0,1,0,0,Desconocida,0,1,"['imagenes_tecnocasa\\anuncio_1124\\0.jpeg', 'imagenes_tecnocasa\\anuncio_1124\\1.jpeg', 'imagenes_tecnocasa\\anuncio_1124\\2.jpeg', 'imagenes_tecnocasa\\anuncio_1124\\3.jpeg', 'imagenes_tecnocasa\\anuncio_1124\\4.jpeg', 'imagenes_tecnocasa\\anuncio_1124\\5.jpeg', 'imagenes_tecnocasa\\anuncio_1124\\6.jpeg', 'imagenes_tecnocasa\\anuncio_1124\\7.jpeg', 'imagenes_tecnocasa\\anuncio_1124\\8.jpeg', 'imagenes_tecnocasa\\anuncio_1124\\9.jpeg', 'imagenes_tecnocasa\\anuncio_1124\\10.jpeg', 'imagenes_tecnocasa\\anuncio_1124\\11.jpeg', 'imagenes_tecnocasa\\anuncio_1124\\12.jpeg', 'imagenes_tecnocasa\\anuncio_1124\\13.jpeg', 'imagenes_tecnocasa\\anuncio_1124\\14.jpeg', 'imagenes_tecnocasa\\anuncio_1124\\15.jpeg']",0,Señorial,1972,1,0,0,piso,1,Leganés,"Zarzaquemada, Leganés",40.3281942,-3.76527,1124,3785.714285714286,279.0,187.0,0.0,0.0,0.0,0.0,otro,pintura,grandes ventanales,estándar (2.4-2.8m),nada,3.4,4.6,moderno,"['#FFFFFF', '#D11F26', '#CCCCCC']",regular,False,convencional,limitado,ninguno,ninguno,estándar,básica,ninguno,6.2,7.0,ninguna,5
https://www.tecnocasa.es/venta/piso/madrid/madrid/617998.html,890000.0,4,156.0,2,fwf,1,1,1,1,1,1,1,1,1,1,"['https://cdn-media.medialabtc.it/es/agencies/mdale/estates/617998/images/8915331/gallery_media.jpeg', 'https://cdn-media.medialabtc.it/es/agencies/mdale/estates/617998/images/8915330/gallery_media.jpeg', 'https://cdn-media.medialabtc.it/es/agencies/mdale/estates/617998/images/8915329/gallery_media.jpeg', 'https://cdn-media.medialabtc.it/es/agencies/mdale/estates/617998/images/8915332/gallery_media.jpeg', 'https://cdn-media.medialabtc.it/es/agencies/mdale/estates/617998/images/8915333/gallery_media.jpeg', 'https://cdn-media.medialabtc.it/es/agencies/mdale/estates/617998/images/8915327/gallery_media.jpeg', 'https://cdn-media.medialabtc.it/es/agencies/mdale/estates/617998/images/8915328/gallery_media.jpeg']",0,Desconocido,0,0,0,0,0,D,0,0,"['imagenes_tecnocasa\\anuncio_1125\\0.jpeg', 'imagenes_tecnocasa\\anuncio_1125\\1.jpeg', 'imagenes_tecnocasa\\anuncio_1125\\2.jpeg', 'imagenes_tecnocasa\\anuncio_1125\\3.jpeg', 'imagenes_tecnocasa\\anuncio_1125\\4.jpeg', 'imagenes_tecnocasa\\anuncio_1125\\5.jpeg', 'imagenes_tecnocasa\\anuncio_1125\\6.jpeg']",1,Popular,2000,1,0,1,piso,3,Arroyo Del Fresno,"Arroyo Del Fresno, Madrid",40.4895829,-3.7302946,1125,5705.128205128205,1.0,1.0,0.0,0.0,0.0,0.0,otro,pintura,corredera,estándar (2.4-2.8m),nada,5.0,5.6,moderno,"['#F2E9E1', '#A0522D', '#808080']",buena,False,convencional,normal,jardín,ninguno,estándar,básica,ninguno,7.4,6.8,ninguna,5
https://www.tecnocasa.es/venta/piso/madrid/leganes/617953.html,315000.0,3,126.0,2,"Inmobiliaria en El Carrascal Leganés - Tecnocasa Estudio Ciudad De Leganes Slu VENDE piso ubicado en LEGANES NORTE, cerca de zonas ajardinadas, de 126 m2 distribuido en salón independiente con amplia terraza, tres dormitorios, dos baños, cocina y tendedero. Cuarta planta muy luminosa con orientación este; a 6 minutos desde la estación de tren de Renfe Zarzaquemada y a escasos 15 min. C. C. Westfield Parque Sur.
Para más información contacta con nosotros al número de teléfono 91 295 68 88 sin ningún tipo de compromiso y concierta una cita en la que además de conocer la vivienda te informará sobre las condiciones de financiación actuales, uno de nuestros asesores financieros de Kiron.",1,1,1,1,1,0,0,1,1,1,"['https://cdn-media.medialabtc.it/es/agencies/mdbcb/estates/617953/images/8914066/gallery_media.jpeg', 'https://cdn-media.medialabtc.it/es/agencies/mdbcb/estates/617953/images/8914072/gallery_media.jpeg', 'https://cdn-media.medialabtc.it/es/agencies/mdbcb/estates/617953/images/8914082/gallery_media.jpeg', 'https://cdn-media.medialabtc.it/es/agencies/mdbcb/estates/617953/images/8914059/gallery_media.jpeg', 'https://cdn-media.medialabtc.it/es/agencies/mdbcb/estates/617953/images/8914081/gallery_media.jpeg', 'https://cdn-media.medialabtc.it/es/agencies/mdbcb/estates/617953/images/8914074/gallery_media.jpeg', 'https://cdn-media.medialabtc.it/es/agencies/mdbcb/estates/617953/images/8914076/gallery_media.jpeg', 'https://cdn-media.medialabtc.it/es/agencies/mdbcb/estates/617953/images/8914073/gallery_media.jpeg', 'https://cdn-media.medialabtc.it/es/agencies/mdbcb/estates/617953/images/8914057/gallery_media.jpeg', 'https://cdn-media.medialabtc.it/es/agencies/mdbcb/estates/617953/images/8914071/gallery_media.jpeg', 'https://cdn-media.medialabtc.it/es/agencies/mdbcb/estates/617953/images/8914067/gallery_media.jpeg', 'https://cdn-media.medialabtc.it/es/agencies/mdbcb/estates/617953/images/8914060/gallery_media.jpeg', 'https://cdn-media.medialabtc.it/es/agencies/mdbcb/estates/617953/images/8914078/gallery_media.jpeg', 'https://cdn-media.medialabtc.it/es/agencies/mdbcb/estates/617953/images/8914069/gallery_media.jpeg', 'https://cdn-media.medialabtc.it/es/agencies/mdbcb/estates/617953/images/8914064/gallery_media.jpeg', 'https://cdn-media.medialabtc.it/es/agencies/mdbcb/estates/617953/images/8914080/gallery_media.jpeg', 'https://cdn-media.medialabtc.it/es/agencies/mdbcb/estates/617953/images/8914055/gallery_media.jpeg', 'https://cdn-media.medialabtc.it/es/agencies/mdbcb/estates/617953/images/8914070/gallery_media.jpeg', 'https://cdn-media.medialabtc.it/es/agencies/mdbcb/estates/617953/images/8914068/gallery_media.jpeg', 'https://cdn-media.medialabtc.it/es/agencies/mdbcb/estates/617953/images/8914075/gallery_media.jpeg', 'https://cdn-media.medialabtc.it/es/agencies/mdbcb/estates/617953/images/8914058/gallery_media.jpeg', 'https://cdn-media.medialabtc.it/es/agencies/mdbcb/estates/617953/images/8914065/gallery_media.jpeg', 'https://cdn-media.medialabtc.it/es/agencies/mdbcb/estates/617953/images/8914079/gallery_media.jpeg', 'https://cdn-media.medialabtc.it/es/agencies/mdbcb/estates/617953/images/8914063/gallery_media.jpeg', 'https://cdn-media.medialabtc.it/es/agencies/mdbcb/estates/617953/images/8914077/gallery_media.jpeg', 'https://cdn-media.medialabtc.it/es/agencies/mdbcb/estates/617953/images/8914061/gallery_media.jpeg', 'https://cdn-media.medialabtc.it/es/agencies/mdbcb/estates/617953/images/8914056/gallery_media.jpeg', 'https://cdn-media.medialabtc.it/es/agencies/mdbcb/estates/617953/images/8914062/gallery_media.jpeg']",0,Desconocido,0,0,0,1,0,E,0,0,"['imagenes_tecnocasa\\anuncio_1126\\0.jpeg', 'imagenes_tecnocasa\\anuncio_1126\\1.jpeg', 'imagenes_tecnocasa\\anuncio_1126\\2.jpeg', 'imagenes_tecnocasa\\anuncio_1126\\3.jpeg', 'imagenes_tecnocasa\\anuncio_1126\\4.jpeg', 'imagenes_tecnocasa\\anuncio_1126\\5.jpeg', 'imagenes_tecnocasa\\anuncio_1126\\6.jpeg', 'imagenes_tecnocasa\\anuncio_1126\\7.jpeg', 'imagenes_tecnocasa\\anuncio_1126\\8.jpeg', 'imagenes_tecnocasa\\anuncio_1126\\9.jpeg', 'imagenes_tecnocasa\\anuncio_1126\\10.jpeg', 'imagenes_tecnocasa\\anuncio_1126\\11.jpeg', 'imagenes_tecnocasa\\anuncio_1126\\12.jpeg', 'imagenes_tecnocasa\\anuncio_1126\\13.jpeg', 'imagenes_tecnocasa\\anuncio_1126\\14.jpeg', 'imagenes_tecnocasa\\anuncio_1126\\15.jpeg', 'imagenes_tecnocasa\\anuncio_1126\\16.jpeg', 'imagenes_tecnocasa\\anuncio_1126\\17.jpeg', 'imagenes_tecnocasa\\anuncio_1126\\18.jpeg', 'imagenes_tecnocasa\\anuncio_1126\\19.jpeg', 'imagenes_tecnocasa\\anuncio_1126\\20.jpeg', 'imagenes_tecnocasa\\anuncio_1126\\21.jpeg', 'imagenes_tecnocasa\\anuncio_1126\\22.jpeg', 'imagenes_tecnocasa\\anuncio_1126\\23.jpeg', 'imagenes_tecnocasa\\anuncio_1126\\24.jpeg', 'imagenes_tecnocasa\\anuncio_1126\\25.jpeg', 'imagenes_tecnocasa\\anuncio_1126\\26.jpeg', 'imagenes_tecnocasa\\anuncio_1126\\27.jpeg']",0,Popular,1998,0,0,0,piso,3,Leganés,"Zarzaquemada, Leganés",40.3281942,-3.76527,1126,2500.0,113.0,93.0,0.0,0.0,0.0,0.0,parquet,pintura,corredera,estándar (2.4-2.8m),nada,4.0,5.2,convencional,"['#F2F2F2', '#A0A0A0', '#808080']",buena,False,convencional,normal,ninguno,ninguno,estándar,básica,ninguno,7.8,6.8,ninguna,5
https://www.tecnocasa.es/venta/piso/madrid/madrid/606552.html,239000.0,3,71.0,2,"Agencia Inmobiliaria de MADRID Zona JOSÉ DEL HIERRO - ARTURO SORIA vende estupenda vivienda DÚPLEX ACTUALIZADA en la calle Mandarina a escasos metros de la calle Arturo Soria.

TECNOCASA → CIUDAD LINEAL - ARTURO SORIA - CONCEPCIÓN.

El inmueble que tenemos a disposición es una planta baja DÚPLEX de de 71 m² (según catastro).

Dispone de tres amplios dormitorios, amplio salón, cocina completa y dos cuartos de baño.

Comunidad y zona residencial muy tranquila rodeada de áreas verdes.

ITE del edificio favorable.

LE INTERESA ESTA VIVIENDA, PASE SU PROPUESTA COMERCIAL A NUESTRO EQUIPO DE ASESORES

La zona está equipada con todos los servicios; supermercados, comercios, cafeterías, colegios privados y públicos, polideportivos, Centros Comerciales y zonas verdes. Zona comunicada con las Líneas 5 (Alameda de Osuna-Casa de Campo) y 7 (Hospital del Henares-Pitis) de metro.
Buses directos a Callao, Manuel Becerra, Canillejas, Plaza Castilla y Las Rosas.

Estaremos encantados de ampliarle información sobre la vivienda o asesorarle sobre las posibilidades de reforma y decoración que disponemos. Si tiene problemas con la financiación, también le ayudaremos.

Estamos en la calle José del Hierro Nº39.",1,0,1,1,1,1,1,1,1,1,"['https://cdn-media.medialabtc.it/es/agencies/mdaqc/estates/606552/images/8652799/gallery_media.jpeg', 'https://cdn-media.medialabtc.it/es/agencies/mdaqc/estates/606552/images/8652872/gallery_media.jpeg', 'https://cdn-media.medialabtc.it/es/agencies/mdaqc/estates/606552/images/8652870/gallery_media.jpeg', 'https://cdn-media.medialabtc.it/es/agencies/mdaqc/estates/606552/images/8652791/gallery_media.jpeg', 'https://cdn-media.medialabtc.it/es/agencies/mdaqc/estates/606552/images/8652804/gallery_media.jpeg', 'https://cdn-media.medialabtc.it/es/agencies/mdaqc/estates/606552/images/8652797/gallery_media.jpeg', 'https://cdn-media.medialabtc.it/es/agencies/mdaqc/estates/606552/images/8652802/gallery_media.jpeg', 'https://cdn-media.medialabtc.it/es/agencies/mdaqc/estates/606552/images/8652801/gallery_media.jpeg', 'https://cdn-media.medialabtc.it/es/agencies/mdaqc/estates/606552/images/8652798/gallery_media.jpeg', 'https://cdn-media.medialabtc.it/es/agencies/mdaqc/estates/606552/images/8652800/gallery_media.jpeg', 'https://cdn-media.medialabtc.it/es/agencies/mdaqc/estates/606552/images/8652867/gallery_media.jpeg', 'https://cdn-media.medialabtc.it/es/agencies/mdaqc/estates/606552/images/8652803/gallery_media.jpeg', 'https://cdn-media.medialabtc.it/es/agencies/mdaqc/estates/606552/images/8652790/gallery_media.jpeg', 'https://cdn-media.medialabtc.it/es/agencies/mdaqc/estates/606552/images/8652793/gallery_media.jpeg', 'https://cdn-media.medialabtc.it/es/agencies/mdaqc/estates/606552/images/8652794/gallery_media.jpeg', 'https://cdn-media.medialabtc.it/es/agencies/mdaqc/estates/606552/images/8652796/gallery_media.jpeg', 'https://cdn-media.medialabtc.it/es/agencies/mdaqc/estates/606552/images/8652792/gallery_media.jpeg', 'https://cdn-media.medialabtc.it/es/agencies/mdaqc/estates/606552/images/8652871/gallery_media.jpeg', 'https://cdn-media.medialabtc.it/es/agencies/mdaqc/estates/606552/images/8652873/gallery_media.jpeg', 'https://cdn-media.medialabtc.it/es/agencies/mdaqc/estates/606552/images/8652868/gallery_media.jpeg', 'https://cdn-media.medialabtc.it/es/agencies/mdaqc/estates/606552/images/8652869/gallery_media.jpeg', 'https://cdn-media.medialabtc.it/es/agencies/mdaqc/estates/606552/images/8652795/gallery_media.jpeg']",0,Desconocido,0,0,0,0,0,E,0,0,"['imagenes_tecnocasa\\anuncio_1127\\0.jpeg', 'imagenes_tecnocasa\\anuncio_1127\\1.jpeg', 'imagenes_tecnocasa\\anuncio_1127\\2.jpeg', 'imagenes_tecnocasa\\anuncio_1127\\3.jpeg', 'imagenes_tecnocasa\\anuncio_1127\\4.jpeg', 'imagenes_tecnocasa\\anuncio_1127\\5.jpeg', 'imagenes_tecnocasa\\anuncio_1127\\6.jpeg', 'imagenes_tecnocasa\\anuncio_1127\\7.jpeg', 'imagenes_tecnocasa\\anuncio_1127\\8.jpeg', 'imagenes_tecnocasa\\anuncio_1127\\9.jpeg', 'imagenes_tecnocasa\\anuncio_1127\\10.jpeg', 'imagenes_tecnocasa\\anuncio_1127\\11.jpeg', 'imagenes_tecnocasa\\anuncio_1127\\12.jpeg', 'imagenes_tecnocasa\\anuncio_1127\\13.jpeg', 'imagenes_tecnocasa\\anuncio_1127\\14.jpeg', 'imagenes_tecnocasa\\anuncio_1127\\15.jpeg', 'imagenes_tecnocasa\\anuncio_1127\\16.jpeg', 'imagenes_tecnocasa\\anuncio_1127\\17.jpeg', 'imagenes_tecnocasa\\anuncio_1127\\18.jpeg', 'imagenes_tecnocasa\\anuncio_1127\\19.jpeg', 'imagenes_tecnocasa\\anuncio_1127\\20.jpeg', 'imagenes_tecnocasa\\anuncio_1127\\21.jpeg']",0,Popular,1961,1,0,0,piso,1,Madrid,"Quintana, Madrid",40.4167047,-3.7035825,1127,3366.1971830985917,182.0,140.0,0.0,0.0,1.0,0.0,otro,pintura,fija,estándar (2.4-2.8m),nada,3.4,4.2,convencional,"['#FFFFFF', '#F2E8CF', '#D2B48C']",buena,False,convencional,limitado,ninguno,ninguno,estándar,básica,ninguno,7.2,6.6,ninguna,5
https://www.tecnocasa.es/venta/piso/madrid/pozuelo-de-alarcon/615392.html,190000.0,3,56.0,1,"Agencia inmobiliaria de Pozuelo de Alarcón Estudio Inmobiliario Pozuelo SL
TECNOCASA vende en EXCLUSIVA este piso en PLANTA BAJA en edificio revestido y con trastero. Distribuido en 3 dormitorios, salón-cocina y cuarto de baño con plato de ducha. Actualmente alquilado.
A reformar.
La información que se detalla en este anuncio es meramente orientativa y no se considerará en ningún caso como contractual o vinculante puesto que podría contener errores. El precio no incluye honorarios de intermediación ni gastos de notaría, registro o ITP (Impuesto Transmisiones Patrimoniales).
¡Tenemos los tickets del parking con la primera hora gratuita para que puedas venir a ver la vivienda aparcando en la misma plaza Padre Vallet!",0,1,1,1,1,1,1,1,1,1,"['https://cdn-media.medialabtc.it/es/agencies/mdba9/estates/615392/images/8912612/gallery_media.jpeg', 'https://cdn-media.medialabtc.it/es/agencies/mdba9/estates/615392/images/8912616/gallery_media.jpeg', 'https://cdn-media.medialabtc.it/es/agencies/mdba9/estates/615392/images/8912610/gallery_media.jpeg', 'https://cdn-media.medialabtc.it/es/agencies/mdba9/estates/615392/images/8912605/gallery_media.jpeg', 'https://cdn-media.medialabtc.it/es/agencies/mdba9/estates/615392/images/8912608/gallery_media.jpeg', 'https://cdn-media.medialabtc.it/es/agencies/mdba9/estates/615392/images/8912611/gallery_media.jpeg', 'https://cdn-media.medialabtc.it/es/agencies/mdba9/estates/615392/images/8912615/gallery_media.jpeg', 'https://cdn-media.medialabtc.it/es/agencies/mdba9/estates/615392/images/8912606/gallery_media.jpeg', 'https://cdn-media.medialabtc.it/es/agencies/mdba9/estates/615392/images/8912604/gallery_media.jpeg', 'https://cdn-media.medialabtc.it/es/agencies/mdba9/estates/615392/images/8912607/gallery_media.jpeg', 'https://cdn-media.medialabtc.it/es/agencies/mdba9/estates/615392/images/8912614/gallery_media.jpeg', 'https://cdn-media.medialabtc.it/es/agencies/mdba9/estates/615392/images/8912613/gallery_media.jpeg', 'https://cdn-media.medialabtc.it/es/agencies/mdba9/estates/615392/images/8912609/gallery_media.jpeg']",0,A reformar,1,1,0,0,0,E,0,0,"['imagenes_tecnocasa\\anuncio_1129\\0.jpeg', 'imagenes_tecnocasa\\anuncio_1129\\1.jpeg', 'imagenes_tecnocasa\\anuncio_1129\\2.jpeg', 'imagenes_tecnocasa\\anuncio_1129\\3.jpeg', 'imagenes_tecnocasa\\anuncio_1129\\4.jpeg', 'imagenes_tecnocasa\\anuncio_1129\\5.jpeg', 'imagenes_tecnocasa\\anuncio_1129\\6.jpeg', 'imagenes_tecnocasa\\anuncio_1129\\7.jpeg', 'imagenes_tecnocasa\\anuncio_1129\\8.jpeg', 'imagenes_tecnocasa\\anuncio_1129\\9.jpeg', 'imagenes_tecnocasa\\anuncio_1129\\10.jpeg', 'imagenes_tecnocasa\\anuncio_1129\\11.jpeg', 'imagenes_tecnocasa\\anuncio_1129\\12.jpeg']",0,Popular,1958,0,0,0,piso,2,Pozuelo de Alarcón,Pozuelo De Alarcón,40.4346528,-3.814834,1129,3392.8571428571427,111.0,87.0,0.0,0.0,0.0,0.0,cerámica,pintura,corredera,estándar (2.4-2.8m),nada,3.0,3.6,convencional,"['#FFFFFF', '#F2F2F2', '#D3D3D3']",regular,True,convencional,limitado,ninguno,ninguno,estándar,básica,ninguno,5.6,6.2,ninguna,5
https://www.tecnocasa.es/venta/piso/madrid/pozuelo-de-alarcon/614924.html,270000.0,3,70.0,1,"Agencia inmobiliaria de Pozuelo de Alarcón Estudio Inmobiliario Pozuelo SL
TECNOCASA vende en EXCLUSIVA este piso en primera planta sin ascensor, distribuido en 3 dormitorios, salón, cocina, baño con plato de ducha y amplio hall. Con orientación este-oeste la vivienda tiene mucha luz y ventilación cruzada. Suelo de tarima y ventanas de aluminio. Calefacción por gas natural individual.
Para entrar a vivir.
Junto a todos los comercios del centro del pueblo.
La información que se detalla en este anuncio es meramente orientativa y no se considerará en ningún caso como contractual o vinculante puesto que podría contener errores. El precio no incluye honorarios de intermediación ni gastos de notaría, registro o ITP (Impuesto Transmisiones Patrimoniales).
¡Tenemos los tickets del parking con la primera hora gratuita para que puedas venir a ver la vivienda aparcando en la misma plaza Padre Vallet!",0,1,1,1,1,1,1,1,1,1,"['https://cdn-media.medialabtc.it/es/agencies/mdba9/estates/614924/images/8917114/gallery_media.jpeg', 'https://cdn-media.medialabtc.it/es/agencies/mdba9/estates/614924/images/8917115/gallery_media.jpeg', 'https://cdn-media.medialabtc.it/es/agencies/mdba9/estates/614924/images/8917118/gallery_media.jpeg', 'https://cdn-media.medialabtc.it/es/agencies/mdba9/estates/614924/images/8851439/gallery_media.jpeg', 'https://cdn-media.medialabtc.it/es/agencies/mdba9/estates/614924/images/8917120/gallery_media.jpeg', 'https://cdn-media.medialabtc.it/es/agencies/mdba9/estates/614924/images/8917117/gallery_media.jpeg', 'https://cdn-media.medialabtc.it/es/agencies/mdba9/estates/614924/images/8917116/gallery_media.jpeg', 'https://cdn-media.medialabtc.it/es/agencies/mdba9/estates/614924/images/8917119/gallery_media.jpeg', 'https://cdn-media.medialabtc.it/es/agencies/mdba9/estates/614924/images/8917111/gallery_media.jpeg', 'https://cdn-media.medialabtc.it/es/agencies/mdba9/estates/614924/images/8917112/gallery_media.jpeg', 'https://cdn-media.medialabtc.it/es/agencies/mdba9/estates/614924/images/8917113/gallery_media.jpeg']",0,Desconocido,1,0,0,0,0,E,0,0,"['imagenes_tecnocasa\\anuncio_1130\\0.jpeg', 'imagenes_tecnocasa\\anuncio_1130\\1.jpeg', 'imagenes_tecnocasa\\anuncio_1130\\2.jpeg', 'imagenes_tecnocasa\\anuncio_1130\\3.jpeg', 'imagenes_tecnocasa\\anuncio_1130\\4.jpeg', 'imagenes_tecnocasa\\anuncio_1130\\5.jpeg', 'imagenes_tecnocasa\\anuncio_1130\\6.jpeg', 'imagenes_tecnocasa\\anuncio_1130\\7.jpeg', 'imagenes_tecnocasa\\anuncio_1130\\8.jpeg', 'imagenes_tecnocasa\\anuncio_1130\\9.jpeg', 'imagenes_tecnocasa\\anuncio_1130\\10.jpeg']",0,Popular,1968,1,0,0,piso,2,Pozuelo de Alarcón,Pozuelo De Alarcón,40.4346528,-3.814834,1130,3857.1428571428573,140.0,108.0,0.05,0.4,1.0,0.0,otro,pintura,corredera,estándar (2.4-2.8m),nada,3.6,4.6,moderno,"['#F2F2F2', '#999999', '#FFFFFF']",buena,False,convencional,limitado,ninguno,ninguno,estándar,básica,ninguno,6.4,6.6,ninguna,5
https://www.tecnocasa.es/venta/piso/madrid/villaviciosa-de-odon/618066.html,359000.0,1,70.0,2,"CONSULTA NUESTRAS HIPOTECAS DESDE EL 1,60% PARA QUE TU COMPRA SEA MAS BARATA!
TECNOCASA VILLAVICIOSA DE ODON Vende en exclusiva para que usted compre con seguridad y tranquilidad, sin otros compradores y agencias por medio. Confíe en la inmobiliaria líder en España con más de 800 puntos de venta. Agencia Inmobiliaria inscrita en el RAIN de la Comunidad de Madrid. N° 000134/18.
PRECIOSO PISO EN LA PRESTIGIOSA URBANIZACIÓN DE EL BOSQUE de Villaviciosa de Odón, cercano a parada de autobús, despensa, restaurantes y farmacia.
La vivienda cuenta con un distribuidor, amplio salón-comedor con acceso, cocina con, cuarto de baño completo con ducha, aseo completo y para finalizar contamos con la habitación principal que cuenta con vestidor, cuarto de baño en suite con plato de ducha.
La vivienda cuenta con garaje.
La vivienda cuenta con una reforma integral, cuartos de baño, ampliación del salón, paredes en liso cocina y muchas mejoras.
¿cansado de pagar alquiler?",0,0,1,0,0,0,0,1,0,1,"['https://cdn-media.medialabtc.it/es/agencies/mdbzb/estates/618066/images/8907113/gallery_media.jpeg', 'https://cdn-media.medialabtc.it/es/agencies/mdbzb/estates/618066/images/8907112/gallery_media.jpeg', 'https://cdn-media.medialabtc.it/es/agencies/mdbzb/estates/618066/images/8907114/gallery_media.jpeg', 'https://cdn-media.medialabtc.it/es/agencies/mdbzb/estates/618066/images/8907151/gallery_media.jpeg', 'https://cdn-media.medialabtc.it/es/agencies/mdbzb/estates/618066/images/8907143/gallery_media.jpeg', 'https://cdn-media.medialabtc.it/es/agencies/mdbzb/estates/618066/images/8907150/gallery_media.jpeg', 'https://cdn-media.medialabtc.it/es/agencies/mdbzb/estates/618066/images/8907110/gallery_media.jpeg', 'https://cdn-media.medialabtc.it/es/agencies/mdbzb/estates/618066/images/8907146/gallery_media.jpeg', 'https://cdn-media.medialabtc.it/es/agencies/mdbzb/estates/618066/images/8907142/gallery_media.jpeg', 'https://cdn-media.medialabtc.it/es/agencies/mdbzb/estates/618066/images/8907152/gallery_media.jpeg', 'https://cdn-media.medialabtc.it/es/agencies/mdbzb/estates/618066/images/8907121/gallery_media.jpeg', 'https://cdn-media.medialabtc.it/es/agencies/mdbzb/estates/618066/images/8907148/gallery_media.jpeg', 'https://cdn-media.medialabtc.it/es/agencies/mdbzb/estates/618066/images/8907111/gallery_media.jpeg', 'https://cdn-media.medialabtc.it/es/agencies/mdbzb/estates/618066/images/8907118/gallery_media.jpeg', 'https://cdn-media.medialabtc.it/es/agencies/mdbzb/estates/618066/images/8907116/gallery_media.jpeg', 'https://cdn-media.medialabtc.it/es/agencies/mdbzb/estates/618066/images/8907144/gallery_media.jpeg', 'https://cdn-media.medialabtc.it/es/agencies/mdbzb/estates/618066/images/8907120/gallery_media.jpeg', 'https://cdn-media.medialabtc.it/es/agencies/mdbzb/estates/618066/images/8907145/gallery_media.jpeg', 'https://cdn-media.medialabtc.it/es/agencies/mdbzb/estates/618066/images/8907149/gallery_media.jpeg', 'https://cdn-media.medialabtc.it/es/agencies/mdbzb/estates/618066/images/8907108/gallery_media.jpeg', 'https://cdn-media.medialabtc.it/es/agencies/mdbzb/estates/618066/images/8907109/gallery_media.jpeg', 'https://cdn-media.medialabtc.it/es/agencies/mdbzb/estates/618066/images/8907117/gallery_media.jpeg', 'https://cdn-media.medialabtc.it/es/agencies/mdbzb/estates/618066/images/8907119/gallery_media.jpeg', 'https://cdn-media.medialabtc.it/es/agencies/mdbzb/estates/618066/images/8907147/gallery_media.jpeg', 'https://cdn-media.medialabtc.it/es/agencies/mdbzb/estates/618066/images/8907115/gallery_media.jpeg']",0,Desconocido,1,0,0,0,1,Desconocida,0,0,"['imagenes_tecnocasa\\anuncio_1132\\0.jpeg', 'imagenes_tecnocasa\\anuncio_1132\\1.jpeg', 'imagenes_tecnocasa\\anuncio_1132\\2.jpeg', 'imagenes_tecnocasa\\anuncio_1132\\3.jpeg', 'imagenes_tecnocasa\\anuncio_1132\\4.jpeg', 'imagenes_tecnocasa\\anuncio_1132\\5.jpeg', 'imagenes_tecnocasa\\anuncio_1132\\6.jpeg', 'imagenes_tecnocasa\\anuncio_1132\\7.jpeg', 'imagenes_tecnocasa\\anuncio_1132\\8.jpeg', 'imagenes_tecnocasa\\anuncio_1132\\9.jpeg', 'imagenes_tecnocasa\\anuncio_1132\\10.jpeg', 'imagenes_tecnocasa\\anuncio_1132\\11.jpeg', 'imagenes_tecnocasa\\anuncio_1132\\12.jpeg', 'imagenes_tecnocasa\\anuncio_1132\\13.jpeg', 'imagenes_tecnocasa\\anuncio_1132\\14.jpeg', 'imagenes_tecnocasa\\anuncio_1132\\15.jpeg', 'imagenes_tecnocasa\\anuncio_1132\\16.jpeg', 'imagenes_tecnocasa\\anuncio_1132\\17.jpeg', 'imagenes_tecnocasa\\anuncio_1132\\18.jpeg', 'imagenes_tecnocasa\\anuncio_1132\\19.jpeg', 'imagenes_tecnocasa\\anuncio_1132\\20.jpeg', 'imagenes_tecnocasa\\anuncio_1132\\21.jpeg', 'imagenes_tecnocasa\\anuncio_1132\\22.jpeg', 'imagenes_tecnocasa\\anuncio_1132\\23.jpeg', 'imagenes_tecnocasa\\anuncio_1132\\24.jpeg']",1,Popular,1993,0,0,0,piso,2,Villaviciosa de Odón,Villaviciosa De Odón,40.3573787,-3.9002334,1132,5128.571428571428,154.0,108.0,0.0,0.0,1.0,0.0,parquet,pintura,otro,estándar (2.4-2.8m),nada,4.8,4.4,moderno,"['#999999', '#c2b280', '#ffffff']",buena,True,eficiente,amplio,ninguno,ninguno,estándar,otro,ninguno,6.2,5.8,ninguna,5
https://www.tecnocasa.es/venta/piso/madrid/madrid/612315.html,699900.0,3,123.0,2,"Agencia inmobiliaria de Madrid - Tecnocasa Consulting Estudio Tribunal Centro S. L. vende magnifica vivienda en el centro de Madrid, en el corazón del icónico barrio de CHUECA.

Se trata de una tercera planta EXTERIOR a la Calle San Bartolomé a escasos metros de la plaza de Pedro Zerolo.

La vivienda consta de TRES DORMITORIOS, salón, cocina, un baño completo y aseo una ducha independiente en el dormitorio principal.

Este piso de 125 m², ubicado en una de las zonas más vibrantes y deseadas de Madrid, te ofrece una oportunidad única. Con un diseño exterior que incluye dos encantadores balcones, es ideal para transformar en tres dormitorios y tres baños, adaptándolo completamente a tu gusto. La posibilidad de segregación y reforma te permite personalizar cada rincón según tus necesidades.

La propiedad, situada en la tercera planta de un edificio, cuenta con una orientación sur-este que garantiza luminosidad durante todo el día. Además, dispone de calefacción de gas natural con bomba de frío/calor, asegurando tu confort en cualquier estación.

Es una vivienda sensacional en la cual podrás relajarte y pasar momentos únicos en ella.

Cabe destacar que es una de las zonas más demandadas de la capital. Donde todas las calles y rincones tienen un toque especial que combina la historia del lugar, con la modernidad de una gran ciudad como Madrid. Esta vivienda, situada en el corazón de Madrid, cercana a las calles Gran Vía, Fuencarral, Hortaleza y plaza de Pedro Zerolo.
Es una zona con gran personalidad que ha sabido reinventarse sin perder su alma. Es el lugar indicado para ir de tapas, descubrir comercios alternativos, iniciar una noche de fiesta o tomar una cerveza al sol en alguna de sus agradables terrazas.

Comunicado por las estaciones de, GRAN VÍA (L1 y L5), CALLAO (L3 y 5), ÓPERA (L2, L5 y Ramal), SOL (L1, L2, L3, C3, C4A y C4B), TRIBUNAL (L1 y L10), CHUECA (L5) con todos los servicios próximos a la vivienda como líneas de autobús, bancos, comercios.",1,1,1,1,1,1,0,1,1,1,"['https://cdn-media.medialabtc.it/es/agencies/md063/estates/612315/images/8776967/gallery_media.jpeg', 'https://cdn-media.medialabtc.it/es/agencies/md063/estates/612315/images/8776974/gallery_media.jpeg', 'https://cdn-media.medialabtc.it/es/agencies/md063/estates/612315/images/8776916/gallery_media.jpeg', 'https://cdn-media.medialabtc.it/es/agencies/md063/estates/612315/images/8776915/gallery_media.jpeg', 'https://cdn-media.medialabtc.it/es/agencies/md063/estates/612315/images/8776969/gallery_media.jpeg', 'https://cdn-media.medialabtc.it/es/agencies/md063/estates/612315/images/8776919/gallery_media.jpeg', 'https://cdn-media.medialabtc.it/es/agencies/md063/estates/612315/images/8776913/gallery_media.jpeg', 'https://cdn-media.medialabtc.it/es/agencies/md063/estates/612315/images/8776963/gallery_media.jpeg', 'https://cdn-media.medialabtc.it/es/agencies/md063/estates/612315/images/8776977/gallery_media.jpeg', 'https://cdn-media.medialabtc.it/es/agencies/md063/estates/612315/images/8776978/gallery_media.jpeg', 'https://cdn-media.medialabtc.it/es/agencies/md063/estates/612315/images/8776912/gallery_media.jpeg', 'https://cdn-media.medialabtc.it/es/agencies/md063/estates/612315/images/8776911/gallery_media.jpeg', 'https://cdn-media.medialabtc.it/es/agencies/md063/estates/612315/images/8776966/gallery_media.jpeg', 'https://cdn-media.medialabtc.it/es/agencies/md063/estates/612315/images/8776979/gallery_media.jpeg', 'https://cdn-media.medialabtc.it/es/agencies/md063/estates/612315/images/8776972/gallery_media.jpeg', 'https://cdn-media.medialabtc.it/es/agencies/md063/estates/612315/images/8776921/gallery_media.jpeg', 'https://cdn-media.medialabtc.it/es/agencies/md063/estates/612315/images/8776918/gallery_media.jpeg', 'https://cdn-media.medialabtc.it/es/agencies/md063/estates/612315/images/8776970/gallery_media.jpeg', 'https://cdn-media.medialabtc.it/es/agencies/md063/estates/612315/images/8776965/gallery_media.jpeg', 'https://cdn-media.medialabtc.it/es/agencies/md063/estates/612315/images/8776975/gallery_media.jpeg', 'https://cdn-media.medialabtc.it/es/agencies/md063/estates/612315/images/8776973/gallery_media.jpeg', 'https://cdn-media.medialabtc.it/es/agencies/md063/estates/612315/images/8776914/gallery_media.jpeg', 'https://cdn-media.medialabtc.it/es/agencies/md063/estates/612315/images/8776917/gallery_media.jpeg', 'https://cdn-media.medialabtc.it/es/agencies/md063/estates/612315/images/8776971/gallery_media.jpeg', 'https://cdn-media.medialabtc.it/es/agencies/md063/estates/612315/images/8776968/gallery_media.jpeg', 'https://cdn-media.medialabtc.it/es/agencies/md063/estates/612315/images/8776910/gallery_media.jpeg', 'https://cdn-media.medialabtc.it/es/agencies/md063/estates/612315/images/8776920/gallery_media.jpeg', 'https://cdn-media.medialabtc.it/es/agencies/md063/estates/612315/images/8776964/gallery_media.jpeg', 'https://cdn-media.medialabtc.it/es/agencies/md063/estates/612315/images/8776976/gallery_media.jpeg', 'https://cdn-media.medialabtc.it/es/agencies/md063/estates/612315/images/8776962/gallery_media.jpeg']",0,Desconocido,0,0,0,0,0,E,0,0,"['imagenes_tecnocasa\\anuncio_1134\\0.jpeg', 'imagenes_tecnocasa\\anuncio_1134\\1.jpeg', 'imagenes_tecnocasa\\anuncio_1134\\2.jpeg', 'imagenes_tecnocasa\\anuncio_1134\\3.jpeg', 'imagenes_tecnocasa\\anuncio_1134\\4.jpeg', 'imagenes_tecnocasa\\anuncio_1134\\5.jpeg', 'imagenes_tecnocasa\\anuncio_1134\\6.jpeg', 'imagenes_tecnocasa\\anuncio_1134\\7.jpeg', 'imagenes_tecnocasa\\anuncio_1134\\8.jpeg', 'imagenes_tecnocasa\\anuncio_1134\\9.jpeg', 'imagenes_tecnocasa\\anuncio_1134\\10.jpeg', 'imagenes_tecnocasa\\anuncio_1134\\11.jpeg', 'imagenes_tecnocasa\\anuncio_1134\\12.jpeg', 'imagenes_tecnocasa\\anuncio_1134\\13.jpeg', 'imagenes_tecnocasa\\anuncio_1134\\14.jpeg', 'imagenes_tecnocasa\\anuncio_1134\\15.jpeg', 'imagenes_tecnocasa\\anuncio_1134\\16.jpeg', 'imagenes_tecnocasa\\anuncio_1134\\17.jpeg', 'imagenes_tecnocasa\\anuncio_1134\\18.jpeg', 'imagenes_tecnocasa\\anuncio_1134\\19.jpeg', 'imagenes_tecnocasa\\anuncio_1134\\20.jpeg', 'imagenes_tecnocasa\\anuncio_1134\\21.jpeg', 'imagenes_tecnocasa\\anuncio_1134\\22.jpeg', 'imagenes_tecnocasa\\anuncio_1134\\23.jpeg', 'imagenes_tecnocasa\\anuncio_1134\\24.jpeg', 'imagenes_tecnocasa\\anuncio_1134\\25.jpeg', 'imagenes_tecnocasa\\anuncio_1134\\26.jpeg', 'imagenes_tecnocasa\\anuncio_1134\\27.jpeg', 'imagenes_tecnocasa\\anuncio_1134\\28.jpeg', 'imagenes_tecnocasa\\anuncio_1134\\29.jpeg']",0,Popular,1900,1,0,0,piso,3,Justicia,"Malasaña - Justicia - Universidad, Madrid",40.4232759,-3.6966805,1134,5690.243902439024,331.0,218.0,0.5,0.7,0.0,1.0,parquet,papel pintado,ninguna visible,estándar (2.4-2.8m),nada,2.4,1.4,clásico,"['#F5F5DC', '#FFE4C4', '#DAA520']",regular,False,convencional,limitado,ninguno,ninguno,básico,básica,ninguno,6.8,5.6,ninguna,5
https://www.tecnocasa.es/venta/piso/madrid/madrid/618065.html,180000.0,2,50.0,1,"Agencia inmobiliaria de MADRID - Zona VILLAVERDE ALTO – PASEO ALBERTO PALACIOS Tecnocasa. Vende vivienda luminosa en tercera planta de edificio residencial.
Se ofrece en venta una vivienda alquilada con 1 año y medio de contrato, actualmente cuenta con una rentabilidad de un 4% al culminar este tiempo, la rentabilidad podrá incrementar hasta un 8% ubicada en la tercera planta de una finca de cuatro alturas. La propiedad se dstribuye en dos dormitorios de generosas dimensiones, un salón amplio y luminoso, un cuarto de baño completo equipado con plato de ducha y extractor, y una cocina independiente de gran tamaño con salida a un balcón.
La vivienda dispone de suelos de tarima flotante, puertas interiores de madera de sapeli y sistema de calefacción mediante caldera eléctrica.
Una excelente oportunidad para quienes buscan confort y amplitud en una zona residencial consolidada.
Se encuentra cerca de las paradas de los autobuses números 130, 22, 86, 131, 79. A pocos minutos del C-5 de Renfe Cercanías parada 'Puente Alcocer' y de la línea 3 de Metro de Madrid, Parada 'Villaverde Alto' y línea C-5 y C-4 de Renfe Cercanías parada 'Villaverde Alto'. Villaverde Alto es un barrio situado en el distrito de Villaverde.",1,1,1,1,1,1,0,1,1,1,"['https://cdn-media.medialabtc.it/es/agencies/md091/estates/618065/images/8911149/gallery_media.jpeg', 'https://cdn-media.medialabtc.it/es/agencies/md091/estates/618065/images/8911160/gallery_media.jpeg', 'https://cdn-media.medialabtc.it/es/agencies/md091/estates/618065/images/8911201/gallery_media.jpeg', 'https://cdn-media.medialabtc.it/es/agencies/md091/estates/618065/images/8911194/gallery_media.jpeg', 'https://cdn-media.medialabtc.it/es/agencies/md091/estates/618065/images/8911156/gallery_media.jpeg', 'https://cdn-media.medialabtc.it/es/agencies/md091/estates/618065/images/8911189/gallery_media.jpeg', 'https://cdn-media.medialabtc.it/es/agencies/md091/estates/618065/images/8911196/gallery_media.jpeg', 'https://cdn-media.medialabtc.it/es/agencies/md091/estates/618065/images/8911203/gallery_media.jpeg', 'https://cdn-media.medialabtc.it/es/agencies/md091/estates/618065/images/8911191/gallery_media.jpeg', 'https://cdn-media.medialabtc.it/es/agencies/md091/estates/618065/images/8911153/gallery_media.jpeg', 'https://cdn-media.medialabtc.it/es/agencies/md091/estates/618065/images/8911159/gallery_media.jpeg', 'https://cdn-media.medialabtc.it/es/agencies/md091/estates/618065/images/8911148/gallery_media.jpeg', 'https://cdn-media.medialabtc.it/es/agencies/md091/estates/618065/images/8911151/gallery_media.jpeg', 'https://cdn-media.medialabtc.it/es/agencies/md091/estates/618065/images/8911198/gallery_media.jpeg', 'https://cdn-media.medialabtc.it/es/agencies/md091/estates/618065/images/8911197/gallery_media.jpeg', 'https://cdn-media.medialabtc.it/es/agencies/md091/estates/618065/images/8911200/gallery_media.jpeg', 'https://cdn-media.medialabtc.it/es/agencies/md091/estates/618065/images/8911199/gallery_media.jpeg', 'https://cdn-media.medialabtc.it/es/agencies/md091/estates/618065/images/8911193/gallery_media.jpeg', 'https://cdn-media.medialabtc.it/es/agencies/md091/estates/618065/images/8911202/gallery_media.jpeg', 'https://cdn-media.medialabtc.it/es/agencies/md091/estates/618065/images/8911192/gallery_media.jpeg', 'https://cdn-media.medialabtc.it/es/agencies/md091/estates/618065/images/8911155/gallery_media.jpeg', 'https://cdn-media.medialabtc.it/es/agencies/md091/estates/618065/images/8911154/gallery_media.jpeg', 'https://cdn-media.medialabtc.it/es/agencies/md091/estates/618065/images/8911190/gallery_media.jpeg', 'https://cdn-media.medialabtc.it/es/agencies/md091/estates/618065/images/8911157/gallery_media.jpeg', 'https://cdn-media.medialabtc.it/es/agencies/md091/estates/618065/images/8911195/gallery_media.jpeg', 'https://cdn-media.medialabtc.it/es/agencies/md091/estates/618065/images/8911152/gallery_media.jpeg', 'https://cdn-media.medialabtc.it/es/agencies/md091/estates/618065/images/8911158/gallery_media.jpeg', 'https://cdn-media.medialabtc.it/es/agencies/md091/estates/618065/images/8911150/gallery_media.jpeg']",0,Desconocido,0,0,0,1,0,E,1,0,"['imagenes_tecnocasa\\anuncio_1135\\0.jpeg', 'imagenes_tecnocasa\\anuncio_1135\\1.jpeg', 'imagenes_tecnocasa\\anuncio_1135\\2.jpeg', 'imagenes_tecnocasa\\anuncio_1135\\3.jpeg', 'imagenes_tecnocasa\\anuncio_1135\\4.jpeg', 'imagenes_tecnocasa\\anuncio_1135\\5.jpeg', 'imagenes_tecnocasa\\anuncio_1135\\6.jpeg', 'imagenes_tecnocasa\\anuncio_1135\\7.jpeg', 'imagenes_tecnocasa\\anuncio_1135\\8.jpeg', 'imagenes_tecnocasa\\anuncio_1135\\9.jpeg', 'imagenes_tecnocasa\\anuncio_1135\\10.jpeg', 'imagenes_tecnocasa\\anuncio_1135\\11.jpeg', 'imagenes_tecnocasa\\anuncio_1135\\12.jpeg', 'imagenes_tecnocasa\\anuncio_1135\\13.jpeg', 'imagenes_tecnocasa\\anuncio_1135\\14.jpeg', 'imagenes_tecnocasa\\anuncio_1135\\15.jpeg', 'imagenes_tecnocasa\\anuncio_1135\\16.jpeg', 'imagenes_tecnocasa\\anuncio_1135\\17.jpeg', 'imagenes_tecnocasa\\anuncio_1135\\18.jpeg', 'imagenes_tecnocasa\\anuncio_1135\\19.jpeg', 'imagenes_tecnocasa\\anuncio_1135\\20.jpeg', 'imagenes_tecnocasa\\anuncio_1135\\21.jpeg', 'imagenes_tecnocasa\\anuncio_1135\\22.jpeg', 'imagenes_tecnocasa\\anuncio_1135\\23.jpeg', 'imagenes_tecnocasa\\anuncio_1135\\24.jpeg', 'imagenes_tecnocasa\\anuncio_1135\\25.jpeg', 'imagenes_tecnocasa\\anuncio_1135\\26.jpeg', 'imagenes_tecnocasa\\anuncio_1135\\27.jpeg']",0,Media,1965,0,0,0,piso,3,Madrid,"Villaverde Alto, Madrid",40.4167047,-3.7035825,1135,3600.0,200.0,138.0,0.0,0.0,2.0,0.0,otro,pintura,corredera,estándar (2.4-2.8m),nada,3.0,3.6,convencional,"['#F2F2F2', '#A7A7A7', '#525252']",regular,False,convencional,limitado,ninguno,ninguno,estándar,básica,ninguno,6.4,5.8,ninguna,5
https://www.tecnocasa.es/venta/casa/madrid/parla/605419.html,360000.0,4,181.0,2,"Agencia inmobiliaria de PARLA - Oficina Tecnocasa. vende Chalet independiente en Parla, situado en la zona de La Ermita.
Chalet independiente a la venta en Parla, situado en uno de los mejores barrios del municipio: La Ermita, zona residencial de viviendas unifamiliares independientes.
Próximo a grandes zonas verdes con parques infantiles, comercios, supermercados, colegios, centros de salud, comisarías, etc. También cuenta con muy buena comunicación de transporte público, con paradas de autobús muy cercanas y estación de Renfe Cercanías con parada de tranvía a tan sólo 15 minutos de la vivienda. También es una zona que se caracteriza por el rápido acceso a la carretera principal más cercana, la A-42.
La vivienda de dos plantas está distribuida de tal manera:
PLANTA PRINCIPAL
Acceso a la vivienda consta de cocina totalmente equipada con acceso al patio, baño con plato de ducha y amplio salón -comedor también con acceso al patio, dormitorio, despensa y garaje. Por lo que es apto para personas con movilidad reducida.
2º PLANTA
Consta de tres dormitorios
Baño completo con bañera
Jardin exterior con piscina
Zona de estar exterior cerrada
Terraza
Garaje
Calefacción de gas natural
Suelos de gres en toda la vivienda
El inmueble se caracteriza por su GRAN LUMINOSIDAD",0,0,1,1,1,1,0,1,1,1,"['https://cdn-media.medialabtc.it/es/agencies/mdbp3/estates/605419/images/8900712/gallery_media.jpeg', 'https://cdn-media.medialabtc.it/es/agencies/mdbp3/estates/605419/images/8900724/gallery_media.jpeg', 'https://cdn-media.medialabtc.it/es/agencies/mdbp3/estates/605419/images/8900717/gallery_media.jpeg', 'https://cdn-media.medialabtc.it/es/agencies/mdbp3/estates/605419/images/8900710/gallery_media.jpeg', 'https://cdn-media.medialabtc.it/es/agencies/mdbp3/estates/605419/images/8900714/gallery_media.jpeg', 'https://cdn-media.medialabtc.it/es/agencies/mdbp3/estates/605419/images/8900720/gallery_media.jpeg', 'https://cdn-media.medialabtc.it/es/agencies/mdbp3/estates/605419/images/8900713/gallery_media.jpeg', 'https://cdn-media.medialabtc.it/es/agencies/mdbp3/estates/605419/images/8900725/gallery_media.jpeg', 'https://cdn-media.medialabtc.it/es/agencies/mdbp3/estates/605419/images/8900711/gallery_media.jpeg', 'https://cdn-media.medialabtc.it/es/agencies/mdbp3/estates/605419/images/8900716/gallery_media.jpeg', 'https://cdn-media.medialabtc.it/es/agencies/mdbp3/estates/605419/images/8900722/gallery_media.jpeg', 'https://cdn-media.medialabtc.it/es/agencies/mdbp3/estates/605419/images/8900721/gallery_media.jpeg', 'https://cdn-media.medialabtc.it/es/agencies/mdbp3/estates/605419/images/8900718/gallery_media.jpeg', 'https://cdn-media.medialabtc.it/es/agencies/mdbp3/estates/605419/images/8900719/gallery_media.jpeg', 'https://cdn-media.medialabtc.it/es/agencies/mdbp3/estates/605419/images/8641134/gallery_media.jpeg', 'https://cdn-media.medialabtc.it/es/agencies/mdbp3/estates/605419/images/8636043/gallery_media.jpeg', 'https://cdn-media.medialabtc.it/es/agencies/mdbp3/estates/605419/images/8636054/gallery_media.jpeg', 'https://cdn-media.medialabtc.it/es/agencies/mdbp3/estates/605419/images/8900727/gallery_media.jpeg', 'https://cdn-media.medialabtc.it/es/agencies/mdbp3/estates/605419/images/8900729/gallery_media.jpeg', 'https://cdn-media.medialabtc.it/es/agencies/mdbp3/estates/605419/images/8900715/gallery_media.jpeg', 'https://cdn-media.medialabtc.it/es/agencies/mdbp3/estates/605419/images/8641133/gallery_media.jpeg', 'https://cdn-media.medialabtc.it/es/agencies/mdbp3/estates/605419/images/8900726/gallery_media.jpeg', 'https://cdn-media.medialabtc.it/es/agencies/mdbp3/estates/605419/images/8900723/gallery_media.jpeg', 'https://cdn-media.medialabtc.it/es/agencies/mdbp3/estates/605419/images/8900730/gallery_media.jpeg', 'https://cdn-media.medialabtc.it/es/agencies/mdbp3/estates/605419/images/8900728/gallery_media.jpeg']",0,Desconocido,1,0,1,1,0,Desconocida,0,0,"['imagenes_tecnocasa\\anuncio_1137\\0.jpeg', 'imagenes_tecnocasa\\anuncio_1137\\1.jpeg', 'imagenes_tecnocasa\\anuncio_1137\\2.jpeg', 'imagenes_tecnocasa\\anuncio_1137\\3.jpeg', 'imagenes_tecnocasa\\anuncio_1137\\4.jpeg', 'imagenes_tecnocasa\\anuncio_1137\\5.jpeg', 'imagenes_tecnocasa\\anuncio_1137\\6.jpeg', 'imagenes_tecnocasa\\anuncio_1137\\7.jpeg', 'imagenes_tecnocasa\\anuncio_1137\\8.jpeg', 'imagenes_tecnocasa\\anuncio_1137\\9.jpeg', 'imagenes_tecnocasa\\anuncio_1137\\10.jpeg', 'imagenes_tecnocasa\\anuncio_1137\\11.jpeg', 'imagenes_tecnocasa\\anuncio_1137\\12.jpeg', 'imagenes_tecnocasa\\anuncio_1137\\13.jpeg', 'imagenes_tecnocasa\\anuncio_1137\\14.jpeg', 'imagenes_tecnocasa\\anuncio_1137\\15.jpeg', 'imagenes_tecnocasa\\anuncio_1137\\16.jpeg', 'imagenes_tecnocasa\\anuncio_1137\\17.jpeg', 'imagenes_tecnocasa\\anuncio_1137\\18.jpeg', 'imagenes_tecnocasa\\anuncio_1137\\19.jpeg', 'imagenes_tecnocasa\\anuncio_1137\\20.jpeg', 'imagenes_tecnocasa\\anuncio_1137\\21.jpeg', 'imagenes_tecnocasa\\anuncio_1137\\22.jpeg', 'imagenes_tecnocasa\\anuncio_1137\\23.jpeg', 'imagenes_tecnocasa\\anuncio_1137\\24.jpeg']",0,Señorial,1983,0,0,0,casa,3,Parla,Parla,40.2373952,-3.7718902,1137,1988.9502762430939,203.0,138.0,0.1,0.4,1.0,0.0,otro,pintura,corredera,estándar (2.4-2.8m),nada,3.0,3.0,clásico,"['#F5F5DC', '#FFFFFF', '#A0522D']",regular,False,convencional,limitado,ninguno,ninguno,estándar,básica,ninguno,5.8,6.4,ninguna,5
https://www.tecnocasa.es/venta/piso/madrid/madrid/602834.html,389000.0,4,64.0,1,"nmobiliaria en Zona Centro (ATOCHA) DELICIAS MENDEZ-ALVARO - Tecnocasa Estudio Museo del Ferrocarril
Te presentamos esta magnífica finca de 1930, situada en la calle Juan de Vera, a tan solo unos minutos de la estación de Atocha, en una ubicación privilegiada de Madrid. La propiedad se encuentra en un edificio de época, con carácter y encanto, pero al mismo tiempo cuenta con comodidades modernas como ascensor.
La vivienda dispone de cuatro amplios dormitorios, lo que la convierte en una opción ideal para familias. Además, cuenta con un trastero para almacenamiento adicional, perfecto para mantener el hogar organizado. No solo eso, también dispone de un maletero en el techo, lo que añade un espacio extra para almacenamiento.
La vivienda tambien dispone de A/C en el salón y resto de habitaciones
Gracias a su excelente ubicación, tendrás acceso rápido a los principales puntos de la ciudad, con transportes públicos cercanos y servicios a tu alcance. Un lugar único para disfrutar de la tranquilidad y el dinamismo de Madrid, con una combinación perfecta de estilo clásico y confort moderno.
¡No pierdas la oportunidad de visitarlo! Llama al número indicado y solicita una visita. ¡Te encantará!",1,1,1,1,1,1,0,1,1,1,"['https://cdn-media.medialabtc.it/es/agencies/md100/estates/602834/images/8915310/gallery_media.jpeg', 'https://cdn-media.medialabtc.it/es/agencies/md100/estates/602834/images/8915305/gallery_media.jpeg', 'https://cdn-media.medialabtc.it/es/agencies/md100/estates/602834/images/8915318/gallery_media.jpeg', 'https://cdn-media.medialabtc.it/es/agencies/md100/estates/602834/images/8915239/gallery_media.jpeg', 'https://cdn-media.medialabtc.it/es/agencies/md100/estates/602834/images/8915312/gallery_media.jpeg', 'https://cdn-media.medialabtc.it/es/agencies/md100/estates/602834/images/8915306/gallery_media.jpeg', 'https://cdn-media.medialabtc.it/es/agencies/md100/estates/602834/images/8915320/gallery_media.jpeg', 'https://cdn-media.medialabtc.it/es/agencies/md100/estates/602834/images/8915316/gallery_media.jpeg', 'https://cdn-media.medialabtc.it/es/agencies/md100/estates/602834/images/8915241/gallery_media.jpeg', 'https://cdn-media.medialabtc.it/es/agencies/md100/estates/602834/images/8915238/gallery_media.jpeg', 'https://cdn-media.medialabtc.it/es/agencies/md100/estates/602834/images/8915311/gallery_media.jpeg', 'https://cdn-media.medialabtc.it/es/agencies/md100/estates/602834/images/8915240/gallery_media.jpeg', 'https://cdn-media.medialabtc.it/es/agencies/md100/estates/602834/images/8915315/gallery_media.jpeg', 'https://cdn-media.medialabtc.it/es/agencies/md100/estates/602834/images/8915317/gallery_media.jpeg', 'https://cdn-media.medialabtc.it/es/agencies/md100/estates/602834/images/8915323/gallery_media.jpeg', 'https://cdn-media.medialabtc.it/es/agencies/md100/estates/602834/images/8915308/gallery_media.jpeg', 'https://cdn-media.medialabtc.it/es/agencies/md100/estates/602834/images/8915319/gallery_media.jpeg', 'https://cdn-media.medialabtc.it/es/agencies/md100/estates/602834/images/8915303/gallery_media.jpeg', 'https://cdn-media.medialabtc.it/es/agencies/md100/estates/602834/images/8915314/gallery_media.jpeg', 'https://cdn-media.medialabtc.it/es/agencies/md100/estates/602834/images/8915304/gallery_media.jpeg', 'https://cdn-media.medialabtc.it/es/agencies/md100/estates/602834/images/8915321/gallery_media.jpeg', 'https://cdn-media.medialabtc.it/es/agencies/md100/estates/602834/images/8915326/gallery_media.jpeg', 'https://cdn-media.medialabtc.it/es/agencies/md100/estates/602834/images/8915322/gallery_media.jpeg', 'https://cdn-media.medialabtc.it/es/agencies/md100/estates/602834/images/8915237/gallery_media.jpeg', 'https://cdn-media.medialabtc.it/es/agencies/md100/estates/602834/images/8915302/gallery_media.jpeg', 'https://cdn-media.medialabtc.it/es/agencies/md100/estates/602834/images/8915309/gallery_media.jpeg', 'https://cdn-media.medialabtc.it/es/agencies/md100/estates/602834/images/8915324/gallery_media.jpeg', 'https://cdn-media.medialabtc.it/es/agencies/md100/estates/602834/images/8915307/gallery_media.jpeg', 'https://cdn-media.medialabtc.it/es/agencies/md100/estates/602834/images/8915313/gallery_media.jpeg', 'https://cdn-media.medialabtc.it/es/agencies/md100/estates/602834/images/8915325/gallery_media.jpeg']",0,Desconocido,0,1,0,0,0,E,0,0,"['imagenes_tecnocasa\\anuncio_1140\\0.jpeg', 'imagenes_tecnocasa\\anuncio_1140\\1.jpeg', 'imagenes_tecnocasa\\anuncio_1140\\2.jpeg', 'imagenes_tecnocasa\\anuncio_1140\\3.jpeg', 'imagenes_tecnocasa\\anuncio_1140\\4.jpeg', 'imagenes_tecnocasa\\anuncio_1140\\5.jpeg', 'imagenes_tecnocasa\\anuncio_1140\\6.jpeg', 'imagenes_tecnocasa\\anuncio_1140\\7.jpeg', 'imagenes_tecnocasa\\anuncio_1140\\8.jpeg', 'imagenes_tecnocasa\\anuncio_1140\\9.jpeg', 'imagenes_tecnocasa\\anuncio_1140\\10.jpeg', 'imagenes_tecnocasa\\anuncio_1140\\11.jpeg', 'imagenes_tecnocasa\\anuncio_1140\\12.jpeg', 'imagenes_tecnocasa\\anuncio_1140\\13.jpeg', 'imagenes_tecnocasa\\anuncio_1140\\14.jpeg', 'imagenes_tecnocasa\\anuncio_1140\\15.jpeg', 'imagenes_tecnocasa\\anuncio_1140\\16.jpeg', 'imagenes_tecnocasa\\anuncio_1140\\17.jpeg', 'imagenes_tecnocasa\\anuncio_1140\\18.jpeg', 'imagenes_tecnocasa\\anuncio_1140\\19.jpeg', 'imagenes_tecnocasa\\anuncio_1140\\20.jpeg', 'imagenes_tecnocasa\\anuncio_1140\\21.jpeg', 'imagenes_tecnocasa\\anuncio_1140\\22.jpeg', 'imagenes_tecnocasa\\anuncio_1140\\23.jpeg', 'imagenes_tecnocasa\\anuncio_1140\\24.jpeg', 'imagenes_tecnocasa\\anuncio_1140\\25.jpeg', 'imagenes_tecnocasa\\anuncio_1140\\26.jpeg', 'imagenes_tecnocasa\\anuncio_1140\\27.jpeg', 'imagenes_tecnocasa\\anuncio_1140\\28.jpeg', 'imagenes_tecnocasa\\anuncio_1140\\29.jpeg']",1,Popular,1949,1,0,1,piso,4,Arganzuela,"Arganzuela, Delicias - Embajadores, Madrid",40.3969535,-3.6972891,1140,6078.125,192.0,132.0,0.45,0.55,2.0,1.0,parquet,pintura,corredera,estándar (2.4-2.8m),nada,3.2,2.6,clásico,"['#D2B48C', '#E0E0E0', '#A0522D']",regular,False,convencional,limitado,ninguno,ninguno,estándar,básica,ninguno,7.8,6.4,ninguna,5
https://www.tecnocasa.es/venta/piso/madrid/madrid/618396.html,219000.0,2,57.0,1,"ECNOCASA Estudio Inmobiliario Ciudad Lineal, Ascao S. L vende fantástico piso en una ubicación privilegiada. Esta vivienda está para entrar a vivir y es totalmente exterior, cuenta con 3 dormitorios, salón, cocina, baño . Con mucha iluminación natural, se encuentra a menos de 2 minutos del metro Garcia Noblejas y a solo un minuto de la calle Hermanos García Noblejas. Con supermercados, comercios y colegios en las cercanías, esta es una excelente oportunidad de vivienda.
Con 58m² construidos, este piso en segunda mano se encuentra para entrar a vivir. Año de construcción 1960 y ubicado en una segunda planta, con ascensor y con orientación norte, sur y oeste. ¡No dejes pasar esta oportunidad!

Descubre esta encantadora propiedad en el corazón del municipio de Madrid. Con una superficie de 58 m², este acogedor piso ofrece un ambiente cómodo y funcional.
El inmueble conserva un estilo clásico que se complementa con las comodidades modernas necesarias para una vida urbana.
La vivienda cuenta con dos dormitorios bien distribuidos, ideales para una pareja o una pequeña familia. La sala de estar es un espacio versátil que invita al descanso y al entretenimiento. La cocina, práctica y bien equipada, facilita el día a día con su diseño eficiente. Ubicado en una zona con acceso a servicios esenciales, transporte público y áreas de ocio, este piso es una excelente opción para quienes buscan establecerse en Madrid.
La combinación de su ubicación estratégica y su distribución funcional hacen de esta propiedad una oportunidad atractiva para quienes desean disfrutar de la vida en la ciudad.",1,0,1,1,1,1,1,1,1,1,"['https://cdn-media.medialabtc.it/es/agencies/md048/estates/618396/images/8915043/gallery_media.jpeg', 'https://cdn-media.medialabtc.it/es/agencies/md048/estates/618396/images/8915037/gallery_media.jpeg', 'https://cdn-media.medialabtc.it/es/agencies/md048/estates/618396/images/8915045/gallery_media.jpeg', 'https://cdn-media.medialabtc.it/es/agencies/md048/estates/618396/images/8915041/gallery_media.jpeg', 'https://cdn-media.medialabtc.it/es/agencies/md048/estates/618396/images/8915038/gallery_media.jpeg', 'https://cdn-media.medialabtc.it/es/agencies/md048/estates/618396/images/8915042/gallery_media.jpeg', 'https://cdn-media.medialabtc.it/es/agencies/md048/estates/618396/images/8915036/gallery_media.jpeg', 'https://cdn-media.medialabtc.it/es/agencies/md048/estates/618396/images/8915039/gallery_media.jpeg', 'https://cdn-media.medialabtc.it/es/agencies/md048/estates/618396/images/8915040/gallery_media.jpeg']",0,Desconocido,0,0,0,0,0,E,0,0,"['imagenes_tecnocasa\\anuncio_1142\\0.jpeg', 'imagenes_tecnocasa\\anuncio_1142\\1.jpeg', 'imagenes_tecnocasa\\anuncio_1142\\2.jpeg', 'imagenes_tecnocasa\\anuncio_1142\\3.jpeg', 'imagenes_tecnocasa\\anuncio_1142\\4.jpeg', 'imagenes_tecnocasa\\anuncio_1142\\5.jpeg', 'imagenes_tecnocasa\\anuncio_1142\\6.jpeg', 'imagenes_tecnocasa\\anuncio_1142\\7.jpeg', 'imagenes_tecnocasa\\anuncio_1142\\8.jpeg']",0,Media,1960,0,0,0,piso,2,Ciudad Lineal,"Ciudad Lineal, Pueblo Nuevo, Madrid",40.4484305,-3.650495,1142,3842.1052631578946,257.0,159.0,0.125,0.4,0.0,0.0,cerámica,pintura,corredera,estándar (2.4-2.8m),nada,3.2,2.8,convencional,"['#F5E8C8', '#C19A6B', '#FFFFFF']",regular,False,convencional,limitado,ninguno,ninguno,estándar,básica,ninguno,6.4,5.8,ninguna,5
https://www.tecnocasa.es/venta/casa/madrid/navalcarnero/601799.html,304900.0,3,112.0,2,"Agencia inmobiliaria de Navalcarnero

CHALET PAREADO CERCANO AL CENTRO de 112 m2 CON 135 m2 DE PARCELA

Compuesto por:

Tres amplios dormitorios con armarios empotrados, dos cuartos de baño completos, amplio salon y cocina totalmente amueblada con comedor.
POSIBILIDAD DE DORMITORIO EN PLANTA BAJA

TOTALMENTE REFORMADO: ventanas en climalit, puertas de paso lacadas en blanco, calefaccion de gas natural, chimenea con cassette, suelos en gres, armarios empotrados.

El chalet se encuentra enclavado en una excelente zona del centro de Navalcarnero, a solamente cinco minutos andando de la plaza de Segovia.

El centro de Navalcarnero se encuentra excelentemente situada, con buen acceso tanto a la autovia como al centro del municipio. Navalcarnero cuenta con todos los servicios tales como farmacias, supermercados, excelentes colegios, zonas verdes, comercios, centro medico, asimismo, se encuentra a menos de 10 minutos en coche del hospital mas cercano.

En el caso de que necesite financiación, disponemos de un departamento financiero que estará encantado de atenderle y facilitarle la mejor financiacion del mercado, con una cuota para esta vivienda desde 982€/mes (consultar condiciones).",0,0,1,0,0,1,0,1,1,1,"['https://cdn-media.medialabtc.it/es/agencies/md590/estates/601799/images/8579863/gallery_media.jpeg', 'https://cdn-media.medialabtc.it/es/agencies/md590/estates/601799/images/8579895/gallery_media.jpeg', 'https://cdn-media.medialabtc.it/es/agencies/md590/estates/601799/images/8579870/gallery_media.jpeg', 'https://cdn-media.medialabtc.it/es/agencies/md590/estates/601799/images/8579867/gallery_media.jpeg', 'https://cdn-media.medialabtc.it/es/agencies/md590/estates/601799/images/8579898/gallery_media.jpeg', 'https://cdn-media.medialabtc.it/es/agencies/md590/estates/601799/images/8579874/gallery_media.jpeg', 'https://cdn-media.medialabtc.it/es/agencies/md590/estates/601799/images/8579873/gallery_media.jpeg', 'https://cdn-media.medialabtc.it/es/agencies/md590/estates/601799/images/8579830/gallery_media.jpeg', 'https://cdn-media.medialabtc.it/es/agencies/md590/estates/601799/images/8579893/gallery_media.jpeg', 'https://cdn-media.medialabtc.it/es/agencies/md590/estates/601799/images/8579828/gallery_media.jpeg', 'https://cdn-media.medialabtc.it/es/agencies/md590/estates/601799/images/8579871/gallery_media.jpeg', 'https://cdn-media.medialabtc.it/es/agencies/md590/estates/601799/images/8579872/gallery_media.jpeg', 'https://cdn-media.medialabtc.it/es/agencies/md590/estates/601799/images/8579864/gallery_media.jpeg', 'https://cdn-media.medialabtc.it/es/agencies/md590/estates/601799/images/8579897/gallery_media.jpeg', 'https://cdn-media.medialabtc.it/es/agencies/md590/estates/601799/images/8579894/gallery_media.jpeg', 'https://cdn-media.medialabtc.it/es/agencies/md590/estates/601799/images/8579877/gallery_media.jpeg', 'https://cdn-media.medialabtc.it/es/agencies/md590/estates/601799/images/8579862/gallery_media.jpeg', 'https://cdn-media.medialabtc.it/es/agencies/md590/estates/601799/images/8579868/gallery_media.jpeg', 'https://cdn-media.medialabtc.it/es/agencies/md590/estates/601799/images/8579829/gallery_media.jpeg', 'https://cdn-media.medialabtc.it/es/agencies/md590/estates/601799/images/8579875/gallery_media.jpeg', 'https://cdn-media.medialabtc.it/es/agencies/md590/estates/601799/images/8579876/gallery_media.jpeg', 'https://cdn-media.medialabtc.it/es/agencies/md590/estates/601799/images/8579831/gallery_media.jpeg', 'https://cdn-media.medialabtc.it/es/agencies/md590/estates/601799/images/8579866/gallery_media.jpeg', 'https://cdn-media.medialabtc.it/es/agencies/md590/estates/601799/images/8579865/gallery_media.jpeg', 'https://cdn-media.medialabtc.it/es/agencies/md590/estates/601799/images/8579832/gallery_media.jpeg', 'https://cdn-media.medialabtc.it/es/agencies/md590/estates/601799/images/8579896/gallery_media.jpeg', 'https://cdn-media.medialabtc.it/es/agencies/md590/estates/601799/images/8579869/gallery_media.jpeg']",0,Reformado,0,0,0,0,0,E,0,0,"['imagenes_tecnocasa\\anuncio_1143\\0.jpeg', 'imagenes_tecnocasa\\anuncio_1143\\1.jpeg', 'imagenes_tecnocasa\\anuncio_1143\\2.jpeg', 'imagenes_tecnocasa\\anuncio_1143\\3.jpeg', 'imagenes_tecnocasa\\anuncio_1143\\4.jpeg', 'imagenes_tecnocasa\\anuncio_1143\\5.jpeg', 'imagenes_tecnocasa\\anuncio_1143\\6.jpeg', 'imagenes_tecnocasa\\anuncio_1143\\7.jpeg', 'imagenes_tecnocasa\\anuncio_1143\\8.jpeg', 'imagenes_tecnocasa\\anuncio_1143\\9.jpeg', 'imagenes_tecnocasa\\anuncio_1143\\10.jpeg', 'imagenes_tecnocasa\\anuncio_1143\\11.jpeg', 'imagenes_tecnocasa\\anuncio_1143\\12.jpeg', 'imagenes_tecnocasa\\anuncio_1143\\13.jpeg', 'imagenes_tecnocasa\\anuncio_1143\\14.jpeg', 'imagenes_tecnocasa\\anuncio_1143\\15.jpeg', 'imagenes_tecnocasa\\anuncio_1143\\16.jpeg', 'imagenes_tecnocasa\\anuncio_1143\\17.jpeg', 'imagenes_tecnocasa\\anuncio_1143\\18.jpeg', 'imagenes_tecnocasa\\anuncio_1143\\19.jpeg', 'imagenes_tecnocasa\\anuncio_1143\\20.jpeg', 'imagenes_tecnocasa\\anuncio_1143\\21.jpeg', 'imagenes_tecnocasa\\anuncio_1143\\22.jpeg', 'imagenes_tecnocasa\\anuncio_1143\\23.jpeg', 'imagenes_tecnocasa\\anuncio_1143\\24.jpeg', 'imagenes_tecnocasa\\anuncio_1143\\25.jpeg', 'imagenes_tecnocasa\\anuncio_1143\\26.jpeg']",0,Media,1965,1,0,0,casa,1,Navalcarnero,Navalcarnero,40.2877169,-4.014299,1143,2722.3214285714284,175.0,129.0,0.1,0.4,2.0,0.0,parquet,pintura,corredera,estándar (2.4-2.8m),nada,4.8,5.6,moderno,"['#F2F2F2', '#FFFFFF', '#A0A0A0']",buena,False,convencional,limitado,ninguno,ninguno,estándar,básica,ninguno,7.6,6.6,ninguna,5
https://www.tecnocasa.es/venta/piso/madrid/velilla-de-san-antonio/605559.html,219900.0,2,79.0,2,"Agencia inmobiliaria TECNOCASA ESTUDIO VELILLA DE SAN ANTONIO – EN VENTA amplio y luminoso PISO en CALLE FEDERICO GARCÍA LORCA, Velilla de San Antonio.

¡Descubre tu nuevo hogar en esta luminosa vivienda de 79 m² construidos, ubicada en una tranquila zona con fácil acceso a MADRID!
Este piso de dos dormitorios y dos baños es una joya que no puedes dejar pasar, cuenta con ventanas climalite y contraventanas, disfrutarás de un ambiente acogedor y silencioso. La propiedad, construida en 2001, se encuentra en buen estado, para entrar a vivir, además ofrece armarios empotrados, trastero y una plaza de garaje incluidos en el precio.

La calefacción de gas natural individual y por bomba de frío/calor garantizan confort durante todo el año. Situado en la primera planta de un edificio, este tiene acceso adaptado para personas con movilidad reducida, este piso orientado al oeste es ideal para quienes buscan comodidad y calidad de vida.

No pierdas esta oportunidad única de vivir en un entorno sereno y bien comunicado. ¡Ven a visitarlo y enamórate de tu futuro hogar!

Además, te recordamos que te ayudamos con la financiación de la vivienda gracias a nuestro departamento financiero KIRON. Hasta el 100% de la hipoteca.

INFÓRMESE SIN NINGÚN TIPO DE COMPROMISO.",0,0,1,0,0,0,0,1,0,1,"['https://cdn-media.medialabtc.it/es/agencies/md596/estates/605559/images/8689905/gallery_media.jpeg', 'https://cdn-media.medialabtc.it/es/agencies/md596/estates/605559/images/8689895/gallery_media.jpeg', 'https://cdn-media.medialabtc.it/es/agencies/md596/estates/605559/images/8689901/gallery_media.jpeg', 'https://cdn-media.medialabtc.it/es/agencies/md596/estates/605559/images/8689907/gallery_media.jpeg', 'https://cdn-media.medialabtc.it/es/agencies/md596/estates/605559/images/8689896/gallery_media.jpeg', 'https://cdn-media.medialabtc.it/es/agencies/md596/estates/605559/images/8689899/gallery_media.jpeg', 'https://cdn-media.medialabtc.it/es/agencies/md596/estates/605559/images/8818616/gallery_media.jpeg', 'https://cdn-media.medialabtc.it/es/agencies/md596/estates/605559/images/8689898/gallery_media.jpeg', 'https://cdn-media.medialabtc.it/es/agencies/md596/estates/605559/images/8689893/gallery_media.jpeg', 'https://cdn-media.medialabtc.it/es/agencies/md596/estates/605559/images/8689780/gallery_media.jpeg', 'https://cdn-media.medialabtc.it/es/agencies/md596/estates/605559/images/8689864/gallery_media.jpeg', 'https://cdn-media.medialabtc.it/es/agencies/md596/estates/605559/images/8689862/gallery_media.jpeg', 'https://cdn-media.medialabtc.it/es/agencies/md596/estates/605559/images/8689779/gallery_media.jpeg', 'https://cdn-media.medialabtc.it/es/agencies/md596/estates/605559/images/8689863/gallery_media.jpeg', 'https://cdn-media.medialabtc.it/es/agencies/md596/estates/605559/images/8689903/gallery_media.jpeg', 'https://cdn-media.medialabtc.it/es/agencies/md596/estates/605559/images/8689892/gallery_media.jpeg', 'https://cdn-media.medialabtc.it/es/agencies/md596/estates/605559/images/8689900/gallery_media.jpeg', 'https://cdn-media.medialabtc.it/es/agencies/md596/estates/605559/images/8689902/gallery_media.jpeg', 'https://cdn-media.medialabtc.it/es/agencies/md596/estates/605559/images/8689906/gallery_media.jpeg', 'https://cdn-media.medialabtc.it/es/agencies/md596/estates/605559/images/8689781/gallery_media.jpeg', 'https://cdn-media.medialabtc.it/es/agencies/md596/estates/605559/images/8689897/gallery_media.jpeg', 'https://cdn-media.medialabtc.it/es/agencies/md596/estates/605559/images/8689894/gallery_media.jpeg', 'https://cdn-media.medialabtc.it/es/agencies/md596/estates/605559/images/8689904/gallery_media.jpeg']",0,Buen estado,1,1,0,0,0,Desconocida,0,0,"['imagenes_tecnocasa\\anuncio_1144\\0.jpeg', 'imagenes_tecnocasa\\anuncio_1144\\1.jpeg', 'imagenes_tecnocasa\\anuncio_1144\\2.jpeg', 'imagenes_tecnocasa\\anuncio_1144\\3.jpeg', 'imagenes_tecnocasa\\anuncio_1144\\4.jpeg', 'imagenes_tecnocasa\\anuncio_1144\\5.jpeg', 'imagenes_tecnocasa\\anuncio_1144\\6.jpeg', 'imagenes_tecnocasa\\anuncio_1144\\7.jpeg', 'imagenes_tecnocasa\\anuncio_1144\\8.jpeg', 'imagenes_tecnocasa\\anuncio_1144\\9.jpeg', 'imagenes_tecnocasa\\anuncio_1144\\10.jpeg', 'imagenes_tecnocasa\\anuncio_1144\\11.jpeg', 'imagenes_tecnocasa\\anuncio_1144\\12.jpeg', 'imagenes_tecnocasa\\anuncio_1144\\13.jpeg', 'imagenes_tecnocasa\\anuncio_1144\\14.jpeg', 'imagenes_tecnocasa\\anuncio_1144\\15.jpeg', 'imagenes_tecnocasa\\anuncio_1144\\16.jpeg', 'imagenes_tecnocasa\\anuncio_1144\\17.jpeg', 'imagenes_tecnocasa\\anuncio_1144\\18.jpeg', 'imagenes_tecnocasa\\anuncio_1144\\19.jpeg', 'imagenes_tecnocasa\\anuncio_1144\\20.jpeg', 'imagenes_tecnocasa\\anuncio_1144\\21.jpeg', 'imagenes_tecnocasa\\anuncio_1144\\22.jpeg']",0,Media,2001,0,0,0,piso,1,Velilla de San Antonio,Velilla De San Antonio,40.367166,-3.4874435,1144,2783.5443037974683,205.0,149.0,0.3666666666666667,0.6,2.0,1.0,otro,pintura,corredera,estándar (2.4-2.8m),nada,2.8,3.4,convencional,"['#FFFFFF', '#D3D3D3', '#000000']",buena,False,convencional,normal,ninguno,ninguno,estándar,básica,ninguno,5.6,5.4,ninguna,5
https://www.tecnocasa.es/venta/piso/madrid/coslada/610810.html,259900.0,4,109.0,2,"Agencia inmobiliaria TECNOCASA COSLADA, vende PISO de 109 m2 construidos. Piso ALQUILADO, se respetará contrato vigente de alquiler por dos años con una renta de 750€ mensual.
COMPUESTO POR: entrada, salón de paso con salida a la terraza acristalada, cocina con tendedero acristalado, 4 dormitorios, 1 baño completo con bañera y un aseo.
El inmueble dispone de suelo de parque en toda la vivienda, gres en cocina y baños, doble ventanas correderas de aluminio, puerta de entrada blindada, pintura gotelé, armarios empotrados en las habitaciones y pasillo,calefacción individual de gas natural, puertas de origen.
La vivienda tiene PLAZA DE GARAJE Y TRASTERO INCLUIDO EN EL PRECIO.
LA FINCA DISPONE DE ASCENSOR.
NO DUDE EN CONCERTAR SU VISITA SIN NINGUN COMPROMISO
La vivienda está situada en una zona ya consolidada con multitud de servicios alrededor y bien comunicada por la red de transportes del municipio, parques infantiles, tren, colegios, supermercados, metro, farmacias, paradas de autobús….

No dude en llamarnos para concertar su cita para visitar el inmueble en la que además recibirá el asesoramiento gratuito de nuestro departamento financiero KÌRON.
FINANCIACION 100%
TEL. DE CONTACTO:
910.094.439
630.775.200",1,1,1,1,1,1,0,1,1,1,"['https://cdn-media.medialabtc.it/es/agencies/md563/estates/610810/images/8751442/gallery_media.jpeg', 'https://cdn-media.medialabtc.it/es/agencies/md563/estates/610810/images/8751448/gallery_media.jpeg', 'https://cdn-media.medialabtc.it/es/agencies/md563/estates/610810/images/8751445/gallery_media.jpeg', 'https://cdn-media.medialabtc.it/es/agencies/md563/estates/610810/images/8751437/gallery_media.jpeg', 'https://cdn-media.medialabtc.it/es/agencies/md563/estates/610810/images/8751429/gallery_media.jpeg', 'https://cdn-media.medialabtc.it/es/agencies/md563/estates/610810/images/8751426/gallery_media.jpeg', 'https://cdn-media.medialabtc.it/es/agencies/md563/estates/610810/images/8751446/gallery_media.jpeg', 'https://cdn-media.medialabtc.it/es/agencies/md563/estates/610810/images/8751444/gallery_media.jpeg', 'https://cdn-media.medialabtc.it/es/agencies/md563/estates/610810/images/8751430/gallery_media.jpeg', 'https://cdn-media.medialabtc.it/es/agencies/md563/estates/610810/images/8751428/gallery_media.jpeg', 'https://cdn-media.medialabtc.it/es/agencies/md563/estates/610810/images/8751434/gallery_media.jpeg', 'https://cdn-media.medialabtc.it/es/agencies/md563/estates/610810/images/8751440/gallery_media.jpeg', 'https://cdn-media.medialabtc.it/es/agencies/md563/estates/610810/images/8751435/gallery_media.jpeg', 'https://cdn-media.medialabtc.it/es/agencies/md563/estates/610810/images/8751433/gallery_media.jpeg', 'https://cdn-media.medialabtc.it/es/agencies/md563/estates/610810/images/8751438/gallery_media.jpeg', 'https://cdn-media.medialabtc.it/es/agencies/md563/estates/610810/images/8751439/gallery_media.jpeg', 'https://cdn-media.medialabtc.it/es/agencies/md563/estates/610810/images/8751441/gallery_media.jpeg', 'https://cdn-media.medialabtc.it/es/agencies/md563/estates/610810/images/8751443/gallery_media.jpeg', 'https://cdn-media.medialabtc.it/es/agencies/md563/estates/610810/images/8751436/gallery_media.jpeg', 'https://cdn-media.medialabtc.it/es/agencies/md563/estates/610810/images/8751431/gallery_media.jpeg', 'https://cdn-media.medialabtc.it/es/agencies/md563/estates/610810/images/8751447/gallery_media.jpeg']",0,Desconocido,1,1,0,1,0,E,0,0,"['imagenes_tecnocasa\\anuncio_1145\\0.jpeg', 'imagenes_tecnocasa\\anuncio_1145\\1.jpeg', 'imagenes_tecnocasa\\anuncio_1145\\2.jpeg', 'imagenes_tecnocasa\\anuncio_1145\\3.jpeg', 'imagenes_tecnocasa\\anuncio_1145\\4.jpeg', 'imagenes_tecnocasa\\anuncio_1145\\5.jpeg', 'imagenes_tecnocasa\\anuncio_1145\\6.jpeg', 'imagenes_tecnocasa\\anuncio_1145\\7.jpeg', 'imagenes_tecnocasa\\anuncio_1145\\8.jpeg', 'imagenes_tecnocasa\\anuncio_1145\\9.jpeg', 'imagenes_tecnocasa\\anuncio_1145\\10.jpeg', 'imagenes_tecnocasa\\anuncio_1145\\11.jpeg', 'imagenes_tecnocasa\\anuncio_1145\\12.jpeg', 'imagenes_tecnocasa\\anuncio_1145\\13.jpeg', 'imagenes_tecnocasa\\anuncio_1145\\14.jpeg', 'imagenes_tecnocasa\\anuncio_1145\\15.jpeg', 'imagenes_tecnocasa\\anuncio_1145\\16.jpeg', 'imagenes_tecnocasa\\anuncio_1145\\17.jpeg', 'imagenes_tecnocasa\\anuncio_1145\\18.jpeg', 'imagenes_tecnocasa\\anuncio_1145\\19.jpeg', 'imagenes_tecnocasa\\anuncio_1145\\20.jpeg']",0,Media,1977,1,0,0,piso,4,Coslada,Coslada,40.423802,-3.5552882,1145,2384.4036697247707,186.0,147.0,0.03333333333333333,0.26666666666666666,0.0,0.0,cerámica,pintura,corredera,estándar (2.4-2.8m),nada,3.4,3.6,convencional,"['#F2E8CF', '#D2B48C', '#FFFFFF']",regular,False,convencional,limitado,balcón,ninguno,estándar,básica,ninguno,6.6,6.4,ninguna,5
https://www.tecnocasa.es/venta/casa/madrid/boadilla-del-monte/615586.html,575000.0,3,201.0,3,"TECNOCASA ofrece en EXCLUSIVA esta increíble propiedad en SECTOR S en Boadilla del Monte para que usted compre con total seguridad. Confíe en la inmobiliaria líder en España con más de 900 puntos de venta. Agencia Inmobiliaria inscrita en el RAIN de la Comunidad de Madrid. N° 000148/18.

Chalet muy bien ubicado, en una calle residencial sin tráfico con cercanía a Escuela de idiomas, avenidas principales, comercios, zonas verdes para disfrutar con los más pequeños.
Todos los servicios andando (Centro médico, piscina municipal, etc.. . )
Muy bien comunicada, junto a vías principales como M-50, M-501, M-513, y a menos de 5min del metro ligero y autobuses interurbanos.
Presentamos la oportunidad de residir en una vivienda con posibilidades de ampliación ideal para familias o proyecto de familia. Distribuida de la siguiente manera:

Planta principal:
- Hall
- Salón comedor con acceso al jardín
- Cocina equipada
- Aseo de cortesía.
- Jardín de grandes dimensiones

Planta superior:
El chalet tiene 3 dormitorios:
- Habitación principal (armarios empotrados) con baño en suite con ventana exterior
- 2 dormitorios con armarios empotrados
- Baño con bañera y ventana exterior

Planta alta/Buhardilla:
- Una amplia estancia que puede usarse como habitación supletoria, despacho, sala de juegos, etc.

En cuanto a las zonas comunes, contamos con una piscina comunitaria que compartimos con la comunidad que colinda con la vivienda.

No dude en visitarlo y preguntar las dudas que tenga sobre el inmueble. Gestionamos cambios de vivienda, valoración inmobiliaria gratuita. Financiación 100%. Consúltenos condiciones.

TECNOCASA inmobiliaria líder en España con más de 900 puntos de venta, más de 30 años de experiencia en territorio nacional.",0,1,1,1,1,1,0,1,1,1,"['https://cdn-media.medialabtc.it/es/agencies/mdbza/estates/615586/images/8881935/gallery_media.jpeg', 'https://cdn-media.medialabtc.it/es/agencies/mdbza/estates/615586/images/8881926/gallery_media.jpeg', 'https://cdn-media.medialabtc.it/es/agencies/mdbza/estates/615586/images/8891667/gallery_media.jpeg', 'https://cdn-media.medialabtc.it/es/agencies/mdbza/estates/615586/images/8881922/gallery_media.jpeg', 'https://cdn-media.medialabtc.it/es/agencies/mdbza/estates/615586/images/8881927/gallery_media.jpeg', 'https://cdn-media.medialabtc.it/es/agencies/mdbza/estates/615586/images/8881938/gallery_media.jpeg', 'https://cdn-media.medialabtc.it/es/agencies/mdbza/estates/615586/images/8881934/gallery_media.jpeg', 'https://cdn-media.medialabtc.it/es/agencies/mdbza/estates/615586/images/8881923/gallery_media.jpeg', 'https://cdn-media.medialabtc.it/es/agencies/mdbza/estates/615586/images/8881924/gallery_media.jpeg', 'https://cdn-media.medialabtc.it/es/agencies/mdbza/estates/615586/images/8881939/gallery_media.jpeg', 'https://cdn-media.medialabtc.it/es/agencies/mdbza/estates/615586/images/8891665/gallery_media.jpeg', 'https://cdn-media.medialabtc.it/es/agencies/mdbza/estates/615586/images/8881900/gallery_media.jpeg', 'https://cdn-media.medialabtc.it/es/agencies/mdbza/estates/615586/images/8881899/gallery_media.jpeg', 'https://cdn-media.medialabtc.it/es/agencies/mdbza/estates/615586/images/8881936/gallery_media.jpeg', 'https://cdn-media.medialabtc.it/es/agencies/mdbza/estates/615586/images/8881901/gallery_media.jpeg', 'https://cdn-media.medialabtc.it/es/agencies/mdbza/estates/615586/images/8881937/gallery_media.jpeg', 'https://cdn-media.medialabtc.it/es/agencies/mdbza/estates/615586/images/8881925/gallery_media.jpeg', 'https://cdn-media.medialabtc.it/es/agencies/mdbza/estates/615586/images/8881929/gallery_media.jpeg', 'https://cdn-media.medialabtc.it/es/agencies/mdbza/estates/615586/images/8881931/gallery_media.jpeg', 'https://cdn-media.medialabtc.it/es/agencies/mdbza/estates/615586/images/8881930/gallery_media.jpeg', 'https://cdn-media.medialabtc.it/es/agencies/mdbza/estates/615586/images/8881932/gallery_media.jpeg', 'https://cdn-media.medialabtc.it/es/agencies/mdbza/estates/615586/images/8891664/gallery_media.jpeg', 'https://cdn-media.medialabtc.it/es/agencies/mdbza/estates/615586/images/8891666/gallery_media.jpeg', 'https://cdn-media.medialabtc.it/es/agencies/mdbza/estates/615586/images/8881928/gallery_media.jpeg', 'https://cdn-media.medialabtc.it/es/agencies/mdbza/estates/615586/images/8881933/gallery_media.jpeg']",0,Desconocido,0,0,1,0,1,Desconocida,0,1,"['imagenes_tecnocasa\\anuncio_1146\\0.jpeg', 'imagenes_tecnocasa\\anuncio_1146\\1.jpeg', 'imagenes_tecnocasa\\anuncio_1146\\2.jpeg', 'imagenes_tecnocasa\\anuncio_1146\\3.jpeg', 'imagenes_tecnocasa\\anuncio_1146\\4.jpeg', 'imagenes_tecnocasa\\anuncio_1146\\5.jpeg', 'imagenes_tecnocasa\\anuncio_1146\\6.jpeg', 'imagenes_tecnocasa\\anuncio_1146\\7.jpeg', 'imagenes_tecnocasa\\anuncio_1146\\8.jpeg', 'imagenes_tecnocasa\\anuncio_1146\\9.jpeg', 'imagenes_tecnocasa\\anuncio_1146\\10.jpeg', 'imagenes_tecnocasa\\anuncio_1146\\11.jpeg', 'imagenes_tecnocasa\\anuncio_1146\\12.jpeg', 'imagenes_tecnocasa\\anuncio_1146\\13.jpeg', 'imagenes_tecnocasa\\anuncio_1146\\14.jpeg', 'imagenes_tecnocasa\\anuncio_1146\\15.jpeg', 'imagenes_tecnocasa\\anuncio_1146\\16.jpeg', 'imagenes_tecnocasa\\anuncio_1146\\17.jpeg', 'imagenes_tecnocasa\\anuncio_1146\\18.jpeg', 'imagenes_tecnocasa\\anuncio_1146\\19.jpeg', 'imagenes_tecnocasa\\anuncio_1146\\20.jpeg', 'imagenes_tecnocasa\\anuncio_1146\\21.jpeg', 'imagenes_tecnocasa\\anuncio_1146\\22.jpeg', 'imagenes_tecnocasa\\anuncio_1146\\23.jpeg', 'imagenes_tecnocasa\\anuncio_1146\\24.jpeg']",0,Señorial,1999,0,1,0,casa,3,Boadilla del Monte,Boadilla Del Monte,40.4053485,-3.8764663,1146,2860.6965174129355,270.0,180.0,0.5333333333333333,0.8833333333333333,0.0,1.0,otro,pintura,otro,estándar (2.4-2.8m),nada,4.0,4.4,convencional,"['#B0B0B0', '#FFFFFF', '#0077BE']",buena,False,convencional,normal,ninguno,ninguno,estándar,otro,ninguno,7.2,6.6,ninguna,5
https://www.tecnocasa.es/venta/casa/madrid/pedrezuela/618045.html,270000.0,3,106.0,2,"¡Descubre tu nuevo hogar en Pedrezuela! Este encantador chalet adosado, construido en 2007, se encuentra en una urbanización privada que ofrece tranquilidad y seguridad. Con una superficie de 106 m², la vivienda está lista para entrar a vivir y disfrutar de todas sus comodidades. Dispone de tres amplias habitaciones con armarios empotrados, dos baños completos y un aseo adicional para mayor comodidad.",0,0,1,0,0,1,0,0,0,1,"['https://cdn-media.medialabtc.it/es/agencies/md629/estates/618045/images/8913308/gallery_media.jpeg', 'https://cdn-media.medialabtc.it/es/agencies/md629/estates/618045/images/8913312/gallery_media.jpeg', 'https://cdn-media.medialabtc.it/es/agencies/md629/estates/618045/images/8913306/gallery_media.jpeg', 'https://cdn-media.medialabtc.it/es/agencies/md629/estates/618045/images/8913309/gallery_media.jpeg', 'https://cdn-media.medialabtc.it/es/agencies/md629/estates/618045/images/8913310/gallery_media.jpeg', 'https://cdn-media.medialabtc.it/es/agencies/md629/estates/618045/images/8913305/gallery_media.jpeg', 'https://cdn-media.medialabtc.it/es/agencies/md629/estates/618045/images/8913307/gallery_media.jpeg', 'https://cdn-media.medialabtc.it/es/agencies/md629/estates/618045/images/8913311/gallery_media.jpeg', 'https://cdn-media.medialabtc.it/es/agencies/md629/estates/618045/images/8913313/gallery_media.jpeg', 'https://cdn-media.medialabtc.it/es/agencies/md629/estates/618045/images/8913304/gallery_media.jpeg']",0,Desconocido,0,0,0,0,1,Desconocida,0,0,"['imagenes_tecnocasa\\anuncio_1148\\0.jpeg', 'imagenes_tecnocasa\\anuncio_1148\\1.jpeg', 'imagenes_tecnocasa\\anuncio_1148\\2.jpeg', 'imagenes_tecnocasa\\anuncio_1148\\3.jpeg', 'imagenes_tecnocasa\\anuncio_1148\\4.jpeg', 'imagenes_tecnocasa\\anuncio_1148\\5.jpeg', 'imagenes_tecnocasa\\anuncio_1148\\6.jpeg', 'imagenes_tecnocasa\\anuncio_1148\\7.jpeg', 'imagenes_tecnocasa\\anuncio_1148\\8.jpeg', 'imagenes_tecnocasa\\anuncio_1148\\9.jpeg']",0,Popular,2007,0,0,0,casa,2,Pedrezuela,Pedrezuela,40.7451088,-3.6030185,1148,2547.169811320755,62.0,54.0,0.0,0.0,0.0,0.0,parquet,pintura,corredera,estándar (2.4-2.8m),nada,3.8,4.0,convencional,"['#F2F2F2', '#007bff', '#ffd700']",buena,False,convencional,normal,ninguno,ninguno,estándar,básica,ninguno,7.0,6.2,ninguna,5
https://www.tecnocasa.es/venta/piso/madrid/mejorada-del-campo/617109.html,189000.0,4,125.0,1,"¡NOVEDAD EN CALLE VIRGEN DE LA SOLEDAD - MEJORADA DEL CAMPO!
TECNOCASA te presenta en EXCLUSIVA esta espaciosa casa de 4 dormitorios con patio y balcón

Si buscas una vivienda amplia, con personalidad y en una ubicación privilegiada, esta es tu oportunidad. Situada en pleno corazón de Mejorada del Campo, en la emblemática Plaza del 1º de Mayo, te presentamos esta casa de 125 m² construidos, perfecta para familias que buscan comodidad y cercanía a todos los servicios.

DETALLES DEL INMUEBLE:

Casa distribuida en 2 plantas, con espacios muy bien aprovechados

4 dormitorios, ideales para familias numerosas o para disponer de despacho y zona de teletrabajo

Salón independiente con aire acondicionado

Habitación principal con aire acondicionado, perfecta para el descanso en cualquier época del año

Cocina en patio exterior con despensa/lacena, perfecta para quienes disfrutan del día a día al aire libre

Patio privado que aporta amplitud y posibilidades de uso

Calefacción individual de gas natural en toda la vivienda

Balcón con vistas a la calle, que aporta luz y ventilación natural

Vivienda construida en el año 1970, con gran solidez estructural

Ubicación inmejorable: A tan solo unos pasos de comercios, colegios, centro de salud, transporte público y zonas de ocio. Vivir aquí es disfrutar del verdadero corazón de Mejorada del Campo.

Una vivienda con alma, espacio y muchas posibilidades. Tanto si buscas tu hogar definitivo como una inversión con futuro, ¡esta casa lo tiene todo!

Contáctanos hoy mismo y descubre todo lo que esta vivienda puede ofrecerte. En TECNOCASA Mejorada del Campo, te acompañamos de principio a fin para que tu experiencia de compra sea 100% segura y satisfactoria.",0,0,1,1,1,1,1,1,1,1,"['https://cdn-media.medialabtc.it/es/agencies/md583/estates/617109/images/8902956/gallery_media.jpeg', 'https://cdn-media.medialabtc.it/es/agencies/md583/estates/617109/images/8902918/gallery_media.jpeg', 'https://cdn-media.medialabtc.it/es/agencies/md583/estates/617109/images/8902948/gallery_media.jpeg', 'https://cdn-media.medialabtc.it/es/agencies/md583/estates/617109/images/8902962/gallery_media.jpeg', 'https://cdn-media.medialabtc.it/es/agencies/md583/estates/617109/images/8902949/gallery_media.jpeg', 'https://cdn-media.medialabtc.it/es/agencies/md583/estates/617109/images/8902917/gallery_media.jpeg', 'https://cdn-media.medialabtc.it/es/agencies/md583/estates/617109/images/8902921/gallery_media.jpeg', 'https://cdn-media.medialabtc.it/es/agencies/md583/estates/617109/images/8902963/gallery_media.jpeg', 'https://cdn-media.medialabtc.it/es/agencies/md583/estates/617109/images/8902961/gallery_media.jpeg', 'https://cdn-media.medialabtc.it/es/agencies/md583/estates/617109/images/8902926/gallery_media.jpeg', 'https://cdn-media.medialabtc.it/es/agencies/md583/estates/617109/images/8902919/gallery_media.jpeg', 'https://cdn-media.medialabtc.it/es/agencies/md583/estates/617109/images/8902958/gallery_media.jpeg', 'https://cdn-media.medialabtc.it/es/agencies/md583/estates/617109/images/8902951/gallery_media.jpeg', 'https://cdn-media.medialabtc.it/es/agencies/md583/estates/617109/images/8902915/gallery_media.jpeg', 'https://cdn-media.medialabtc.it/es/agencies/md583/estates/617109/images/8902920/gallery_media.jpeg', 'https://cdn-media.medialabtc.it/es/agencies/md583/estates/617109/images/8902943/gallery_media.jpeg', 'https://cdn-media.medialabtc.it/es/agencies/md583/estates/617109/images/8902960/gallery_media.jpeg', 'https://cdn-media.medialabtc.it/es/agencies/md583/estates/617109/images/8902957/gallery_media.jpeg', 'https://cdn-media.medialabtc.it/es/agencies/md583/estates/617109/images/8902942/gallery_media.jpeg', 'https://cdn-media.medialabtc.it/es/agencies/md583/estates/617109/images/8902955/gallery_media.jpeg', 'https://cdn-media.medialabtc.it/es/agencies/md583/estates/617109/images/8902916/gallery_media.jpeg', 'https://cdn-media.medialabtc.it/es/agencies/md583/estates/617109/images/8902924/gallery_media.jpeg', 'https://cdn-media.medialabtc.it/es/agencies/md583/estates/617109/images/8902954/gallery_media.jpeg', 'https://cdn-media.medialabtc.it/es/agencies/md583/estates/617109/images/8902964/gallery_media.jpeg']",1,Desconocido,0,0,0,1,0,Desconocida,0,0,"['imagenes_tecnocasa\\anuncio_1149\\0.jpeg', 'imagenes_tecnocasa\\anuncio_1149\\1.jpeg', 'imagenes_tecnocasa\\anuncio_1149\\2.jpeg', 'imagenes_tecnocasa\\anuncio_1149\\3.jpeg', 'imagenes_tecnocasa\\anuncio_1149\\4.jpeg', 'imagenes_tecnocasa\\anuncio_1149\\5.jpeg', 'imagenes_tecnocasa\\anuncio_1149\\6.jpeg', 'imagenes_tecnocasa\\anuncio_1149\\7.jpeg', 'imagenes_tecnocasa\\anuncio_1149\\8.jpeg', 'imagenes_tecnocasa\\anuncio_1149\\9.jpeg', 'imagenes_tecnocasa\\anuncio_1149\\10.jpeg', 'imagenes_tecnocasa\\anuncio_1149\\11.jpeg', 'imagenes_tecnocasa\\anuncio_1149\\12.jpeg', 'imagenes_tecnocasa\\anuncio_1149\\13.jpeg', 'imagenes_tecnocasa\\anuncio_1149\\14.jpeg', 'imagenes_tecnocasa\\anuncio_1149\\15.jpeg', 'imagenes_tecnocasa\\anuncio_1149\\16.jpeg', 'imagenes_tecnocasa\\anuncio_1149\\17.jpeg', 'imagenes_tecnocasa\\anuncio_1149\\18.jpeg', 'imagenes_tecnocasa\\anuncio_1149\\19.jpeg', 'imagenes_tecnocasa\\anuncio_1149\\20.jpeg', 'imagenes_tecnocasa\\anuncio_1149\\21.jpeg', 'imagenes_tecnocasa\\anuncio_1149\\22.jpeg', 'imagenes_tecnocasa\\anuncio_1149\\23.jpeg']",1,Señorial,1970,1,0,0,piso,1,Mejorada del Campo,Mejorada Del Campo,40.3971785,-3.4896068,1149,1512.0,270.0,176.0,0.075,0.4000000000000001,0.0,0.0,otro,pintura,otro,estándar (2.4-2.8m),nada,3.4,3.2,convencional,"['#F5F5DC', '#FFF8DC', '#FAEBD7']",regular,False,convencional,limitado,ninguno,ninguno,estándar,básica,ninguno,6.2,6.0,ninguna,5
https://www.tecnocasa.es/venta/piso/madrid/mostoles/617783.html,250000.0,3,94.0,2,"Agencia inmobiliaria de MOSTOLES, zona VILLAFONTANA I, Tecnocasa Estudio Móstoles 1SL
EN VENTA: piso en la zona de CAMINO DE LEGANÉS - LIBERTAD. Compuesto de entrada, cocina, salón, 3 dormitorios, baño y aseo. Finca con ascensor. TERRAZA CERRADA. A REFORMAR.
Zona con todos los servicios cercanos, como líneas de autobús urbanas e interurbanas prácticamente en la misma puerta, además de colegios, centro de salud, hospital, comercios y supermercados. Buena orientación con vistas.
RECUERDA, la posibilidad de conseguir hasta el 100% de financiación con nuestro departamento financiero KÍRON ¡ no tendrás que preocuparte por nada! ¡Ven a visitarlo!",0,1,1,1,1,1,0,1,1,1,"['https://cdn-media.medialabtc.it/es/agencies/mdbm2/estates/617783/images/8905197/gallery_media.jpeg', 'https://cdn-media.medialabtc.it/es/agencies/mdbm2/estates/617783/images/8905188/gallery_media.jpeg', 'https://cdn-media.medialabtc.it/es/agencies/mdbm2/estates/617783/images/8905198/gallery_media.jpeg', 'https://cdn-media.medialabtc.it/es/agencies/mdbm2/estates/617783/images/8905187/gallery_media.jpeg', 'https://cdn-media.medialabtc.it/es/agencies/mdbm2/estates/617783/images/8905195/gallery_media.jpeg', 'https://cdn-media.medialabtc.it/es/agencies/mdbm2/estates/617783/images/8905189/gallery_media.jpeg', 'https://cdn-media.medialabtc.it/es/agencies/mdbm2/estates/617783/images/8905200/gallery_media.jpeg', 'https://cdn-media.medialabtc.it/es/agencies/mdbm2/estates/617783/images/8905202/gallery_media.jpeg', 'https://cdn-media.medialabtc.it/es/agencies/mdbm2/estates/617783/images/8905199/gallery_media.jpeg', 'https://cdn-media.medialabtc.it/es/agencies/mdbm2/estates/617783/images/8905191/gallery_media.jpeg', 'https://cdn-media.medialabtc.it/es/agencies/mdbm2/estates/617783/images/8905192/gallery_media.jpeg', 'https://cdn-media.medialabtc.it/es/agencies/mdbm2/estates/617783/images/8905193/gallery_media.jpeg', 'https://cdn-media.medialabtc.it/es/agencies/mdbm2/estates/617783/images/8905186/gallery_media.jpeg', 'https://cdn-media.medialabtc.it/es/agencies/mdbm2/estates/617783/images/8905181/gallery_media.jpeg', 'https://cdn-media.medialabtc.it/es/agencies/mdbm2/estates/617783/images/8905185/gallery_media.jpeg', 'https://cdn-media.medialabtc.it/es/agencies/mdbm2/estates/617783/images/8905268/gallery_media.jpeg', 'https://cdn-media.medialabtc.it/es/agencies/mdbm2/estates/617783/images/8905184/gallery_media.jpeg', 'https://cdn-media.medialabtc.it/es/agencies/mdbm2/estates/617783/images/8905190/gallery_media.jpeg', 'https://cdn-media.medialabtc.it/es/agencies/mdbm2/estates/617783/images/8905201/gallery_media.jpeg', 'https://cdn-media.medialabtc.it/es/agencies/mdbm2/estates/617783/images/8905194/gallery_media.jpeg', 'https://cdn-media.medialabtc.it/es/agencies/mdbm2/estates/617783/images/8905183/gallery_media.jpeg', 'https://cdn-media.medialabtc.it/es/agencies/mdbm2/estates/617783/images/8905182/gallery_media.jpeg', 'https://cdn-media.medialabtc.it/es/agencies/mdbm2/estates/617783/images/8905196/gallery_media.jpeg']",0,A reformar,0,0,0,1,0,C,0,0,"['imagenes_tecnocasa\\anuncio_1150\\0.jpeg', 'imagenes_tecnocasa\\anuncio_1150\\1.jpeg', 'imagenes_tecnocasa\\anuncio_1150\\2.jpeg', 'imagenes_tecnocasa\\anuncio_1150\\3.jpeg', 'imagenes_tecnocasa\\anuncio_1150\\4.jpeg', 'imagenes_tecnocasa\\anuncio_1150\\5.jpeg', 'imagenes_tecnocasa\\anuncio_1150\\6.jpeg', 'imagenes_tecnocasa\\anuncio_1150\\7.jpeg', 'imagenes_tecnocasa\\anuncio_1150\\8.jpeg', 'imagenes_tecnocasa\\anuncio_1150\\9.jpeg', 'imagenes_tecnocasa\\anuncio_1150\\10.jpeg', 'imagenes_tecnocasa\\anuncio_1150\\11.jpeg', 'imagenes_tecnocasa\\anuncio_1150\\12.jpeg', 'imagenes_tecnocasa\\anuncio_1150\\13.jpeg', 'imagenes_tecnocasa\\anuncio_1150\\14.jpeg', 'imagenes_tecnocasa\\anuncio_1150\\15.jpeg', 'imagenes_tecnocasa\\anuncio_1150\\16.jpeg', 'imagenes_tecnocasa\\anuncio_1150\\17.jpeg', 'imagenes_tecnocasa\\anuncio_1150\\18.jpeg', 'imagenes_tecnocasa\\anuncio_1150\\19.jpeg', 'imagenes_tecnocasa\\anuncio_1150\\20.jpeg', 'imagenes_tecnocasa\\anuncio_1150\\21.jpeg', 'imagenes_tecnocasa\\anuncio_1150\\22.jpeg']",0,Popular,1975,1,0,1,piso,2,Móstoles,"Villafontana Ii, Móstoles",40.3238525,-3.8649214,1150,2659.574468085106,97.0,82.0,0.0,0.0,0.0,0.0,otro,pintura,fija,estándar (2.4-2.8m),nada,2.0,1.6,clásico,"['#000000', '#000000', '#000000']",regular,False,convencional,limitado,ninguno,ninguno,básico,básica,ninguno,4.4,5.2,ninguna,5
https://www.tecnocasa.es/venta/piso/madrid/mostoles/569579.html,175000.0,3,75.0,1,"Agencia inmobiliaria de MOSTOLES, zona VILLAFONTANA II, Tecnocasa Estudio Móstoles 1SL
EN VENTA: Piso en ZONA CAMINO DE LEGANES - LIBERTAD. 1º PLANTA SIN ASCENSOR. Compuesto de entrada, cocina, salón, 3 dormitorios y baño ABIERTA. PISO PARA ENTRAR A VIVIR. ORIENTACION SUR.
Zona con todos los servicios cercanos, como líneas de autobús urbanas e interurbanas prácticamente en la misma puerta, además de colegios, centro de salud, hospital, comercios y supermercados. Buena orientación con vistas.
RECUERDA, la posibilidad de conseguir hasta el 100% de financiación con nuestro departamento financiero KÍRON ¡ no tendrás que preocuparte por nada! ¡Ven a visitarlo!",1,1,1,1,0,1,0,1,1,1,"['https://cdn-media.medialabtc.it/es/agencies/mdbm2/estates/569579/images/8912153/gallery_media.jpeg', 'https://cdn-media.medialabtc.it/es/agencies/mdbm2/estates/569579/images/8911166/gallery_media.jpeg', 'https://cdn-media.medialabtc.it/es/agencies/mdbm2/estates/569579/images/8911186/gallery_media.jpeg', 'https://cdn-media.medialabtc.it/es/agencies/mdbm2/estates/569579/images/8911188/gallery_media.jpeg', 'https://cdn-media.medialabtc.it/es/agencies/mdbm2/estates/569579/images/8911165/gallery_media.jpeg', 'https://cdn-media.medialabtc.it/es/agencies/mdbm2/estates/569579/images/8911179/gallery_media.jpeg', 'https://cdn-media.medialabtc.it/es/agencies/mdbm2/estates/569579/images/8912095/gallery_media.jpeg', 'https://cdn-media.medialabtc.it/es/agencies/mdbm2/estates/569579/images/8912151/gallery_media.jpeg', 'https://cdn-media.medialabtc.it/es/agencies/mdbm2/estates/569579/images/8912147/gallery_media.jpeg', 'https://cdn-media.medialabtc.it/es/agencies/mdbm2/estates/569579/images/8912142/gallery_media.jpeg', 'https://cdn-media.medialabtc.it/es/agencies/mdbm2/estates/569579/images/8912148/gallery_media.jpeg', 'https://cdn-media.medialabtc.it/es/agencies/mdbm2/estates/569579/images/8912156/gallery_media.jpeg', 'https://cdn-media.medialabtc.it/es/agencies/mdbm2/estates/569579/images/8912096/gallery_media.jpeg', 'https://cdn-media.medialabtc.it/es/agencies/mdbm2/estates/569579/images/8912097/gallery_media.jpeg', 'https://cdn-media.medialabtc.it/es/agencies/mdbm2/estates/569579/images/8912155/gallery_media.jpeg', 'https://cdn-media.medialabtc.it/es/agencies/mdbm2/estates/569579/images/8912150/gallery_media.jpeg', 'https://cdn-media.medialabtc.it/es/agencies/mdbm2/estates/569579/images/8912144/gallery_media.jpeg', 'https://cdn-media.medialabtc.it/es/agencies/mdbm2/estates/569579/images/8912143/gallery_media.jpeg', 'https://cdn-media.medialabtc.it/es/agencies/mdbm2/estates/569579/images/8912146/gallery_media.jpeg', 'https://cdn-media.medialabtc.it/es/agencies/mdbm2/estates/569579/images/8912154/gallery_media.jpeg', 'https://cdn-media.medialabtc.it/es/agencies/mdbm2/estates/569579/images/8912101/gallery_media.jpeg', 'https://cdn-media.medialabtc.it/es/agencies/mdbm2/estates/569579/images/8911178/gallery_media.jpeg', 'https://cdn-media.medialabtc.it/es/agencies/mdbm2/estates/569579/images/8912098/gallery_media.jpeg', 'https://cdn-media.medialabtc.it/es/agencies/mdbm2/estates/569579/images/8911172/gallery_media.jpeg', 'https://cdn-media.medialabtc.it/es/agencies/mdbm2/estates/569579/images/8912149/gallery_media.jpeg', 'https://cdn-media.medialabtc.it/es/agencies/mdbm2/estates/569579/images/8912145/gallery_media.jpeg', 'https://cdn-media.medialabtc.it/es/agencies/mdbm2/estates/569579/images/8912100/gallery_media.jpeg', 'https://cdn-media.medialabtc.it/es/agencies/mdbm2/estates/569579/images/8911180/gallery_media.jpeg', 'https://cdn-media.medialabtc.it/es/agencies/mdbm2/estates/569579/images/8912099/gallery_media.jpeg', 'https://cdn-media.medialabtc.it/es/agencies/mdbm2/estates/569579/images/8912152/gallery_media.jpeg']",0,Desconocido,0,0,0,0,0,E,0,0,"['imagenes_tecnocasa\\anuncio_1153\\0.jpeg', 'imagenes_tecnocasa\\anuncio_1153\\1.jpeg', 'imagenes_tecnocasa\\anuncio_1153\\2.jpeg', 'imagenes_tecnocasa\\anuncio_1153\\3.jpeg', 'imagenes_tecnocasa\\anuncio_1153\\4.jpeg', 'imagenes_tecnocasa\\anuncio_1153\\5.jpeg', 'imagenes_tecnocasa\\anuncio_1153\\6.jpeg', 'imagenes_tecnocasa\\anuncio_1153\\7.jpeg', 'imagenes_tecnocasa\\anuncio_1153\\8.jpeg', 'imagenes_tecnocasa\\anuncio_1153\\9.jpeg', 'imagenes_tecnocasa\\anuncio_1153\\10.jpeg', 'imagenes_tecnocasa\\anuncio_1153\\11.jpeg', 'imagenes_tecnocasa\\anuncio_1153\\12.jpeg', 'imagenes_tecnocasa\\anuncio_1153\\13.jpeg', 'imagenes_tecnocasa\\anuncio_1153\\14.jpeg', 'imagenes_tecnocasa\\anuncio_1153\\15.jpeg', 'imagenes_tecnocasa\\anuncio_1153\\16.jpeg', 'imagenes_tecnocasa\\anuncio_1153\\17.jpeg', 'imagenes_tecnocasa\\anuncio_1153\\18.jpeg', 'imagenes_tecnocasa\\anuncio_1153\\19.jpeg', 'imagenes_tecnocasa\\anuncio_1153\\20.jpeg', 'imagenes_tecnocasa\\anuncio_1153\\21.jpeg', 'imagenes_tecnocasa\\anuncio_1153\\22.jpeg', 'imagenes_tecnocasa\\anuncio_1153\\23.jpeg', 'imagenes_tecnocasa\\anuncio_1153\\24.jpeg', 'imagenes_tecnocasa\\anuncio_1153\\25.jpeg', 'imagenes_tecnocasa\\anuncio_1153\\26.jpeg', 'imagenes_tecnocasa\\anuncio_1153\\27.jpeg', 'imagenes_tecnocasa\\anuncio_1153\\28.jpeg', 'imagenes_tecnocasa\\anuncio_1153\\29.jpeg']",0,Media,1975,1,0,0,piso,2,Móstoles,"Villafontana Ii, Móstoles",40.3238525,-3.8649214,1153,2333.3333333333335,99.0,88.0,0.0,0.0,0.0,0.0,otro,pintura,corredera,estándar (2.4-2.8m),nada,2.4,1.8,clásico,"['#FFFFFF', '#000000', '#D3D3D3']",regular,False,convencional,limitado,ninguno,ninguno,estándar,básica,ninguno,5.0,4.6,ninguna,5
https://www.tecnocasa.es/venta/piso/madrid/madrid/616816.html,219900.0,2,61.0,1,"EN VENTA: Luminoso piso de 61 m², te ofrece un espacio acogedor y funcional. Con dos dormitorios disfrutarás de un ambiente cálido y confortable.

Ubicado en una zona con excelente acceso a servicios, transporte público, tiendas y restaurantes, este piso es una oportunidad única para quienes desean vivir en una de las áreas más dinámicas de Madrid. No pierdas la oportunidad de visitar este hogar lleno de posibilidades.

Piso ubicado a 5 minutos de la parada de metro de La Elipa línea 2. Zona consolidada con todos los servicios, comercios, supermercados, colegios, zonas verdes. Fácil acceso a M-30, A2, A3 y a 40 minutos andado del parque del retiro. Zona en auge por el soterramiento de la M-30, imitando a Madrid Rio y uniendo el barrio de Salamanca con el barrio de Ciudad Lineal y ampliación de la línea 11 de metro, la cual conectará el este de Madrid con Barajas.",1,0,1,1,1,1,0,1,1,1,"['https://cdn-media.medialabtc.it/es/agencies/md055/estates/616816/images/8899734/gallery_media.jpeg', 'https://cdn-media.medialabtc.it/es/agencies/md055/estates/616816/images/8899737/gallery_media.jpeg', 'https://cdn-media.medialabtc.it/es/agencies/md055/estates/616816/images/8899961/gallery_media.jpeg', 'https://cdn-media.medialabtc.it/es/agencies/md055/estates/616816/images/8899736/gallery_media.jpeg', 'https://cdn-media.medialabtc.it/es/agencies/md055/estates/616816/images/8894419/gallery_media.jpeg', 'https://cdn-media.medialabtc.it/es/agencies/md055/estates/616816/images/8894420/gallery_media.jpeg', 'https://cdn-media.medialabtc.it/es/agencies/md055/estates/616816/images/8880088/gallery_media.jpeg', 'https://cdn-media.medialabtc.it/es/agencies/md055/estates/616816/images/8899735/gallery_media.jpeg', 'https://cdn-media.medialabtc.it/es/agencies/md055/estates/616816/images/8889709/gallery_media.jpeg', 'https://cdn-media.medialabtc.it/es/agencies/md055/estates/616816/images/8889708/gallery_media.jpeg', 'https://cdn-media.medialabtc.it/es/agencies/md055/estates/616816/images/8879833/gallery_media.jpeg', 'https://cdn-media.medialabtc.it/es/agencies/md055/estates/616816/images/8899739/gallery_media.jpeg', 'https://cdn-media.medialabtc.it/es/agencies/md055/estates/616816/images/8889711/gallery_media.jpeg', 'https://cdn-media.medialabtc.it/es/agencies/md055/estates/616816/images/8880023/gallery_media.jpeg', 'https://cdn-media.medialabtc.it/es/agencies/md055/estates/616816/images/8889712/gallery_media.jpeg', 'https://cdn-media.medialabtc.it/es/agencies/md055/estates/616816/images/8889710/gallery_media.jpeg', 'https://cdn-media.medialabtc.it/es/agencies/md055/estates/616816/images/8880102/gallery_media.jpeg', 'https://cdn-media.medialabtc.it/es/agencies/md055/estates/616816/images/8899982/gallery_media.jpeg', 'https://cdn-media.medialabtc.it/es/agencies/md055/estates/616816/images/8879829/gallery_media.jpeg', 'https://cdn-media.medialabtc.it/es/agencies/md055/estates/616816/images/8879830/gallery_media.jpeg', 'https://cdn-media.medialabtc.it/es/agencies/md055/estates/616816/images/8899740/gallery_media.jpeg', 'https://cdn-media.medialabtc.it/es/agencies/md055/estates/616816/images/8894417/gallery_media.jpeg', 'https://cdn-media.medialabtc.it/es/agencies/md055/estates/616816/images/8879832/gallery_media.jpeg']",0,Desconocido,0,0,0,0,0,E,0,0,"['imagenes_tecnocasa\\anuncio_1155\\0.jpeg', 'imagenes_tecnocasa\\anuncio_1155\\1.jpeg', 'imagenes_tecnocasa\\anuncio_1155\\2.jpeg', 'imagenes_tecnocasa\\anuncio_1155\\3.jpeg', 'imagenes_tecnocasa\\anuncio_1155\\4.jpeg', 'imagenes_tecnocasa\\anuncio_1155\\5.jpeg', 'imagenes_tecnocasa\\anuncio_1155\\6.jpeg', 'imagenes_tecnocasa\\anuncio_1155\\7.jpeg', 'imagenes_tecnocasa\\anuncio_1155\\8.jpeg', 'imagenes_tecnocasa\\anuncio_1155\\9.jpeg', 'imagenes_tecnocasa\\anuncio_1155\\10.jpeg', 'imagenes_tecnocasa\\anuncio_1155\\11.jpeg', 'imagenes_tecnocasa\\anuncio_1155\\12.jpeg', 'imagenes_tecnocasa\\anuncio_1155\\13.jpeg', 'imagenes_tecnocasa\\anuncio_1155\\14.jpeg', 'imagenes_tecnocasa\\anuncio_1155\\15.jpeg', 'imagenes_tecnocasa\\anuncio_1155\\16.jpeg', 'imagenes_tecnocasa\\anuncio_1155\\17.jpeg', 'imagenes_tecnocasa\\anuncio_1155\\18.jpeg', 'imagenes_tecnocasa\\anuncio_1155\\19.jpeg', 'imagenes_tecnocasa\\anuncio_1155\\20.jpeg', 'imagenes_tecnocasa\\anuncio_1155\\21.jpeg', 'imagenes_tecnocasa\\anuncio_1155\\22.jpeg']",0,Media,1960,0,0,0,piso,4,Ciudad Lineal,"Ciudad Lineal, Pueblo Nuevo, Madrid",40.4484305,-3.650495,1155,3604.9180327868853,151.0,100.0,0.0,0.0,1.0,1.0,otro,pintura,corredera,estándar (2.4-2.8m),nada,2.2,2.8,convencional,"['#F2E6CE', '#FFFFFF', '#A0522D']",regular,False,convencional,limitado,ninguno,ninguno,básico,básica,ninguno,4.8,4.8,ninguna,5
https://www.tecnocasa.es/venta/piso/madrid/madrid/364625.html,220000.0,1,65.0,1,"'Travesía Gerardo Cordón; 60m2 distribuidos en un dormitorio (antes 3) con amplio armario empotrado, salón con terraza acristalada, baño completo, cocina amueblada, calefacción G/N, A/A, ascensor y trastero.",1,0,1,1,1,1,0,1,1,1,"['https://cdn-media.medialabtc.it/es/agencies/mdaq4/estates/364625/images/8909720/gallery_media.jpeg', 'https://cdn-media.medialabtc.it/es/agencies/mdaq4/estates/364625/images/8909719/gallery_media.jpeg', 'https://cdn-media.medialabtc.it/es/agencies/mdaq4/estates/364625/images/8909723/gallery_media.jpeg', 'https://cdn-media.medialabtc.it/es/agencies/mdaq4/estates/364625/images/8909724/gallery_media.jpeg', 'https://cdn-media.medialabtc.it/es/agencies/mdaq4/estates/364625/images/8909726/gallery_media.jpeg', 'https://cdn-media.medialabtc.it/es/agencies/mdaq4/estates/364625/images/8909718/gallery_media.jpeg', 'https://cdn-media.medialabtc.it/es/agencies/mdaq4/estates/364625/images/8909727/gallery_media.jpeg', 'https://cdn-media.medialabtc.it/es/agencies/mdaq4/estates/364625/images/8909721/gallery_media.jpeg', 'https://cdn-media.medialabtc.it/es/agencies/mdaq4/estates/364625/images/8909722/gallery_media.jpeg', 'https://cdn-media.medialabtc.it/es/agencies/mdaq4/estates/364625/images/8909725/gallery_media.jpeg']",0,Desconocido,0,1,0,1,0,Desconocida,0,0,"['imagenes_tecnocasa\\anuncio_1156\\0.jpeg', 'imagenes_tecnocasa\\anuncio_1156\\1.jpeg', 'imagenes_tecnocasa\\anuncio_1156\\2.jpeg', 'imagenes_tecnocasa\\anuncio_1156\\3.jpeg', 'imagenes_tecnocasa\\anuncio_1156\\4.jpeg', 'imagenes_tecnocasa\\anuncio_1156\\5.jpeg', 'imagenes_tecnocasa\\anuncio_1156\\6.jpeg', 'imagenes_tecnocasa\\anuncio_1156\\7.jpeg', 'imagenes_tecnocasa\\anuncio_1156\\8.jpeg', 'imagenes_tecnocasa\\anuncio_1156\\9.jpeg']",0,Popular,1963,0,0,1,piso,2,Madrid,"Ventas, Madrid",40.4167047,-3.7035825,1156,3384.6153846153848,28.0,27.0,0.0,0.0,1.0,0.0,parquet,pintura,corredera,estándar (2.4-2.8m),nada,5.0,4.0,convencional,"['#F5F5DC', '#A0522D', '#FFFFE0']",buena,False,convencional,normal,ninguno,ninguno,estándar,parcialmente equipada,ninguno,6.8,7.0,ninguna,5
https://www.tecnocasa.es/venta/piso/madrid/madrid/603869.html,645000.0,3,80.0,2,"¡Oportunidad única en la prestigiosa zona de Salamanca-Fuente del Berro-Goya, Madrid!
Este impresionante piso de 80 m² construidos te ofrece un estilo de vida inigualable. Con tres cómodos dormitorios que cuentan con armarios empotrados, dos baños, un salón acogedor, y una cocina moderna, este hogar está diseñado para tu comodidad. Disfruta de la luz natural que inunda cada rincón gracias a su orientación Sur en una tercera planta exterior.
La vivienda se entrega amueblada, el mobiliario que aparece en las fotografías es una simulación que intenta reflejar el estilo final.
El inmueble también cuenta con tres balcones perfectos para relajarte y poder disfrutar del aire libre. Además, el edificio dispone de ascensor, facilitando el acceso a la tercera planta.
Situado entre la Casa de la Moneda y el Parque de la Fuente del Berro, tendrás a tu disposición numerosos servicios como hospitales, farmacias, supermercados, parques y transporte público. Las fotos render en proceso de reforma te permitirán visualizar el increíble potencial de este piso, cuya entrega está estimada para principios de mayo, reformada con los mejores materiales del mercado.
No pierdas la oportunidad de vivir en una de las zonas más exclusivas de Madrid. Además, ofrecemos un servicio financiero de consulta gratuita para clientes de Tecnocasa. ¡Contacta con nosotros y haz realidad tu sueño de tener el hogar perfecto!",1,1,1,1,1,1,1,1,1,1,"['https://cdn-media.medialabtc.it/es/agencies/md097/estates/603869/images/8895153/gallery_media.jpeg', 'https://cdn-media.medialabtc.it/es/agencies/md097/estates/603869/images/8895138/gallery_media.jpeg', 'https://cdn-media.medialabtc.it/es/agencies/md097/estates/603869/images/8895140/gallery_media.jpeg', 'https://cdn-media.medialabtc.it/es/agencies/md097/estates/603869/images/8895145/gallery_media.jpeg', 'https://cdn-media.medialabtc.it/es/agencies/md097/estates/603869/images/8895149/gallery_media.jpeg', 'https://cdn-media.medialabtc.it/es/agencies/md097/estates/603869/images/8895139/gallery_media.jpeg', 'https://cdn-media.medialabtc.it/es/agencies/md097/estates/603869/images/8895142/gallery_media.jpeg', 'https://cdn-media.medialabtc.it/es/agencies/md097/estates/603869/images/8895146/gallery_media.jpeg', 'https://cdn-media.medialabtc.it/es/agencies/md097/estates/603869/images/8895137/gallery_media.jpeg', 'https://cdn-media.medialabtc.it/es/agencies/md097/estates/603869/images/8895154/gallery_media.jpeg', 'https://cdn-media.medialabtc.it/es/agencies/md097/estates/603869/images/8895151/gallery_media.jpeg', 'https://cdn-media.medialabtc.it/es/agencies/md097/estates/603869/images/8895147/gallery_media.jpeg', 'https://cdn-media.medialabtc.it/es/agencies/md097/estates/603869/images/8895150/gallery_media.jpeg', 'https://cdn-media.medialabtc.it/es/agencies/md097/estates/603869/images/8895141/gallery_media.jpeg', 'https://cdn-media.medialabtc.it/es/agencies/md097/estates/603869/images/8895143/gallery_media.jpeg', 'https://cdn-media.medialabtc.it/es/agencies/md097/estates/603869/images/8895148/gallery_media.jpeg', 'https://cdn-media.medialabtc.it/es/agencies/md097/estates/603869/images/8895152/gallery_media.jpeg', 'https://cdn-media.medialabtc.it/es/agencies/md097/estates/603869/images/8895144/gallery_media.jpeg']",0,Desconocido,0,0,0,0,0,E,0,0,"['imagenes_tecnocasa\\anuncio_1157\\0.jpeg', 'imagenes_tecnocasa\\anuncio_1157\\1.jpeg', 'imagenes_tecnocasa\\anuncio_1157\\2.jpeg', 'imagenes_tecnocasa\\anuncio_1157\\3.jpeg', 'imagenes_tecnocasa\\anuncio_1157\\4.jpeg', 'imagenes_tecnocasa\\anuncio_1157\\5.jpeg', 'imagenes_tecnocasa\\anuncio_1157\\6.jpeg', 'imagenes_tecnocasa\\anuncio_1157\\7.jpeg', 'imagenes_tecnocasa\\anuncio_1157\\8.jpeg', 'imagenes_tecnocasa\\anuncio_1157\\9.jpeg', 'imagenes_tecnocasa\\anuncio_1157\\10.jpeg', 'imagenes_tecnocasa\\anuncio_1157\\11.jpeg', 'imagenes_tecnocasa\\anuncio_1157\\12.jpeg', 'imagenes_tecnocasa\\anuncio_1157\\13.jpeg', 'imagenes_tecnocasa\\anuncio_1157\\14.jpeg', 'imagenes_tecnocasa\\anuncio_1157\\15.jpeg', 'imagenes_tecnocasa\\anuncio_1157\\16.jpeg', 'imagenes_tecnocasa\\anuncio_1157\\17.jpeg']",0,Media,1965,0,0,0,piso,2,Fuente del Berro,"Fuente Del Berro, Madrid",40.424977,-3.6636998,1157,8062.5,219.0,153.0,0.05,0.7,0.0,1.0,parquet,pintura,corredera,estándar (2.4-2.8m),nada,3.8,4.4,moderno,"['#F2F2F2', '#A0A0A0', '#D2B48C']",buena,True,eficiente,normal,ninguno,ninguno,estándar,parcialmente equipada,ninguno,6.6,5.8,ninguna,5
https://www.tecnocasa.es/venta/piso/madrid/madrid/617133.html,220000.0,2,51.0,1,"Descubre esta acogedora propiedad en el corazón del municipio de Madrid, ideal para quienes buscan un espacio funcional y bien ubicado. Este piso, construido en 1965, ofrece 51 m² distribuidos de manera eficiente, con dos dormitorios que proporcionan el confort necesario para una pareja o una pequeña familia. La vivienda se encuentra en una planta media, lo que garantiza tranquilidad y fácil acceso. El salón es luminoso y se integra perfectamente con el resto de la vivienda, creando un ambiente cálido y acogedor. La cocina, práctica y bien distribuida, está lista para ser personalizada a tu gusto. El baño, de diseño sencillo, completa las comodidades de este hogar. Ubicado en una zona popular, este piso ofrece cercanía a servicios esenciales, transporte público y áreas recreativas, haciendo de esta propiedad una opción atractiva para quienes desean disfrutar de la vida urbana sin renunciar a la comodidad.",1,0,1,1,1,1,0,1,1,1,"['https://cdn-media.medialabtc.it/es/agencies/mdaq4/estates/617133/images/8891991/gallery_media.jpeg', 'https://cdn-media.medialabtc.it/es/agencies/mdaq4/estates/617133/images/8891990/gallery_media.jpeg', 'https://cdn-media.medialabtc.it/es/agencies/mdaq4/estates/617133/images/8891996/gallery_media.jpeg', 'https://cdn-media.medialabtc.it/es/agencies/mdaq4/estates/617133/images/8891992/gallery_media.jpeg', 'https://cdn-media.medialabtc.it/es/agencies/mdaq4/estates/617133/images/8891994/gallery_media.jpeg', 'https://cdn-media.medialabtc.it/es/agencies/mdaq4/estates/617133/images/8891993/gallery_media.jpeg', 'https://cdn-media.medialabtc.it/es/agencies/mdaq4/estates/617133/images/8891997/gallery_media.jpeg', 'https://cdn-media.medialabtc.it/es/agencies/mdaq4/estates/617133/images/8891998/gallery_media.jpeg', 'https://cdn-media.medialabtc.it/es/agencies/mdaq4/estates/617133/images/8891995/gallery_media.jpeg', 'https://cdn-media.medialabtc.it/es/agencies/mdaq4/estates/617133/images/8891989/gallery_media.jpeg']",0,Desconocido,0,0,0,0,0,Desconocida,0,0,"['imagenes_tecnocasa\\anuncio_1158\\0.jpeg', 'imagenes_tecnocasa\\anuncio_1158\\1.jpeg', 'imagenes_tecnocasa\\anuncio_1158\\2.jpeg', 'imagenes_tecnocasa\\anuncio_1158\\3.jpeg', 'imagenes_tecnocasa\\anuncio_1158\\4.jpeg', 'imagenes_tecnocasa\\anuncio_1158\\5.jpeg', 'imagenes_tecnocasa\\anuncio_1158\\6.jpeg', 'imagenes_tecnocasa\\anuncio_1158\\7.jpeg', 'imagenes_tecnocasa\\anuncio_1158\\8.jpeg', 'imagenes_tecnocasa\\anuncio_1158\\9.jpeg']",0,Popular,1965,1,0,0,piso,2,Madrid,"Ventas, Madrid",40.4167047,-3.7035825,1158,4313.725490196079,145.0,106.0,0.75,0.95,1.0,1.0,parquet,pintura,corredera,estándar (2.4-2.8m),nada,3.6,3.0,clásico,"['#F2F2F2', '#FFFFFF', '#D3D3D3']",regular,False,convencional,limitado,ninguno,ninguno,estándar,básica,ninguno,6.0,6.2,ninguna,5
https://www.tecnocasa.es/venta/piso/madrid/alcala-de-henares/500683.html,238000.0,3,96.0,1,"AGENCIA INMOBILIARIA TECNOCASA DE ALCALA DE HENARES 'BARRIO NUEVA ALCALÁ-RINCONADA VENDE:
¡Descubre tu nuevo hogar en este amplio y luminoso piso totalmente reformado! Con 101 m² construidos y 91 m² útiles, esta vivienda cuenta con 3 amplios dormitorios equipados con armarios empotrados, ideales para maximizar el espacio y mantener todo en orden. El baño ha sido renovado por completo, ofreciendo un ambiente moderno y acogedor.
La cocina, también reformada, es perfecta para los amantes de la gastronomía, mientras que el salón comedor se ilumina con luz natural gracias a sus ventanas exteriores climalit. Además, disfrutarás de una encantadora terraza cerrada, ideal para relajarte al final del día.
Los suelos de tarima aportan calidez a cada rincón, cuenta con puertas macizas lacadas en blanco en todas las estancias, y los ventiladores de techo inverter con aire acondicionado en el salón y el dormitorio principal garantizan un confort óptimo durante todo el año. La fontanería y la electricidad han sido actualizadas, lo que significa que puedes mudarte sin preocupaciones.
Ubicado en la tercera planta de un edificio con ascensor y orientación sur, este hogar es apto para personas con movilidad reducida. La calefacción de gas natural asegura un ambiente cálido en invierno. ¡No dejes pasar la oportunidad de vivir en este espectacular piso que combina comodidad y estilo!
La vivienda se encuentra en una zona dotada de los servicios principales, y con fácil acceso a la red de carreteras principales.
VENGA A VISITARLO SIN COMPROMISO, Y RECUERDE QUE LE PODEMOS CONSEGUIR HASTA EL 100% DE FINANCIACIÓN CON NUESTRO DEPARTAMENTO FINANCIERO KIRON.",0,1,1,1,1,1,0,1,1,1,"['https://cdn-media.medialabtc.it/es/agencies/md540/estates/500683/images/8871268/gallery_media.jpeg', 'https://cdn-media.medialabtc.it/es/agencies/md540/estates/500683/images/8871199/gallery_media.jpeg', 'https://cdn-media.medialabtc.it/es/agencies/md540/estates/500683/images/8871191/gallery_media.jpeg', 'https://cdn-media.medialabtc.it/es/agencies/md540/estates/500683/images/8871200/gallery_media.jpeg', 'https://cdn-media.medialabtc.it/es/agencies/md540/estates/500683/images/8871198/gallery_media.jpeg', 'https://cdn-media.medialabtc.it/es/agencies/md540/estates/500683/images/8871201/gallery_media.jpeg', 'https://cdn-media.medialabtc.it/es/agencies/md540/estates/500683/images/8871282/gallery_media.jpeg', 'https://cdn-media.medialabtc.it/es/agencies/md540/estates/500683/images/8871193/gallery_media.jpeg', 'https://cdn-media.medialabtc.it/es/agencies/md540/estates/500683/images/8871275/gallery_media.jpeg', 'https://cdn-media.medialabtc.it/es/agencies/md540/estates/500683/images/8871267/gallery_media.jpeg', 'https://cdn-media.medialabtc.it/es/agencies/md540/estates/500683/images/8871273/gallery_media.jpeg', 'https://cdn-media.medialabtc.it/es/agencies/md540/estates/500683/images/8871276/gallery_media.jpeg', 'https://cdn-media.medialabtc.it/es/agencies/md540/estates/500683/images/8871283/gallery_media.jpeg', 'https://cdn-media.medialabtc.it/es/agencies/md540/estates/500683/images/8871284/gallery_media.jpeg', 'https://cdn-media.medialabtc.it/es/agencies/md540/estates/500683/images/8871266/gallery_media.jpeg', 'https://cdn-media.medialabtc.it/es/agencies/md540/estates/500683/images/8871195/gallery_media.jpeg', 'https://cdn-media.medialabtc.it/es/agencies/md540/estates/500683/images/8871265/gallery_media.jpeg', 'https://cdn-media.medialabtc.it/es/agencies/md540/estates/500683/images/8871271/gallery_media.jpeg', 'https://cdn-media.medialabtc.it/es/agencies/md540/estates/500683/images/8871270/gallery_media.jpeg', 'https://cdn-media.medialabtc.it/es/agencies/md540/estates/500683/images/8871285/gallery_media.jpeg', 'https://cdn-media.medialabtc.it/es/agencies/md540/estates/500683/images/8871192/gallery_media.jpeg', 'https://cdn-media.medialabtc.it/es/agencies/md540/estates/500683/images/8871196/gallery_media.jpeg', 'https://cdn-media.medialabtc.it/es/agencies/md540/estates/500683/images/8871274/gallery_media.jpeg', 'https://cdn-media.medialabtc.it/es/agencies/md540/estates/500683/images/8871194/gallery_media.jpeg', 'https://cdn-media.medialabtc.it/es/agencies/md540/estates/500683/images/8871272/gallery_media.jpeg', 'https://cdn-media.medialabtc.it/es/agencies/md540/estates/500683/images/8871197/gallery_media.jpeg', 'https://cdn-media.medialabtc.it/es/agencies/md540/estates/500683/images/8871269/gallery_media.jpeg']",0,Reformado,0,0,0,1,0,Desconocida,0,0,"['imagenes_tecnocasa\\anuncio_1160\\0.jpeg', 'imagenes_tecnocasa\\anuncio_1160\\1.jpeg', 'imagenes_tecnocasa\\anuncio_1160\\2.jpeg', 'imagenes_tecnocasa\\anuncio_1160\\3.jpeg', 'imagenes_tecnocasa\\anuncio_1160\\4.jpeg', 'imagenes_tecnocasa\\anuncio_1160\\5.jpeg', 'imagenes_tecnocasa\\anuncio_1160\\6.jpeg', 'imagenes_tecnocasa\\anuncio_1160\\7.jpeg', 'imagenes_tecnocasa\\anuncio_1160\\8.jpeg', 'imagenes_tecnocasa\\anuncio_1160\\9.jpeg', 'imagenes_tecnocasa\\anuncio_1160\\10.jpeg', 'imagenes_tecnocasa\\anuncio_1160\\11.jpeg', 'imagenes_tecnocasa\\anuncio_1160\\12.jpeg', 'imagenes_tecnocasa\\anuncio_1160\\13.jpeg', 'imagenes_tecnocasa\\anuncio_1160\\14.jpeg', 'imagenes_tecnocasa\\anuncio_1160\\15.jpeg', 'imagenes_tecnocasa\\anuncio_1160\\16.jpeg', 'imagenes_tecnocasa\\anuncio_1160\\17.jpeg', 'imagenes_tecnocasa\\anuncio_1160\\18.jpeg', 'imagenes_tecnocasa\\anuncio_1160\\19.jpeg', 'imagenes_tecnocasa\\anuncio_1160\\20.jpeg', 'imagenes_tecnocasa\\anuncio_1160\\21.jpeg', 'imagenes_tecnocasa\\anuncio_1160\\22.jpeg', 'imagenes_tecnocasa\\anuncio_1160\\23.jpeg', 'imagenes_tecnocasa\\anuncio_1160\\24.jpeg', 'imagenes_tecnocasa\\anuncio_1160\\25.jpeg', 'imagenes_tecnocasa\\anuncio_1160\\26.jpeg']",0,Media,1977,1,0,0,piso,3,Alcalá de Henares,"Rinconada, Alcalá De Henares",40.481954,-3.363981,1160,2479.1666666666665,259.0,186.0,0.225,0.5599999999999999,4.0,1.0,cerámica,pintura,corredera,estándar (2.4-2.8m),nada,4.2,4.2,convencional,"['#A9A9A9', '#FFFFFF', '#D3D3D3']",buena,False,convencional,limitado,ninguno,ninguno,estándar,parcialmente equipada,ninguno,6.6,6.4,ninguna,5
https://www.tecnocasa.es/venta/casa/madrid/fuenlabrada/605606.html,499999.0,6,360.0,4,"'Agencia inmobiliaria de Fuenlabrada zona Centro-Arroyo Tecnocasa FUENLABRADA GESTION INMOBILIARIA 2022 SL:

EN VENTA: Gran Chalet Adosado de 360M² para entrar a vivir muy bien conservado.

Consta de 4 plantas, distribuidas en:
5 habitaciones, 2 baños completos y un aseo, salón, cocina con acceso a jardín, y comunidad con PISCINA.

Vivienda en perfecto estado para entrar a vivir.

Planta baja: Encontramos el garaje y dos salas.

Primera planta: Encontramos la entrada al chalet con una amplia habitación, cuarto de aseo, salón y cocina con acceso al jardín.

Segunda planta: Encontramos 4 amplias habitaciones y dos cuarto de baño completos (uno en habitación principal).

Boardilla: Adaptada con juegos totalmente diáfana.

Vivienda rodeada de todo tipo de servicios.

Zona bien comunicada con renfe, metro, autobuses y otros medios de transporte. La zona cuenta con comercios, supermercados, farmacias, centro de salud, entre otros.",1,1,1,1,1,1,0,1,1,1,"['https://cdn-media.medialabtc.it/es/agencies/md579/estates/605606/images/8627417/gallery_media.jpeg', 'https://cdn-media.medialabtc.it/es/agencies/md579/estates/605606/images/8627459/gallery_media.jpeg', 'https://cdn-media.medialabtc.it/es/agencies/md579/estates/605606/images/8627477/gallery_media.jpeg', 'https://cdn-media.medialabtc.it/es/agencies/md579/estates/605606/images/8629539/gallery_media.jpeg', 'https://cdn-media.medialabtc.it/es/agencies/md579/estates/605606/images/8627466/gallery_media.jpeg', 'https://cdn-media.medialabtc.it/es/agencies/md579/estates/605606/images/8627462/gallery_media.jpeg', 'https://cdn-media.medialabtc.it/es/agencies/md579/estates/605606/images/8627476/gallery_media.jpeg', 'https://cdn-media.medialabtc.it/es/agencies/md579/estates/605606/images/8627481/gallery_media.jpeg', 'https://cdn-media.medialabtc.it/es/agencies/md579/estates/605606/images/8627415/gallery_media.jpeg', 'https://cdn-media.medialabtc.it/es/agencies/md579/estates/605606/images/8627464/gallery_media.jpeg', 'https://cdn-media.medialabtc.it/es/agencies/md579/estates/605606/images/8627484/gallery_media.jpeg', 'https://cdn-media.medialabtc.it/es/agencies/md579/estates/605606/images/8627472/gallery_media.jpeg', 'https://cdn-media.medialabtc.it/es/agencies/md579/estates/605606/images/8627461/gallery_media.jpeg', 'https://cdn-media.medialabtc.it/es/agencies/md579/estates/605606/images/8627470/gallery_media.jpeg', 'https://cdn-media.medialabtc.it/es/agencies/md579/estates/605606/images/8627465/gallery_media.jpeg', 'https://cdn-media.medialabtc.it/es/agencies/md579/estates/605606/images/8627416/gallery_media.jpeg', 'https://cdn-media.medialabtc.it/es/agencies/md579/estates/605606/images/8627469/gallery_media.jpeg', 'https://cdn-media.medialabtc.it/es/agencies/md579/estates/605606/images/8627471/gallery_media.jpeg', 'https://cdn-media.medialabtc.it/es/agencies/md579/estates/605606/images/8627479/gallery_media.jpeg', 'https://cdn-media.medialabtc.it/es/agencies/md579/estates/605606/images/8627475/gallery_media.jpeg', 'https://cdn-media.medialabtc.it/es/agencies/md579/estates/605606/images/8627473/gallery_media.jpeg', 'https://cdn-media.medialabtc.it/es/agencies/md579/estates/605606/images/8627467/gallery_media.jpeg', 'https://cdn-media.medialabtc.it/es/agencies/md579/estates/605606/images/8627463/gallery_media.jpeg', 'https://cdn-media.medialabtc.it/es/agencies/md579/estates/605606/images/8627483/gallery_media.jpeg', 'https://cdn-media.medialabtc.it/es/agencies/md579/estates/605606/images/8627474/gallery_media.jpeg', 'https://cdn-media.medialabtc.it/es/agencies/md579/estates/605606/images/8627458/gallery_media.jpeg', 'https://cdn-media.medialabtc.it/es/agencies/md579/estates/605606/images/8627478/gallery_media.jpeg', 'https://cdn-media.medialabtc.it/es/agencies/md579/estates/605606/images/8627480/gallery_media.jpeg', 'https://cdn-media.medialabtc.it/es/agencies/md579/estates/605606/images/8627460/gallery_media.jpeg', 'https://cdn-media.medialabtc.it/es/agencies/md579/estates/605606/images/8627468/gallery_media.jpeg']",0,Desconocido,1,0,1,0,0,Desconocida,0,0,"['imagenes_tecnocasa\\anuncio_1161\\0.jpeg', 'imagenes_tecnocasa\\anuncio_1161\\1.jpeg', 'imagenes_tecnocasa\\anuncio_1161\\2.jpeg', 'imagenes_tecnocasa\\anuncio_1161\\3.jpeg', 'imagenes_tecnocasa\\anuncio_1161\\4.jpeg', 'imagenes_tecnocasa\\anuncio_1161\\5.jpeg', 'imagenes_tecnocasa\\anuncio_1161\\6.jpeg', 'imagenes_tecnocasa\\anuncio_1161\\7.jpeg', 'imagenes_tecnocasa\\anuncio_1161\\8.jpeg', 'imagenes_tecnocasa\\anuncio_1161\\9.jpeg', 'imagenes_tecnocasa\\anuncio_1161\\10.jpeg', 'imagenes_tecnocasa\\anuncio_1161\\11.jpeg', 'imagenes_tecnocasa\\anuncio_1161\\12.jpeg', 'imagenes_tecnocasa\\anuncio_1161\\13.jpeg', 'imagenes_tecnocasa\\anuncio_1161\\14.jpeg', 'imagenes_tecnocasa\\anuncio_1161\\15.jpeg', 'imagenes_tecnocasa\\anuncio_1161\\16.jpeg', 'imagenes_tecnocasa\\anuncio_1161\\17.jpeg', 'imagenes_tecnocasa\\anuncio_1161\\18.jpeg', 'imagenes_tecnocasa\\anuncio_1161\\19.jpeg', 'imagenes_tecnocasa\\anuncio_1161\\20.jpeg', 'imagenes_tecnocasa\\anuncio_1161\\21.jpeg', 'imagenes_tecnocasa\\anuncio_1161\\22.jpeg', 'imagenes_tecnocasa\\anuncio_1161\\23.jpeg', 'imagenes_tecnocasa\\anuncio_1161\\24.jpeg', 'imagenes_tecnocasa\\anuncio_1161\\25.jpeg', 'imagenes_tecnocasa\\anuncio_1161\\26.jpeg', 'imagenes_tecnocasa\\anuncio_1161\\27.jpeg', 'imagenes_tecnocasa\\anuncio_1161\\28.jpeg', 'imagenes_tecnocasa\\anuncio_1161\\29.jpeg']",0,Popular,1990,0,0,0,casa,2,Fuenlabrada,"La Avanzada, Fuenlabrada",40.282476,-3.7923422,1161,1388.8861111111112,140.0,102.0,0.0,0.0,0.0,0.0,parquet,pintura,corredera,estándar (2.4-2.8m),nada,4.4,3.6,clásico,"['#FFFFFF', '#007bff', '#e0e0e0']",buena,False,convencional,normal,ninguno,ninguno,estándar,básica,ninguno,6.6,6.6,ninguna,5
https://www.tecnocasa.es/venta/piso/madrid/madrid/614856.html,275000.0,1,45.0,1,"Agencia inmobiliaria de MADRID - zona SALAMANCA - ESTUDIO GUINDALERA - DIEGO DE LEÓN

Oficina Tecnocasa vende en exclusiva:

Vivienda situada en la calle Conde de Vilches, a escasos 300 metros del metro de Diego de León.
La vivienda se situa en una tercera planta y consta de hall recibidor un amplio salón, una cocina independiente, dos dormitorios exteriores, un baño con ducha.

La ubicación de esta propiedad sigue siendo su punto fuerte. Está en una de las mejores zonas de Madrid, con acceso a tiendas exclusivas, restaurantes y una amplia gama de servicios. Además, la excelente conectividad con el transporte público facilita el desplazamiento por toda la ciudad.


La finca NO dispone de ascensor.

Disponemos de nuestro departamento financiero Kíron de consulta gratuita para nuestros clientes.",1,1,1,1,1,1,1,1,1,1,"['https://cdn-media.medialabtc.it/es/agencies/mdasa/estates/614856/images/8834141/gallery_media.jpeg', 'https://cdn-media.medialabtc.it/es/agencies/mdasa/estates/614856/images/8834147/gallery_media.jpeg', 'https://cdn-media.medialabtc.it/es/agencies/mdasa/estates/614856/images/8834142/gallery_media.jpeg', 'https://cdn-media.medialabtc.it/es/agencies/mdasa/estates/614856/images/8834139/gallery_media.jpeg', 'https://cdn-media.medialabtc.it/es/agencies/mdasa/estates/614856/images/8834138/gallery_media.jpeg', 'https://cdn-media.medialabtc.it/es/agencies/mdasa/estates/614856/images/8834137/gallery_media.jpeg', 'https://cdn-media.medialabtc.it/es/agencies/mdasa/estates/614856/images/8834156/gallery_media.jpeg', 'https://cdn-media.medialabtc.it/es/agencies/mdasa/estates/614856/images/8834151/gallery_media.jpeg', 'https://cdn-media.medialabtc.it/es/agencies/mdasa/estates/614856/images/8834146/gallery_media.jpeg', 'https://cdn-media.medialabtc.it/es/agencies/mdasa/estates/614856/images/8834148/gallery_media.jpeg', 'https://cdn-media.medialabtc.it/es/agencies/mdasa/estates/614856/images/8834159/gallery_media.jpeg', 'https://cdn-media.medialabtc.it/es/agencies/mdasa/estates/614856/images/8834154/gallery_media.jpeg', 'https://cdn-media.medialabtc.it/es/agencies/mdasa/estates/614856/images/8834155/gallery_media.jpeg', 'https://cdn-media.medialabtc.it/es/agencies/mdasa/estates/614856/images/8834158/gallery_media.jpeg', 'https://cdn-media.medialabtc.it/es/agencies/mdasa/estates/614856/images/8834145/gallery_media.jpeg', 'https://cdn-media.medialabtc.it/es/agencies/mdasa/estates/614856/images/8834140/gallery_media.jpeg', 'https://cdn-media.medialabtc.it/es/agencies/mdasa/estates/614856/images/8834150/gallery_media.jpeg', 'https://cdn-media.medialabtc.it/es/agencies/mdasa/estates/614856/images/8834157/gallery_media.jpeg', 'https://cdn-media.medialabtc.it/es/agencies/mdasa/estates/614856/images/8834143/gallery_media.jpeg']",0,Desconocido,0,0,0,0,0,F,0,0,"['imagenes_tecnocasa\\anuncio_1162\\0.jpeg', 'imagenes_tecnocasa\\anuncio_1162\\1.jpeg', 'imagenes_tecnocasa\\anuncio_1162\\2.jpeg', 'imagenes_tecnocasa\\anuncio_1162\\3.jpeg', 'imagenes_tecnocasa\\anuncio_1162\\4.jpeg', 'imagenes_tecnocasa\\anuncio_1162\\5.jpeg', 'imagenes_tecnocasa\\anuncio_1162\\6.jpeg', 'imagenes_tecnocasa\\anuncio_1162\\7.jpeg', 'imagenes_tecnocasa\\anuncio_1162\\8.jpeg', 'imagenes_tecnocasa\\anuncio_1162\\9.jpeg', 'imagenes_tecnocasa\\anuncio_1162\\10.jpeg', 'imagenes_tecnocasa\\anuncio_1162\\11.jpeg', 'imagenes_tecnocasa\\anuncio_1162\\12.jpeg', 'imagenes_tecnocasa\\anuncio_1162\\13.jpeg', 'imagenes_tecnocasa\\anuncio_1162\\14.jpeg', 'imagenes_tecnocasa\\anuncio_1162\\15.jpeg', 'imagenes_tecnocasa\\anuncio_1162\\16.jpeg', 'imagenes_tecnocasa\\anuncio_1162\\17.jpeg', 'imagenes_tecnocasa\\anuncio_1162\\18.jpeg']",0,Media,1925,0,0,0,piso,2,Guindalera,"Guindalera, Madrid",40.436356,-3.6680189,1162,6111.111111111111,127.0,98.0,0.0,0.0,1.0,0.0,otro,pintura,corredera,estándar (2.4-2.8m),nada,3.4,4.4,convencional,"['#FFFFFF', '#008080', '#DEB887']",regular,False,convencional,limitado,ninguno,ninguno,estándar,básica,ninguno,6.2,6.8,ninguna,5
https://www.tecnocasa.es/venta/piso/madrid/madrid/617111.html,205000.0,2,61.0,1,"Tecnocasa Estudio Zofio pone a la venta una excelente vivienda de 61 m² construidos, lista para entrar a vivir.

La propiedad dispone de tres dormitorios. Cuenta con un baño completo, un amplio y luminoso salón, cocina independiente y una acogedora terraza ideal para disfrutar del aire libre.

Ubicada en una primera planta sin ascensor, la finca ofrece buena accesibilidad

¡Ven a conocerla! Te ofrecemos un amplio horario de visitas:
Lunes a viernes: de 9:30 a 14:00 y de 17:00 a 21:00
Sábados: de 10:00 a 14:00

Entorno y servicios: La zona ofrece una excelente calidad de vida, con todos los servicios a tu alcance: colegios, institutos, biblioteca, instalaciones deportivas y transporte público (autobús y metro).

Confía en Tecnocasa, líder en el sector inmobiliario, para encontrar tu hogar ideal o vender tu propiedad con las máximas garantías. Contamos con una amplia cartera de pisos, casas, estudios, áticos, locales, plazas de garaje y opciones de alquiler.

Si estás pensando en vender, con Tecnocasa lograrás la mayor rentabilidad en el menor tiempo posible. Nuestro equipo de asesores te acompaña en todo el proceso: desde una tasación precisa, hasta la publicación en los principales portales y la gestión hipotecaria de potenciales compradores.

Con más de 30 años de experiencia y más de 3.100 oficinas en todo el mundo, Tecnocasa es tu mejor aliado en el mercado inmobiliario.",1,1,1,1,1,1,0,1,1,1,"['https://cdn-media.medialabtc.it/es/agencies/md028/estates/617111/images/8910275/gallery_media.jpeg', 'https://cdn-media.medialabtc.it/es/agencies/md028/estates/617111/images/8910267/gallery_media.jpeg', 'https://cdn-media.medialabtc.it/es/agencies/md028/estates/617111/images/8910280/gallery_media.jpeg', 'https://cdn-media.medialabtc.it/es/agencies/md028/estates/617111/images/8910266/gallery_media.jpeg', 'https://cdn-media.medialabtc.it/es/agencies/md028/estates/617111/images/8910270/gallery_media.jpeg', 'https://cdn-media.medialabtc.it/es/agencies/md028/estates/617111/images/8910271/gallery_media.jpeg', 'https://cdn-media.medialabtc.it/es/agencies/md028/estates/617111/images/8910277/gallery_media.jpeg', 'https://cdn-media.medialabtc.it/es/agencies/md028/estates/617111/images/8910268/gallery_media.jpeg', 'https://cdn-media.medialabtc.it/es/agencies/md028/estates/617111/images/8910282/gallery_media.jpeg', 'https://cdn-media.medialabtc.it/es/agencies/md028/estates/617111/images/8910279/gallery_media.jpeg', 'https://cdn-media.medialabtc.it/es/agencies/md028/estates/617111/images/8910273/gallery_media.jpeg', 'https://cdn-media.medialabtc.it/es/agencies/md028/estates/617111/images/8910281/gallery_media.jpeg', 'https://cdn-media.medialabtc.it/es/agencies/md028/estates/617111/images/8910278/gallery_media.jpeg', 'https://cdn-media.medialabtc.it/es/agencies/md028/estates/617111/images/8910274/gallery_media.jpeg', 'https://cdn-media.medialabtc.it/es/agencies/md028/estates/617111/images/8910264/gallery_media.jpeg', 'https://cdn-media.medialabtc.it/es/agencies/md028/estates/617111/images/8910272/gallery_media.jpeg', 'https://cdn-media.medialabtc.it/es/agencies/md028/estates/617111/images/8910265/gallery_media.jpeg', 'https://cdn-media.medialabtc.it/es/agencies/md028/estates/617111/images/8910276/gallery_media.jpeg', 'https://cdn-media.medialabtc.it/es/agencies/md028/estates/617111/images/8910269/gallery_media.jpeg']",0,Desconocido,1,0,0,1,0,Desconocida,0,0,"['imagenes_tecnocasa\\anuncio_1163\\0.jpeg', 'imagenes_tecnocasa\\anuncio_1163\\1.jpeg', 'imagenes_tecnocasa\\anuncio_1163\\2.jpeg', 'imagenes_tecnocasa\\anuncio_1163\\3.jpeg', 'imagenes_tecnocasa\\anuncio_1163\\4.jpeg', 'imagenes_tecnocasa\\anuncio_1163\\5.jpeg', 'imagenes_tecnocasa\\anuncio_1163\\6.jpeg', 'imagenes_tecnocasa\\anuncio_1163\\7.jpeg', 'imagenes_tecnocasa\\anuncio_1163\\8.jpeg', 'imagenes_tecnocasa\\anuncio_1163\\9.jpeg', 'imagenes_tecnocasa\\anuncio_1163\\10.jpeg', 'imagenes_tecnocasa\\anuncio_1163\\11.jpeg', 'imagenes_tecnocasa\\anuncio_1163\\12.jpeg', 'imagenes_tecnocasa\\anuncio_1163\\13.jpeg', 'imagenes_tecnocasa\\anuncio_1163\\14.jpeg', 'imagenes_tecnocasa\\anuncio_1163\\15.jpeg', 'imagenes_tecnocasa\\anuncio_1163\\16.jpeg', 'imagenes_tecnocasa\\anuncio_1163\\17.jpeg', 'imagenes_tecnocasa\\anuncio_1163\\18.jpeg']",0,Popular,1961,0,0,0,piso,1,Almendrales,"Almendrales - Pradolongo, Madrid",40.3843762,-3.6992931,1163,3360.655737704918,223.0,150.0,0.95,1.0,2.0,1.0,parquet,pintura,corredera,estándar (2.4-2.8m),nada,3.6,4.6,convencional,"['#FFFFFF', '#D3D3D3', '#A9A9A9']",regular,True,convencional,limitado,ninguno,ninguno,estándar,básica,ninguno,6.0,7.0,ninguna,5
https://www.tecnocasa.es/venta/piso/madrid/fuenlabrada/616054.html,240000.0,3,91.0,2,"EXCELENTE piso con magníficas vistas, para reformar, situado en el barrio de La Serna. Rodeado de zonas infantiles, colegios, institutos, cerca del transporte público y galerías comerciales.
Edificio con ascensor. Inmueble de 92m2, distribuidos en: hall de entrada, gran cocina con tendedero, amplio salón de paso con acceso a TERRAZA, 2 baños completos, 3 dormitorios y PLAZA DE APARCAMIENTO INCLUIDA EN EL PRECIO.
Venga a visitarlo sin compromiso no pierda la oportunidad.
¡NUESTRO DEPARTAMENTO FINANCIERO KIRON CONSIGUE HASTA EL 100% DE FINANCIACIÓN NO LO DUDE VENGA A VISITARLO!",1,1,1,1,0,1,0,1,1,1,"['https://cdn-media.medialabtc.it/es/agencies/mdbf6/estates/616054/images/8860096/gallery_media.jpeg', 'https://cdn-media.medialabtc.it/es/agencies/mdbf6/estates/616054/images/8860057/gallery_media.jpeg', 'https://cdn-media.medialabtc.it/es/agencies/mdbf6/estates/616054/images/8860088/gallery_media.jpeg', 'https://cdn-media.medialabtc.it/es/agencies/mdbf6/estates/616054/images/8860082/gallery_media.jpeg', 'https://cdn-media.medialabtc.it/es/agencies/mdbf6/estates/616054/images/8860091/gallery_media.jpeg', 'https://cdn-media.medialabtc.it/es/agencies/mdbf6/estates/616054/images/8860059/gallery_media.jpeg', 'https://cdn-media.medialabtc.it/es/agencies/mdbf6/estates/616054/images/8860058/gallery_media.jpeg', 'https://cdn-media.medialabtc.it/es/agencies/mdbf6/estates/616054/images/8860098/gallery_media.jpeg', 'https://cdn-media.medialabtc.it/es/agencies/mdbf6/estates/616054/images/8860094/gallery_media.jpeg', 'https://cdn-media.medialabtc.it/es/agencies/mdbf6/estates/616054/images/8860090/gallery_media.jpeg', 'https://cdn-media.medialabtc.it/es/agencies/mdbf6/estates/616054/images/8860093/gallery_media.jpeg', 'https://cdn-media.medialabtc.it/es/agencies/mdbf6/estates/616054/images/8860092/gallery_media.jpeg', 'https://cdn-media.medialabtc.it/es/agencies/mdbf6/estates/616054/images/8860086/gallery_media.jpeg', 'https://cdn-media.medialabtc.it/es/agencies/mdbf6/estates/616054/images/8860089/gallery_media.jpeg', 'https://cdn-media.medialabtc.it/es/agencies/mdbf6/estates/616054/images/8860084/gallery_media.jpeg', 'https://cdn-media.medialabtc.it/es/agencies/mdbf6/estates/616054/images/8860060/gallery_media.jpeg', 'https://cdn-media.medialabtc.it/es/agencies/mdbf6/estates/616054/images/8860097/gallery_media.jpeg']",0,Desconocido,1,0,0,1,0,Desconocida,0,0,"['imagenes_tecnocasa\\anuncio_1167\\0.jpeg', 'imagenes_tecnocasa\\anuncio_1167\\1.jpeg', 'imagenes_tecnocasa\\anuncio_1167\\2.jpeg', 'imagenes_tecnocasa\\anuncio_1167\\3.jpeg', 'imagenes_tecnocasa\\anuncio_1167\\4.jpeg', 'imagenes_tecnocasa\\anuncio_1167\\5.jpeg', 'imagenes_tecnocasa\\anuncio_1167\\6.jpeg', 'imagenes_tecnocasa\\anuncio_1167\\7.jpeg', 'imagenes_tecnocasa\\anuncio_1167\\8.jpeg', 'imagenes_tecnocasa\\anuncio_1167\\9.jpeg', 'imagenes_tecnocasa\\anuncio_1167\\10.jpeg', 'imagenes_tecnocasa\\anuncio_1167\\11.jpeg', 'imagenes_tecnocasa\\anuncio_1167\\12.jpeg', 'imagenes_tecnocasa\\anuncio_1167\\13.jpeg', 'imagenes_tecnocasa\\anuncio_1167\\14.jpeg', 'imagenes_tecnocasa\\anuncio_1167\\15.jpeg', 'imagenes_tecnocasa\\anuncio_1167\\16.jpeg']",0,Popular,1981,1,0,0,piso,3,Fuenlabrada,"El Naranjo, Fuenlabrada",40.282476,-3.7923422,1167,2637.3626373626375,88.0,77.0,0.0,0.0,1.0,0.0,otro,pintura,corredera,estándar (2.4-2.8m),nada,2.0,2.2,clásico,"['#F5F5DC', '#A0522D', '#8B4513']",regular,False,convencional,limitado,ninguno,ninguno,básico,básica,ninguno,5.6,5.8,ninguna,5
https://www.tecnocasa.es/venta/piso/madrid/madrid/618074.html,207000.0,3,67.0,1,"Agencia inmobiliaria de MADRID - zona ALUCHE - CAMARENA - PTO CHICO - Oficina Tecnocasa de MADRID
Vende piso de la Calle VALMOJADO
Planta 1ª
67 m2
Vivienda de 2 dormitorios, salón independiente, cocina , baño y terraza. Piso para entrar a vivir.
Metro y Renfe de Aluche
Vivienda sin ruido muy tranquila
Vivienda cerca de Centro de Salud, Colegios, zonas verdes, centros comerciales, ocio y restauración en entorno. Zona con todos los servicios.
Muy bien comunicado con varias líneas de autobuses en la misma puerta), próximo al INTERCAMBIADOR y metro (ALUCHE - Empalme - Campamento ) y redes principales como A 5 - M30 y M40.
Visítelo sin ningún compromiso
HIPOTECA 100%.",1,1,0,1,1,1,0,1,1,1,"['https://cdn-media.medialabtc.it/es/agencies/mdaw3/estates/618074/images/8908360/gallery_media.jpeg', 'https://cdn-media.medialabtc.it/es/agencies/mdaw3/estates/618074/images/8908424/gallery_media.jpeg', 'https://cdn-media.medialabtc.it/es/agencies/mdaw3/estates/618074/images/8908359/gallery_media.jpeg', 'https://cdn-media.medialabtc.it/es/agencies/mdaw3/estates/618074/images/8908429/gallery_media.jpeg', 'https://cdn-media.medialabtc.it/es/agencies/mdaw3/estates/618074/images/8908355/gallery_media.jpeg', 'https://cdn-media.medialabtc.it/es/agencies/mdaw3/estates/618074/images/8908427/gallery_media.jpeg', 'https://cdn-media.medialabtc.it/es/agencies/mdaw3/estates/618074/images/8908356/gallery_media.jpeg', 'https://cdn-media.medialabtc.it/es/agencies/mdaw3/estates/618074/images/8908354/gallery_media.jpeg', 'https://cdn-media.medialabtc.it/es/agencies/mdaw3/estates/618074/images/8908423/gallery_media.jpeg', 'https://cdn-media.medialabtc.it/es/agencies/mdaw3/estates/618074/images/8908426/gallery_media.jpeg', 'https://cdn-media.medialabtc.it/es/agencies/mdaw3/estates/618074/images/8908422/gallery_media.jpeg', 'https://cdn-media.medialabtc.it/es/agencies/mdaw3/estates/618074/images/8908357/gallery_media.jpeg', 'https://cdn-media.medialabtc.it/es/agencies/mdaw3/estates/618074/images/8908425/gallery_media.jpeg', 'https://cdn-media.medialabtc.it/es/agencies/mdaw3/estates/618074/images/8908358/gallery_media.jpeg']",0,Desconocido,0,0,0,1,0,E,0,1,"['imagenes_tecnocasa\\anuncio_1168\\0.jpeg', 'imagenes_tecnocasa\\anuncio_1168\\1.jpeg', 'imagenes_tecnocasa\\anuncio_1168\\2.jpeg', 'imagenes_tecnocasa\\anuncio_1168\\3.jpeg', 'imagenes_tecnocasa\\anuncio_1168\\4.jpeg', 'imagenes_tecnocasa\\anuncio_1168\\5.jpeg', 'imagenes_tecnocasa\\anuncio_1168\\6.jpeg', 'imagenes_tecnocasa\\anuncio_1168\\7.jpeg', 'imagenes_tecnocasa\\anuncio_1168\\8.jpeg', 'imagenes_tecnocasa\\anuncio_1168\\9.jpeg', 'imagenes_tecnocasa\\anuncio_1168\\10.jpeg', 'imagenes_tecnocasa\\anuncio_1168\\11.jpeg', 'imagenes_tecnocasa\\anuncio_1168\\12.jpeg', 'imagenes_tecnocasa\\anuncio_1168\\13.jpeg']",0,Popular,1975,1,0,0,piso,2,Aluche,"Aluche, Madrid",40.392356,-3.7571096,1168,3089.5522388059703,113.0,88.0,0.0,0.0,0.0,0.0,cerámica,pintura,corredera,estándar (2.4-2.8m),nada,3.4,3.2,convencional,"['#F2F2F2', '#D3D3D3', '#B0B0B0']",regular,False,convencional,limitado,ninguno,ninguno,estándar,básica,ninguno,6.4,6.2,ninguna,5
