Enlace,Precio,Dormitorios,Superficie,Num_baños,Descripción,Metro,Renfe,Bus,Farmacia,Bar,Restaurante,Hospital,Supermercado,Tienda,Colegio,Imagenes,Vistas,Estado_conservacion,Garaje,Trastero,Piscina,Terraza_balcon,Seguridad_portero,Etiqueta,Amueblado,Calle_tranquila,Imagenes_locales,Aire acondicionado,Tipo_de_inmueble,Año_de_construccion,Calefaccion,Jardin,Ascensor,Tipo_vivienda,Planta_ordinal,distrito/ciudad,Localización_normalizada,Latitud,Longitud,announcement_id,Precio_m2,Longitud_desc,Riqueza_desc,Polaridad_desc,Subjetividad_desc,Adjetivos_positivos,Urgencia_desc,tipo_suelo,material_pared,tipo_ventana,altura_techo,elementos_estructurales_visibles,nivel_lujo,nivel_modernidad,estilo_principal,paleta_colores,calidad_iluminacion,espacio_abierto,distribucion_espacios,espacios_almacenaje,zonas_exteriores,tecnologia_visible,calidad_bano,equipamiento_cocina,defectos_visibles,nivel_foto_profesional,equilibrio_composicion,distorsion_perspectiva,num_imagenes
https://www.tecnocasa.es/venta/piso/madrid/madrid/618032.html,549000.0,3,105.0,1,"Agencia inmobiliaria de MADRID - ZONA SALAMANCA - FUENTE DEL BERRO - GOYA- Vende vivienda en Calle Pedro Heredia.
Magnífica vivienda exterior en una 3ª planta, muy luminosa, con 9 balcones a la calle. Compuesta por un salón comedor, tres dormitorios amplios, cocina espaciosa independiente y un cuarto de baño completo con plato de ducha.
La vivienda cuenta con calefacción individual de gas y finca con ascensor.
Ubicada a escasos metros de la calle Alcalá y la plaza de Manuel Becerra, cuenta con todo tipo de servicios en los alrededores, como, farmacias, colegios, supermercados, hospitales, zonas ajardinadas, centros deportivos, culturales y una gran red de transporte público.
Tecnocasa dispone de un servicio financiero de consulta gratuita para nuestros clientes.",1,1,1,1,1,1,0,1,1,1,"['https://cdn-media.medialabtc.it/es/agencies/mdas1/estates/618032/images/8909740/gallery_media.jpeg', 'https://cdn-media.medialabtc.it/es/agencies/mdas1/estates/618032/images/8913666/gallery_media.jpeg', 'https://cdn-media.medialabtc.it/es/agencies/mdas1/estates/618032/images/8909742/gallery_media.jpeg', 'https://cdn-media.medialabtc.it/es/agencies/mdas1/estates/618032/images/8909739/gallery_media.jpeg', 'https://cdn-media.medialabtc.it/es/agencies/mdas1/estates/618032/images/8913663/gallery_media.jpeg', 'https://cdn-media.medialabtc.it/es/agencies/mdas1/estates/618032/images/8909729/gallery_media.jpeg', 'https://cdn-media.medialabtc.it/es/agencies/mdas1/estates/618032/images/8909743/gallery_media.jpeg', 'https://cdn-media.medialabtc.it/es/agencies/mdas1/estates/618032/images/8909734/gallery_media.jpeg', 'https://cdn-media.medialabtc.it/es/agencies/mdas1/estates/618032/images/8909744/gallery_media.jpeg', 'https://cdn-media.medialabtc.it/es/agencies/mdas1/estates/618032/images/8909735/gallery_media.jpeg', 'https://cdn-media.medialabtc.it/es/agencies/mdas1/estates/618032/images/8909733/gallery_media.jpeg', 'https://cdn-media.medialabtc.it/es/agencies/mdas1/estates/618032/images/8909736/gallery_media.jpeg', 'https://cdn-media.medialabtc.it/es/agencies/mdas1/estates/618032/images/8909732/gallery_media.jpeg', 'https://cdn-media.medialabtc.it/es/agencies/mdas1/estates/618032/images/8909741/gallery_media.jpeg', 'https://cdn-media.medialabtc.it/es/agencies/mdas1/estates/618032/images/8909745/gallery_media.jpeg', 'https://cdn-media.medialabtc.it/es/agencies/mdas1/estates/618032/images/8913668/gallery_media.jpeg', 'https://cdn-media.medialabtc.it/es/agencies/mdas1/estates/618032/images/8909731/gallery_media.jpeg', 'https://cdn-media.medialabtc.it/es/agencies/mdas1/estates/618032/images/8913667/gallery_media.jpeg', 'https://cdn-media.medialabtc.it/es/agencies/mdas1/estates/618032/images/8909738/gallery_media.jpeg', 'https://cdn-media.medialabtc.it/es/agencies/mdas1/estates/618032/images/8909730/gallery_media.jpeg', 'https://cdn-media.medialabtc.it/es/agencies/mdas1/estates/618032/images/8913662/gallery_media.jpeg', 'https://cdn-media.medialabtc.it/es/agencies/mdas1/estates/618032/images/8976084/gallery_media.jpeg', 'https://cdn-media.medialabtc.it/es/agencies/mdas1/estates/618032/images/8909737/gallery_media.jpeg', 'https://cdn-media.medialabtc.it/es/agencies/mdas1/estates/618032/images/8913664/gallery_media.jpeg', 'https://cdn-media.medialabtc.it/es/agencies/mdas1/estates/618032/images/8909728/gallery_media.jpeg', 'https://cdn-media.medialabtc.it/es/agencies/mdas1/estates/618032/images/8913661/gallery_media.jpeg', 'https://cdn-media.medialabtc.it/es/agencies/mdas1/estates/618032/images/8913665/gallery_media.jpeg']",0,Desconocido,0,0,0,0,0,D,0,0,"['imagenes_tecnocasa\\anuncio_724\\0.jpeg', 'imagenes_tecnocasa\\anuncio_724\\1.jpeg', 'imagenes_tecnocasa\\anuncio_724\\2.jpeg', 'imagenes_tecnocasa\\anuncio_724\\3.jpeg', 'imagenes_tecnocasa\\anuncio_724\\4.jpeg', 'imagenes_tecnocasa\\anuncio_724\\5.jpeg', 'imagenes_tecnocasa\\anuncio_724\\6.jpeg', 'imagenes_tecnocasa\\anuncio_724\\7.jpeg', 'imagenes_tecnocasa\\anuncio_724\\8.jpeg', 'imagenes_tecnocasa\\anuncio_724\\9.jpeg', 'imagenes_tecnocasa\\anuncio_724\\10.jpeg', 'imagenes_tecnocasa\\anuncio_724\\11.jpeg', 'imagenes_tecnocasa\\anuncio_724\\12.jpeg', 'imagenes_tecnocasa\\anuncio_724\\13.jpeg', 'imagenes_tecnocasa\\anuncio_724\\14.jpeg', 'imagenes_tecnocasa\\anuncio_724\\15.jpeg', 'imagenes_tecnocasa\\anuncio_724\\16.jpeg', 'imagenes_tecnocasa\\anuncio_724\\17.jpeg', 'imagenes_tecnocasa\\anuncio_724\\18.jpeg', 'imagenes_tecnocasa\\anuncio_724\\19.jpeg', 'imagenes_tecnocasa\\anuncio_724\\20.jpeg', 'imagenes_tecnocasa\\anuncio_724\\21.jpeg', 'imagenes_tecnocasa\\anuncio_724\\22.jpeg', 'imagenes_tecnocasa\\anuncio_724\\23.jpeg', 'imagenes_tecnocasa\\anuncio_724\\24.jpeg', 'imagenes_tecnocasa\\anuncio_724\\25.jpeg', 'imagenes_tecnocasa\\anuncio_724\\26.jpeg']",1,Media,1964,1,0,1,piso,2,Fuente del Berro,"Fuente Del Berro, Madrid",40.424977,-3.6636998,724,5228.571428571428,119.0,90.0,0.0,0.2,1.0,0.0,parquet,pintura,corredera,estándar (2.4-2.8m),nada,4.6,2.8,clásico,"['#F2E9E1', '#A0522D', '#808080']",buena,False,convencional,limitado,ninguno,ninguno,estándar,básica,ninguno,7.0,7.0,ninguna,5
https://www.tecnocasa.es/venta/piso/madrid/madrid/618977.html,395000.0,2,65.0,1,"Agencia inmobiliaria de MADRID - ZONA SALAMANCA - FUENTE DEL BERRO - GOYA- VENDE vivienda en Calle Vizconde de Matamala.
Estupenda vivienda exterior en una 5ª planta, muy por salón, cocina, dos dormitorios, un comedor / habitación de servicio y un cuarto de baño completo con plato de ducha y una terraza con acceso desde el salón y desde uno de los dormitorios.
La finca cuenta con ascensor.
Ubicada a escasos metros de la calle Alcalá y la plaza de Manuel Becerra, cuenta con todo tipo de servicios en los alrededores, como, farmacias, colegios, supermercados, hospitales, zonas ajardinadas, centros deportivos, culturales y una gran red de transporte público.
Tecnocasa dispone de un servicio financiero de consulta gratuita para nuestros clientes.",1,1,1,1,1,1,1,1,1,1,"['https://cdn-media.medialabtc.it/es/agencies/mdas1/estates/618977/images/8932618/gallery_media.jpeg', 'https://cdn-media.medialabtc.it/es/agencies/mdas1/estates/618977/images/8976085/gallery_media.jpeg', 'https://cdn-media.medialabtc.it/es/agencies/mdas1/estates/618977/images/8932606/gallery_media.jpeg', 'https://cdn-media.medialabtc.it/es/agencies/mdas1/estates/618977/images/8932654/gallery_media.jpeg', 'https://cdn-media.medialabtc.it/es/agencies/mdas1/estates/618977/images/8932602/gallery_media.jpeg', 'https://cdn-media.medialabtc.it/es/agencies/mdas1/estates/618977/images/8932657/gallery_media.jpeg', 'https://cdn-media.medialabtc.it/es/agencies/mdas1/estates/618977/images/8932607/gallery_media.jpeg', 'https://cdn-media.medialabtc.it/es/agencies/mdas1/estates/618977/images/8932603/gallery_media.jpeg', 'https://cdn-media.medialabtc.it/es/agencies/mdas1/estates/618977/images/8932600/gallery_media.jpeg', 'https://cdn-media.medialabtc.it/es/agencies/mdas1/estates/618977/images/8932656/gallery_media.jpeg', 'https://cdn-media.medialabtc.it/es/agencies/mdas1/estates/618977/images/8932601/gallery_media.jpeg', 'https://cdn-media.medialabtc.it/es/agencies/mdas1/estates/618977/images/8932614/gallery_media.jpeg', 'https://cdn-media.medialabtc.it/es/agencies/mdas1/estates/618977/images/8932655/gallery_media.jpeg', 'https://cdn-media.medialabtc.it/es/agencies/mdas1/estates/618977/images/8932619/gallery_media.jpeg', 'https://cdn-media.medialabtc.it/es/agencies/mdas1/estates/618977/images/8932617/gallery_media.jpeg', 'https://cdn-media.medialabtc.it/es/agencies/mdas1/estates/618977/images/8932660/gallery_media.jpeg', 'https://cdn-media.medialabtc.it/es/agencies/mdas1/estates/618977/images/8932604/gallery_media.jpeg', 'https://cdn-media.medialabtc.it/es/agencies/mdas1/estates/618977/images/8932605/gallery_media.jpeg', 'https://cdn-media.medialabtc.it/es/agencies/mdas1/estates/618977/images/8932612/gallery_media.jpeg', 'https://cdn-media.medialabtc.it/es/agencies/mdas1/estates/618977/images/8932616/gallery_media.jpeg', 'https://cdn-media.medialabtc.it/es/agencies/mdas1/estates/618977/images/8932610/gallery_media.jpeg', 'https://cdn-media.medialabtc.it/es/agencies/mdas1/estates/618977/images/8932613/gallery_media.jpeg', 'https://cdn-media.medialabtc.it/es/agencies/mdas1/estates/618977/images/8932608/gallery_media.jpeg', 'https://cdn-media.medialabtc.it/es/agencies/mdas1/estates/618977/images/8932611/gallery_media.jpeg', 'https://cdn-media.medialabtc.it/es/agencies/mdas1/estates/618977/images/8932659/gallery_media.jpeg', 'https://cdn-media.medialabtc.it/es/agencies/mdas1/estates/618977/images/8932658/gallery_media.jpeg', 'https://cdn-media.medialabtc.it/es/agencies/mdas1/estates/618977/images/8932615/gallery_media.jpeg', 'https://cdn-media.medialabtc.it/es/agencies/mdas1/estates/618977/images/8932609/gallery_media.jpeg']",0,Desconocido,0,0,0,1,0,E,0,0,"['imagenes_tecnocasa\\anuncio_725\\0.jpeg', 'imagenes_tecnocasa\\anuncio_725\\1.jpeg', 'imagenes_tecnocasa\\anuncio_725\\2.jpeg', 'imagenes_tecnocasa\\anuncio_725\\3.jpeg', 'imagenes_tecnocasa\\anuncio_725\\4.jpeg', 'imagenes_tecnocasa\\anuncio_725\\5.jpeg', 'imagenes_tecnocasa\\anuncio_725\\6.jpeg', 'imagenes_tecnocasa\\anuncio_725\\7.jpeg', 'imagenes_tecnocasa\\anuncio_725\\8.jpeg', 'imagenes_tecnocasa\\anuncio_725\\9.jpeg', 'imagenes_tecnocasa\\anuncio_725\\10.jpeg', 'imagenes_tecnocasa\\anuncio_725\\11.jpeg', 'imagenes_tecnocasa\\anuncio_725\\12.jpeg', 'imagenes_tecnocasa\\anuncio_725\\13.jpeg', 'imagenes_tecnocasa\\anuncio_725\\14.jpeg', 'imagenes_tecnocasa\\anuncio_725\\15.jpeg', 'imagenes_tecnocasa\\anuncio_725\\16.jpeg', 'imagenes_tecnocasa\\anuncio_725\\17.jpeg', 'imagenes_tecnocasa\\anuncio_725\\18.jpeg', 'imagenes_tecnocasa\\anuncio_725\\19.jpeg', 'imagenes_tecnocasa\\anuncio_725\\20.jpeg', 'imagenes_tecnocasa\\anuncio_725\\21.jpeg', 'imagenes_tecnocasa\\anuncio_725\\22.jpeg', 'imagenes_tecnocasa\\anuncio_725\\23.jpeg', 'imagenes_tecnocasa\\anuncio_725\\24.jpeg', 'imagenes_tecnocasa\\anuncio_725\\25.jpeg', 'imagenes_tecnocasa\\anuncio_725\\26.jpeg', 'imagenes_tecnocasa\\anuncio_725\\27.jpeg']",0,Media,1952,1,0,1,piso,2,Fuente del Berro,"Fuente Del Berro, Madrid",40.424977,-3.6636998,725,6076.923076923077,120.0,88.0,0.0,0.0,0.0,0.0,cerámica,pintura,ninguna,estándar (2.4-2.8m),nada,4.4,4.6,convencional,"['#FFFFFF', '#D2B48C', '#A0522D']",regular,False,convencional,limitado,ninguno,ninguno,estándar,básica,ninguno,6.2,6.8,ninguna,5
https://www.tecnocasa.es/venta/piso/madrid/las-rozas-de-madrid/620114.html,379000.0,1,76.0,1,"Inmobiliaria en Las Rozas De Madrid - Tecnocasa Estudio Las Rozas Parque París Sl vende magnífica vivienda TOTALMENTE REFORMADA y con vistas a la Sierra de Madrid con 1 dormitorio y 1 cuarto de baño en una fabulosa urbanización con piscina, pista de pádel y servicio de conserjería en una zona privilegia de la ciudad de Las Rozas de Madrid: en plena frontera entre Majadahonda y Las Rozas.
El piso cuenta con un recibidor/distribuidor que da paso a una gran y luminosa sala de estar que combina a la perfección los ambientes de salón y de comedor, con una fabulosa vista a la Sierra de Madrid a través de unos ventanales de doble acristalamiento con rotura de puente térmico y sonoro, toldos eléctricos y mosquitera; concluyendo con una magnífica cocina de estilo americano con muebles hechos a medida y caldera independiente eléctrica y calefacción por bomba de calor y frío.
La vivienda dispone de un fabuloso dormitorio con dos líneas de armarios empotrados, una de ellas en vestidor, y ventana con vistas y una fabulosa iluminación directa, concluyendo en un cuarto de baño en suite con puerta de apertura corredera y plato de ducha, todo totalmente reformado. Además, la vivienda cuenta con sistema de ventilación y aire acondicionado por conductos, con la máquina en el tejado.
El inmueble se vende con una fabulosa plaza de garaje y un magnífico trastero; además de todos los servicios y las comodidades que ofrece una urbanización con zonas comunes, piscina, pista de pádel, servicio de conserjería y zonas verdes. Además, su ubicación es uno de los mayores atractivos de la vivienda: su zona cosmopolita, con todos los servicios a escasos metros de distancia, disponiendo de una infinidad de zonas verdes y parques públicos para disfrutar, zonas comerciales (un Supercor a escasos metros), restaurantes y bares; pero también estando a pocos minutos a pie tanto del centro de Las Rozas de Madrid como de Majadahonda.
Además, por su localización, nos encontramos a pocos minutos en vehículo de grandes centros comerciales de la zona (como el . Gran Plaza 2, el . Heron City, el . Burgo Centro o Las Rozas Village); todo ello sin olvidar su proximidad a las principales vías y carreteras de circunvalación (como la A-6 o la M-40); o de los principales pulmones del municipio: como el Parque París, la Avenida de España o la Parroquia de la Visitación.
POSIBILIDAD DE FINANCIACION CON NUESTRO DEPARTAMENTO FINANCIERO: KIRON. No lo dudes y contáctanos para venir a visitarlo.",0,1,1,1,0,1,1,1,1,1,"['https://cdn-media.medialabtc.it/es/agencies/md591/estates/620114/images/8954034/gallery_media.jpeg', 'https://cdn-media.medialabtc.it/es/agencies/md591/estates/620114/images/8954023/gallery_media.jpeg', 'https://cdn-media.medialabtc.it/es/agencies/md591/estates/620114/images/8954011/gallery_media.jpeg', 'https://cdn-media.medialabtc.it/es/agencies/md591/estates/620114/images/8954019/gallery_media.jpeg', 'https://cdn-media.medialabtc.it/es/agencies/md591/estates/620114/images/8954025/gallery_media.jpeg', 'https://cdn-media.medialabtc.it/es/agencies/md591/estates/620114/images/8954022/gallery_media.jpeg', 'https://cdn-media.medialabtc.it/es/agencies/md591/estates/620114/images/8954018/gallery_media.jpeg', 'https://cdn-media.medialabtc.it/es/agencies/md591/estates/620114/images/8954026/gallery_media.jpeg', 'https://cdn-media.medialabtc.it/es/agencies/md591/estates/620114/images/8954033/gallery_media.jpeg', 'https://cdn-media.medialabtc.it/es/agencies/md591/estates/620114/images/8953974/gallery_media.jpeg', 'https://cdn-media.medialabtc.it/es/agencies/md591/estates/620114/images/8954016/gallery_media.jpeg', 'https://cdn-media.medialabtc.it/es/agencies/md591/estates/620114/images/8954020/gallery_media.jpeg', 'https://cdn-media.medialabtc.it/es/agencies/md591/estates/620114/images/8954017/gallery_media.jpeg', 'https://cdn-media.medialabtc.it/es/agencies/md591/estates/620114/images/8954029/gallery_media.jpeg', 'https://cdn-media.medialabtc.it/es/agencies/md591/estates/620114/images/8953973/gallery_media.jpeg', 'https://cdn-media.medialabtc.it/es/agencies/md591/estates/620114/images/8954035/gallery_media.jpeg', 'https://cdn-media.medialabtc.it/es/agencies/md591/estates/620114/images/8954015/gallery_media.jpeg', 'https://cdn-media.medialabtc.it/es/agencies/md591/estates/620114/images/8954031/gallery_media.jpeg', 'https://cdn-media.medialabtc.it/es/agencies/md591/estates/620114/images/8954012/gallery_media.jpeg', 'https://cdn-media.medialabtc.it/es/agencies/md591/estates/620114/images/8954014/gallery_media.jpeg', 'https://cdn-media.medialabtc.it/es/agencies/md591/estates/620114/images/8954028/gallery_media.jpeg', 'https://cdn-media.medialabtc.it/es/agencies/md591/estates/620114/images/8953975/gallery_media.jpeg', 'https://cdn-media.medialabtc.it/es/agencies/md591/estates/620114/images/8954030/gallery_media.jpeg', 'https://cdn-media.medialabtc.it/es/agencies/md591/estates/620114/images/8954032/gallery_media.jpeg', 'https://cdn-media.medialabtc.it/es/agencies/md591/estates/620114/images/8954013/gallery_media.jpeg', 'https://cdn-media.medialabtc.it/es/agencies/md591/estates/620114/images/8954024/gallery_media.jpeg', 'https://cdn-media.medialabtc.it/es/agencies/md591/estates/620114/images/8954010/gallery_media.jpeg', 'https://cdn-media.medialabtc.it/es/agencies/md591/estates/620114/images/8954027/gallery_media.jpeg', 'https://cdn-media.medialabtc.it/es/agencies/md591/estates/620114/images/8954021/gallery_media.jpeg']",1,Reformado,1,1,1,0,0,E,1,0,"['imagenes_tecnocasa\\anuncio_726\\0.jpeg', 'imagenes_tecnocasa\\anuncio_726\\1.jpeg', 'imagenes_tecnocasa\\anuncio_726\\2.jpeg', 'imagenes_tecnocasa\\anuncio_726\\3.jpeg', 'imagenes_tecnocasa\\anuncio_726\\4.jpeg', 'imagenes_tecnocasa\\anuncio_726\\5.jpeg', 'imagenes_tecnocasa\\anuncio_726\\6.jpeg', 'imagenes_tecnocasa\\anuncio_726\\7.jpeg', 'imagenes_tecnocasa\\anuncio_726\\8.jpeg', 'imagenes_tecnocasa\\anuncio_726\\9.jpeg', 'imagenes_tecnocasa\\anuncio_726\\10.jpeg', 'imagenes_tecnocasa\\anuncio_726\\11.jpeg', 'imagenes_tecnocasa\\anuncio_726\\12.jpeg', 'imagenes_tecnocasa\\anuncio_726\\13.jpeg', 'imagenes_tecnocasa\\anuncio_726\\14.jpeg', 'imagenes_tecnocasa\\anuncio_726\\15.jpeg', 'imagenes_tecnocasa\\anuncio_726\\16.jpeg', 'imagenes_tecnocasa\\anuncio_726\\17.jpeg', 'imagenes_tecnocasa\\anuncio_726\\18.jpeg', 'imagenes_tecnocasa\\anuncio_726\\19.jpeg', 'imagenes_tecnocasa\\anuncio_726\\20.jpeg', 'imagenes_tecnocasa\\anuncio_726\\21.jpeg', 'imagenes_tecnocasa\\anuncio_726\\22.jpeg', 'imagenes_tecnocasa\\anuncio_726\\23.jpeg', 'imagenes_tecnocasa\\anuncio_726\\24.jpeg', 'imagenes_tecnocasa\\anuncio_726\\25.jpeg', 'imagenes_tecnocasa\\anuncio_726\\26.jpeg', 'imagenes_tecnocasa\\anuncio_726\\27.jpeg', 'imagenes_tecnocasa\\anuncio_726\\28.jpeg']",1,Señorial,2001,1,0,1,piso,2,Las Rozas De Madrid,Las Rozas De Madrid,40.4933095,-3.8758396,726,4986.8421052631575,414.0,220.0,0.0,0.0,1.0,0.0,parquet,pintura,corredera,estándar (2.4-2.8m),nada,5.6,5.8,moderno,"['#FFFFFF', '#F2E8CF', '#FFD700']",buena,True,convencional,normal,ninguno,ninguno,estándar,parcialmente equipada,ninguno,8.4,7.4,ninguna,5
https://www.tecnocasa.es/venta/piso/madrid/las-rozas-de-madrid/619316.html,367000.0,2,113.0,1,"Inmobiliaria en Las Rozas De Madrid - Tecnocasa Estudio Las Rozas Estación Slu vende magnífico ático reformado y listo para entrar a vivir de 2 dormitorios y 1 cuarto de baño en pleno centro de Las Rozas de Madrid, en bloque con ascensor y con plaza de garaje en el mismo edificio.
La vivienda cuenta con un recibidor/distribuidor con acceso directo a una amplia y luminosa cocina de gran dimensión y reformada parcialmente, dejando al comprador la decisión de muebles y electrodomésticos a instalar. La casa dispone de un fabuloso e inmenso salón-comedor, con muy buena iluminación y vistas hacia la Avenida Pocito de las Nieves. El piso da paso a un distribuidor que conecta con los dos dormitorios, ambos con armarios empotrados, y un cuarto de baño en el pasillo de distribución, también actualizado y totalmente reformado; con bañera y bidé.
El piso se vende con una amplia plaza de garaje en su mismo bloque y gracias a su céntrica ubicación, la vivienda es un enclave privilegiado que se encuentra a 1 minuto a pie de la Calle Real, el centro neurálgico de la ciudad, contando con todos los servicios y comodidades a pocos minutos andando: supermercados, amplia oferta de restauración y ocio, paradas de autobús y proximidad a la estación de RENFE. Además, por su localización, nos encontramos a pocos minutos en vehículo de grandes centros comerciales de la zona (como el . Gran Plaza 2, el . Heron City, el . Burgo Centro o Las Rozas Village); todo ello sin olvidar su proximidad a las principales vías y carreteras de circunvalación (como la A-6 o la M-40).
POSIBILIDAD DE FINANCIACION CON NUESTRO DEPARTAMENTO FINANCIERO: KIRON.
No lo dudes y contáctanos para venir a visitarlo.",0,1,1,1,1,1,0,1,1,1,"['https://cdn-media.medialabtc.it/es/agencies/md591/estates/619316/images/8953290/gallery_media.jpeg', 'https://cdn-media.medialabtc.it/es/agencies/md591/estates/619316/images/8953288/gallery_media.jpeg', 'https://cdn-media.medialabtc.it/es/agencies/md591/estates/619316/images/8953287/gallery_media.jpeg', 'https://cdn-media.medialabtc.it/es/agencies/md591/estates/619316/images/8953281/gallery_media.jpeg', 'https://cdn-media.medialabtc.it/es/agencies/md591/estates/619316/images/8953291/gallery_media.jpeg', 'https://cdn-media.medialabtc.it/es/agencies/md591/estates/619316/images/8953277/gallery_media.jpeg', 'https://cdn-media.medialabtc.it/es/agencies/md591/estates/619316/images/8953272/gallery_media.jpeg', 'https://cdn-media.medialabtc.it/es/agencies/md591/estates/619316/images/8953284/gallery_media.jpeg', 'https://cdn-media.medialabtc.it/es/agencies/md591/estates/619316/images/8953268/gallery_media.jpeg', 'https://cdn-media.medialabtc.it/es/agencies/md591/estates/619316/images/8953286/gallery_media.jpeg', 'https://cdn-media.medialabtc.it/es/agencies/md591/estates/619316/images/8953276/gallery_media.jpeg', 'https://cdn-media.medialabtc.it/es/agencies/md591/estates/619316/images/8953294/gallery_media.jpeg', 'https://cdn-media.medialabtc.it/es/agencies/md591/estates/619316/images/8953275/gallery_media.jpeg', 'https://cdn-media.medialabtc.it/es/agencies/md591/estates/619316/images/8953267/gallery_media.jpeg', 'https://cdn-media.medialabtc.it/es/agencies/md591/estates/619316/images/8953266/gallery_media.jpeg', 'https://cdn-media.medialabtc.it/es/agencies/md591/estates/619316/images/8953270/gallery_media.jpeg', 'https://cdn-media.medialabtc.it/es/agencies/md591/estates/619316/images/8953295/gallery_media.jpeg', 'https://cdn-media.medialabtc.it/es/agencies/md591/estates/619316/images/8953274/gallery_media.jpeg', 'https://cdn-media.medialabtc.it/es/agencies/md591/estates/619316/images/8953283/gallery_media.jpeg', 'https://cdn-media.medialabtc.it/es/agencies/md591/estates/619316/images/8953289/gallery_media.jpeg', 'https://cdn-media.medialabtc.it/es/agencies/md591/estates/619316/images/8953282/gallery_media.jpeg', 'https://cdn-media.medialabtc.it/es/agencies/md591/estates/619316/images/8953279/gallery_media.jpeg', 'https://cdn-media.medialabtc.it/es/agencies/md591/estates/619316/images/8953293/gallery_media.jpeg', 'https://cdn-media.medialabtc.it/es/agencies/md591/estates/619316/images/8953269/gallery_media.jpeg', 'https://cdn-media.medialabtc.it/es/agencies/md591/estates/619316/images/8953278/gallery_media.jpeg', 'https://cdn-media.medialabtc.it/es/agencies/md591/estates/619316/images/8953292/gallery_media.jpeg', 'https://cdn-media.medialabtc.it/es/agencies/md591/estates/619316/images/8953273/gallery_media.jpeg', 'https://cdn-media.medialabtc.it/es/agencies/md591/estates/619316/images/8953271/gallery_media.jpeg', 'https://cdn-media.medialabtc.it/es/agencies/md591/estates/619316/images/8953285/gallery_media.jpeg', 'https://cdn-media.medialabtc.it/es/agencies/md591/estates/619316/images/8953280/gallery_media.jpeg']",1,Reformado,1,0,0,0,0,Desconocida,0,0,"['imagenes_tecnocasa\\anuncio_727\\0.jpeg', 'imagenes_tecnocasa\\anuncio_727\\1.jpeg', 'imagenes_tecnocasa\\anuncio_727\\2.jpeg', 'imagenes_tecnocasa\\anuncio_727\\3.jpeg', 'imagenes_tecnocasa\\anuncio_727\\4.jpeg', 'imagenes_tecnocasa\\anuncio_727\\5.jpeg', 'imagenes_tecnocasa\\anuncio_727\\6.jpeg', 'imagenes_tecnocasa\\anuncio_727\\7.jpeg', 'imagenes_tecnocasa\\anuncio_727\\8.jpeg', 'imagenes_tecnocasa\\anuncio_727\\9.jpeg', 'imagenes_tecnocasa\\anuncio_727\\10.jpeg', 'imagenes_tecnocasa\\anuncio_727\\11.jpeg', 'imagenes_tecnocasa\\anuncio_727\\12.jpeg', 'imagenes_tecnocasa\\anuncio_727\\13.jpeg', 'imagenes_tecnocasa\\anuncio_727\\14.jpeg', 'imagenes_tecnocasa\\anuncio_727\\15.jpeg', 'imagenes_tecnocasa\\anuncio_727\\16.jpeg', 'imagenes_tecnocasa\\anuncio_727\\17.jpeg', 'imagenes_tecnocasa\\anuncio_727\\18.jpeg', 'imagenes_tecnocasa\\anuncio_727\\19.jpeg', 'imagenes_tecnocasa\\anuncio_727\\20.jpeg', 'imagenes_tecnocasa\\anuncio_727\\21.jpeg', 'imagenes_tecnocasa\\anuncio_727\\22.jpeg', 'imagenes_tecnocasa\\anuncio_727\\23.jpeg', 'imagenes_tecnocasa\\anuncio_727\\24.jpeg', 'imagenes_tecnocasa\\anuncio_727\\25.jpeg', 'imagenes_tecnocasa\\anuncio_727\\26.jpeg', 'imagenes_tecnocasa\\anuncio_727\\27.jpeg', 'imagenes_tecnocasa\\anuncio_727\\28.jpeg', 'imagenes_tecnocasa\\anuncio_727\\29.jpeg']",1,Popular,1997,1,0,1,piso,3,Las Rozas De Madrid,Las Rozas De Madrid,40.4933095,-3.8758396,727,3247.787610619469,287.0,173.0,0.2,0.30000000000000004,1.0,0.0,otro,pintura,corredera,estándar (2.4-2.8m),nada,3.6,4.6,moderno,"['#FFFFFF', '#D2B48C', '#808080']",buena,False,convencional,limitado,ninguno,ninguno,estándar,básica,ninguno,7.8,6.8,ninguna,5
https://www.tecnocasa.es/venta/piso/madrid/las-rozas-de-madrid/617659.html,345000.0,3,79.0,1,"Inmobiliaria en Las Rozas De Madrid - Tecnocasa Estudio Las Rozas Estación Slu vende magnífica vivienda TOTALMENTE REFORMADA de 3 dormitorios, 1 cuarto de baño y 1 amplia terraza en pleno corazón de Las Rozas de Madrid: a menos de 50 metros de la Calle Real. El inmueble se vende también con cuarto trastero propio e independiente ubicado en el mismo bloque.
La casa se encuentra en un céntrico edificio de Las Rozas de Madrid, con pocos vecinos y muy tranquilo. Accedemos directamente a la zona de salón-comedor, totalmente diáfana y con espacios abiertos; logrando integrar con gran acierto un salón comedor luminoso y cómodo con zona de distribuidor y acceso a la fabulosa terraza de la vivienda, todo ello sin resultar angosto ni agobiante.
Conectando el salón/comedor, la cocina es una perfecta prolongación que, sin ser de estilo americano, logra aprovechar los espacios sacando una barra de desayuno y comedor, y ubicar todos sus electrodomésticos y una gran cantidad de armarios y espacio de almacenamiento.
El inmueble cuenta con tres dormitorios: un principal, de mayor tamaño y con armario empotrado; un secundario, también con armario empotrado y buena distribución; y un tercer dormitorio, perfecto para un despacho, pero que está ideado para poder albergar también una cama. El cuarto de baño es un auténtico capricho de reforma: con plato de ducha en hidromasaje, juego de luces en secciones y un buen gusto soberbio.
Toda la casa ha sido íntegramente reformada con materiales de alta calidad y luce espectacular tanto para aquel comprador que la quiera como inversión como para el que vaya a vivir en ella, buscando la comodidad y la eficiencia absoluta de quien viva en ella. El piso se vende también con un amplio cuarto trastero en el mismo bloque de la vivienda.
Gracias a su céntrica ubicación, la vivienda es un enclave privilegiado que se encuentra a 1 minuto a pie de la Calle Real, el centro neurálgico de la ciudad, contando con todos los servicios y comodidades a pocos minutos andando: supermercados, amplia oferta de restauración y ocio, paradas de autobús y proximidad a la estación de RENFE. Además, por su localización, nos encontramos a pocos minutos en vehículo de grandes centros comerciales de la zona (como el . Gran Plaza 2, el . Heron City, el . Burgo Centro o Las Rozas Village); todo ello sin olvidar su proximidad a las principales vías y carreteras de circunvalación (como la A-6 o la M-40).
POSIBILIDAD DE FINANCIACION CON NUESTRO DEPARTAMENTO FINANCIERO: KIRON. No lo dudes y contáctanos para venir a visitarlo.",0,1,1,1,1,1,0,1,1,1,"['https://cdn-media.medialabtc.it/es/agencies/md591/estates/617659/images/8920674/gallery_media.jpeg', 'https://cdn-media.medialabtc.it/es/agencies/md591/estates/617659/images/8920651/gallery_media.jpeg', 'https://cdn-media.medialabtc.it/es/agencies/md591/estates/617659/images/8920665/gallery_media.jpeg', 'https://cdn-media.medialabtc.it/es/agencies/md591/estates/617659/images/8920670/gallery_media.jpeg', 'https://cdn-media.medialabtc.it/es/agencies/md591/estates/617659/images/8920664/gallery_media.jpeg', 'https://cdn-media.medialabtc.it/es/agencies/md591/estates/617659/images/8920668/gallery_media.jpeg', 'https://cdn-media.medialabtc.it/es/agencies/md591/estates/617659/images/8920648/gallery_media.jpeg', 'https://cdn-media.medialabtc.it/es/agencies/md591/estates/617659/images/8920653/gallery_media.jpeg', 'https://cdn-media.medialabtc.it/es/agencies/md591/estates/617659/images/8920652/gallery_media.jpeg', 'https://cdn-media.medialabtc.it/es/agencies/md591/estates/617659/images/8920650/gallery_media.jpeg', 'https://cdn-media.medialabtc.it/es/agencies/md591/estates/617659/images/8920654/gallery_media.jpeg', 'https://cdn-media.medialabtc.it/es/agencies/md591/estates/617659/images/8920649/gallery_media.jpeg', 'https://cdn-media.medialabtc.it/es/agencies/md591/estates/617659/images/8920671/gallery_media.jpeg', 'https://cdn-media.medialabtc.it/es/agencies/md591/estates/617659/images/8920673/gallery_media.jpeg', 'https://cdn-media.medialabtc.it/es/agencies/md591/estates/617659/images/8920675/gallery_media.jpeg', 'https://cdn-media.medialabtc.it/es/agencies/md591/estates/617659/images/8920655/gallery_media.jpeg', 'https://cdn-media.medialabtc.it/es/agencies/md591/estates/617659/images/8920660/gallery_media.jpeg', 'https://cdn-media.medialabtc.it/es/agencies/md591/estates/617659/images/8920659/gallery_media.jpeg', 'https://cdn-media.medialabtc.it/es/agencies/md591/estates/617659/images/8920669/gallery_media.jpeg', 'https://cdn-media.medialabtc.it/es/agencies/md591/estates/617659/images/8920676/gallery_media.jpeg', 'https://cdn-media.medialabtc.it/es/agencies/md591/estates/617659/images/8920663/gallery_media.jpeg', 'https://cdn-media.medialabtc.it/es/agencies/md591/estates/617659/images/8920667/gallery_media.jpeg', 'https://cdn-media.medialabtc.it/es/agencies/md591/estates/617659/images/8920656/gallery_media.jpeg', 'https://cdn-media.medialabtc.it/es/agencies/md591/estates/617659/images/8920658/gallery_media.jpeg', 'https://cdn-media.medialabtc.it/es/agencies/md591/estates/617659/images/8920661/gallery_media.jpeg', 'https://cdn-media.medialabtc.it/es/agencies/md591/estates/617659/images/8920647/gallery_media.jpeg', 'https://cdn-media.medialabtc.it/es/agencies/md591/estates/617659/images/8920666/gallery_media.jpeg', 'https://cdn-media.medialabtc.it/es/agencies/md591/estates/617659/images/8920662/gallery_media.jpeg', 'https://cdn-media.medialabtc.it/es/agencies/md591/estates/617659/images/8920657/gallery_media.jpeg', 'https://cdn-media.medialabtc.it/es/agencies/md591/estates/617659/images/8920672/gallery_media.jpeg']",0,Desconocido,0,1,0,1,0,E,0,0,"['imagenes_tecnocasa\\anuncio_728\\0.jpeg', 'imagenes_tecnocasa\\anuncio_728\\1.jpeg', 'imagenes_tecnocasa\\anuncio_728\\2.jpeg', 'imagenes_tecnocasa\\anuncio_728\\3.jpeg', 'imagenes_tecnocasa\\anuncio_728\\4.jpeg', 'imagenes_tecnocasa\\anuncio_728\\5.jpeg', 'imagenes_tecnocasa\\anuncio_728\\6.jpeg', 'imagenes_tecnocasa\\anuncio_728\\7.jpeg', 'imagenes_tecnocasa\\anuncio_728\\8.jpeg', 'imagenes_tecnocasa\\anuncio_728\\9.jpeg', 'imagenes_tecnocasa\\anuncio_728\\10.jpeg', 'imagenes_tecnocasa\\anuncio_728\\11.jpeg', 'imagenes_tecnocasa\\anuncio_728\\12.jpeg', 'imagenes_tecnocasa\\anuncio_728\\13.jpeg', 'imagenes_tecnocasa\\anuncio_728\\14.jpeg', 'imagenes_tecnocasa\\anuncio_728\\15.jpeg', 'imagenes_tecnocasa\\anuncio_728\\16.jpeg', 'imagenes_tecnocasa\\anuncio_728\\17.jpeg', 'imagenes_tecnocasa\\anuncio_728\\18.jpeg', 'imagenes_tecnocasa\\anuncio_728\\19.jpeg', 'imagenes_tecnocasa\\anuncio_728\\20.jpeg', 'imagenes_tecnocasa\\anuncio_728\\21.jpeg', 'imagenes_tecnocasa\\anuncio_728\\22.jpeg', 'imagenes_tecnocasa\\anuncio_728\\23.jpeg', 'imagenes_tecnocasa\\anuncio_728\\24.jpeg', 'imagenes_tecnocasa\\anuncio_728\\25.jpeg', 'imagenes_tecnocasa\\anuncio_728\\26.jpeg', 'imagenes_tecnocasa\\anuncio_728\\27.jpeg', 'imagenes_tecnocasa\\anuncio_728\\28.jpeg', 'imagenes_tecnocasa\\anuncio_728\\29.jpeg']",0,De época,1987,0,0,0,piso,2,Las Rozas De Madrid,Las Rozas De Madrid,40.4933095,-3.8758396,728,4367.088607594937,426.0,246.0,0.2,0.30000000000000004,4.0,0.0,parquet,pintura,corredera,estándar (2.4-2.8m),nada,6.4,7.8,moderno,"['#F2F2F2', '#A08A69', '#FFFFFF']",buena,True,eficiente,normal,ninguno,ninguno,estándar,parcialmente equipada,ninguno,9.0,8.0,ninguna,5
https://www.tecnocasa.es/venta/piso/madrid/madrid/620821.html,310000.0,3,122.0,2,"Agencia inmobiliaria de MADRID VALLECAS - Zona PALOMERAS SURESTE - Oficina TECNOCASA

Vende piso exterior ubicado en la Avda. Pablo Neruda, muy luminoso con plaza de garaje incluida en el precio, de tres dormitorios, un aseo y un cuarto de baño con plato de ducha.
Edificio adaptado a personas de movilidad reducida.

TECNOCASA → PALOMERAS SURESTE - PORTAZGO.

Hall recibidor que sirve como distribuidor entre la cocina y el salón - comedor.
Salón - comedor con salida a una terraza muy agradable, cocina de formato alargado de gran tamaño con un tendedero.

Tres dormitorios amplios, dos de ellos con armario empotrado.
Dispone de un cuarto de baño y un aseo.
Calefacción individual con gas natural.

La vivienda se encuentra en una zona con muy buena comunicación, a escasos metros de la Avda. de Miguel Hernández y de la Avda. Buenos Aires. Fácil y rápido acceso a las principales vías de entrada y salida de Madrid. Conexión M-30, M-40 y A-3. Excelente comunicación por autobuses, metro y Renfe.

Con todos los servicios como centros de salud, farmacias, colegios, institutos, bancos, supermercado, polideportivos…

Si se ajusta a sus criterios y busca una buena oportunidad esta vivienda puede ser la suya, venga a verla, y si necesita financiación quedan a su disposición nuestros compañeros del departamento financiero Kíron para ofrecerle la mejor opción de financiación.
¡No dude en venir a verlo!

Muchas gracias por su confianza.",1,1,1,1,1,1,0,1,0,1,"['https://cdn-media.medialabtc.it/es/agencies/md099/estates/620821/images/8975355/gallery_media.jpeg', 'https://cdn-media.medialabtc.it/es/agencies/md099/estates/620821/images/8975350/gallery_media.jpeg', 'https://cdn-media.medialabtc.it/es/agencies/md099/estates/620821/images/8975361/gallery_media.jpeg', 'https://cdn-media.medialabtc.it/es/agencies/md099/estates/620821/images/8975346/gallery_media.jpeg', 'https://cdn-media.medialabtc.it/es/agencies/md099/estates/620821/images/8975349/gallery_media.jpeg', 'https://cdn-media.medialabtc.it/es/agencies/md099/estates/620821/images/8975357/gallery_media.jpeg', 'https://cdn-media.medialabtc.it/es/agencies/md099/estates/620821/images/8975345/gallery_media.jpeg', 'https://cdn-media.medialabtc.it/es/agencies/md099/estates/620821/images/8975360/gallery_media.jpeg', 'https://cdn-media.medialabtc.it/es/agencies/md099/estates/620821/images/8975347/gallery_media.jpeg', 'https://cdn-media.medialabtc.it/es/agencies/md099/estates/620821/images/8975362/gallery_media.jpeg', 'https://cdn-media.medialabtc.it/es/agencies/md099/estates/620821/images/8975359/gallery_media.jpeg', 'https://cdn-media.medialabtc.it/es/agencies/md099/estates/620821/images/8975344/gallery_media.jpeg', 'https://cdn-media.medialabtc.it/es/agencies/md099/estates/620821/images/8975348/gallery_media.jpeg', 'https://cdn-media.medialabtc.it/es/agencies/md099/estates/620821/images/8975354/gallery_media.jpeg', 'https://cdn-media.medialabtc.it/es/agencies/md099/estates/620821/images/8975352/gallery_media.jpeg', 'https://cdn-media.medialabtc.it/es/agencies/md099/estates/620821/images/8975358/gallery_media.jpeg', 'https://cdn-media.medialabtc.it/es/agencies/md099/estates/620821/images/8975351/gallery_media.jpeg', 'https://cdn-media.medialabtc.it/es/agencies/md099/estates/620821/images/8975339/gallery_media.jpeg', 'https://cdn-media.medialabtc.it/es/agencies/md099/estates/620821/images/8975363/gallery_media.jpeg', 'https://cdn-media.medialabtc.it/es/agencies/md099/estates/620821/images/8975356/gallery_media.jpeg', 'https://cdn-media.medialabtc.it/es/agencies/md099/estates/620821/images/8975353/gallery_media.jpeg']",0,Desconocido,1,0,0,1,0,Desconocida,0,0,"['imagenes_tecnocasa\\anuncio_730\\0.jpeg', 'imagenes_tecnocasa\\anuncio_730\\1.jpeg', 'imagenes_tecnocasa\\anuncio_730\\2.jpeg', 'imagenes_tecnocasa\\anuncio_730\\3.jpeg', 'imagenes_tecnocasa\\anuncio_730\\4.jpeg', 'imagenes_tecnocasa\\anuncio_730\\5.jpeg', 'imagenes_tecnocasa\\anuncio_730\\6.jpeg', 'imagenes_tecnocasa\\anuncio_730\\7.jpeg', 'imagenes_tecnocasa\\anuncio_730\\8.jpeg', 'imagenes_tecnocasa\\anuncio_730\\9.jpeg', 'imagenes_tecnocasa\\anuncio_730\\10.jpeg', 'imagenes_tecnocasa\\anuncio_730\\11.jpeg', 'imagenes_tecnocasa\\anuncio_730\\12.jpeg', 'imagenes_tecnocasa\\anuncio_730\\13.jpeg', 'imagenes_tecnocasa\\anuncio_730\\14.jpeg', 'imagenes_tecnocasa\\anuncio_730\\15.jpeg', 'imagenes_tecnocasa\\anuncio_730\\16.jpeg', 'imagenes_tecnocasa\\anuncio_730\\17.jpeg', 'imagenes_tecnocasa\\anuncio_730\\18.jpeg', 'imagenes_tecnocasa\\anuncio_730\\19.jpeg', 'imagenes_tecnocasa\\anuncio_730\\20.jpeg']",0,Señorial,1989,1,0,1,piso,2,Madrid,"Palomeras - Portazgo, Madrid",40.4167047,-3.7035825,730,2540.9836065573772,233.0,158.0,0.0625,0.4,2.0,0.0,otro,pintura,corredera,estándar (2.4-2.8m),nada,3.6,3.8,convencional,"['#F5F5DC', '#FFFFFF', '#A0522D']",regular,True,convencional,limitado,ninguno,ninguno,estándar,parcialmente equipada,ninguno,6.2,6.4,ninguna,5
https://www.tecnocasa.es/venta/piso/madrid/torrelodones/620013.html,385000.0,2,112.0,1,"TECNOCASA TORRELODONES VENDE EN EXCLUSIVA:
¡GRAN OPORTUNIDAD!
Te presentamos este maravilloso piso dúplex de dos dormitorios, ubicado en una de las urbanizaciones más exclusivas y demandadas del Casco Antiguo de Torrelodones.
La vivienda se encuentra en perfecto estado y destaca por su luminosidad natural y cómoda distribución:
- PRIMERA PLANTA:
Al acceder, nos recibe un acogedor hall que da paso a las distintas estancias de la planta.
Cuenta con una cocina independiente, un amplio salón-comedor con grandes ventanales que inundan la vivienda de luz natural, un dormitorio con armarios empotrados de gran capacidad, un baño completo y un práctico trastero empotrado bajo la escalera.
- SEGUNDA PLANTA:
En la planta superior, encontramos una habitación de gran tamaño con salida directa a una terraza tipo ático, perfecta para relajarse o disfrutar de reuniones al aire libre con total privacidad.
UBICACIÓN PRIVILEGIADA:
La ubicación es inmejorable ya que se encuentra en el pleno centro de Torrelodones y en una de las urbanizaciones más demandadas del pueblo por su tamaño reducido, que asegura máxima tranquilidad, mientras se encuentra a menos de un minuto andando de todos los servicios: supermercados, bares, restaurantes, farmacias, parada de autobús, cómodo y directo acceso a la A-6, colegios, ayuntamiento, biblioteca etc..
El edificio dispone de piscina comunitaria, ascensor, plaza de garaje y trastero incluidos en el precio.
Actualmente alquilado con excelente rentabilidad, ideal tanto para vivir como para invertir.
POSIBILIDAD DE FINANCIACIÓN HASTA EL 100%
La información contenida en este anuncio es meramente informativa, no contractual ni vinculante, y puede estar sujeta a errores.
¡SOLICITA TU VISITA HOY MISMO!",0,1,1,1,1,1,1,1,1,1,"['https://cdn-media.medialabtc.it/es/agencies/md601/estates/620013/images/8951492/gallery_media.jpeg', 'https://cdn-media.medialabtc.it/es/agencies/md601/estates/620013/images/8951384/gallery_media.jpeg', 'https://cdn-media.medialabtc.it/es/agencies/md601/estates/620013/images/8951396/gallery_media.jpeg', 'https://cdn-media.medialabtc.it/es/agencies/md601/estates/620013/images/8951401/gallery_media.jpeg', 'https://cdn-media.medialabtc.it/es/agencies/md601/estates/620013/images/8951385/gallery_media.jpeg', 'https://cdn-media.medialabtc.it/es/agencies/md601/estates/620013/images/8951400/gallery_media.jpeg', 'https://cdn-media.medialabtc.it/es/agencies/md601/estates/620013/images/8951390/gallery_media.jpeg', 'https://cdn-media.medialabtc.it/es/agencies/md601/estates/620013/images/8951397/gallery_media.jpeg', 'https://cdn-media.medialabtc.it/es/agencies/md601/estates/620013/images/8951386/gallery_media.jpeg', 'https://cdn-media.medialabtc.it/es/agencies/md601/estates/620013/images/8951403/gallery_media.jpeg', 'https://cdn-media.medialabtc.it/es/agencies/md601/estates/620013/images/8951381/gallery_media.jpeg', 'https://cdn-media.medialabtc.it/es/agencies/md601/estates/620013/images/8951379/gallery_media.jpeg', 'https://cdn-media.medialabtc.it/es/agencies/md601/estates/620013/images/8951388/gallery_media.jpeg', 'https://cdn-media.medialabtc.it/es/agencies/md601/estates/620013/images/8951393/gallery_media.jpeg', 'https://cdn-media.medialabtc.it/es/agencies/md601/estates/620013/images/8951380/gallery_media.jpeg', 'https://cdn-media.medialabtc.it/es/agencies/md601/estates/620013/images/8951387/gallery_media.jpeg', 'https://cdn-media.medialabtc.it/es/agencies/md601/estates/620013/images/8951402/gallery_media.jpeg', 'https://cdn-media.medialabtc.it/es/agencies/md601/estates/620013/images/8951391/gallery_media.jpeg', 'https://cdn-media.medialabtc.it/es/agencies/md601/estates/620013/images/8951382/gallery_media.jpeg', 'https://cdn-media.medialabtc.it/es/agencies/md601/estates/620013/images/8951383/gallery_media.jpeg', 'https://cdn-media.medialabtc.it/es/agencies/md601/estates/620013/images/8951394/gallery_media.jpeg', 'https://cdn-media.medialabtc.it/es/agencies/md601/estates/620013/images/8951392/gallery_media.jpeg', 'https://cdn-media.medialabtc.it/es/agencies/md601/estates/620013/images/8951389/gallery_media.jpeg', 'https://cdn-media.medialabtc.it/es/agencies/md601/estates/620013/images/8951395/gallery_media.jpeg']",0,Desconocido,1,1,1,1,0,F,0,0,"['imagenes_tecnocasa\\anuncio_732\\0.jpeg', 'imagenes_tecnocasa\\anuncio_732\\1.jpeg', 'imagenes_tecnocasa\\anuncio_732\\2.jpeg', 'imagenes_tecnocasa\\anuncio_732\\3.jpeg', 'imagenes_tecnocasa\\anuncio_732\\4.jpeg', 'imagenes_tecnocasa\\anuncio_732\\5.jpeg', 'imagenes_tecnocasa\\anuncio_732\\6.jpeg', 'imagenes_tecnocasa\\anuncio_732\\7.jpeg', 'imagenes_tecnocasa\\anuncio_732\\8.jpeg', 'imagenes_tecnocasa\\anuncio_732\\9.jpeg', 'imagenes_tecnocasa\\anuncio_732\\10.jpeg', 'imagenes_tecnocasa\\anuncio_732\\11.jpeg', 'imagenes_tecnocasa\\anuncio_732\\12.jpeg', 'imagenes_tecnocasa\\anuncio_732\\13.jpeg', 'imagenes_tecnocasa\\anuncio_732\\14.jpeg', 'imagenes_tecnocasa\\anuncio_732\\15.jpeg', 'imagenes_tecnocasa\\anuncio_732\\16.jpeg', 'imagenes_tecnocasa\\anuncio_732\\17.jpeg', 'imagenes_tecnocasa\\anuncio_732\\18.jpeg', 'imagenes_tecnocasa\\anuncio_732\\19.jpeg', 'imagenes_tecnocasa\\anuncio_732\\20.jpeg', 'imagenes_tecnocasa\\anuncio_732\\21.jpeg', 'imagenes_tecnocasa\\anuncio_732\\22.jpeg', 'imagenes_tecnocasa\\anuncio_732\\23.jpeg']",1,Señorial,1994,1,0,1,piso,1,Torrelodones,Torrelodones,40.5762809,-3.928603,732,3437.5,261.0,185.0,0.38,0.6900000000000001,1.0,0.0,cerámica,pintura,corredera,estándar (2.4-2.8m),nada,4.8,6.0,moderno,"['#FFFFFF', '#D3D3D3', '#F5F5F5']",buena,True,convencional,limitado,ninguno,ninguno,estándar,parcialmente equipada,ninguno,8.0,7.0,ninguna,5
https://www.tecnocasa.es/venta/piso/madrid/torrelodones/618124.html,429900.0,3,136.0,2,"Tecnocasa agencia inmobiliaria de Torrelodones vende en exclusiva:

Espectacular piso completamente reformado de tres dormitorios exterior de 136 m2 construidos, con una ubicación inmejorable en el centro de Torrelodones, a escasos metros de la zona peatonal del centro y con acceso inmediato a todos los servicios necesarios.

La vivienda está distribuida por amplio salón con chimenea, zona de comedor con luz natural, terraza con aislamiento Kommerling. Amplia cocina REFORMADA bien equipada con electromésticos nuevos del 2025 marca bosch. La cocina comunica a través de una ventana con la terraza.
Espacio de lavandería y tres amplias estancias con armarios empotrados. La habitación principal cuenta con cuarto de baño completo en suite y un segundo cuarto de baño con ducha.

La vivienda dispone de garaje, trastero, terraza y piscina comunitaria con amplias zonas verdes y zona de niños.

Características básicas:

-136 m2 construidos con terraza
-3 habitaciones
-2 baños
-Reformado
-Velux en el salón
-Cierre del salón Kommerling
-Chimenea operativa
-Plaza de garaje incluida en el precio
-Armarios empotrados
-Trastero
-Calefacción individual: Gas natural con caldera Saunier Duval programable.
-Piscina
-Zonas verdes
POSIBILIDAD DE FINANCIACIÓN AL 100% DE SU HIPOTECA.

'La información que se detalla en este anuncio, se muestra a título informativo, no es contractual ni vinculante y puede contener errores'.

SOLICITA TU VISITA!",0,1,1,1,1,1,1,1,1,1,"['https://cdn-media.medialabtc.it/es/agencies/md601/estates/618124/images/8908315/gallery_media.jpeg', 'https://cdn-media.medialabtc.it/es/agencies/md601/estates/618124/images/8908317/gallery_media.jpeg', 'https://cdn-media.medialabtc.it/es/agencies/md601/estates/618124/images/8908304/gallery_media.jpeg', 'https://cdn-media.medialabtc.it/es/agencies/md601/estates/618124/images/8908311/gallery_media.jpeg', 'https://cdn-media.medialabtc.it/es/agencies/md601/estates/618124/images/8908316/gallery_media.jpeg', 'https://cdn-media.medialabtc.it/es/agencies/md601/estates/618124/images/8908312/gallery_media.jpeg', 'https://cdn-media.medialabtc.it/es/agencies/md601/estates/618124/images/8908253/gallery_media.jpeg', 'https://cdn-media.medialabtc.it/es/agencies/md601/estates/618124/images/8908256/gallery_media.jpeg', 'https://cdn-media.medialabtc.it/es/agencies/md601/estates/618124/images/8908307/gallery_media.jpeg', 'https://cdn-media.medialabtc.it/es/agencies/md601/estates/618124/images/8908260/gallery_media.jpeg', 'https://cdn-media.medialabtc.it/es/agencies/md601/estates/618124/images/8908261/gallery_media.jpeg', 'https://cdn-media.medialabtc.it/es/agencies/md601/estates/618124/images/8908314/gallery_media.jpeg', 'https://cdn-media.medialabtc.it/es/agencies/md601/estates/618124/images/8908313/gallery_media.jpeg', 'https://cdn-media.medialabtc.it/es/agencies/md601/estates/618124/images/8908258/gallery_media.jpeg', 'https://cdn-media.medialabtc.it/es/agencies/md601/estates/618124/images/8908319/gallery_media.jpeg', 'https://cdn-media.medialabtc.it/es/agencies/md601/estates/618124/images/8908309/gallery_media.jpeg', 'https://cdn-media.medialabtc.it/es/agencies/md601/estates/618124/images/8908259/gallery_media.jpeg', 'https://cdn-media.medialabtc.it/es/agencies/md601/estates/618124/images/8908303/gallery_media.jpeg', 'https://cdn-media.medialabtc.it/es/agencies/md601/estates/618124/images/8908255/gallery_media.jpeg', 'https://cdn-media.medialabtc.it/es/agencies/md601/estates/618124/images/8908252/gallery_media.jpeg', 'https://cdn-media.medialabtc.it/es/agencies/md601/estates/618124/images/8908305/gallery_media.jpeg', 'https://cdn-media.medialabtc.it/es/agencies/md601/estates/618124/images/8908302/gallery_media.jpeg', 'https://cdn-media.medialabtc.it/es/agencies/md601/estates/618124/images/8908257/gallery_media.jpeg', 'https://cdn-media.medialabtc.it/es/agencies/md601/estates/618124/images/8908254/gallery_media.jpeg', 'https://cdn-media.medialabtc.it/es/agencies/md601/estates/618124/images/8908306/gallery_media.jpeg', 'https://cdn-media.medialabtc.it/es/agencies/md601/estates/618124/images/8908308/gallery_media.jpeg', 'https://cdn-media.medialabtc.it/es/agencies/md601/estates/618124/images/8908251/gallery_media.jpeg', 'https://cdn-media.medialabtc.it/es/agencies/md601/estates/618124/images/8908318/gallery_media.jpeg']",0,Reformado,1,1,1,1,0,E,0,0,"['imagenes_tecnocasa\\anuncio_733\\0.jpeg', 'imagenes_tecnocasa\\anuncio_733\\1.jpeg', 'imagenes_tecnocasa\\anuncio_733\\2.jpeg', 'imagenes_tecnocasa\\anuncio_733\\3.jpeg', 'imagenes_tecnocasa\\anuncio_733\\4.jpeg', 'imagenes_tecnocasa\\anuncio_733\\5.jpeg', 'imagenes_tecnocasa\\anuncio_733\\6.jpeg', 'imagenes_tecnocasa\\anuncio_733\\7.jpeg', 'imagenes_tecnocasa\\anuncio_733\\8.jpeg', 'imagenes_tecnocasa\\anuncio_733\\9.jpeg', 'imagenes_tecnocasa\\anuncio_733\\10.jpeg', 'imagenes_tecnocasa\\anuncio_733\\11.jpeg', 'imagenes_tecnocasa\\anuncio_733\\12.jpeg', 'imagenes_tecnocasa\\anuncio_733\\13.jpeg', 'imagenes_tecnocasa\\anuncio_733\\14.jpeg', 'imagenes_tecnocasa\\anuncio_733\\15.jpeg', 'imagenes_tecnocasa\\anuncio_733\\16.jpeg', 'imagenes_tecnocasa\\anuncio_733\\17.jpeg', 'imagenes_tecnocasa\\anuncio_733\\18.jpeg', 'imagenes_tecnocasa\\anuncio_733\\19.jpeg', 'imagenes_tecnocasa\\anuncio_733\\20.jpeg', 'imagenes_tecnocasa\\anuncio_733\\21.jpeg', 'imagenes_tecnocasa\\anuncio_733\\22.jpeg', 'imagenes_tecnocasa\\anuncio_733\\23.jpeg', 'imagenes_tecnocasa\\anuncio_733\\24.jpeg', 'imagenes_tecnocasa\\anuncio_733\\25.jpeg', 'imagenes_tecnocasa\\anuncio_733\\26.jpeg', 'imagenes_tecnocasa\\anuncio_733\\27.jpeg']",0,Popular,1984,1,0,0,piso,2,Torrelodones,Torrelodones,40.5762809,-3.928603,733,3161.029411764706,213.0,150.0,0.075,0.4000000000000001,2.0,0.0,parquet,pintura,no visible,estándar (2.4-2.8m),nada,6.0,6.2,moderno,"['#F2F2F2', '#A7A7A7', '#FFFFFF']",buena,False,eficiente,normal,ninguno,ninguno,estándar,no visible,ninguno,8.6,7.6,ninguna,5
https://www.tecnocasa.es/venta/piso/madrid/leganes/587585.html,183000.0,1,46.0,1,"Agencia inmobiliaria de Leganés zona La Fortuna Tecnocasa Estudio Inmobiliario La Fortuna:
EN VENTA: Te presentamos este magnífico PISO PLANTA BAJA de OBRA NUEVA en el Barrio de La Fortuna.
IDEAL PARA PERSONAS MAYORES O CON MOVILIDAD REDUCIDA. Inmejorable ubicación, a 50 metros de la parada de autobús y a 3 minutos del metro.
Descrito de entrada, luminoso salón, cocina de diseño, baño moderno y un dormitorio. Cuenta con un patio privado de 10m², perfecto para relajarte. Acabados de alta calidad y listo para entrar a vivir.
Detalles del Inmueble: Superficie: 56.03 metros cuadrados
OBRA NUEVA
Habitaciones: 1
Baños: 1 completo con plato de ducha
Extras: Patio privado de 10 m2
Para más información y concertar una visita, contacta con nosotros. ¡No dejes pasar esta oportunidad! Contamos con departamento financiero para ayudarte con las mejores condiciones hipotecarias.",1,1,1,1,1,1,0,1,1,1,"['https://cdn-media.medialabtc.it/es/agencies/md522/estates/587585/images/8856114/gallery_media.jpeg', 'https://cdn-media.medialabtc.it/es/agencies/md522/estates/587585/images/8857723/gallery_media.jpeg', 'https://cdn-media.medialabtc.it/es/agencies/md522/estates/587585/images/8887147/gallery_media.jpeg', 'https://cdn-media.medialabtc.it/es/agencies/md522/estates/587585/images/8857659/gallery_media.jpeg', 'https://cdn-media.medialabtc.it/es/agencies/md522/estates/587585/images/8856113/gallery_media.jpeg', 'https://cdn-media.medialabtc.it/es/agencies/md522/estates/587585/images/8857725/gallery_media.jpeg', 'https://cdn-media.medialabtc.it/es/agencies/md522/estates/587585/images/8857722/gallery_media.jpeg', 'https://cdn-media.medialabtc.it/es/agencies/md522/estates/587585/images/8857726/gallery_media.jpeg', 'https://cdn-media.medialabtc.it/es/agencies/md522/estates/587585/images/8857661/gallery_media.jpeg', 'https://cdn-media.medialabtc.it/es/agencies/md522/estates/587585/images/8887146/gallery_media.jpeg', 'https://cdn-media.medialabtc.it/es/agencies/md522/estates/587585/images/8856117/gallery_media.jpeg', 'https://cdn-media.medialabtc.it/es/agencies/md522/estates/587585/images/8856112/gallery_media.jpeg', 'https://cdn-media.medialabtc.it/es/agencies/md522/estates/587585/images/8856111/gallery_media.jpeg', 'https://cdn-media.medialabtc.it/es/agencies/md522/estates/587585/images/8857724/gallery_media.jpeg', 'https://cdn-media.medialabtc.it/es/agencies/md522/estates/587585/images/8857727/gallery_media.jpeg', 'https://cdn-media.medialabtc.it/es/agencies/md522/estates/587585/images/8857728/gallery_media.jpeg', 'https://cdn-media.medialabtc.it/es/agencies/md522/estates/587585/images/8857729/gallery_media.jpeg', 'https://cdn-media.medialabtc.it/es/agencies/md522/estates/587585/images/8856116/gallery_media.jpeg', 'https://cdn-media.medialabtc.it/es/agencies/md522/estates/587585/images/8857660/gallery_media.jpeg', 'https://cdn-media.medialabtc.it/es/agencies/md522/estates/587585/images/8856109/gallery_media.jpeg']",0,Desconocido,0,0,0,0,0,Desconocida,0,0,"['imagenes_tecnocasa\\anuncio_734\\0.jpeg', 'imagenes_tecnocasa\\anuncio_734\\1.jpeg', 'imagenes_tecnocasa\\anuncio_734\\2.jpeg', 'imagenes_tecnocasa\\anuncio_734\\3.jpeg', 'imagenes_tecnocasa\\anuncio_734\\4.jpeg', 'imagenes_tecnocasa\\anuncio_734\\5.jpeg', 'imagenes_tecnocasa\\anuncio_734\\6.jpeg', 'imagenes_tecnocasa\\anuncio_734\\7.jpeg', 'imagenes_tecnocasa\\anuncio_734\\8.jpeg', 'imagenes_tecnocasa\\anuncio_734\\9.jpeg', 'imagenes_tecnocasa\\anuncio_734\\10.jpeg', 'imagenes_tecnocasa\\anuncio_734\\11.jpeg', 'imagenes_tecnocasa\\anuncio_734\\12.jpeg', 'imagenes_tecnocasa\\anuncio_734\\13.jpeg', 'imagenes_tecnocasa\\anuncio_734\\14.jpeg', 'imagenes_tecnocasa\\anuncio_734\\15.jpeg', 'imagenes_tecnocasa\\anuncio_734\\16.jpeg', 'imagenes_tecnocasa\\anuncio_734\\17.jpeg', 'imagenes_tecnocasa\\anuncio_734\\18.jpeg', 'imagenes_tecnocasa\\anuncio_734\\19.jpeg']",0,Media,1975,0,0,0,piso,1,Leganés,Leganés,40.3281942,-3.76527,734,3978.2608695652175,137.0,107.0,1.0,1.0,2.0,1.0,parquet,pintura,corredera,estándar (2.4-2.8m),nada,4.6,5.4,moderno,"['#F5F5DC', '#D2B48C', '#FFFFFF']",buena,True,eficiente,normal,ninguno,ninguno,estándar,totalmente equipada,ninguno,7.8,7.2,ninguna,5
https://www.tecnocasa.es/venta/piso/madrid/madrid/618821.html,295000.0,3,76.0,1,"ESTUDIO INMOBILIARIO PASEO DE LOS OLIVOS VENDE EN EXCLUSIVA ESTE FANTÁSTICO PISO.

¡Descubre tu nuevo hogar!

Este piso de 75 m², ubicado en una primera planta del edificio, te ofrece comodidad y funcionalidad en cada rincón. Con tres dormitorios luminosos, un baño completo, todos los ambientes muy bien ventilados por una amplia terraza. El salón comedor es perfecto para momentos de relax o reuniones, mientras que la cocina completamente equipada hará que cocinar sea un placer.


La ubicación es inmejorable: a un paso de la parada de metro Lucero y cerca de la línea de autobús 138, facilitando tus desplazamientos por Madrid. Disfruta de paseos por la cercana C/ Caramuel y el hermoso Madrid Río.

¡No dejes pasar esta oportunidad y ven a visitar tu futuro hogar!

SE INCLUYE TRASTERO EN EL PRECIO.",1,1,1,1,1,1,1,1,1,1,"['https://cdn-media.medialabtc.it/es/agencies/md058/estates/618821/images/8945046/gallery_media.jpeg', 'https://cdn-media.medialabtc.it/es/agencies/md058/estates/618821/images/8945047/gallery_media.jpeg', 'https://cdn-media.medialabtc.it/es/agencies/md058/estates/618821/images/8945044/gallery_media.jpeg', 'https://cdn-media.medialabtc.it/es/agencies/md058/estates/618821/images/8945056/gallery_media.jpeg', 'https://cdn-media.medialabtc.it/es/agencies/md058/estates/618821/images/8945052/gallery_media.jpeg', 'https://cdn-media.medialabtc.it/es/agencies/md058/estates/618821/images/8945037/gallery_media.jpeg', 'https://cdn-media.medialabtc.it/es/agencies/md058/estates/618821/images/8945053/gallery_media.jpeg', 'https://cdn-media.medialabtc.it/es/agencies/md058/estates/618821/images/8945054/gallery_media.jpeg', 'https://cdn-media.medialabtc.it/es/agencies/md058/estates/618821/images/8945042/gallery_media.jpeg', 'https://cdn-media.medialabtc.it/es/agencies/md058/estates/618821/images/8945051/gallery_media.jpeg', 'https://cdn-media.medialabtc.it/es/agencies/md058/estates/618821/images/8945048/gallery_media.jpeg', 'https://cdn-media.medialabtc.it/es/agencies/md058/estates/618821/images/8945040/gallery_media.jpeg', 'https://cdn-media.medialabtc.it/es/agencies/md058/estates/618821/images/8945055/gallery_media.jpeg', 'https://cdn-media.medialabtc.it/es/agencies/md058/estates/618821/images/8945041/gallery_media.jpeg', 'https://cdn-media.medialabtc.it/es/agencies/md058/estates/618821/images/8945043/gallery_media.jpeg', 'https://cdn-media.medialabtc.it/es/agencies/md058/estates/618821/images/8945045/gallery_media.jpeg']",0,Desconocido,0,1,0,1,0,E,0,0,"['imagenes_tecnocasa\\anuncio_736\\0.jpeg', 'imagenes_tecnocasa\\anuncio_736\\1.jpeg', 'imagenes_tecnocasa\\anuncio_736\\2.jpeg', 'imagenes_tecnocasa\\anuncio_736\\3.jpeg', 'imagenes_tecnocasa\\anuncio_736\\4.jpeg', 'imagenes_tecnocasa\\anuncio_736\\5.jpeg', 'imagenes_tecnocasa\\anuncio_736\\6.jpeg', 'imagenes_tecnocasa\\anuncio_736\\7.jpeg', 'imagenes_tecnocasa\\anuncio_736\\8.jpeg', 'imagenes_tecnocasa\\anuncio_736\\9.jpeg', 'imagenes_tecnocasa\\anuncio_736\\10.jpeg', 'imagenes_tecnocasa\\anuncio_736\\11.jpeg', 'imagenes_tecnocasa\\anuncio_736\\12.jpeg', 'imagenes_tecnocasa\\anuncio_736\\13.jpeg', 'imagenes_tecnocasa\\anuncio_736\\14.jpeg', 'imagenes_tecnocasa\\anuncio_736\\15.jpeg']",0,Media,1970,0,0,0,piso,1,Lucero,"Lucero, Madrid",40.4021568,-3.7511015,736,3881.5789473684213,133.0,109.0,0.0,0.0,1.0,0.0,cerámica,pintura,corredera,estándar (2.4-2.8m),nada,3.2,2.0,clásico,"['#F0E68C', '#FFF8DC', '#A0522D']",regular,False,convencional,limitado,ninguno,ninguno,estándar,básica,ninguno,6.0,7.0,ninguna,5
https://www.tecnocasa.es/venta/atico/madrid/tres-cantos/615504.html,699000.0,2,214.0,2,"¡EXCLUSIVO ATICO!

Esta impresionante vivienda se encuentra en la zona nueva y más exclusiva de Tres Cantos.

La vivienda cuenta con cocina, 2 habitaciones con armarios empotrados, 2 baños completos uno de ellos con bañera y el segundo en suite con plato de ducha, 2 plazas de garaje incluidas en el precio y amplio trastero.. .

Además, disfrutarás de calefacción de gas natural y aire acondicionado por conducto en toda la vivienda, asegurando un confort inigualable. Con zonas comunes exquisitamente diseñadas, esta propiedad se destaca por su elegancia y exclusividad.

Uno de los puntos más destacados es la zona y urbanización del inmueble. ¡Una oportunidad única en una de las mejores zonas de Tres Cantos!

DETALLES DE LA DESCRIPCION:

La vivienda se compone de luminoso salón-comedor con salida
AMPLIA TERRAZA DE 101M2

Inmejorable orientación. La vivienda consta también de cocina con acceso a su vez salida a la terraza principal.

La vivienda está compuesta por 2 habitaciones, todos con armarios empotrados y vestidos por dentro. En la habitación principal dispone de baño en suite con columna de ducha para mejor confort. Nos encontramos todas las instancias muy luminosas.

El piso dispone de trastero y 2 amplias plazas de garaje incluidas en el precio.

Cuenta con zonas comunes: parque infantil, piscina, pista de pádel, salón de gourmet, gimnasio y sauna.

Entre las calidades podemos observar: ventanas climalit oscilobatientes, suelo AC5, toldos, armarios empotrados, entre otros.. .

¡2 PLAZAS DE GARAJE INCLUIDAS EN EL PRECIO!

¡101 METROS UTILES DE TERRAZA!

La ubicación del inmueble está en la zona nueva de Tres Cantos, la cual consta de supermercados, farmacias, bar, tienda de alimentación y distintos comercios. Cerca de gran variedad de colegios de la zona.. .

VEN A VERLO, NO PIERDAS ESTA OPORTUNIDAD.",0,1,1,1,1,1,0,1,0,1,"['https://cdn-media.medialabtc.it/es/agencies/md611/estates/615504/images/8871013/gallery_media.jpeg', 'https://cdn-media.medialabtc.it/es/agencies/md611/estates/615504/images/8871005/gallery_media.jpeg', 'https://cdn-media.medialabtc.it/es/agencies/md611/estates/615504/images/8871007/gallery_media.jpeg', 'https://cdn-media.medialabtc.it/es/agencies/md611/estates/615504/images/8871022/gallery_media.jpeg', 'https://cdn-media.medialabtc.it/es/agencies/md611/estates/615504/images/8871006/gallery_media.jpeg', 'https://cdn-media.medialabtc.it/es/agencies/md611/estates/615504/images/8871018/gallery_media.jpeg', 'https://cdn-media.medialabtc.it/es/agencies/md611/estates/615504/images/8871010/gallery_media.jpeg', 'https://cdn-media.medialabtc.it/es/agencies/md611/estates/615504/images/8871020/gallery_media.jpeg', 'https://cdn-media.medialabtc.it/es/agencies/md611/estates/615504/images/8871014/gallery_media.jpeg', 'https://cdn-media.medialabtc.it/es/agencies/md611/estates/615504/images/8871012/gallery_media.jpeg', 'https://cdn-media.medialabtc.it/es/agencies/md611/estates/615504/images/8870998/gallery_media.jpeg', 'https://cdn-media.medialabtc.it/es/agencies/md611/estates/615504/images/8871019/gallery_media.jpeg', 'https://cdn-media.medialabtc.it/es/agencies/md611/estates/615504/images/8871016/gallery_media.jpeg', 'https://cdn-media.medialabtc.it/es/agencies/md611/estates/615504/images/8870996/gallery_media.jpeg', 'https://cdn-media.medialabtc.it/es/agencies/md611/estates/615504/images/8871015/gallery_media.jpeg', 'https://cdn-media.medialabtc.it/es/agencies/md611/estates/615504/images/8871003/gallery_media.jpeg', 'https://cdn-media.medialabtc.it/es/agencies/md611/estates/615504/images/8871021/gallery_media.jpeg', 'https://cdn-media.medialabtc.it/es/agencies/md611/estates/615504/images/8871009/gallery_media.jpeg', 'https://cdn-media.medialabtc.it/es/agencies/md611/estates/615504/images/8871017/gallery_media.jpeg', 'https://cdn-media.medialabtc.it/es/agencies/md611/estates/615504/images/8870999/gallery_media.jpeg', 'https://cdn-media.medialabtc.it/es/agencies/md611/estates/615504/images/8871008/gallery_media.jpeg', 'https://cdn-media.medialabtc.it/es/agencies/md611/estates/615504/images/8870980/gallery_media.jpeg', 'https://cdn-media.medialabtc.it/es/agencies/md611/estates/615504/images/8871004/gallery_media.jpeg', 'https://cdn-media.medialabtc.it/es/agencies/md611/estates/615504/images/8870981/gallery_media.jpeg', 'https://cdn-media.medialabtc.it/es/agencies/md611/estates/615504/images/8870997/gallery_media.jpeg', 'https://cdn-media.medialabtc.it/es/agencies/md611/estates/615504/images/8871023/gallery_media.jpeg', 'https://cdn-media.medialabtc.it/es/agencies/md611/estates/615504/images/8871002/gallery_media.jpeg', 'https://cdn-media.medialabtc.it/es/agencies/md611/estates/615504/images/8871011/gallery_media.jpeg', 'https://cdn-media.medialabtc.it/es/agencies/md611/estates/615504/images/8871024/gallery_media.jpeg']",0,Desconocido,1,1,1,1,0,D,0,0,"['imagenes_tecnocasa\\anuncio_737\\0.jpeg', 'imagenes_tecnocasa\\anuncio_737\\1.jpeg', 'imagenes_tecnocasa\\anuncio_737\\2.jpeg', 'imagenes_tecnocasa\\anuncio_737\\3.jpeg', 'imagenes_tecnocasa\\anuncio_737\\4.jpeg', 'imagenes_tecnocasa\\anuncio_737\\5.jpeg', 'imagenes_tecnocasa\\anuncio_737\\6.jpeg', 'imagenes_tecnocasa\\anuncio_737\\7.jpeg', 'imagenes_tecnocasa\\anuncio_737\\8.jpeg', 'imagenes_tecnocasa\\anuncio_737\\9.jpeg', 'imagenes_tecnocasa\\anuncio_737\\10.jpeg', 'imagenes_tecnocasa\\anuncio_737\\11.jpeg', 'imagenes_tecnocasa\\anuncio_737\\12.jpeg', 'imagenes_tecnocasa\\anuncio_737\\13.jpeg', 'imagenes_tecnocasa\\anuncio_737\\14.jpeg', 'imagenes_tecnocasa\\anuncio_737\\15.jpeg', 'imagenes_tecnocasa\\anuncio_737\\16.jpeg', 'imagenes_tecnocasa\\anuncio_737\\17.jpeg', 'imagenes_tecnocasa\\anuncio_737\\18.jpeg', 'imagenes_tecnocasa\\anuncio_737\\19.jpeg', 'imagenes_tecnocasa\\anuncio_737\\20.jpeg', 'imagenes_tecnocasa\\anuncio_737\\21.jpeg', 'imagenes_tecnocasa\\anuncio_737\\22.jpeg', 'imagenes_tecnocasa\\anuncio_737\\23.jpeg', 'imagenes_tecnocasa\\anuncio_737\\24.jpeg', 'imagenes_tecnocasa\\anuncio_737\\25.jpeg', 'imagenes_tecnocasa\\anuncio_737\\26.jpeg', 'imagenes_tecnocasa\\anuncio_737\\27.jpeg', 'imagenes_tecnocasa\\anuncio_737\\28.jpeg']",1,Media,2020,1,0,0,atico,4,Tres Cantos,Tres Cantos,40.6065826,-3.7065333,737,3266.355140186916,290.0,189.0,0.1953125,0.4,3.0,1.0,cerámica,pintura,corredera,estándar (2.4-2.8m),nada,6.4,7.4,moderno,"['#FFFFFF', '#D3D3D3', '#808080']",buena,False,eficiente,normal,terraza,ninguno,estándar,parcialmente equipada,ninguno,8.4,7.4,ninguna,5
https://www.tecnocasa.es/venta/piso/madrid/collado-villalba/616219.html,290000.0,3,90.0,1,"Agencia inmobiliaria de COLLADO VILLALBA - zona VILLALBA ESTACIÓN vende: piso en urbanización (Albasierra) cerrada con piscina.

Piso ubicado en una zona céntrica y bien comunicado. Consta de salón, cocina, baño completo con plato de ducha y 3 dormitorios, Además, la vivienda cuenta con una plaza de garaje en la parte baja de la urbanización y trastero.
La urbanización cuenta con amplias zonas ajardinadas, parque infantil, pista polideportiva y piscina.
La vivienda está muy bien situada, en pleno centro, y con muy buenas conexiones mediante transporte público a Moncloa y la sierra. La Renfe se encuentra a un bus urbano y andando a 5min; acceso rápido a la A-6 y a la M-607 (dirección Colmenar Viejo, Tres Cantos, Alcobendas, Plaza Castilla, etc. ). Además, se encuentra situado al lado del colegio de los Maristas, el de la Almudena, el Centro Comercial Los Valles y el polideportivo de Collado Villalba.",0,1,1,1,1,1,1,1,1,1,"['https://cdn-media.medialabtc.it/es/agencies/md521/estates/616219/images/8959604/gallery_media.jpeg', 'https://cdn-media.medialabtc.it/es/agencies/md521/estates/616219/images/8959616/gallery_media.jpeg', 'https://cdn-media.medialabtc.it/es/agencies/md521/estates/616219/images/8959620/gallery_media.jpeg', 'https://cdn-media.medialabtc.it/es/agencies/md521/estates/616219/images/8959572/gallery_media.jpeg', 'https://cdn-media.medialabtc.it/es/agencies/md521/estates/616219/images/8959621/gallery_media.jpeg', 'https://cdn-media.medialabtc.it/es/agencies/md521/estates/616219/images/8959625/gallery_media.jpeg', 'https://cdn-media.medialabtc.it/es/agencies/md521/estates/616219/images/8959611/gallery_media.jpeg', 'https://cdn-media.medialabtc.it/es/agencies/md521/estates/616219/images/8959618/gallery_media.jpeg', 'https://cdn-media.medialabtc.it/es/agencies/md521/estates/616219/images/8959579/gallery_media.jpeg', 'https://cdn-media.medialabtc.it/es/agencies/md521/estates/616219/images/8959606/gallery_media.jpeg', 'https://cdn-media.medialabtc.it/es/agencies/md521/estates/616219/images/8959577/gallery_media.jpeg', 'https://cdn-media.medialabtc.it/es/agencies/md521/estates/616219/images/8959603/gallery_media.jpeg', 'https://cdn-media.medialabtc.it/es/agencies/md521/estates/616219/images/8959619/gallery_media.jpeg', 'https://cdn-media.medialabtc.it/es/agencies/md521/estates/616219/images/8959624/gallery_media.jpeg', 'https://cdn-media.medialabtc.it/es/agencies/md521/estates/616219/images/8959610/gallery_media.jpeg', 'https://cdn-media.medialabtc.it/es/agencies/md521/estates/616219/images/8959622/gallery_media.jpeg', 'https://cdn-media.medialabtc.it/es/agencies/md521/estates/616219/images/8959580/gallery_media.jpeg', 'https://cdn-media.medialabtc.it/es/agencies/md521/estates/616219/images/8959574/gallery_media.jpeg', 'https://cdn-media.medialabtc.it/es/agencies/md521/estates/616219/images/8959608/gallery_media.jpeg', 'https://cdn-media.medialabtc.it/es/agencies/md521/estates/616219/images/8959612/gallery_media.jpeg']",0,Desconocido,1,1,1,0,0,E,0,0,"['imagenes_tecnocasa\\anuncio_739\\0.jpeg', 'imagenes_tecnocasa\\anuncio_739\\1.jpeg', 'imagenes_tecnocasa\\anuncio_739\\2.jpeg', 'imagenes_tecnocasa\\anuncio_739\\3.jpeg', 'imagenes_tecnocasa\\anuncio_739\\4.jpeg', 'imagenes_tecnocasa\\anuncio_739\\5.jpeg', 'imagenes_tecnocasa\\anuncio_739\\6.jpeg', 'imagenes_tecnocasa\\anuncio_739\\7.jpeg', 'imagenes_tecnocasa\\anuncio_739\\8.jpeg', 'imagenes_tecnocasa\\anuncio_739\\9.jpeg', 'imagenes_tecnocasa\\anuncio_739\\10.jpeg', 'imagenes_tecnocasa\\anuncio_739\\11.jpeg', 'imagenes_tecnocasa\\anuncio_739\\12.jpeg', 'imagenes_tecnocasa\\anuncio_739\\13.jpeg', 'imagenes_tecnocasa\\anuncio_739\\14.jpeg', 'imagenes_tecnocasa\\anuncio_739\\15.jpeg', 'imagenes_tecnocasa\\anuncio_739\\16.jpeg', 'imagenes_tecnocasa\\anuncio_739\\17.jpeg', 'imagenes_tecnocasa\\anuncio_739\\18.jpeg', 'imagenes_tecnocasa\\anuncio_739\\19.jpeg']",0,Popular,1974,1,0,0,piso,2,Collado Villalba,Collado Villalba,40.6431496,-3.9930128,739,3222.222222222222,149.0,100.0,0.0,0.0,0.0,0.0,parquet,pintura,corredera,estándar (2.4-2.8m),nada,3.2,3.0,clásico,"['#FFFFFF', '#D2B48C', '#A0522D']",buena,False,convencional,limitado,ninguno,ninguno,estándar,básica,ninguno,7.2,6.2,ninguna,5
https://www.tecnocasa.es/venta/piso/madrid/madrid/618087.html,175000.0,2,60.0,1,"Tecnocasa Candilejas trae en exclusiva este maravilloso piso reformado hace menos de 10 años ubicado en una primera planta con ascensor de 60 metros cuadrados a tan sólo 500 metros del Centro comercial Madrid Sur.

Cuenta con un amplio salón con aire acondicionado, dos habitaciones, baño y cocina reformados y equipados. Pertenece a una comunidad muy tranquila y se rodea de todos los servicios y comercios básicos de un barrio tradicional como Palomeras Bajas (Supermercados, peluquerías, fruterías, bares, restaurantes, colegios, jardines infantiles). Además, está a pasos del parque de Avenida Candilejas, el Parque Azorín y del Centro comercial MADRID SUR, ubicado en Avenida de Pablo Neruda.

Consulta por tu hipoteca a través de nuestro soporte KIRON, el gigante de las hipotecas en Europa.

TECNOCASA; ¡Pasado, presente y MUCHO FUTURO!",1,1,1,1,1,1,0,1,0,1,"['https://cdn-media.medialabtc.it/es/agencies/md105/estates/618087/images/8915120/gallery_media.jpeg', 'https://cdn-media.medialabtc.it/es/agencies/md105/estates/618087/images/8915110/gallery_media.jpeg', 'https://cdn-media.medialabtc.it/es/agencies/md105/estates/618087/images/8915105/gallery_media.jpeg', 'https://cdn-media.medialabtc.it/es/agencies/md105/estates/618087/images/8915118/gallery_media.jpeg', 'https://cdn-media.medialabtc.it/es/agencies/md105/estates/618087/images/8915108/gallery_media.jpeg', 'https://cdn-media.medialabtc.it/es/agencies/md105/estates/618087/images/8915126/gallery_media.jpeg', 'https://cdn-media.medialabtc.it/es/agencies/md105/estates/618087/images/8915113/gallery_media.jpeg', 'https://cdn-media.medialabtc.it/es/agencies/md105/estates/618087/images/8915123/gallery_media.jpeg', 'https://cdn-media.medialabtc.it/es/agencies/md105/estates/618087/images/8915112/gallery_media.jpeg', 'https://cdn-media.medialabtc.it/es/agencies/md105/estates/618087/images/8915121/gallery_media.jpeg', 'https://cdn-media.medialabtc.it/es/agencies/md105/estates/618087/images/8915122/gallery_media.jpeg', 'https://cdn-media.medialabtc.it/es/agencies/md105/estates/618087/images/8915125/gallery_media.jpeg', 'https://cdn-media.medialabtc.it/es/agencies/md105/estates/618087/images/8915114/gallery_media.jpeg', 'https://cdn-media.medialabtc.it/es/agencies/md105/estates/618087/images/8915111/gallery_media.jpeg', 'https://cdn-media.medialabtc.it/es/agencies/md105/estates/618087/images/8915116/gallery_media.jpeg', 'https://cdn-media.medialabtc.it/es/agencies/md105/estates/618087/images/8915115/gallery_media.jpeg', 'https://cdn-media.medialabtc.it/es/agencies/md105/estates/618087/images/8915117/gallery_media.jpeg', 'https://cdn-media.medialabtc.it/es/agencies/md105/estates/618087/images/8915104/gallery_media.jpeg', 'https://cdn-media.medialabtc.it/es/agencies/md105/estates/618087/images/8915109/gallery_media.jpeg', 'https://cdn-media.medialabtc.it/es/agencies/md105/estates/618087/images/8915107/gallery_media.jpeg', 'https://cdn-media.medialabtc.it/es/agencies/md105/estates/618087/images/8915119/gallery_media.jpeg', 'https://cdn-media.medialabtc.it/es/agencies/md105/estates/618087/images/8915127/gallery_media.jpeg', 'https://cdn-media.medialabtc.it/es/agencies/md105/estates/618087/images/8915106/gallery_media.jpeg', 'https://cdn-media.medialabtc.it/es/agencies/md105/estates/618087/images/8915124/gallery_media.jpeg']",0,Reformado,0,0,0,0,0,E,0,0,"['imagenes_tecnocasa\\anuncio_740\\0.jpeg', 'imagenes_tecnocasa\\anuncio_740\\1.jpeg', 'imagenes_tecnocasa\\anuncio_740\\2.jpeg', 'imagenes_tecnocasa\\anuncio_740\\3.jpeg', 'imagenes_tecnocasa\\anuncio_740\\4.jpeg', 'imagenes_tecnocasa\\anuncio_740\\5.jpeg', 'imagenes_tecnocasa\\anuncio_740\\6.jpeg', 'imagenes_tecnocasa\\anuncio_740\\7.jpeg', 'imagenes_tecnocasa\\anuncio_740\\8.jpeg', 'imagenes_tecnocasa\\anuncio_740\\9.jpeg', 'imagenes_tecnocasa\\anuncio_740\\10.jpeg', 'imagenes_tecnocasa\\anuncio_740\\11.jpeg', 'imagenes_tecnocasa\\anuncio_740\\12.jpeg', 'imagenes_tecnocasa\\anuncio_740\\13.jpeg', 'imagenes_tecnocasa\\anuncio_740\\14.jpeg', 'imagenes_tecnocasa\\anuncio_740\\15.jpeg', 'imagenes_tecnocasa\\anuncio_740\\16.jpeg', 'imagenes_tecnocasa\\anuncio_740\\17.jpeg', 'imagenes_tecnocasa\\anuncio_740\\18.jpeg', 'imagenes_tecnocasa\\anuncio_740\\19.jpeg', 'imagenes_tecnocasa\\anuncio_740\\20.jpeg', 'imagenes_tecnocasa\\anuncio_740\\21.jpeg', 'imagenes_tecnocasa\\anuncio_740\\22.jpeg', 'imagenes_tecnocasa\\anuncio_740\\23.jpeg']",0,Popular,1960,0,0,0,piso,1,Madrid,"San Diego, Madrid",40.4167047,-3.7035825,740,2916.6666666666665,129.0,99.0,0.0,0.0,2.0,0.0,parquet,pintura,otro,estándar (2.4-2.8m),nada,3.4,3.6,convencional,"['#F5F5DC', '#A0522D', '#8B4513']",regular,False,convencional,limitado,ninguno,ninguno,estándar,parcialmente equipada,ninguno,6.0,5.8,ninguna,5
https://www.tecnocasa.es/venta/piso/madrid/alcorcon/619345.html,157000.0,3,60.0,1,"Agencia inmobiliaria de ALCORCÓN - zona ALCORCÓN CENTRO - AYUNTAMIENTO - Tecnocasa Estudio Ciudad De Alcorcon Sl,
Te ofrece esta oportunidad de inversion en: La Calle Princesa, en pleno centro de la ciudad.
Piso en venta - Calle Princesa, Alcorcón - ACTUALMENTE ALQUILADO.
Salón de paso con acceso a una terraza abierta, baño reformado, cocina totalmente equipada. Suelo de parquet, ventanas de aluminio y puertas de madera. Calefacción individual.
Este piso está rodeado de todos los servicios que necesitas para una vida cómoda y práctica: Transporte público a pocos minutos de las líneas de autobús urbanas e interurbanas, la estación de Metrosur y RENFE.
Servicios cercanos: colegios, centro de salud, hospital, y una gran variedad de comercios y supermercados.
No pierdas la oportunidad de vivir en una zona céntrica y bien conectada.",1,1,1,1,1,0,1,1,1,1,"['https://cdn-media.medialabtc.it/es/agencies/mdav9/estates/619345/images/8955239/gallery_media.jpeg', 'https://cdn-media.medialabtc.it/es/agencies/mdav9/estates/619345/images/8955240/gallery_media.jpeg', 'https://cdn-media.medialabtc.it/es/agencies/mdav9/estates/619345/images/8955230/gallery_media.jpeg', 'https://cdn-media.medialabtc.it/es/agencies/mdav9/estates/619345/images/8955237/gallery_media.jpeg', 'https://cdn-media.medialabtc.it/es/agencies/mdav9/estates/619345/images/8955243/gallery_media.jpeg', 'https://cdn-media.medialabtc.it/es/agencies/mdav9/estates/619345/images/8955246/gallery_media.jpeg', 'https://cdn-media.medialabtc.it/es/agencies/mdav9/estates/619345/images/8955242/gallery_media.jpeg', 'https://cdn-media.medialabtc.it/es/agencies/mdav9/estates/619345/images/8955228/gallery_media.jpeg', 'https://cdn-media.medialabtc.it/es/agencies/mdav9/estates/619345/images/8955232/gallery_media.jpeg', 'https://cdn-media.medialabtc.it/es/agencies/mdav9/estates/619345/images/8955236/gallery_media.jpeg', 'https://cdn-media.medialabtc.it/es/agencies/mdav9/estates/619345/images/8955235/gallery_media.jpeg', 'https://cdn-media.medialabtc.it/es/agencies/mdav9/estates/619345/images/8955245/gallery_media.jpeg', 'https://cdn-media.medialabtc.it/es/agencies/mdav9/estates/619345/images/8955241/gallery_media.jpeg', 'https://cdn-media.medialabtc.it/es/agencies/mdav9/estates/619345/images/8955226/gallery_media.jpeg', 'https://cdn-media.medialabtc.it/es/agencies/mdav9/estates/619345/images/8955227/gallery_media.jpeg', 'https://cdn-media.medialabtc.it/es/agencies/mdav9/estates/619345/images/8955223/gallery_media.jpeg', 'https://cdn-media.medialabtc.it/es/agencies/mdav9/estates/619345/images/8955224/gallery_media.jpeg', 'https://cdn-media.medialabtc.it/es/agencies/mdav9/estates/619345/images/8955234/gallery_media.jpeg', 'https://cdn-media.medialabtc.it/es/agencies/mdav9/estates/619345/images/8955233/gallery_media.jpeg', 'https://cdn-media.medialabtc.it/es/agencies/mdav9/estates/619345/images/8946148/gallery_media.jpeg', 'https://cdn-media.medialabtc.it/es/agencies/mdav9/estates/619345/images/8955225/gallery_media.jpeg', 'https://cdn-media.medialabtc.it/es/agencies/mdav9/estates/619345/images/8955238/gallery_media.jpeg', 'https://cdn-media.medialabtc.it/es/agencies/mdav9/estates/619345/images/8946151/gallery_media.jpeg', 'https://cdn-media.medialabtc.it/es/agencies/mdav9/estates/619345/images/8955244/gallery_media.jpeg', 'https://cdn-media.medialabtc.it/es/agencies/mdav9/estates/619345/images/8955229/gallery_media.jpeg', 'https://cdn-media.medialabtc.it/es/agencies/mdav9/estates/619345/images/8955231/gallery_media.jpeg']",0,Reformado,0,0,0,1,0,Desconocida,0,0,"['imagenes_tecnocasa\\anuncio_741\\0.jpeg', 'imagenes_tecnocasa\\anuncio_741\\1.jpeg', 'imagenes_tecnocasa\\anuncio_741\\2.jpeg', 'imagenes_tecnocasa\\anuncio_741\\3.jpeg', 'imagenes_tecnocasa\\anuncio_741\\4.jpeg', 'imagenes_tecnocasa\\anuncio_741\\5.jpeg', 'imagenes_tecnocasa\\anuncio_741\\6.jpeg', 'imagenes_tecnocasa\\anuncio_741\\7.jpeg', 'imagenes_tecnocasa\\anuncio_741\\8.jpeg', 'imagenes_tecnocasa\\anuncio_741\\9.jpeg', 'imagenes_tecnocasa\\anuncio_741\\10.jpeg', 'imagenes_tecnocasa\\anuncio_741\\11.jpeg', 'imagenes_tecnocasa\\anuncio_741\\12.jpeg', 'imagenes_tecnocasa\\anuncio_741\\13.jpeg', 'imagenes_tecnocasa\\anuncio_741\\14.jpeg', 'imagenes_tecnocasa\\anuncio_741\\15.jpeg', 'imagenes_tecnocasa\\anuncio_741\\16.jpeg', 'imagenes_tecnocasa\\anuncio_741\\17.jpeg', 'imagenes_tecnocasa\\anuncio_741\\18.jpeg', 'imagenes_tecnocasa\\anuncio_741\\19.jpeg', 'imagenes_tecnocasa\\anuncio_741\\20.jpeg', 'imagenes_tecnocasa\\anuncio_741\\21.jpeg', 'imagenes_tecnocasa\\anuncio_741\\22.jpeg', 'imagenes_tecnocasa\\anuncio_741\\23.jpeg', 'imagenes_tecnocasa\\anuncio_741\\24.jpeg', 'imagenes_tecnocasa\\anuncio_741\\25.jpeg']",0,Popular,1969,0,0,0,piso,2,Alcorcón,"Centro - Ondarreta - Torres Bellas, Centro, Alcorcón",40.3492998,-3.8284295,741,2616.6666666666665,132.0,96.0,0.0,0.4,1.0,0.0,otro,pintura,corredera,estándar (2.4-2.8m),nada,3.2,2.6,otro,"['#D8BFD8', '#E6E6FA', '#FFE4E1']",regular,False,convencional,limitado,ninguno,ninguno,básico,básica,ninguno,5.6,6.2,ninguna,5
https://www.tecnocasa.es/venta/piso/madrid/alcala-de-henares/614150.html,225000.0,2,75.0,1,"Agencia inmobiliaria Tecnocasa de Alcalá de Henares vende vivienda en la zona CENTRO:
¡Oportunidad única en el casco histórico de Alcalá de Henares!
Se vende piso en pleno centro, en el emblemático casco histórico de la ciudad. Originalmente de 3 dormitorios, ahora cuenta con 2 amplios dormitorios y un salón espacioso y luminoso tras una redistribución que aprovechó mejor el espacio.
El piso es totalmente exterior, con dos terrazas: una cerrada y otra abierta, perfectas para disfrutar del aire libre. Además, dispone de un armario empotrado en la entrada, proporcionando un extra de almacenamiento.
Ubicación inmejorable, a solo 2 minutos andando de la Calle Mayor, rodeado de historia, comercios, restaurantes y todos los servicios esenciales.
Edificio con ascensor, para mayor comodidad.
¡No dejes pasar esta oportunidad! Contáctanos para más información y visitas.
Además, gracias a nuestro departamento financiero KIRON, podemos conseguirles hasta el 100% de la financiación. Haremos un estudio GRATUITO para ver sus posibilidades.",0,1,1,1,1,1,1,1,1,1,"['https://cdn-media.medialabtc.it/es/agencies/md552/estates/614150/images/8833308/gallery_media.jpeg', 'https://cdn-media.medialabtc.it/es/agencies/md552/estates/614150/images/8833305/gallery_media.jpeg', 'https://cdn-media.medialabtc.it/es/agencies/md552/estates/614150/images/8833313/gallery_media.jpeg', 'https://cdn-media.medialabtc.it/es/agencies/md552/estates/614150/images/8833310/gallery_media.jpeg', 'https://cdn-media.medialabtc.it/es/agencies/md552/estates/614150/images/8833317/gallery_media.jpeg', 'https://cdn-media.medialabtc.it/es/agencies/md552/estates/614150/images/8833255/gallery_media.jpeg', 'https://cdn-media.medialabtc.it/es/agencies/md552/estates/614150/images/8833258/gallery_media.jpeg', 'https://cdn-media.medialabtc.it/es/agencies/md552/estates/614150/images/8833312/gallery_media.jpeg', 'https://cdn-media.medialabtc.it/es/agencies/md552/estates/614150/images/8833251/gallery_media.jpeg', 'https://cdn-media.medialabtc.it/es/agencies/md552/estates/614150/images/8833257/gallery_media.jpeg', 'https://cdn-media.medialabtc.it/es/agencies/md552/estates/614150/images/8833304/gallery_media.jpeg', 'https://cdn-media.medialabtc.it/es/agencies/md552/estates/614150/images/8833306/gallery_media.jpeg', 'https://cdn-media.medialabtc.it/es/agencies/md552/estates/614150/images/8833259/gallery_media.jpeg', 'https://cdn-media.medialabtc.it/es/agencies/md552/estates/614150/images/8833261/gallery_media.jpeg', 'https://cdn-media.medialabtc.it/es/agencies/md552/estates/614150/images/8833319/gallery_media.jpeg', 'https://cdn-media.medialabtc.it/es/agencies/md552/estates/614150/images/8833250/gallery_media.jpeg', 'https://cdn-media.medialabtc.it/es/agencies/md552/estates/614150/images/8833256/gallery_media.jpeg', 'https://cdn-media.medialabtc.it/es/agencies/md552/estates/614150/images/8833260/gallery_media.jpeg', 'https://cdn-media.medialabtc.it/es/agencies/md552/estates/614150/images/8833309/gallery_media.jpeg', 'https://cdn-media.medialabtc.it/es/agencies/md552/estates/614150/images/8833254/gallery_media.jpeg', 'https://cdn-media.medialabtc.it/es/agencies/md552/estates/614150/images/8833315/gallery_media.jpeg', 'https://cdn-media.medialabtc.it/es/agencies/md552/estates/614150/images/8833302/gallery_media.jpeg', 'https://cdn-media.medialabtc.it/es/agencies/md552/estates/614150/images/8833303/gallery_media.jpeg', 'https://cdn-media.medialabtc.it/es/agencies/md552/estates/614150/images/8833252/gallery_media.jpeg', 'https://cdn-media.medialabtc.it/es/agencies/md552/estates/614150/images/8833318/gallery_media.jpeg']",0,Desconocido,0,0,0,0,0,G,0,0,"['imagenes_tecnocasa\\anuncio_742\\0.jpeg', 'imagenes_tecnocasa\\anuncio_742\\1.jpeg', 'imagenes_tecnocasa\\anuncio_742\\2.jpeg', 'imagenes_tecnocasa\\anuncio_742\\3.jpeg', 'imagenes_tecnocasa\\anuncio_742\\4.jpeg', 'imagenes_tecnocasa\\anuncio_742\\5.jpeg', 'imagenes_tecnocasa\\anuncio_742\\6.jpeg', 'imagenes_tecnocasa\\anuncio_742\\7.jpeg', 'imagenes_tecnocasa\\anuncio_742\\8.jpeg', 'imagenes_tecnocasa\\anuncio_742\\9.jpeg', 'imagenes_tecnocasa\\anuncio_742\\10.jpeg', 'imagenes_tecnocasa\\anuncio_742\\11.jpeg', 'imagenes_tecnocasa\\anuncio_742\\12.jpeg', 'imagenes_tecnocasa\\anuncio_742\\13.jpeg', 'imagenes_tecnocasa\\anuncio_742\\14.jpeg', 'imagenes_tecnocasa\\anuncio_742\\15.jpeg', 'imagenes_tecnocasa\\anuncio_742\\16.jpeg', 'imagenes_tecnocasa\\anuncio_742\\17.jpeg', 'imagenes_tecnocasa\\anuncio_742\\18.jpeg', 'imagenes_tecnocasa\\anuncio_742\\19.jpeg', 'imagenes_tecnocasa\\anuncio_742\\20.jpeg', 'imagenes_tecnocasa\\anuncio_742\\21.jpeg', 'imagenes_tecnocasa\\anuncio_742\\22.jpeg', 'imagenes_tecnocasa\\anuncio_742\\23.jpeg', 'imagenes_tecnocasa\\anuncio_742\\24.jpeg']",0,Popular,1973,1,0,1,piso,2,Alcalá de Henares,"Casco Histórico, Alcalá De Henares",40.481954,-3.363981,742,3000.0,155.0,113.0,0.0,0.1,2.0,1.0,cerámica,pintura,corredera,estándar (2.4-2.8m),nada,3.8,3.4,convencional,"['#F5F5DC', '#FFFFFF', '#000000']",regular,False,convencional,limitado,ninguno,ninguno,estándar,básica,ninguno,6.6,6.0,leve,5
https://www.tecnocasa.es/venta/piso/madrid/alcala-de-henares/611803.html,232000.0,2,80.0,1,"Agencia inmobiliaria Tecnocasa de Alcalá de Henares vende MAGNÍFICA VIVIENDA en el CENTRO:

Se vende acogedora planta baja recién reformada, con un cambio de uso, ideal tanto para vivir como para invertir. Situada en pleno centro de Alcalá de Henares, a pocos pasos de todos los servicios y medios de transporte.

La vivienda cuenta con 80 m² distribuidos en dos dormitorios, uno de ellos con armario empotrado y el otro con un gran vestidor. Además, dispone de un baño completo, un amplio salón con cocina americana moderna y abierta, y un patio privado donde disfrutar del aire libre. También cuenta con aire acondicionado con bomba de frío/calor, lo que garantiza un confort ideal durante todo el año.

La propiedad ha sido reformada, con acabados de alta calidad, y se encuentra en una ubicación inmejorable, en el corazón de la ciudad, con fácil acceso a todo tipo de servicios y transportes.

Con un precio de 232.000 €, esta vivienda es una excelente opción tanto para aquellos que busquen un hogar cómodo y moderno en el centro de Alcalá, como para inversores interesados en una propiedad con alto potencial.

No duden en contactar con nosotros para más información o para agendar una visita.

Además, gracias a nuestro departamento financiero KIRON, podemos conseguirles hasta el 100% de la financiación. Haremos un estudio GRATUITO para ver sus posibilidades.",0,1,1,1,1,1,1,1,1,1,"['https://cdn-media.medialabtc.it/es/agencies/md552/estates/611803/images/8765697/gallery_media.jpeg', 'https://cdn-media.medialabtc.it/es/agencies/md552/estates/611803/images/8765661/gallery_media.jpeg', 'https://cdn-media.medialabtc.it/es/agencies/md552/estates/611803/images/8765698/gallery_media.jpeg', 'https://cdn-media.medialabtc.it/es/agencies/md552/estates/611803/images/8765670/gallery_media.jpeg', 'https://cdn-media.medialabtc.it/es/agencies/md552/estates/611803/images/8765667/gallery_media.jpeg', 'https://cdn-media.medialabtc.it/es/agencies/md552/estates/611803/images/8765659/gallery_media.jpeg', 'https://cdn-media.medialabtc.it/es/agencies/md552/estates/611803/images/8765696/gallery_media.jpeg', 'https://cdn-media.medialabtc.it/es/agencies/md552/estates/611803/images/8765695/gallery_media.jpeg', 'https://cdn-media.medialabtc.it/es/agencies/md552/estates/611803/images/8765691/gallery_media.jpeg', 'https://cdn-media.medialabtc.it/es/agencies/md552/estates/611803/images/8765701/gallery_media.jpeg', 'https://cdn-media.medialabtc.it/es/agencies/md552/estates/611803/images/8765702/gallery_media.jpeg', 'https://cdn-media.medialabtc.it/es/agencies/md552/estates/611803/images/8765683/gallery_media.jpeg', 'https://cdn-media.medialabtc.it/es/agencies/md552/estates/611803/images/8765690/gallery_media.jpeg', 'https://cdn-media.medialabtc.it/es/agencies/md552/estates/611803/images/8765668/gallery_media.jpeg', 'https://cdn-media.medialabtc.it/es/agencies/md552/estates/611803/images/8765688/gallery_media.jpeg', 'https://cdn-media.medialabtc.it/es/agencies/md552/estates/611803/images/8765662/gallery_media.jpeg', 'https://cdn-media.medialabtc.it/es/agencies/md552/estates/611803/images/8765677/gallery_media.jpeg', 'https://cdn-media.medialabtc.it/es/agencies/md552/estates/611803/images/8765689/gallery_media.jpeg', 'https://cdn-media.medialabtc.it/es/agencies/md552/estates/611803/images/8765693/gallery_media.jpeg', 'https://cdn-media.medialabtc.it/es/agencies/md552/estates/611803/images/8765679/gallery_media.jpeg', 'https://cdn-media.medialabtc.it/es/agencies/md552/estates/611803/images/8765687/gallery_media.jpeg', 'https://cdn-media.medialabtc.it/es/agencies/md552/estates/611803/images/8765692/gallery_media.jpeg', 'https://cdn-media.medialabtc.it/es/agencies/md552/estates/611803/images/8765678/gallery_media.jpeg', 'https://cdn-media.medialabtc.it/es/agencies/md552/estates/611803/images/8765665/gallery_media.jpeg', 'https://cdn-media.medialabtc.it/es/agencies/md552/estates/611803/images/8765674/gallery_media.jpeg', 'https://cdn-media.medialabtc.it/es/agencies/md552/estates/611803/images/8765682/gallery_media.jpeg']",0,Desconocido,0,0,0,0,0,F,0,0,"['imagenes_tecnocasa\\anuncio_743\\0.jpeg', 'imagenes_tecnocasa\\anuncio_743\\1.jpeg', 'imagenes_tecnocasa\\anuncio_743\\2.jpeg', 'imagenes_tecnocasa\\anuncio_743\\3.jpeg', 'imagenes_tecnocasa\\anuncio_743\\4.jpeg', 'imagenes_tecnocasa\\anuncio_743\\5.jpeg', 'imagenes_tecnocasa\\anuncio_743\\6.jpeg', 'imagenes_tecnocasa\\anuncio_743\\7.jpeg', 'imagenes_tecnocasa\\anuncio_743\\8.jpeg', 'imagenes_tecnocasa\\anuncio_743\\9.jpeg', 'imagenes_tecnocasa\\anuncio_743\\10.jpeg', 'imagenes_tecnocasa\\anuncio_743\\11.jpeg', 'imagenes_tecnocasa\\anuncio_743\\12.jpeg', 'imagenes_tecnocasa\\anuncio_743\\13.jpeg', 'imagenes_tecnocasa\\anuncio_743\\14.jpeg', 'imagenes_tecnocasa\\anuncio_743\\15.jpeg', 'imagenes_tecnocasa\\anuncio_743\\16.jpeg', 'imagenes_tecnocasa\\anuncio_743\\17.jpeg', 'imagenes_tecnocasa\\anuncio_743\\18.jpeg', 'imagenes_tecnocasa\\anuncio_743\\19.jpeg', 'imagenes_tecnocasa\\anuncio_743\\20.jpeg', 'imagenes_tecnocasa\\anuncio_743\\21.jpeg', 'imagenes_tecnocasa\\anuncio_743\\22.jpeg', 'imagenes_tecnocasa\\anuncio_743\\23.jpeg', 'imagenes_tecnocasa\\anuncio_743\\24.jpeg', 'imagenes_tecnocasa\\anuncio_743\\25.jpeg']",1,Señorial,1965,0,0,0,piso,1,Alcalá de Henares,"Casco Histórico, Alcalá De Henares",40.481954,-3.363981,743,2900.0,224.0,145.0,0.9,1.0,2.0,0.0,parquet,pintura,ninguna visible,estándar (2.4-2.8m),nada,5.0,6.6,moderno,"['#FFFFFF', '#F2F2F2', '#D3D3D3']",buena,True,eficiente,normal,ninguno,ninguno,estándar,básica,ninguno,7.4,7.0,ninguna,5
https://www.tecnocasa.es/venta/piso/madrid/madrid/499470.html,490000.0,2,87.0,1,"'Agencia inmobiliaria de MADRID zona ANTÓN MARTÍN - LAVAPIÉS - LAS CORTES - REINA SOFÍA Oficina Tecnocasa
VENDE EN EXCLUSIVA! Excepcional piso reformado. Muy luminoso. Exterior con CINCO BALCONES. Calle San Simón. ASCENSOR. Se distribuye en: salón, 2 dormitorios exteriores, baño y cocina con balcón. No pierdas la posibilidad de verlo sin compromiso. Te va a encantar!
Muy bien comunicado: metro Antón Martín (L1) a dos minutos y Atocha-Renfe a 5 minutos
¡Excelente zona!
Antón Martín es dudas uno de los barrios más alternativos de Madrid. En él conviven comercios tradicionales con locales modernos de ambiente cosmopolita y pequeñas tiendas donde encontrar moda y objetos curiosos. Punto de encuentro de gente diferente de todas las edades que tienen en común el gusto por descubrir el encanto de los barrios peculiares. Centros culturales, teatros y museos, así como mercados, restaurantes y bares, ofrecen a visitantes y locales una variada propuesta cultural, de ocio y gastronómica.
Gracias por confiar en nosotros!
Nos avalan 15 años de experiencia en la zona, formando parte de esta gran empresa, líder en España y Europa en el sector de la intermediación inmobiliaria.
¿Quiere conocer el valor real de su inmueble?
Ofrecemos a nuestros vecinos VALORACIONES GRATUITAS y sin ningún compromiso de viviendas, locales y plazas de garaje.
Asesoramiento y gestión en: COMPRAVENTA, ARRENDAMIENTO, CAMBIO de VIVIENDA, HERENCIAS, CAMBIO de USO, CERTIFICADO ENERGÉTICO.
Nuestro departamento KIRON, expertos en intermediación financiera, le ayudarán a encontrar la solución hipotecaria que mejor se adapte a sus necesidades.
Estamos a su disposición para cualquier",1,1,1,1,1,1,0,1,1,1,"['https://cdn-media.medialabtc.it/es/agencies/mdac4/estates/499470/images/8917097/gallery_media.jpeg', 'https://cdn-media.medialabtc.it/es/agencies/mdac4/estates/499470/images/8917094/gallery_media.jpeg', 'https://cdn-media.medialabtc.it/es/agencies/mdac4/estates/499470/images/8960206/gallery_media.jpeg', 'https://cdn-media.medialabtc.it/es/agencies/mdac4/estates/499470/images/8917095/gallery_media.jpeg', 'https://cdn-media.medialabtc.it/es/agencies/mdac4/estates/499470/images/8917089/gallery_media.jpeg', 'https://cdn-media.medialabtc.it/es/agencies/mdac4/estates/499470/images/8917105/gallery_media.jpeg', 'https://cdn-media.medialabtc.it/es/agencies/mdac4/estates/499470/images/8917103/gallery_media.jpeg', 'https://cdn-media.medialabtc.it/es/agencies/mdac4/estates/499470/images/8960208/gallery_media.jpeg', 'https://cdn-media.medialabtc.it/es/agencies/mdac4/estates/499470/images/8917093/gallery_media.jpeg', 'https://cdn-media.medialabtc.it/es/agencies/mdac4/estates/499470/images/8917106/gallery_media.jpeg', 'https://cdn-media.medialabtc.it/es/agencies/mdac4/estates/499470/images/8917107/gallery_media.jpeg', 'https://cdn-media.medialabtc.it/es/agencies/mdac4/estates/499470/images/8917100/gallery_media.jpeg', 'https://cdn-media.medialabtc.it/es/agencies/mdac4/estates/499470/images/8917090/gallery_media.jpeg', 'https://cdn-media.medialabtc.it/es/agencies/mdac4/estates/499470/images/8917092/gallery_media.jpeg', 'https://cdn-media.medialabtc.it/es/agencies/mdac4/estates/499470/images/8917102/gallery_media.jpeg', 'https://cdn-media.medialabtc.it/es/agencies/mdac4/estates/499470/images/8917091/gallery_media.jpeg', 'https://cdn-media.medialabtc.it/es/agencies/mdac4/estates/499470/images/8917108/gallery_media.jpeg', 'https://cdn-media.medialabtc.it/es/agencies/mdac4/estates/499470/images/8917096/gallery_media.jpeg', 'https://cdn-media.medialabtc.it/es/agencies/mdac4/estates/499470/images/8917101/gallery_media.jpeg', 'https://cdn-media.medialabtc.it/es/agencies/mdac4/estates/499470/images/8917104/gallery_media.jpeg', 'https://cdn-media.medialabtc.it/es/agencies/mdac4/estates/499470/images/8917099/gallery_media.jpeg', 'https://cdn-media.medialabtc.it/es/agencies/mdac4/estates/499470/images/8960207/gallery_media.jpeg', 'https://cdn-media.medialabtc.it/es/agencies/mdac4/estates/499470/images/8917098/gallery_media.jpeg']",0,Reformado,1,0,0,1,0,E,0,0,"['imagenes_tecnocasa\\anuncio_745\\0.jpeg', 'imagenes_tecnocasa\\anuncio_745\\1.jpeg', 'imagenes_tecnocasa\\anuncio_745\\2.jpeg', 'imagenes_tecnocasa\\anuncio_745\\3.jpeg', 'imagenes_tecnocasa\\anuncio_745\\4.jpeg', 'imagenes_tecnocasa\\anuncio_745\\5.jpeg', 'imagenes_tecnocasa\\anuncio_745\\6.jpeg', 'imagenes_tecnocasa\\anuncio_745\\7.jpeg', 'imagenes_tecnocasa\\anuncio_745\\8.jpeg', 'imagenes_tecnocasa\\anuncio_745\\9.jpeg', 'imagenes_tecnocasa\\anuncio_745\\10.jpeg', 'imagenes_tecnocasa\\anuncio_745\\11.jpeg', 'imagenes_tecnocasa\\anuncio_745\\12.jpeg', 'imagenes_tecnocasa\\anuncio_745\\13.jpeg', 'imagenes_tecnocasa\\anuncio_745\\14.jpeg', 'imagenes_tecnocasa\\anuncio_745\\15.jpeg', 'imagenes_tecnocasa\\anuncio_745\\16.jpeg', 'imagenes_tecnocasa\\anuncio_745\\17.jpeg', 'imagenes_tecnocasa\\anuncio_745\\18.jpeg', 'imagenes_tecnocasa\\anuncio_745\\19.jpeg', 'imagenes_tecnocasa\\anuncio_745\\20.jpeg', 'imagenes_tecnocasa\\anuncio_745\\21.jpeg', 'imagenes_tecnocasa\\anuncio_745\\22.jpeg']",1,Popular,1973,1,0,1,piso,1,Embajadores,"Lavapiés - Embajadores, Madrid",40.4095856,-3.7029851,745,5632.183908045977,253.0,187.0,0.1625,0.2,3.0,0.0,otro,pintura,corredera,estándar (2.4-2.8m),nada,4.4,4.6,moderno,"['#FFFFFF', '#A9B7C6', '#F2F2F2']",buena,False,convencional,normal,ninguno,ninguno,estándar,básica,ninguno,7.0,6.4,ninguna,5
https://www.tecnocasa.es/venta/piso/madrid/madrid/616763.html,235000.0,3,102.0,2,"Agencia inmobiliaria de MADRID VALLECAS - Zona PALOMERAS SURESTE - Oficina TECNOCASA

Vende piso exterior muy luminoso con plaza de garaje incluida, de tres dormitorios de origen y dos cuartos de baños.
Edificio adaptado a personas de movilidad reducida.

TECNOCASA → PALOMERAS SURESTE - PORTAZGO.

Hall recibidor que sirve como distribuidor entre la cocina y el salón - comedor.
Salón - comedor con salida a una terraza muy agradable, cocina de formato alargado de gran tamaño.

Tres dormitorios amplios (uno de ellos en la actualidad destinado a un pequeño salón de estar).
Dispone de dos cuartos de baños.
Calefacción individual con gas natural.

La vivienda se encuentra en una zona con muy buena comunicación, a escasos metros de la Avda. de Miguel Hernández y de la Albufera. A cuatro minutos del metro Miguel Hernandez. Fácil y rápido acceso a las principales vías de entrada y salida de Madrid. Conexión M-30, M-40 y A-3. Excelente comunicación por autobuses, metro y Renfe.

Con todos los servicios como centros de salud, farmacias, colegios, institutos, bancos, supermercado, polideportivos…

Si se ajusta a sus criterios y busca una buena oportunidad esta vivienda puede ser la suya, venga a verla, y si necesita financiación quedan a su disposición nuestros compañeros del departamento financiero Kíron para ofrecerle la mejor opción de financiación.
¡No dude en venir a verlo!

Muchas gracias por su confianza.",1,1,1,1,1,1,0,1,1,1,"['https://cdn-media.medialabtc.it/es/agencies/md099/estates/616763/images/8912002/gallery_media.jpeg', 'https://cdn-media.medialabtc.it/es/agencies/md099/estates/616763/images/8912006/gallery_media.jpeg', 'https://cdn-media.medialabtc.it/es/agencies/md099/estates/616763/images/8912012/gallery_media.jpeg', 'https://cdn-media.medialabtc.it/es/agencies/md099/estates/616763/images/8911981/gallery_media.jpeg', 'https://cdn-media.medialabtc.it/es/agencies/md099/estates/616763/images/8912010/gallery_media.jpeg', 'https://cdn-media.medialabtc.it/es/agencies/md099/estates/616763/images/8912008/gallery_media.jpeg', 'https://cdn-media.medialabtc.it/es/agencies/md099/estates/616763/images/8912009/gallery_media.jpeg', 'https://cdn-media.medialabtc.it/es/agencies/md099/estates/616763/images/8912011/gallery_media.jpeg', 'https://cdn-media.medialabtc.it/es/agencies/md099/estates/616763/images/8912007/gallery_media.jpeg', 'https://cdn-media.medialabtc.it/es/agencies/md099/estates/616763/images/8912003/gallery_media.jpeg', 'https://cdn-media.medialabtc.it/es/agencies/md099/estates/616763/images/8912004/gallery_media.jpeg', 'https://cdn-media.medialabtc.it/es/agencies/md099/estates/616763/images/8912005/gallery_media.jpeg']",0,Desconocido,1,0,0,1,0,Desconocida,0,0,"['imagenes_tecnocasa\\anuncio_746\\0.jpeg', 'imagenes_tecnocasa\\anuncio_746\\1.jpeg', 'imagenes_tecnocasa\\anuncio_746\\2.jpeg', 'imagenes_tecnocasa\\anuncio_746\\3.jpeg', 'imagenes_tecnocasa\\anuncio_746\\4.jpeg', 'imagenes_tecnocasa\\anuncio_746\\5.jpeg', 'imagenes_tecnocasa\\anuncio_746\\6.jpeg', 'imagenes_tecnocasa\\anuncio_746\\7.jpeg', 'imagenes_tecnocasa\\anuncio_746\\8.jpeg', 'imagenes_tecnocasa\\anuncio_746\\9.jpeg', 'imagenes_tecnocasa\\anuncio_746\\10.jpeg', 'imagenes_tecnocasa\\anuncio_746\\11.jpeg']",0,Señorial,1985,0,0,1,piso,10,Madrid,"Palomeras - Portazgo, Madrid",40.4167047,-3.7035825,746,2303.921568627451,226.0,155.0,0.0625,0.4,2.0,0.0,cerámica,pintura,corredera,estándar (2.4-2.8m),nada,3.4,2.8,convencional,"['#F5F5DC', '#FFF8DC', '#FAEBD7']",regular,False,convencional,limitado,ninguno,ninguno,estándar,básica,ninguno,6.4,6.6,ninguna,5
https://www.tecnocasa.es/venta/piso/madrid/majadahonda/610581.html,699900.0,3,247.0,2,"Estudio Majadahonda Plantio presenta espectacular oportunidad:

Descubre esta elegante propiedad en una de las mejores zonas de Majadahonda, ideal para quienes buscan comodidad y estilo. Con una superficie de 157 m2 en la planta baja y otros 125 m2 en la parte de arriba, de los cuales 80 m2 son terraza, este dúplex, ofrece un diseño espacioso y funcional.

Cuenta con dos amplios dormitorios bien distribuidos, aunque en origen eran tres, perfectos para el descanso y la privacidad, de manera extra, contamos en la cocina con un tercer dormitorio para servicio o la posibilidad de agrandar dicha estancia.

Los dos baños, ambos completos, uno de ellos en suite y el otro con ventilación exterior están diseñados para ofrecer confort y practicidad. En la segunda planta, contamos con la posibilidad de una zona de estar o un cuarto dormitorio con varias ventanas velux y la joya de la propiedad, una terraza de más de ochenta metros que invita a disfrutar de momentos al aire libre, con barbacoa y una piscina privada con uso exclusivo de esta propiedad, ideal para relajarse o compartir con amigos y dispone de una plaza de aparcamiento y trastero, lo que añade un valor significativo a la comodidad diaria.

El edificio, construido en 1979, con un portal señorial, está equipado con ascensor, y la urbanización consta de piscina (a parte de la que tenemos en nuestra propia terraza), conserje, plazas de aparcamiento añadidas y zonas ajardinadas, ofreciendo un entorno agradable y completo para sus residentes.

Esta propiedad es una oportunidad única para vivir en una zona tranquila y bien conectada, con todas las comodidades necesarias para una vida confortable. No pierdas la oportunidad de hacerla tuya.

Situada en la zona del plantío de Majadahonda y rodeada de zonas verdes, parques infantiles, comercios, bares, restaurantes, colegios, paradas de autobús. Con muy buena comunicación con la M-50 y la A-6. Es una excelente oportunidad para vivir en Majadahonda.

POSIBILIDAD DE FINANCIACIÓN 100% con nuestro departamento financiero. Estudio hipotecario gratuito y sin compromiso.",0,1,1,1,1,1,0,1,1,1,"['https://cdn-media.medialabtc.it/es/agencies/md633/estates/610581/images/8758224/gallery_media.jpeg', 'https://cdn-media.medialabtc.it/es/agencies/md633/estates/610581/images/8750607/gallery_media.jpeg', 'https://cdn-media.medialabtc.it/es/agencies/md633/estates/610581/images/8750599/gallery_media.jpeg', 'https://cdn-media.medialabtc.it/es/agencies/md633/estates/610581/images/8750594/gallery_media.jpeg', 'https://cdn-media.medialabtc.it/es/agencies/md633/estates/610581/images/8758225/gallery_media.jpeg', 'https://cdn-media.medialabtc.it/es/agencies/md633/estates/610581/images/8750593/gallery_media.jpeg', 'https://cdn-media.medialabtc.it/es/agencies/md633/estates/610581/images/8750603/gallery_media.jpeg', 'https://cdn-media.medialabtc.it/es/agencies/md633/estates/610581/images/8750601/gallery_media.jpeg', 'https://cdn-media.medialabtc.it/es/agencies/md633/estates/610581/images/8750587/gallery_media.jpeg', 'https://cdn-media.medialabtc.it/es/agencies/md633/estates/610581/images/8750602/gallery_media.jpeg', 'https://cdn-media.medialabtc.it/es/agencies/md633/estates/610581/images/8750585/gallery_media.jpeg', 'https://cdn-media.medialabtc.it/es/agencies/md633/estates/610581/images/8750604/gallery_media.jpeg', 'https://cdn-media.medialabtc.it/es/agencies/md633/estates/610581/images/8750600/gallery_media.jpeg', 'https://cdn-media.medialabtc.it/es/agencies/md633/estates/610581/images/8750598/gallery_media.jpeg', 'https://cdn-media.medialabtc.it/es/agencies/md633/estates/610581/images/8750590/gallery_media.jpeg', 'https://cdn-media.medialabtc.it/es/agencies/md633/estates/610581/images/8750605/gallery_media.jpeg', 'https://cdn-media.medialabtc.it/es/agencies/md633/estates/610581/images/8750591/gallery_media.jpeg', 'https://cdn-media.medialabtc.it/es/agencies/md633/estates/610581/images/8750596/gallery_media.jpeg', 'https://cdn-media.medialabtc.it/es/agencies/md633/estates/610581/images/8750597/gallery_media.jpeg', 'https://cdn-media.medialabtc.it/es/agencies/md633/estates/610581/images/8750606/gallery_media.jpeg', 'https://cdn-media.medialabtc.it/es/agencies/md633/estates/610581/images/8750595/gallery_media.jpeg', 'https://cdn-media.medialabtc.it/es/agencies/md633/estates/610581/images/8750608/gallery_media.jpeg', 'https://cdn-media.medialabtc.it/es/agencies/md633/estates/610581/images/8750586/gallery_media.jpeg', 'https://cdn-media.medialabtc.it/es/agencies/md633/estates/610581/images/8750592/gallery_media.jpeg', 'https://cdn-media.medialabtc.it/es/agencies/md633/estates/610581/images/8750610/gallery_media.jpeg', 'https://cdn-media.medialabtc.it/es/agencies/md633/estates/610581/images/8750589/gallery_media.jpeg']",0,Desconocido,1,1,1,1,1,E,1,1,"['imagenes_tecnocasa\\anuncio_749\\0.jpeg', 'imagenes_tecnocasa\\anuncio_749\\1.jpeg', 'imagenes_tecnocasa\\anuncio_749\\2.jpeg', 'imagenes_tecnocasa\\anuncio_749\\3.jpeg', 'imagenes_tecnocasa\\anuncio_749\\4.jpeg', 'imagenes_tecnocasa\\anuncio_749\\5.jpeg', 'imagenes_tecnocasa\\anuncio_749\\6.jpeg', 'imagenes_tecnocasa\\anuncio_749\\7.jpeg', 'imagenes_tecnocasa\\anuncio_749\\8.jpeg', 'imagenes_tecnocasa\\anuncio_749\\9.jpeg', 'imagenes_tecnocasa\\anuncio_749\\10.jpeg', 'imagenes_tecnocasa\\anuncio_749\\11.jpeg', 'imagenes_tecnocasa\\anuncio_749\\12.jpeg', 'imagenes_tecnocasa\\anuncio_749\\13.jpeg', 'imagenes_tecnocasa\\anuncio_749\\14.jpeg', 'imagenes_tecnocasa\\anuncio_749\\15.jpeg', 'imagenes_tecnocasa\\anuncio_749\\16.jpeg', 'imagenes_tecnocasa\\anuncio_749\\17.jpeg', 'imagenes_tecnocasa\\anuncio_749\\18.jpeg', 'imagenes_tecnocasa\\anuncio_749\\19.jpeg', 'imagenes_tecnocasa\\anuncio_749\\20.jpeg', 'imagenes_tecnocasa\\anuncio_749\\21.jpeg', 'imagenes_tecnocasa\\anuncio_749\\22.jpeg', 'imagenes_tecnocasa\\anuncio_749\\23.jpeg', 'imagenes_tecnocasa\\anuncio_749\\24.jpeg', 'imagenes_tecnocasa\\anuncio_749\\25.jpeg']",0,Señorial,1979,0,0,1,piso,3,Majadahonda,Majadahonda,40.4728425,-3.8723542,749,2833.6032388663966,333.0,203.0,0.6,0.7000000000000001,2.0,1.0,cerámica,pintura,corredera,estándar (2.4-2.8m),nada,5.0,3.8,clásico,"['#F2E9E1', '#D2B48C', '#FFFFFF']",buena,False,convencional,amplio,ninguno,ninguno,estándar,básica,ninguno,7.8,6.8,ninguna,5
https://www.tecnocasa.es/venta/casa/madrid/san-agustin-del-guadalix/612329.html,475000.0,4,315.0,3,"¡Descubre el hogar de tus sueños en San Agustín del Guadalix! Este impresionante chalet adosado de más de 300 m² te ofrece un estilo de vida inigualable. Con fácil acceso desde la carretera de Burgos, la propiedad se distribuye en varias plantas que maximizan el confort y la funcionalidad. Al entrar, te recibe un amplio recibidor con armario empotrado que da
paso a un salón independiente con chimenea, perfecto para las noches acogedoras de invierno. Desde aquí, accedes a un porche que se abre a una piscina privada, ideal para disfrutar del verano.

La cocina independiente es espaciosa y ofrece la opción de transformarse en una moderna cocina americana, creando un salón comedor abierto y luminoso. En la primera planta, encontrarás cuatro dormitorios, la mayoría con armarios empotrados, incluyendo un dormitorio principal con baño en suite que garantiza privacidad y comodidad. La buhardilla es un espacio versátil, perfecto como despacho o sala de juegos, y cuenta con una terraza orientada a la piscina.

El sótano alberga un garaje para dos vehículos y una práctica zona de lavandería. Además, este chalet está cerca de todos los servicios necesarios para tu día a día. Con posibilidad de financiación hasta el 100%, esta es una oportunidad única para adquirir una vivienda en buen estado y con todas las comodidades. No esperes más para visitar este increíble hogar donde cada detalle ha sido pensado para ofrecerte el máximo confort. ¡Ven a verlo y enamórate!",0,0,1,1,0,1,0,1,1,1,"['https://cdn-media.medialabtc.it/es/agencies/md581/estates/612329/images/8792110/gallery_media.jpeg', 'https://cdn-media.medialabtc.it/es/agencies/md581/estates/612329/images/8792177/gallery_media.jpeg', 'https://cdn-media.medialabtc.it/es/agencies/md581/estates/612329/images/8792108/gallery_media.jpeg', 'https://cdn-media.medialabtc.it/es/agencies/md581/estates/612329/images/8792187/gallery_media.jpeg', 'https://cdn-media.medialabtc.it/es/agencies/md581/estates/612329/images/8792188/gallery_media.jpeg', 'https://cdn-media.medialabtc.it/es/agencies/md581/estates/612329/images/8792176/gallery_media.jpeg', 'https://cdn-media.medialabtc.it/es/agencies/md581/estates/612329/images/8792180/gallery_media.jpeg', 'https://cdn-media.medialabtc.it/es/agencies/md581/estates/612329/images/8792112/gallery_media.jpeg', 'https://cdn-media.medialabtc.it/es/agencies/md581/estates/612329/images/8792178/gallery_media.jpeg', 'https://cdn-media.medialabtc.it/es/agencies/md581/estates/612329/images/8792189/gallery_media.jpeg', 'https://cdn-media.medialabtc.it/es/agencies/md581/estates/612329/images/8792185/gallery_media.jpeg', 'https://cdn-media.medialabtc.it/es/agencies/md581/estates/612329/images/8792190/gallery_media.jpeg', 'https://cdn-media.medialabtc.it/es/agencies/md581/estates/612329/images/8792182/gallery_media.jpeg', 'https://cdn-media.medialabtc.it/es/agencies/md581/estates/612329/images/8792138/gallery_media.jpeg', 'https://cdn-media.medialabtc.it/es/agencies/md581/estates/612329/images/8792137/gallery_media.jpeg', 'https://cdn-media.medialabtc.it/es/agencies/md581/estates/612329/images/8792175/gallery_media.jpeg', 'https://cdn-media.medialabtc.it/es/agencies/md581/estates/612329/images/8792191/gallery_media.jpeg', 'https://cdn-media.medialabtc.it/es/agencies/md581/estates/612329/images/8792136/gallery_media.jpeg', 'https://cdn-media.medialabtc.it/es/agencies/md581/estates/612329/images/8792179/gallery_media.jpeg', 'https://cdn-media.medialabtc.it/es/agencies/md581/estates/612329/images/8792111/gallery_media.jpeg', 'https://cdn-media.medialabtc.it/es/agencies/md581/estates/612329/images/8792135/gallery_media.jpeg', 'https://cdn-media.medialabtc.it/es/agencies/md581/estates/612329/images/8792184/gallery_media.jpeg', 'https://cdn-media.medialabtc.it/es/agencies/md581/estates/612329/images/8792109/gallery_media.jpeg', 'https://cdn-media.medialabtc.it/es/agencies/md581/estates/612329/images/8792183/gallery_media.jpeg', 'https://cdn-media.medialabtc.it/es/agencies/md581/estates/612329/images/8792221/gallery_media.jpeg']",0,Buen estado,1,0,1,1,0,E,0,0,"['imagenes_tecnocasa\\anuncio_750\\0.jpeg', 'imagenes_tecnocasa\\anuncio_750\\1.jpeg', 'imagenes_tecnocasa\\anuncio_750\\2.jpeg', 'imagenes_tecnocasa\\anuncio_750\\3.jpeg', 'imagenes_tecnocasa\\anuncio_750\\4.jpeg', 'imagenes_tecnocasa\\anuncio_750\\5.jpeg', 'imagenes_tecnocasa\\anuncio_750\\6.jpeg', 'imagenes_tecnocasa\\anuncio_750\\7.jpeg', 'imagenes_tecnocasa\\anuncio_750\\8.jpeg', 'imagenes_tecnocasa\\anuncio_750\\9.jpeg', 'imagenes_tecnocasa\\anuncio_750\\10.jpeg', 'imagenes_tecnocasa\\anuncio_750\\11.jpeg', 'imagenes_tecnocasa\\anuncio_750\\12.jpeg', 'imagenes_tecnocasa\\anuncio_750\\13.jpeg', 'imagenes_tecnocasa\\anuncio_750\\14.jpeg', 'imagenes_tecnocasa\\anuncio_750\\15.jpeg', 'imagenes_tecnocasa\\anuncio_750\\16.jpeg', 'imagenes_tecnocasa\\anuncio_750\\17.jpeg', 'imagenes_tecnocasa\\anuncio_750\\18.jpeg', 'imagenes_tecnocasa\\anuncio_750\\19.jpeg', 'imagenes_tecnocasa\\anuncio_750\\20.jpeg', 'imagenes_tecnocasa\\anuncio_750\\21.jpeg', 'imagenes_tecnocasa\\anuncio_750\\22.jpeg', 'imagenes_tecnocasa\\anuncio_750\\23.jpeg', 'imagenes_tecnocasa\\anuncio_750\\24.jpeg']",1,Media,2006,1,0,0,casa,2,San Agustín del Guadalix,San Agustín Del Guadalix,40.679051,-3.6166004,750,1507.936507936508,240.0,162.0,1.0,1.0,2.0,1.0,parquet,pintura,corredera,estándar (2.4-2.8m),nada,4.6,3.6,clásico,"['#FFFFFF', '#D3D3D3', '#EEEEEE']",buena,False,convencional,limitado,ninguno,ninguno,estándar,básica,ninguno,7.8,6.8,ninguna,5
https://www.tecnocasa.es/venta/piso/madrid/madrid/618466.html,343000.0,3,88.0,1,"'TECNOCASA 'ESTUDIO SAN BLAS 2018 S. L. ' Vende inmueble de 94 m2 construidos en la ZONA ARCOS de SAN BLAS.

Una TERCERA planta, completamente exterior, con doble ascensor. En buen estado, REFORMADO.
Compuesto de 3 amplios dormitorios, terraza, un baño completo con plato de ducha, hall, salón muy luminoso y acogedor. Cocina independiente con una pequeña terraza.

Excelente ubicación y excelentes vistas. Orientación: Norte-Sur.

El inmueble se encuentra situado entre metro de San Blas L7 y metro Avenida de Guadalajara L2. Es una zona muy bien comunicada, con comercios, colegios, zonas verdes, polideportivo, centro comercial.

Le buscamos la hipoteca hasta el 100%.

Los profesionales Kìron, gracias a un profundo conocimiento del mercado bancario, le ayudan a encontrar la solución hipotecaria que mejor se adapte a sus preferencias. '.",1,0,1,1,1,1,1,1,1,1,"['https://cdn-media.medialabtc.it/es/agencies/md017/estates/618466/images/8957552/gallery_media.jpeg', 'https://cdn-media.medialabtc.it/es/agencies/md017/estates/618466/images/8957554/gallery_media.jpeg', 'https://cdn-media.medialabtc.it/es/agencies/md017/estates/618466/images/8957557/gallery_media.jpeg', 'https://cdn-media.medialabtc.it/es/agencies/md017/estates/618466/images/8957602/gallery_media.jpeg', 'https://cdn-media.medialabtc.it/es/agencies/md017/estates/618466/images/8957606/gallery_media.jpeg', 'https://cdn-media.medialabtc.it/es/agencies/md017/estates/618466/images/8957610/gallery_media.jpeg', 'https://cdn-media.medialabtc.it/es/agencies/md017/estates/618466/images/8957605/gallery_media.jpeg', 'https://cdn-media.medialabtc.it/es/agencies/md017/estates/618466/images/8957607/gallery_media.jpeg', 'https://cdn-media.medialabtc.it/es/agencies/md017/estates/618466/images/8957611/gallery_media.jpeg', 'https://cdn-media.medialabtc.it/es/agencies/md017/estates/618466/images/8957558/gallery_media.jpeg', 'https://cdn-media.medialabtc.it/es/agencies/md017/estates/618466/images/8957556/gallery_media.jpeg', 'https://cdn-media.medialabtc.it/es/agencies/md017/estates/618466/images/8957604/gallery_media.jpeg', 'https://cdn-media.medialabtc.it/es/agencies/md017/estates/618466/images/8957550/gallery_media.jpeg', 'https://cdn-media.medialabtc.it/es/agencies/md017/estates/618466/images/8957612/gallery_media.jpeg', 'https://cdn-media.medialabtc.it/es/agencies/md017/estates/618466/images/8957561/gallery_media.jpeg', 'https://cdn-media.medialabtc.it/es/agencies/md017/estates/618466/images/8957559/gallery_media.jpeg', 'https://cdn-media.medialabtc.it/es/agencies/md017/estates/618466/images/8957608/gallery_media.jpeg', 'https://cdn-media.medialabtc.it/es/agencies/md017/estates/618466/images/8957609/gallery_media.jpeg', 'https://cdn-media.medialabtc.it/es/agencies/md017/estates/618466/images/8957560/gallery_media.jpeg', 'https://cdn-media.medialabtc.it/es/agencies/md017/estates/618466/images/8957603/gallery_media.jpeg', 'https://cdn-media.medialabtc.it/es/agencies/md017/estates/618466/images/8957551/gallery_media.jpeg', 'https://cdn-media.medialabtc.it/es/agencies/md017/estates/618466/images/8957555/gallery_media.jpeg', 'https://cdn-media.medialabtc.it/es/agencies/md017/estates/618466/images/8957553/gallery_media.jpeg']",0,Buen estado,0,0,0,1,0,Desconocida,0,0,"['imagenes_tecnocasa\\anuncio_751\\0.jpeg', 'imagenes_tecnocasa\\anuncio_751\\1.jpeg', 'imagenes_tecnocasa\\anuncio_751\\2.jpeg', 'imagenes_tecnocasa\\anuncio_751\\3.jpeg', 'imagenes_tecnocasa\\anuncio_751\\4.jpeg', 'imagenes_tecnocasa\\anuncio_751\\5.jpeg', 'imagenes_tecnocasa\\anuncio_751\\6.jpeg', 'imagenes_tecnocasa\\anuncio_751\\7.jpeg', 'imagenes_tecnocasa\\anuncio_751\\8.jpeg', 'imagenes_tecnocasa\\anuncio_751\\9.jpeg', 'imagenes_tecnocasa\\anuncio_751\\10.jpeg', 'imagenes_tecnocasa\\anuncio_751\\11.jpeg', 'imagenes_tecnocasa\\anuncio_751\\12.jpeg', 'imagenes_tecnocasa\\anuncio_751\\13.jpeg', 'imagenes_tecnocasa\\anuncio_751\\14.jpeg', 'imagenes_tecnocasa\\anuncio_751\\15.jpeg', 'imagenes_tecnocasa\\anuncio_751\\16.jpeg', 'imagenes_tecnocasa\\anuncio_751\\17.jpeg', 'imagenes_tecnocasa\\anuncio_751\\18.jpeg', 'imagenes_tecnocasa\\anuncio_751\\19.jpeg', 'imagenes_tecnocasa\\anuncio_751\\20.jpeg', 'imagenes_tecnocasa\\anuncio_751\\21.jpeg', 'imagenes_tecnocasa\\anuncio_751\\22.jpeg']",0,Popular,1974,0,0,0,piso,3,Madrid,"Canillejas, Madrid",40.4167047,-3.7035825,751,3897.7272727272725,129.0,108.0,0.0,0.0,3.0,0.0,vinilo,pintura,corredera,estándar (2.4-2.8m),nada,2.6,4.0,moderno,"['#F2F2F2', '#A9A9A9', '#545454']",regular,False,convencional,limitado,ninguno,ninguno,estándar,parcialmente equipada,ninguno,5.4,5.8,ninguna,5
https://www.tecnocasa.es/venta/piso/madrid/alcorcon/620822.html,180000.0,3,67.0,1,"Agencia inmobiliaria de ALCORCÓN - zona CENTRO - Oficina Tecnocasa de ALCORCÓN, Vende PISO EN ZONA CENTRO

EN VENTA:
¡OPORTUNIDAD ÚNICA EN EL CENTRO DE ALCORCÓN!
Te presentamos este amplio piso de 2 dormitorios ubicado en una de las mejores zonas de Alcorcón centro. Ideal tanto para vivir como para invertir, esta vivienda lo tiene todo para disfrutar del confort y la comodidad en una zona con excelentes servicios y comunicaciones.
Características principales:
2 dormitorios luminosos, cocina amueblada, salón amplio, perfecto para compartir momentos en familia o con amigos,terraza abierta, ideal para relajarte, disfrutar del sol o crear tu rincón verde un baño completo en buen estado en una finca tranquila .
Situado en una zona céntrica y muy bien comunicada, con acceso a transporte público, RENFE, METRO Y AUTOBUSES, colegios, centros médicos, supermercados y todo lo que necesitas a pocos pasos de casa.
¡No dejes pasar esta oportunidad!
Llama ahora y agenda tu visita.
¡Este piso puede ser tu nuevo hogar!",1,1,1,1,1,1,1,1,1,1,"['https://cdn-media.medialabtc.it/es/agencies/mdbla/estates/620822/images/8974335/gallery_media.jpeg', 'https://cdn-media.medialabtc.it/es/agencies/mdbla/estates/620822/images/8974301/gallery_media.jpeg', 'https://cdn-media.medialabtc.it/es/agencies/mdbla/estates/620822/images/8974292/gallery_media.jpeg', 'https://cdn-media.medialabtc.it/es/agencies/mdbla/estates/620822/images/8974324/gallery_media.jpeg', 'https://cdn-media.medialabtc.it/es/agencies/mdbla/estates/620822/images/8974341/gallery_media.jpeg', 'https://cdn-media.medialabtc.it/es/agencies/mdbla/estates/620822/images/8974340/gallery_media.jpeg', 'https://cdn-media.medialabtc.it/es/agencies/mdbla/estates/620822/images/8974327/gallery_media.jpeg', 'https://cdn-media.medialabtc.it/es/agencies/mdbla/estates/620822/images/8974325/gallery_media.jpeg', 'https://cdn-media.medialabtc.it/es/agencies/mdbla/estates/620822/images/8974336/gallery_media.jpeg', 'https://cdn-media.medialabtc.it/es/agencies/mdbla/estates/620822/images/8974323/gallery_media.jpeg', 'https://cdn-media.medialabtc.it/es/agencies/mdbla/estates/620822/images/8974330/gallery_media.jpeg', 'https://cdn-media.medialabtc.it/es/agencies/mdbla/estates/620822/images/8974338/gallery_media.jpeg', 'https://cdn-media.medialabtc.it/es/agencies/mdbla/estates/620822/images/8974329/gallery_media.jpeg', 'https://cdn-media.medialabtc.it/es/agencies/mdbla/estates/620822/images/8974326/gallery_media.jpeg', 'https://cdn-media.medialabtc.it/es/agencies/mdbla/estates/620822/images/8974289/gallery_media.jpeg', 'https://cdn-media.medialabtc.it/es/agencies/mdbla/estates/620822/images/8974293/gallery_media.jpeg', 'https://cdn-media.medialabtc.it/es/agencies/mdbla/estates/620822/images/8974295/gallery_media.jpeg', 'https://cdn-media.medialabtc.it/es/agencies/mdbla/estates/620822/images/8974339/gallery_media.jpeg', 'https://cdn-media.medialabtc.it/es/agencies/mdbla/estates/620822/images/8974322/gallery_media.jpeg', 'https://cdn-media.medialabtc.it/es/agencies/mdbla/estates/620822/images/8974334/gallery_media.jpeg', 'https://cdn-media.medialabtc.it/es/agencies/mdbla/estates/620822/images/8974297/gallery_media.jpeg', 'https://cdn-media.medialabtc.it/es/agencies/mdbla/estates/620822/images/8974296/gallery_media.jpeg', 'https://cdn-media.medialabtc.it/es/agencies/mdbla/estates/620822/images/8974332/gallery_media.jpeg', 'https://cdn-media.medialabtc.it/es/agencies/mdbla/estates/620822/images/8974290/gallery_media.jpeg', 'https://cdn-media.medialabtc.it/es/agencies/mdbla/estates/620822/images/8974328/gallery_media.jpeg', 'https://cdn-media.medialabtc.it/es/agencies/mdbla/estates/620822/images/8974298/gallery_media.jpeg', 'https://cdn-media.medialabtc.it/es/agencies/mdbla/estates/620822/images/8974300/gallery_media.jpeg']",0,Buen estado,0,0,0,1,0,E,0,0,"['imagenes_tecnocasa\\anuncio_754\\0.jpeg', 'imagenes_tecnocasa\\anuncio_754\\1.jpeg', 'imagenes_tecnocasa\\anuncio_754\\2.jpeg', 'imagenes_tecnocasa\\anuncio_754\\3.jpeg', 'imagenes_tecnocasa\\anuncio_754\\4.jpeg', 'imagenes_tecnocasa\\anuncio_754\\5.jpeg', 'imagenes_tecnocasa\\anuncio_754\\6.jpeg', 'imagenes_tecnocasa\\anuncio_754\\7.jpeg', 'imagenes_tecnocasa\\anuncio_754\\8.jpeg', 'imagenes_tecnocasa\\anuncio_754\\9.jpeg', 'imagenes_tecnocasa\\anuncio_754\\10.jpeg', 'imagenes_tecnocasa\\anuncio_754\\11.jpeg', 'imagenes_tecnocasa\\anuncio_754\\12.jpeg', 'imagenes_tecnocasa\\anuncio_754\\13.jpeg', 'imagenes_tecnocasa\\anuncio_754\\14.jpeg', 'imagenes_tecnocasa\\anuncio_754\\15.jpeg', 'imagenes_tecnocasa\\anuncio_754\\16.jpeg', 'imagenes_tecnocasa\\anuncio_754\\17.jpeg', 'imagenes_tecnocasa\\anuncio_754\\18.jpeg', 'imagenes_tecnocasa\\anuncio_754\\19.jpeg', 'imagenes_tecnocasa\\anuncio_754\\20.jpeg', 'imagenes_tecnocasa\\anuncio_754\\21.jpeg', 'imagenes_tecnocasa\\anuncio_754\\22.jpeg', 'imagenes_tecnocasa\\anuncio_754\\23.jpeg', 'imagenes_tecnocasa\\anuncio_754\\24.jpeg', 'imagenes_tecnocasa\\anuncio_754\\25.jpeg', 'imagenes_tecnocasa\\anuncio_754\\26.jpeg']",1,Media,1960,0,0,0,piso,2,Alcorcón,"Centro - Ondarreta - Torres Bellas, Centro, Alcorcón",40.3492998,-3.8284295,754,2686.5671641791046,162.0,120.0,0.95,1.0,2.0,1.0,cerámica,pintura,corredera,estándar (2.4-2.8m),nada,3.2,3.8,convencional,"['#F2F2F2', '#A9A9A9', '#585858']",regular,False,convencional,limitado,ninguno,ninguno,estándar,básica,ninguno,6.2,6.2,ninguna,5
https://www.tecnocasa.es/venta/piso/madrid/mostoles/618618.html,225000.0,3,80.0,1,"Agencia inmobiliaria Tecnocasa - MÓSTOLES-zona MÓSTOLES EL SOTO-AZORIN. Vende Magnifico piso en Calle Joaquín Blume, Una tercera planta de exterior en una finca que cuenta con nueve alturas. Compuesto de 3 dormitorios, dos de ellos con armarios empotrados de obra. Vivienda reformada PARA ENTRAR A VIVIR. Pintado todo en blanco, Salón-comedor con doble acceso en el cual se unió la terraza, que ha quedado acristalada con ventanas correderas, cuenta con aire acondicionado con bomba de frío/calor. Amplia cocina reformada hace unos 8 años, en forma de L con tendedero y zona de despensa, la cocina cuenta también con doble acceso, ventanas dobles en la vivienda, 1 baño completo con plato de ducha y completamente reformado de hace unos 8 años. Muy luminoso durante todo el día, orientación NORESTE y una estancia OESTE vistas a zonas ajardinadas. Calefacción central, incluida agua fría y caliente en la cuota de la comunidad, finca con un ascensor.

Vivienda situada en el barrio del soto, zona de Azorín, parque liana, zona con una población joven, amplias zonas ajardinadas con parques infantiles y adultos, muy bien comunicado teniendo salida directa Autovía nacional A5 y línea de Renfe C5 en su estación de Móstoles - El Soto o las líneas de Autobuses urbanos: 519, 522, 524, 525, 526 y L3. Metro-sur hospital

NO TE PIERDAS ESTA GRAN OPORTUNIDAD y llámanos para concertar visita.

Te ofrecemos un servicio profesional de asesoramiento, con nuestro departamento financiero Kiron, calidad y total

Te asesoramos en la financiación con las mejores condiciones del mercado!",1,1,1,1,1,1,0,1,1,1,"['https://cdn-media.medialabtc.it/es/agencies/mdbmb/estates/618618/images/8938755/gallery_media.jpeg', 'https://cdn-media.medialabtc.it/es/agencies/mdbmb/estates/618618/images/8938753/gallery_media.jpeg', 'https://cdn-media.medialabtc.it/es/agencies/mdbmb/estates/618618/images/8938757/gallery_media.jpeg', 'https://cdn-media.medialabtc.it/es/agencies/mdbmb/estates/618618/images/8938788/gallery_media.jpeg', 'https://cdn-media.medialabtc.it/es/agencies/mdbmb/estates/618618/images/8938756/gallery_media.jpeg', 'https://cdn-media.medialabtc.it/es/agencies/mdbmb/estates/618618/images/8938783/gallery_media.jpeg', 'https://cdn-media.medialabtc.it/es/agencies/mdbmb/estates/618618/images/8938789/gallery_media.jpeg', 'https://cdn-media.medialabtc.it/es/agencies/mdbmb/estates/618618/images/8938761/gallery_media.jpeg', 'https://cdn-media.medialabtc.it/es/agencies/mdbmb/estates/618618/images/8938786/gallery_media.jpeg', 'https://cdn-media.medialabtc.it/es/agencies/mdbmb/estates/618618/images/8938790/gallery_media.jpeg', 'https://cdn-media.medialabtc.it/es/agencies/mdbmb/estates/618618/images/8942608/gallery_media.jpeg', 'https://cdn-media.medialabtc.it/es/agencies/mdbmb/estates/618618/images/8938782/gallery_media.jpeg', 'https://cdn-media.medialabtc.it/es/agencies/mdbmb/estates/618618/images/8938792/gallery_media.jpeg', 'https://cdn-media.medialabtc.it/es/agencies/mdbmb/estates/618618/images/8938754/gallery_media.jpeg', 'https://cdn-media.medialabtc.it/es/agencies/mdbmb/estates/618618/images/8938629/gallery_media.jpeg', 'https://cdn-media.medialabtc.it/es/agencies/mdbmb/estates/618618/images/8938760/gallery_media.jpeg', 'https://cdn-media.medialabtc.it/es/agencies/mdbmb/estates/618618/images/8938791/gallery_media.jpeg', 'https://cdn-media.medialabtc.it/es/agencies/mdbmb/estates/618618/images/8974214/gallery_media.jpeg', 'https://cdn-media.medialabtc.it/es/agencies/mdbmb/estates/618618/images/8938785/gallery_media.jpeg', 'https://cdn-media.medialabtc.it/es/agencies/mdbmb/estates/618618/images/8938759/gallery_media.jpeg', 'https://cdn-media.medialabtc.it/es/agencies/mdbmb/estates/618618/images/8938784/gallery_media.jpeg', 'https://cdn-media.medialabtc.it/es/agencies/mdbmb/estates/618618/images/8942607/gallery_media.jpeg', 'https://cdn-media.medialabtc.it/es/agencies/mdbmb/estates/618618/images/8942606/gallery_media.jpeg', 'https://cdn-media.medialabtc.it/es/agencies/mdbmb/estates/618618/images/8938787/gallery_media.jpeg', 'https://cdn-media.medialabtc.it/es/agencies/mdbmb/estates/618618/images/8938758/gallery_media.jpeg']",1,Reformado,0,0,0,1,0,G,0,0,"['imagenes_tecnocasa\\anuncio_756\\0.jpeg', 'imagenes_tecnocasa\\anuncio_756\\1.jpeg', 'imagenes_tecnocasa\\anuncio_756\\2.jpeg', 'imagenes_tecnocasa\\anuncio_756\\3.jpeg', 'imagenes_tecnocasa\\anuncio_756\\4.jpeg', 'imagenes_tecnocasa\\anuncio_756\\5.jpeg', 'imagenes_tecnocasa\\anuncio_756\\6.jpeg', 'imagenes_tecnocasa\\anuncio_756\\7.jpeg', 'imagenes_tecnocasa\\anuncio_756\\8.jpeg', 'imagenes_tecnocasa\\anuncio_756\\9.jpeg', 'imagenes_tecnocasa\\anuncio_756\\10.jpeg', 'imagenes_tecnocasa\\anuncio_756\\11.jpeg', 'imagenes_tecnocasa\\anuncio_756\\12.jpeg', 'imagenes_tecnocasa\\anuncio_756\\13.jpeg', 'imagenes_tecnocasa\\anuncio_756\\14.jpeg', 'imagenes_tecnocasa\\anuncio_756\\15.jpeg', 'imagenes_tecnocasa\\anuncio_756\\16.jpeg', 'imagenes_tecnocasa\\anuncio_756\\17.jpeg', 'imagenes_tecnocasa\\anuncio_756\\18.jpeg', 'imagenes_tecnocasa\\anuncio_756\\19.jpeg', 'imagenes_tecnocasa\\anuncio_756\\20.jpeg', 'imagenes_tecnocasa\\anuncio_756\\21.jpeg', 'imagenes_tecnocasa\\anuncio_756\\22.jpeg', 'imagenes_tecnocasa\\anuncio_756\\23.jpeg', 'imagenes_tecnocasa\\anuncio_756\\24.jpeg']",1,,1976,1,1,1,piso,3,Móstoles,"Soto, Móstoles",40.3238525,-3.8649214,756,2812.5,252.0,178.0,0.0,0.5,2.0,0.0,parquet,pintura,corredera,estándar (2.4-2.8m),nada,4.6,4.4,clásico,"['#F5F5DC', '#FFE4E1', '#FAEBD7']",buena,True,convencional,limitado,ninguno,ninguno,estándar,básica,ninguno,7.2,6.6,ninguna,5
https://www.tecnocasa.es/venta/piso/madrid/getafe/619380.html,189990.0,2,63.0,2,"Agencia Inmobiliaria de Getafe zona Juan de la Cierva - oficina Tecnocasa, VENDE SEGUNDA PLANTA en la AVDA. ARAGON con ASCENSOR compuesta por entrada, salón, cocina, baño, 2 dormitorios y terraza.
La vivienda se encuentra en buen estado, teniendo un salón independiente y un amplio cuarto de baño.
¡MEJOR VER!
Vivienda ubicada cerca de una de las arterias principales del barrio de Juan de la Cierva (Getafe) la Avenida de los Ángeles, conocidos por todos nosotros por sus amplias aceras peatonales, sus comercios, por el mercado tradicional donde podremos encontrar productos frescos del día, bancos, cajas, y autobuses urbanos (L1, L2, L3A-B, L4 y L5, como interurbanos (442-488-485). El barrio cuenta con centro de salud con servicio de urgencias a escasos metros de la vivienda, comercios de barrio (DIA, AHORRAMAS). Contamos con colegios de enseñanza pública tales como Concepción Arenal, Doctor Severo Ochoa y Jorge Guillén, todos ellos a menos de cinco minutos de la vivienda, centros culturales, centro de día para la tercera edad.... Les invitamos sin compromiso a que concierten una cita para que puedan verlo. APROVECHEN ESTA OPORTUNIDAD ¡¡¡¡¡ LES ESPERAMOS !!!!! Nos amparan más de 19 años en la zona ofreciendo el mejor servicio y profesionalidad a todos nuestros vecinos lo cual nos hace ser especialistas en: -COMPRAVENTA Y ALQUILER DE INMUEBLES EN LA ZONA DE GETAFE-JUAN DE LA CIERVA -ASESORAMIENTO SOBRE HERENCIAS, CAMBIO DE DOMICILIO... -VALORACIÓN GRATUITA DE SU INMUEBLE Y SIN NINGÚN TIPO DE COMPROMISO -ASESORAMIENTO PERSONALIZADO PARA VENDEDORES Y COMPRADORES Si quiere vender, comprar o alquilar en el barrio de Juan de la Cierva, la oficina de Tecnocasa de la Avda. Aragón es la ideal. ¡¡¡¡LES ESPERAMOS!!!!",1,1,1,1,1,1,1,1,1,1,"['https://cdn-media.medialabtc.it/es/agencies/md518/estates/619380/images/8955614/gallery_media.jpeg', 'https://cdn-media.medialabtc.it/es/agencies/md518/estates/619380/images/8955612/gallery_media.jpeg', 'https://cdn-media.medialabtc.it/es/agencies/md518/estates/619380/images/8955617/gallery_media.jpeg', 'https://cdn-media.medialabtc.it/es/agencies/md518/estates/619380/images/8955611/gallery_media.jpeg', 'https://cdn-media.medialabtc.it/es/agencies/md518/estates/619380/images/8955616/gallery_media.jpeg', 'https://cdn-media.medialabtc.it/es/agencies/md518/estates/619380/images/8955615/gallery_media.jpeg', 'https://cdn-media.medialabtc.it/es/agencies/md518/estates/619380/images/8955604/gallery_media.jpeg', 'https://cdn-media.medialabtc.it/es/agencies/md518/estates/619380/images/8955609/gallery_media.jpeg', 'https://cdn-media.medialabtc.it/es/agencies/md518/estates/619380/images/8955619/gallery_media.jpeg', 'https://cdn-media.medialabtc.it/es/agencies/md518/estates/619380/images/8955620/gallery_media.jpeg', 'https://cdn-media.medialabtc.it/es/agencies/md518/estates/619380/images/8955613/gallery_media.jpeg', 'https://cdn-media.medialabtc.it/es/agencies/md518/estates/619380/images/8955610/gallery_media.jpeg', 'https://cdn-media.medialabtc.it/es/agencies/md518/estates/619380/images/8955608/gallery_media.jpeg', 'https://cdn-media.medialabtc.it/es/agencies/md518/estates/619380/images/8955618/gallery_media.jpeg', 'https://cdn-media.medialabtc.it/es/agencies/md518/estates/619380/images/8955606/gallery_media.jpeg', 'https://cdn-media.medialabtc.it/es/agencies/md518/estates/619380/images/8955607/gallery_media.jpeg', 'https://cdn-media.medialabtc.it/es/agencies/md518/estates/619380/images/8955605/gallery_media.jpeg']",0,Buen estado,0,0,0,1,0,E,0,0,"['imagenes_tecnocasa\\anuncio_757\\0.jpeg', 'imagenes_tecnocasa\\anuncio_757\\1.jpeg', 'imagenes_tecnocasa\\anuncio_757\\2.jpeg', 'imagenes_tecnocasa\\anuncio_757\\3.jpeg', 'imagenes_tecnocasa\\anuncio_757\\4.jpeg', 'imagenes_tecnocasa\\anuncio_757\\5.jpeg', 'imagenes_tecnocasa\\anuncio_757\\6.jpeg', 'imagenes_tecnocasa\\anuncio_757\\7.jpeg', 'imagenes_tecnocasa\\anuncio_757\\8.jpeg', 'imagenes_tecnocasa\\anuncio_757\\9.jpeg', 'imagenes_tecnocasa\\anuncio_757\\10.jpeg', 'imagenes_tecnocasa\\anuncio_757\\11.jpeg', 'imagenes_tecnocasa\\anuncio_757\\12.jpeg', 'imagenes_tecnocasa\\anuncio_757\\13.jpeg', 'imagenes_tecnocasa\\anuncio_757\\14.jpeg', 'imagenes_tecnocasa\\anuncio_757\\15.jpeg', 'imagenes_tecnocasa\\anuncio_757\\16.jpeg']",0,Popular,1970,0,0,0,piso,2,Getafe,Getafe,40.3070639,-3.7331808,757,3015.714285714286,274.0,195.0,1.0,1.0,1.0,0.0,otro,pintura,corredera,estándar (2.4-2.8m),nada,3.6,3.6,convencional,"['#D2B48C', '#A0522D', '#8B4513']",regular,False,convencional,limitado,ninguno,ninguno,estándar,básica,ninguno,6.6,5.6,ninguna,5
https://www.tecnocasa.es/venta/piso/madrid/valdemoro/618036.html,370000.0,4,130.0,2,"Agencia inmobiliaria de VALDEMORO - zona HOSPITAL - BREZO - Oficina Tecnocasa VENDE espectacular PISO DE OBRA NUEVA en zona hospital.

VIVIENDA NUEVA entregada en 2022.

¡Descubre la casa de tus sueños en esta impresionante vivienda pasiva de 114 m²! Diseñada para combinar confort, eficiencia y sostenibilidad, esta moderna residencia ofrece un hogar perfecto para quienes valoran el bienestar y el cuidado del medio ambiente.

La vivienda consta de 114 m² útiles distribuidos de manera óptima para ofrecer espacios amplios y luminosos.

4 habitaciones perfectamente distribuidas, ideales para una familia o para quienes necesiten espacios adicionales como oficina o sala de juegos.
3 dormitorios uno de ellos con armario empotrado y el dormitorio principal ofrece un amplio vestidor.

La vivienda está distribuida de la siguiente manera: entrada, recibidor, salón independiente y cocina con mobiliario alto y bajo a ambos lados de la cocina.
La vivienda cuenta con acceso a una maravillosa terraza de unos 15m2 un lugar perfecto para disfrutar de momentos al aire libre, 2 cuartos de baño uno de ellos en suite con plato de ducha y mampara y por último los 4 dormitorios anteriormente mencionados.

Controla y personaliza cada aspecto de tu hogar desde tu dispositivo móvil. Seguridad, climatización y más, al alcance de tu mano para ofrecerte el máximo confort y tranquilidad.

¡VEN A VER LA CASA DE TUS SUEÑOS!

Diseñada con los más altos estándares de eficiencia energética, esta casa mantiene una temperatura ideal todo el año con un consumo mínimo de energía, garantizando un hogar cálido en invierno y fresco en verano, además de un ahorro significativo en las facturas.

Dispone de una plaza de garaje y se podrá comprar una segunda plaza de garaje para una mayor comodidad, trastero, piscina tanto infantil como para adultos y parque infantil.

Está situado en una zona ya consolidada con fácil acceso a colegios ya que se encuentran a 3 minutos andando, institutos, parques, comercios, supermercados a escasos dos minutos, centros médicos y a la red de transportes del municipio.

No dude en llamarnos para concertar su cita en la que además recibirá el asesoramiento gratuito de nuestro departamento financiero KÌRON",0,1,1,1,0,1,1,1,0,1,"['https://cdn-media.medialabtc.it/es/agencies/mdbe4/estates/618036/images/8942351/gallery_media.jpeg', 'https://cdn-media.medialabtc.it/es/agencies/mdbe4/estates/618036/images/8942354/gallery_media.jpeg', 'https://cdn-media.medialabtc.it/es/agencies/mdbe4/estates/618036/images/8942348/gallery_media.jpeg', 'https://cdn-media.medialabtc.it/es/agencies/mdbe4/estates/618036/images/8942425/gallery_media.jpeg', 'https://cdn-media.medialabtc.it/es/agencies/mdbe4/estates/618036/images/8942426/gallery_media.jpeg', 'https://cdn-media.medialabtc.it/es/agencies/mdbe4/estates/618036/images/8942346/gallery_media.jpeg', 'https://cdn-media.medialabtc.it/es/agencies/mdbe4/estates/618036/images/8942356/gallery_media.jpeg', 'https://cdn-media.medialabtc.it/es/agencies/mdbe4/estates/618036/images/8942347/gallery_media.jpeg', 'https://cdn-media.medialabtc.it/es/agencies/mdbe4/estates/618036/images/8942355/gallery_media.jpeg', 'https://cdn-media.medialabtc.it/es/agencies/mdbe4/estates/618036/images/8942423/gallery_media.jpeg', 'https://cdn-media.medialabtc.it/es/agencies/mdbe4/estates/618036/images/8942358/gallery_media.jpeg', 'https://cdn-media.medialabtc.it/es/agencies/mdbe4/estates/618036/images/8942427/gallery_media.jpeg', 'https://cdn-media.medialabtc.it/es/agencies/mdbe4/estates/618036/images/8942353/gallery_media.jpeg', 'https://cdn-media.medialabtc.it/es/agencies/mdbe4/estates/618036/images/8942349/gallery_media.jpeg', 'https://cdn-media.medialabtc.it/es/agencies/mdbe4/estates/618036/images/8942361/gallery_media.jpeg', 'https://cdn-media.medialabtc.it/es/agencies/mdbe4/estates/618036/images/8942422/gallery_media.jpeg', 'https://cdn-media.medialabtc.it/es/agencies/mdbe4/estates/618036/images/8942350/gallery_media.jpeg', 'https://cdn-media.medialabtc.it/es/agencies/mdbe4/estates/618036/images/8942357/gallery_media.jpeg', 'https://cdn-media.medialabtc.it/es/agencies/mdbe4/estates/618036/images/8942360/gallery_media.jpeg']",0,Desconocido,1,1,1,1,1,A+,0,0,"['imagenes_tecnocasa\\anuncio_760\\0.jpeg', 'imagenes_tecnocasa\\anuncio_760\\1.jpeg', 'imagenes_tecnocasa\\anuncio_760\\2.jpeg', 'imagenes_tecnocasa\\anuncio_760\\3.jpeg', 'imagenes_tecnocasa\\anuncio_760\\4.jpeg', 'imagenes_tecnocasa\\anuncio_760\\5.jpeg', 'imagenes_tecnocasa\\anuncio_760\\6.jpeg', 'imagenes_tecnocasa\\anuncio_760\\7.jpeg', 'imagenes_tecnocasa\\anuncio_760\\8.jpeg', 'imagenes_tecnocasa\\anuncio_760\\9.jpeg', 'imagenes_tecnocasa\\anuncio_760\\10.jpeg', 'imagenes_tecnocasa\\anuncio_760\\11.jpeg', 'imagenes_tecnocasa\\anuncio_760\\12.jpeg', 'imagenes_tecnocasa\\anuncio_760\\13.jpeg', 'imagenes_tecnocasa\\anuncio_760\\14.jpeg', 'imagenes_tecnocasa\\anuncio_760\\15.jpeg', 'imagenes_tecnocasa\\anuncio_760\\16.jpeg', 'imagenes_tecnocasa\\anuncio_760\\17.jpeg', 'imagenes_tecnocasa\\anuncio_760\\18.jpeg']",0,Popular,2019,1,0,0,piso,2,Valdemoro,Valdemoro,40.1888604,-3.67143,760,2846.153846153846,354.0,226.0,0.45,0.5,2.0,0.0,parquet,pintura,corredera,estándar (2.4-2.8m),nada,4.8,6.0,moderno,"['#F5F5DC', '#FFFFFF', '#A0522D']",buena,False,convencional,normal,ninguno,ninguno,estándar,básica,ninguno,6.8,6.6,ninguna,5
https://www.tecnocasa.es/venta/piso/madrid/getafe/620315.html,174990.0,3,70.0,1,"Agencia inmobiliaria de Getafe zona Juan De La Cierva Tecnocasa Estudio Valencia SL VENDE PISO en la calle Galicia compuesto por cocina, salón, tres dormitorios, baño y terraza.
Si buscas un CAMBIO DE VIVIENDA, VALORAMOS TU VIVIENDA DE MANERA GRATUITA. IDEAL PARA INVERTIR.
Vivienda exterior con un estado reformado/totalmente reformado. Las ventanas tanto del salón como los dormitorios son de aluminio. Dispone de un baño completo con plato de ducha. Suelo de parquet en el salón y en los dormitorios, siendo de gres tanto en la cocina como en el baño. La vivienda tiene instalación de calefacción y radiadores en todas las estancias. La vivienda tiene aire acondicionado frío/calor en el salón.
Piso ubicado cerca de una de las arterias principales del barrio de Juan de la Cierva (Getafe) la Avenida de España, conocida por todos nosotros por sus amplias aceras peatonales, sus comercios, por el mercado tradicional donde podremos encontrar productos frescos del día, bancos, cajas, además contamos con la parada de metro (L12 - Juan de la Cierva) y de autobuses urbanos (L1, L2, L3A-B, L4 y L5, como interurbanos (442-488-485). El barrio cuenta con centro de salud con servicio de urgencias a escasos metros de la vivienda, comercios de barrio (DIA, AHORRAMAS). Contamos con colegios de enseñanza pública tales como Concepción Arenal, Doctor Severo Ochoa y Jorge Guillén, todos ellos a menos de cinco minutos de la vivienda, centros culturales, centro de día para la tercera edad.... Les invitamos sin compromiso a que concierten una cita para que puedan verlo. APROVECHEN ESTA OPORTUNIDAD ¡¡¡¡¡ LES ESPERAMOS !!!!! Nos amparan más de 25 años en la zona ofreciendo el mejor servicio y profesionalidad a todos nuestros vecinos lo cual nos hace ser especialistas en: -COMPRAVENTA Y ALQUILER DE INMUEBLES EN LA ZONA DE GETAFE-JUAN DE LA CIERVA -VALORACIÓN GRATUITA DE SU INMUEBLE Y SIN NINGÚN TIPO DE COMPROMISO Si quiere vender, comprar o alquilar en el barrio de Juan de la Cierva, la oficina de Tecnocasa de la calle Valencia es la ideal. ¡¡¡¡LES ESPERAMOS!!!!",1,1,1,1,1,1,1,1,1,1,"['https://cdn-media.medialabtc.it/es/agencies/mdbg1/estates/620315/images/8968536/gallery_media.jpeg', 'https://cdn-media.medialabtc.it/es/agencies/mdbg1/estates/620315/images/8968542/gallery_media.jpeg', 'https://cdn-media.medialabtc.it/es/agencies/mdbg1/estates/620315/images/8968438/gallery_media.jpeg', 'https://cdn-media.medialabtc.it/es/agencies/mdbg1/estates/620315/images/8968541/gallery_media.jpeg', 'https://cdn-media.medialabtc.it/es/agencies/mdbg1/estates/620315/images/8968435/gallery_media.jpeg', 'https://cdn-media.medialabtc.it/es/agencies/mdbg1/estates/620315/images/8968439/gallery_media.jpeg', 'https://cdn-media.medialabtc.it/es/agencies/mdbg1/estates/620315/images/8968546/gallery_media.jpeg', 'https://cdn-media.medialabtc.it/es/agencies/mdbg1/estates/620315/images/8968537/gallery_media.jpeg', 'https://cdn-media.medialabtc.it/es/agencies/mdbg1/estates/620315/images/8968548/gallery_media.jpeg', 'https://cdn-media.medialabtc.it/es/agencies/mdbg1/estates/620315/images/8968553/gallery_media.jpeg', 'https://cdn-media.medialabtc.it/es/agencies/mdbg1/estates/620315/images/8968544/gallery_media.jpeg', 'https://cdn-media.medialabtc.it/es/agencies/mdbg1/estates/620315/images/8968540/gallery_media.jpeg', 'https://cdn-media.medialabtc.it/es/agencies/mdbg1/estates/620315/images/8968543/gallery_media.jpeg', 'https://cdn-media.medialabtc.it/es/agencies/mdbg1/estates/620315/images/8968551/gallery_media.jpeg', 'https://cdn-media.medialabtc.it/es/agencies/mdbg1/estates/620315/images/8968437/gallery_media.jpeg', 'https://cdn-media.medialabtc.it/es/agencies/mdbg1/estates/620315/images/8968539/gallery_media.jpeg', 'https://cdn-media.medialabtc.it/es/agencies/mdbg1/estates/620315/images/8968552/gallery_media.jpeg', 'https://cdn-media.medialabtc.it/es/agencies/mdbg1/estates/620315/images/8968436/gallery_media.jpeg', 'https://cdn-media.medialabtc.it/es/agencies/mdbg1/estates/620315/images/8968549/gallery_media.jpeg', 'https://cdn-media.medialabtc.it/es/agencies/mdbg1/estates/620315/images/8968555/gallery_media.jpeg', 'https://cdn-media.medialabtc.it/es/agencies/mdbg1/estates/620315/images/8968545/gallery_media.jpeg', 'https://cdn-media.medialabtc.it/es/agencies/mdbg1/estates/620315/images/8968550/gallery_media.jpeg', 'https://cdn-media.medialabtc.it/es/agencies/mdbg1/estates/620315/images/8968554/gallery_media.jpeg', 'https://cdn-media.medialabtc.it/es/agencies/mdbg1/estates/620315/images/8968538/gallery_media.jpeg', 'https://cdn-media.medialabtc.it/es/agencies/mdbg1/estates/620315/images/8968547/gallery_media.jpeg']",0,Reformado,0,0,0,1,0,G,0,0,"['imagenes_tecnocasa\\anuncio_761\\0.jpeg', 'imagenes_tecnocasa\\anuncio_761\\1.jpeg', 'imagenes_tecnocasa\\anuncio_761\\2.jpeg', 'imagenes_tecnocasa\\anuncio_761\\3.jpeg', 'imagenes_tecnocasa\\anuncio_761\\4.jpeg', 'imagenes_tecnocasa\\anuncio_761\\5.jpeg', 'imagenes_tecnocasa\\anuncio_761\\6.jpeg', 'imagenes_tecnocasa\\anuncio_761\\7.jpeg', 'imagenes_tecnocasa\\anuncio_761\\8.jpeg', 'imagenes_tecnocasa\\anuncio_761\\9.jpeg', 'imagenes_tecnocasa\\anuncio_761\\10.jpeg', 'imagenes_tecnocasa\\anuncio_761\\11.jpeg', 'imagenes_tecnocasa\\anuncio_761\\12.jpeg', 'imagenes_tecnocasa\\anuncio_761\\13.jpeg', 'imagenes_tecnocasa\\anuncio_761\\14.jpeg', 'imagenes_tecnocasa\\anuncio_761\\15.jpeg', 'imagenes_tecnocasa\\anuncio_761\\16.jpeg', 'imagenes_tecnocasa\\anuncio_761\\17.jpeg', 'imagenes_tecnocasa\\anuncio_761\\18.jpeg', 'imagenes_tecnocasa\\anuncio_761\\19.jpeg', 'imagenes_tecnocasa\\anuncio_761\\20.jpeg', 'imagenes_tecnocasa\\anuncio_761\\21.jpeg', 'imagenes_tecnocasa\\anuncio_761\\22.jpeg', 'imagenes_tecnocasa\\anuncio_761\\23.jpeg', 'imagenes_tecnocasa\\anuncio_761\\24.jpeg']",1,Popular,1971,1,0,0,piso,3,Getafe,Getafe,40.3070639,-3.7331808,761,2499.8571428571427,337.0,221.0,1.0,1.0,1.0,1.0,otro,pintura,corredera,estándar (2.4-2.8m),nada,3.2,4.2,clásico,"['#F5F5DC', '#FFE4C4', '#DEB887']",buena,False,convencional,limitado,ninguno,ninguno,estándar,básica,ninguno,6.4,6.2,ninguna,5
https://www.tecnocasa.es/venta/piso/madrid/fuenlabrada/620547.html,247500.0,3,94.0,2,"¡¡LA MEJOR OPORTUNIDAD!! Excelente piso situado en el barrio del Naranjo, la serna, con ascensor y plaza de aparcamiento incluida en el precio.
Cuenta con 92m2, distribuidos en: hall de entrada, cocina con tendedero, amplio salón de paso, TERRAZA abierta, 2 baño y 3 fabulosos dormitorios. VIVIENDA MUY LUMINOSA.
Urbanización con zonas ajardinadas, parques infantiles y próximo al Bosque Sur. Cercano a colegios e institutos, públicos, privados y de educación especial. Zona de fácil aparcamiento, buena comunicación con acceso a carreteras (M40, M50, M407, M506, R5, AP41 y A42 carretera de Toledo).
¡NUESTRO DEPARTAMENTO FINANCIERO KIRON CONSIGUE LA MEJOR HIPOTECA DEL MERCADO Y HASTA UN 100% DE FINANCIACIÓN, NO LO DUDE MAS VISITELO SIN COMPROMISO!!!
NO PIERDA LA OPRTUNIDAD, VISITELO Y ASESORESE SIN COMPROMISO.",1,1,1,1,0,1,0,1,1,1,"['https://cdn-media.medialabtc.it/es/agencies/mdbf6/estates/620547/images/8970744/gallery_media.jpeg', 'https://cdn-media.medialabtc.it/es/agencies/mdbf6/estates/620547/images/8970401/gallery_media.jpeg', 'https://cdn-media.medialabtc.it/es/agencies/mdbf6/estates/620547/images/8970425/gallery_media.jpeg', 'https://cdn-media.medialabtc.it/es/agencies/mdbf6/estates/620547/images/8970422/gallery_media.jpeg', 'https://cdn-media.medialabtc.it/es/agencies/mdbf6/estates/620547/images/8970424/gallery_media.jpeg', 'https://cdn-media.medialabtc.it/es/agencies/mdbf6/estates/620547/images/8970743/gallery_media.jpeg', 'https://cdn-media.medialabtc.it/es/agencies/mdbf6/estates/620547/images/8970745/gallery_media.jpeg', 'https://cdn-media.medialabtc.it/es/agencies/mdbf6/estates/616054/images/8860082/gallery_media.jpeg', 'https://cdn-media.medialabtc.it/es/agencies/mdbf6/estates/620547/images/8970423/gallery_media.jpeg', 'https://cdn-media.medialabtc.it/es/agencies/mdbf6/estates/620547/images/8970400/gallery_media.jpeg', 'https://cdn-media.medialabtc.it/es/agencies/mdbf6/estates/620547/images/8970742/gallery_media.jpeg', 'https://cdn-media.medialabtc.it/es/agencies/mdbf6/estates/620547/images/8970399/gallery_media.jpeg', 'https://cdn-media.medialabtc.it/es/agencies/mdbf6/estates/616054/images/8860086/gallery_media.jpeg', 'https://cdn-media.medialabtc.it/es/agencies/mdbf6/estates/616054/images/8860089/gallery_media.jpeg']",0,Desconocido,1,0,0,1,0,E,0,0,"['imagenes_tecnocasa\\anuncio_762\\0.jpeg', 'imagenes_tecnocasa\\anuncio_762\\1.jpeg', 'imagenes_tecnocasa\\anuncio_762\\2.jpeg', 'imagenes_tecnocasa\\anuncio_762\\3.jpeg', 'imagenes_tecnocasa\\anuncio_762\\4.jpeg', 'imagenes_tecnocasa\\anuncio_762\\5.jpeg', 'imagenes_tecnocasa\\anuncio_762\\6.jpeg', 'imagenes_tecnocasa\\anuncio_762\\7.jpeg', 'imagenes_tecnocasa\\anuncio_762\\8.jpeg', 'imagenes_tecnocasa\\anuncio_762\\9.jpeg', 'imagenes_tecnocasa\\anuncio_762\\10.jpeg', 'imagenes_tecnocasa\\anuncio_762\\11.jpeg', 'imagenes_tecnocasa\\anuncio_762\\12.jpeg', 'imagenes_tecnocasa\\anuncio_762\\13.jpeg']",0,Popular,1981,1,0,0,piso,2,Fuenlabrada,"El Naranjo, Fuenlabrada",40.282476,-3.7923422,762,2632.978723404255,124.0,102.0,0.0,0.0,1.0,0.0,cerámica,pintura,corredera,estándar (2.4-2.8m),nada,2.6,2.6,convencional,"['#FFFFFF', '#F2F2F2', '#E0E0E0']",buena,False,convencional,limitado,ninguno,ninguno,estándar,básica,ninguno,7.0,6.6,ninguna,5
https://www.tecnocasa.es/venta/piso/madrid/madrid/618245.html,356000.0,1,48.0,1,"Agencia inmobiliaria de MADRID - zona SALAMANCA - FUENTE DEL BERRO - GUINDALERA - Vende piso en Calle Marqués de Zafra
Vivienda exterior muy luminosa compuesta de salón, cocina independiente, un dormitorio y un baño con bañera.
Cuenta con dos splits de aire acondicionado y acometida de gas natural.
Orientación sur.
Ubicado entre el parque de la fuente del berro, la glorieta de O´donnell y la plaza de Manuel Becerra, dispone de todo tipo de servicios en los alrededores, como, colegios, hospitales, farmacias, supermercados, parques y una gran red de transporte público.
Tecnocasa dispone de un servicio financiero de consulta gratuita para nuestros clientes. Para mas información acerca de la propiedad y el arrendamiento no dude en consultarnos.",1,1,1,1,1,1,1,1,1,1,"['https://cdn-media.medialabtc.it/es/agencies/md097/estates/618245/images/8912886/gallery_media.jpeg', 'https://cdn-media.medialabtc.it/es/agencies/md097/estates/618245/images/8912888/gallery_media.jpeg', 'https://cdn-media.medialabtc.it/es/agencies/md097/estates/618245/images/8913457/gallery_media.jpeg', 'https://cdn-media.medialabtc.it/es/agencies/md097/estates/618245/images/8913460/gallery_media.jpeg', 'https://cdn-media.medialabtc.it/es/agencies/md097/estates/618245/images/8912891/gallery_media.jpeg', 'https://cdn-media.medialabtc.it/es/agencies/md097/estates/618245/images/8912887/gallery_media.jpeg', 'https://cdn-media.medialabtc.it/es/agencies/md097/estates/618245/images/8913459/gallery_media.jpeg', 'https://cdn-media.medialabtc.it/es/agencies/md097/estates/618245/images/8912889/gallery_media.jpeg', 'https://cdn-media.medialabtc.it/es/agencies/md097/estates/618245/images/8912890/gallery_media.jpeg', 'https://cdn-media.medialabtc.it/es/agencies/md097/estates/618245/images/8912881/gallery_media.jpeg', 'https://cdn-media.medialabtc.it/es/agencies/md097/estates/618245/images/8912885/gallery_media.jpeg', 'https://cdn-media.medialabtc.it/es/agencies/md097/estates/618245/images/8912878/gallery_media.jpeg', 'https://cdn-media.medialabtc.it/es/agencies/md097/estates/618245/images/8913454/gallery_media.jpeg', 'https://cdn-media.medialabtc.it/es/agencies/md097/estates/618245/images/8912879/gallery_media.jpeg', 'https://cdn-media.medialabtc.it/es/agencies/md097/estates/618245/images/8912882/gallery_media.jpeg', 'https://cdn-media.medialabtc.it/es/agencies/md097/estates/618245/images/8912880/gallery_media.jpeg', 'https://cdn-media.medialabtc.it/es/agencies/md097/estates/618245/images/8913461/gallery_media.jpeg', 'https://cdn-media.medialabtc.it/es/agencies/md097/estates/618245/images/8913455/gallery_media.jpeg', 'https://cdn-media.medialabtc.it/es/agencies/md097/estates/618245/images/8913458/gallery_media.jpeg', 'https://cdn-media.medialabtc.it/es/agencies/md097/estates/618245/images/8912883/gallery_media.jpeg', 'https://cdn-media.medialabtc.it/es/agencies/md097/estates/618245/images/8912884/gallery_media.jpeg', 'https://cdn-media.medialabtc.it/es/agencies/md097/estates/618245/images/8913456/gallery_media.jpeg']",0,Desconocido,0,0,0,0,0,E,0,0,"['imagenes_tecnocasa\\anuncio_763\\0.jpeg', 'imagenes_tecnocasa\\anuncio_763\\1.jpeg', 'imagenes_tecnocasa\\anuncio_763\\2.jpeg', 'imagenes_tecnocasa\\anuncio_763\\3.jpeg', 'imagenes_tecnocasa\\anuncio_763\\4.jpeg', 'imagenes_tecnocasa\\anuncio_763\\5.jpeg', 'imagenes_tecnocasa\\anuncio_763\\6.jpeg', 'imagenes_tecnocasa\\anuncio_763\\7.jpeg', 'imagenes_tecnocasa\\anuncio_763\\8.jpeg', 'imagenes_tecnocasa\\anuncio_763\\9.jpeg', 'imagenes_tecnocasa\\anuncio_763\\10.jpeg', 'imagenes_tecnocasa\\anuncio_763\\11.jpeg', 'imagenes_tecnocasa\\anuncio_763\\12.jpeg', 'imagenes_tecnocasa\\anuncio_763\\13.jpeg', 'imagenes_tecnocasa\\anuncio_763\\14.jpeg', 'imagenes_tecnocasa\\anuncio_763\\15.jpeg', 'imagenes_tecnocasa\\anuncio_763\\16.jpeg', 'imagenes_tecnocasa\\anuncio_763\\17.jpeg', 'imagenes_tecnocasa\\anuncio_763\\18.jpeg', 'imagenes_tecnocasa\\anuncio_763\\19.jpeg', 'imagenes_tecnocasa\\anuncio_763\\20.jpeg', 'imagenes_tecnocasa\\anuncio_763\\21.jpeg']",1,Media,1934,1,0,1,piso,3,Fuente del Berro,"Fuente Del Berro, Madrid",40.424977,-3.6636998,763,7416.666666666667,118.0,88.0,0.05,0.2,0.0,0.0,otro,otro,otro,estándar (2.4-2.8m),nada,2.6,2.6,otro,"['#008000', '#808080', '#000080']",buena,False,convencional,limitado,ninguno,ninguno,otro,otro,ninguno,6.4,7.0,ninguna,5
https://www.tecnocasa.es/venta/piso/madrid/getafe/620341.html,199990.0,3,70.0,1,"Agencia inmobiliaria de Getafe zona Juan De La Cierva Tecnocasa Estudio Valencia SL VENDE PISO en la calle Cáceres con Ascensor compuesto por cocina, salón, tres dormitorios, baño y terraza. Sin barreras arquitectónicas.
Si buscas un CAMBIO DE VIVIENDA, VALORAMOS TU VIVIENDA DE MANERA GRATUITA.
La característica más importante que presenta la vivienda es que es exterior con una inmejorable orientación. La vivienda se encuentra REFORMADA. Además con el suelo de gres en toda la vivienda. Las ventanas son de aluminio en toda la casa . El cuarto de baño dispone de un amplio plato de ducha.
La vivienda tiene calefacción y agua caliente con suministro de gas natural, además de aire acondcionado frío/calor en el salón.
Terraza acristalada ideal para aprovechar el espacio en cualquier época del año.
Piso ubicado cerca de una de las arterias principales del barrio de Juan de la Cierva (Getafe) la Avenida de España, conocida por todos nosotros por sus amplias aceras peatonales, sus comercios, por el mercado tradicional donde podremos encontrar productos frescos del día, bancos, cajas, además contamos con la parada de metro (L12 - Juan de la Cierva) y de autobuses urbanos (L1, L2, L3A-B, L4 y L5, como interurbanos (442-488-485). El barrio cuenta con centro de salud con servicio de urgencias a escasos metros de la vivienda, comercios de barrio (DIA, AHORRAMAS). Contamos con colegios de enseñanza pública tales como Concepción Arenal, Doctor Severo Ochoa y Jorge Guillén, todos ellos a menos de cinco minutos de la vivienda, centros culturales, centro de día para la tercera edad.... Les invitamos sin compromiso a que concierten una cita para que puedan verlo. APROVECHEN ESTA OPORTUNIDAD ¡¡¡¡¡ LES ESPERAMOS !!!!! Nos amparan más de 25 años en la zona ofreciendo el mejor servicio y profesionalidad a todos nuestros vecinos lo cual nos hace ser especialistas en: -COMPRAVENTA Y ALQUILER DE INMUEBLES EN LA ZONA DE GETAFE-JUAN DE LA CIERVA -VALORACIÓN GRATUITA DE SU INMUEBLE Y SIN NINGÚN TIPO DE COMPROMISO Si quiere vender, comprar o alquilar en el barrio de Juan de la Cierva, la oficina de Tecnocasa de la calle Valencia es la ideal. ¡¡¡¡LES ESPERAMOS!!!!",1,1,1,1,1,1,1,1,1,1,"['https://cdn-media.medialabtc.it/es/agencies/mdbg1/estates/620341/images/8966791/gallery_media.jpeg', 'https://cdn-media.medialabtc.it/es/agencies/mdbg1/estates/620341/images/8966783/gallery_media.jpeg', 'https://cdn-media.medialabtc.it/es/agencies/mdbg1/estates/620341/images/8959106/gallery_media.jpeg', 'https://cdn-media.medialabtc.it/es/agencies/mdbg1/estates/620341/images/8959108/gallery_media.jpeg', 'https://cdn-media.medialabtc.it/es/agencies/mdbg1/estates/620341/images/8966796/gallery_media.jpeg', 'https://cdn-media.medialabtc.it/es/agencies/mdbg1/estates/620341/images/8966794/gallery_media.jpeg', 'https://cdn-media.medialabtc.it/es/agencies/mdbg1/estates/620341/images/8959107/gallery_media.jpeg', 'https://cdn-media.medialabtc.it/es/agencies/mdbg1/estates/620341/images/8959104/gallery_media.jpeg', 'https://cdn-media.medialabtc.it/es/agencies/mdbg1/estates/620341/images/8966786/gallery_media.jpeg', 'https://cdn-media.medialabtc.it/es/agencies/mdbg1/estates/620341/images/8966793/gallery_media.jpeg', 'https://cdn-media.medialabtc.it/es/agencies/mdbg1/estates/620341/images/8966787/gallery_media.jpeg', 'https://cdn-media.medialabtc.it/es/agencies/mdbg1/estates/620341/images/8966784/gallery_media.jpeg', 'https://cdn-media.medialabtc.it/es/agencies/mdbg1/estates/620341/images/8966797/gallery_media.jpeg', 'https://cdn-media.medialabtc.it/es/agencies/mdbg1/estates/620341/images/8959102/gallery_media.jpeg', 'https://cdn-media.medialabtc.it/es/agencies/mdbg1/estates/620341/images/8966789/gallery_media.jpeg', 'https://cdn-media.medialabtc.it/es/agencies/mdbg1/estates/620341/images/8966795/gallery_media.jpeg', 'https://cdn-media.medialabtc.it/es/agencies/mdbg1/estates/620341/images/8959103/gallery_media.jpeg', 'https://cdn-media.medialabtc.it/es/agencies/mdbg1/estates/620341/images/8966792/gallery_media.jpeg', 'https://cdn-media.medialabtc.it/es/agencies/mdbg1/estates/620341/images/8959105/gallery_media.jpeg', 'https://cdn-media.medialabtc.it/es/agencies/mdbg1/estates/620341/images/8966785/gallery_media.jpeg', 'https://cdn-media.medialabtc.it/es/agencies/mdbg1/estates/620341/images/8966790/gallery_media.jpeg', 'https://cdn-media.medialabtc.it/es/agencies/mdbg1/estates/620341/images/8959109/gallery_media.jpeg', 'https://cdn-media.medialabtc.it/es/agencies/mdbg1/estates/620341/images/8966788/gallery_media.jpeg']",0,Desconocido,0,0,0,1,0,G,0,0,"['imagenes_tecnocasa\\anuncio_764\\0.jpeg', 'imagenes_tecnocasa\\anuncio_764\\1.jpeg', 'imagenes_tecnocasa\\anuncio_764\\2.jpeg', 'imagenes_tecnocasa\\anuncio_764\\3.jpeg', 'imagenes_tecnocasa\\anuncio_764\\4.jpeg', 'imagenes_tecnocasa\\anuncio_764\\5.jpeg', 'imagenes_tecnocasa\\anuncio_764\\6.jpeg', 'imagenes_tecnocasa\\anuncio_764\\7.jpeg', 'imagenes_tecnocasa\\anuncio_764\\8.jpeg', 'imagenes_tecnocasa\\anuncio_764\\9.jpeg', 'imagenes_tecnocasa\\anuncio_764\\10.jpeg', 'imagenes_tecnocasa\\anuncio_764\\11.jpeg', 'imagenes_tecnocasa\\anuncio_764\\12.jpeg', 'imagenes_tecnocasa\\anuncio_764\\13.jpeg', 'imagenes_tecnocasa\\anuncio_764\\14.jpeg', 'imagenes_tecnocasa\\anuncio_764\\15.jpeg', 'imagenes_tecnocasa\\anuncio_764\\16.jpeg', 'imagenes_tecnocasa\\anuncio_764\\17.jpeg', 'imagenes_tecnocasa\\anuncio_764\\18.jpeg', 'imagenes_tecnocasa\\anuncio_764\\19.jpeg', 'imagenes_tecnocasa\\anuncio_764\\20.jpeg', 'imagenes_tecnocasa\\anuncio_764\\21.jpeg', 'imagenes_tecnocasa\\anuncio_764\\22.jpeg']",1,Popular,1972,1,0,0,piso,3,Getafe,Getafe,40.3070639,-3.7331808,764,2857.0,354.0,233.0,0.7000000000000001,0.7999999999999999,1.0,1.0,cerámica,pintura,corredera,estándar (2.4-2.8m),nada,3.4,3.2,clásico,"['#FFFFFF', '#A9BCE5', '#A0522D']",regular,False,convencional,limitado,ninguno,ninguno,estándar,básica,ninguno,6.8,6.2,ninguna,5
https://www.tecnocasa.es/venta/piso/madrid/valdemoro/602267.html,259000.0,3,94.0,2,"Agencia inmobiliaria de Valdemoro zona Reston Tecnocasa Estudio Nuevo Reston Sl:
¡Descubre tu nuevo hogar en la deseada zona de Comunidades! Este encantador piso de 94 m² ofrece una distribución óptima con espacios amplios y luminosos. Al entrar, te recibirá un salón independiente con acceso directo a una terraza equipada con toldo, ideal para disfrutar de tus momentos de relax al aire libre. La cocina, también con acceso directo, está lista para inspirar tus dotes culinarias.
Cuenta con tres dormitorios, todos con armarios empotrados, asegurando espacio de almacenamiento y orden. El dormitorio principal es un oasis de tranquilidad con su baño en suite. Además, uno de los baños cuenta con ventana, permitiendo una iluminación natural que realza su encanto.
Este piso no solo ofrece comodidad, sino también practicidad: incluye plaza de garaje y trastero en el precio. Los suelos de parquet y la carpintería interior de roble aportan un toque cálido y elegante a cada estancia. La climatización está garantizada gracias al aire acondicionado en el salón y el dormitorio principal, así como calefacción de gas natural.
Ubicado en una zona consolidada, disfrutarás de servicios cercanos y excelentes conexiones de transporte. Además, podrás beneficiarte de un estudio financiero gratuito de KÌRON.

No pierdas la oportunidad de visitar este piso en la planta 3 de un edificio con ascensor, construido en 1997 y en buen estado. ¡Tu nuevo hogar te espera!",0,1,1,1,1,1,0,1,0,1,"['https://cdn-media.medialabtc.it/es/agencies/mdbe3/estates/602267/images/8956465/gallery_media.jpeg', 'https://cdn-media.medialabtc.it/es/agencies/mdbe3/estates/602267/images/8956401/gallery_media.jpeg', 'https://cdn-media.medialabtc.it/es/agencies/mdbe3/estates/602267/images/8956466/gallery_media.jpeg', 'https://cdn-media.medialabtc.it/es/agencies/mdbe3/estates/602267/images/8562832/gallery_media.jpeg', 'https://cdn-media.medialabtc.it/es/agencies/mdbe3/estates/602267/images/8562824/gallery_media.jpeg', 'https://cdn-media.medialabtc.it/es/agencies/mdbe3/estates/602267/images/8562835/gallery_media.jpeg', 'https://cdn-media.medialabtc.it/es/agencies/mdbe3/estates/602267/images/8562830/gallery_media.jpeg', 'https://cdn-media.medialabtc.it/es/agencies/mdbe3/estates/602267/images/8956463/gallery_media.jpeg', 'https://cdn-media.medialabtc.it/es/agencies/mdbe3/estates/602267/images/8562829/gallery_media.jpeg', 'https://cdn-media.medialabtc.it/es/agencies/mdbe3/estates/602267/images/8956464/gallery_media.jpeg', 'https://cdn-media.medialabtc.it/es/agencies/mdbe3/estates/602267/images/8956467/gallery_media.jpeg', 'https://cdn-media.medialabtc.it/es/agencies/mdbe3/estates/602267/images/8562834/gallery_media.jpeg', 'https://cdn-media.medialabtc.it/es/agencies/mdbe3/estates/602267/images/8956462/gallery_media.jpeg', 'https://cdn-media.medialabtc.it/es/agencies/mdbe3/estates/602267/images/8562823/gallery_media.jpeg', 'https://cdn-media.medialabtc.it/es/agencies/mdbe3/estates/602267/images/8562820/gallery_media.jpeg', 'https://cdn-media.medialabtc.it/es/agencies/mdbe3/estates/602267/images/8562821/gallery_media.jpeg', 'https://cdn-media.medialabtc.it/es/agencies/mdbe3/estates/602267/images/8562819/gallery_media.jpeg', 'https://cdn-media.medialabtc.it/es/agencies/mdbe3/estates/602267/images/8562828/gallery_media.jpeg', 'https://cdn-media.medialabtc.it/es/agencies/mdbe3/estates/602267/images/8562833/gallery_media.jpeg', 'https://cdn-media.medialabtc.it/es/agencies/mdbe3/estates/602267/images/8562822/gallery_media.jpeg', 'https://cdn-media.medialabtc.it/es/agencies/mdbe3/estates/602267/images/8562836/gallery_media.jpeg', 'https://cdn-media.medialabtc.it/es/agencies/mdbe3/estates/602267/images/8562831/gallery_media.jpeg']",0,Buen estado,1,1,0,1,0,E,0,0,"['imagenes_tecnocasa\\anuncio_765\\0.jpeg', 'imagenes_tecnocasa\\anuncio_765\\1.jpeg', 'imagenes_tecnocasa\\anuncio_765\\2.jpeg', 'imagenes_tecnocasa\\anuncio_765\\3.jpeg', 'imagenes_tecnocasa\\anuncio_765\\4.jpeg', 'imagenes_tecnocasa\\anuncio_765\\5.jpeg', 'imagenes_tecnocasa\\anuncio_765\\6.jpeg', 'imagenes_tecnocasa\\anuncio_765\\7.jpeg', 'imagenes_tecnocasa\\anuncio_765\\8.jpeg', 'imagenes_tecnocasa\\anuncio_765\\9.jpeg', 'imagenes_tecnocasa\\anuncio_765\\10.jpeg', 'imagenes_tecnocasa\\anuncio_765\\11.jpeg', 'imagenes_tecnocasa\\anuncio_765\\12.jpeg', 'imagenes_tecnocasa\\anuncio_765\\13.jpeg', 'imagenes_tecnocasa\\anuncio_765\\14.jpeg', 'imagenes_tecnocasa\\anuncio_765\\15.jpeg', 'imagenes_tecnocasa\\anuncio_765\\16.jpeg', 'imagenes_tecnocasa\\anuncio_765\\17.jpeg', 'imagenes_tecnocasa\\anuncio_765\\18.jpeg', 'imagenes_tecnocasa\\anuncio_765\\19.jpeg', 'imagenes_tecnocasa\\anuncio_765\\20.jpeg', 'imagenes_tecnocasa\\anuncio_765\\21.jpeg']",1,Popular,1978,1,1,1,piso,2,Valdemoro,Valdemoro,40.1888604,-3.67143,765,2755.31914893617,230.0,156.0,0.375,0.6,2.0,1.0,parquet,pintura,ninguna visible,estándar (2.4-2.8m),nada,3.6,3.8,convencional,"['#D2691E', '#FFC0CB', '#A0522D']",regular,False,convencional,limitado,ninguno,ninguno,estándar,básica,ninguno,6.8,5.8,ninguna,5
https://www.tecnocasa.es/venta/casa/madrid/valdemoro/614460.html,432000.0,4,234.0,4,"Agencia inmobiliaria de Valdemoro zona Reston Tecnocasa Estudio Nuevo Reston Sl VENDE
Descubre esta elegante casa adosada en el RESTÓN II (Valdemoro), ideal para quienes buscan comodidad y estilo.
Con una superficie de 234 m², esta propiedad ofrece un diseño funcional y espacios bien distribuidos. Cuenta con cuatro amplios dormitorios, destacando el principal por sus grandes ventanales que inundan de luz natural el espacio, perfecto para familias o para quienes necesitan espacio adicional. Disfruta de la comodidad de dos baños completos y dos aseos con ventana, que garantizan privacidad y confort. La cocina office es perfecta para disfrutar de momentos en familia, mientras que el salón ofrece acceso directo a un acogedor patio, ideal para reuniones al aire libre. La buhardilla, con puerta en el acceso de la escalera, añade un espacio adicional versátil. Además, el sótano incluye un garaje con capacidad para dos coches y acceso al patio, brindando comodidad y seguridad.
La carpintería interior de roble añade un toque de distinción y calidez a cada rincón de la casa. Construida en 2005, la vivienda está equipada con aire acondicionado, asegurando un ambiente agradable durante todo el año.
Además, la propiedad forma parte de una comunidad que ofrece excelentes zonas comunes, incluyendo una piscina, una zona infantil y una pista deportiva, ideales para el disfrute de toda la familia.
No pierdas la oportunidad de vivir en un entorno que combina tranquilidad y servicios de calidad.
Su ubicación es inmejorable, ya que se encuentra cerca del Parque El Restón 2, un lugar perfecto para paseos y actividades al aire libre.
No dude en llamarnos para concertar su cita para visitar el inmueble en la que además recibirá el asesoramiento gratuito de nuestro departamento financiero KÌRON.",0,1,1,0,1,1,0,1,0,1,"['https://cdn-media.medialabtc.it/es/agencies/mdbe3/estates/614460/images/8830717/gallery_media.jpeg', 'https://cdn-media.medialabtc.it/es/agencies/mdbe3/estates/614460/images/8830720/gallery_media.jpeg', 'https://cdn-media.medialabtc.it/es/agencies/mdbe3/estates/614460/images/8830702/gallery_media.jpeg', 'https://cdn-media.medialabtc.it/es/agencies/mdbe3/estates/614460/images/8830899/gallery_media.jpeg', 'https://cdn-media.medialabtc.it/es/agencies/mdbe3/estates/614460/images/8830708/gallery_media.jpeg', 'https://cdn-media.medialabtc.it/es/agencies/mdbe3/estates/614460/images/8830714/gallery_media.jpeg', 'https://cdn-media.medialabtc.it/es/agencies/mdbe3/estates/614460/images/8830723/gallery_media.jpeg', 'https://cdn-media.medialabtc.it/es/agencies/mdbe3/estates/614460/images/8830699/gallery_media.jpeg', 'https://cdn-media.medialabtc.it/es/agencies/mdbe3/estates/614460/images/8830710/gallery_media.jpeg', 'https://cdn-media.medialabtc.it/es/agencies/mdbe3/estates/614460/images/8830707/gallery_media.jpeg', 'https://cdn-media.medialabtc.it/es/agencies/mdbe3/estates/614460/images/8830706/gallery_media.jpeg', 'https://cdn-media.medialabtc.it/es/agencies/mdbe3/estates/614460/images/8830701/gallery_media.jpeg', 'https://cdn-media.medialabtc.it/es/agencies/mdbe3/estates/614460/images/8830896/gallery_media.jpeg', 'https://cdn-media.medialabtc.it/es/agencies/mdbe3/estates/614460/images/8830897/gallery_media.jpeg', 'https://cdn-media.medialabtc.it/es/agencies/mdbe3/estates/614460/images/8838480/gallery_media.jpeg', 'https://cdn-media.medialabtc.it/es/agencies/mdbe3/estates/614460/images/8830715/gallery_media.jpeg', 'https://cdn-media.medialabtc.it/es/agencies/mdbe3/estates/614460/images/8830704/gallery_media.jpeg', 'https://cdn-media.medialabtc.it/es/agencies/mdbe3/estates/614460/images/8830705/gallery_media.jpeg', 'https://cdn-media.medialabtc.it/es/agencies/mdbe3/estates/614460/images/8830703/gallery_media.jpeg', 'https://cdn-media.medialabtc.it/es/agencies/mdbe3/estates/614460/images/8830722/gallery_media.jpeg', 'https://cdn-media.medialabtc.it/es/agencies/mdbe3/estates/614460/images/8830721/gallery_media.jpeg', 'https://cdn-media.medialabtc.it/es/agencies/mdbe3/estates/614460/images/8830700/gallery_media.jpeg', 'https://cdn-media.medialabtc.it/es/agencies/mdbe3/estates/614460/images/8830712/gallery_media.jpeg', 'https://cdn-media.medialabtc.it/es/agencies/mdbe3/estates/614460/images/8830711/gallery_media.jpeg', 'https://cdn-media.medialabtc.it/es/agencies/mdbe3/estates/614460/images/8830709/gallery_media.jpeg', 'https://cdn-media.medialabtc.it/es/agencies/mdbe3/estates/614460/images/8830898/gallery_media.jpeg']",0,Desconocido,1,0,1,0,1,E,0,0,"['imagenes_tecnocasa\\anuncio_766\\0.jpeg', 'imagenes_tecnocasa\\anuncio_766\\1.jpeg', 'imagenes_tecnocasa\\anuncio_766\\2.jpeg', 'imagenes_tecnocasa\\anuncio_766\\3.jpeg', 'imagenes_tecnocasa\\anuncio_766\\4.jpeg', 'imagenes_tecnocasa\\anuncio_766\\5.jpeg', 'imagenes_tecnocasa\\anuncio_766\\6.jpeg', 'imagenes_tecnocasa\\anuncio_766\\7.jpeg', 'imagenes_tecnocasa\\anuncio_766\\8.jpeg', 'imagenes_tecnocasa\\anuncio_766\\9.jpeg', 'imagenes_tecnocasa\\anuncio_766\\10.jpeg', 'imagenes_tecnocasa\\anuncio_766\\11.jpeg', 'imagenes_tecnocasa\\anuncio_766\\12.jpeg', 'imagenes_tecnocasa\\anuncio_766\\13.jpeg', 'imagenes_tecnocasa\\anuncio_766\\14.jpeg', 'imagenes_tecnocasa\\anuncio_766\\15.jpeg', 'imagenes_tecnocasa\\anuncio_766\\16.jpeg', 'imagenes_tecnocasa\\anuncio_766\\17.jpeg', 'imagenes_tecnocasa\\anuncio_766\\18.jpeg', 'imagenes_tecnocasa\\anuncio_766\\19.jpeg', 'imagenes_tecnocasa\\anuncio_766\\20.jpeg', 'imagenes_tecnocasa\\anuncio_766\\21.jpeg', 'imagenes_tecnocasa\\anuncio_766\\22.jpeg', 'imagenes_tecnocasa\\anuncio_766\\23.jpeg', 'imagenes_tecnocasa\\anuncio_766\\24.jpeg', 'imagenes_tecnocasa\\anuncio_766\\25.jpeg']",1,Señorial,2005,1,0,0,casa,2,Valdemoro,Valdemoro,40.1888604,-3.67143,766,1846.1538461538462,285.0,181.0,0.6333333333333333,0.7999999999999999,1.0,1.0,parquet,pintura,corredera,estándar (2.4-2.8m),nada,4.6,4.4,convencional,"['#F5F5DC', '#A0522D', '#FFFFE0']",buena,True,convencional,normal,ninguno,ninguno,estándar,parcialmente equipada,ninguno,6.6,6.8,leve,5
https://www.tecnocasa.es/venta/piso/madrid/alcorcon/617114.html,239000.0,3,95.0,1,"Agencia inmobiliaria de ALCORCÓN - zona ALCORCÓN CENTRO - AYUNTAMIENTO - Tecnocasa Estudio Ciudad De Alcorcon Sl,

Te ofrece esta excelente oportunidad en una de las zonas más demandadas de Alcorcón: La Calle Cisneros, a pocos pasos del Teatro Buero Vallejo y en pleno centro de la ciudad.
Piso en venta - Calle Cisneros, Alcorcón
Amplio salón de paso con acceso a una terraza abierta, ideal para disfrutar de la luz baño reformado rescientemente con ventana y plato de ducha, gran cocina con acceso a un tendedero acristalado. Suelo de parquet, ventanas de hierro y puertas de madera. Calefacción central, trastero y 2 ascensor. Acceso al portal con videoportero.
Este piso está rodeado de todos los servicios que necesitas para una vida cómoda y práctica: Transporte público a pocos minutos de las líneas de autobús urbanas e interurbanas, la estación de Metrosur y RENFE.
Servicios cercanos: colegios, centro de salud, hospital, y una gran variedad de comercios y supermercados.
No pierdas la oportunidad de vivir en una zona céntrica y bien conectada.",1,1,1,1,1,1,1,1,1,1,"['https://cdn-media.medialabtc.it/es/agencies/mdav9/estates/617114/images/8897893/gallery_media.jpeg', 'https://cdn-media.medialabtc.it/es/agencies/mdav9/estates/617114/images/8897904/gallery_media.jpeg', 'https://cdn-media.medialabtc.it/es/agencies/mdav9/estates/617114/images/8897908/gallery_media.jpeg', 'https://cdn-media.medialabtc.it/es/agencies/mdav9/estates/617114/images/8897903/gallery_media.jpeg', 'https://cdn-media.medialabtc.it/es/agencies/mdav9/estates/617114/images/8897888/gallery_media.jpeg', 'https://cdn-media.medialabtc.it/es/agencies/mdav9/estates/617114/images/8897881/gallery_media.jpeg', 'https://cdn-media.medialabtc.it/es/agencies/mdav9/estates/617114/images/8897902/gallery_media.jpeg', 'https://cdn-media.medialabtc.it/es/agencies/mdav9/estates/617114/images/8897885/gallery_media.jpeg', 'https://cdn-media.medialabtc.it/es/agencies/mdav9/estates/617114/images/8897882/gallery_media.jpeg', 'https://cdn-media.medialabtc.it/es/agencies/mdav9/estates/617114/images/8897884/gallery_media.jpeg', 'https://cdn-media.medialabtc.it/es/agencies/mdav9/estates/617114/images/8897889/gallery_media.jpeg', 'https://cdn-media.medialabtc.it/es/agencies/mdav9/estates/617114/images/8897896/gallery_media.jpeg', 'https://cdn-media.medialabtc.it/es/agencies/mdav9/estates/617114/images/8897892/gallery_media.jpeg', 'https://cdn-media.medialabtc.it/es/agencies/mdav9/estates/617114/images/8897883/gallery_media.jpeg', 'https://cdn-media.medialabtc.it/es/agencies/mdav9/estates/617114/images/8897860/gallery_media.jpeg', 'https://cdn-media.medialabtc.it/es/agencies/mdav9/estates/617114/images/8897891/gallery_media.jpeg', 'https://cdn-media.medialabtc.it/es/agencies/mdav9/estates/617114/images/8897890/gallery_media.jpeg', 'https://cdn-media.medialabtc.it/es/agencies/mdav9/estates/617114/images/8897886/gallery_media.jpeg', 'https://cdn-media.medialabtc.it/es/agencies/mdav9/estates/617114/images/8897861/gallery_media.jpeg', 'https://cdn-media.medialabtc.it/es/agencies/mdav9/estates/617114/images/8897909/gallery_media.jpeg', 'https://cdn-media.medialabtc.it/es/agencies/mdav9/estates/617114/images/8897906/gallery_media.jpeg', 'https://cdn-media.medialabtc.it/es/agencies/mdav9/estates/617114/images/8897859/gallery_media.jpeg', 'https://cdn-media.medialabtc.it/es/agencies/mdav9/estates/617114/images/8897905/gallery_media.jpeg', 'https://cdn-media.medialabtc.it/es/agencies/mdav9/estates/617114/images/8897894/gallery_media.jpeg', 'https://cdn-media.medialabtc.it/es/agencies/mdav9/estates/617114/images/8897858/gallery_media.jpeg', 'https://cdn-media.medialabtc.it/es/agencies/mdav9/estates/617114/images/8897895/gallery_media.jpeg', 'https://cdn-media.medialabtc.it/es/agencies/mdav9/estates/617114/images/8897887/gallery_media.jpeg', 'https://cdn-media.medialabtc.it/es/agencies/mdav9/estates/617114/images/8897907/gallery_media.jpeg']",0,Reformado,0,1,0,1,0,E,0,0,"['imagenes_tecnocasa\\anuncio_768\\0.jpeg', 'imagenes_tecnocasa\\anuncio_768\\1.jpeg', 'imagenes_tecnocasa\\anuncio_768\\2.jpeg', 'imagenes_tecnocasa\\anuncio_768\\3.jpeg', 'imagenes_tecnocasa\\anuncio_768\\4.jpeg', 'imagenes_tecnocasa\\anuncio_768\\5.jpeg', 'imagenes_tecnocasa\\anuncio_768\\6.jpeg', 'imagenes_tecnocasa\\anuncio_768\\7.jpeg', 'imagenes_tecnocasa\\anuncio_768\\8.jpeg', 'imagenes_tecnocasa\\anuncio_768\\9.jpeg', 'imagenes_tecnocasa\\anuncio_768\\10.jpeg', 'imagenes_tecnocasa\\anuncio_768\\11.jpeg', 'imagenes_tecnocasa\\anuncio_768\\12.jpeg', 'imagenes_tecnocasa\\anuncio_768\\13.jpeg', 'imagenes_tecnocasa\\anuncio_768\\14.jpeg', 'imagenes_tecnocasa\\anuncio_768\\15.jpeg', 'imagenes_tecnocasa\\anuncio_768\\16.jpeg', 'imagenes_tecnocasa\\anuncio_768\\17.jpeg', 'imagenes_tecnocasa\\anuncio_768\\18.jpeg', 'imagenes_tecnocasa\\anuncio_768\\19.jpeg', 'imagenes_tecnocasa\\anuncio_768\\20.jpeg', 'imagenes_tecnocasa\\anuncio_768\\21.jpeg', 'imagenes_tecnocasa\\anuncio_768\\22.jpeg', 'imagenes_tecnocasa\\anuncio_768\\23.jpeg', 'imagenes_tecnocasa\\anuncio_768\\24.jpeg', 'imagenes_tecnocasa\\anuncio_768\\25.jpeg', 'imagenes_tecnocasa\\anuncio_768\\26.jpeg', 'imagenes_tecnocasa\\anuncio_768\\27.jpeg']",0,Media,1980,0,0,0,piso,2,Alcorcón,"Centro - Ondarreta - Torres Bellas, Centro, Alcorcón",40.3492998,-3.8284295,768,2515.7894736842104,172.0,118.0,0.45,0.625,2.0,1.0,otro,pintura,corredera,estándar (2.4-2.8m),nada,3.0,4.0,convencional,"['#D2B48C', '#A0522D', '#808080']",regular,False,convencional,limitado,ninguno,ninguno,estándar,básica,ninguno,5.6,6.2,ninguna,5
https://www.tecnocasa.es/venta/piso/madrid/madrid/612474.html,279000.0,3,77.0,1,"'Agencia inmobiliaria de MADRID - zona ALUCHE - EMPALME - CAMPAMENTO - Oficina Tecnocasa VENDE vivienda en calle Tembleque.
¡Oportunidad única en Aluche! Este encantador piso ubicado en una cuarta planta con ascesnor, cuenta con 77 m2 construidos, ofreciendo un espacio ideal para tu amplia familia.
Con una doble orientación, todo exterior, disfrutarás de una excelente iluminación natural a lo largo del día.
La vivienda dispone de 3 amplios y cómodos dormitorios, todos ellos con armarios empotrados, un acogedor salón comedor, una cocina actualizada y un baño completo.
Construido en 1966, el piso se encuentra en buen estado ya que se le ha actualizado, con calefacción de gas natural y ascensor, además dispone de trastero.
El inmueble se encuentra en una ubicación privilegiada, se encuentra a menos de 30 metros de la boca de metro de Empalme y a pocos minutos del intercambiador de Aluche, rodeado de estaciones de autobuses, metro y renfe.
No te faltará nada, ya que estás rodeado de una gran variedad de comercios y servicios públicos, lo que garantiza una excelente comunicación y todos los servicios a tu alcance.
Para más información contacte con nosotros sin ningún tipo de compromiso y concierte una visita para conocer el inmueble en la que además podrá informarle de las condiciones de financiación actuales uno de nuestros agentes financieros KIRON. '. '",1,1,0,1,1,1,0,1,1,1,"['https://cdn-media.medialabtc.it/es/agencies/mdaw7/estates/612474/images/8969664/gallery_media.jpeg', 'https://cdn-media.medialabtc.it/es/agencies/mdaw7/estates/612474/images/8969619/gallery_media.jpeg', 'https://cdn-media.medialabtc.it/es/agencies/mdaw7/estates/612474/images/8969472/gallery_media.jpeg', 'https://cdn-media.medialabtc.it/es/agencies/mdaw7/estates/612474/images/8969662/gallery_media.jpeg', 'https://cdn-media.medialabtc.it/es/agencies/mdaw7/estates/612474/images/8969470/gallery_media.jpeg', 'https://cdn-media.medialabtc.it/es/agencies/mdaw7/estates/612474/images/8969465/gallery_media.jpeg', 'https://cdn-media.medialabtc.it/es/agencies/mdaw7/estates/612474/images/8969464/gallery_media.jpeg', 'https://cdn-media.medialabtc.it/es/agencies/mdaw7/estates/612474/images/8937226/gallery_media.jpeg', 'https://cdn-media.medialabtc.it/es/agencies/mdaw7/estates/612474/images/8969457/gallery_media.jpeg', 'https://cdn-media.medialabtc.it/es/agencies/mdaw7/estates/612474/images/8969467/gallery_media.jpeg', 'https://cdn-media.medialabtc.it/es/agencies/mdaw7/estates/612474/images/8969463/gallery_media.jpeg', 'https://cdn-media.medialabtc.it/es/agencies/mdaw7/estates/612474/images/8969462/gallery_media.jpeg', 'https://cdn-media.medialabtc.it/es/agencies/mdaw7/estates/612474/images/8937223/gallery_media.jpeg', 'https://cdn-media.medialabtc.it/es/agencies/mdaw7/estates/612474/images/8969455/gallery_media.jpeg', 'https://cdn-media.medialabtc.it/es/agencies/mdaw7/estates/612474/images/8969621/gallery_media.jpeg', 'https://cdn-media.medialabtc.it/es/agencies/mdaw7/estates/612474/images/8969469/gallery_media.jpeg', 'https://cdn-media.medialabtc.it/es/agencies/mdaw7/estates/612474/images/8937221/gallery_media.jpeg', 'https://cdn-media.medialabtc.it/es/agencies/mdaw7/estates/612474/images/8969461/gallery_media.jpeg', 'https://cdn-media.medialabtc.it/es/agencies/mdaw7/estates/612474/images/8969468/gallery_media.jpeg', 'https://cdn-media.medialabtc.it/es/agencies/mdaw7/estates/612474/images/8937218/gallery_media.jpeg', 'https://cdn-media.medialabtc.it/es/agencies/mdaw7/estates/612474/images/8937220/gallery_media.jpeg', 'https://cdn-media.medialabtc.it/es/agencies/mdaw7/estates/612474/images/8969471/gallery_media.jpeg', 'https://cdn-media.medialabtc.it/es/agencies/mdaw7/estates/612474/images/8969663/gallery_media.jpeg', 'https://cdn-media.medialabtc.it/es/agencies/mdaw7/estates/612474/images/8969466/gallery_media.jpeg', 'https://cdn-media.medialabtc.it/es/agencies/mdaw7/estates/612474/images/8969456/gallery_media.jpeg']",0,Buen estado,0,1,0,0,0,E,0,0,"['imagenes_tecnocasa\\anuncio_769\\0.jpeg', 'imagenes_tecnocasa\\anuncio_769\\1.jpeg', 'imagenes_tecnocasa\\anuncio_769\\2.jpeg', 'imagenes_tecnocasa\\anuncio_769\\3.jpeg', 'imagenes_tecnocasa\\anuncio_769\\4.jpeg', 'imagenes_tecnocasa\\anuncio_769\\5.jpeg', 'imagenes_tecnocasa\\anuncio_769\\6.jpeg', 'imagenes_tecnocasa\\anuncio_769\\7.jpeg', 'imagenes_tecnocasa\\anuncio_769\\8.jpeg', 'imagenes_tecnocasa\\anuncio_769\\9.jpeg', 'imagenes_tecnocasa\\anuncio_769\\10.jpeg', 'imagenes_tecnocasa\\anuncio_769\\11.jpeg', 'imagenes_tecnocasa\\anuncio_769\\12.jpeg', 'imagenes_tecnocasa\\anuncio_769\\13.jpeg', 'imagenes_tecnocasa\\anuncio_769\\14.jpeg', 'imagenes_tecnocasa\\anuncio_769\\15.jpeg', 'imagenes_tecnocasa\\anuncio_769\\16.jpeg', 'imagenes_tecnocasa\\anuncio_769\\17.jpeg', 'imagenes_tecnocasa\\anuncio_769\\18.jpeg', 'imagenes_tecnocasa\\anuncio_769\\19.jpeg', 'imagenes_tecnocasa\\anuncio_769\\20.jpeg', 'imagenes_tecnocasa\\anuncio_769\\21.jpeg', 'imagenes_tecnocasa\\anuncio_769\\22.jpeg', 'imagenes_tecnocasa\\anuncio_769\\23.jpeg', 'imagenes_tecnocasa\\anuncio_769\\24.jpeg']",0,Popular,1966,1,0,1,piso,2,Aluche,"Aluche, Madrid",40.392356,-3.7571096,769,3623.3766233766232,222.0,147.0,0.3666666666666667,0.6,1.0,1.0,parquet,pintura,corredera,estándar (2.4-2.8m),nada,3.4,4.4,moderno,"['#D3D3D3', '#FFFFFF', '#228B22']",buena,False,convencional,limitado,ninguno,ninguno,estándar,básica,ninguno,6.4,5.6,ninguna,5
https://www.tecnocasa.es/venta/casa/madrid/villaviciosa-de-odon/620750.html,665000.0,4,300.0,3,"TECNOCASA VILLAVICIOSA DE ODON Vende en exclusiva para que usted compre con seguridad y tranquilidad, sin otros compradores y agencias por medio. Confíe en la inmobiliaria líder en España con más de 800 puntos de venta. Agencia Inmobiliaria inscrita en el RAIN de la Comunidad de Madrid. N° 000134/18.
A PETICION DE LA PROPIEDAD, POR SU PRIVACIDAD, SE ENSEÑARAN FOTOGRAFIAS DE LA VIVIENDA POSTERIORMENTE AL ESTUDIO FINANCIERO.
La vivienda cuenta con un amplio hall de entrada comunicado con un aseo de cortesía y una gran habitación en planta, una amplia cocina Americana, con mucha luminosidad conectada con el salón y salida directa a un porche y al jardín.
La primera planta se encuentra un amplio dormitorio como habitación principal con baño en suite y un amplio vestidor, tenemos otros dos dormitorios doble con armarios empotrados, y ambas comparten un precioso baño completo con ducha.
La planta baja cuenta con dos amplias salas, una usada como cuarto de juegos y otra como lavandería, ambas cuentan con ventanas, aseo y comunicación con el garaje, el cual tiene capacidad para dos vehículos y una habitación con baño completo y cocina.
La parcela cuenta con 302m2 de superficie, cuenta zona solada, ajardinada y espacio para una amplia piscina.
Importante destacar que la vivienda esta completamente reformada.
CONSULTA NUESTRAS HIPOTECAS DESDE EL 1,35% PARA QUE TU COMPRA SEA MAS BARATA!
Gestionamos cambios de vivienda, valoración inmobiliaria gratuita. Financiación 100%.",0,0,1,0,0,1,0,0,0,1,"['https://cdn-media.medialabtc.it/es/agencies/mdbzb/estates/620750/images/8972857/gallery_media.jpeg', 'https://cdn-media.medialabtc.it/es/agencies/mdbzb/estates/620750/images/8972856/gallery_media.jpeg', 'https://cdn-media.medialabtc.it/es/agencies/mdbzb/estates/620750/images/8972859/gallery_media.jpeg', 'https://cdn-media.medialabtc.it/es/agencies/mdbzb/estates/620750/images/8972854/gallery_media.jpeg', 'https://cdn-media.medialabtc.it/es/agencies/mdbzb/estates/620750/images/8972853/gallery_media.jpeg', 'https://cdn-media.medialabtc.it/es/agencies/mdbzb/estates/620750/images/8972852/gallery_media.jpeg', 'https://cdn-media.medialabtc.it/es/agencies/mdbzb/estates/620750/images/8972863/gallery_media.jpeg', 'https://cdn-media.medialabtc.it/es/agencies/mdbzb/estates/620750/images/8972860/gallery_media.jpeg', 'https://cdn-media.medialabtc.it/es/agencies/mdbzb/estates/620750/images/8972855/gallery_media.jpeg', 'https://cdn-media.medialabtc.it/es/agencies/mdbzb/estates/620750/images/8972858/gallery_media.jpeg', 'https://cdn-media.medialabtc.it/es/agencies/mdbzb/estates/620750/images/8972861/gallery_media.jpeg', 'https://cdn-media.medialabtc.it/es/agencies/mdbzb/estates/620750/images/8972862/gallery_media.jpeg']",0,Desconocido,1,0,1,0,1,Desconocida,0,0,"['imagenes_tecnocasa\\anuncio_771\\0.jpeg', 'imagenes_tecnocasa\\anuncio_771\\1.jpeg', 'imagenes_tecnocasa\\anuncio_771\\2.jpeg', 'imagenes_tecnocasa\\anuncio_771\\3.jpeg', 'imagenes_tecnocasa\\anuncio_771\\4.jpeg', 'imagenes_tecnocasa\\anuncio_771\\5.jpeg', 'imagenes_tecnocasa\\anuncio_771\\6.jpeg', 'imagenes_tecnocasa\\anuncio_771\\7.jpeg', 'imagenes_tecnocasa\\anuncio_771\\8.jpeg', 'imagenes_tecnocasa\\anuncio_771\\9.jpeg', 'imagenes_tecnocasa\\anuncio_771\\10.jpeg', 'imagenes_tecnocasa\\anuncio_771\\11.jpeg']",1,Popular,2000,1,1,0,casa,2,Villaviciosa de Odón,Villaviciosa De Odón,40.3573787,-3.9002334,771,2216.6666666666665,234.0,153.0,0.0,0.0,1.0,0.0,otro,otro,otro,otro,nada,2.0,1.8,otro,"['#008080', '#00FFFF', '#FFFFFF']",otro,True,otro,otro,otro,ninguno,otro,otro,ninguno,5.4,6.2,ninguna,5
https://www.tecnocasa.es/venta/piso/madrid/madrid/617547.html,799000.0,5,275.0,2,"Se ofrece un inmueble único en VENTA, completamente reformado y distribuido en dos plantas, ideal para quienes buscan un espacio funcional, moderno y con múltiples posibilidades de uso.

En la planta baja, encontrarás un amplio garaje, zona de almacén, cocina equipada, baño, un encantador patio interior y tres salas acristaladas actualmente habilitadas como oficinas.

La planta superior, cuenta con una agradable y amplia terraza, una habitación, baño completo y un amplio salón lleno de luz natural cómodo y acogedor.

Cerca tiene todos los servicios como el mercado de Tetuán, restaurantes, farmacias, colegios y centros de salud.

El inmueble se localiza en el barrio de Tetuán, al lado de la calle Bravo Murillo y la calle Marqués de Viana.

Con muy buenas comunicaciones, parada de Autobús líneas 66, 124 y N23, metro LINEA 1, Valdeacederas y Tetuan a menos de 5 minutos andando.

30 años en el barrio, ¡Gracias por la confianza!

Agente inmobiliario inscrito en el RAIN N° 000255/18.",1,1,1,1,1,1,0,1,1,1,"['https://cdn-media.medialabtc.it/es/agencies/mdaig/estates/617547/images/8960987/gallery_media.jpeg', 'https://cdn-media.medialabtc.it/es/agencies/mdaig/estates/617547/images/8960970/gallery_media.jpeg', 'https://cdn-media.medialabtc.it/es/agencies/mdaig/estates/617547/images/8960988/gallery_media.jpeg', 'https://cdn-media.medialabtc.it/es/agencies/mdaig/estates/617547/images/8960979/gallery_media.jpeg', 'https://cdn-media.medialabtc.it/es/agencies/mdaig/estates/617547/images/8960960/gallery_media.jpeg', 'https://cdn-media.medialabtc.it/es/agencies/mdaig/estates/617547/images/8960958/gallery_media.jpeg', 'https://cdn-media.medialabtc.it/es/agencies/mdaig/estates/617547/images/8960965/gallery_media.jpeg', 'https://cdn-media.medialabtc.it/es/agencies/mdaig/estates/617547/images/8960971/gallery_media.jpeg', 'https://cdn-media.medialabtc.it/es/agencies/mdaig/estates/617547/images/8960984/gallery_media.jpeg', 'https://cdn-media.medialabtc.it/es/agencies/mdaig/estates/617547/images/8960981/gallery_media.jpeg', 'https://cdn-media.medialabtc.it/es/agencies/mdaig/estates/617547/images/8960969/gallery_media.jpeg', 'https://cdn-media.medialabtc.it/es/agencies/mdaig/estates/617547/images/8960972/gallery_media.jpeg', 'https://cdn-media.medialabtc.it/es/agencies/mdaig/estates/617547/images/8960977/gallery_media.jpeg', 'https://cdn-media.medialabtc.it/es/agencies/mdaig/estates/617547/images/8960973/gallery_media.jpeg', 'https://cdn-media.medialabtc.it/es/agencies/mdaig/estates/617547/images/8960959/gallery_media.jpeg', 'https://cdn-media.medialabtc.it/es/agencies/mdaig/estates/617547/images/8960962/gallery_media.jpeg', 'https://cdn-media.medialabtc.it/es/agencies/mdaig/estates/617547/images/8960974/gallery_media.jpeg', 'https://cdn-media.medialabtc.it/es/agencies/mdaig/estates/617547/images/8960975/gallery_media.jpeg', 'https://cdn-media.medialabtc.it/es/agencies/mdaig/estates/617547/images/8960966/gallery_media.jpeg', 'https://cdn-media.medialabtc.it/es/agencies/mdaig/estates/617547/images/8960961/gallery_media.jpeg', 'https://cdn-media.medialabtc.it/es/agencies/mdaig/estates/617547/images/8960967/gallery_media.jpeg', 'https://cdn-media.medialabtc.it/es/agencies/mdaig/estates/617547/images/8960980/gallery_media.jpeg', 'https://cdn-media.medialabtc.it/es/agencies/mdaig/estates/617547/images/8960983/gallery_media.jpeg', 'https://cdn-media.medialabtc.it/es/agencies/mdaig/estates/617547/images/8960976/gallery_media.jpeg', 'https://cdn-media.medialabtc.it/es/agencies/mdaig/estates/617547/images/8960963/gallery_media.jpeg', 'https://cdn-media.medialabtc.it/es/agencies/mdaig/estates/617547/images/8960978/gallery_media.jpeg', 'https://cdn-media.medialabtc.it/es/agencies/mdaig/estates/617547/images/8960982/gallery_media.jpeg', 'https://cdn-media.medialabtc.it/es/agencies/mdaig/estates/617547/images/8960985/gallery_media.jpeg', 'https://cdn-media.medialabtc.it/es/agencies/mdaig/estates/617547/images/8960968/gallery_media.jpeg']",0,Reformado,1,1,0,1,0,Desconocida,0,0,"['imagenes_tecnocasa\\anuncio_772\\0.jpeg', 'imagenes_tecnocasa\\anuncio_772\\1.jpeg', 'imagenes_tecnocasa\\anuncio_772\\2.jpeg', 'imagenes_tecnocasa\\anuncio_772\\3.jpeg', 'imagenes_tecnocasa\\anuncio_772\\4.jpeg', 'imagenes_tecnocasa\\anuncio_772\\5.jpeg', 'imagenes_tecnocasa\\anuncio_772\\6.jpeg', 'imagenes_tecnocasa\\anuncio_772\\7.jpeg', 'imagenes_tecnocasa\\anuncio_772\\8.jpeg', 'imagenes_tecnocasa\\anuncio_772\\9.jpeg', 'imagenes_tecnocasa\\anuncio_772\\10.jpeg', 'imagenes_tecnocasa\\anuncio_772\\11.jpeg', 'imagenes_tecnocasa\\anuncio_772\\12.jpeg', 'imagenes_tecnocasa\\anuncio_772\\13.jpeg', 'imagenes_tecnocasa\\anuncio_772\\14.jpeg', 'imagenes_tecnocasa\\anuncio_772\\15.jpeg', 'imagenes_tecnocasa\\anuncio_772\\16.jpeg', 'imagenes_tecnocasa\\anuncio_772\\17.jpeg', 'imagenes_tecnocasa\\anuncio_772\\18.jpeg', 'imagenes_tecnocasa\\anuncio_772\\19.jpeg', 'imagenes_tecnocasa\\anuncio_772\\20.jpeg', 'imagenes_tecnocasa\\anuncio_772\\21.jpeg', 'imagenes_tecnocasa\\anuncio_772\\22.jpeg', 'imagenes_tecnocasa\\anuncio_772\\23.jpeg', 'imagenes_tecnocasa\\anuncio_772\\24.jpeg', 'imagenes_tecnocasa\\anuncio_772\\25.jpeg', 'imagenes_tecnocasa\\anuncio_772\\26.jpeg', 'imagenes_tecnocasa\\anuncio_772\\27.jpeg', 'imagenes_tecnocasa\\anuncio_772\\28.jpeg']",1,Media,1963,0,0,0,piso,2,Madrid,"Valdeacederas, Madrid",40.4167047,-3.7035825,772,2905.4545454545455,159.0,119.0,0.5750000000000001,0.7666666666666666,3.0,1.0,otro,pintura,corredera,bajo (<2.4m),nada,5.2,6.4,moderno,"['#FFFFFF', '#E0E0E0', '#FF5733']",buena,False,eficiente,limitado,ninguno,ninguno,estándar,básica,ninguno,7.2,6.6,ninguna,5
https://www.tecnocasa.es/venta/piso/madrid/alcorcon/619010.html,136500.0,1,42.0,1,"Agencia inmobiliaria de ALCORCÓN - zona ALCORCÓN CENTRO - AYUNTAMIENTO - Tecnocasa Estudio Ciudad De Alcorcón Sl, te presenta esta excelente oportunidad en una ubicación privilegiada, en pleno corazón de Alcorcón.
VIVIENDA EN VENTA ACTUALMENTE DESIGNADO COMO DESPACHO PROFESIONAL – TRAVESÍA NORIA, ALCORCÓN CENTRO.
Este inmueble, actualmente registrado como despacho profesional, el cual ha sido acondicionado como una vivienda tipo estudio, con: Salón de paso, Cocina americana totalmente equipada, Baño con bañera, Suelo de gres, ventanas de aluminio, puertas de madera y Aire acondicionado. Cuenta con ascensor, muy buena orientacion e iluimacion y un tendedero comunitario en la azotea.
IMPORTANTE: Por su superficie construida, este inmueble no cumple con los requisitos mínimos para ser legalmente considerado una vivienda. Actualmente está destinado a uso como despacho profesional, aunque su distribución actual lo hace ideal también como oficina, consulta o estudio.
Ubicación inmejorable, rodeado de todos los servicios: centros educativos, comercios, supermercados, centro de salud, hospital, y perfectamente comunicado por líneas de autobuses urbanas e interurbanas, Metrosur y RENFE.
Una opción ideal para profesionales, autónomos o inversores que buscan un espacio bien situado y con todas las comodidades.
Contáctanos para más información o para concertar una visita sin compromiso.",1,1,1,1,1,1,1,1,1,1,"['https://cdn-media.medialabtc.it/es/agencies/mdav9/estates/619010/images/8927715/gallery_media.jpeg', 'https://cdn-media.medialabtc.it/es/agencies/mdav9/estates/619010/images/8927722/gallery_media.jpeg', 'https://cdn-media.medialabtc.it/es/agencies/mdav9/estates/619010/images/8927719/gallery_media.jpeg', 'https://cdn-media.medialabtc.it/es/agencies/mdav9/estates/619010/images/8927717/gallery_media.jpeg', 'https://cdn-media.medialabtc.it/es/agencies/mdav9/estates/619010/images/8927707/gallery_media.jpeg', 'https://cdn-media.medialabtc.it/es/agencies/mdav9/estates/619010/images/8927710/gallery_media.jpeg', 'https://cdn-media.medialabtc.it/es/agencies/mdav9/estates/619010/images/8927711/gallery_media.jpeg', 'https://cdn-media.medialabtc.it/es/agencies/mdav9/estates/619010/images/8927706/gallery_media.jpeg', 'https://cdn-media.medialabtc.it/es/agencies/mdav9/estates/619010/images/8927704/gallery_media.jpeg', 'https://cdn-media.medialabtc.it/es/agencies/mdav9/estates/619010/images/8927709/gallery_media.jpeg', 'https://cdn-media.medialabtc.it/es/agencies/mdav9/estates/619010/images/8927716/gallery_media.jpeg', 'https://cdn-media.medialabtc.it/es/agencies/mdav9/estates/619010/images/8927721/gallery_media.jpeg', 'https://cdn-media.medialabtc.it/es/agencies/mdav9/estates/619010/images/8927714/gallery_media.jpeg', 'https://cdn-media.medialabtc.it/es/agencies/mdav9/estates/619010/images/8927718/gallery_media.jpeg', 'https://cdn-media.medialabtc.it/es/agencies/mdav9/estates/619010/images/8927712/gallery_media.jpeg', 'https://cdn-media.medialabtc.it/es/agencies/mdav9/estates/619010/images/8927713/gallery_media.jpeg', 'https://cdn-media.medialabtc.it/es/agencies/mdav9/estates/619010/images/8927723/gallery_media.jpeg', 'https://cdn-media.medialabtc.it/es/agencies/mdav9/estates/619010/images/8927705/gallery_media.jpeg', 'https://cdn-media.medialabtc.it/es/agencies/mdav9/estates/619010/images/8927720/gallery_media.jpeg', 'https://cdn-media.medialabtc.it/es/agencies/mdav9/estates/619010/images/8927708/gallery_media.jpeg']",0,Desconocido,0,0,0,0,0,Desconocida,0,0,"['imagenes_tecnocasa\\anuncio_773\\0.jpeg', 'imagenes_tecnocasa\\anuncio_773\\1.jpeg', 'imagenes_tecnocasa\\anuncio_773\\2.jpeg', 'imagenes_tecnocasa\\anuncio_773\\3.jpeg', 'imagenes_tecnocasa\\anuncio_773\\4.jpeg', 'imagenes_tecnocasa\\anuncio_773\\5.jpeg', 'imagenes_tecnocasa\\anuncio_773\\6.jpeg', 'imagenes_tecnocasa\\anuncio_773\\7.jpeg', 'imagenes_tecnocasa\\anuncio_773\\8.jpeg', 'imagenes_tecnocasa\\anuncio_773\\9.jpeg', 'imagenes_tecnocasa\\anuncio_773\\10.jpeg', 'imagenes_tecnocasa\\anuncio_773\\11.jpeg', 'imagenes_tecnocasa\\anuncio_773\\12.jpeg', 'imagenes_tecnocasa\\anuncio_773\\13.jpeg', 'imagenes_tecnocasa\\anuncio_773\\14.jpeg', 'imagenes_tecnocasa\\anuncio_773\\15.jpeg', 'imagenes_tecnocasa\\anuncio_773\\16.jpeg', 'imagenes_tecnocasa\\anuncio_773\\17.jpeg', 'imagenes_tecnocasa\\anuncio_773\\18.jpeg', 'imagenes_tecnocasa\\anuncio_773\\19.jpeg']",1,Popular,1963,1,0,1,piso,2,Alcorcón,"Centro - Ondarreta - Torres Bellas, Centro, Alcorcón",40.3492998,-3.8284295,773,3250.0,197.0,158.0,0.6,0.7000000000000001,0.0,1.0,otro,pintura,ninguna,estándar (2.4-2.8m),nada,3.2,4.2,convencional,"['#F5F5DC', '#A0522D', '#FFFFFF']",regular,False,convencional,limitado,ninguno,ninguno,estándar,básica,ninguno,6.6,6.4,ninguna,5
https://www.tecnocasa.es/venta/piso/madrid/fuenlabrada/620538.html,172500.0,3,84.0,1,"TECNOCASA FUENLABRADA zona Fuenlabrada II - Cerro del Molino - Fuenlabrada Central VENDE Piso en CALLE PORTUGAL, listo para entrar a vivir. Compuesto de 3 dormitorios, salón, cocina, baño y gran terraza. La luminosa y amplia vivienda dispone de suelo de gress, ventanas de aluminio, puertas en sapelly y calefacción. Ademas, el estado general de la vivienda es excepcional.

Piso con Ascensor completamente exterior.
IMPORTANTE: El pago debe realizarse al contado, no opcion de financiación.

Ubicada en una de las mejores zonas de Fuenlabra, próxima a todos los servicios necesarios como hospital, colegios, supermercados, centro de salud, centro de día para mayores, zonas verdes y a escasos minutos de Renfe y Metro Fuenlabrada Central.


A 5 MINUTOS DEL HOSPITAL DE FUENLABRADA. A 5 MINUTOS de FUENLABRADA CENTRAL ( AYUNTAMIENTO, JUZGADOS Y CENTRO COMERCIAL PLAZA DE LA ESTACION )
A 5 MINUTOS DE LA PARADA DE METRO PARQUE EUROPA
A 2 MINUTOS A PIE DEL PARQUE DE LA SOLIDARIDAD

Fácil acceso a la carretera M 506 comunicando con M 50, A 42, R 5, A 5

Zona con todos los servicios


AVISO LEGAL: Recordamos a nuestros Señores clientes que la información facilitada no constituye una auténtica oferta vinculante ni contractual. Este anuncio publicitario es provisional, y las fotografías y datos en él incluidos están sujetos a posibles modificaciones, consecuencia de exigencias comerciales, jurídicas, técnicas o por mandato expreso de la propiedad. La información aquí contenida procura reflejar una orientación sobre los inmuebles a la fecha de su publicación. La totalidad del contenido que aparece tiene carácter meramente informativo y aproximado, no teniendo, en modo alguno, carácter contractual. Tanto los datos, como las imágenes y planos pueden estar sujetos a cambios, por lo que le invitamos a que, si precisa una información más exacta y detallada, contacte con nosotros y le atenderemos a la mayor brevedad posible. Los contenidos tienen únicamente finalidad informativa y bajo ninguna circunstancia deben usarse ni considerarse como oferta de venta o financiación, solicitud de una oferta de compra o financiación, ni recomendación para realizar cualquier otra transacción, salvo que así se indique expresamente. La información y documentación a ofrecer de acuerdo con lo dispuesto en el Real Decreto 515/1989 (de 21 de abril, relativa a la protección de los consumidores en cuanto a la información a suministrar en la compraventa y arrendamiento de viviendas), será puesta a disposición de los potenciales compradores en las respectivas delegaciones territoriales gestoras del inmueble",1,1,1,1,1,1,0,1,1,1,"['https://cdn-media.medialabtc.it/es/agencies/md567/estates/620538/images/8970427/gallery_media.jpeg', 'https://cdn-media.medialabtc.it/es/agencies/md567/estates/620538/images/8970431/gallery_media.jpeg', 'https://cdn-media.medialabtc.it/es/agencies/md567/estates/620538/images/8969676/gallery_media.jpeg', 'https://cdn-media.medialabtc.it/es/agencies/md567/estates/620538/images/8969767/gallery_media.jpeg', 'https://cdn-media.medialabtc.it/es/agencies/md567/estates/620538/images/8969679/gallery_media.jpeg', 'https://cdn-media.medialabtc.it/es/agencies/md567/estates/620538/images/8969671/gallery_media.jpeg', 'https://cdn-media.medialabtc.it/es/agencies/md567/estates/620538/images/8969672/gallery_media.jpeg', 'https://cdn-media.medialabtc.it/es/agencies/md567/estates/620538/images/8969670/gallery_media.jpeg', 'https://cdn-media.medialabtc.it/es/agencies/md567/estates/620538/images/8970428/gallery_media.jpeg', 'https://cdn-media.medialabtc.it/es/agencies/md567/estates/620538/images/8970429/gallery_media.jpeg', 'https://cdn-media.medialabtc.it/es/agencies/md567/estates/620538/images/8969768/gallery_media.jpeg', 'https://cdn-media.medialabtc.it/es/agencies/md567/estates/620538/images/8970432/gallery_media.jpeg', 'https://cdn-media.medialabtc.it/es/agencies/md567/estates/620538/images/8969763/gallery_media.jpeg', 'https://cdn-media.medialabtc.it/es/agencies/md567/estates/620538/images/8969678/gallery_media.jpeg', 'https://cdn-media.medialabtc.it/es/agencies/md567/estates/620538/images/8969680/gallery_media.jpeg', 'https://cdn-media.medialabtc.it/es/agencies/md567/estates/620538/images/8970430/gallery_media.jpeg', 'https://cdn-media.medialabtc.it/es/agencies/md567/estates/620538/images/8969674/gallery_media.jpeg', 'https://cdn-media.medialabtc.it/es/agencies/md567/estates/620538/images/8969764/gallery_media.jpeg', 'https://cdn-media.medialabtc.it/es/agencies/md567/estates/620538/images/8969766/gallery_media.jpeg', 'https://cdn-media.medialabtc.it/es/agencies/md567/estates/620538/images/8969765/gallery_media.jpeg', 'https://cdn-media.medialabtc.it/es/agencies/md567/estates/620538/images/8969769/gallery_media.jpeg', 'https://cdn-media.medialabtc.it/es/agencies/md567/estates/620538/images/8969673/gallery_media.jpeg', 'https://cdn-media.medialabtc.it/es/agencies/md567/estates/620538/images/8969675/gallery_media.jpeg', 'https://cdn-media.medialabtc.it/es/agencies/md567/estates/620538/images/8969762/gallery_media.jpeg', 'https://cdn-media.medialabtc.it/es/agencies/md567/estates/620538/images/8970426/gallery_media.jpeg', 'https://cdn-media.medialabtc.it/es/agencies/md567/estates/620538/images/8969681/gallery_media.jpeg']",0,Desconocido,0,0,0,1,0,E,0,0,"['imagenes_tecnocasa\\anuncio_775\\0.jpeg', 'imagenes_tecnocasa\\anuncio_775\\1.jpeg', 'imagenes_tecnocasa\\anuncio_775\\2.jpeg', 'imagenes_tecnocasa\\anuncio_775\\3.jpeg', 'imagenes_tecnocasa\\anuncio_775\\4.jpeg', 'imagenes_tecnocasa\\anuncio_775\\5.jpeg', 'imagenes_tecnocasa\\anuncio_775\\6.jpeg', 'imagenes_tecnocasa\\anuncio_775\\7.jpeg', 'imagenes_tecnocasa\\anuncio_775\\8.jpeg', 'imagenes_tecnocasa\\anuncio_775\\9.jpeg', 'imagenes_tecnocasa\\anuncio_775\\10.jpeg', 'imagenes_tecnocasa\\anuncio_775\\11.jpeg', 'imagenes_tecnocasa\\anuncio_775\\12.jpeg', 'imagenes_tecnocasa\\anuncio_775\\13.jpeg', 'imagenes_tecnocasa\\anuncio_775\\14.jpeg', 'imagenes_tecnocasa\\anuncio_775\\15.jpeg', 'imagenes_tecnocasa\\anuncio_775\\16.jpeg', 'imagenes_tecnocasa\\anuncio_775\\17.jpeg', 'imagenes_tecnocasa\\anuncio_775\\18.jpeg', 'imagenes_tecnocasa\\anuncio_775\\19.jpeg', 'imagenes_tecnocasa\\anuncio_775\\20.jpeg', 'imagenes_tecnocasa\\anuncio_775\\21.jpeg', 'imagenes_tecnocasa\\anuncio_775\\22.jpeg', 'imagenes_tecnocasa\\anuncio_775\\23.jpeg', 'imagenes_tecnocasa\\anuncio_775\\24.jpeg', 'imagenes_tecnocasa\\anuncio_775\\25.jpeg']",0,Popular,1979,1,0,0,piso,6,Fuenlabrada,Fuenlabrada,40.282476,-3.7923422,775,2053.5714285714284,403.0,258.0,0.075,0.2916666666666667,0.0,0.0,otro,pintura,corredera,estándar (2.4-2.8m),nada,3.2,3.4,convencional,"['#808080', '#D3D3D3', '#FFFFFF']",regular,False,convencional,normal,ninguno,ninguno,estándar,básica,ninguno,6.2,6.8,ninguna,5
https://www.tecnocasa.es/venta/casa/madrid/parla/619297.html,482000.0,5,194.0,3,"Agencia inmobiliaria de Parla zona Parla Este-El Leguario-La Ermita Tecnocasa Consulting Inmobiliario El Leguario-La Ermita.
CHALET ADOSADO en venta en PARLA ESTE.
Chalet adosado de 169 m2. Vivienda del año 2007 junto al colegio CEIP Jose Hierro, parada del tranvia, Parque del Universo, recinto deportivo Los Prados, centro de salud Las Américas y supermercados.
La vivienda se distribuye en 3 plantas:
- Planta principal: Salón independiente con acceso a patio trasero. Cocina amueblada. 1 dormitorio y baño.
- Primera planta: 4 Dormitorios con armarios empotrados y 2 baños completo (1 en suite).
- Buhardilla acondicionada y reformada.
- Garaje en planta con capacidad para un vehículo.
Además, la vivienda cuenta con dos patios: patio trasero con piscina montable, pérgola fija con rejas regulables y zona de descanso con barbacoa de obra (con grifería y con barra), asi como, suelo porcelánico y puntos de lud; patio delantero reformado.
Asimismo, cuenta con mejoras como rejas en todos los accesos (ventanas y puertas).

TECNOCASA, red inmobiliaria líder en el sector con más de 30 años de experiencia, presente con mas 800 oficinas a nivel nacional y 7 oficinas en Parla.
Realizamos valoraciones de su hogar totalmente gratuitas; gestionamos el proceso de post-venta (tanto para comprador como para el vendedor); además, les daremos toda la información que necesiten sobre hipotecas, les ayudaremos a tramitar herencias, certificados, cambios de titularidad, plusvalías, permiso de venta, etc.",0,1,1,1,1,1,0,1,1,1,"['https://cdn-media.medialabtc.it/es/agencies/md609/estates/619297/images/8941488/gallery_media.jpeg', 'https://cdn-media.medialabtc.it/es/agencies/md609/estates/619297/images/8941379/gallery_media.jpeg', 'https://cdn-media.medialabtc.it/es/agencies/md609/estates/619297/images/8941375/gallery_media.jpeg', 'https://cdn-media.medialabtc.it/es/agencies/md609/estates/619297/images/8941373/gallery_media.jpeg', 'https://cdn-media.medialabtc.it/es/agencies/md609/estates/619297/images/8941376/gallery_media.jpeg', 'https://cdn-media.medialabtc.it/es/agencies/md609/estates/619297/images/8941381/gallery_media.jpeg', 'https://cdn-media.medialabtc.it/es/agencies/md609/estates/619297/images/8941502/gallery_media.jpeg', 'https://cdn-media.medialabtc.it/es/agencies/md609/estates/619297/images/8941493/gallery_media.jpeg', 'https://cdn-media.medialabtc.it/es/agencies/md609/estates/619297/images/8941485/gallery_media.jpeg', 'https://cdn-media.medialabtc.it/es/agencies/md609/estates/619297/images/8941490/gallery_media.jpeg', 'https://cdn-media.medialabtc.it/es/agencies/md609/estates/619297/images/8941492/gallery_media.jpeg', 'https://cdn-media.medialabtc.it/es/agencies/md609/estates/619297/images/8941491/gallery_media.jpeg', 'https://cdn-media.medialabtc.it/es/agencies/md609/estates/619297/images/8941378/gallery_media.jpeg', 'https://cdn-media.medialabtc.it/es/agencies/md609/estates/619297/images/8941365/gallery_media.jpeg', 'https://cdn-media.medialabtc.it/es/agencies/md609/estates/619297/images/8941368/gallery_media.jpeg', 'https://cdn-media.medialabtc.it/es/agencies/md609/estates/619297/images/8941489/gallery_media.jpeg', 'https://cdn-media.medialabtc.it/es/agencies/md609/estates/619297/images/8941372/gallery_media.jpeg', 'https://cdn-media.medialabtc.it/es/agencies/md609/estates/619297/images/8941380/gallery_media.jpeg', 'https://cdn-media.medialabtc.it/es/agencies/md609/estates/619297/images/8941487/gallery_media.jpeg', 'https://cdn-media.medialabtc.it/es/agencies/md609/estates/619297/images/8941366/gallery_media.jpeg', 'https://cdn-media.medialabtc.it/es/agencies/md609/estates/619297/images/8941377/gallery_media.jpeg', 'https://cdn-media.medialabtc.it/es/agencies/md609/estates/619297/images/8941364/gallery_media.jpeg', 'https://cdn-media.medialabtc.it/es/agencies/md609/estates/619297/images/8941494/gallery_media.jpeg', 'https://cdn-media.medialabtc.it/es/agencies/md609/estates/619297/images/8941374/gallery_media.jpeg', 'https://cdn-media.medialabtc.it/es/agencies/md609/estates/619297/images/8941367/gallery_media.jpeg', 'https://cdn-media.medialabtc.it/es/agencies/md609/estates/619297/images/8941503/gallery_media.jpeg', 'https://cdn-media.medialabtc.it/es/agencies/md609/estates/619297/images/8941486/gallery_media.jpeg', 'https://cdn-media.medialabtc.it/es/agencies/md609/estates/619297/images/8941371/gallery_media.jpeg', 'https://cdn-media.medialabtc.it/es/agencies/md609/estates/619297/images/8941484/gallery_media.jpeg']",0,Reformado,1,0,1,0,0,Desconocida,0,0,"['imagenes_tecnocasa\\anuncio_776\\0.jpeg', 'imagenes_tecnocasa\\anuncio_776\\1.jpeg', 'imagenes_tecnocasa\\anuncio_776\\2.jpeg', 'imagenes_tecnocasa\\anuncio_776\\3.jpeg', 'imagenes_tecnocasa\\anuncio_776\\4.jpeg', 'imagenes_tecnocasa\\anuncio_776\\5.jpeg', 'imagenes_tecnocasa\\anuncio_776\\6.jpeg', 'imagenes_tecnocasa\\anuncio_776\\7.jpeg', 'imagenes_tecnocasa\\anuncio_776\\8.jpeg', 'imagenes_tecnocasa\\anuncio_776\\9.jpeg', 'imagenes_tecnocasa\\anuncio_776\\10.jpeg', 'imagenes_tecnocasa\\anuncio_776\\11.jpeg', 'imagenes_tecnocasa\\anuncio_776\\12.jpeg', 'imagenes_tecnocasa\\anuncio_776\\13.jpeg', 'imagenes_tecnocasa\\anuncio_776\\14.jpeg', 'imagenes_tecnocasa\\anuncio_776\\15.jpeg', 'imagenes_tecnocasa\\anuncio_776\\16.jpeg', 'imagenes_tecnocasa\\anuncio_776\\17.jpeg', 'imagenes_tecnocasa\\anuncio_776\\18.jpeg', 'imagenes_tecnocasa\\anuncio_776\\19.jpeg', 'imagenes_tecnocasa\\anuncio_776\\20.jpeg', 'imagenes_tecnocasa\\anuncio_776\\21.jpeg', 'imagenes_tecnocasa\\anuncio_776\\22.jpeg', 'imagenes_tecnocasa\\anuncio_776\\23.jpeg', 'imagenes_tecnocasa\\anuncio_776\\24.jpeg', 'imagenes_tecnocasa\\anuncio_776\\25.jpeg', 'imagenes_tecnocasa\\anuncio_776\\26.jpeg', 'imagenes_tecnocasa\\anuncio_776\\27.jpeg', 'imagenes_tecnocasa\\anuncio_776\\28.jpeg']",0,Popular,1997,1,1,0,casa,1,Parla,Parla,40.2373952,-3.7718902,776,2484.536082474227,230.0,170.0,0.0,0.0,1.0,0.0,parquet,pintura,corredera,estándar (2.4-2.8m),nada,4.2,5.2,convencional,"['#FFFFFF', '#D2B48C', '#A0522D']",buena,False,convencional,limitado,ninguno,ninguno,estándar,básica,ninguno,7.0,6.0,ninguna,5
https://www.tecnocasa.es/venta/piso/madrid/madrid/581581.html,150000.0,1,23.0,1,"Agencia inmobiliaria de MADRID zona ANTÓN MARTÍN - LAVAPIÉS - LAS CORTES - REINA SOFÍA Oficina Tecnocasa.
¡VENDE! Excepcional inmueble en excelente ubicación. Ideal primera vivienda e inversión. Se entrega completamente equipado y amoblado: nevera, lavadora y horno microondas en perfectas condiciones. Ventanas estratégicamente ubicadas para ventilación cruzada e iluminación natural tanto por la mañana como por la tarde. AIRE ACONDICIONADO.

Muy bien comunicado: metro Antón Martín (L1) a 4 minutos, y Atocha-Renfe a 8 minutos.
No pierdas la oportunidad de verlo.
Ubicado en una de las zonas mas emblemáticas de Madrid, donde se encuentra el 'Triángulo del Arte', así como zonas verdes muy concurridas como el Real Jardín Botánico y el Parque del Retiro.
Gracias por confiar en nosotros!
Nos avalan 15 años de experiencia en la zona, formando parte de esta gran empresa, líder en España y Europa en el sector de la intermediación inmobiliaria.
¿Quiere conocer el valor real de su inmueble?
Ofrecemos a nuestros vecinos VALORACIONES GRATUITAS sin ningún compromiso de viviendas, locales y plazas de garaje.
Asesoramiento y gestión en: COMPRAVENTA, ARRENDAMIENTO, CAMBIO de VIVIENDA, HERENCIAS, CAMBIO de USO, CERTIFICADO ENERGÉTICO.
Nuestro departamento KIRON, expertos en intermediación financiera, le ayudarán a encontrar la solución hipotecaria que mejor se adapte a sus necesidades.
Cualquier duda, consulta estamos a su disposición.",1,1,1,1,1,1,0,1,1,1,"['https://cdn-media.medialabtc.it/es/agencies/mdac4/estates/581581/images/8956440/gallery_media.jpeg', 'https://cdn-media.medialabtc.it/es/agencies/mdac4/estates/581581/images/8956441/gallery_media.jpeg', 'https://cdn-media.medialabtc.it/es/agencies/mdac4/estates/581581/images/8956431/gallery_media.jpeg', 'https://cdn-media.medialabtc.it/es/agencies/mdac4/estates/581581/images/8956437/gallery_media.jpeg', 'https://cdn-media.medialabtc.it/es/agencies/mdac4/estates/581581/images/8956426/gallery_media.jpeg', 'https://cdn-media.medialabtc.it/es/agencies/mdac4/estates/581581/images/8956427/gallery_media.jpeg', 'https://cdn-media.medialabtc.it/es/agencies/mdac4/estates/581581/images/8956425/gallery_media.jpeg', 'https://cdn-media.medialabtc.it/es/agencies/mdac4/estates/581581/images/8956423/gallery_media.jpeg', 'https://cdn-media.medialabtc.it/es/agencies/mdac4/estates/581581/images/8956429/gallery_media.jpeg', 'https://cdn-media.medialabtc.it/es/agencies/mdac4/estates/581581/images/8956422/gallery_media.jpeg', 'https://cdn-media.medialabtc.it/es/agencies/mdac4/estates/581581/images/8956436/gallery_media.jpeg', 'https://cdn-media.medialabtc.it/es/agencies/mdac4/estates/581581/images/8956432/gallery_media.jpeg', 'https://cdn-media.medialabtc.it/es/agencies/mdac4/estates/581581/images/8956424/gallery_media.jpeg', 'https://cdn-media.medialabtc.it/es/agencies/mdac4/estates/581581/images/8956438/gallery_media.jpeg', 'https://cdn-media.medialabtc.it/es/agencies/mdac4/estates/581581/images/8956428/gallery_media.jpeg', 'https://cdn-media.medialabtc.it/es/agencies/mdac4/estates/581581/images/8956434/gallery_media.jpeg', 'https://cdn-media.medialabtc.it/es/agencies/mdac4/estates/581581/images/8956435/gallery_media.jpeg', 'https://cdn-media.medialabtc.it/es/agencies/mdac4/estates/581581/images/8956430/gallery_media.jpeg', 'https://cdn-media.medialabtc.it/es/agencies/mdac4/estates/581581/images/8956439/gallery_media.jpeg', 'https://cdn-media.medialabtc.it/es/agencies/mdac4/estates/581581/images/8956433/gallery_media.jpeg']",0,Desconocido,1,0,0,0,0,E,1,0,"['imagenes_tecnocasa\\anuncio_777\\0.jpeg', 'imagenes_tecnocasa\\anuncio_777\\1.jpeg', 'imagenes_tecnocasa\\anuncio_777\\2.jpeg', 'imagenes_tecnocasa\\anuncio_777\\3.jpeg', 'imagenes_tecnocasa\\anuncio_777\\4.jpeg', 'imagenes_tecnocasa\\anuncio_777\\5.jpeg', 'imagenes_tecnocasa\\anuncio_777\\6.jpeg', 'imagenes_tecnocasa\\anuncio_777\\7.jpeg', 'imagenes_tecnocasa\\anuncio_777\\8.jpeg', 'imagenes_tecnocasa\\anuncio_777\\9.jpeg', 'imagenes_tecnocasa\\anuncio_777\\10.jpeg', 'imagenes_tecnocasa\\anuncio_777\\11.jpeg', 'imagenes_tecnocasa\\anuncio_777\\12.jpeg', 'imagenes_tecnocasa\\anuncio_777\\13.jpeg', 'imagenes_tecnocasa\\anuncio_777\\14.jpeg', 'imagenes_tecnocasa\\anuncio_777\\15.jpeg', 'imagenes_tecnocasa\\anuncio_777\\16.jpeg', 'imagenes_tecnocasa\\anuncio_777\\17.jpeg', 'imagenes_tecnocasa\\anuncio_777\\18.jpeg', 'imagenes_tecnocasa\\anuncio_777\\19.jpeg']",1,Popular,1900,1,0,0,piso,2,Embajadores,"Lavapiés - Embajadores, Madrid",40.4095856,-3.7029851,777,6521.739130434783,214.0,163.0,0.3625,0.5,0.0,0.0,parquet,pintura,fija,estándar (2.4-2.8m),nada,4.0,5.4,moderno,"['#FFFFFF', '#D2B48C', '#696969']",regular,True,eficiente,limitado,ninguno,ninguno,estándar,básica,ninguno,6.8,5.8,ninguna,5
https://www.tecnocasa.es/venta/piso/madrid/madrid/620726.html,220000.0,4,86.0,1,"¡EXCLUSIVA TECNOCASA! Piso en Calle Castalia de Vallecas – Luminoso y Listo para Entrar a Vivir en Planta Baja¡EXCLUSIVA TECNOCASA! Piso en Calle Castalia de Vallecas – Luminoso y Listo para Entrar a Vivir en Planta Baja
¿Buscas un piso amplio, cómodo y bien ubicado en Vallecas? ¡Esta es tu oportunidad!
Te presentamos este luminoso piso de 80 m², situado en una planta baja, en buen estado y listo para entrar a vivir. Con una distribución funcional y estancias amplias, es ideal tanto para familias como para quienes buscan una excelente inversión.
Características principales: • 86 m² construidos • 4 dormitorios amplios • 1 baño completo • Cocina equipada • Salón luminoso con vistas despejadas • Planta baja • Vivienda en buen estado, lista para entrar a vivir
Ubicación destacada:
Situado en la Calle Castalia de Vallecas, en el barrio de Portazgo, disfrutarás de un entorno tranquilo y bien comunicado, con todos los servicios al alcance: • Metro y autobuses • Colegios, farmacias y centros de salud • Supermercados y comercios cercanos
Una oportunidad única:
Viviendas como esta, con 4 dormitorios, buena distribución y en planta baja, no aparecen todos los días. Ideal como vivienda habitual o como opción de inversión con alta rentabilidad.
¡Llámanos y agenda tu visita hoy mismo!Tu nuevo hogar te espera en Calle Castalia de Vallecas.",1,1,1,1,1,1,0,1,1,1,"['https://cdn-media.medialabtc.it/es/agencies/mdbw8/estates/620726/images/8972064/gallery_media.jpeg', 'https://cdn-media.medialabtc.it/es/agencies/mdbw8/estates/620726/images/8972049/gallery_media.jpeg', 'https://cdn-media.medialabtc.it/es/agencies/mdbw8/estates/620726/images/8972054/gallery_media.jpeg', 'https://cdn-media.medialabtc.it/es/agencies/mdbw8/estates/620726/images/8972060/gallery_media.jpeg', 'https://cdn-media.medialabtc.it/es/agencies/mdbw8/estates/620726/images/8972068/gallery_media.jpeg', 'https://cdn-media.medialabtc.it/es/agencies/mdbw8/estates/620726/images/8972043/gallery_media.jpeg', 'https://cdn-media.medialabtc.it/es/agencies/mdbw8/estates/620726/images/8972042/gallery_media.jpeg', 'https://cdn-media.medialabtc.it/es/agencies/mdbw8/estates/620726/images/8972045/gallery_media.jpeg', 'https://cdn-media.medialabtc.it/es/agencies/mdbw8/estates/620726/images/8972062/gallery_media.jpeg', 'https://cdn-media.medialabtc.it/es/agencies/mdbw8/estates/620726/images/8972044/gallery_media.jpeg', 'https://cdn-media.medialabtc.it/es/agencies/mdbw8/estates/620726/images/8972063/gallery_media.jpeg', 'https://cdn-media.medialabtc.it/es/agencies/mdbw8/estates/620726/images/8972061/gallery_media.jpeg', 'https://cdn-media.medialabtc.it/es/agencies/mdbw8/estates/620726/images/8972050/gallery_media.jpeg', 'https://cdn-media.medialabtc.it/es/agencies/mdbw8/estates/620726/images/8972051/gallery_media.jpeg', 'https://cdn-media.medialabtc.it/es/agencies/mdbw8/estates/620726/images/8972059/gallery_media.jpeg', 'https://cdn-media.medialabtc.it/es/agencies/mdbw8/estates/620726/images/8972048/gallery_media.jpeg', 'https://cdn-media.medialabtc.it/es/agencies/mdbw8/estates/620726/images/8972056/gallery_media.jpeg', 'https://cdn-media.medialabtc.it/es/agencies/mdbw8/estates/620726/images/8972055/gallery_media.jpeg', 'https://cdn-media.medialabtc.it/es/agencies/mdbw8/estates/620726/images/8972066/gallery_media.jpeg', 'https://cdn-media.medialabtc.it/es/agencies/mdbw8/estates/620726/images/8972067/gallery_media.jpeg', 'https://cdn-media.medialabtc.it/es/agencies/mdbw8/estates/620726/images/8972069/gallery_media.jpeg', 'https://cdn-media.medialabtc.it/es/agencies/mdbw8/estates/620726/images/8972057/gallery_media.jpeg', 'https://cdn-media.medialabtc.it/es/agencies/mdbw8/estates/620726/images/8972046/gallery_media.jpeg', 'https://cdn-media.medialabtc.it/es/agencies/mdbw8/estates/620726/images/8972053/gallery_media.jpeg', 'https://cdn-media.medialabtc.it/es/agencies/mdbw8/estates/620726/images/8972070/gallery_media.jpeg', 'https://cdn-media.medialabtc.it/es/agencies/mdbw8/estates/620726/images/8972047/gallery_media.jpeg', 'https://cdn-media.medialabtc.it/es/agencies/mdbw8/estates/620726/images/8972052/gallery_media.jpeg', 'https://cdn-media.medialabtc.it/es/agencies/mdbw8/estates/620726/images/8972065/gallery_media.jpeg', 'https://cdn-media.medialabtc.it/es/agencies/mdbw8/estates/620726/images/8972058/gallery_media.jpeg']",1,Buen estado,0,0,0,0,0,D,0,0,"['imagenes_tecnocasa\\anuncio_778\\0.jpeg', 'imagenes_tecnocasa\\anuncio_778\\1.jpeg', 'imagenes_tecnocasa\\anuncio_778\\2.jpeg', 'imagenes_tecnocasa\\anuncio_778\\3.jpeg', 'imagenes_tecnocasa\\anuncio_778\\4.jpeg', 'imagenes_tecnocasa\\anuncio_778\\5.jpeg', 'imagenes_tecnocasa\\anuncio_778\\6.jpeg', 'imagenes_tecnocasa\\anuncio_778\\7.jpeg', 'imagenes_tecnocasa\\anuncio_778\\8.jpeg', 'imagenes_tecnocasa\\anuncio_778\\9.jpeg', 'imagenes_tecnocasa\\anuncio_778\\10.jpeg', 'imagenes_tecnocasa\\anuncio_778\\11.jpeg', 'imagenes_tecnocasa\\anuncio_778\\12.jpeg', 'imagenes_tecnocasa\\anuncio_778\\13.jpeg', 'imagenes_tecnocasa\\anuncio_778\\14.jpeg', 'imagenes_tecnocasa\\anuncio_778\\15.jpeg', 'imagenes_tecnocasa\\anuncio_778\\16.jpeg', 'imagenes_tecnocasa\\anuncio_778\\17.jpeg', 'imagenes_tecnocasa\\anuncio_778\\18.jpeg', 'imagenes_tecnocasa\\anuncio_778\\19.jpeg', 'imagenes_tecnocasa\\anuncio_778\\20.jpeg', 'imagenes_tecnocasa\\anuncio_778\\21.jpeg', 'imagenes_tecnocasa\\anuncio_778\\22.jpeg', 'imagenes_tecnocasa\\anuncio_778\\23.jpeg', 'imagenes_tecnocasa\\anuncio_778\\24.jpeg', 'imagenes_tecnocasa\\anuncio_778\\25.jpeg', 'imagenes_tecnocasa\\anuncio_778\\26.jpeg', 'imagenes_tecnocasa\\anuncio_778\\27.jpeg', 'imagenes_tecnocasa\\anuncio_778\\28.jpeg']",0,Popular,1959,1,0,0,piso,1,Madrid,"Palomeras - Portazgo, Madrid",40.4167047,-3.7035825,778,2558.139534883721,220.0,136.0,0.9,1.0,3.0,1.0,cerámica,pintura,otro,estándar (2.4-2.8m),nada,3.2,4.2,convencional,"['#C0C0C0', '#800000', '#FFA500']",regular,False,convencional,limitado,ninguno,ninguno,estándar,básica,ninguno,6.4,6.2,ninguna,5
https://www.tecnocasa.es/venta/piso/madrid/madrid/619625.html,420000.0,2,57.0,1,"Oficina Pinos Alta del grupo Tecnocasa, VENDE en exclusiva apartamento en C/ Bravo Murillo.
Cuenta con muy buena comunicación a través del transporte público, teniendo las paradas de Metro Valdeacederas, Ventilla y Plaza Castillas cerca. También está muy próximo Chamartín y Paseo de La Castellana, en plena zona financiera de Madrid.

La vivienda se distribuye en 2 dormitorios, baño independiente, salón luminoso con cocina francesa, con ascensor La vivienda cuenta con bastantes posibilidades de modificación. Para más información no dude en contactarnos.",1,1,1,1,1,1,1,1,1,1,"['https://cdn-media.medialabtc.it/es/agencies/mdaif/estates/619625/images/8948123/gallery_media.jpeg', 'https://cdn-media.medialabtc.it/es/agencies/mdaif/estates/619625/images/8948110/gallery_media.jpeg', 'https://cdn-media.medialabtc.it/es/agencies/mdaif/estates/619625/images/8948109/gallery_media.jpeg', 'https://cdn-media.medialabtc.it/es/agencies/mdaif/estates/619625/images/8948122/gallery_media.jpeg', 'https://cdn-media.medialabtc.it/es/agencies/mdaif/estates/619625/images/8942343/gallery_media.jpeg', 'https://cdn-media.medialabtc.it/es/agencies/mdaif/estates/619625/images/8948116/gallery_media.jpeg', 'https://cdn-media.medialabtc.it/es/agencies/mdaif/estates/619625/images/8948117/gallery_media.jpeg', 'https://cdn-media.medialabtc.it/es/agencies/mdaif/estates/619625/images/8948104/gallery_media.jpeg', 'https://cdn-media.medialabtc.it/es/agencies/mdaif/estates/619625/images/8948103/gallery_media.jpeg', 'https://cdn-media.medialabtc.it/es/agencies/mdaif/estates/619625/images/8948102/gallery_media.jpeg', 'https://cdn-media.medialabtc.it/es/agencies/mdaif/estates/619625/images/8942345/gallery_media.jpeg', 'https://cdn-media.medialabtc.it/es/agencies/mdaif/estates/619625/images/8942344/gallery_media.jpeg', 'https://cdn-media.medialabtc.it/es/agencies/mdaif/estates/619625/images/8948120/gallery_media.jpeg', 'https://cdn-media.medialabtc.it/es/agencies/mdaif/estates/619625/images/8948111/gallery_media.jpeg', 'https://cdn-media.medialabtc.it/es/agencies/mdaif/estates/619625/images/8948105/gallery_media.jpeg', 'https://cdn-media.medialabtc.it/es/agencies/mdaif/estates/619625/images/8948125/gallery_media.jpeg', 'https://cdn-media.medialabtc.it/es/agencies/mdaif/estates/619625/images/8948119/gallery_media.jpeg', 'https://cdn-media.medialabtc.it/es/agencies/mdaif/estates/619625/images/8948112/gallery_media.jpeg', 'https://cdn-media.medialabtc.it/es/agencies/mdaif/estates/619625/images/8948107/gallery_media.jpeg', 'https://cdn-media.medialabtc.it/es/agencies/mdaif/estates/619625/images/8948128/gallery_media.jpeg', 'https://cdn-media.medialabtc.it/es/agencies/mdaif/estates/619625/images/8948114/gallery_media.jpeg', 'https://cdn-media.medialabtc.it/es/agencies/mdaif/estates/619625/images/8948115/gallery_media.jpeg', 'https://cdn-media.medialabtc.it/es/agencies/mdaif/estates/619625/images/8948108/gallery_media.jpeg', 'https://cdn-media.medialabtc.it/es/agencies/mdaif/estates/619625/images/8948113/gallery_media.jpeg', 'https://cdn-media.medialabtc.it/es/agencies/mdaif/estates/619625/images/8948106/gallery_media.jpeg', 'https://cdn-media.medialabtc.it/es/agencies/mdaif/estates/619625/images/8948124/gallery_media.jpeg']",0,Desconocido,0,0,0,0,0,E,0,0,"['imagenes_tecnocasa\\anuncio_780\\0.jpeg', 'imagenes_tecnocasa\\anuncio_780\\1.jpeg', 'imagenes_tecnocasa\\anuncio_780\\2.jpeg', 'imagenes_tecnocasa\\anuncio_780\\3.jpeg', 'imagenes_tecnocasa\\anuncio_780\\4.jpeg', 'imagenes_tecnocasa\\anuncio_780\\5.jpeg', 'imagenes_tecnocasa\\anuncio_780\\6.jpeg', 'imagenes_tecnocasa\\anuncio_780\\7.jpeg', 'imagenes_tecnocasa\\anuncio_780\\8.jpeg', 'imagenes_tecnocasa\\anuncio_780\\9.jpeg', 'imagenes_tecnocasa\\anuncio_780\\10.jpeg', 'imagenes_tecnocasa\\anuncio_780\\11.jpeg', 'imagenes_tecnocasa\\anuncio_780\\12.jpeg', 'imagenes_tecnocasa\\anuncio_780\\13.jpeg', 'imagenes_tecnocasa\\anuncio_780\\14.jpeg', 'imagenes_tecnocasa\\anuncio_780\\15.jpeg', 'imagenes_tecnocasa\\anuncio_780\\16.jpeg', 'imagenes_tecnocasa\\anuncio_780\\17.jpeg', 'imagenes_tecnocasa\\anuncio_780\\18.jpeg', 'imagenes_tecnocasa\\anuncio_780\\19.jpeg', 'imagenes_tecnocasa\\anuncio_780\\20.jpeg', 'imagenes_tecnocasa\\anuncio_780\\21.jpeg', 'imagenes_tecnocasa\\anuncio_780\\22.jpeg', 'imagenes_tecnocasa\\anuncio_780\\23.jpeg', 'imagenes_tecnocasa\\anuncio_780\\24.jpeg', 'imagenes_tecnocasa\\anuncio_780\\25.jpeg']",0,Popular,1976,1,0,1,piso,2,Madrid,"Valdeacederas, Madrid",40.4167047,-3.7035825,780,7368.421052631579,82.0,66.0,0.0,0.0,1.0,0.0,parquet,pintura,corredera,estándar (2.4-2.8m),nada,4.8,3.2,clásico,"['#F5F5DC', '#A0522D', '#FFFFFF']",regular,False,convencional,limitado,ninguno,ninguno,estándar,básica,ninguno,6.4,6.2,ninguna,5
https://www.tecnocasa.es/venta/piso/madrid/madrid/618133.html,123000.0,1,42.0,1,"Inmobiliaria en Carabanchel, Opañel Madrid - Tecnocasa Asesoría Inmourgel Sl.
Vende local reformado en exclusiva, de un dormitorio, salón y baño.
A escasos 5 minutos de la boca de metro de Urgel (Línea 5) y General Ricardos, con todos los servicios cercanos disponibles. Cabe destacar la consolidación a nivel asistencial (Centro de Salud de la c/ General Ricardos), escolar (Colegios: Clarisas y Renacimiento, y Peru, etc) y escuela de idiomas, el buen ambiente y tranquilidad que tiene el barrio y sobre todo, la comunicación de la zona debido a que nos podemos encontrar con las distintas líneas de la EMT que recorren el barrio (34, 35, 108, 118 y 119) y autobuses interurbanos (481, 484 y 485).

Existe la posibilidad de conseguir el 70 % de financiación sobre la compra, se realiza estudio financiero gratuito por el departamento financiero Kiron del grupo Tecnocasa.
¡No pierdas la oportunidad de vivir en una de las zonas más demandadas de Carabanchel!
Para más información, no duden en ponerse en contacto con nosotros a través del teléfono fijo ( ) por móvil o WhatsApp ( ) o por correo electrónico ().

AVISO LEGAL: Recordamos a nuestros Señores clientes que la información facilitada no constituye una auténtica oferta vinculante ni contractual. Este anuncio publicitario es provisional, y las fotografías y datos en él incluidos están sujetos a posibles modificaciones, consecuencia de exigencias comerciales, jurídicas, técnicas o por mandato expreso de la propiedad. La información aquí contenida procura reflejar una orientación sobre los inmuebles a la fecha de su publicación. La totalidad del contenido que aparece tiene carácter meramente informativo y aproximado, no teniendo, en modo alguno, carácter contractual. Tanto los datos, como las imágenes y planos pueden estar sujetos a cambios, por lo que le invitamos a que, si precisa una información más exacta y detallada, contacte con nosotros y le atenderemos a la mayor brevedad posible. Los contenidos tienen únicamente finalidad informativa y bajo ninguna circunstancia deben usarse ni considerarse como oferta de venta o financiación, solicitud de una oferta de compra o financiación, ni recomendación para realizar cualquier otra transacción, salvo que así se indique expresamente. La información y documentación a ofrecer de acuerdo con lo dispuesto en el Real Decreto 515/1989 (de 21 de abril, relativa a la protección de los consumidores en cuanto a la información a suministrar en la compraventa y arrendamiento de viviendas), será puesta a disposición de los potenciales compradores en las respectivas delegaciones territoriales gestoras del inmueble.",1,1,1,1,1,1,0,1,1,1,"['https://cdn-media.medialabtc.it/es/agencies/mdax3/estates/618133/images/8911433/gallery_media.jpeg', 'https://cdn-media.medialabtc.it/es/agencies/mdax3/estates/618133/images/8968319/gallery_media.jpeg', 'https://cdn-media.medialabtc.it/es/agencies/mdax3/estates/618133/images/8968362/gallery_media.jpeg', 'https://cdn-media.medialabtc.it/es/agencies/mdax3/estates/618133/images/8911435/gallery_media.jpeg', 'https://cdn-media.medialabtc.it/es/agencies/mdax3/estates/618133/images/8911441/gallery_media.jpeg', 'https://cdn-media.medialabtc.it/es/agencies/mdax3/estates/618133/images/8968320/gallery_media.jpeg', 'https://cdn-media.medialabtc.it/es/agencies/mdax3/estates/618133/images/8911440/gallery_media.jpeg', 'https://cdn-media.medialabtc.it/es/agencies/mdax3/estates/618133/images/8911436/gallery_media.jpeg', 'https://cdn-media.medialabtc.it/es/agencies/mdax3/estates/618133/images/8968317/gallery_media.jpeg', 'https://cdn-media.medialabtc.it/es/agencies/mdax3/estates/618133/images/8911432/gallery_media.jpeg', 'https://cdn-media.medialabtc.it/es/agencies/mdax3/estates/618133/images/8911434/gallery_media.jpeg', 'https://cdn-media.medialabtc.it/es/agencies/mdax3/estates/618133/images/8911438/gallery_media.jpeg', 'https://cdn-media.medialabtc.it/es/agencies/mdax3/estates/618133/images/8911430/gallery_media.jpeg', 'https://cdn-media.medialabtc.it/es/agencies/mdax3/estates/618133/images/8968318/gallery_media.jpeg', 'https://cdn-media.medialabtc.it/es/agencies/mdax3/estates/618133/images/8968321/gallery_media.jpeg']",0,Reformado,0,0,0,0,0,D,0,0,"['imagenes_tecnocasa\\anuncio_781\\0.jpeg', 'imagenes_tecnocasa\\anuncio_781\\1.jpeg', 'imagenes_tecnocasa\\anuncio_781\\2.jpeg', 'imagenes_tecnocasa\\anuncio_781\\3.jpeg', 'imagenes_tecnocasa\\anuncio_781\\4.jpeg', 'imagenes_tecnocasa\\anuncio_781\\5.jpeg', 'imagenes_tecnocasa\\anuncio_781\\6.jpeg', 'imagenes_tecnocasa\\anuncio_781\\7.jpeg', 'imagenes_tecnocasa\\anuncio_781\\8.jpeg', 'imagenes_tecnocasa\\anuncio_781\\9.jpeg', 'imagenes_tecnocasa\\anuncio_781\\10.jpeg', 'imagenes_tecnocasa\\anuncio_781\\11.jpeg', 'imagenes_tecnocasa\\anuncio_781\\12.jpeg', 'imagenes_tecnocasa\\anuncio_781\\13.jpeg', 'imagenes_tecnocasa\\anuncio_781\\14.jpeg']",0,Media,1964,0,0,0,piso,1,Madrid,"Opañel - San Isidro, Madrid",40.4167047,-3.7035825,781,2928.5714285714284,410.0,261.0,0.10250000000000001,0.3,1.0,0.0,parquet,pintura,corredera,estándar (2.4-2.8m),nada,3.4,4.4,moderno,"['#F2E9E1', '#FFFFFF', '#A08B7B']",regular,True,convencional,limitado,ninguno,ninguno,estándar,básica,ninguno,6.2,6.8,ninguna,5
https://www.tecnocasa.es/venta/casa/madrid/madrid/615550.html,2089000.0,7,454.0,5,"¡Estudio Tecnocasa Canillas Oeste 2024 S. L. VENDE EN EXCLUSIVA!
Este impresionante chalet pareado de 454 metros cuadrados distribuidos en 4 plantas es el hogar perfecto para quienes buscan espacio, comodidad y elegancia. En la planta principal, un salón de 80 metros cuadrados te da la bienvenida con su amplitud y luminosidad, ideal para reuniones familiares o momentos de relax. La cocina funcional está diseñada para satisfacer todas tus necesidades culinarias.
La primera planta alberga cuatro dormitorios, incluyendo una suite principal con dos vestidores y un baño privado, garantizando privacidad y confort. En la segunda planta, encontrarás dos dormitorios adicionales con acceso a terrazas privadas de 34 y 46 metros cuadrados, perfectas para disfrutar del aire libre y las vistas.
El amplio garaje tiene capacidad para hasta 4 vehículos, y la planta baja ofrece una sala de estar adicional y un dormitorio con baño, ideal para invitados o como espacio multifuncional. Además, este chalet cuenta con un ascensor para mayor comodidad, armarios empotrados, trastero y calefacción por bomba de frío/calor a gas natural.
Buena ubicación, cercano a supermercados y comercios de la zona, cercano al centro comercial Arturo Soria, así como a zonas verdes y parques infantiles. Metro Arturo Soria(L4) y Metro Esperanza (L4).
Si estás buscando una vivienda adaptada y con buen estado, este piso es perfecto para ti. No dudes en contactarnos para concertar una visita y recibir asesoramiento gratuito de nuestro departamento financiero KÌRON. Además, ofrecemos financiación del 100%. ¡No pierdas la oportunidad de tener la casa de tus sueños!",1,1,1,1,1,1,1,1,0,1,"['https://cdn-media.medialabtc.it/es/agencies/md636/estates/615550/images/8854665/gallery_media.jpeg', 'https://cdn-media.medialabtc.it/es/agencies/md636/estates/615550/images/8854666/gallery_media.jpeg', 'https://cdn-media.medialabtc.it/es/agencies/md636/estates/615550/images/8854667/gallery_media.jpeg', 'https://cdn-media.medialabtc.it/es/agencies/md636/estates/615550/images/8970945/gallery_media.jpeg', 'https://cdn-media.medialabtc.it/es/agencies/md636/estates/615550/images/8854664/gallery_media.jpeg', 'https://cdn-media.medialabtc.it/es/agencies/md636/estates/615550/images/8854663/gallery_media.jpeg']",0,Desconocido,1,1,0,0,0,F,0,0,"['imagenes_tecnocasa\\anuncio_782\\0.jpeg', 'imagenes_tecnocasa\\anuncio_782\\1.jpeg', 'imagenes_tecnocasa\\anuncio_782\\2.jpeg', 'imagenes_tecnocasa\\anuncio_782\\3.jpeg', 'imagenes_tecnocasa\\anuncio_782\\4.jpeg', 'imagenes_tecnocasa\\anuncio_782\\5.jpeg']",1,Media,2003,1,0,1,casa,3,Madrid,"Arturo Soria, Madrid",40.4167047,-3.7035825,782,4601.321585903083,253.0,180.0,0.6416666666666667,0.7999999999999999,1.0,1.0,otro,otro,otro,estándar (2.4-2.8m),nada,3.0,3.8,otro,"['#FFFFFF', '#A0522D', '#808080']",buena,False,convencional,normal,ninguno,ninguno,estándar,básica,ninguno,5.0,4.4,ninguna,5
https://www.tecnocasa.es/venta/piso/madrid/madrid/616629.html,186000.0,3,64.0,1,"'Inmobiliaria Tecnocasa Villa de Vallecas, Madrid, Vallecas vende. Estupendo piso REFORMADO en pleno casco histórico de Vallecas. Piso de 3 dormitorios, salón, cocina, baño y 2 Terraza cerrada. Calefacción por gas natural y aire acondicionado en salón en dormitorio principal. ITE FAVORABLE HASTA 2029.
El piso se encuentra a escasos minutos de la estación de metro de villa vallecas.
El piso tiene una ubicación envidiable a menos de 500 metros de la estación de metro de villa de vallecas y a la Renfe de Sierra de Guadalupe. La comunicación por autobuses seria en las lineas 54, 142 y N9. La comunicación en coche seria: A3, M45, M50 Y M40. Muy cercano a todos los servicios ( Farmacias, colegios, supermercados, etc )
FINANCIAMOS HASTA EL 100 % LLÁMENOS Y VENGA A VISITARLO'. '. '. '. ENSOR.",1,1,1,1,1,1,1,1,1,1,"['https://cdn-media.medialabtc.it/es/agencies/md014/estates/616629/images/8887455/gallery_media.jpeg', 'https://cdn-media.medialabtc.it/es/agencies/md014/estates/616629/images/8887456/gallery_media.jpeg', 'https://cdn-media.medialabtc.it/es/agencies/md014/estates/616629/images/8887507/gallery_media.jpeg', 'https://cdn-media.medialabtc.it/es/agencies/md014/estates/616629/images/8887510/gallery_media.jpeg', 'https://cdn-media.medialabtc.it/es/agencies/md014/estates/616629/images/8887511/gallery_media.jpeg', 'https://cdn-media.medialabtc.it/es/agencies/md014/estates/616629/images/8887506/gallery_media.jpeg', 'https://cdn-media.medialabtc.it/es/agencies/md014/estates/616629/images/8887457/gallery_media.jpeg', 'https://cdn-media.medialabtc.it/es/agencies/md014/estates/616629/images/8887452/gallery_media.jpeg', 'https://cdn-media.medialabtc.it/es/agencies/md014/estates/616629/images/8887454/gallery_media.jpeg', 'https://cdn-media.medialabtc.it/es/agencies/md014/estates/616629/images/8887460/gallery_media.jpeg', 'https://cdn-media.medialabtc.it/es/agencies/md014/estates/616629/images/8887513/gallery_media.jpeg', 'https://cdn-media.medialabtc.it/es/agencies/md014/estates/616629/images/8887458/gallery_media.jpeg', 'https://cdn-media.medialabtc.it/es/agencies/md014/estates/616629/images/8887502/gallery_media.jpeg', 'https://cdn-media.medialabtc.it/es/agencies/md014/estates/616629/images/8887453/gallery_media.jpeg', 'https://cdn-media.medialabtc.it/es/agencies/md014/estates/616629/images/8887504/gallery_media.jpeg', 'https://cdn-media.medialabtc.it/es/agencies/md014/estates/616629/images/8887505/gallery_media.jpeg', 'https://cdn-media.medialabtc.it/es/agencies/md014/estates/616629/images/8887508/gallery_media.jpeg', 'https://cdn-media.medialabtc.it/es/agencies/md014/estates/616629/images/8887503/gallery_media.jpeg', 'https://cdn-media.medialabtc.it/es/agencies/md014/estates/616629/images/8887512/gallery_media.jpeg', 'https://cdn-media.medialabtc.it/es/agencies/md014/estates/616629/images/8887509/gallery_media.jpeg', 'https://cdn-media.medialabtc.it/es/agencies/md014/estates/616629/images/8887451/gallery_media.jpeg', 'https://cdn-media.medialabtc.it/es/agencies/md014/estates/616629/images/8887459/gallery_media.jpeg', 'https://cdn-media.medialabtc.it/es/agencies/md014/estates/616629/images/8887450/gallery_media.jpeg', 'https://cdn-media.medialabtc.it/es/agencies/md014/estates/616629/images/8887461/gallery_media.jpeg']",0,Reformado,0,0,0,1,0,E,0,0,"['imagenes_tecnocasa\\anuncio_784\\0.jpeg', 'imagenes_tecnocasa\\anuncio_784\\1.jpeg', 'imagenes_tecnocasa\\anuncio_784\\2.jpeg', 'imagenes_tecnocasa\\anuncio_784\\3.jpeg', 'imagenes_tecnocasa\\anuncio_784\\4.jpeg', 'imagenes_tecnocasa\\anuncio_784\\5.jpeg', 'imagenes_tecnocasa\\anuncio_784\\6.jpeg', 'imagenes_tecnocasa\\anuncio_784\\7.jpeg', 'imagenes_tecnocasa\\anuncio_784\\8.jpeg', 'imagenes_tecnocasa\\anuncio_784\\9.jpeg', 'imagenes_tecnocasa\\anuncio_784\\10.jpeg', 'imagenes_tecnocasa\\anuncio_784\\11.jpeg', 'imagenes_tecnocasa\\anuncio_784\\12.jpeg', 'imagenes_tecnocasa\\anuncio_784\\13.jpeg', 'imagenes_tecnocasa\\anuncio_784\\14.jpeg', 'imagenes_tecnocasa\\anuncio_784\\15.jpeg', 'imagenes_tecnocasa\\anuncio_784\\16.jpeg', 'imagenes_tecnocasa\\anuncio_784\\17.jpeg', 'imagenes_tecnocasa\\anuncio_784\\18.jpeg', 'imagenes_tecnocasa\\anuncio_784\\19.jpeg', 'imagenes_tecnocasa\\anuncio_784\\20.jpeg', 'imagenes_tecnocasa\\anuncio_784\\21.jpeg', 'imagenes_tecnocasa\\anuncio_784\\22.jpeg', 'imagenes_tecnocasa\\anuncio_784\\23.jpeg']",1,Señorial,1965,1,0,0,piso,3,Madrid,"Villa De Vallecas, Casco Histórico De Vallecas, Madrid",40.4167047,-3.7035825,784,2906.25,135.0,98.0,0.1,0.4,1.0,0.0,parquet,pintura,corredera,estándar (2.4-2.8m),nada,4.0,3.8,convencional,"['#FFFFFF', '#0077BE', '#A00000']",regular,False,convencional,limitado,ninguno,ninguno,estándar,básica,ninguno,7.0,6.0,ninguna,5
https://www.tecnocasa.es/venta/piso/madrid/madrid/620134.html,252500.0,3,84.0,1,"Agencia Inmobiliaria TECNOCASA VALLECAS ZONA PORTAZGO, vende PISO EN LA ZONA DEL COLEGIO TAJAMAR, de 84 m2 construidos según catastro. Año construcción 1974, SEPTIMA PLANTA EXTERIOR. Ubicado en la tranquila zona de Vallecas colindando con Moratalaz. La finca dispone de ASCENSOR. Compuesta por cocina con acceso a tendedero, salón con acceso a terraza, 3 dormitorios y 1 baño con bañera.
FINCA CON PORTERO. Terraza exterior de gran tamaño.
Calefacción gas natural individual.
Doble ventana, suelos de baldosa, puerta acorazada.
VIVIENDA CON MUCHA CLARIDAD, con doble orientación.
VIVIENDA A REFORMAR.
La vivienda está situada en una zona ya consolidada con multitud de servicios alrededor y bien comunicada por la red de transportes del municipio como paradas de autobús, RENFE y línea 1 de metro (Miguel Hernández-Alto del Arenal-Buenos Aires)
No dude en llamarnos para concertar su cita para visitar el inmueble en la que además recibirá el asesoramiento gratuito de nuestro departamento financiero KÌRON. FINANCIACION 100%.",0,1,1,1,1,1,0,1,1,1,"['https://cdn-media.medialabtc.it/es/agencies/md071/estates/620134/images/8959640/gallery_media.jpeg', 'https://cdn-media.medialabtc.it/es/agencies/md071/estates/620134/images/8959670/gallery_media.jpeg', 'https://cdn-media.medialabtc.it/es/agencies/md071/estates/620134/images/8959674/gallery_media.jpeg', 'https://cdn-media.medialabtc.it/es/agencies/md071/estates/620134/images/8959682/gallery_media.jpeg', 'https://cdn-media.medialabtc.it/es/agencies/md071/estates/620134/images/8959668/gallery_media.jpeg', 'https://cdn-media.medialabtc.it/es/agencies/md071/estates/620134/images/8959689/gallery_media.jpeg', 'https://cdn-media.medialabtc.it/es/agencies/md071/estates/620134/images/8959673/gallery_media.jpeg', 'https://cdn-media.medialabtc.it/es/agencies/md071/estates/620134/images/8959686/gallery_media.jpeg', 'https://cdn-media.medialabtc.it/es/agencies/md071/estates/620134/images/8959672/gallery_media.jpeg', 'https://cdn-media.medialabtc.it/es/agencies/md071/estates/620134/images/8959671/gallery_media.jpeg', 'https://cdn-media.medialabtc.it/es/agencies/md071/estates/620134/images/8959684/gallery_media.jpeg', 'https://cdn-media.medialabtc.it/es/agencies/md071/estates/620134/images/8959688/gallery_media.jpeg', 'https://cdn-media.medialabtc.it/es/agencies/md071/estates/620134/images/8959691/gallery_media.jpeg', 'https://cdn-media.medialabtc.it/es/agencies/md071/estates/620134/images/8959687/gallery_media.jpeg', 'https://cdn-media.medialabtc.it/es/agencies/md071/estates/620134/images/8959690/gallery_media.jpeg', 'https://cdn-media.medialabtc.it/es/agencies/md071/estates/620134/images/8959641/gallery_media.jpeg', 'https://cdn-media.medialabtc.it/es/agencies/md071/estates/620134/images/8959638/gallery_media.jpeg', 'https://cdn-media.medialabtc.it/es/agencies/md071/estates/620134/images/8959685/gallery_media.jpeg', 'https://cdn-media.medialabtc.it/es/agencies/md071/estates/620134/images/8959669/gallery_media.jpeg', 'https://cdn-media.medialabtc.it/es/agencies/md071/estates/620134/images/8959639/gallery_media.jpeg', 'https://cdn-media.medialabtc.it/es/agencies/md071/estates/620134/images/8959683/gallery_media.jpeg']",0,A reformar,0,0,0,1,1,Desconocida,0,0,"['imagenes_tecnocasa\\anuncio_785\\0.jpeg', 'imagenes_tecnocasa\\anuncio_785\\1.jpeg', 'imagenes_tecnocasa\\anuncio_785\\2.jpeg', 'imagenes_tecnocasa\\anuncio_785\\3.jpeg', 'imagenes_tecnocasa\\anuncio_785\\4.jpeg', 'imagenes_tecnocasa\\anuncio_785\\5.jpeg', 'imagenes_tecnocasa\\anuncio_785\\6.jpeg', 'imagenes_tecnocasa\\anuncio_785\\7.jpeg', 'imagenes_tecnocasa\\anuncio_785\\8.jpeg', 'imagenes_tecnocasa\\anuncio_785\\9.jpeg', 'imagenes_tecnocasa\\anuncio_785\\10.jpeg', 'imagenes_tecnocasa\\anuncio_785\\11.jpeg', 'imagenes_tecnocasa\\anuncio_785\\12.jpeg', 'imagenes_tecnocasa\\anuncio_785\\13.jpeg', 'imagenes_tecnocasa\\anuncio_785\\14.jpeg', 'imagenes_tecnocasa\\anuncio_785\\15.jpeg', 'imagenes_tecnocasa\\anuncio_785\\16.jpeg', 'imagenes_tecnocasa\\anuncio_785\\17.jpeg', 'imagenes_tecnocasa\\anuncio_785\\18.jpeg', 'imagenes_tecnocasa\\anuncio_785\\19.jpeg', 'imagenes_tecnocasa\\anuncio_785\\20.jpeg']",0,Media,1975,1,0,0,piso,7,Madrid,"Palomeras - Portazgo, Madrid",40.4167047,-3.7035825,785,3005.9523809523807,155.0,122.0,0.03333333333333333,0.26666666666666666,0.0,0.0,cerámica,pintura,otro,estándar (2.4-2.8m),nada,2.8,3.2,otro,"['#808080', '#008000', '#f0f0f0']",regular,False,convencional,normal,ninguno,ninguno,estándar,básica,ninguno,5.0,5.0,ninguna,5
https://www.tecnocasa.es/venta/piso/madrid/madrid/615294.html,287000.0,3,70.0,1,"Agencia inmobiliaria de MADRID Oficina Tecnocasa Desarrollo inmobiliario Aluche-Los Yébenes . de MADRID VENDE VIVIENDA EN URBANIZACIÓN CERRADA CON ASCENSOR, PARKING Y TRASTERO.

Vivienda ubicada en una entreplanta de la finca, con doble orientación Este-Norte.
Distribuida en, 3 dormitorios, salón luminoso, baño, cocina, parking y trastero.

El inmueble ocupa una cuota de participación de 9,700000 % sobre los elementos comunes del edificio. El último IBI está abonado.

El edificio es del año 1973, Actualmente la ITE de este es favorable.

Características:

- Calefacción de gas natural.
- Puertas interiores roble.
- Orientación Este-Norte.
- Parking.
- Trastero

El barrio de Aluche (distrito Latina), zona muy bien comunicada con diferentes líneas de autobús con fácil y rápido acceso a autovías. Zona rodeada por el Parque de Aluche, el Parque de Cerro de Almodóvar y el Parque de Eugenia de Montijo.

A 5 minutos andando de nuestra oficina encontramos el metro Eugenia de Montijo y unos 15 minutos andando encontramos dos intercambiadores, el de Aluche hacia el sur y el de Laguna hacia el norte. En ambos encontramos Metro, Renfe y gran variedad de autobuses.

El nombre del barrio tiene su origen en el Arroyo Luche, afluente del Manzanares, que en su momento tenía su recorrido por donde ahora es el barrio. Una de sus más importantes calles es la Calle Yébenes, por su gran actividad comercial. Otra de ellas es la Calle Valmojado, en la actualidad es la que mayor tráfico tiene.

El Parque de Aluche (Parque de Carlos Arias Navarro) es el pulmón del barrio. Se construyó en 1972, aprovechando el recorrido del antiguo Arroyo Luche.

Aluche es un barrio administrativo de la ciudad de Madrid que pertenece al distrito de Latina. Limita con los barrios de Campamento, Las Águilas, Lucero, Los Cármenes y con el distrito de Carabanchel. Actualmente cuenta con un amplio plan de soterramiento de la carretera A-5, lo cual incrementará las zonas verdes y peatonales, eliminando polución ambiental y acústica.


Preguntar por condiciones de venta. La información contenida en este anuncio no tiene carácter contractual ni vinculante, ya que podría contener alguna incorreción. En el precio de venta expuesto no se hayan incluidos los gastos de formalización de la compraventa, tales como honorarios de notaria, honorarios de la inscripción registral, honorarios por la tramitación e inscripción registral de escrituras ni el ITP (Impuesto de Transmisiones Patrimoniales, siendo el tipo máximo en la Comunidad de Madrid del 6%). Del mismo modo, en el precio anunciado, no se incluyen los honorarios los honorarios de la agencia al comprador, que ascienden al 3%+IVA (tipo impositivo 21%) que se abonarán por el sobre el precio fijado en la promesa de compra suscrita por el mismo. Tampoco se encuentra incluidos en el precio anunciado de venta otros tributos y gastos que pudieran existir al suscribir una hipoteca, tales como gastos de tasación, comisión bancaria de apertura del préstamo, AJD (Impuesto por los Actos Jurídicos Documentados, gastos de segundas .",1,1,0,1,1,1,1,1,1,1,"['https://cdn-media.medialabtc.it/es/agencies/mdawd/estates/615294/images/8849740/gallery_media.jpeg', 'https://cdn-media.medialabtc.it/es/agencies/mdawd/estates/615294/images/8849738/gallery_media.jpeg', 'https://cdn-media.medialabtc.it/es/agencies/mdawd/estates/615294/images/8849743/gallery_media.jpeg', 'https://cdn-media.medialabtc.it/es/agencies/mdawd/estates/615294/images/8849729/gallery_media.jpeg', 'https://cdn-media.medialabtc.it/es/agencies/mdawd/estates/615294/images/8849748/gallery_media.jpeg', 'https://cdn-media.medialabtc.it/es/agencies/mdawd/estates/615294/images/8849733/gallery_media.jpeg', 'https://cdn-media.medialabtc.it/es/agencies/mdawd/estates/615294/images/8849735/gallery_media.jpeg', 'https://cdn-media.medialabtc.it/es/agencies/mdawd/estates/615294/images/8849730/gallery_media.jpeg', 'https://cdn-media.medialabtc.it/es/agencies/mdawd/estates/615294/images/8849727/gallery_media.jpeg', 'https://cdn-media.medialabtc.it/es/agencies/mdawd/estates/615294/images/8849728/gallery_media.jpeg', 'https://cdn-media.medialabtc.it/es/agencies/mdawd/estates/615294/images/8849732/gallery_media.jpeg', 'https://cdn-media.medialabtc.it/es/agencies/mdawd/estates/615294/images/8849725/gallery_media.jpeg', 'https://cdn-media.medialabtc.it/es/agencies/mdawd/estates/615294/images/8849721/gallery_media.jpeg', 'https://cdn-media.medialabtc.it/es/agencies/mdawd/estates/615294/images/8849744/gallery_media.jpeg', 'https://cdn-media.medialabtc.it/es/agencies/mdawd/estates/615294/images/8849736/gallery_media.jpeg', 'https://cdn-media.medialabtc.it/es/agencies/mdawd/estates/615294/images/8849723/gallery_media.jpeg', 'https://cdn-media.medialabtc.it/es/agencies/mdawd/estates/615294/images/8849745/gallery_media.jpeg', 'https://cdn-media.medialabtc.it/es/agencies/mdawd/estates/615294/images/8849746/gallery_media.jpeg', 'https://cdn-media.medialabtc.it/es/agencies/mdawd/estates/615294/images/8849722/gallery_media.jpeg', 'https://cdn-media.medialabtc.it/es/agencies/mdawd/estates/615294/images/8849741/gallery_media.jpeg', 'https://cdn-media.medialabtc.it/es/agencies/mdawd/estates/615294/images/8849737/gallery_media.jpeg', 'https://cdn-media.medialabtc.it/es/agencies/mdawd/estates/615294/images/8849739/gallery_media.jpeg', 'https://cdn-media.medialabtc.it/es/agencies/mdawd/estates/615294/images/8849747/gallery_media.jpeg', 'https://cdn-media.medialabtc.it/es/agencies/mdawd/estates/615294/images/8849720/gallery_media.jpeg', 'https://cdn-media.medialabtc.it/es/agencies/mdawd/estates/615294/images/8849724/gallery_media.jpeg', 'https://cdn-media.medialabtc.it/es/agencies/mdawd/estates/615294/images/8849726/gallery_media.jpeg', 'https://cdn-media.medialabtc.it/es/agencies/mdawd/estates/615294/images/8849731/gallery_media.jpeg', 'https://cdn-media.medialabtc.it/es/agencies/mdawd/estates/615294/images/8849742/gallery_media.jpeg', 'https://cdn-media.medialabtc.it/es/agencies/mdawd/estates/615294/images/8849734/gallery_media.jpeg']",0,Desconocido,1,1,0,0,0,E,0,0,"['imagenes_tecnocasa\\anuncio_786\\0.jpeg', 'imagenes_tecnocasa\\anuncio_786\\1.jpeg', 'imagenes_tecnocasa\\anuncio_786\\2.jpeg', 'imagenes_tecnocasa\\anuncio_786\\3.jpeg', 'imagenes_tecnocasa\\anuncio_786\\4.jpeg', 'imagenes_tecnocasa\\anuncio_786\\5.jpeg', 'imagenes_tecnocasa\\anuncio_786\\6.jpeg', 'imagenes_tecnocasa\\anuncio_786\\7.jpeg', 'imagenes_tecnocasa\\anuncio_786\\8.jpeg', 'imagenes_tecnocasa\\anuncio_786\\9.jpeg', 'imagenes_tecnocasa\\anuncio_786\\10.jpeg', 'imagenes_tecnocasa\\anuncio_786\\11.jpeg', 'imagenes_tecnocasa\\anuncio_786\\12.jpeg', 'imagenes_tecnocasa\\anuncio_786\\13.jpeg', 'imagenes_tecnocasa\\anuncio_786\\14.jpeg', 'imagenes_tecnocasa\\anuncio_786\\15.jpeg', 'imagenes_tecnocasa\\anuncio_786\\16.jpeg', 'imagenes_tecnocasa\\anuncio_786\\17.jpeg', 'imagenes_tecnocasa\\anuncio_786\\18.jpeg', 'imagenes_tecnocasa\\anuncio_786\\19.jpeg', 'imagenes_tecnocasa\\anuncio_786\\20.jpeg', 'imagenes_tecnocasa\\anuncio_786\\21.jpeg', 'imagenes_tecnocasa\\anuncio_786\\22.jpeg', 'imagenes_tecnocasa\\anuncio_786\\23.jpeg', 'imagenes_tecnocasa\\anuncio_786\\24.jpeg', 'imagenes_tecnocasa\\anuncio_786\\25.jpeg', 'imagenes_tecnocasa\\anuncio_786\\26.jpeg', 'imagenes_tecnocasa\\anuncio_786\\27.jpeg', 'imagenes_tecnocasa\\anuncio_786\\28.jpeg']",0,Media,1973,1,0,1,piso,2,Aluche,"Aluche, Madrid",40.392356,-3.7571096,786,4100.0,488.0,287.0,0.1,0.4,2.0,0.0,parquet,pintura,corredera,estándar (2.4-2.8m),nada,4.0,4.6,otro,"['#FFFFFF', '#F2F2F2', '#A0522D']",buena,False,convencional,normal,ninguno,ninguno,estándar,básica,ninguno,6.4,6.0,ninguna,5
https://www.tecnocasa.es/venta/piso/madrid/madrid/617800.html,484900.0,2,86.0,2,"Agencia inmobiliaria de Madrid zona Arganzuela - Santa María de la Cabeza - Chopera Tecnocasa Estudio Embajada De Santa Maria Slu VENDE este acogedor piso en el municipio de Madrid, una primera planta ideal para quienes buscan comodidad y funcionalidad.
Con una superficie de 86 m², esta propiedad ofrece dos habitaciones bien distribuidas y dos baños, proporcionando el espacio necesario para el confort diario. La vivienda ha sido recientemente reformada, asegurando acabados de buena calidad que aportan un toque moderno y fresco. Una de las características destacadas es su terraza interior, un espacio perfecto para disfrutar de momentos de tranquilidad o para crear un pequeño jardín urbano.
Además, el edificio cuenta con portero físico, brindando seguridad y asistencia a los residentes. Construido en 1966, este piso combina el encanto de su época con las comodidades actuales, convirtiéndolo en una opción atractiva para quienes desean vivir en una zona con historia y personalidad.
¡¡No pierdas la oportunidad de conocer este hogar que equilibra tradición y modernidad!!",1,1,1,1,1,1,0,1,1,1,"['https://cdn-media.medialabtc.it/es/agencies/md110/estates/617800/images/8901473/gallery_media.jpeg', 'https://cdn-media.medialabtc.it/es/agencies/md110/estates/617800/images/8901464/gallery_media.jpeg', 'https://cdn-media.medialabtc.it/es/agencies/md110/estates/617800/images/8901474/gallery_media.jpeg', 'https://cdn-media.medialabtc.it/es/agencies/md110/estates/617800/images/8901360/gallery_media.jpeg', 'https://cdn-media.medialabtc.it/es/agencies/md110/estates/617800/images/8901477/gallery_media.jpeg', 'https://cdn-media.medialabtc.it/es/agencies/md110/estates/617800/images/8901476/gallery_media.jpeg', 'https://cdn-media.medialabtc.it/es/agencies/md110/estates/617800/images/8901468/gallery_media.jpeg', 'https://cdn-media.medialabtc.it/es/agencies/md110/estates/617800/images/8901478/gallery_media.jpeg', 'https://cdn-media.medialabtc.it/es/agencies/md110/estates/617800/images/8901462/gallery_media.jpeg', 'https://cdn-media.medialabtc.it/es/agencies/md110/estates/617800/images/8901470/gallery_media.jpeg', 'https://cdn-media.medialabtc.it/es/agencies/md110/estates/617800/images/8901472/gallery_media.jpeg', 'https://cdn-media.medialabtc.it/es/agencies/md110/estates/617800/images/8901467/gallery_media.jpeg', 'https://cdn-media.medialabtc.it/es/agencies/md110/estates/617800/images/8901463/gallery_media.jpeg', 'https://cdn-media.medialabtc.it/es/agencies/md110/estates/617800/images/8901466/gallery_media.jpeg', 'https://cdn-media.medialabtc.it/es/agencies/md110/estates/617800/images/8901361/gallery_media.jpeg', 'https://cdn-media.medialabtc.it/es/agencies/md110/estates/617800/images/8901469/gallery_media.jpeg', 'https://cdn-media.medialabtc.it/es/agencies/md110/estates/617800/images/8901475/gallery_media.jpeg', 'https://cdn-media.medialabtc.it/es/agencies/md110/estates/617800/images/8901471/gallery_media.jpeg']",0,Desconocido,0,0,0,1,1,Desconocida,0,0,"['imagenes_tecnocasa\\anuncio_787\\0.jpeg', 'imagenes_tecnocasa\\anuncio_787\\1.jpeg', 'imagenes_tecnocasa\\anuncio_787\\2.jpeg', 'imagenes_tecnocasa\\anuncio_787\\3.jpeg', 'imagenes_tecnocasa\\anuncio_787\\4.jpeg', 'imagenes_tecnocasa\\anuncio_787\\5.jpeg', 'imagenes_tecnocasa\\anuncio_787\\6.jpeg', 'imagenes_tecnocasa\\anuncio_787\\7.jpeg', 'imagenes_tecnocasa\\anuncio_787\\8.jpeg', 'imagenes_tecnocasa\\anuncio_787\\9.jpeg', 'imagenes_tecnocasa\\anuncio_787\\10.jpeg', 'imagenes_tecnocasa\\anuncio_787\\11.jpeg', 'imagenes_tecnocasa\\anuncio_787\\12.jpeg', 'imagenes_tecnocasa\\anuncio_787\\13.jpeg', 'imagenes_tecnocasa\\anuncio_787\\14.jpeg', 'imagenes_tecnocasa\\anuncio_787\\15.jpeg', 'imagenes_tecnocasa\\anuncio_787\\16.jpeg', 'imagenes_tecnocasa\\anuncio_787\\17.jpeg']",0,Media,1966,1,0,1,piso,4,Acacias,"Acacias - Legazpi, Madrid",40.4040749,-3.7059572,787,5638.372093023256,165.0,120.0,1.0,1.0,1.0,1.0,parquet,pintura,corredera,estándar (2.4-2.8m),nada,5.8,6.8,moderno,"['#F2F2F2', '#A0A0A0', '#D3D3D3']",buena,True,eficiente,normal,ninguno,ninguno,estándar,parcialmente equipada,ninguno,8.8,7.6,ninguna,5
https://www.tecnocasa.es/venta/piso/madrid/alcala-de-henares/612066.html,162000.0,3,73.0,1,"Agencia inmobiliaria de ALCALÁ DE HENARES-zona CHORRILLO-IVIASA-CAMPO DEL ÁNGEL-PARQUE DEL ÁNGEL. Oficina de TECNOCASA vende:

Descubre esta encantadora propiedad en el histórico municipio de Alcalá de Henares. Con una superficie de 63 m2, este piso ofrece un ambiente acogedor y funcional, ideal para quienes buscan un hogar con carácter. Construido en 1973, el inmueble conserva un estilo señorial que se refleja en cada uno de sus espacios. La vivienda cuenta con tres dormitorios bien distribuidos, perfectos para adaptarse a las necesidades de una familia o para quienes deseen disponer de un espacio adicional para oficina o estudio. El baño, cuidadosamente mantenido, complementa la comodidad del hogar. Ubicado en una zona con excelente acceso a servicios, transporte y áreas verdes, este piso es una oportunidad única para quienes desean disfrutar de la vida en una ciudad con rica historia y cultura. No pierdas la oportunidad de visitar esta propiedad y descubrir todo lo que tiene para ofrecer.

Su ubicación en Alcalá de Henares te permitirá disfrutar de la rica historia y cultura de la zona, con fácil acceso a servicios, tiendas y transporte. No pierdas la oportunidad de hacer de este piso tu nuevo hogar.
También destaca su cercanía a la RENFE y su buena comunicación con la autovía A-2 a parte de múltiples paradas de autobús, supermercados, etc.

Se encuentra en un barrio consolidado con todos los servicios necesarios para tu día a día
y no lo olvide, le podemos ayudar con nuestro departamento financiero kiron consiguiendo hasta el 100% de financiación.

INFORMESE DE LAS CONDICIONES EN NUESTRA OFICINA SITUADA EN C/ TORRELAGUNA 18.",0,1,1,1,1,1,0,1,1,1,"['https://cdn-media.medialabtc.it/es/agencies/mdbic/estates/612066/images/8969043/gallery_media.jpeg', 'https://cdn-media.medialabtc.it/es/agencies/mdbic/estates/612066/images/8969044/gallery_media.jpeg', 'https://cdn-media.medialabtc.it/es/agencies/mdbic/estates/612066/images/8968993/gallery_media.jpeg', 'https://cdn-media.medialabtc.it/es/agencies/mdbic/estates/612066/images/8968989/gallery_media.jpeg', 'https://cdn-media.medialabtc.it/es/agencies/mdbic/estates/612066/images/8969042/gallery_media.jpeg', 'https://cdn-media.medialabtc.it/es/agencies/mdbic/estates/612066/images/8968990/gallery_media.jpeg', 'https://cdn-media.medialabtc.it/es/agencies/mdbic/estates/612066/images/8968986/gallery_media.jpeg', 'https://cdn-media.medialabtc.it/es/agencies/mdbic/estates/612066/images/8969040/gallery_media.jpeg', 'https://cdn-media.medialabtc.it/es/agencies/mdbic/estates/612066/images/8968992/gallery_media.jpeg', 'https://cdn-media.medialabtc.it/es/agencies/mdbic/estates/612066/images/8969046/gallery_media.jpeg', 'https://cdn-media.medialabtc.it/es/agencies/mdbic/estates/612066/images/8968987/gallery_media.jpeg', 'https://cdn-media.medialabtc.it/es/agencies/mdbic/estates/612066/images/8968988/gallery_media.jpeg', 'https://cdn-media.medialabtc.it/es/agencies/mdbic/estates/612066/images/8968991/gallery_media.jpeg', 'https://cdn-media.medialabtc.it/es/agencies/mdbic/estates/612066/images/8968985/gallery_media.jpeg', 'https://cdn-media.medialabtc.it/es/agencies/mdbic/estates/612066/images/8969045/gallery_media.jpeg', 'https://cdn-media.medialabtc.it/es/agencies/mdbic/estates/612066/images/8969041/gallery_media.jpeg']",0,Desconocido,0,0,0,0,0,D,0,0,"['imagenes_tecnocasa\\anuncio_789\\0.jpeg', 'imagenes_tecnocasa\\anuncio_789\\1.jpeg', 'imagenes_tecnocasa\\anuncio_789\\2.jpeg', 'imagenes_tecnocasa\\anuncio_789\\3.jpeg', 'imagenes_tecnocasa\\anuncio_789\\4.jpeg', 'imagenes_tecnocasa\\anuncio_789\\5.jpeg', 'imagenes_tecnocasa\\anuncio_789\\6.jpeg', 'imagenes_tecnocasa\\anuncio_789\\7.jpeg', 'imagenes_tecnocasa\\anuncio_789\\8.jpeg', 'imagenes_tecnocasa\\anuncio_789\\9.jpeg', 'imagenes_tecnocasa\\anuncio_789\\10.jpeg', 'imagenes_tecnocasa\\anuncio_789\\11.jpeg', 'imagenes_tecnocasa\\anuncio_789\\12.jpeg', 'imagenes_tecnocasa\\anuncio_789\\13.jpeg', 'imagenes_tecnocasa\\anuncio_789\\14.jpeg', 'imagenes_tecnocasa\\anuncio_789\\15.jpeg']",0,Señorial,1973,1,0,0,piso,3,Alcalá de Henares,"Chorrillo, Alcalá De Henares",40.481954,-3.363981,789,2219.178082191781,264.0,171.0,0.9,1.0,0.0,1.0,otro,pintura,otro,estándar (2.4-2.8m),nada,3.0,4.0,convencional,"['#D2B48C', '#F5F5DC', '#FFFFFF']",regular,False,convencional,limitado,ninguno,ninguno,estándar,básica,ninguno,6.0,5.4,ninguna,5
https://www.tecnocasa.es/venta/piso/madrid/coslada/617398.html,242000.0,3,95.0,1,"Agencia inmobiliaria Tecnocasa de COSLADA. Zona CIUDAD 70, LA ESPINILLA, PARQUE BLANCO.
EN VENTA: Descubre esta acogedora vivienda con una ubicación inmejorable en el centro de ciudad 70. La vivienda se encuentra en la avenida de BERLÍN. Ideal para quienes buscan un hogar cómodo y bien ubicado. Este piso de 85 m2 REFORMADO ofrece un espacio funcional con tres dormitorios, perfecto para familias o para quienes necesitan espacio adicional para una oficina en casa. La propiedad cuenta con un baño completo, cocina equipada con salida a una pequeña TERRAZA. Cuenta con una GRAN TERRAZA con acceso desde el salón. Tiene ASCENSOR Y TRASTERO. Construido en 1973, este hogar combina el encanto de su época con las comodidades modernas. La distribución del piso permite aprovechar al máximo cada metro cuadrado, ofreciendo un ambiente cálido y acogedor. Su ubicación en Coslada proporciona fácil acceso a servicios, transporte público y áreas comerciales, haciendo de esta propiedad una opción práctica para el día a día. No pierdas la oportunidad de visitar este piso y descubrir todo lo que tiene para ofrecer. Contáctanos para más información y para agendar una visita.",0,1,1,1,1,1,0,1,1,1,"['https://cdn-media.medialabtc.it/es/agencies/md578/estates/617398/images/8893686/gallery_media.jpeg', 'https://cdn-media.medialabtc.it/es/agencies/md578/estates/617398/images/8893687/gallery_media.jpeg', 'https://cdn-media.medialabtc.it/es/agencies/md578/estates/617398/images/8893694/gallery_media.jpeg', 'https://cdn-media.medialabtc.it/es/agencies/md578/estates/617398/images/8893683/gallery_media.jpeg', 'https://cdn-media.medialabtc.it/es/agencies/md578/estates/617398/images/8893684/gallery_media.jpeg', 'https://cdn-media.medialabtc.it/es/agencies/md578/estates/617398/images/8893696/gallery_media.jpeg', 'https://cdn-media.medialabtc.it/es/agencies/md578/estates/617398/images/8893680/gallery_media.jpeg', 'https://cdn-media.medialabtc.it/es/agencies/md578/estates/617398/images/8893695/gallery_media.jpeg', 'https://cdn-media.medialabtc.it/es/agencies/md578/estates/617398/images/8893678/gallery_media.jpeg', 'https://cdn-media.medialabtc.it/es/agencies/md578/estates/617398/images/8893693/gallery_media.jpeg', 'https://cdn-media.medialabtc.it/es/agencies/md578/estates/617398/images/8893685/gallery_media.jpeg', 'https://cdn-media.medialabtc.it/es/agencies/md578/estates/617398/images/8893679/gallery_media.jpeg', 'https://cdn-media.medialabtc.it/es/agencies/md578/estates/617398/images/8893688/gallery_media.jpeg', 'https://cdn-media.medialabtc.it/es/agencies/md578/estates/617398/images/8893691/gallery_media.jpeg', 'https://cdn-media.medialabtc.it/es/agencies/md578/estates/617398/images/8893690/gallery_media.jpeg', 'https://cdn-media.medialabtc.it/es/agencies/md578/estates/617398/images/8893681/gallery_media.jpeg', 'https://cdn-media.medialabtc.it/es/agencies/md578/estates/617398/images/8893682/gallery_media.jpeg', 'https://cdn-media.medialabtc.it/es/agencies/md578/estates/617398/images/8893692/gallery_media.jpeg', 'https://cdn-media.medialabtc.it/es/agencies/md578/estates/617398/images/8893689/gallery_media.jpeg']",0,Reformado,0,1,0,1,0,F,0,0,"['imagenes_tecnocasa\\anuncio_790\\0.jpeg', 'imagenes_tecnocasa\\anuncio_790\\1.jpeg', 'imagenes_tecnocasa\\anuncio_790\\2.jpeg', 'imagenes_tecnocasa\\anuncio_790\\3.jpeg', 'imagenes_tecnocasa\\anuncio_790\\4.jpeg', 'imagenes_tecnocasa\\anuncio_790\\5.jpeg', 'imagenes_tecnocasa\\anuncio_790\\6.jpeg', 'imagenes_tecnocasa\\anuncio_790\\7.jpeg', 'imagenes_tecnocasa\\anuncio_790\\8.jpeg', 'imagenes_tecnocasa\\anuncio_790\\9.jpeg', 'imagenes_tecnocasa\\anuncio_790\\10.jpeg', 'imagenes_tecnocasa\\anuncio_790\\11.jpeg', 'imagenes_tecnocasa\\anuncio_790\\12.jpeg', 'imagenes_tecnocasa\\anuncio_790\\13.jpeg', 'imagenes_tecnocasa\\anuncio_790\\14.jpeg', 'imagenes_tecnocasa\\anuncio_790\\15.jpeg', 'imagenes_tecnocasa\\anuncio_790\\16.jpeg', 'imagenes_tecnocasa\\anuncio_790\\17.jpeg', 'imagenes_tecnocasa\\anuncio_790\\18.jpeg']",0,Popular,1973,0,0,0,piso,1,Coslada,Coslada,40.423802,-3.5552882,790,2547.3684210526317,186.0,132.0,0.9,1.0,1.0,1.0,parquet,pintura,corredera,estándar (2.4-2.8m),nada,3.2,3.8,convencional,"['#FFFFFF', '#A9A9A9', '#000000']",regular,False,convencional,limitado,ninguno,ninguno,estándar,básica,ninguno,6.2,6.4,ninguna,5
https://www.tecnocasa.es/venta/piso/madrid/mostoles/617673.html,269900.0,3,85.0,1,"Agencia inmobiliaria de MÓSTOLES zona AVENIDA DOS DE MAYO - PLAZA DEL PRADILLO - AVENIDA DE LA CONSTITUCION -PARQUE ZARAUZ -PARQUE FATIMA -CORONA VERDE - MOSTOLES CENTRAL.
-Oficina Tecnocasa:
EN VENTA:
PISO en PARQUE ZARAUZ con entrada, cocina ampliada con tendedero, salón, 3 dormitorios, baño completo y terraza cerrada. Urbanizacion cerrada con zonas verdes, parque infantil y piscina. Zona con todos los servicios cercanos, Metro, Renfe, así como líneas de autobús urbanas e interurbanas prácticamente en la misma puerta, además de colegios, centro de salud, hospital, comercios y supermercados. PARA ENTRAR A VIVIR.",1,1,1,1,1,1,0,1,1,1,"['https://cdn-media.medialabtc.it/es/agencies/mdbmf/estates/617673/images/8905619/gallery_media.jpeg', 'https://cdn-media.medialabtc.it/es/agencies/mdbmf/estates/617673/images/8905642/gallery_media.jpeg', 'https://cdn-media.medialabtc.it/es/agencies/mdbmf/estates/617673/images/8925380/gallery_media.jpeg', 'https://cdn-media.medialabtc.it/es/agencies/mdbmf/estates/617673/images/8925374/gallery_media.jpeg', 'https://cdn-media.medialabtc.it/es/agencies/mdbmf/estates/617673/images/8925385/gallery_media.jpeg', 'https://cdn-media.medialabtc.it/es/agencies/mdbmf/estates/617673/images/8925370/gallery_media.jpeg', 'https://cdn-media.medialabtc.it/es/agencies/mdbmf/estates/617673/images/8905645/gallery_media.jpeg', 'https://cdn-media.medialabtc.it/es/agencies/mdbmf/estates/617673/images/8925379/gallery_media.jpeg', 'https://cdn-media.medialabtc.it/es/agencies/mdbmf/estates/617673/images/8925378/gallery_media.jpeg', 'https://cdn-media.medialabtc.it/es/agencies/mdbmf/estates/617673/images/8925377/gallery_media.jpeg', 'https://cdn-media.medialabtc.it/es/agencies/mdbmf/estates/617673/images/8925384/gallery_media.jpeg', 'https://cdn-media.medialabtc.it/es/agencies/mdbmf/estates/617673/images/8905615/gallery_media.jpeg', 'https://cdn-media.medialabtc.it/es/agencies/mdbmf/estates/617673/images/8925376/gallery_media.jpeg', 'https://cdn-media.medialabtc.it/es/agencies/mdbmf/estates/617673/images/8925375/gallery_media.jpeg', 'https://cdn-media.medialabtc.it/es/agencies/mdbmf/estates/617673/images/8905616/gallery_media.jpeg', 'https://cdn-media.medialabtc.it/es/agencies/mdbmf/estates/617673/images/8925373/gallery_media.jpeg', 'https://cdn-media.medialabtc.it/es/agencies/mdbmf/estates/617673/images/8925382/gallery_media.jpeg', 'https://cdn-media.medialabtc.it/es/agencies/mdbmf/estates/617673/images/8905618/gallery_media.jpeg', 'https://cdn-media.medialabtc.it/es/agencies/mdbmf/estates/617673/images/8925369/gallery_media.jpeg', 'https://cdn-media.medialabtc.it/es/agencies/mdbmf/estates/617673/images/8925387/gallery_media.jpeg', 'https://cdn-media.medialabtc.it/es/agencies/mdbmf/estates/617673/images/8925388/gallery_media.jpeg', 'https://cdn-media.medialabtc.it/es/agencies/mdbmf/estates/617673/images/8925372/gallery_media.jpeg', 'https://cdn-media.medialabtc.it/es/agencies/mdbmf/estates/617673/images/8925389/gallery_media.jpeg', 'https://cdn-media.medialabtc.it/es/agencies/mdbmf/estates/617673/images/8925371/gallery_media.jpeg', 'https://cdn-media.medialabtc.it/es/agencies/mdbmf/estates/617673/images/8925383/gallery_media.jpeg', 'https://cdn-media.medialabtc.it/es/agencies/mdbmf/estates/617673/images/8905621/gallery_media.jpeg', 'https://cdn-media.medialabtc.it/es/agencies/mdbmf/estates/617673/images/8925381/gallery_media.jpeg', 'https://cdn-media.medialabtc.it/es/agencies/mdbmf/estates/617673/images/8925386/gallery_media.jpeg', 'https://cdn-media.medialabtc.it/es/agencies/mdbmf/estates/617673/images/8905614/gallery_media.jpeg']",0,Desconocido,0,0,1,1,0,Desconocida,0,0,"['imagenes_tecnocasa\\anuncio_791\\0.jpeg', 'imagenes_tecnocasa\\anuncio_791\\1.jpeg', 'imagenes_tecnocasa\\anuncio_791\\2.jpeg', 'imagenes_tecnocasa\\anuncio_791\\3.jpeg', 'imagenes_tecnocasa\\anuncio_791\\4.jpeg', 'imagenes_tecnocasa\\anuncio_791\\5.jpeg', 'imagenes_tecnocasa\\anuncio_791\\6.jpeg', 'imagenes_tecnocasa\\anuncio_791\\7.jpeg', 'imagenes_tecnocasa\\anuncio_791\\8.jpeg', 'imagenes_tecnocasa\\anuncio_791\\9.jpeg', 'imagenes_tecnocasa\\anuncio_791\\10.jpeg', 'imagenes_tecnocasa\\anuncio_791\\11.jpeg', 'imagenes_tecnocasa\\anuncio_791\\12.jpeg', 'imagenes_tecnocasa\\anuncio_791\\13.jpeg', 'imagenes_tecnocasa\\anuncio_791\\14.jpeg', 'imagenes_tecnocasa\\anuncio_791\\15.jpeg', 'imagenes_tecnocasa\\anuncio_791\\16.jpeg', 'imagenes_tecnocasa\\anuncio_791\\17.jpeg', 'imagenes_tecnocasa\\anuncio_791\\18.jpeg', 'imagenes_tecnocasa\\anuncio_791\\19.jpeg', 'imagenes_tecnocasa\\anuncio_791\\20.jpeg', 'imagenes_tecnocasa\\anuncio_791\\21.jpeg', 'imagenes_tecnocasa\\anuncio_791\\22.jpeg', 'imagenes_tecnocasa\\anuncio_791\\23.jpeg', 'imagenes_tecnocasa\\anuncio_791\\24.jpeg', 'imagenes_tecnocasa\\anuncio_791\\25.jpeg', 'imagenes_tecnocasa\\anuncio_791\\26.jpeg', 'imagenes_tecnocasa\\anuncio_791\\27.jpeg', 'imagenes_tecnocasa\\anuncio_791\\28.jpeg']",0,Media,1980,1,0,1,piso,1,Móstoles,Móstoles,40.3238525,-3.8649214,791,3175.294117647059,93.0,78.0,0.0,0.25,0.0,0.0,cerámica,pintura,corredera,estándar (2.4-2.8m),nada,3.8,4.0,convencional,"['#FFFFFF', '#E974A7', '#D3D3D3']",regular,False,convencional,normal,ninguno,ninguno,estándar,parcialmente equipada,ninguno,6.8,6.2,ninguna,5
https://www.tecnocasa.es/venta/piso/madrid/mostoles/619800.html,349900.0,3,104.0,2,"Agencia inmobiliaria de MÓSTOLES zona AVENIDA DOS DE MAYO - PLAZA DEL PRADILLO - AVENIDA DE LA CONSTITUCION -PARQUE ZARAUZ -PARQUE FATIMA -CORONA VERDE - MOSTOLES CENTRAL.
-Oficina Tecnocasa:
EN VENTA:
PISO de 104 metros construidos en PARQUE FATIMA con entrada, cocina ampliada con tendedero, salón independiente, 3 dormitorios (antes 4), baño completo con plato de ducha, aseo y terraza cerrada. Zona con todos los servicios cercanos, Metro, Renfe, así como líneas de autobús urbanas e interurbanas prácticamente en la misma puerta, además de colegios, centro de salud, hospital, comercios y supermercados. PARA ENTRAR A VIVIR.",1,1,1,1,1,1,0,1,1,1,"['https://cdn-media.medialabtc.it/es/agencies/mdbmf/estates/619800/images/8947909/gallery_media.jpeg', 'https://cdn-media.medialabtc.it/es/agencies/mdbmf/estates/619800/images/8947920/gallery_media.jpeg', 'https://cdn-media.medialabtc.it/es/agencies/mdbmf/estates/619800/images/8947930/gallery_media.jpeg', 'https://cdn-media.medialabtc.it/es/agencies/mdbmf/estates/619800/images/8947923/gallery_media.jpeg', 'https://cdn-media.medialabtc.it/es/agencies/mdbmf/estates/619800/images/8947919/gallery_media.jpeg', 'https://cdn-media.medialabtc.it/es/agencies/mdbmf/estates/619800/images/8947916/gallery_media.jpeg', 'https://cdn-media.medialabtc.it/es/agencies/mdbmf/estates/619800/images/8947913/gallery_media.jpeg', 'https://cdn-media.medialabtc.it/es/agencies/mdbmf/estates/619800/images/8947910/gallery_media.jpeg', 'https://cdn-media.medialabtc.it/es/agencies/mdbmf/estates/619800/images/8947931/gallery_media.jpeg', 'https://cdn-media.medialabtc.it/es/agencies/mdbmf/estates/619800/images/8947908/gallery_media.jpeg', 'https://cdn-media.medialabtc.it/es/agencies/mdbmf/estates/619800/images/8947932/gallery_media.jpeg', 'https://cdn-media.medialabtc.it/es/agencies/mdbmf/estates/619800/images/8947907/gallery_media.jpeg', 'https://cdn-media.medialabtc.it/es/agencies/mdbmf/estates/619800/images/8947928/gallery_media.jpeg', 'https://cdn-media.medialabtc.it/es/agencies/mdbmf/estates/619800/images/8947933/gallery_media.jpeg', 'https://cdn-media.medialabtc.it/es/agencies/mdbmf/estates/619800/images/8947929/gallery_media.jpeg', 'https://cdn-media.medialabtc.it/es/agencies/mdbmf/estates/619800/images/8947922/gallery_media.jpeg', 'https://cdn-media.medialabtc.it/es/agencies/mdbmf/estates/619800/images/8947934/gallery_media.jpeg', 'https://cdn-media.medialabtc.it/es/agencies/mdbmf/estates/619800/images/8947925/gallery_media.jpeg', 'https://cdn-media.medialabtc.it/es/agencies/mdbmf/estates/619800/images/8947911/gallery_media.jpeg', 'https://cdn-media.medialabtc.it/es/agencies/mdbmf/estates/619800/images/8947927/gallery_media.jpeg', 'https://cdn-media.medialabtc.it/es/agencies/mdbmf/estates/619800/images/8947914/gallery_media.jpeg', 'https://cdn-media.medialabtc.it/es/agencies/mdbmf/estates/619800/images/8947921/gallery_media.jpeg', 'https://cdn-media.medialabtc.it/es/agencies/mdbmf/estates/619800/images/8947917/gallery_media.jpeg', 'https://cdn-media.medialabtc.it/es/agencies/mdbmf/estates/619800/images/8947918/gallery_media.jpeg', 'https://cdn-media.medialabtc.it/es/agencies/mdbmf/estates/619800/images/8947915/gallery_media.jpeg', 'https://cdn-media.medialabtc.it/es/agencies/mdbmf/estates/619800/images/8947912/gallery_media.jpeg', 'https://cdn-media.medialabtc.it/es/agencies/mdbmf/estates/619800/images/8947924/gallery_media.jpeg', 'https://cdn-media.medialabtc.it/es/agencies/mdbmf/estates/619800/images/8947926/gallery_media.jpeg', 'https://cdn-media.medialabtc.it/es/agencies/mdbmf/estates/619800/images/8947935/gallery_media.jpeg']",0,Desconocido,0,0,0,1,0,E,0,0,"['imagenes_tecnocasa\\anuncio_792\\0.jpeg', 'imagenes_tecnocasa\\anuncio_792\\1.jpeg', 'imagenes_tecnocasa\\anuncio_792\\2.jpeg', 'imagenes_tecnocasa\\anuncio_792\\3.jpeg', 'imagenes_tecnocasa\\anuncio_792\\4.jpeg', 'imagenes_tecnocasa\\anuncio_792\\5.jpeg', 'imagenes_tecnocasa\\anuncio_792\\6.jpeg', 'imagenes_tecnocasa\\anuncio_792\\7.jpeg', 'imagenes_tecnocasa\\anuncio_792\\8.jpeg', 'imagenes_tecnocasa\\anuncio_792\\9.jpeg', 'imagenes_tecnocasa\\anuncio_792\\10.jpeg', 'imagenes_tecnocasa\\anuncio_792\\11.jpeg', 'imagenes_tecnocasa\\anuncio_792\\12.jpeg', 'imagenes_tecnocasa\\anuncio_792\\13.jpeg', 'imagenes_tecnocasa\\anuncio_792\\14.jpeg', 'imagenes_tecnocasa\\anuncio_792\\15.jpeg', 'imagenes_tecnocasa\\anuncio_792\\16.jpeg', 'imagenes_tecnocasa\\anuncio_792\\17.jpeg', 'imagenes_tecnocasa\\anuncio_792\\18.jpeg', 'imagenes_tecnocasa\\anuncio_792\\19.jpeg', 'imagenes_tecnocasa\\anuncio_792\\20.jpeg', 'imagenes_tecnocasa\\anuncio_792\\21.jpeg', 'imagenes_tecnocasa\\anuncio_792\\22.jpeg', 'imagenes_tecnocasa\\anuncio_792\\23.jpeg', 'imagenes_tecnocasa\\anuncio_792\\24.jpeg', 'imagenes_tecnocasa\\anuncio_792\\25.jpeg', 'imagenes_tecnocasa\\anuncio_792\\26.jpeg', 'imagenes_tecnocasa\\anuncio_792\\27.jpeg', 'imagenes_tecnocasa\\anuncio_792\\28.jpeg']",1,Media,1974,1,0,1,piso,2,Móstoles,"Norte, Móstoles",40.3238525,-3.8649214,792,3364.423076923077,96.0,80.0,0.0,0.25,0.0,0.0,parquet,pintura,corredera,estándar (2.4-2.8m),nada,5.8,6.8,moderno,"['#FF8C00', '#FFFFFF', '#000000']",buena,True,eficiente,normal,ninguno,ninguno,estándar,parcialmente equipada,ninguno,7.8,7.0,ninguna,5
https://www.tecnocasa.es/venta/piso/madrid/coslada/616875.html,171700.0,3,85.0,1,"Agencia inmobiliaria Tecnocasa de COSLADA. Zona CIUDAD 70, LA ESPINILLA, PARQUE BLANCO.
RESERVADO: Descubre esta acogedora vivienda con una ubicación inmejorable en el centro de ciudad 70. La vivienda se encuentra en la avenida de VIENA. Ideal para quienes buscan un hogar cómodo y bien ubicado. Este piso de 80 m2 ofrece un espacio funcional con tres dormitorios, perfecto para familias o para quienes necesitan espacio adicional para una oficina en casa. La propiedad cuenta con un baño completo, cocina equipada con salida a una pequeña TERRAZA. Cuenta con una GRAN TERRAZA con acceso desde el salón. Tiene TRASTERO. Construido en 1973, este hogar combina el encanto de su época con las comodidades modernas. La distribución del piso permite aprovechar al máximo cada metro cuadrado, ofreciendo un ambiente cálido y acogedor. Su ubicación en Coslada proporciona fácil acceso a servicios, transporte público y áreas comerciales, haciendo de esta propiedad una opción práctica para el día a día. No pierdas la oportunidad de visitar este piso y descubrir todo lo que tiene para ofrecer. Contáctanos para más información y para agendar una visita.",1,1,1,1,1,1,0,1,1,1,"['https://cdn-media.medialabtc.it/es/agencies/md578/estates/616875/images/8904461/gallery_media.jpeg', 'https://cdn-media.medialabtc.it/es/agencies/md578/estates/616875/images/8904528/gallery_media.jpeg', 'https://cdn-media.medialabtc.it/es/agencies/md578/estates/616875/images/8904526/gallery_media.jpeg', 'https://cdn-media.medialabtc.it/es/agencies/md578/estates/616875/images/8904460/gallery_media.jpeg', 'https://cdn-media.medialabtc.it/es/agencies/md578/estates/616875/images/8904524/gallery_media.jpeg', 'https://cdn-media.medialabtc.it/es/agencies/md578/estates/616875/images/8904523/gallery_media.jpeg', 'https://cdn-media.medialabtc.it/es/agencies/md578/estates/616875/images/8904502/gallery_media.jpeg', 'https://cdn-media.medialabtc.it/es/agencies/md578/estates/616875/images/8904501/gallery_media.jpeg', 'https://cdn-media.medialabtc.it/es/agencies/md578/estates/616875/images/8904525/gallery_media.jpeg', 'https://cdn-media.medialabtc.it/es/agencies/md578/estates/616875/images/8935165/gallery_media.jpeg', 'https://cdn-media.medialabtc.it/es/agencies/md578/estates/616875/images/8904498/gallery_media.jpeg', 'https://cdn-media.medialabtc.it/es/agencies/md578/estates/616875/images/8904527/gallery_media.jpeg', 'https://cdn-media.medialabtc.it/es/agencies/md578/estates/616875/images/8904500/gallery_media.jpeg', 'https://cdn-media.medialabtc.it/es/agencies/md578/estates/616875/images/8904522/gallery_media.jpeg', 'https://cdn-media.medialabtc.it/es/agencies/md578/estates/616875/images/8904499/gallery_media.jpeg']",0,Desconocido,0,1,0,1,0,E,0,0,"['imagenes_tecnocasa\\anuncio_793\\0.jpeg', 'imagenes_tecnocasa\\anuncio_793\\1.jpeg', 'imagenes_tecnocasa\\anuncio_793\\2.jpeg', 'imagenes_tecnocasa\\anuncio_793\\3.jpeg', 'imagenes_tecnocasa\\anuncio_793\\4.jpeg', 'imagenes_tecnocasa\\anuncio_793\\5.jpeg', 'imagenes_tecnocasa\\anuncio_793\\6.jpeg', 'imagenes_tecnocasa\\anuncio_793\\7.jpeg', 'imagenes_tecnocasa\\anuncio_793\\8.jpeg', 'imagenes_tecnocasa\\anuncio_793\\9.jpeg', 'imagenes_tecnocasa\\anuncio_793\\10.jpeg', 'imagenes_tecnocasa\\anuncio_793\\11.jpeg', 'imagenes_tecnocasa\\anuncio_793\\12.jpeg', 'imagenes_tecnocasa\\anuncio_793\\13.jpeg', 'imagenes_tecnocasa\\anuncio_793\\14.jpeg']",0,Media,1973,1,0,0,piso,1,Coslada,Coslada,40.423802,-3.5552882,793,2020.0,182.0,128.0,0.9,1.0,0.0,1.0,otro,pintura,corredera,estándar (2.4-2.8m),nada,3.2,3.0,convencional,"['#FFFFFF', '#A9A9A9', '#D3D3D3']",regular,False,convencional,limitado,ninguno,ninguno,estándar,básica,ninguno,6.4,5.2,ninguna,5
https://www.tecnocasa.es/venta/piso/madrid/alcorcon/615197.html,375000.0,2,77.0,2,"Agencia inmobiliaria de ALCORCÓN - zona PARQUE OESTE - Oficina Tecnocasa de ALCORCÓN, Vende PISO EN FUENTE CISNEROS

EN VENTA:
FANTASTICO PISO CON TRASTERO Y 2 PLAZAS DE GARAJE EN URBANIZACIÓN PRIVADA CON PISCINA , JARDIN , PISTA DE PADEL,GIMNASIO Y PORTERO FISICO . La vivienda esta compuesta de recibidor, cocina independiente con tendedero, amplio salón de paso , 2 dormitorios con armarios empotrados ,2 baños y dos terrazas abiertas ,Cuenta con puertas de roble macizas, suelos de tarima, calefacción independiente y aire acondicionado por conducto.
En cuanto a las comunicaciones, Cuenta con una excelente conectividad gracias a la cercanía a la estación de RENFE. Asimismo, ofrece un fácil acceso a la M-50 y la A-5, lo que garantiza una movilidad ágil por toda la ciudad y sus alrededores.
Además, la zona está perfectamente equipada con servicios esenciales como colegios, un centro de salud, un hospital, supermercados y una amplia variedad de comercios. Todo lo que necesitas está al alcance de tu mano.",1,1,1,1,1,1,1,1,1,1,"['https://cdn-media.medialabtc.it/es/agencies/mdbla/estates/615197/images/8844707/gallery_media.jpeg', 'https://cdn-media.medialabtc.it/es/agencies/mdbla/estates/615197/images/8844699/gallery_media.jpeg', 'https://cdn-media.medialabtc.it/es/agencies/mdbla/estates/615197/images/8844691/gallery_media.jpeg', 'https://cdn-media.medialabtc.it/es/agencies/mdbla/estates/615197/images/8844706/gallery_media.jpeg', 'https://cdn-media.medialabtc.it/es/agencies/mdbla/estates/615197/images/8844697/gallery_media.jpeg', 'https://cdn-media.medialabtc.it/es/agencies/mdbla/estates/615197/images/8844694/gallery_media.jpeg', 'https://cdn-media.medialabtc.it/es/agencies/mdbla/estates/615197/images/8844698/gallery_media.jpeg', 'https://cdn-media.medialabtc.it/es/agencies/mdbla/estates/615197/images/8844696/gallery_media.jpeg', 'https://cdn-media.medialabtc.it/es/agencies/mdbla/estates/615197/images/8844703/gallery_media.jpeg', 'https://cdn-media.medialabtc.it/es/agencies/mdbla/estates/615197/images/8844686/gallery_media.jpeg', 'https://cdn-media.medialabtc.it/es/agencies/mdbla/estates/615197/images/8844701/gallery_media.jpeg', 'https://cdn-media.medialabtc.it/es/agencies/mdbla/estates/615197/images/8844687/gallery_media.jpeg', 'https://cdn-media.medialabtc.it/es/agencies/mdbla/estates/615197/images/8844688/gallery_media.jpeg', 'https://cdn-media.medialabtc.it/es/agencies/mdbla/estates/615197/images/8844702/gallery_media.jpeg', 'https://cdn-media.medialabtc.it/es/agencies/mdbla/estates/615197/images/8844705/gallery_media.jpeg', 'https://cdn-media.medialabtc.it/es/agencies/mdbla/estates/615197/images/8844704/gallery_media.jpeg', 'https://cdn-media.medialabtc.it/es/agencies/mdbla/estates/615197/images/8844689/gallery_media.jpeg', 'https://cdn-media.medialabtc.it/es/agencies/mdbla/estates/615197/images/8844700/gallery_media.jpeg', 'https://cdn-media.medialabtc.it/es/agencies/mdbla/estates/615197/images/8844693/gallery_media.jpeg', 'https://cdn-media.medialabtc.it/es/agencies/mdbla/estates/615197/images/8844690/gallery_media.jpeg', 'https://cdn-media.medialabtc.it/es/agencies/mdbla/estates/615197/images/8844692/gallery_media.jpeg', 'https://cdn-media.medialabtc.it/es/agencies/mdbla/estates/615197/images/8844695/gallery_media.jpeg']",0,Desconocido,1,1,1,0,1,E,0,0,"['imagenes_tecnocasa\\anuncio_797\\0.jpeg', 'imagenes_tecnocasa\\anuncio_797\\1.jpeg', 'imagenes_tecnocasa\\anuncio_797\\2.jpeg', 'imagenes_tecnocasa\\anuncio_797\\3.jpeg', 'imagenes_tecnocasa\\anuncio_797\\4.jpeg', 'imagenes_tecnocasa\\anuncio_797\\5.jpeg', 'imagenes_tecnocasa\\anuncio_797\\6.jpeg', 'imagenes_tecnocasa\\anuncio_797\\7.jpeg', 'imagenes_tecnocasa\\anuncio_797\\8.jpeg', 'imagenes_tecnocasa\\anuncio_797\\9.jpeg', 'imagenes_tecnocasa\\anuncio_797\\10.jpeg', 'imagenes_tecnocasa\\anuncio_797\\11.jpeg', 'imagenes_tecnocasa\\anuncio_797\\12.jpeg', 'imagenes_tecnocasa\\anuncio_797\\13.jpeg', 'imagenes_tecnocasa\\anuncio_797\\14.jpeg', 'imagenes_tecnocasa\\anuncio_797\\15.jpeg', 'imagenes_tecnocasa\\anuncio_797\\16.jpeg', 'imagenes_tecnocasa\\anuncio_797\\17.jpeg', 'imagenes_tecnocasa\\anuncio_797\\18.jpeg', 'imagenes_tecnocasa\\anuncio_797\\19.jpeg', 'imagenes_tecnocasa\\anuncio_797\\20.jpeg', 'imagenes_tecnocasa\\anuncio_797\\21.jpeg']",0,Media,2005,1,0,1,piso,3,Alcorcón,"Parque Oeste - Retamas - Ensanche Sur, Parque Oeste, Alcorcón",40.3492998,-3.8284295,797,4870.12987012987,163.0,118.0,0.0,0.0,1.0,0.0,otro,pintura,otro,estándar (2.4-2.8m),nada,3.2,3.6,otro,"['#808080', '#008000', '#808080']",buena,False,convencional,normal,ninguno,ninguno,estándar,parcialmente equipada,ninguno,6.6,7.0,ninguna,5
https://www.tecnocasa.es/venta/piso/madrid/getafe/617812.html,399000.0,3,98.0,2,"Agencia inmobiliaria Tecnocasa de Getafe - zona El Bercial - vende piso REFORMADO en urbanización cerrada con TERRAZA ABIERTA, PLAZA DE GARAJE y TRASTERO.
La vivienda se distribuye en salón independiente de 21m2 con salida a terraza abierta, cocina totalmente REFORMADA y equipada, con zona office y tendedero anexo cerrado, 3 amplios dormitorios y 2 cuartos de baño, uno de ellos ubicado en suite principal.
Armarios empotrados en todos los dormitorios y hall de entrada; suelos en tarima gris; pintura en liso; puertas blancas; aire acondicionado en salón y dormitorio principal.
En la zona encontrarás todo tipo de servicios, colegios e institutos, transporte público (línea 12 de MetroSur, línea C-4 de Cercanías Renfe y líneas de autobús), centro médico y Hospital Universitario de Getafe, zonas comerciales, fácil acceso a carreteras A-42 y M-45.",1,1,1,1,1,1,0,1,1,1,"['https://cdn-media.medialabtc.it/es/agencies/md576/estates/617812/images/8968316/gallery_media.jpeg', 'https://cdn-media.medialabtc.it/es/agencies/md576/estates/617812/images/8958755/gallery_media.jpeg', 'https://cdn-media.medialabtc.it/es/agencies/md576/estates/617812/images/8958746/gallery_media.jpeg', 'https://cdn-media.medialabtc.it/es/agencies/md576/estates/617812/images/8958767/gallery_media.jpeg', 'https://cdn-media.medialabtc.it/es/agencies/md576/estates/617812/images/8958750/gallery_media.jpeg', 'https://cdn-media.medialabtc.it/es/agencies/md576/estates/617812/images/8958761/gallery_media.jpeg', 'https://cdn-media.medialabtc.it/es/agencies/md576/estates/617812/images/8958742/gallery_media.jpeg', 'https://cdn-media.medialabtc.it/es/agencies/md576/estates/617812/images/8958747/gallery_media.jpeg', 'https://cdn-media.medialabtc.it/es/agencies/md576/estates/617812/images/8958744/gallery_media.jpeg', 'https://cdn-media.medialabtc.it/es/agencies/md576/estates/617812/images/8958753/gallery_media.jpeg', 'https://cdn-media.medialabtc.it/es/agencies/md576/estates/617812/images/8958758/gallery_media.jpeg', 'https://cdn-media.medialabtc.it/es/agencies/md576/estates/617812/images/8958769/gallery_media.jpeg', 'https://cdn-media.medialabtc.it/es/agencies/md576/estates/617812/images/8958756/gallery_media.jpeg', 'https://cdn-media.medialabtc.it/es/agencies/md576/estates/617812/images/8958763/gallery_media.jpeg', 'https://cdn-media.medialabtc.it/es/agencies/md576/estates/617812/images/8958748/gallery_media.jpeg', 'https://cdn-media.medialabtc.it/es/agencies/md576/estates/617812/images/8958751/gallery_media.jpeg', 'https://cdn-media.medialabtc.it/es/agencies/md576/estates/617812/images/8958766/gallery_media.jpeg', 'https://cdn-media.medialabtc.it/es/agencies/md576/estates/617812/images/8958754/gallery_media.jpeg', 'https://cdn-media.medialabtc.it/es/agencies/md576/estates/617812/images/8958749/gallery_media.jpeg', 'https://cdn-media.medialabtc.it/es/agencies/md576/estates/617812/images/8968065/gallery_media.jpeg', 'https://cdn-media.medialabtc.it/es/agencies/md576/estates/617812/images/8958765/gallery_media.jpeg', 'https://cdn-media.medialabtc.it/es/agencies/md576/estates/617812/images/8958745/gallery_media.jpeg', 'https://cdn-media.medialabtc.it/es/agencies/md576/estates/617812/images/8958762/gallery_media.jpeg', 'https://cdn-media.medialabtc.it/es/agencies/md576/estates/617812/images/8958752/gallery_media.jpeg', 'https://cdn-media.medialabtc.it/es/agencies/md576/estates/617812/images/8958760/gallery_media.jpeg', 'https://cdn-media.medialabtc.it/es/agencies/md576/estates/617812/images/8958743/gallery_media.jpeg', 'https://cdn-media.medialabtc.it/es/agencies/md576/estates/617812/images/8958764/gallery_media.jpeg', 'https://cdn-media.medialabtc.it/es/agencies/md576/estates/617812/images/8958770/gallery_media.jpeg', 'https://cdn-media.medialabtc.it/es/agencies/md576/estates/617812/images/8958759/gallery_media.jpeg']",0,Reformado,1,1,0,1,0,Desconocida,0,0,"['imagenes_tecnocasa\\anuncio_798\\0.jpeg', 'imagenes_tecnocasa\\anuncio_798\\1.jpeg', 'imagenes_tecnocasa\\anuncio_798\\2.jpeg', 'imagenes_tecnocasa\\anuncio_798\\3.jpeg', 'imagenes_tecnocasa\\anuncio_798\\4.jpeg', 'imagenes_tecnocasa\\anuncio_798\\5.jpeg', 'imagenes_tecnocasa\\anuncio_798\\6.jpeg', 'imagenes_tecnocasa\\anuncio_798\\7.jpeg', 'imagenes_tecnocasa\\anuncio_798\\8.jpeg', 'imagenes_tecnocasa\\anuncio_798\\9.jpeg', 'imagenes_tecnocasa\\anuncio_798\\10.jpeg', 'imagenes_tecnocasa\\anuncio_798\\11.jpeg', 'imagenes_tecnocasa\\anuncio_798\\12.jpeg', 'imagenes_tecnocasa\\anuncio_798\\13.jpeg', 'imagenes_tecnocasa\\anuncio_798\\14.jpeg', 'imagenes_tecnocasa\\anuncio_798\\15.jpeg', 'imagenes_tecnocasa\\anuncio_798\\16.jpeg', 'imagenes_tecnocasa\\anuncio_798\\17.jpeg', 'imagenes_tecnocasa\\anuncio_798\\18.jpeg', 'imagenes_tecnocasa\\anuncio_798\\19.jpeg', 'imagenes_tecnocasa\\anuncio_798\\20.jpeg', 'imagenes_tecnocasa\\anuncio_798\\21.jpeg', 'imagenes_tecnocasa\\anuncio_798\\22.jpeg', 'imagenes_tecnocasa\\anuncio_798\\23.jpeg', 'imagenes_tecnocasa\\anuncio_798\\24.jpeg', 'imagenes_tecnocasa\\anuncio_798\\25.jpeg', 'imagenes_tecnocasa\\anuncio_798\\26.jpeg', 'imagenes_tecnocasa\\anuncio_798\\27.jpeg', 'imagenes_tecnocasa\\anuncio_798\\28.jpeg']",1,Popular,1962,1,0,1,piso,2,Getafe,"El Bercial, Getafe",40.3070639,-3.7331808,798,4071.4285714285716,133.0,101.0,0.0,0.0,2.0,0.0,otro,pintura,corredera,estándar (2.4-2.8m),nada,4.6,6.2,moderno,"['#A77272', '#D2B48C', '#F2F2F2']",buena,False,convencional,limitado,ninguno,ninguno,estándar,básica,ninguno,7.2,6.6,ninguna,5
https://www.tecnocasa.es/venta/piso/madrid/mostoles/510631.html,259000.0,3,105.0,2,"Agencia inmobiliaria de MOSTOLES, zona VILLAFONTANA II, Tecnocasa Estudio Móstoles 1SL
EN VENTA: Piso con entrada, cocina, salón con terraza ABIERTA, 3 dormitorios, armarios empotrados, 2 baños completos y plaza de garaje en el mismo edificio. Zona con todos los servicios cercanos, como líneas de autobús urbanas e interurbanas prácticamente en la misma puerta, además de colegios, centro de salud, hospital, comercios y supermercados. Buena orientación con vistas. PARA ENTRAR A VIVIR.
RECUERDA, la posibilidad de conseguir hasta el 100% de financiación con nuestro departamento financiero KÍRON ¡ no tendrás que preocuparte por nada! ¡Ven a visitarlo!",1,1,1,1,1,1,0,1,1,1,"['https://cdn-media.medialabtc.it/es/agencies/mdbm2/estates/510631/images/8745833/gallery_media.jpeg', 'https://cdn-media.medialabtc.it/es/agencies/mdbm2/estates/510631/images/8745825/gallery_media.jpeg', 'https://cdn-media.medialabtc.it/es/agencies/mdbm2/estates/510631/images/8745842/gallery_media.jpeg', 'https://cdn-media.medialabtc.it/es/agencies/mdbm2/estates/510631/images/8745830/gallery_media.jpeg', 'https://cdn-media.medialabtc.it/es/agencies/mdbm2/estates/510631/images/8734378/gallery_media.jpeg', 'https://cdn-media.medialabtc.it/es/agencies/mdbm2/estates/510631/images/8745832/gallery_media.jpeg', 'https://cdn-media.medialabtc.it/es/agencies/mdbm2/estates/510631/images/8745843/gallery_media.jpeg', 'https://cdn-media.medialabtc.it/es/agencies/mdbm2/estates/510631/images/8745834/gallery_media.jpeg', 'https://cdn-media.medialabtc.it/es/agencies/mdbm2/estates/510631/images/8734396/gallery_media.jpeg', 'https://cdn-media.medialabtc.it/es/agencies/mdbm2/estates/510631/images/8734391/gallery_media.jpeg', 'https://cdn-media.medialabtc.it/es/agencies/mdbm2/estates/510631/images/8745841/gallery_media.jpeg', 'https://cdn-media.medialabtc.it/es/agencies/mdbm2/estates/510631/images/8745835/gallery_media.jpeg', 'https://cdn-media.medialabtc.it/es/agencies/mdbm2/estates/510631/images/8745844/gallery_media.jpeg', 'https://cdn-media.medialabtc.it/es/agencies/mdbm2/estates/510631/images/8745831/gallery_media.jpeg', 'https://cdn-media.medialabtc.it/es/agencies/mdbm2/estates/510631/images/8734401/gallery_media.jpeg', 'https://cdn-media.medialabtc.it/es/agencies/mdbm2/estates/510631/images/8745839/gallery_media.jpeg', 'https://cdn-media.medialabtc.it/es/agencies/mdbm2/estates/510631/images/8734379/gallery_media.jpeg', 'https://cdn-media.medialabtc.it/es/agencies/mdbm2/estates/510631/images/8734400/gallery_media.jpeg', 'https://cdn-media.medialabtc.it/es/agencies/mdbm2/estates/510631/images/8745838/gallery_media.jpeg', 'https://cdn-media.medialabtc.it/es/agencies/mdbm2/estates/510631/images/8745837/gallery_media.jpeg', 'https://cdn-media.medialabtc.it/es/agencies/mdbm2/estates/510631/images/8734389/gallery_media.jpeg', 'https://cdn-media.medialabtc.it/es/agencies/mdbm2/estates/510631/images/8745840/gallery_media.jpeg', 'https://cdn-media.medialabtc.it/es/agencies/mdbm2/estates/510631/images/8745829/gallery_media.jpeg', 'https://cdn-media.medialabtc.it/es/agencies/mdbm2/estates/510631/images/8745828/gallery_media.jpeg', 'https://cdn-media.medialabtc.it/es/agencies/mdbm2/estates/510631/images/8745836/gallery_media.jpeg', 'https://cdn-media.medialabtc.it/es/agencies/mdbm2/estates/510631/images/8745824/gallery_media.jpeg', 'https://cdn-media.medialabtc.it/es/agencies/mdbm2/estates/510631/images/8745826/gallery_media.jpeg', 'https://cdn-media.medialabtc.it/es/agencies/mdbm2/estates/510631/images/8745827/gallery_media.jpeg', 'https://cdn-media.medialabtc.it/es/agencies/mdbm2/estates/510631/images/8734398/gallery_media.jpeg']",0,Desconocido,1,0,0,1,0,G,0,0,"['imagenes_tecnocasa\\anuncio_799\\0.jpeg', 'imagenes_tecnocasa\\anuncio_799\\1.jpeg', 'imagenes_tecnocasa\\anuncio_799\\2.jpeg', 'imagenes_tecnocasa\\anuncio_799\\3.jpeg', 'imagenes_tecnocasa\\anuncio_799\\4.jpeg', 'imagenes_tecnocasa\\anuncio_799\\5.jpeg', 'imagenes_tecnocasa\\anuncio_799\\6.jpeg', 'imagenes_tecnocasa\\anuncio_799\\7.jpeg', 'imagenes_tecnocasa\\anuncio_799\\8.jpeg', 'imagenes_tecnocasa\\anuncio_799\\9.jpeg', 'imagenes_tecnocasa\\anuncio_799\\10.jpeg', 'imagenes_tecnocasa\\anuncio_799\\11.jpeg', 'imagenes_tecnocasa\\anuncio_799\\12.jpeg', 'imagenes_tecnocasa\\anuncio_799\\13.jpeg', 'imagenes_tecnocasa\\anuncio_799\\14.jpeg', 'imagenes_tecnocasa\\anuncio_799\\15.jpeg', 'imagenes_tecnocasa\\anuncio_799\\16.jpeg', 'imagenes_tecnocasa\\anuncio_799\\17.jpeg', 'imagenes_tecnocasa\\anuncio_799\\18.jpeg', 'imagenes_tecnocasa\\anuncio_799\\19.jpeg', 'imagenes_tecnocasa\\anuncio_799\\20.jpeg', 'imagenes_tecnocasa\\anuncio_799\\21.jpeg', 'imagenes_tecnocasa\\anuncio_799\\22.jpeg', 'imagenes_tecnocasa\\anuncio_799\\23.jpeg', 'imagenes_tecnocasa\\anuncio_799\\24.jpeg', 'imagenes_tecnocasa\\anuncio_799\\25.jpeg', 'imagenes_tecnocasa\\anuncio_799\\26.jpeg', 'imagenes_tecnocasa\\anuncio_799\\27.jpeg', 'imagenes_tecnocasa\\anuncio_799\\28.jpeg']",0,Popular,1975,1,0,1,piso,2,Móstoles,"Villafontana Ii, Móstoles",40.3238525,-3.8649214,799,2466.6666666666665,97.0,83.0,0.0,0.0,0.0,0.0,parquet,pintura,corredera,estándar (2.4-2.8m),nada,3.6,3.4,clásico,"['#A0522D', '#DEB887', '#F5F5DC']",regular,False,convencional,normal,ninguno,ninguno,estándar,parcialmente equipada,ninguno,6.6,6.4,ninguna,5
https://www.tecnocasa.es/venta/piso/madrid/humanes-de-madrid/523790.html,178000.0,2,76.0,1,"'AGENCIA INMOBILIARIA HUMANES- ZONA HUMANES DE MADRID- OFICINA TECNOCASA VENDE PISO
Piso de 76 m2 construidos compuesto por: entrada, salón con acceso a una terraza, cocina, 2 dormitorios y un baño completo con plato de ducha.
VIVIENDA REFORMADA EN EL AÑO 2018.
La vivienda cuenta con armarios empotrados, suelo con doble aislamiento de 14cm de tarima, sistema de fontanería y electricidad renovados, ventanas climalit oscilobatientes con rotura de puente térmico y caldera de gas natural. Aire acondicionado
PARA PEDIR MAS INFORMACIÓN Y CONCERTAR UNA VISITA LLAME AL TELÉFONO 91 990 32 33 o MANDAR UN MAIL A md524
Está situado en Humanes de Madrid, una zona ya consolidada con fácil acceso a colegios, institutos, parques, comercios, supermercados, centros médicos y a la red de transportes del municipio.
No dude en llamarnos para concertar su cita para visitar el inmueble en la que además recibirá el asesoramiento gratuito de nuestro departamento financiero KÌRON.",0,1,1,1,0,1,0,1,1,1,"['https://cdn-media.medialabtc.it/es/agencies/md524/estates/523790/images/8969368/gallery_media.jpeg', 'https://cdn-media.medialabtc.it/es/agencies/md524/estates/523790/images/8969350/gallery_media.jpeg', 'https://cdn-media.medialabtc.it/es/agencies/md524/estates/523790/images/8969361/gallery_media.jpeg', 'https://cdn-media.medialabtc.it/es/agencies/md524/estates/523790/images/8969346/gallery_media.jpeg', 'https://cdn-media.medialabtc.it/es/agencies/md524/estates/523790/images/8969356/gallery_media.jpeg', 'https://cdn-media.medialabtc.it/es/agencies/md524/estates/523790/images/8969354/gallery_media.jpeg', 'https://cdn-media.medialabtc.it/es/agencies/md524/estates/523790/images/8969363/gallery_media.jpeg', 'https://cdn-media.medialabtc.it/es/agencies/md524/estates/523790/images/8969357/gallery_media.jpeg', 'https://cdn-media.medialabtc.it/es/agencies/md524/estates/523790/images/8969364/gallery_media.jpeg', 'https://cdn-media.medialabtc.it/es/agencies/md524/estates/523790/images/8969359/gallery_media.jpeg', 'https://cdn-media.medialabtc.it/es/agencies/md524/estates/523790/images/8969358/gallery_media.jpeg', 'https://cdn-media.medialabtc.it/es/agencies/md524/estates/523790/images/8969348/gallery_media.jpeg', 'https://cdn-media.medialabtc.it/es/agencies/md524/estates/523790/images/8969349/gallery_media.jpeg', 'https://cdn-media.medialabtc.it/es/agencies/md524/estates/523790/images/8969347/gallery_media.jpeg', 'https://cdn-media.medialabtc.it/es/agencies/md524/estates/523790/images/8969365/gallery_media.jpeg', 'https://cdn-media.medialabtc.it/es/agencies/md524/estates/523790/images/8969360/gallery_media.jpeg', 'https://cdn-media.medialabtc.it/es/agencies/md524/estates/523790/images/8969352/gallery_media.jpeg', 'https://cdn-media.medialabtc.it/es/agencies/md524/estates/523790/images/8969367/gallery_media.jpeg', 'https://cdn-media.medialabtc.it/es/agencies/md524/estates/523790/images/8969366/gallery_media.jpeg', 'https://cdn-media.medialabtc.it/es/agencies/md524/estates/523790/images/8969362/gallery_media.jpeg', 'https://cdn-media.medialabtc.it/es/agencies/md524/estates/523790/images/8969351/gallery_media.jpeg', 'https://cdn-media.medialabtc.it/es/agencies/md524/estates/523790/images/8969355/gallery_media.jpeg', 'https://cdn-media.medialabtc.it/es/agencies/md524/estates/523790/images/8969353/gallery_media.jpeg']",0,Desconocido,0,0,0,1,0,E,0,0,"['imagenes_tecnocasa\\anuncio_803\\0.jpeg', 'imagenes_tecnocasa\\anuncio_803\\1.jpeg', 'imagenes_tecnocasa\\anuncio_803\\2.jpeg', 'imagenes_tecnocasa\\anuncio_803\\3.jpeg', 'imagenes_tecnocasa\\anuncio_803\\4.jpeg', 'imagenes_tecnocasa\\anuncio_803\\5.jpeg', 'imagenes_tecnocasa\\anuncio_803\\6.jpeg', 'imagenes_tecnocasa\\anuncio_803\\7.jpeg', 'imagenes_tecnocasa\\anuncio_803\\8.jpeg', 'imagenes_tecnocasa\\anuncio_803\\9.jpeg', 'imagenes_tecnocasa\\anuncio_803\\10.jpeg', 'imagenes_tecnocasa\\anuncio_803\\11.jpeg', 'imagenes_tecnocasa\\anuncio_803\\12.jpeg', 'imagenes_tecnocasa\\anuncio_803\\13.jpeg', 'imagenes_tecnocasa\\anuncio_803\\14.jpeg', 'imagenes_tecnocasa\\anuncio_803\\15.jpeg', 'imagenes_tecnocasa\\anuncio_803\\16.jpeg', 'imagenes_tecnocasa\\anuncio_803\\17.jpeg', 'imagenes_tecnocasa\\anuncio_803\\18.jpeg', 'imagenes_tecnocasa\\anuncio_803\\19.jpeg', 'imagenes_tecnocasa\\anuncio_803\\20.jpeg', 'imagenes_tecnocasa\\anuncio_803\\21.jpeg', 'imagenes_tecnocasa\\anuncio_803\\22.jpeg']",0,Popular,1978,0,0,0,piso,4,Madrid,Humanes De Madrid,40.4167047,-3.7035825,803,2342.1052631578946,152.0,126.0,0.05,0.2,0.0,0.0,parquet,pintura,corredera,estándar (2.4-2.8m),nada,3.8,4.2,convencional,"['#D2B48C', '#A0522D', '#FFFFFF']",regular,False,convencional,normal,ninguno,ninguno,estándar,básica,ninguno,5.8,6.6,ninguna,5
https://www.tecnocasa.es/venta/piso/madrid/madrid/619506.html,350000.0,3,87.0,1,"3ª planta con ascensor. Salón exterior de más de 20 m2 con acceso a amplia terraza. Dos dormitorios dobles, todas las estancias son independientes. Para reformar. Ubicado en plena zona comercial cerca del transporte público.
Nuestro departamento Kíron te consigue la mejor financiación personalizada del mercado.
C/ Gutierre de Cetina
El salón es muy luminoso, con una amplia ventana y una puerta de doble hoja acristalada (le da muy buena iluminación natural), da acceso a una amplia terraza exterior. Las vistas son muy buenas, a la avenida ascao y la zona comercial. El salón tiene más de 20 m2, lo que le hace muy espacioso.
La cocina es de buen tamaño, con un gran espacio para poner mobiliario con buena capacidad, la cocina también tiene salida a una terraza acristalada que da a un patio grande de luces.
El dormitorio principal es de matrimonio con un gran armario hecho a medida y dispone de una amplia ventana exterior que le da una buena ventilación, al igual que luminosidad.
El segundo dormitorio es también doble, con espacio suficiente para dos camas y un armario de buen tamaño.
El tercer dormitorio individual con bastante espacio.
El baño es amplio y está equipado con una bañera, wc. Se puede aprovechar el espacio cambiando la distribución y sacar un segundo aseo para invitados.
La terraza interior está equipada con cerramiento acristalado y con armario para zona de almacenamiento o zona de lavadero
Todas las estancias del inmueble son independientes, con un pequeño pasillo distribuidor, lo que hace que no se pierdan metros en superficie de paso, siendo todas las estancias muy cómodas de espacio.
El edificio tiene la fachada enfoscada y está bien conservado. La ITE está pasada del año 2020.
El inmueble está muy bien ubicado, cercano a supermercados (Mercadona, Ahorramas, Dia, etc..) y hay varias líneas de autobús y de metro, las más cercanas son las de Pueblo Nuevo (L-5 y L-7), Ascao (L-7), La Elipa (L-2).
Realizamos valoraciones gratuitas de viviendas, locales, garajes, etc. por si usted está interesado en vender o alquilar alguna propiedad, consultemos sin compromiso.
Nuestro departamento Kíron te consigue la mejor financiación personalizada del mercado.
Si desea concertar una visita o ampliar información puede contactarnos y le responderemos lo antes posible, estaremos encantados de atenderle.
Muchas gracias por su confianza.
La información de este anuncio, se muestra a título informativo, no es contractual ni vinculante y puede contener errores.
¡Contáctenos y gestionaremos su visita!
Puede encontrarnos en C/ EMILIO FERRARI Nº 33, <M> Pueblo Nuevo (L-5 y L-7)
Teléfono fijo (+34) 91 377 19 79 / Móvil y whatsapp (+34) 635 603 345.",1,0,1,1,1,1,0,1,1,1,"['https://cdn-media.medialabtc.it/es/agencies/mdaq3/estates/619506/images/8940052/gallery_media.jpeg', 'https://cdn-media.medialabtc.it/es/agencies/mdaq3/estates/619506/images/8940042/gallery_media.jpeg', 'https://cdn-media.medialabtc.it/es/agencies/mdaq3/estates/619506/images/8940055/gallery_media.jpeg', 'https://cdn-media.medialabtc.it/es/agencies/mdaq3/estates/619506/images/8940051/gallery_media.jpeg', 'https://cdn-media.medialabtc.it/es/agencies/mdaq3/estates/619506/images/8940056/gallery_media.jpeg', 'https://cdn-media.medialabtc.it/es/agencies/mdaq3/estates/619506/images/8940035/gallery_media.jpeg', 'https://cdn-media.medialabtc.it/es/agencies/mdaq3/estates/619506/images/8940034/gallery_media.jpeg', 'https://cdn-media.medialabtc.it/es/agencies/mdaq3/estates/619506/images/8940054/gallery_media.jpeg', 'https://cdn-media.medialabtc.it/es/agencies/mdaq3/estates/619506/images/8940058/gallery_media.jpeg', 'https://cdn-media.medialabtc.it/es/agencies/mdaq3/estates/619506/images/8940036/gallery_media.jpeg', 'https://cdn-media.medialabtc.it/es/agencies/mdaq3/estates/619506/images/8940010/gallery_media.jpeg', 'https://cdn-media.medialabtc.it/es/agencies/mdaq3/estates/619506/images/8958710/gallery_media.jpeg', 'https://cdn-media.medialabtc.it/es/agencies/mdaq3/estates/619506/images/8940047/gallery_media.jpeg', 'https://cdn-media.medialabtc.it/es/agencies/mdaq3/estates/619506/images/8940049/gallery_media.jpeg', 'https://cdn-media.medialabtc.it/es/agencies/mdaq3/estates/619506/images/8940048/gallery_media.jpeg', 'https://cdn-media.medialabtc.it/es/agencies/mdaq3/estates/619506/images/8940043/gallery_media.jpeg', 'https://cdn-media.medialabtc.it/es/agencies/mdaq3/estates/619506/images/8940040/gallery_media.jpeg', 'https://cdn-media.medialabtc.it/es/agencies/mdaq3/estates/619506/images/8940046/gallery_media.jpeg', 'https://cdn-media.medialabtc.it/es/agencies/mdaq3/estates/619506/images/8940057/gallery_media.jpeg', 'https://cdn-media.medialabtc.it/es/agencies/mdaq3/estates/619506/images/8940044/gallery_media.jpeg', 'https://cdn-media.medialabtc.it/es/agencies/mdaq3/estates/619506/images/8940038/gallery_media.jpeg', 'https://cdn-media.medialabtc.it/es/agencies/mdaq3/estates/619506/images/8940039/gallery_media.jpeg', 'https://cdn-media.medialabtc.it/es/agencies/mdaq3/estates/619506/images/8940041/gallery_media.jpeg', 'https://cdn-media.medialabtc.it/es/agencies/mdaq3/estates/619506/images/8940053/gallery_media.jpeg', 'https://cdn-media.medialabtc.it/es/agencies/mdaq3/estates/619506/images/8940050/gallery_media.jpeg']",1,Desconocido,0,0,0,1,0,Desconocida,1,0,"['imagenes_tecnocasa\\anuncio_804\\0.jpeg', 'imagenes_tecnocasa\\anuncio_804\\1.jpeg', 'imagenes_tecnocasa\\anuncio_804\\2.jpeg', 'imagenes_tecnocasa\\anuncio_804\\3.jpeg', 'imagenes_tecnocasa\\anuncio_804\\4.jpeg', 'imagenes_tecnocasa\\anuncio_804\\5.jpeg', 'imagenes_tecnocasa\\anuncio_804\\6.jpeg', 'imagenes_tecnocasa\\anuncio_804\\7.jpeg', 'imagenes_tecnocasa\\anuncio_804\\8.jpeg', 'imagenes_tecnocasa\\anuncio_804\\9.jpeg', 'imagenes_tecnocasa\\anuncio_804\\10.jpeg', 'imagenes_tecnocasa\\anuncio_804\\11.jpeg', 'imagenes_tecnocasa\\anuncio_804\\12.jpeg', 'imagenes_tecnocasa\\anuncio_804\\13.jpeg', 'imagenes_tecnocasa\\anuncio_804\\14.jpeg', 'imagenes_tecnocasa\\anuncio_804\\15.jpeg', 'imagenes_tecnocasa\\anuncio_804\\16.jpeg', 'imagenes_tecnocasa\\anuncio_804\\17.jpeg', 'imagenes_tecnocasa\\anuncio_804\\18.jpeg', 'imagenes_tecnocasa\\anuncio_804\\19.jpeg', 'imagenes_tecnocasa\\anuncio_804\\20.jpeg', 'imagenes_tecnocasa\\anuncio_804\\21.jpeg', 'imagenes_tecnocasa\\anuncio_804\\22.jpeg', 'imagenes_tecnocasa\\anuncio_804\\23.jpeg', 'imagenes_tecnocasa\\anuncio_804\\24.jpeg']",1,Señorial,1970,0,0,1,piso,3,Madrid,"Pueblo Nuevo, Madrid",40.4167047,-3.7035825,804,4022.9885057471265,436.0,250.0,0.05,0.4,2.0,0.0,parquet,pintura,corredera,estándar (2.4-2.8m),nada,3.0,2.4,clásico,"['#D2B48C', '#F5F5DC', '#A0522D']",regular,False,convencional,limitado,ninguno,ninguno,estándar,básica,ninguno,6.0,6.2,ninguna,5
https://www.tecnocasa.es/venta/piso/madrid/parla/569355.html,173000.0,3,93.0,1,"Agencia inmobiliaria de PARLA zona REYES - LAS AMÉRICAS. Oficina Tecnocasa VENDE PISO, situado en zona de Reyes, cercano al centro de salud 'Isabel II', colegios e institutos y centro comercial 'El Ferial'.
+ Piso ubicado en cuarta planta CON ASCENSOR
+ Muy iluminado debido a su alta situación
+ Amplio salón - comedor independiente con acceso a terraza abierta
+ Baño completo con bañera y ventana que da luz en el interior
+ Calefacción independiente
+ Cocina amueblada
+ Suelos de gres
+ Paredes de gotelé
+ Gran variedad de servicios y comercios próximos a la vivienda
El piso se caracteriza por su buena distribución, excelente ubicación y sobre todo por su AMPLITUD.
ZONA REYES - LAS AMÉRICAS
El piso en venta se ubica en zona de Reyes, rodeada de una amplia variedad de comercios, tales como galerías de alimentación, restauración y textil. También está cercano al centro de salud, farmacias, biblioteca municipal “Gloria Fuertes” bancos y cajeros, colegios, institutos, y grandes zonas verdes con parques infantiles.
TECNOCASA, red inmobiliaria líder en el sector con más de 30 años de experiencia, presente en más de 11 países, 900 oficinas a nivel nacional y con 400 oficinas en la Comunidad de Madrid.
Realizamos valoraciones de su hogar totalmente gratuitas; gestionamos el proceso de post-venta (tanto para comprador como para el vendedor); además, les daremos toda la información que necesiten sobre hipotecas, les ayudaremos a tramitar herencias, certificados, cambios de titularidad, plusvalías, permiso de venta, etc.
Contamos con la colaboración del departamento de financiación de KÍRON, su experto intermediario que le asesorará gratuitamente sin ningún compromiso.
Nuestros servicios:
- Hipoteca “primera vivienda”.
- Hipoteca “cambio de vivienda”.
- Hipoteca 100%.
Disponemos de las mejores viviendas del mercado.
NO DUDE EN VISITARNOS.",0,1,1,1,1,1,0,1,1,1,"['https://cdn-media.medialabtc.it/es/agencies/mdbp7/estates/569355/images/8968251/gallery_media.jpeg', 'https://cdn-media.medialabtc.it/es/agencies/mdbp7/estates/569355/images/8968247/gallery_media.jpeg', 'https://cdn-media.medialabtc.it/es/agencies/mdbp7/estates/569355/images/8968254/gallery_media.jpeg', 'https://cdn-media.medialabtc.it/es/agencies/mdbp7/estates/569355/images/8968263/gallery_media.jpeg', 'https://cdn-media.medialabtc.it/es/agencies/mdbp7/estates/569355/images/8968242/gallery_media.jpeg', 'https://cdn-media.medialabtc.it/es/agencies/mdbp7/estates/569355/images/8968256/gallery_media.jpeg', 'https://cdn-media.medialabtc.it/es/agencies/mdbp7/estates/569355/images/8968241/gallery_media.jpeg', 'https://cdn-media.medialabtc.it/es/agencies/mdbp7/estates/569355/images/8968259/gallery_media.jpeg', 'https://cdn-media.medialabtc.it/es/agencies/mdbp7/estates/569355/images/8968265/gallery_media.jpeg', 'https://cdn-media.medialabtc.it/es/agencies/mdbp7/estates/569355/images/8968268/gallery_media.jpeg', 'https://cdn-media.medialabtc.it/es/agencies/mdbp7/estates/569355/images/8968248/gallery_media.jpeg', 'https://cdn-media.medialabtc.it/es/agencies/mdbp7/estates/569355/images/8968266/gallery_media.jpeg', 'https://cdn-media.medialabtc.it/es/agencies/mdbp7/estates/569355/images/8968249/gallery_media.jpeg', 'https://cdn-media.medialabtc.it/es/agencies/mdbp7/estates/569355/images/8968261/gallery_media.jpeg', 'https://cdn-media.medialabtc.it/es/agencies/mdbp7/estates/569355/images/8968269/gallery_media.jpeg', 'https://cdn-media.medialabtc.it/es/agencies/mdbp7/estates/569355/images/8968250/gallery_media.jpeg', 'https://cdn-media.medialabtc.it/es/agencies/mdbp7/estates/569355/images/8968246/gallery_media.jpeg', 'https://cdn-media.medialabtc.it/es/agencies/mdbp7/estates/569355/images/8968260/gallery_media.jpeg', 'https://cdn-media.medialabtc.it/es/agencies/mdbp7/estates/569355/images/8968244/gallery_media.jpeg', 'https://cdn-media.medialabtc.it/es/agencies/mdbp7/estates/569355/images/8968252/gallery_media.jpeg', 'https://cdn-media.medialabtc.it/es/agencies/mdbp7/estates/569355/images/8968262/gallery_media.jpeg', 'https://cdn-media.medialabtc.it/es/agencies/mdbp7/estates/569355/images/8968264/gallery_media.jpeg', 'https://cdn-media.medialabtc.it/es/agencies/mdbp7/estates/569355/images/8968253/gallery_media.jpeg', 'https://cdn-media.medialabtc.it/es/agencies/mdbp7/estates/569355/images/8968245/gallery_media.jpeg', 'https://cdn-media.medialabtc.it/es/agencies/mdbp7/estates/569355/images/8968257/gallery_media.jpeg']",0,Desconocido,0,0,0,1,0,Desconocida,0,0,"['imagenes_tecnocasa\\anuncio_805\\0.jpeg', 'imagenes_tecnocasa\\anuncio_805\\1.jpeg', 'imagenes_tecnocasa\\anuncio_805\\2.jpeg', 'imagenes_tecnocasa\\anuncio_805\\3.jpeg', 'imagenes_tecnocasa\\anuncio_805\\4.jpeg', 'imagenes_tecnocasa\\anuncio_805\\5.jpeg', 'imagenes_tecnocasa\\anuncio_805\\6.jpeg', 'imagenes_tecnocasa\\anuncio_805\\7.jpeg', 'imagenes_tecnocasa\\anuncio_805\\8.jpeg', 'imagenes_tecnocasa\\anuncio_805\\9.jpeg', 'imagenes_tecnocasa\\anuncio_805\\10.jpeg', 'imagenes_tecnocasa\\anuncio_805\\11.jpeg', 'imagenes_tecnocasa\\anuncio_805\\12.jpeg', 'imagenes_tecnocasa\\anuncio_805\\13.jpeg', 'imagenes_tecnocasa\\anuncio_805\\14.jpeg', 'imagenes_tecnocasa\\anuncio_805\\15.jpeg', 'imagenes_tecnocasa\\anuncio_805\\16.jpeg', 'imagenes_tecnocasa\\anuncio_805\\17.jpeg', 'imagenes_tecnocasa\\anuncio_805\\18.jpeg', 'imagenes_tecnocasa\\anuncio_805\\19.jpeg', 'imagenes_tecnocasa\\anuncio_805\\20.jpeg', 'imagenes_tecnocasa\\anuncio_805\\21.jpeg', 'imagenes_tecnocasa\\anuncio_805\\22.jpeg', 'imagenes_tecnocasa\\anuncio_805\\23.jpeg', 'imagenes_tecnocasa\\anuncio_805\\24.jpeg']",0,Popular,1978,1,0,1,piso,3,Parla,Parla,40.2373952,-3.7718902,805,1860.215053763441,290.0,194.0,0.0,0.0,1.0,0.0,cerámica,pintura,corredera,estándar (2.4-2.8m),nada,3.4,4.6,convencional,"['#FFFFFF', '#F2F2F2', '#E0E0E0']",buena,False,convencional,limitado,ninguno,ninguno,estándar,básica,ninguno,6.2,6.0,ninguna,5
https://www.tecnocasa.es/venta/piso/madrid/madrid/612749.html,619900.0,2,87.0,2,"Agencia inmobiliaria de MADRID zona VENTAS - GUINDALERA - Oficina Tecnocasa:
EN VENTA: Piso situado en plena Avenida de America, muy próximo a Torres blancas. Vivienda muy luminosa, totalmente exterior y recien reformada. Dispone de dos dormitorios y dos baños completos, uno de ellos en suite. Finca con ascensor, PARKING comunitario en superficie (posiblidad de aparcar varios vehículos) y TRASTERO incluidos en el precio.
Rodeado de zonas verdes, a 200 metros del metro del intercambiador de Av de América (líneas de metro 4,6,7 y 9) y a 500m de la plaza de Diego de León (líneas 4,5 y 6), innumerables líneas de autobús. Zona consolidada con todos los servicios que cualquier persona pueda necesitar; supermercados, colegios, médicos, polideportivos, biblioteca etc, y con fácil acceso a la m30, m40 y A2.
OPORTUNIDAD, MEJOR VER.",1,1,1,1,1,1,1,1,1,1,"['https://cdn-media.medialabtc.it/es/agencies/md101/estates/612749/images/8795902/gallery_media.jpeg', 'https://cdn-media.medialabtc.it/es/agencies/md101/estates/612749/images/8795910/gallery_media.jpeg', 'https://cdn-media.medialabtc.it/es/agencies/md101/estates/612749/images/8795877/gallery_media.jpeg', 'https://cdn-media.medialabtc.it/es/agencies/md101/estates/612749/images/8795834/gallery_media.jpeg', 'https://cdn-media.medialabtc.it/es/agencies/md101/estates/612749/images/8795837/gallery_media.jpeg', 'https://cdn-media.medialabtc.it/es/agencies/md101/estates/612749/images/8795715/gallery_media.jpeg', 'https://cdn-media.medialabtc.it/es/agencies/md101/estates/612749/images/8795909/gallery_media.jpeg', 'https://cdn-media.medialabtc.it/es/agencies/md101/estates/612749/images/8795697/gallery_media.jpeg', 'https://cdn-media.medialabtc.it/es/agencies/md101/estates/612749/images/8795882/gallery_media.jpeg', 'https://cdn-media.medialabtc.it/es/agencies/md101/estates/612749/images/8795710/gallery_media.jpeg', 'https://cdn-media.medialabtc.it/es/agencies/md101/estates/612749/images/8795696/gallery_media.jpeg', 'https://cdn-media.medialabtc.it/es/agencies/md101/estates/612749/images/8795838/gallery_media.jpeg', 'https://cdn-media.medialabtc.it/es/agencies/md101/estates/612749/images/8795700/gallery_media.jpeg', 'https://cdn-media.medialabtc.it/es/agencies/md101/estates/612749/images/8795904/gallery_media.jpeg', 'https://cdn-media.medialabtc.it/es/agencies/md101/estates/612749/images/8795912/gallery_media.jpeg', 'https://cdn-media.medialabtc.it/es/agencies/md101/estates/612749/images/8795699/gallery_media.jpeg', 'https://cdn-media.medialabtc.it/es/agencies/md101/estates/612749/images/8795695/gallery_media.jpeg', 'https://cdn-media.medialabtc.it/es/agencies/md101/estates/612749/images/8795880/gallery_media.jpeg', 'https://cdn-media.medialabtc.it/es/agencies/md101/estates/612749/images/8795716/gallery_media.jpeg']",0,Desconocido,1,1,0,0,0,E,0,0,"['imagenes_tecnocasa\\anuncio_806\\0.jpeg', 'imagenes_tecnocasa\\anuncio_806\\1.jpeg', 'imagenes_tecnocasa\\anuncio_806\\2.jpeg', 'imagenes_tecnocasa\\anuncio_806\\3.jpeg', 'imagenes_tecnocasa\\anuncio_806\\4.jpeg', 'imagenes_tecnocasa\\anuncio_806\\5.jpeg', 'imagenes_tecnocasa\\anuncio_806\\6.jpeg', 'imagenes_tecnocasa\\anuncio_806\\7.jpeg', 'imagenes_tecnocasa\\anuncio_806\\8.jpeg', 'imagenes_tecnocasa\\anuncio_806\\9.jpeg', 'imagenes_tecnocasa\\anuncio_806\\10.jpeg', 'imagenes_tecnocasa\\anuncio_806\\11.jpeg', 'imagenes_tecnocasa\\anuncio_806\\12.jpeg', 'imagenes_tecnocasa\\anuncio_806\\13.jpeg', 'imagenes_tecnocasa\\anuncio_806\\14.jpeg', 'imagenes_tecnocasa\\anuncio_806\\15.jpeg', 'imagenes_tecnocasa\\anuncio_806\\16.jpeg', 'imagenes_tecnocasa\\anuncio_806\\17.jpeg', 'imagenes_tecnocasa\\anuncio_806\\18.jpeg']",1,Popular,1964,0,0,1,piso,1,Guindalera,"Guindalera, Madrid",40.436356,-3.6680189,806,7125.287356321839,133.0,99.0,0.0,0.0,0.0,0.0,parquet,pintura,corredera,estándar (2.4-2.8m),nada,5.8,7.0,moderno,"['#FFFFFF', '#F2F2F2', '#C0C0C0']",buena,True,eficiente,normal,ninguno,ninguno,estándar,parcialmente equipada,ninguno,8.2,7.2,ninguna,5
https://www.tecnocasa.es/venta/piso/madrid/mostoles/618182.html,226000.0,3,82.0,1,"Agencia inmobiliaria TECNOCASA de MOSTOLES - zona ALFONSO XII - HOSPITAL METRO en EXCLUSIVA vende piso, muy luminoso, para entrar a vivir, al lado del Hospital, Metro y Centro de Salud.
Entrada, cocina con tendedero incorporado, salón con terraza incorporada, 3 dormitorios y baño.
Puerta blindada con mirilla digital, ventanas de aluminio con las persianas cambiadas, salón amplio con aire acondicionado 'Mitsubishi' y toldo, cocina office, calefacción individual con caldera de gas natural, baño reformado completo con ventana, radiadores cambiados, suelo tarima en entrada y salón, suelo parquet espiga en dormitorios, suelo gres en cocina y baño.
Fachada Rehabilitada.
Al lado de todos los servicios como colegio, hospital, metro, centro de salud especialidades, autobuses, comercios, supermercado, etc.",1,1,1,1,1,1,1,1,1,1,"['https://cdn-media.medialabtc.it/es/agencies/abaa1/estates/618182/images/8960559/gallery_media.jpeg', 'https://cdn-media.medialabtc.it/es/agencies/abaa1/estates/618182/images/8960567/gallery_media.jpeg', 'https://cdn-media.medialabtc.it/es/agencies/abaa1/estates/618182/images/8969015/gallery_media.jpeg', 'https://cdn-media.medialabtc.it/es/agencies/abaa1/estates/618182/images/8960573/gallery_media.jpeg', 'https://cdn-media.medialabtc.it/es/agencies/abaa1/estates/618182/images/8960558/gallery_media.jpeg', 'https://cdn-media.medialabtc.it/es/agencies/abaa1/estates/618182/images/8960568/gallery_media.jpeg', 'https://cdn-media.medialabtc.it/es/agencies/abaa1/estates/618182/images/8960564/gallery_media.jpeg', 'https://cdn-media.medialabtc.it/es/agencies/abaa1/estates/618182/images/8960561/gallery_media.jpeg', 'https://cdn-media.medialabtc.it/es/agencies/abaa1/estates/618182/images/8969016/gallery_media.jpeg', 'https://cdn-media.medialabtc.it/es/agencies/abaa1/estates/618182/images/8960562/gallery_media.jpeg', 'https://cdn-media.medialabtc.it/es/agencies/abaa1/estates/618182/images/8969019/gallery_media.jpeg', 'https://cdn-media.medialabtc.it/es/agencies/abaa1/estates/618182/images/8960566/gallery_media.jpeg', 'https://cdn-media.medialabtc.it/es/agencies/abaa1/estates/618182/images/8969014/gallery_media.jpeg', 'https://cdn-media.medialabtc.it/es/agencies/abaa1/estates/618182/images/8960574/gallery_media.jpeg', 'https://cdn-media.medialabtc.it/es/agencies/abaa1/estates/618182/images/8969018/gallery_media.jpeg', 'https://cdn-media.medialabtc.it/es/agencies/abaa1/estates/618182/images/8969017/gallery_media.jpeg', 'https://cdn-media.medialabtc.it/es/agencies/abaa1/estates/618182/images/8960572/gallery_media.jpeg']",0,Reformado,0,0,0,1,0,G,0,0,"['imagenes_tecnocasa\\anuncio_807\\0.jpeg', 'imagenes_tecnocasa\\anuncio_807\\1.jpeg', 'imagenes_tecnocasa\\anuncio_807\\2.jpeg', 'imagenes_tecnocasa\\anuncio_807\\3.jpeg', 'imagenes_tecnocasa\\anuncio_807\\4.jpeg', 'imagenes_tecnocasa\\anuncio_807\\5.jpeg', 'imagenes_tecnocasa\\anuncio_807\\6.jpeg', 'imagenes_tecnocasa\\anuncio_807\\7.jpeg', 'imagenes_tecnocasa\\anuncio_807\\8.jpeg', 'imagenes_tecnocasa\\anuncio_807\\9.jpeg', 'imagenes_tecnocasa\\anuncio_807\\10.jpeg', 'imagenes_tecnocasa\\anuncio_807\\11.jpeg', 'imagenes_tecnocasa\\anuncio_807\\12.jpeg', 'imagenes_tecnocasa\\anuncio_807\\13.jpeg', 'imagenes_tecnocasa\\anuncio_807\\14.jpeg', 'imagenes_tecnocasa\\anuncio_807\\15.jpeg', 'imagenes_tecnocasa\\anuncio_807\\16.jpeg']",1,Popular,1975,1,0,1,piso,1,Móstoles,Móstoles,40.3238525,-3.8649214,807,2756.0975609756097,117.0,91.0,0.03333333333333333,0.26666666666666666,3.0,0.0,cerámica,pintura,no visible,estándar (2.4-2.8m),nada,3.0,3.2,convencional,"['#F2F2F2', '#A0522D', '#8B4513']",regular,False,convencional,limitado,ninguno,ninguno,básico,básica,ninguno,5.2,6.0,ninguna,5
https://www.tecnocasa.es/venta/piso/madrid/leganes/620602.html,227000.0,3,76.0,1,"Agencia inmobiliaria de Leganés zona Zarzaquemada, Tecnocasa Area Inmoleganes 2024 Slu
EN VENTA: Excelente vivienda completamente exterior muy luminosa en Leganés (Zarzaquemada)
Piso en planta de 75 m2,Compuesto de 3 dormitorios, terraza , amplio salón, cocina Y baño.
Tiene varios puntos a destacar:
- Finca muy tranquila
- Muy luminoso.
- finca con ascensor y exterior
- La cercanía del metro Julian Besteiro.
- La cercania de la renfe de Zarzaquemada.
Próxima a todos los servicios necesarios como colegios, supermercados, centro de salud, centro de día para mayores, zonas verdes.
PROXIMAMENTE REPORTAJE FOTOGRAFICO.
Si precisa de más información no dude en contactar con nosotros
AVISO LEGAL: Recordamos a nuestros Señores clientes que la información facilitada no constituye una auténtica oferta vinculante ni contractual. Este anuncio publicitario es provisional, y las fotografías y datos en él incluidos están sujetos a posibles modificaciones, consecuencia de exigencias comerciales, jurídicas, técnicas o por mandato expreso de la propiedad. La información aquí contenida procura reflejar una orientación sobre los inmuebles a la fecha de su publicación. La totalidad del contenido que aparece tiene carácter meramente informativo y aproximado, no teniendo, en modo alguno, carácter contractual. Tanto los datos, como las imágenes y planos pueden estar sujetos a cambios, por lo que le invitamos a que, si precisa una información más exacta y detallada, contacte con nosotros y le atenderemos a la mayor brevedad posible. Los contenidos tienen únicamente finalidad informativa y bajo ninguna circunstancia deben usarse ni considerarse como oferta de venta o financiación, solicitud de una oferta de compra o financiación, ni recomendación para realizar cualquier otra transacción, salvo que así se indique expresamente. La información y documentación a ofrecer de acuerdo con lo dispuesto en el Real Decreto 515/1989 (de 21 de abril, relativa a la protección de los consumidores en cuanto a la información a suministrar en la compraventa y arrendamiento de viviendas), será puesta a disposición de los potenciales compradores en las respectivas delegaciones territoriales gestoras del inmueble.",1,1,1,1,1,1,0,1,1,1,['https://www.tecnocasa.es/img/home-hero/es/tecnocasa/residential/desktop_6.jpg'],0,Desconocido,0,0,0,1,0,Desconocida,0,0,['imagenes_tecnocasa\\anuncio_808\\0.jpg'],0,Popular,1974,0,0,1,piso,2,Leganés,"Zarzaquemada, Leganés",40.3281942,-3.76527,808,2986.842105263158,327.0,218.0,0.2,0.25,2.0,0.0,otro,otro,otro,otro,nada,0.0,0.0,otro,"['#007bff', '#6c757d', '#ffffff']",otro,False,otro,otro,ninguno,ninguno,otro,otro,ninguno,10.0,7.0,ninguna,1
https://www.tecnocasa.es/venta/piso/madrid/madrid/615921.html,269000.0,3,96.0,1,"Agencia inmobiliaria de MADRID vende piso en la zona de CARABANCHEL ALTO - BUENAVISTA.
Encantador piso de 96 m² en Carabanchel Buenavista: ¡tu hogar perfecto te espera!
Este piso de 96 m² está a la venta en Carabanchel Buenavista y ofrece una combinación perfecta de comodidad y conveniencia en un barrio seguro y animado. Con 3dormitorios y un baño, es un espacio ideal para familias, profesionales o cualquiera que busque un piso con fácil acceso a la ciudad. Los grandes ventanales inundan el interior de luz natural, creando un ambiente luminoso y aireado, mientras que los techos altos aumentan la sensación de espacio. Manténgase cómodo durante todo el año con el aire acondicionado en el salón. Con dos armarios empotrados una en el hall y otro en el pasillo tendrá espacio suficiente para guardar tus pertenencias.
Disfrute de la vida al aire libre con una terraza exterior y un patio de 16 m², perfectos para tomar un café por la mañana o relajarse por la noche. Estos espacios privados añaden un toque especial a este encantador piso. Situado en la fantástica zona de Carabanchel Buenavista, está a sólo 5 minutos a pie de la estación de metro más cercana, a 2 minutos de la parada de autobús más cercana, a 2 minutos del centro de salud de aguacate. El centro de Madrid está a sólo 20 minutos en coche, lo que le ofrece lo mejor de ambos mundos: tranquilidad y comodidad urbana.
Puntos destacados del barrio:
Supermercados, un hospital, una clínica veterinaria, una farmacia, escuelas, bares y restaurantes, todo a poca distancia.Una ubicación segura y práctica con todo lo que necesita cerca.
Una ubicación segura y práctica con todo lo que necesita cerca.
Este piso está en buenas condiciones y rebosa potencial, aunque necesitará algunas reformas. Esta es su oportunidad de personalizarlo a su gusto y hacerlo verdaderamente suyo.
Tanto si es la primera vez que compra como si busca una vivienda familiar o una inversión inteligente, esta propiedad ofrece infinitas posibilidades.
Póngase en contacto con nosotros hoy mismo para obtener más información o concertar una visita.
Financiación HASTA 100% a través del departamento financiero de Tecnocasa (Kiron). La obtención de la financiación está sujeta a las condiciones de la entidad financiera y tendrá en cuenta el perfil y solvencia del cliente.
De acuerdo con el RD 515/1989, del 21 de Abril, se informa al cliente que los gastos notariales, registrales, I. T. P. o equivalente, gastos financieros y otros gastos inherentes a la compraventa no están incluidos en el precio de venta de la vivienda.",1,1,1,1,1,1,0,1,1,1,"['https://cdn-media.medialabtc.it/es/agencies/mdawf/estates/615921/images/8880477/gallery_media.jpeg', 'https://cdn-media.medialabtc.it/es/agencies/mdawf/estates/615921/images/8880475/gallery_media.jpeg', 'https://cdn-media.medialabtc.it/es/agencies/mdawf/estates/615921/images/8969118/gallery_media.jpeg', 'https://cdn-media.medialabtc.it/es/agencies/mdawf/estates/615921/images/8880513/gallery_media.jpeg', 'https://cdn-media.medialabtc.it/es/agencies/mdawf/estates/615921/images/8880511/gallery_media.jpeg', 'https://cdn-media.medialabtc.it/es/agencies/mdawf/estates/615921/images/8880473/gallery_media.jpeg', 'https://cdn-media.medialabtc.it/es/agencies/mdawf/estates/615921/images/8880531/gallery_media.jpeg', 'https://cdn-media.medialabtc.it/es/agencies/mdawf/estates/615921/images/8880528/gallery_media.jpeg', 'https://cdn-media.medialabtc.it/es/agencies/mdawf/estates/615921/images/8880523/gallery_media.jpeg', 'https://cdn-media.medialabtc.it/es/agencies/mdawf/estates/615921/images/8880512/gallery_media.jpeg', 'https://cdn-media.medialabtc.it/es/agencies/mdawf/estates/615921/images/8880481/gallery_media.jpeg', 'https://cdn-media.medialabtc.it/es/agencies/mdawf/estates/615921/images/8969119/gallery_media.jpeg', 'https://cdn-media.medialabtc.it/es/agencies/mdawf/estates/615921/images/8880527/gallery_media.jpeg', 'https://cdn-media.medialabtc.it/es/agencies/mdawf/estates/615921/images/8880534/gallery_media.jpeg', 'https://cdn-media.medialabtc.it/es/agencies/mdawf/estates/615921/images/8880533/gallery_media.jpeg', 'https://cdn-media.medialabtc.it/es/agencies/mdawf/estates/615921/images/8880478/gallery_media.jpeg', 'https://cdn-media.medialabtc.it/es/agencies/mdawf/estates/615921/images/8880522/gallery_media.jpeg', 'https://cdn-media.medialabtc.it/es/agencies/mdawf/estates/615921/images/8880524/gallery_media.jpeg', 'https://cdn-media.medialabtc.it/es/agencies/mdawf/estates/615921/images/8880532/gallery_media.jpeg', 'https://cdn-media.medialabtc.it/es/agencies/mdawf/estates/615921/images/8880526/gallery_media.jpeg', 'https://cdn-media.medialabtc.it/es/agencies/mdawf/estates/615921/images/8880525/gallery_media.jpeg', 'https://cdn-media.medialabtc.it/es/agencies/mdawf/estates/615921/images/8880529/gallery_media.jpeg', 'https://cdn-media.medialabtc.it/es/agencies/mdawf/estates/615921/images/8969117/gallery_media.jpeg', 'https://cdn-media.medialabtc.it/es/agencies/mdawf/estates/615921/images/8880479/gallery_media.jpeg', 'https://cdn-media.medialabtc.it/es/agencies/mdawf/estates/615921/images/8880530/gallery_media.jpeg', 'https://cdn-media.medialabtc.it/es/agencies/mdawf/estates/615921/images/8880476/gallery_media.jpeg', 'https://cdn-media.medialabtc.it/es/agencies/mdawf/estates/615921/images/8880480/gallery_media.jpeg', 'https://cdn-media.medialabtc.it/es/agencies/mdawf/estates/615921/images/8880474/gallery_media.jpeg']",0,Desconocido,0,0,0,1,0,E,0,0,"['imagenes_tecnocasa\\anuncio_809\\0.jpeg', 'imagenes_tecnocasa\\anuncio_809\\1.jpeg', 'imagenes_tecnocasa\\anuncio_809\\2.jpeg', 'imagenes_tecnocasa\\anuncio_809\\3.jpeg', 'imagenes_tecnocasa\\anuncio_809\\4.jpeg', 'imagenes_tecnocasa\\anuncio_809\\5.jpeg', 'imagenes_tecnocasa\\anuncio_809\\6.jpeg', 'imagenes_tecnocasa\\anuncio_809\\7.jpeg', 'imagenes_tecnocasa\\anuncio_809\\8.jpeg', 'imagenes_tecnocasa\\anuncio_809\\9.jpeg', 'imagenes_tecnocasa\\anuncio_809\\10.jpeg', 'imagenes_tecnocasa\\anuncio_809\\11.jpeg', 'imagenes_tecnocasa\\anuncio_809\\12.jpeg', 'imagenes_tecnocasa\\anuncio_809\\13.jpeg', 'imagenes_tecnocasa\\anuncio_809\\14.jpeg', 'imagenes_tecnocasa\\anuncio_809\\15.jpeg', 'imagenes_tecnocasa\\anuncio_809\\16.jpeg', 'imagenes_tecnocasa\\anuncio_809\\17.jpeg', 'imagenes_tecnocasa\\anuncio_809\\18.jpeg', 'imagenes_tecnocasa\\anuncio_809\\19.jpeg', 'imagenes_tecnocasa\\anuncio_809\\20.jpeg', 'imagenes_tecnocasa\\anuncio_809\\21.jpeg', 'imagenes_tecnocasa\\anuncio_809\\22.jpeg', 'imagenes_tecnocasa\\anuncio_809\\23.jpeg', 'imagenes_tecnocasa\\anuncio_809\\24.jpeg', 'imagenes_tecnocasa\\anuncio_809\\25.jpeg', 'imagenes_tecnocasa\\anuncio_809\\26.jpeg', 'imagenes_tecnocasa\\anuncio_809\\27.jpeg']",1,Popular,1969,1,0,0,piso,2,Carabanchel,"Carabanchel Alto - Buena Vista, Madrid",40.3742112,-3.744676,809,2802.0833333333335,426.0,251.0,0.4583333333333333,0.6333333333333333,1.0,1.0,otro,pintura,otro,estándar (2.4-2.8m),nada,4.2,4.0,clásico,"['#8B4513', '#D2691E', '#A0522D']",buena,False,convencional,normal,ninguno,ninguno,estándar,básica,ninguno,6.8,6.2,ninguna,5
https://www.tecnocasa.es/venta/piso/madrid/parla/615354.html,380000.0,3,150.0,2,"Agencia inmobiliaria de PARLA - Oficina Tecnocasa VENDE VIVIENDA CON TERRAZA de RENTA LIBRE en venta en urbanización 'PUERTA REAL', Parla, situado en la zona de Parla Este.

Vivienda en prestigiosa urbanización cerrada con zonas comunes, parque infantil, pistas de pádel, gimnasio y piscina de adultos e infantil. Conserje 24 horas. Junto a colegios e instituto, parada de tranvía y bus, supermercados, gimnasio y comercios de la zona.

Amplia vivienda semi-amueblada de 105 m2 útiles compuesta por salón independiente, 3 dormitorios con armarios empotrados, espaciosa cocina con tendedero, 2 baños completos, 2 plazas de garaje y trastero.

Dispone de una terraza orientación este con acceso directo desde la salón y cocina.

Además, la vivienda disfruta de mejoras como pintura en liso, aire por conducto y toldos.

TECNOCASA, red inmobiliaria líder en el sector con más de 30 años de experiencia, presente con mas 900 oficinas a nivel nacional y 7 oficinas en Parla.

Realizamos valoraciones de su hogar totalmente gratuitas; gestionamos el proceso de DESCALIFICACION de su vivienda protegida, post-venta (tanto para comprador como para el vendedor); además, les daremos toda la información que necesiten sobre hipotecas, les ayudaremos a tramitar herencias, certificados, cambios de titularidad, plusvalías etc.",0,1,1,0,1,0,0,1,1,1,"['https://cdn-media.medialabtc.it/es/agencies/md609/estates/615354/images/8859597/gallery_media.jpeg', 'https://cdn-media.medialabtc.it/es/agencies/md609/estates/615354/images/8859604/gallery_media.jpeg', 'https://cdn-media.medialabtc.it/es/agencies/md609/estates/615354/images/8859610/gallery_media.jpeg', 'https://cdn-media.medialabtc.it/es/agencies/md609/estates/615354/images/8859613/gallery_media.jpeg', 'https://cdn-media.medialabtc.it/es/agencies/md609/estates/615354/images/8859600/gallery_media.jpeg', 'https://cdn-media.medialabtc.it/es/agencies/md609/estates/615354/images/8859612/gallery_media.jpeg', 'https://cdn-media.medialabtc.it/es/agencies/md609/estates/615354/images/8859598/gallery_media.jpeg', 'https://cdn-media.medialabtc.it/es/agencies/md609/estates/615354/images/8859616/gallery_media.jpeg', 'https://cdn-media.medialabtc.it/es/agencies/md609/estates/615354/images/8859603/gallery_media.jpeg', 'https://cdn-media.medialabtc.it/es/agencies/md609/estates/615354/images/8859599/gallery_media.jpeg', 'https://cdn-media.medialabtc.it/es/agencies/md609/estates/615354/images/8859607/gallery_media.jpeg', 'https://cdn-media.medialabtc.it/es/agencies/md609/estates/615354/images/8859614/gallery_media.jpeg', 'https://cdn-media.medialabtc.it/es/agencies/md609/estates/615354/images/8859601/gallery_media.jpeg', 'https://cdn-media.medialabtc.it/es/agencies/md609/estates/615354/images/8859609/gallery_media.jpeg', 'https://cdn-media.medialabtc.it/es/agencies/md609/estates/615354/images/8859608/gallery_media.jpeg', 'https://cdn-media.medialabtc.it/es/agencies/md609/estates/615354/images/8859620/gallery_media.jpeg', 'https://cdn-media.medialabtc.it/es/agencies/md609/estates/615354/images/8859615/gallery_media.jpeg', 'https://cdn-media.medialabtc.it/es/agencies/md609/estates/615354/images/8859617/gallery_media.jpeg', 'https://cdn-media.medialabtc.it/es/agencies/md609/estates/615354/images/8859606/gallery_media.jpeg', 'https://cdn-media.medialabtc.it/es/agencies/md609/estates/615354/images/8859602/gallery_media.jpeg', 'https://cdn-media.medialabtc.it/es/agencies/md609/estates/615354/images/8859618/gallery_media.jpeg', 'https://cdn-media.medialabtc.it/es/agencies/md609/estates/615354/images/8859619/gallery_media.jpeg', 'https://cdn-media.medialabtc.it/es/agencies/md609/estates/615354/images/8859611/gallery_media.jpeg', 'https://cdn-media.medialabtc.it/es/agencies/md609/estates/615354/images/8859605/gallery_media.jpeg']",0,Desconocido,1,1,1,1,1,Desconocida,0,0,"['imagenes_tecnocasa\\anuncio_810\\0.jpeg', 'imagenes_tecnocasa\\anuncio_810\\1.jpeg', 'imagenes_tecnocasa\\anuncio_810\\2.jpeg', 'imagenes_tecnocasa\\anuncio_810\\3.jpeg', 'imagenes_tecnocasa\\anuncio_810\\4.jpeg', 'imagenes_tecnocasa\\anuncio_810\\5.jpeg', 'imagenes_tecnocasa\\anuncio_810\\6.jpeg', 'imagenes_tecnocasa\\anuncio_810\\7.jpeg', 'imagenes_tecnocasa\\anuncio_810\\8.jpeg', 'imagenes_tecnocasa\\anuncio_810\\9.jpeg', 'imagenes_tecnocasa\\anuncio_810\\10.jpeg', 'imagenes_tecnocasa\\anuncio_810\\11.jpeg', 'imagenes_tecnocasa\\anuncio_810\\12.jpeg', 'imagenes_tecnocasa\\anuncio_810\\13.jpeg', 'imagenes_tecnocasa\\anuncio_810\\14.jpeg', 'imagenes_tecnocasa\\anuncio_810\\15.jpeg', 'imagenes_tecnocasa\\anuncio_810\\16.jpeg', 'imagenes_tecnocasa\\anuncio_810\\17.jpeg', 'imagenes_tecnocasa\\anuncio_810\\18.jpeg', 'imagenes_tecnocasa\\anuncio_810\\19.jpeg', 'imagenes_tecnocasa\\anuncio_810\\20.jpeg', 'imagenes_tecnocasa\\anuncio_810\\21.jpeg', 'imagenes_tecnocasa\\anuncio_810\\22.jpeg', 'imagenes_tecnocasa\\anuncio_810\\23.jpeg']",1,Popular,2007,0,0,0,piso,2,Parla,Parla,40.2373952,-3.7718902,810,2533.3333333333335,198.0,143.0,0.1,0.15000000000000002,0.0,0.0,parquet,pintura,corredera,estándar (2.4-2.8m),nada,4.6,5.4,moderno,"['#F2F2F2', '#A0A0A0', '#808080']",buena,False,convencional,normal,ninguno,ninguno,estándar,parcialmente equipada,ninguno,7.4,6.4,ninguna,5
https://www.tecnocasa.es/venta/piso/madrid/leganes/617394.html,230000.0,3,69.0,1,"Agencia inmobiliaria de Leganés zona Zarzaquemada, Tecnocasa Area Inmoleganes 2024 Slu
EN VENTA: Excelente vivienda completamente exterior muy luminosa en Leganés (Zarzaquemada)
Piso en planta de 69 m2,Compuesto de 3 dormitorios, terraza , salón, cocina Y baño.
Tiene varios puntos a destacar:
- Finca muy tranquila
- Muy luminoso.
- finca con ascensor y exterior
- La cercanía del metro Julian Besteiro.
- La cercania de la renfe de Zarzaquemada.
Próxima a todos los servicios necesarios como colegios, supermercados, centro de salud, centro de día para mayores, zonas verdes.
Si precisa de más información no dude en contactar con nosotros
AVISO LEGAL: Recordamos a nuestros Señores clientes que la información facilitada no constituye una auténtica oferta vinculante ni contractual. Este anuncio publicitario es provisional, y las fotografías y datos en él incluidos están sujetos a posibles modificaciones, consecuencia de exigencias comerciales, jurídicas, técnicas o por mandato expreso de la propiedad. La información aquí contenida procura reflejar una orientación sobre los inmuebles a la fecha de su publicación. La totalidad del contenido que aparece tiene carácter meramente informativo y aproximado, no teniendo, en modo alguno, carácter contractual. Tanto los datos, como las imágenes y planos pueden estar sujetos a cambios, por lo que le invitamos a que, si precisa una información más exacta y detallada, contacte con nosotros y le atenderemos a la mayor brevedad posible. Los contenidos tienen únicamente finalidad informativa y bajo ninguna circunstancia deben usarse ni considerarse como oferta de venta o financiación, solicitud de una oferta de compra o financiación, ni recomendación para realizar cualquier otra transacción, salvo que así se indique expresamente. La información y documentación a ofrecer de acuerdo con lo dispuesto en el Real Decreto 515/1989 (de 21 de abril, relativa a la protección de los consumidores en cuanto a la información a suministrar en la compraventa y arrendamiento de viviendas), será puesta a disposición de los potenciales compradores en las respectivas delegaciones territoriales gestoras del inmueble.",1,1,1,1,1,1,0,1,1,1,"['https://cdn-media.medialabtc.it/es/agencies/mdbcd/estates/617394/images/8902386/gallery_media.jpeg', 'https://cdn-media.medialabtc.it/es/agencies/mdbcd/estates/617394/images/8902395/gallery_media.jpeg', 'https://cdn-media.medialabtc.it/es/agencies/mdbcd/estates/617394/images/8902396/gallery_media.jpeg', 'https://cdn-media.medialabtc.it/es/agencies/mdbcd/estates/617394/images/8902378/gallery_media.jpeg', 'https://cdn-media.medialabtc.it/es/agencies/mdbcd/estates/617394/images/8902379/gallery_media.jpeg', 'https://cdn-media.medialabtc.it/es/agencies/mdbcd/estates/617394/images/8902382/gallery_media.jpeg', 'https://cdn-media.medialabtc.it/es/agencies/mdbcd/estates/617394/images/8902397/gallery_media.jpeg', 'https://cdn-media.medialabtc.it/es/agencies/mdbcd/estates/617394/images/8902387/gallery_media.jpeg', 'https://cdn-media.medialabtc.it/es/agencies/mdbcd/estates/617394/images/8902389/gallery_media.jpeg', 'https://cdn-media.medialabtc.it/es/agencies/mdbcd/estates/617394/images/8902384/gallery_media.jpeg', 'https://cdn-media.medialabtc.it/es/agencies/mdbcd/estates/617394/images/8902393/gallery_media.jpeg', 'https://cdn-media.medialabtc.it/es/agencies/mdbcd/estates/617394/images/8902383/gallery_media.jpeg', 'https://cdn-media.medialabtc.it/es/agencies/mdbcd/estates/617394/images/8902380/gallery_media.jpeg', 'https://cdn-media.medialabtc.it/es/agencies/mdbcd/estates/617394/images/8902392/gallery_media.jpeg', 'https://cdn-media.medialabtc.it/es/agencies/mdbcd/estates/617394/images/8902391/gallery_media.jpeg', 'https://cdn-media.medialabtc.it/es/agencies/mdbcd/estates/617394/images/8902385/gallery_media.jpeg', 'https://cdn-media.medialabtc.it/es/agencies/mdbcd/estates/617394/images/8902376/gallery_media.jpeg', 'https://cdn-media.medialabtc.it/es/agencies/mdbcd/estates/617394/images/8902381/gallery_media.jpeg', 'https://cdn-media.medialabtc.it/es/agencies/mdbcd/estates/617394/images/8902390/gallery_media.jpeg', 'https://cdn-media.medialabtc.it/es/agencies/mdbcd/estates/617394/images/8902394/gallery_media.jpeg', 'https://cdn-media.medialabtc.it/es/agencies/mdbcd/estates/617394/images/8902388/gallery_media.jpeg', 'https://cdn-media.medialabtc.it/es/agencies/mdbcd/estates/617394/images/8902377/gallery_media.jpeg']",0,Desconocido,0,0,0,1,0,E,0,0,"['imagenes_tecnocasa\\anuncio_812\\0.jpeg', 'imagenes_tecnocasa\\anuncio_812\\1.jpeg', 'imagenes_tecnocasa\\anuncio_812\\2.jpeg', 'imagenes_tecnocasa\\anuncio_812\\3.jpeg', 'imagenes_tecnocasa\\anuncio_812\\4.jpeg', 'imagenes_tecnocasa\\anuncio_812\\5.jpeg', 'imagenes_tecnocasa\\anuncio_812\\6.jpeg', 'imagenes_tecnocasa\\anuncio_812\\7.jpeg', 'imagenes_tecnocasa\\anuncio_812\\8.jpeg', 'imagenes_tecnocasa\\anuncio_812\\9.jpeg', 'imagenes_tecnocasa\\anuncio_812\\10.jpeg', 'imagenes_tecnocasa\\anuncio_812\\11.jpeg', 'imagenes_tecnocasa\\anuncio_812\\12.jpeg', 'imagenes_tecnocasa\\anuncio_812\\13.jpeg', 'imagenes_tecnocasa\\anuncio_812\\14.jpeg', 'imagenes_tecnocasa\\anuncio_812\\15.jpeg', 'imagenes_tecnocasa\\anuncio_812\\16.jpeg', 'imagenes_tecnocasa\\anuncio_812\\17.jpeg', 'imagenes_tecnocasa\\anuncio_812\\18.jpeg', 'imagenes_tecnocasa\\anuncio_812\\19.jpeg', 'imagenes_tecnocasa\\anuncio_812\\20.jpeg', 'imagenes_tecnocasa\\anuncio_812\\21.jpeg']",0,Señorial,1978,0,0,1,piso,1,Leganés,"Zarzaquemada, Leganés",40.3281942,-3.76527,812,3333.3333333333335,323.0,214.0,0.2,0.25,1.0,0.0,otro,pintura,corredera,estándar (2.4-2.8m),nada,3.6,3.6,clásico,"['#808080', '#D3D3D3', '#FFFFFF']",regular,False,convencional,limitado,ninguno,ninguno,estándar,básica,ninguno,6.4,6.2,ninguna,5
https://www.tecnocasa.es/venta/piso/madrid/leganes/619448.html,225000.0,2,69.0,1,"Agencia inmobiliaria de Leganés zona Zarzaquemada, Tecnocasa Area Inmoleganes 2024 Slu
EN VENTA: Excelente vivienda completamente exterior muy luminosa en Leganés (Zarzaquemada)
Piso en planta de 69 m2,Compuesto de 2 dormitorios de origen 3, terraza , salón, cocina Y baño.
inluye plaza de garaje.
Tiene varios puntos a destacar:
- Finca muy tranquila
- Muy luminoso.
- finca con ascensor y exterior
- La cercanía del metro Julian Besteiro.
- La cercania de la renfe de Zarzaquemada.
Próxima a todos los servicios necesarios como colegios, supermercados, centro de salud, centro de día para mayores, zonas verdes.
Si precisa de más información no dude en contactar con nosotros
AVISO LEGAL: Recordamos a nuestros Señores clientes que la información facilitada no constituye una auténtica oferta vinculante ni contractual. Este anuncio publicitario es provisional, y las fotografías y datos en él incluidos están sujetos a posibles modificaciones, consecuencia de exigencias comerciales, jurídicas, técnicas o por mandato expreso de la propiedad. La información aquí contenida procura reflejar una orientación sobre los inmuebles a la fecha de su publicación. La totalidad del contenido que aparece tiene carácter meramente informativo y aproximado, no teniendo, en modo alguno, carácter contractual. Tanto los datos, como las imágenes y planos pueden estar sujetos a cambios, por lo que le invitamos a que, si precisa una información más exacta y detallada, contacte con nosotros y le atenderemos a la mayor brevedad posible. Los contenidos tienen únicamente finalidad informativa y bajo ninguna circunstancia deben usarse ni considerarse como oferta de venta o financiación, solicitud de una oferta de compra o financiación, ni recomendación para realizar cualquier otra transacción, salvo que así se indique expresamente. La información y documentación a ofrecer de acuerdo con lo dispuesto en el Real Decreto 515/1989 (de 21 de abril, relativa a la protección de los consumidores en cuanto a la información a suministrar en la compraventa y arrendamiento de viviendas), será puesta a disposición de los potenciales compradores en las respectivas delegaciones territoriales gestoras del inmueble.",1,1,1,1,1,1,0,1,1,1,"['https://cdn-media.medialabtc.it/es/agencies/mdbcd/estates/619448/images/8968221/gallery_media.jpeg', 'https://cdn-media.medialabtc.it/es/agencies/mdbcd/estates/619448/images/8968211/gallery_media.jpeg', 'https://cdn-media.medialabtc.it/es/agencies/mdbcd/estates/619448/images/8968216/gallery_media.jpeg', 'https://cdn-media.medialabtc.it/es/agencies/mdbcd/estates/619448/images/8968220/gallery_media.jpeg', 'https://cdn-media.medialabtc.it/es/agencies/mdbcd/estates/619448/images/8968217/gallery_media.jpeg', 'https://cdn-media.medialabtc.it/es/agencies/mdbcd/estates/619448/images/8968208/gallery_media.jpeg', 'https://cdn-media.medialabtc.it/es/agencies/mdbcd/estates/619448/images/8968215/gallery_media.jpeg', 'https://cdn-media.medialabtc.it/es/agencies/mdbcd/estates/619448/images/8968212/gallery_media.jpeg', 'https://cdn-media.medialabtc.it/es/agencies/mdbcd/estates/619448/images/8968219/gallery_media.jpeg', 'https://cdn-media.medialabtc.it/es/agencies/mdbcd/estates/619448/images/8968213/gallery_media.jpeg', 'https://cdn-media.medialabtc.it/es/agencies/mdbcd/estates/619448/images/8968209/gallery_media.jpeg', 'https://cdn-media.medialabtc.it/es/agencies/mdbcd/estates/619448/images/8968214/gallery_media.jpeg', 'https://cdn-media.medialabtc.it/es/agencies/mdbcd/estates/619448/images/8968210/gallery_media.jpeg', 'https://cdn-media.medialabtc.it/es/agencies/mdbcd/estates/619448/images/8968218/gallery_media.jpeg']",0,Desconocido,1,0,0,1,0,E,0,0,"['imagenes_tecnocasa\\anuncio_813\\0.jpeg', 'imagenes_tecnocasa\\anuncio_813\\1.jpeg', 'imagenes_tecnocasa\\anuncio_813\\2.jpeg', 'imagenes_tecnocasa\\anuncio_813\\3.jpeg', 'imagenes_tecnocasa\\anuncio_813\\4.jpeg', 'imagenes_tecnocasa\\anuncio_813\\5.jpeg', 'imagenes_tecnocasa\\anuncio_813\\6.jpeg', 'imagenes_tecnocasa\\anuncio_813\\7.jpeg', 'imagenes_tecnocasa\\anuncio_813\\8.jpeg', 'imagenes_tecnocasa\\anuncio_813\\9.jpeg', 'imagenes_tecnocasa\\anuncio_813\\10.jpeg', 'imagenes_tecnocasa\\anuncio_813\\11.jpeg', 'imagenes_tecnocasa\\anuncio_813\\12.jpeg', 'imagenes_tecnocasa\\anuncio_813\\13.jpeg']",1,Popular,1968,1,0,1,piso,2,Leganés,"Zarzaquemada, Leganés",40.3281942,-3.76527,813,3260.8695652173915,330.0,219.0,0.2,0.25,1.0,0.0,cerámica,pintura,corredera,estándar (2.4-2.8m),nada,3.0,3.2,convencional,"['#F2F2F2', '#FFFFFF', '#808080']",regular,False,convencional,limitado,ninguno,ninguno,estándar,básica,ninguno,6.0,6.2,ninguna,5
https://www.tecnocasa.es/venta/piso/madrid/alcorcon/614550.html,279000.0,3,85.0,1,"Agencia inmobiliaria de ALCORCÓN zona METRO PUERTA DEL SUR - PARQUE ONDARRETA - MAESTRO VICTORIA Oficina Tecnocasa de ALCORCÓN

Vende 9ª planta de 85m2 construidos con dos ascensores. Se distribuye en entrada, amplio salón, cocina, terraza abierta, baño y 3 dormitorios dos de ellos con armarios empotrados. El portal está adaptado para personas con movilidad reducida, trastero incluido en el precio.

La vivienda se encuentra para ACTUALIZAR, cuenta con calefacción central individualizada. En cuanto a calidades pintura en gotelé, puertas de roble, ventanas de aluminio de estilo mirador, suelos de parquet y baño completo con ducha.

Se encuentra ubicada a 300 metros del METROSUR 'Puerta del Sur', a 300 metros del centro de Salud Pedro Laín Entralgo y a 200 metros de la de todos los servicios (Galería Comercial, Farmacias, Colegios).",1,1,1,1,1,1,1,1,1,1,"['https://cdn-media.medialabtc.it/es/agencies/mdblb/estates/614550/images/8836857/gallery_media.jpeg', 'https://cdn-media.medialabtc.it/es/agencies/mdblb/estates/614550/images/8836848/gallery_media.jpeg', 'https://cdn-media.medialabtc.it/es/agencies/mdblb/estates/614550/images/8836851/gallery_media.jpeg', 'https://cdn-media.medialabtc.it/es/agencies/mdblb/estates/614550/images/8836844/gallery_media.jpeg', 'https://cdn-media.medialabtc.it/es/agencies/mdblb/estates/614550/images/8836839/gallery_media.jpeg', 'https://cdn-media.medialabtc.it/es/agencies/mdblb/estates/614550/images/8836853/gallery_media.jpeg', 'https://cdn-media.medialabtc.it/es/agencies/mdblb/estates/614550/images/8836846/gallery_media.jpeg', 'https://cdn-media.medialabtc.it/es/agencies/mdblb/estates/614550/images/8836849/gallery_media.jpeg', 'https://cdn-media.medialabtc.it/es/agencies/mdblb/estates/614550/images/8836845/gallery_media.jpeg', 'https://cdn-media.medialabtc.it/es/agencies/mdblb/estates/614550/images/8836847/gallery_media.jpeg', 'https://cdn-media.medialabtc.it/es/agencies/mdblb/estates/614550/images/8836841/gallery_media.jpeg', 'https://cdn-media.medialabtc.it/es/agencies/mdblb/estates/614550/images/8836859/gallery_media.jpeg', 'https://cdn-media.medialabtc.it/es/agencies/mdblb/estates/614550/images/8836838/gallery_media.jpeg', 'https://cdn-media.medialabtc.it/es/agencies/mdblb/estates/614550/images/8836850/gallery_media.jpeg', 'https://cdn-media.medialabtc.it/es/agencies/mdblb/estates/614550/images/8836858/gallery_media.jpeg', 'https://cdn-media.medialabtc.it/es/agencies/mdblb/estates/614550/images/8836856/gallery_media.jpeg', 'https://cdn-media.medialabtc.it/es/agencies/mdblb/estates/614550/images/8836854/gallery_media.jpeg', 'https://cdn-media.medialabtc.it/es/agencies/mdblb/estates/614550/images/8836843/gallery_media.jpeg', 'https://cdn-media.medialabtc.it/es/agencies/mdblb/estates/614550/images/8836840/gallery_media.jpeg']",1,Desconocido,0,1,0,1,0,E,0,0,"['imagenes_tecnocasa\\anuncio_814\\0.jpeg', 'imagenes_tecnocasa\\anuncio_814\\1.jpeg', 'imagenes_tecnocasa\\anuncio_814\\2.jpeg', 'imagenes_tecnocasa\\anuncio_814\\3.jpeg', 'imagenes_tecnocasa\\anuncio_814\\4.jpeg', 'imagenes_tecnocasa\\anuncio_814\\5.jpeg', 'imagenes_tecnocasa\\anuncio_814\\6.jpeg', 'imagenes_tecnocasa\\anuncio_814\\7.jpeg', 'imagenes_tecnocasa\\anuncio_814\\8.jpeg', 'imagenes_tecnocasa\\anuncio_814\\9.jpeg', 'imagenes_tecnocasa\\anuncio_814\\10.jpeg', 'imagenes_tecnocasa\\anuncio_814\\11.jpeg', 'imagenes_tecnocasa\\anuncio_814\\12.jpeg', 'imagenes_tecnocasa\\anuncio_814\\13.jpeg', 'imagenes_tecnocasa\\anuncio_814\\14.jpeg', 'imagenes_tecnocasa\\anuncio_814\\15.jpeg', 'imagenes_tecnocasa\\anuncio_814\\16.jpeg', 'imagenes_tecnocasa\\anuncio_814\\17.jpeg', 'imagenes_tecnocasa\\anuncio_814\\18.jpeg']",1,Popular,1970,1,0,1,piso,3,Alcorcón,"Ondarreta, Alcorcón",40.3492998,-3.8284295,814,3282.3529411764707,131.0,98.0,0.0,0.25,1.0,0.0,parquet,pintura,corredera,estándar (2.4-2.8m),nada,3.6,4.2,convencional,"['#F2E9E1', '#A0522D', '#8B4513']",regular,False,convencional,normal,ninguno,ninguno,estándar,básica,ninguno,6.6,6.4,ninguna,5
https://www.tecnocasa.es/venta/casa/madrid/torrelodones/610218.html,890000.0,5,332.0,4,"TECNOCASA TORRELODONES VENDE EN EXCLUSIVA:
Lujoso chalet en parcela de 661 m2 y 332m2 construidos situado en la prestigiosa Urbanización Torrealta, reconocida en Torrelodones por su máxima seguridad y privacidad.

La finca se divide en dos cómodas plantas que cuentan con 5 dormitorios y 4 baños que se distribuye de la siguiente manera:

En la planta baja, un amplio distribuidor da acceso a un luminoso salón comedor, equipado con chimenea y una magnífica salida a un agradable porche exterior conecta con la gran parcela de la vivienda con zona de solárium de madera en el centro de ella.
Esta planta alberga también una sala de estar versátil que puede usarse como despacho o dormitorio equipada con un lujoso baño completo que da servicio a la planta baja, una amplia cocina equipada con una zona de lavado funcional y con acceso directo al exterior de la vivienda.

En la segunda planta se encuentran 4 dormitorios, uno principal luminoso con baño en suite totalmente reformado. Otro de los dormitorios también cuenta con baño en suite y terraza . Los dos dormitorios restantes comparten baño completo y uno de ellos disfruta también de una terraza con vistas.

La urbanización tiene una única entrada y cámaras de seguridad en todo su perímetro, cuenta con un servicio de vigilancia las 24 horas, con un control estricto de acceso que garantiza la seguridad y tranquilidad de sus residentes. Las zonas comunes cuentan con extensos espacios verdes, una piscina para adultos y otra para niños, vestuarios y una pista de tenis. Además, se encuentra estratégicamente ubicada, cerca de paradas de autobús a Madrid y de la estación de Renfe. Torrelodones cuenta con prestigiosos colegios, todo tipo de servicios, restaurantes y áreas comerciales.

Una propiedad única que combina elegancia, comodidad y seguridad en un entorno privilegiado.
¡No pierda la oportunidad de visitarla!",0,1,1,0,0,1,0,0,0,1,"['https://cdn-media.medialabtc.it/es/agencies/md601/estates/610218/images/8728114/gallery_media.jpeg', 'https://cdn-media.medialabtc.it/es/agencies/md601/estates/610218/images/8728104/gallery_media.jpeg', 'https://cdn-media.medialabtc.it/es/agencies/md601/estates/610218/images/8728010/gallery_media.jpeg', 'https://cdn-media.medialabtc.it/es/agencies/md601/estates/610218/images/8728106/gallery_media.jpeg', 'https://cdn-media.medialabtc.it/es/agencies/md601/estates/610218/images/8728011/gallery_media.jpeg', 'https://cdn-media.medialabtc.it/es/agencies/md601/estates/610218/images/8728109/gallery_media.jpeg', 'https://cdn-media.medialabtc.it/es/agencies/md601/estates/610218/images/8728108/gallery_media.jpeg', 'https://cdn-media.medialabtc.it/es/agencies/md601/estates/610218/images/8728113/gallery_media.jpeg', 'https://cdn-media.medialabtc.it/es/agencies/md601/estates/610218/images/8728015/gallery_media.jpeg', 'https://cdn-media.medialabtc.it/es/agencies/md601/estates/610218/images/8728102/gallery_media.jpeg', 'https://cdn-media.medialabtc.it/es/agencies/md601/estates/610218/images/8728014/gallery_media.jpeg', 'https://cdn-media.medialabtc.it/es/agencies/md601/estates/610218/images/8728110/gallery_media.jpeg', 'https://cdn-media.medialabtc.it/es/agencies/md601/estates/610218/images/8728017/gallery_media.jpeg', 'https://cdn-media.medialabtc.it/es/agencies/md601/estates/610218/images/8728021/gallery_media.jpeg', 'https://cdn-media.medialabtc.it/es/agencies/md601/estates/610218/images/8728012/gallery_media.jpeg', 'https://cdn-media.medialabtc.it/es/agencies/md601/estates/610218/images/8728019/gallery_media.jpeg', 'https://cdn-media.medialabtc.it/es/agencies/md601/estates/610218/images/8728112/gallery_media.jpeg', 'https://cdn-media.medialabtc.it/es/agencies/md601/estates/610218/images/8728105/gallery_media.jpeg', 'https://cdn-media.medialabtc.it/es/agencies/md601/estates/610218/images/8728117/gallery_media.jpeg', 'https://cdn-media.medialabtc.it/es/agencies/md601/estates/610218/images/8728118/gallery_media.jpeg', 'https://cdn-media.medialabtc.it/es/agencies/md601/estates/610218/images/8728013/gallery_media.jpeg', 'https://cdn-media.medialabtc.it/es/agencies/md601/estates/610218/images/8728116/gallery_media.jpeg', 'https://cdn-media.medialabtc.it/es/agencies/md601/estates/610218/images/8728107/gallery_media.jpeg', 'https://cdn-media.medialabtc.it/es/agencies/md601/estates/610218/images/8728111/gallery_media.jpeg', 'https://cdn-media.medialabtc.it/es/agencies/md601/estates/610218/images/8728115/gallery_media.jpeg', 'https://cdn-media.medialabtc.it/es/agencies/md601/estates/610218/images/8728103/gallery_media.jpeg', 'https://cdn-media.medialabtc.it/es/agencies/md601/estates/610218/images/8728020/gallery_media.jpeg', 'https://cdn-media.medialabtc.it/es/agencies/md601/estates/610218/images/8728016/gallery_media.jpeg']",0,Reformado,0,0,1,1,1,E,1,0,"['imagenes_tecnocasa\\anuncio_817\\0.jpeg', 'imagenes_tecnocasa\\anuncio_817\\1.jpeg', 'imagenes_tecnocasa\\anuncio_817\\2.jpeg', 'imagenes_tecnocasa\\anuncio_817\\3.jpeg', 'imagenes_tecnocasa\\anuncio_817\\4.jpeg', 'imagenes_tecnocasa\\anuncio_817\\5.jpeg', 'imagenes_tecnocasa\\anuncio_817\\6.jpeg', 'imagenes_tecnocasa\\anuncio_817\\7.jpeg', 'imagenes_tecnocasa\\anuncio_817\\8.jpeg', 'imagenes_tecnocasa\\anuncio_817\\9.jpeg', 'imagenes_tecnocasa\\anuncio_817\\10.jpeg', 'imagenes_tecnocasa\\anuncio_817\\11.jpeg', 'imagenes_tecnocasa\\anuncio_817\\12.jpeg', 'imagenes_tecnocasa\\anuncio_817\\13.jpeg', 'imagenes_tecnocasa\\anuncio_817\\14.jpeg', 'imagenes_tecnocasa\\anuncio_817\\15.jpeg', 'imagenes_tecnocasa\\anuncio_817\\16.jpeg', 'imagenes_tecnocasa\\anuncio_817\\17.jpeg', 'imagenes_tecnocasa\\anuncio_817\\18.jpeg', 'imagenes_tecnocasa\\anuncio_817\\19.jpeg', 'imagenes_tecnocasa\\anuncio_817\\20.jpeg', 'imagenes_tecnocasa\\anuncio_817\\21.jpeg', 'imagenes_tecnocasa\\anuncio_817\\22.jpeg', 'imagenes_tecnocasa\\anuncio_817\\23.jpeg', 'imagenes_tecnocasa\\anuncio_817\\24.jpeg', 'imagenes_tecnocasa\\anuncio_817\\25.jpeg', 'imagenes_tecnocasa\\anuncio_817\\26.jpeg', 'imagenes_tecnocasa\\anuncio_817\\27.jpeg']",0,Señorial,1993,1,1,0,casa,1,Torrelodones,Torrelodones,40.5762809,-3.928603,817,2680.722891566265,304.0,175.0,0.0,0.0,3.0,0.0,parquet,pintura,corredera,estándar (2.4-2.8m),nada,6.6,4.6,clásico,"['#F5F5DC', '#A0522D', '#FFFFFF']",buena,False,convencional,normal,ninguno,ninguno,estándar,básica,ninguno,8.6,7.6,ninguna,5
https://www.tecnocasa.es/venta/piso/madrid/collado-villalba/537703.html,71000.0,1,35.0,1,"'POSIBILIDAD DE FINANCIACIÓN AL 100% DE SU PRÉSTAMO HIPOTECARIO. '
Agencia inmobiliaria TECNOCASA de Collado Villalba - ESTACION VENDE:

ESTUDIO-VIVIENDA, ideal para inversores. Dispone de cuarto de baño, cocina y terraza.
Gastos de comunidad: 32,90 € mensuales, IBI 167€ anuales. Actualmente se encuentra alquilada. Vence el contrato actual en Junio del presente año.

Se encuentra ubicado en una zona, con múltiples servicios a su alrededor, como centros comerciales, supermercados, Restaurantes, Farmacias, estaciones de autobús, colegios, estación de Renfe, centro de salud, parques infantiles. etc.

Acceso rápido a Autopista A6, y también a carreteras que conectan a Collado Villalba con los pueblos aledaños.",0,1,1,1,1,1,1,1,1,1,"['https://cdn-media.medialabtc.it/es/agencies/mdbja/estates/537703/images/8606671/gallery_media.jpeg', 'https://cdn-media.medialabtc.it/es/agencies/mdbja/estates/537703/images/8608937/gallery_media.jpeg', 'https://cdn-media.medialabtc.it/es/agencies/mdbja/estates/537703/images/8608936/gallery_media.jpeg', 'https://cdn-media.medialabtc.it/es/agencies/mdbja/estates/537703/images/8608941/gallery_media.jpeg', 'https://cdn-media.medialabtc.it/es/agencies/mdbja/estates/537703/images/8606672/gallery_media.jpeg', 'https://cdn-media.medialabtc.it/es/agencies/mdbja/estates/537703/images/8606670/gallery_media.jpeg', 'https://cdn-media.medialabtc.it/es/agencies/mdbja/estates/537703/images/8606673/gallery_media.jpeg', 'https://cdn-media.medialabtc.it/es/agencies/mdbja/estates/537703/images/8608938/gallery_media.jpeg', 'https://cdn-media.medialabtc.it/es/agencies/mdbja/estates/537703/images/8606675/gallery_media.jpeg', 'https://cdn-media.medialabtc.it/es/agencies/mdbja/estates/537703/images/8608939/gallery_media.jpeg', 'https://cdn-media.medialabtc.it/es/agencies/mdbja/estates/537703/images/8608943/gallery_media.jpeg', 'https://cdn-media.medialabtc.it/es/agencies/mdbja/estates/537703/images/8606668/gallery_media.jpeg', 'https://cdn-media.medialabtc.it/es/agencies/mdbja/estates/537703/images/8606669/gallery_media.jpeg', 'https://cdn-media.medialabtc.it/es/agencies/mdbja/estates/537703/images/8608942/gallery_media.jpeg', 'https://cdn-media.medialabtc.it/es/agencies/mdbja/estates/537703/images/8608940/gallery_media.jpeg', 'https://cdn-media.medialabtc.it/es/agencies/mdbja/estates/537703/images/8606674/gallery_media.jpeg']",0,Desconocido,0,0,0,1,0,E,0,0,"['imagenes_tecnocasa\\anuncio_819\\0.jpeg', 'imagenes_tecnocasa\\anuncio_819\\1.jpeg', 'imagenes_tecnocasa\\anuncio_819\\2.jpeg', 'imagenes_tecnocasa\\anuncio_819\\3.jpeg', 'imagenes_tecnocasa\\anuncio_819\\4.jpeg', 'imagenes_tecnocasa\\anuncio_819\\5.jpeg', 'imagenes_tecnocasa\\anuncio_819\\6.jpeg', 'imagenes_tecnocasa\\anuncio_819\\7.jpeg', 'imagenes_tecnocasa\\anuncio_819\\8.jpeg', 'imagenes_tecnocasa\\anuncio_819\\9.jpeg', 'imagenes_tecnocasa\\anuncio_819\\10.jpeg', 'imagenes_tecnocasa\\anuncio_819\\11.jpeg', 'imagenes_tecnocasa\\anuncio_819\\12.jpeg', 'imagenes_tecnocasa\\anuncio_819\\13.jpeg', 'imagenes_tecnocasa\\anuncio_819\\14.jpeg', 'imagenes_tecnocasa\\anuncio_819\\15.jpeg']",0,Popular,1988,1,0,0,piso,2,Collado Villalba,Collado Villalba,40.6431496,-3.9930128,819,2028.5714285714287,102.0,86.0,0.45,0.55,0.0,1.0,otro,pintura,otro,estándar (2.4-2.8m),nada,3.2,3.6,moderno,"['#A0522D', '#808080', '#FFFFE0']",regular,False,convencional,limitado,ninguno,ninguno,básico,básica,ninguno,6.2,6.0,leve,5
https://www.tecnocasa.es/venta/piso/madrid/madrid/612991.html,252000.0,3,77.0,1,"Agencia inmobiliaria de MADRID - zona CARABANCHEL SAN ISIDRO -VISTALEGRE – CARPETANA
Vende vivienda totalmente reformada para entrar a vivir en Calle Legionario Poeta Queixa de 77m2, compuesta por 3 Dormitorios, Salón, Cocina y 1 Baño y Terraza. En el precio se incluye también una plaza de garaje y un trastero.
Tiene varios puntos a destacar:
- Finca muy tranquila
- Muy luminoso.
- Vivienda reformada.
- La cercanía del metro Carpetana.
- La cercanía a General Ricardos a 5 minutos.
Zona perfecta para las familias con zonas verdes en el entorno, bloque muy tranquilo
A 20 MINUTOS A PIE DE MADRID RÍO.
Fácil acceso a A42, M40, M30 Calle de Antonio López, Avenida de Andalucía, Hospital 12 de octubre, a 10 minutos del metro Carpetana y Urgel.
Esta cercano a las calles comerciales como la Avenida de Nuestra Señora de Valvanera, calle Oca, Calle Laguna, calle General Ricardos y Via Carpetana, pero también rodeado de zonas verdes como es el parque de la Cuña Verde y el parque de San Isidro.
PROXIMAMENTE TOUR VIRTUAL.
AVISO LEGAL: Recordamos a nuestros Señores clientes que la información facilitada no constituye una auténtica oferta vinculante ni contractual. Este anuncio publicitario es provisional, y las fotografías y datos en él incluidos están sujetos a posibles modificaciones, consecuencia de exigencias comerciales, jurídicas, técnicas o por mandato expreso de la propiedad. La información aquí contenida procura reflejar una orientación sobre los inmuebles a la fecha de su publicación. La totalidad del contenido que aparece tiene carácter meramente informativo y aproximado, no teniendo, en modo alguno, carácter contractual. Tanto los datos, como las imágenes y planos pueden estar sujetos a cambios, por lo que le invitamos a que, si precisa una información más exacta y detallada, contacte con nosotros y le atenderemos a la mayor brevedad posible. Los contenidos tienen únicamente finalidad informativa y bajo ninguna circunstancia deben usarse ni considerarse como oferta de venta o financiación, solicitud de una oferta de compra o financiación, ni recomendación para realizar cualquier otra transacción, salvo que así se indique expresamente. La información y documentación a ofrecer de acuerdo con lo dispuesto en el Real Decreto 515/1989 (de 21 de abril, relativa a la protección de los consumidores en cuanto a la información a suministrar en la compraventa y arrendamiento de viviendas), será puesta a disposición de los potenciales compradores en las respectivas delegaciones territoriales gestoras del inmueble. .",1,1,1,1,1,1,0,1,1,1,"['https://cdn-media.medialabtc.it/es/agencies/mdaxa/estates/612991/images/8805261/gallery_media.jpeg', 'https://cdn-media.medialabtc.it/es/agencies/mdaxa/estates/612991/images/8805257/gallery_media.jpeg', 'https://cdn-media.medialabtc.it/es/agencies/mdaxa/estates/612991/images/8805328/gallery_media.jpeg', 'https://cdn-media.medialabtc.it/es/agencies/mdaxa/estates/612991/images/8805256/gallery_media.jpeg', 'https://cdn-media.medialabtc.it/es/agencies/mdaxa/estates/612991/images/8805339/gallery_media.jpeg', 'https://cdn-media.medialabtc.it/es/agencies/mdaxa/estates/612991/images/8805329/gallery_media.jpeg', 'https://cdn-media.medialabtc.it/es/agencies/mdaxa/estates/612991/images/8805259/gallery_media.jpeg', 'https://cdn-media.medialabtc.it/es/agencies/mdaxa/estates/612991/images/8805286/gallery_media.jpeg', 'https://cdn-media.medialabtc.it/es/agencies/mdaxa/estates/612991/images/8805338/gallery_media.jpeg', 'https://cdn-media.medialabtc.it/es/agencies/mdaxa/estates/612991/images/8805284/gallery_media.jpeg', 'https://cdn-media.medialabtc.it/es/agencies/mdaxa/estates/612991/images/8805318/gallery_media.jpeg', 'https://cdn-media.medialabtc.it/es/agencies/mdaxa/estates/612991/images/8805283/gallery_media.jpeg', 'https://cdn-media.medialabtc.it/es/agencies/mdaxa/estates/612991/images/8805285/gallery_media.jpeg', 'https://cdn-media.medialabtc.it/es/agencies/mdaxa/estates/612991/images/8805331/gallery_media.jpeg', 'https://cdn-media.medialabtc.it/es/agencies/mdaxa/estates/612991/images/8805260/gallery_media.jpeg', 'https://cdn-media.medialabtc.it/es/agencies/mdaxa/estates/612991/images/8805334/gallery_media.jpeg', 'https://cdn-media.medialabtc.it/es/agencies/mdaxa/estates/612991/images/8805330/gallery_media.jpeg', 'https://cdn-media.medialabtc.it/es/agencies/mdaxa/estates/612991/images/8805335/gallery_media.jpeg', 'https://cdn-media.medialabtc.it/es/agencies/mdaxa/estates/612991/images/8805333/gallery_media.jpeg', 'https://cdn-media.medialabtc.it/es/agencies/mdaxa/estates/612991/images/8805282/gallery_media.jpeg', 'https://cdn-media.medialabtc.it/es/agencies/mdaxa/estates/612991/images/8805336/gallery_media.jpeg', 'https://cdn-media.medialabtc.it/es/agencies/mdaxa/estates/612991/images/8805332/gallery_media.jpeg', 'https://cdn-media.medialabtc.it/es/agencies/mdaxa/estates/612991/images/8805319/gallery_media.jpeg']",0,Desconocido,1,1,0,1,0,E,0,0,"['imagenes_tecnocasa\\anuncio_822\\0.jpeg', 'imagenes_tecnocasa\\anuncio_822\\1.jpeg', 'imagenes_tecnocasa\\anuncio_822\\2.jpeg', 'imagenes_tecnocasa\\anuncio_822\\3.jpeg', 'imagenes_tecnocasa\\anuncio_822\\4.jpeg', 'imagenes_tecnocasa\\anuncio_822\\5.jpeg', 'imagenes_tecnocasa\\anuncio_822\\6.jpeg', 'imagenes_tecnocasa\\anuncio_822\\7.jpeg', 'imagenes_tecnocasa\\anuncio_822\\8.jpeg', 'imagenes_tecnocasa\\anuncio_822\\9.jpeg', 'imagenes_tecnocasa\\anuncio_822\\10.jpeg', 'imagenes_tecnocasa\\anuncio_822\\11.jpeg', 'imagenes_tecnocasa\\anuncio_822\\12.jpeg', 'imagenes_tecnocasa\\anuncio_822\\13.jpeg', 'imagenes_tecnocasa\\anuncio_822\\14.jpeg', 'imagenes_tecnocasa\\anuncio_822\\15.jpeg', 'imagenes_tecnocasa\\anuncio_822\\16.jpeg', 'imagenes_tecnocasa\\anuncio_822\\17.jpeg', 'imagenes_tecnocasa\\anuncio_822\\18.jpeg', 'imagenes_tecnocasa\\anuncio_822\\19.jpeg', 'imagenes_tecnocasa\\anuncio_822\\20.jpeg', 'imagenes_tecnocasa\\anuncio_822\\21.jpeg', 'imagenes_tecnocasa\\anuncio_822\\22.jpeg']",1,Popular,1980,1,0,0,piso,2,Madrid,"San Isidro, Madrid",40.4167047,-3.7035825,822,3272.7272727272725,399.0,259.0,0.125,0.375,2.0,0.0,vinilo,pintura,corredera,estándar (2.4-2.8m),nada,3.6,5.0,moderno,"['#FFFFFF', '#F2F2F2', '#A0A0A0']",buena,False,convencional,limitado,ninguno,ninguno,estándar,básica,ninguno,6.6,6.0,ninguna,5
https://www.tecnocasa.es/venta/piso/madrid/parla/613713.html,145000.0,3,80.0,2,"Agencia inmobiliaria de PARLA zona PARLA REYES - LAS AMÉRICAS Oficina Tecnocasa VENDE PISO, situado en zona de Reyes, cercano al centro de salud 'Isabel II', colegios e institutos y centro comercial 'El Ferial'.
+ Piso bajo
+ Salón comedor con acceso a terraza cerrada
+ Cocina amueblada con paso a tendedero
+ Patio interior
+ Dormitorio principal con armario empotrado
+ Baño con bañera
+ Cuarto trastero con opción a aseo
+ Suelos de gres
+ Muy buena ubicación y bien comunicado
+ Variedad de servicios y/o puntos de interés cercanos
El piso se caracteriza por su buena distribución, excelente ubicación y sobre todo por su AMPLITUD.
ZONA REYES - LAS AMÉRICAS
El piso en venta se ubica en zona de Reyes, rodeada de una amplia variedad de comercios, tales como galerías de alimentación, restauración y textil. También está cercano al centro de salud, farmacias, biblioteca municipal “Gloria Fuertes” bancos y cajeros, colegios, institutos, y grandes zonas verdes con parques infantiles.
TECNOCASA, red inmobiliaria líder en el sector con más de 30 años de experiencia, presente en más de 11 países, 900 oficinas a nivel nacional y con 400 oficinas en la Comunidad de Madrid.
Realizamos valoraciones de su hogar totalmente gratuitas; gestionamos el proceso de post-venta (tanto para comprador como para el vendedor); además, les daremos toda la información que necesiten sobre hipotecas, les ayudaremos a tramitar herencias, certificados, cambios de titularidad, plusvalías, permiso de venta, etc.
Contamos con la colaboración del departamento de financiación de KÍRON, su experto intermediario que le asesorará gratuitamente sin ningún compromiso.
Nuestros servicios:
- Hipoteca “primera vivienda”.
- Hipoteca “cambio de vivienda”.
- Hipoteca 100%.
Disponemos de las mejores viviendas del mercado.
NO DUDE EN VISITARNOS.",0,0,1,1,1,1,0,1,1,1,"['https://cdn-media.medialabtc.it/es/agencies/mdbp7/estates/613713/images/8810828/gallery_media.jpeg', 'https://cdn-media.medialabtc.it/es/agencies/mdbp7/estates/613713/images/8810818/gallery_media.jpeg', 'https://cdn-media.medialabtc.it/es/agencies/mdbp7/estates/613713/images/8810823/gallery_media.jpeg', 'https://cdn-media.medialabtc.it/es/agencies/mdbp7/estates/613713/images/8810830/gallery_media.jpeg', 'https://cdn-media.medialabtc.it/es/agencies/mdbp7/estates/613713/images/8810831/gallery_media.jpeg', 'https://cdn-media.medialabtc.it/es/agencies/mdbp7/estates/613713/images/8810825/gallery_media.jpeg', 'https://cdn-media.medialabtc.it/es/agencies/mdbp7/estates/613713/images/8810824/gallery_media.jpeg', 'https://cdn-media.medialabtc.it/es/agencies/mdbp7/estates/613713/images/8810820/gallery_media.jpeg', 'https://cdn-media.medialabtc.it/es/agencies/mdbp7/estates/613713/images/8967189/gallery_media.jpeg', 'https://cdn-media.medialabtc.it/es/agencies/mdbp7/estates/613713/images/8810819/gallery_media.jpeg', 'https://cdn-media.medialabtc.it/es/agencies/mdbp7/estates/613713/images/8810826/gallery_media.jpeg', 'https://cdn-media.medialabtc.it/es/agencies/mdbp7/estates/613713/images/8810821/gallery_media.jpeg', 'https://cdn-media.medialabtc.it/es/agencies/mdbp7/estates/613713/images/8810832/gallery_media.jpeg', 'https://cdn-media.medialabtc.it/es/agencies/mdbp7/estates/613713/images/8810827/gallery_media.jpeg', 'https://cdn-media.medialabtc.it/es/agencies/mdbp7/estates/613713/images/8810817/gallery_media.jpeg', 'https://cdn-media.medialabtc.it/es/agencies/mdbp7/estates/613713/images/8810829/gallery_media.jpeg', 'https://cdn-media.medialabtc.it/es/agencies/mdbp7/estates/613713/images/8810815/gallery_media.jpeg', 'https://cdn-media.medialabtc.it/es/agencies/mdbp7/estates/613713/images/8810834/gallery_media.jpeg', 'https://cdn-media.medialabtc.it/es/agencies/mdbp7/estates/613713/images/8810816/gallery_media.jpeg', 'https://cdn-media.medialabtc.it/es/agencies/mdbp7/estates/613713/images/8810833/gallery_media.jpeg']",0,Desconocido,0,1,0,1,0,F,0,0,"['imagenes_tecnocasa\\anuncio_825\\0.jpeg', 'imagenes_tecnocasa\\anuncio_825\\1.jpeg', 'imagenes_tecnocasa\\anuncio_825\\2.jpeg', 'imagenes_tecnocasa\\anuncio_825\\3.jpeg', 'imagenes_tecnocasa\\anuncio_825\\4.jpeg', 'imagenes_tecnocasa\\anuncio_825\\5.jpeg', 'imagenes_tecnocasa\\anuncio_825\\6.jpeg', 'imagenes_tecnocasa\\anuncio_825\\7.jpeg', 'imagenes_tecnocasa\\anuncio_825\\8.jpeg', 'imagenes_tecnocasa\\anuncio_825\\9.jpeg', 'imagenes_tecnocasa\\anuncio_825\\10.jpeg', 'imagenes_tecnocasa\\anuncio_825\\11.jpeg', 'imagenes_tecnocasa\\anuncio_825\\12.jpeg', 'imagenes_tecnocasa\\anuncio_825\\13.jpeg', 'imagenes_tecnocasa\\anuncio_825\\14.jpeg', 'imagenes_tecnocasa\\anuncio_825\\15.jpeg', 'imagenes_tecnocasa\\anuncio_825\\16.jpeg', 'imagenes_tecnocasa\\anuncio_825\\17.jpeg', 'imagenes_tecnocasa\\anuncio_825\\18.jpeg', 'imagenes_tecnocasa\\anuncio_825\\19.jpeg']",0,Popular,1975,0,0,0,piso,1,Parla,Parla,40.2373952,-3.7718902,825,1812.5,284.0,190.0,0.0,0.0,0.0,0.0,cerámica,pintura,corredera,estándar (2.4-2.8m),nada,2.8,3.4,convencional,"['#0077cc', '#c0c0c0', '#a0522d']",regular,False,convencional,limitado,ninguno,ninguno,estándar,básica,ninguno,5.6,4.8,ninguna,5
https://www.tecnocasa.es/venta/piso/madrid/parla/619623.html,175000.0,3,89.0,1,"Agencia inmobiliaria de PARLA zona REYES - LAS AMÉRICAS. Oficina Tecnocasa VENDE PISO, situado en zona de Reyes, cercano al centro de salud 'Isabel II', colegios e institutos y centro comercial 'El Ferial'.
+ Ubicado en tercera planta CON ASCENSOR
+ Espacioso salón - comedor de paso con aire acondicionado instalado
+ Terraza cerrada acristalada
+ 3 habitaciones dobles
+ Baño completo con bañera
+ Cocina equipada con acceso a amplio tendedero
+ Suelos de gres
+ Paredes de gotelé
+Gran variedad de servicios próximos a la vivienda
El piso se caracteriza por su buena distribución, excelente ubicación y sobre todo por su AMPLITUD.
ZONA REYES - LAS AMÉRICAS
El piso en venta se ubica en zona de Reyes, rodeada de una amplia variedad de comercios, tales como galerías de alimentación, restauración y textil. También está cercano al centro de salud, farmacias, biblioteca municipal “Gloria Fuertes” bancos y cajeros, colegios, institutos, y grandes zonas verdes con parques infantiles.
TECNOCASA, red inmobiliaria líder en el sector con más de 30 años de experiencia, presente en más de 11 países, 900 oficinas a nivel nacional y con 400 oficinas en la Comunidad de Madrid.
Realizamos valoraciones de su hogar totalmente gratuitas; gestionamos el proceso de post-venta (tanto para comprador como para el vendedor); además, les daremos toda la información que necesiten sobre hipotecas, les ayudaremos a tramitar herencias, certificados, cambios de titularidad, plusvalías, permiso de venta, etc.
Contamos con la colaboración del departamento de financiación de KÍRON, su experto intermediario que le asesorará gratuitamente sin ningún compromiso.
Nuestros servicios:
- Hipoteca “primera vivienda”.
- Hipoteca “cambio de vivienda”.
- Hipoteca 100%.
Disponemos de las mejores viviendas del mercado.
NO DUDE EN VISITARNOS.",0,1,1,1,1,1,0,1,1,1,"['https://cdn-media.medialabtc.it/es/agencies/mdbp7/estates/619623/images/8942389/gallery_media.jpeg', 'https://cdn-media.medialabtc.it/es/agencies/mdbp7/estates/619623/images/8942409/gallery_media.jpeg', 'https://cdn-media.medialabtc.it/es/agencies/mdbp7/estates/619623/images/8942392/gallery_media.jpeg', 'https://cdn-media.medialabtc.it/es/agencies/mdbp7/estates/619623/images/8942393/gallery_media.jpeg', 'https://cdn-media.medialabtc.it/es/agencies/mdbp7/estates/619623/images/8942402/gallery_media.jpeg', 'https://cdn-media.medialabtc.it/es/agencies/mdbp7/estates/619623/images/8942400/gallery_media.jpeg', 'https://cdn-media.medialabtc.it/es/agencies/mdbp7/estates/619623/images/8942405/gallery_media.jpeg', 'https://cdn-media.medialabtc.it/es/agencies/mdbp7/estates/619623/images/8942406/gallery_media.jpeg', 'https://cdn-media.medialabtc.it/es/agencies/mdbp7/estates/619623/images/8942399/gallery_media.jpeg', 'https://cdn-media.medialabtc.it/es/agencies/mdbp7/estates/619623/images/8942391/gallery_media.jpeg', 'https://cdn-media.medialabtc.it/es/agencies/mdbp7/estates/619623/images/8942395/gallery_media.jpeg', 'https://cdn-media.medialabtc.it/es/agencies/mdbp7/estates/619623/images/8942390/gallery_media.jpeg', 'https://cdn-media.medialabtc.it/es/agencies/mdbp7/estates/619623/images/8942403/gallery_media.jpeg', 'https://cdn-media.medialabtc.it/es/agencies/mdbp7/estates/619623/images/8942397/gallery_media.jpeg', 'https://cdn-media.medialabtc.it/es/agencies/mdbp7/estates/619623/images/8942407/gallery_media.jpeg', 'https://cdn-media.medialabtc.it/es/agencies/mdbp7/estates/619623/images/8942388/gallery_media.jpeg', 'https://cdn-media.medialabtc.it/es/agencies/mdbp7/estates/619623/images/8967190/gallery_media.jpeg', 'https://cdn-media.medialabtc.it/es/agencies/mdbp7/estates/619623/images/8942408/gallery_media.jpeg', 'https://cdn-media.medialabtc.it/es/agencies/mdbp7/estates/619623/images/8942401/gallery_media.jpeg', 'https://cdn-media.medialabtc.it/es/agencies/mdbp7/estates/619623/images/8942404/gallery_media.jpeg', 'https://cdn-media.medialabtc.it/es/agencies/mdbp7/estates/619623/images/8942398/gallery_media.jpeg', 'https://cdn-media.medialabtc.it/es/agencies/mdbp7/estates/619623/images/8942396/gallery_media.jpeg']",0,Desconocido,0,0,0,1,0,Desconocida,0,0,"['imagenes_tecnocasa\\anuncio_826\\0.jpeg', 'imagenes_tecnocasa\\anuncio_826\\1.jpeg', 'imagenes_tecnocasa\\anuncio_826\\2.jpeg', 'imagenes_tecnocasa\\anuncio_826\\3.jpeg', 'imagenes_tecnocasa\\anuncio_826\\4.jpeg', 'imagenes_tecnocasa\\anuncio_826\\5.jpeg', 'imagenes_tecnocasa\\anuncio_826\\6.jpeg', 'imagenes_tecnocasa\\anuncio_826\\7.jpeg', 'imagenes_tecnocasa\\anuncio_826\\8.jpeg', 'imagenes_tecnocasa\\anuncio_826\\9.jpeg', 'imagenes_tecnocasa\\anuncio_826\\10.jpeg', 'imagenes_tecnocasa\\anuncio_826\\11.jpeg', 'imagenes_tecnocasa\\anuncio_826\\12.jpeg', 'imagenes_tecnocasa\\anuncio_826\\13.jpeg', 'imagenes_tecnocasa\\anuncio_826\\14.jpeg', 'imagenes_tecnocasa\\anuncio_826\\15.jpeg', 'imagenes_tecnocasa\\anuncio_826\\16.jpeg', 'imagenes_tecnocasa\\anuncio_826\\17.jpeg', 'imagenes_tecnocasa\\anuncio_826\\18.jpeg', 'imagenes_tecnocasa\\anuncio_826\\19.jpeg', 'imagenes_tecnocasa\\anuncio_826\\20.jpeg', 'imagenes_tecnocasa\\anuncio_826\\21.jpeg']",0,Popular,1983,0,0,0,piso,3,Parla,Parla,40.2373952,-3.7718902,826,1966.2921348314608,280.0,191.0,0.0,0.0,1.0,0.0,cerámica,pintura,corredera,estándar (2.4-2.8m),nada,3.6,2.6,clásico,"['#F5F5DC', '#A0522D', '#FFFFFF']",regular,False,convencional,limitado,ninguno,ninguno,estándar,básica,ninguno,6.0,6.4,ninguna,5
https://www.tecnocasa.es/venta/piso/madrid/mejorada-del-campo/574218.html,187500.0,3,79.0,1,"Tecnocasa ofrece en exclusiva esta vivienda ubicada en la calle Gustavo Torner, en Mejorada del Campo.

Se trata de un piso situado en una tercera planta sin ascensor, con una superficie bien distribuida en tres dormitorios, salón, cocina y baño completo. La finca fue construida en 1976 y se encuentra en una zona tranquila y consolidada, con todos los servicios cercanos.

La vivienda cuenta con mejoras que aportan confort y funcionalidad, como:

Ventanas de aluminio con Climalit, que mejoran el aislamiento térmico y acústico.

Suelo de tarima y cerámica, que combina calidez y resistencia.

Puertas de roble, en perfecto estado de conservación.

Calefacción individual de gas natural, ideal para un control eficiente del consumo.

Aire acondicionado con bomba de frío y calor instalado en una de las habitaciones.

Es una excelente oportunidad tanto para quienes buscan su primera vivienda como para inversores interesados en una propiedad con buena rentabilidad.

Para más información o para concertar una visita, puede contactar con nuestra oficina de Tecnocasa en Mejorada del Campo. Estaremos encantados de atenderle.",0,0,1,1,1,1,1,1,1,1,"['https://cdn-media.medialabtc.it/es/agencies/md583/estates/574218/images/8966755/gallery_media.jpeg', 'https://cdn-media.medialabtc.it/es/agencies/md583/estates/574218/images/8966749/gallery_media.jpeg', 'https://cdn-media.medialabtc.it/es/agencies/md583/estates/574218/images/8966767/gallery_media.jpeg', 'https://cdn-media.medialabtc.it/es/agencies/md583/estates/574218/images/8966746/gallery_media.jpeg', 'https://cdn-media.medialabtc.it/es/agencies/md583/estates/574218/images/8966743/gallery_media.jpeg', 'https://cdn-media.medialabtc.it/es/agencies/md583/estates/574218/images/8966765/gallery_media.jpeg', 'https://cdn-media.medialabtc.it/es/agencies/md583/estates/574218/images/8966753/gallery_media.jpeg', 'https://cdn-media.medialabtc.it/es/agencies/md583/estates/574218/images/8966766/gallery_media.jpeg', 'https://cdn-media.medialabtc.it/es/agencies/md583/estates/574218/images/8966761/gallery_media.jpeg', 'https://cdn-media.medialabtc.it/es/agencies/md583/estates/574218/images/8966750/gallery_media.jpeg', 'https://cdn-media.medialabtc.it/es/agencies/md583/estates/574218/images/8966774/gallery_media.jpeg', 'https://cdn-media.medialabtc.it/es/agencies/md583/estates/574218/images/8966745/gallery_media.jpeg', 'https://cdn-media.medialabtc.it/es/agencies/md583/estates/574218/images/8966782/gallery_media.jpeg', 'https://cdn-media.medialabtc.it/es/agencies/md583/estates/574218/images/8966748/gallery_media.jpeg', 'https://cdn-media.medialabtc.it/es/agencies/md583/estates/574218/images/8966751/gallery_media.jpeg', 'https://cdn-media.medialabtc.it/es/agencies/md583/estates/574218/images/8966764/gallery_media.jpeg', 'https://cdn-media.medialabtc.it/es/agencies/md583/estates/574218/images/8966760/gallery_media.jpeg', 'https://cdn-media.medialabtc.it/es/agencies/md583/estates/574218/images/8966758/gallery_media.jpeg', 'https://cdn-media.medialabtc.it/es/agencies/md583/estates/574218/images/8966769/gallery_media.jpeg', 'https://cdn-media.medialabtc.it/es/agencies/md583/estates/574218/images/8966772/gallery_media.jpeg', 'https://cdn-media.medialabtc.it/es/agencies/md583/estates/574218/images/8966773/gallery_media.jpeg']",0,Desconocido,0,0,0,0,0,Desconocida,0,1,"['imagenes_tecnocasa\\anuncio_827\\0.jpeg', 'imagenes_tecnocasa\\anuncio_827\\1.jpeg', 'imagenes_tecnocasa\\anuncio_827\\2.jpeg', 'imagenes_tecnocasa\\anuncio_827\\3.jpeg', 'imagenes_tecnocasa\\anuncio_827\\4.jpeg', 'imagenes_tecnocasa\\anuncio_827\\5.jpeg', 'imagenes_tecnocasa\\anuncio_827\\6.jpeg', 'imagenes_tecnocasa\\anuncio_827\\7.jpeg', 'imagenes_tecnocasa\\anuncio_827\\8.jpeg', 'imagenes_tecnocasa\\anuncio_827\\9.jpeg', 'imagenes_tecnocasa\\anuncio_827\\10.jpeg', 'imagenes_tecnocasa\\anuncio_827\\11.jpeg', 'imagenes_tecnocasa\\anuncio_827\\12.jpeg', 'imagenes_tecnocasa\\anuncio_827\\13.jpeg', 'imagenes_tecnocasa\\anuncio_827\\14.jpeg', 'imagenes_tecnocasa\\anuncio_827\\15.jpeg', 'imagenes_tecnocasa\\anuncio_827\\16.jpeg', 'imagenes_tecnocasa\\anuncio_827\\17.jpeg', 'imagenes_tecnocasa\\anuncio_827\\18.jpeg', 'imagenes_tecnocasa\\anuncio_827\\19.jpeg', 'imagenes_tecnocasa\\anuncio_827\\20.jpeg']",1,Media,1965,1,0,0,piso,3,Mejorada del Campo,Mejorada Del Campo,40.3971785,-3.4896068,827,2373.4177215189875,172.0,120.0,0.3333333333333333,0.6,0.0,1.0,parquet,pintura,abatible,estándar (2.4-2.8m),nada,4.4,5.8,moderno,"['#F2F2F2', '#A9A9A9', '#FFFFFF']",buena,True,convencional,normal,ninguno,ninguno,estándar,no visible,ninguno,6.8,7.0,leve,5
https://www.tecnocasa.es/venta/piso/madrid/parla/617575.html,162000.0,2,68.0,1,"Agencia inmobiliaria de PARLA zona PARLA REYES - LAS AMÉRICAS Oficina Tecnocasa VENDE PISO, situado en zona de Reyes, cercano al centro de salud 'Isabel II', colegios e institutos y centro comercial 'El Ferial'.
+ Situado en una planta baja
+ Con reforma
+ Piso con gran luminosidad
+ Salón independiente con aire acondicionado
+ Dormitorio principal con armario empotrado
+ Cocina amueblada con acceso a tendedero
+ Baño con plató de ducha
+ Suelos de gres
+ Trastero
+ Muy buena ubicación y bien comunicado
+ Variedad de servicios y/o puntos de interés cercanos
El piso se caracteriza por su buena distribución, excelente ubicación y sobre todo por su AMPLITUD.
ZONA REYES - LAS AMÉRICAS
El piso en venta se ubica en zona de Reyes, rodeada de una amplia variedad de comercios, tales como galerías de alimentación, restauración y textil. También está cercano al centro de salud, farmacias, biblioteca municipal “Gloria Fuertes” bancos y cajeros, colegios, institutos, y grandes zonas verdes con parques infantiles.
TECNOCASA, red inmobiliaria líder en el sector con más de 30 años de experiencia, presente en más de 11 países, 900 oficinas a nivel nacional y con 400 oficinas en la Comunidad de Madrid.
Realizamos valoraciones de su hogar totalmente gratuitas; gestionamos el proceso de post-venta (tanto para comprador como para el vendedor); además, les daremos toda la información que necesiten sobre hipotecas, les ayudaremos a tramitar herencias, certificados, cambios de titularidad, plusvalías, permiso de venta, etc.
Contamos con la colaboración del departamento de financiación de KÍRON, su experto intermediario que le asesorará gratuitamente sin ningún compromiso.
Nuestros servicios:
- Hipoteca “primera vivienda”.
- Hipoteca “cambio de vivienda”.
- Hipoteca 100%.
Disponemos de las mejores viviendas del mercado.
NO DUDE EN VISITARNOS.",0,1,1,1,1,1,0,1,1,1,"['https://cdn-media.medialabtc.it/es/agencies/mdbp7/estates/617575/images/8897534/gallery_media.jpeg', 'https://cdn-media.medialabtc.it/es/agencies/mdbp7/estates/617575/images/8897537/gallery_media.jpeg', 'https://cdn-media.medialabtc.it/es/agencies/mdbp7/estates/617575/images/8897540/gallery_media.jpeg', 'https://cdn-media.medialabtc.it/es/agencies/mdbp7/estates/617575/images/8897527/gallery_media.jpeg', 'https://cdn-media.medialabtc.it/es/agencies/mdbp7/estates/617575/images/8897523/gallery_media.jpeg', 'https://cdn-media.medialabtc.it/es/agencies/mdbp7/estates/617575/images/8897532/gallery_media.jpeg', 'https://cdn-media.medialabtc.it/es/agencies/mdbp7/estates/617575/images/8897531/gallery_media.jpeg', 'https://cdn-media.medialabtc.it/es/agencies/mdbp7/estates/617575/images/8897526/gallery_media.jpeg', 'https://cdn-media.medialabtc.it/es/agencies/mdbp7/estates/617575/images/8897528/gallery_media.jpeg', 'https://cdn-media.medialabtc.it/es/agencies/mdbp7/estates/617575/images/8897536/gallery_media.jpeg', 'https://cdn-media.medialabtc.it/es/agencies/mdbp7/estates/617575/images/8897533/gallery_media.jpeg', 'https://cdn-media.medialabtc.it/es/agencies/mdbp7/estates/617575/images/8897535/gallery_media.jpeg', 'https://cdn-media.medialabtc.it/es/agencies/mdbp7/estates/617575/images/8897524/gallery_media.jpeg', 'https://cdn-media.medialabtc.it/es/agencies/mdbp7/estates/617575/images/8897530/gallery_media.jpeg', 'https://cdn-media.medialabtc.it/es/agencies/mdbp7/estates/617575/images/8897525/gallery_media.jpeg', 'https://cdn-media.medialabtc.it/es/agencies/mdbp7/estates/617575/images/8897538/gallery_media.jpeg', 'https://cdn-media.medialabtc.it/es/agencies/mdbp7/estates/617575/images/8897539/gallery_media.jpeg', 'https://cdn-media.medialabtc.it/es/agencies/mdbp7/estates/617575/images/8897529/gallery_media.jpeg']",0,Desconocido,0,1,0,0,0,Desconocida,0,0,"['imagenes_tecnocasa\\anuncio_828\\0.jpeg', 'imagenes_tecnocasa\\anuncio_828\\1.jpeg', 'imagenes_tecnocasa\\anuncio_828\\2.jpeg', 'imagenes_tecnocasa\\anuncio_828\\3.jpeg', 'imagenes_tecnocasa\\anuncio_828\\4.jpeg', 'imagenes_tecnocasa\\anuncio_828\\5.jpeg', 'imagenes_tecnocasa\\anuncio_828\\6.jpeg', 'imagenes_tecnocasa\\anuncio_828\\7.jpeg', 'imagenes_tecnocasa\\anuncio_828\\8.jpeg', 'imagenes_tecnocasa\\anuncio_828\\9.jpeg', 'imagenes_tecnocasa\\anuncio_828\\10.jpeg', 'imagenes_tecnocasa\\anuncio_828\\11.jpeg', 'imagenes_tecnocasa\\anuncio_828\\12.jpeg', 'imagenes_tecnocasa\\anuncio_828\\13.jpeg', 'imagenes_tecnocasa\\anuncio_828\\14.jpeg', 'imagenes_tecnocasa\\anuncio_828\\15.jpeg', 'imagenes_tecnocasa\\anuncio_828\\16.jpeg', 'imagenes_tecnocasa\\anuncio_828\\17.jpeg']",1,Popular,1980,1,0,0,piso,1,Parla,Parla,40.2373952,-3.7718902,828,2382.3529411764707,287.0,191.0,0.0,0.0,0.0,0.0,cerámica,pintura,ninguna visible,estándar (2.4-2.8m),nada,3.6,4.2,convencional,"['#FFFFFF', '#F2F2F2', '#DEB887']",regular,False,convencional,limitado,ninguno,ninguno,estándar,básica,ninguno,6.4,6.6,ninguna,5
https://www.tecnocasa.es/venta/piso/madrid/parla/615421.html,170000.0,3,98.0,1,"Agencia inmobiliaria de PARLA zona PARLA REYES - LAS AMÉRICAS Oficina Tecnocasa VENDE PISO CON ASCENSOR, situado en zona de Reyes, cercano al centro de salud 'Isabel II', colegios e institutos y centro comercial 'El Ferial'.
+ Piso situado en 2ºplanta con ascensor
+ 3 dormitorios, y dormitorio principal con armario empotrado
+ Salón amplio independiente con paso a terraza cerrada
+ Cocina amueblada con acceso a tendedero
+ Baño con bañera
+ Aire acondicionado
+ 2 Trasteros
+ Excelente ubicación y muy bien comunicado
El piso se caracteriza por su buena distribución y su excelente ubicación
ZONA REYES - LAS AMÉRICAS
El piso en venta se ubica en zona de Reyes, rodeada de una amplia variedad de comercios, tales como galerías de alimentación, restauración y textil. También está cercano al centro de salud, farmacias, biblioteca municipal “Gloria Fuertes” bancos y cajeros, colegios, institutos, y grandes zonas verdes con parques infantiles.
TECNOCASA, red inmobiliaria líder en el sector con más de 30 años de experiencia, presente en más de 11 países, 900 oficinas a nivel nacional y con 400 oficinas en la Comunidad de Madrid.
Realizamos valoraciones de su hogar totalmente gratuitas; gestionamos el proceso de post-venta (tanto para comprador como para el vendedor); además, les daremos toda la información que necesiten sobre hipotecas, les ayudaremos a tramitar herencias, certificados, cambios de titularidad, plusvalías, permiso de venta, etc.
Contamos con la colaboración del departamento de financiación de KÍRON, su experto intermediario que le asesorará gratuitamente sin ningún compromiso.
Nuestros servicios:
- Hipoteca “primera vivienda”.
- Hipoteca “cambio de vivienda”.
- Hipoteca 100%.
Disponemos de las mejores viviendas del mercado.
NO DUDE EN VISITARNOS.",0,1,1,1,1,1,0,1,1,1,"['https://cdn-media.medialabtc.it/es/agencies/mdbp7/estates/615421/images/8863161/gallery_media.jpeg', 'https://cdn-media.medialabtc.it/es/agencies/mdbp7/estates/615421/images/8863159/gallery_media.jpeg', 'https://cdn-media.medialabtc.it/es/agencies/mdbp7/estates/615421/images/8863152/gallery_media.jpeg', 'https://cdn-media.medialabtc.it/es/agencies/mdbp7/estates/615421/images/8863199/gallery_media.jpeg', 'https://cdn-media.medialabtc.it/es/agencies/mdbp7/estates/615421/images/8863188/gallery_media.jpeg', 'https://cdn-media.medialabtc.it/es/agencies/mdbp7/estates/615421/images/8863195/gallery_media.jpeg', 'https://cdn-media.medialabtc.it/es/agencies/mdbp7/estates/615421/images/8863157/gallery_media.jpeg', 'https://cdn-media.medialabtc.it/es/agencies/mdbp7/estates/615421/images/8863193/gallery_media.jpeg', 'https://cdn-media.medialabtc.it/es/agencies/mdbp7/estates/615421/images/8863192/gallery_media.jpeg', 'https://cdn-media.medialabtc.it/es/agencies/mdbp7/estates/615421/images/8863194/gallery_media.jpeg', 'https://cdn-media.medialabtc.it/es/agencies/mdbp7/estates/615421/images/8863183/gallery_media.jpeg', 'https://cdn-media.medialabtc.it/es/agencies/mdbp7/estates/615421/images/8863186/gallery_media.jpeg', 'https://cdn-media.medialabtc.it/es/agencies/mdbp7/estates/615421/images/8863160/gallery_media.jpeg', 'https://cdn-media.medialabtc.it/es/agencies/mdbp7/estates/615421/images/8863185/gallery_media.jpeg', 'https://cdn-media.medialabtc.it/es/agencies/mdbp7/estates/615421/images/8863189/gallery_media.jpeg', 'https://cdn-media.medialabtc.it/es/agencies/mdbp7/estates/615421/images/8863151/gallery_media.jpeg', 'https://cdn-media.medialabtc.it/es/agencies/mdbp7/estates/615421/images/8863198/gallery_media.jpeg', 'https://cdn-media.medialabtc.it/es/agencies/mdbp7/estates/615421/images/8863191/gallery_media.jpeg', 'https://cdn-media.medialabtc.it/es/agencies/mdbp7/estates/615421/images/8966863/gallery_media.jpeg', 'https://cdn-media.medialabtc.it/es/agencies/mdbp7/estates/615421/images/8863156/gallery_media.jpeg', 'https://cdn-media.medialabtc.it/es/agencies/mdbp7/estates/615421/images/8863196/gallery_media.jpeg', 'https://cdn-media.medialabtc.it/es/agencies/mdbp7/estates/615421/images/8863153/gallery_media.jpeg', 'https://cdn-media.medialabtc.it/es/agencies/mdbp7/estates/615421/images/8863155/gallery_media.jpeg']",0,Desconocido,0,0,0,1,0,Desconocida,0,0,"['imagenes_tecnocasa\\anuncio_829\\0.jpeg', 'imagenes_tecnocasa\\anuncio_829\\1.jpeg', 'imagenes_tecnocasa\\anuncio_829\\2.jpeg', 'imagenes_tecnocasa\\anuncio_829\\3.jpeg', 'imagenes_tecnocasa\\anuncio_829\\4.jpeg', 'imagenes_tecnocasa\\anuncio_829\\5.jpeg', 'imagenes_tecnocasa\\anuncio_829\\6.jpeg', 'imagenes_tecnocasa\\anuncio_829\\7.jpeg', 'imagenes_tecnocasa\\anuncio_829\\8.jpeg', 'imagenes_tecnocasa\\anuncio_829\\9.jpeg', 'imagenes_tecnocasa\\anuncio_829\\10.jpeg', 'imagenes_tecnocasa\\anuncio_829\\11.jpeg', 'imagenes_tecnocasa\\anuncio_829\\12.jpeg', 'imagenes_tecnocasa\\anuncio_829\\13.jpeg', 'imagenes_tecnocasa\\anuncio_829\\14.jpeg', 'imagenes_tecnocasa\\anuncio_829\\15.jpeg', 'imagenes_tecnocasa\\anuncio_829\\16.jpeg', 'imagenes_tecnocasa\\anuncio_829\\17.jpeg', 'imagenes_tecnocasa\\anuncio_829\\18.jpeg', 'imagenes_tecnocasa\\anuncio_829\\19.jpeg', 'imagenes_tecnocasa\\anuncio_829\\20.jpeg', 'imagenes_tecnocasa\\anuncio_829\\21.jpeg', 'imagenes_tecnocasa\\anuncio_829\\22.jpeg']",1,Popular,1980,1,0,0,piso,2,Parla,Parla,40.2373952,-3.7718902,829,1734.6938775510205,273.0,185.0,0.0,0.0,1.0,0.0,cerámica,pintura,no visible,estándar (2.4-2.8m),nada,3.4,3.6,convencional,"['#F2E8CF', '#D2B48C', '#FFFFFF']",regular,False,convencional,limitado,ninguno,ninguno,estándar,no visible,ninguno,6.0,6.2,ninguna,5
https://www.tecnocasa.es/venta/piso/madrid/parla/613881.html,180000.0,3,89.0,1,"Agencia inmobiliaria de PARLA zona PARLA REYES - LAS AMÉRICAS Oficina Tecnocasa VENDE PISO, situado en zona de Reyes, cercano al centro de salud 'Isabel II', colegios e institutos y centro comercial 'El Ferial'.
+ Situado en una 1ª planta con ascensor
+ Reformado
+ Piso con gran luminosidad
+ Salón comedor con acceso a terraza
+ Cocina amueblada con paso a tendedero
+ Baño con reforma y plató de ducha
+ Aire acondicionado
+ Armario empotrado en dormitorio principal
+ Trastero
+ Muy buena ubicación y bien comunicado
+ Variedad de servicios y/o puntos de interés cercanos
El piso se caracteriza por su buena distribución, excelente ubicación y sobre todo por su AMPLITUD.
ZONA REYES - LAS AMÉRICAS
El piso en venta se ubica en zona de Reyes, rodeada de una amplia variedad de comercios, tales como galerías de alimentación, restauración y textil. También está cercano al centro de salud, farmacias, biblioteca municipal “Gloria Fuertes” bancos y cajeros, colegios, institutos, y grandes zonas verdes con parques infantiles.
TECNOCASA, red inmobiliaria líder en el sector con más de 30 años de experiencia, presente en más de 11 países, 900 oficinas a nivel nacional y con 400 oficinas en la Comunidad de Madrid.
Realizamos valoraciones de su hogar totalmente gratuitas; gestionamos el proceso de post-venta (tanto para comprador como para el vendedor); además, les daremos toda la información que necesiten sobre hipotecas, les ayudaremos a tramitar herencias, certificados, cambios de titularidad, plusvalías, permiso de venta, etc.
Contamos con la colaboración del departamento de financiación de KÍRON, su experto intermediario que le asesorará gratuitamente sin ningún compromiso.
Nuestros servicios:
- Hipoteca “primera vivienda”.
- Hipoteca “cambio de vivienda”.
- Hipoteca 100%.
Disponemos de las mejores viviendas del mercado.
NO DUDE EN VISITARNOS.",0,1,1,1,1,1,0,1,1,1,"['https://cdn-media.medialabtc.it/es/agencies/mdbp7/estates/613881/images/8832804/gallery_media.jpeg', 'https://cdn-media.medialabtc.it/es/agencies/mdbp7/estates/613881/images/8832803/gallery_media.jpeg', 'https://cdn-media.medialabtc.it/es/agencies/mdbp7/estates/613881/images/8832796/gallery_media.jpeg', 'https://cdn-media.medialabtc.it/es/agencies/mdbp7/estates/613881/images/8832794/gallery_media.jpeg', 'https://cdn-media.medialabtc.it/es/agencies/mdbp7/estates/613881/images/8832790/gallery_media.jpeg', 'https://cdn-media.medialabtc.it/es/agencies/mdbp7/estates/613881/images/8832805/gallery_media.jpeg', 'https://cdn-media.medialabtc.it/es/agencies/mdbp7/estates/613881/images/8833327/gallery_media.jpeg', 'https://cdn-media.medialabtc.it/es/agencies/mdbp7/estates/613881/images/8832806/gallery_media.jpeg', 'https://cdn-media.medialabtc.it/es/agencies/mdbp7/estates/613881/images/8832798/gallery_media.jpeg', 'https://cdn-media.medialabtc.it/es/agencies/mdbp7/estates/613881/images/8832793/gallery_media.jpeg', 'https://cdn-media.medialabtc.it/es/agencies/mdbp7/estates/613881/images/8832792/gallery_media.jpeg', 'https://cdn-media.medialabtc.it/es/agencies/mdbp7/estates/613881/images/8832800/gallery_media.jpeg', 'https://cdn-media.medialabtc.it/es/agencies/mdbp7/estates/613881/images/8832791/gallery_media.jpeg', 'https://cdn-media.medialabtc.it/es/agencies/mdbp7/estates/613881/images/8832801/gallery_media.jpeg', 'https://cdn-media.medialabtc.it/es/agencies/mdbp7/estates/613881/images/8832807/gallery_media.jpeg', 'https://cdn-media.medialabtc.it/es/agencies/mdbp7/estates/613881/images/8832808/gallery_media.jpeg', 'https://cdn-media.medialabtc.it/es/agencies/mdbp7/estates/613881/images/8832810/gallery_media.jpeg', 'https://cdn-media.medialabtc.it/es/agencies/mdbp7/estates/613881/images/8832809/gallery_media.jpeg', 'https://cdn-media.medialabtc.it/es/agencies/mdbp7/estates/613881/images/8966854/gallery_media.jpeg', 'https://cdn-media.medialabtc.it/es/agencies/mdbp7/estates/613881/images/8832795/gallery_media.jpeg', 'https://cdn-media.medialabtc.it/es/agencies/mdbp7/estates/613881/images/8832802/gallery_media.jpeg', 'https://cdn-media.medialabtc.it/es/agencies/mdbp7/estates/613881/images/8833330/gallery_media.jpeg', 'https://cdn-media.medialabtc.it/es/agencies/mdbp7/estates/613881/images/8832799/gallery_media.jpeg', 'https://cdn-media.medialabtc.it/es/agencies/mdbp7/estates/613881/images/8833328/gallery_media.jpeg', 'https://cdn-media.medialabtc.it/es/agencies/mdbp7/estates/613881/images/8832797/gallery_media.jpeg']",0,Reformado,0,1,0,1,0,G,0,0,"['imagenes_tecnocasa\\anuncio_830\\0.jpeg', 'imagenes_tecnocasa\\anuncio_830\\1.jpeg', 'imagenes_tecnocasa\\anuncio_830\\2.jpeg', 'imagenes_tecnocasa\\anuncio_830\\3.jpeg', 'imagenes_tecnocasa\\anuncio_830\\4.jpeg', 'imagenes_tecnocasa\\anuncio_830\\5.jpeg', 'imagenes_tecnocasa\\anuncio_830\\6.jpeg', 'imagenes_tecnocasa\\anuncio_830\\7.jpeg', 'imagenes_tecnocasa\\anuncio_830\\8.jpeg', 'imagenes_tecnocasa\\anuncio_830\\9.jpeg', 'imagenes_tecnocasa\\anuncio_830\\10.jpeg', 'imagenes_tecnocasa\\anuncio_830\\11.jpeg', 'imagenes_tecnocasa\\anuncio_830\\12.jpeg', 'imagenes_tecnocasa\\anuncio_830\\13.jpeg', 'imagenes_tecnocasa\\anuncio_830\\14.jpeg', 'imagenes_tecnocasa\\anuncio_830\\15.jpeg', 'imagenes_tecnocasa\\anuncio_830\\16.jpeg', 'imagenes_tecnocasa\\anuncio_830\\17.jpeg', 'imagenes_tecnocasa\\anuncio_830\\18.jpeg', 'imagenes_tecnocasa\\anuncio_830\\19.jpeg', 'imagenes_tecnocasa\\anuncio_830\\20.jpeg', 'imagenes_tecnocasa\\anuncio_830\\21.jpeg', 'imagenes_tecnocasa\\anuncio_830\\22.jpeg', 'imagenes_tecnocasa\\anuncio_830\\23.jpeg', 'imagenes_tecnocasa\\anuncio_830\\24.jpeg']",1,Media,1978,0,0,0,piso,3,Parla,Parla,40.2373952,-3.7718902,830,2022.4719101123596,290.0,192.0,0.0,0.0,1.0,0.0,parquet,pintura,ninguna,estándar (2.4-2.8m),nada,4.8,6.2,moderno,"['#F2F2F2', '#D2B48C', '#FFFFFF']",buena,False,convencional,limitado,ninguno,ninguno,estándar,básica,ninguno,7.4,6.6,leve,5
https://www.tecnocasa.es/venta/piso/madrid/parla/609591.html,160000.0,3,81.0,1,"Agencia inmobiliaria de PARLA zona PARLA REYES - LAS AMÉRICAS Oficina Tecnocasa VENDE PISO, situado en zona de Reyes, cercano al centro de salud 'Isabel II', colegios e institutos y centro comercial 'El Ferial'.
+ Piso situado en una primera planta
+ 3 habitaciones
+ Armario empotrado en dormitorio principal
+ Baño con plató de ducha
+ Amplio salón de paso
+ Cocina amueblada
+ Paredes lisas
+ Suelos de gres
+ Terraza acristalada
+ Aire acondicionado en salón y habitación individual
+ Buena zona y bien comunicado
El piso se caracteriza por su buena distribución y su excelente ubicación
ZONA REYES - LAS AMÉRICAS
El piso en venta se ubica en zona de Las Américas rodeada de una amplia variedad de comercios, tales como galerías de alimentación, restauración y textil. También está cercano al centro de salud de las américas, farmacias, biblioteca municipal “Gloria Fuertes” bancos y cajeros, colegios, institutos, a escasos minutos del parque del universo y grandes zonas verdes con parques infantiles y para perros.
TECNOCASA, red inmobiliaria líder en el sector con más de 30 años de experiencia, presente en más de 11 países, 900 oficinas a nivel nacional y con 400 oficinas en la Comunidad de Madrid.
Realizamos valoraciones de su hogar totalmente gratuitas; gestionamos el proceso de post-venta (tanto para comprador como para el vendedor); además, les daremos toda la información que necesiten sobre hipotecas, les ayudaremos a tramitar herencias, certificados, cambios de titularidad, plusvalías, permiso de venta, etc.
Contamos con la colaboración del departamento de financiación de KÍRON, su experto intermediario que le asesorará gratuitamente sin ningún compromiso.
Nuestros servicios:
- Hipoteca “primera vivienda”.
- Hipoteca “cambio de vivienda”.
- Hipoteca 100%.
Disponemos de las mejores viviendas del mercado.
NO DUDE EN VISITARNOS.",0,1,1,1,1,1,0,1,1,1,"['https://cdn-media.medialabtc.it/es/agencies/mdbp7/estates/609591/images/8796075/gallery_media.jpeg', 'https://cdn-media.medialabtc.it/es/agencies/mdbp7/estates/609591/images/8796077/gallery_media.jpeg', 'https://cdn-media.medialabtc.it/es/agencies/mdbp7/estates/609591/images/8796078/gallery_media.jpeg', 'https://cdn-media.medialabtc.it/es/agencies/mdbp7/estates/609591/images/8796084/gallery_media.jpeg', 'https://cdn-media.medialabtc.it/es/agencies/mdbp7/estates/609591/images/8796086/gallery_media.jpeg', 'https://cdn-media.medialabtc.it/es/agencies/mdbp7/estates/609591/images/8796080/gallery_media.jpeg', 'https://cdn-media.medialabtc.it/es/agencies/mdbp7/estates/609591/images/8796082/gallery_media.jpeg', 'https://cdn-media.medialabtc.it/es/agencies/mdbp7/estates/609591/images/8796079/gallery_media.jpeg', 'https://cdn-media.medialabtc.it/es/agencies/mdbp7/estates/609591/images/8796085/gallery_media.jpeg', 'https://cdn-media.medialabtc.it/es/agencies/mdbp7/estates/609591/images/8796076/gallery_media.jpeg', 'https://cdn-media.medialabtc.it/es/agencies/mdbp7/estates/609591/images/8796087/gallery_media.jpeg', 'https://cdn-media.medialabtc.it/es/agencies/mdbp7/estates/609591/images/8796097/gallery_media.jpeg', 'https://cdn-media.medialabtc.it/es/agencies/mdbp7/estates/609591/images/8796092/gallery_media.jpeg', 'https://cdn-media.medialabtc.it/es/agencies/mdbp7/estates/609591/images/8796088/gallery_media.jpeg', 'https://cdn-media.medialabtc.it/es/agencies/mdbp7/estates/609591/images/8796094/gallery_media.jpeg', 'https://cdn-media.medialabtc.it/es/agencies/mdbp7/estates/609591/images/8796090/gallery_media.jpeg', 'https://cdn-media.medialabtc.it/es/agencies/mdbp7/estates/609591/images/8966852/gallery_media.jpeg', 'https://cdn-media.medialabtc.it/es/agencies/mdbp7/estates/609591/images/8796096/gallery_media.jpeg', 'https://cdn-media.medialabtc.it/es/agencies/mdbp7/estates/609591/images/8796091/gallery_media.jpeg', 'https://cdn-media.medialabtc.it/es/agencies/mdbp7/estates/609591/images/8796095/gallery_media.jpeg']",0,Desconocido,0,0,0,1,0,E,0,0,"['imagenes_tecnocasa\\anuncio_831\\0.jpeg', 'imagenes_tecnocasa\\anuncio_831\\1.jpeg', 'imagenes_tecnocasa\\anuncio_831\\2.jpeg', 'imagenes_tecnocasa\\anuncio_831\\3.jpeg', 'imagenes_tecnocasa\\anuncio_831\\4.jpeg', 'imagenes_tecnocasa\\anuncio_831\\5.jpeg', 'imagenes_tecnocasa\\anuncio_831\\6.jpeg', 'imagenes_tecnocasa\\anuncio_831\\7.jpeg', 'imagenes_tecnocasa\\anuncio_831\\8.jpeg', 'imagenes_tecnocasa\\anuncio_831\\9.jpeg', 'imagenes_tecnocasa\\anuncio_831\\10.jpeg', 'imagenes_tecnocasa\\anuncio_831\\11.jpeg', 'imagenes_tecnocasa\\anuncio_831\\12.jpeg', 'imagenes_tecnocasa\\anuncio_831\\13.jpeg', 'imagenes_tecnocasa\\anuncio_831\\14.jpeg', 'imagenes_tecnocasa\\anuncio_831\\15.jpeg', 'imagenes_tecnocasa\\anuncio_831\\16.jpeg', 'imagenes_tecnocasa\\anuncio_831\\17.jpeg', 'imagenes_tecnocasa\\anuncio_831\\18.jpeg', 'imagenes_tecnocasa\\anuncio_831\\19.jpeg']",1,Popular,1970,1,0,0,piso,1,Parla,Parla,40.2373952,-3.7718902,831,1975.3086419753085,290.0,191.0,0.0,0.2,1.0,0.0,cerámica,pintura,corredera,estándar (2.4-2.8m),nada,3.6,3.4,convencional,"['#FFFFFF', '#D3D3D3', '#F5F5F5']",buena,False,convencional,limitado,ninguno,ninguno,estándar,parcialmente equipada,ninguno,6.6,6.4,ninguna,5
https://www.tecnocasa.es/venta/piso/madrid/madrid/617810.html,179000.0,2,46.0,1,"TECNOCASA ESTUDIO PASEO JESUITAS SL / MADRID / PUERTA DEL ANGEL/ PASEO EXTREMADURA
VENDE EN EXCLUSIVA:
Descubre este encantador piso bajo en la calle Única en Puerta del Ángel, Latina. Con 47 m2, ofrece dos dormitorios, un baño salón y cocina, con la opción de transformarle cocina americana para ganar amplitud y funcionalidad. Construido en 1956, es ideal para quienes buscan un hogar en Madrid.
- Bajo
- Salón
- Cocina
- 2 dormitorios
- 1 baño

Cuenta con variedad de comercios a su alrededor y servicios públicos. Junto a casa de campo, y a cinco minutos del metro puerta del ángel.
Muy cercano a madrid rio y a príncipe pio. A pocos minutos del centro.
La zona dispone de varias líneas de autobús (500,138, 31,65, 33, 36 y 39).
Metro (línea 6, Puerta del Ángel, Paseo de Extremadura).",1,1,1,1,1,1,1,1,1,1,"['https://cdn-media.medialabtc.it/es/agencies/md077/estates/617810/images/8926567/gallery_media.jpeg', 'https://cdn-media.medialabtc.it/es/agencies/md077/estates/617810/images/8926572/gallery_media.jpeg', 'https://cdn-media.medialabtc.it/es/agencies/md077/estates/617810/images/8926534/gallery_media.jpeg', 'https://cdn-media.medialabtc.it/es/agencies/md077/estates/617810/images/8926533/gallery_media.jpeg', 'https://cdn-media.medialabtc.it/es/agencies/md077/estates/617810/images/8926538/gallery_media.jpeg', 'https://cdn-media.medialabtc.it/es/agencies/md077/estates/617810/images/8926571/gallery_media.jpeg', 'https://cdn-media.medialabtc.it/es/agencies/md077/estates/617810/images/8926569/gallery_media.jpeg', 'https://cdn-media.medialabtc.it/es/agencies/md077/estates/617810/images/8926570/gallery_media.jpeg', 'https://cdn-media.medialabtc.it/es/agencies/md077/estates/617810/images/8926568/gallery_media.jpeg', 'https://cdn-media.medialabtc.it/es/agencies/md077/estates/617810/images/8926562/gallery_media.jpeg', 'https://cdn-media.medialabtc.it/es/agencies/md077/estates/617810/images/8926540/gallery_media.jpeg', 'https://cdn-media.medialabtc.it/es/agencies/md077/estates/617810/images/8926530/gallery_media.jpeg', 'https://cdn-media.medialabtc.it/es/agencies/md077/estates/617810/images/8926563/gallery_media.jpeg', 'https://cdn-media.medialabtc.it/es/agencies/md077/estates/617810/images/8926529/gallery_media.jpeg', 'https://cdn-media.medialabtc.it/es/agencies/md077/estates/617810/images/8926528/gallery_media.jpeg', 'https://cdn-media.medialabtc.it/es/agencies/md077/estates/617810/images/8926535/gallery_media.jpeg', 'https://cdn-media.medialabtc.it/es/agencies/md077/estates/617810/images/8926541/gallery_media.jpeg', 'https://cdn-media.medialabtc.it/es/agencies/md077/estates/617810/images/8926527/gallery_media.jpeg', 'https://cdn-media.medialabtc.it/es/agencies/md077/estates/617810/images/8926536/gallery_media.jpeg', 'https://cdn-media.medialabtc.it/es/agencies/md077/estates/617810/images/8926539/gallery_media.jpeg', 'https://cdn-media.medialabtc.it/es/agencies/md077/estates/617810/images/8926531/gallery_media.jpeg', 'https://cdn-media.medialabtc.it/es/agencies/md077/estates/617810/images/8926532/gallery_media.jpeg', 'https://cdn-media.medialabtc.it/es/agencies/md077/estates/617810/images/8926566/gallery_media.jpeg', 'https://cdn-media.medialabtc.it/es/agencies/md077/estates/617810/images/8926565/gallery_media.jpeg', 'https://cdn-media.medialabtc.it/es/agencies/md077/estates/617810/images/8926564/gallery_media.jpeg', 'https://cdn-media.medialabtc.it/es/agencies/md077/estates/617810/images/8926537/gallery_media.jpeg']",0,Desconocido,0,0,0,0,0,Desconocida,0,0,"['imagenes_tecnocasa\\anuncio_832\\0.jpeg', 'imagenes_tecnocasa\\anuncio_832\\1.jpeg', 'imagenes_tecnocasa\\anuncio_832\\2.jpeg', 'imagenes_tecnocasa\\anuncio_832\\3.jpeg', 'imagenes_tecnocasa\\anuncio_832\\4.jpeg', 'imagenes_tecnocasa\\anuncio_832\\5.jpeg', 'imagenes_tecnocasa\\anuncio_832\\6.jpeg', 'imagenes_tecnocasa\\anuncio_832\\7.jpeg', 'imagenes_tecnocasa\\anuncio_832\\8.jpeg', 'imagenes_tecnocasa\\anuncio_832\\9.jpeg', 'imagenes_tecnocasa\\anuncio_832\\10.jpeg', 'imagenes_tecnocasa\\anuncio_832\\11.jpeg', 'imagenes_tecnocasa\\anuncio_832\\12.jpeg', 'imagenes_tecnocasa\\anuncio_832\\13.jpeg', 'imagenes_tecnocasa\\anuncio_832\\14.jpeg', 'imagenes_tecnocasa\\anuncio_832\\15.jpeg', 'imagenes_tecnocasa\\anuncio_832\\16.jpeg', 'imagenes_tecnocasa\\anuncio_832\\17.jpeg', 'imagenes_tecnocasa\\anuncio_832\\18.jpeg', 'imagenes_tecnocasa\\anuncio_832\\19.jpeg', 'imagenes_tecnocasa\\anuncio_832\\20.jpeg', 'imagenes_tecnocasa\\anuncio_832\\21.jpeg', 'imagenes_tecnocasa\\anuncio_832\\22.jpeg', 'imagenes_tecnocasa\\anuncio_832\\23.jpeg', 'imagenes_tecnocasa\\anuncio_832\\24.jpeg', 'imagenes_tecnocasa\\anuncio_832\\25.jpeg']",0,Señorial,1956,0,0,0,piso,1,Madrid,"Puerta Del Ángel, Madrid",40.4167047,-3.7035825,832,3891.304347826087,139.0,104.0,0.9,1.0,0.0,1.0,cerámica,pintura,corredera,estándar (2.4-2.8m),nada,2.8,3.8,convencional,"['#FFFFFF', '#F2F2F2', '#D3D3D3']",regular,True,convencional,limitado,ninguno,ninguno,básico,parcialmente equipada,ninguno,6.4,6.6,ninguna,5
https://www.tecnocasa.es/venta/piso/madrid/madrid/614680.html,515000.0,3,100.0,1,"TECNOCASA OFICINA ESTRECHO 2021 OFRECE EN VENTA:Vivienda en calle Lérida, muy luminoso con orientación Este y Oeste, tres dormitorios, salón, cocina y baño, terraza de 23 m² de uso privativo. La finca cuenta con ascensor y conserje, la vivienda cuenta con calefacción central. Finca de 1960, tranquila y bien ubicada cercana a General Perón
Parada Metro Estrecho (Línea 1) a menos de 5 minutos. Y Santiago Bernabéu (Línea 10) a menos de 15 minutos.
Cerca tiene todos los servicios como restaurantes, farmacias, colegios y centros de salud.
La vivienda se localiza en el barrio de Tetuán, cerca de Bravo Murillo, Infanta Mercedes y Sor Ángela de la Cruz.
Con muy buenas comunicaciones, parada de Autobús lineas 3, 5, 43, 49, 64, 66, 124, 126, 128 y N23, metro LINEA 1, Estrecho, a menos de 5 minutos andando.
Financiación de hasta el 100% con nuestro departamento financiero, Kíron. Asesoramiento gratuito y sin compromiso, no dude en consultarnos.
30 años en el barrio, ¡Gracias por la confianza!",1,1,1,1,1,1,1,1,1,1,"['https://cdn-media.medialabtc.it/es/agencies/md019/estates/614680/images/8838773/gallery_media.jpeg', 'https://cdn-media.medialabtc.it/es/agencies/md019/estates/614680/images/8838793/gallery_media.jpeg', 'https://cdn-media.medialabtc.it/es/agencies/md019/estates/614680/images/8838780/gallery_media.jpeg', 'https://cdn-media.medialabtc.it/es/agencies/md019/estates/614680/images/8838787/gallery_media.jpeg', 'https://cdn-media.medialabtc.it/es/agencies/md019/estates/614680/images/8838785/gallery_media.jpeg', 'https://cdn-media.medialabtc.it/es/agencies/md019/estates/614680/images/8838791/gallery_media.jpeg', 'https://cdn-media.medialabtc.it/es/agencies/md019/estates/614680/images/8838769/gallery_media.jpeg', 'https://cdn-media.medialabtc.it/es/agencies/md019/estates/614680/images/8838767/gallery_media.jpeg', 'https://cdn-media.medialabtc.it/es/agencies/md019/estates/614680/images/8838776/gallery_media.jpeg', 'https://cdn-media.medialabtc.it/es/agencies/md019/estates/614680/images/8838770/gallery_media.jpeg', 'https://cdn-media.medialabtc.it/es/agencies/md019/estates/614680/images/8838772/gallery_media.jpeg', 'https://cdn-media.medialabtc.it/es/agencies/md019/estates/614680/images/8838775/gallery_media.jpeg', 'https://cdn-media.medialabtc.it/es/agencies/md019/estates/614680/images/8838777/gallery_media.jpeg', 'https://cdn-media.medialabtc.it/es/agencies/md019/estates/614680/images/8838788/gallery_media.jpeg', 'https://cdn-media.medialabtc.it/es/agencies/md019/estates/614680/images/8838768/gallery_media.jpeg', 'https://cdn-media.medialabtc.it/es/agencies/md019/estates/614680/images/8838783/gallery_media.jpeg', 'https://cdn-media.medialabtc.it/es/agencies/md019/estates/614680/images/8838789/gallery_media.jpeg', 'https://cdn-media.medialabtc.it/es/agencies/md019/estates/614680/images/8838781/gallery_media.jpeg', 'https://cdn-media.medialabtc.it/es/agencies/md019/estates/614680/images/8838790/gallery_media.jpeg', 'https://cdn-media.medialabtc.it/es/agencies/md019/estates/614680/images/8838786/gallery_media.jpeg', 'https://cdn-media.medialabtc.it/es/agencies/md019/estates/614680/images/8838771/gallery_media.jpeg', 'https://cdn-media.medialabtc.it/es/agencies/md019/estates/614680/images/8838774/gallery_media.jpeg', 'https://cdn-media.medialabtc.it/es/agencies/md019/estates/614680/images/8838782/gallery_media.jpeg', 'https://cdn-media.medialabtc.it/es/agencies/md019/estates/614680/images/8838784/gallery_media.jpeg', 'https://cdn-media.medialabtc.it/es/agencies/md019/estates/614680/images/8838792/gallery_media.jpeg', 'https://cdn-media.medialabtc.it/es/agencies/md019/estates/614680/images/8838779/gallery_media.jpeg', 'https://cdn-media.medialabtc.it/es/agencies/md019/estates/614680/images/8838778/gallery_media.jpeg']",0,Desconocido,0,0,0,1,1,Desconocida,0,0,"['imagenes_tecnocasa\\anuncio_833\\0.jpeg', 'imagenes_tecnocasa\\anuncio_833\\1.jpeg', 'imagenes_tecnocasa\\anuncio_833\\2.jpeg', 'imagenes_tecnocasa\\anuncio_833\\3.jpeg', 'imagenes_tecnocasa\\anuncio_833\\4.jpeg', 'imagenes_tecnocasa\\anuncio_833\\5.jpeg', 'imagenes_tecnocasa\\anuncio_833\\6.jpeg', 'imagenes_tecnocasa\\anuncio_833\\7.jpeg', 'imagenes_tecnocasa\\anuncio_833\\8.jpeg', 'imagenes_tecnocasa\\anuncio_833\\9.jpeg', 'imagenes_tecnocasa\\anuncio_833\\10.jpeg', 'imagenes_tecnocasa\\anuncio_833\\11.jpeg', 'imagenes_tecnocasa\\anuncio_833\\12.jpeg', 'imagenes_tecnocasa\\anuncio_833\\13.jpeg', 'imagenes_tecnocasa\\anuncio_833\\14.jpeg', 'imagenes_tecnocasa\\anuncio_833\\15.jpeg', 'imagenes_tecnocasa\\anuncio_833\\16.jpeg', 'imagenes_tecnocasa\\anuncio_833\\17.jpeg', 'imagenes_tecnocasa\\anuncio_833\\18.jpeg', 'imagenes_tecnocasa\\anuncio_833\\19.jpeg', 'imagenes_tecnocasa\\anuncio_833\\20.jpeg', 'imagenes_tecnocasa\\anuncio_833\\21.jpeg', 'imagenes_tecnocasa\\anuncio_833\\22.jpeg', 'imagenes_tecnocasa\\anuncio_833\\23.jpeg', 'imagenes_tecnocasa\\anuncio_833\\24.jpeg', 'imagenes_tecnocasa\\anuncio_833\\25.jpeg', 'imagenes_tecnocasa\\anuncio_833\\26.jpeg']",0,De época,1960,1,0,0,piso,1,Castillejos,"Cuzco - Castillejos, Madrid",40.4598788,-3.694067,833,5150.0,165.0,125.0,0.031250000000000014,0.375,1.0,0.0,otro,pintura,corredera,estándar (2.4-2.8m),nada,3.0,4.0,convencional,"['#F2F2F2', '#007bff', '#FFFFFF']",regular,False,convencional,limitado,ninguno,ninguno,estándar,básica,ninguno,5.6,5.6,ninguna,5
https://www.tecnocasa.es/venta/piso/madrid/madrid/533989.html,380000.0,2,72.0,1,"Agencia Tecnocasa oficina Estrecho 2021 ESTRECHO-BERRUGUETE-BRAVO VENDE EN EXCLUSIVA.
Vivienda en primera planta, distribuida en salón, cocina, dos dormitorios, uno de ellos con acceso a terraza y baño. Salon, cocina y dormitorios cuentan con ventana, Finca muy tranquila y bien ubicada cercana a Bravo Murillo.
Parada Metro Estrecho (Línea 1) a menos de 5 minutos y Santiago Bernabéu (Línea 10) a menos de 15 minutos.
Cerca tiene todos los servicios como restaurantes, farmacias, colegios y centros de salud.
La vivienda se localiza en el barrio de Tetuán, cerca de Bravo Murillo, Infanta Mercedes y General Perón.
Con muy buenas comunicaciones, parada de Autobús lineas 3, 5, 43, 49, 64, 66, 124, 126, 128 y N23, metro LINEA 1, Estrecho, a menos de 5 minutos andando.
Financiación de hasta el 100% con nuestro departamento financiero, Kíron. Asesoramiento gratuito y sin compromiso, no dude en consultarnos.
30 años en el barrio, ¡Gracias por la confianza!",1,1,1,1,1,1,0,1,1,1,"['https://cdn-media.medialabtc.it/es/agencies/md019/estates/533989/images/8952916/gallery_media.jpeg', 'https://cdn-media.medialabtc.it/es/agencies/md019/estates/533989/images/8952912/gallery_media.jpeg', 'https://cdn-media.medialabtc.it/es/agencies/md019/estates/533989/images/8952914/gallery_media.jpeg', 'https://cdn-media.medialabtc.it/es/agencies/md019/estates/533989/images/8952908/gallery_media.jpeg', 'https://cdn-media.medialabtc.it/es/agencies/md019/estates/533989/images/8966536/gallery_media.jpeg', 'https://cdn-media.medialabtc.it/es/agencies/md019/estates/533989/images/8952906/gallery_media.jpeg', 'https://cdn-media.medialabtc.it/es/agencies/md019/estates/533989/images/8952923/gallery_media.jpeg', 'https://cdn-media.medialabtc.it/es/agencies/md019/estates/533989/images/8966540/gallery_media.jpeg', 'https://cdn-media.medialabtc.it/es/agencies/md019/estates/533989/images/8966539/gallery_media.jpeg', 'https://cdn-media.medialabtc.it/es/agencies/md019/estates/533989/images/8952907/gallery_media.jpeg', 'https://cdn-media.medialabtc.it/es/agencies/md019/estates/533989/images/8952922/gallery_media.jpeg', 'https://cdn-media.medialabtc.it/es/agencies/md019/estates/533989/images/8952911/gallery_media.jpeg', 'https://cdn-media.medialabtc.it/es/agencies/md019/estates/533989/images/8952918/gallery_media.jpeg', 'https://cdn-media.medialabtc.it/es/agencies/md019/estates/533989/images/8966538/gallery_media.jpeg', 'https://cdn-media.medialabtc.it/es/agencies/md019/estates/533989/images/8952917/gallery_media.jpeg', 'https://cdn-media.medialabtc.it/es/agencies/md019/estates/533989/images/8952909/gallery_media.jpeg', 'https://cdn-media.medialabtc.it/es/agencies/md019/estates/533989/images/8952913/gallery_media.jpeg', 'https://cdn-media.medialabtc.it/es/agencies/md019/estates/533989/images/8952919/gallery_media.jpeg', 'https://cdn-media.medialabtc.it/es/agencies/md019/estates/533989/images/8966537/gallery_media.jpeg', 'https://cdn-media.medialabtc.it/es/agencies/md019/estates/533989/images/8966541/gallery_media.jpeg', 'https://cdn-media.medialabtc.it/es/agencies/md019/estates/533989/images/8952915/gallery_media.jpeg', 'https://cdn-media.medialabtc.it/es/agencies/md019/estates/533989/images/8952910/gallery_media.jpeg', 'https://cdn-media.medialabtc.it/es/agencies/md019/estates/533989/images/8952920/gallery_media.jpeg', 'https://cdn-media.medialabtc.it/es/agencies/md019/estates/533989/images/8952921/gallery_media.jpeg']",0,Desconocido,0,0,0,1,0,Desconocida,0,0,"['imagenes_tecnocasa\\anuncio_834\\0.jpeg', 'imagenes_tecnocasa\\anuncio_834\\1.jpeg', 'imagenes_tecnocasa\\anuncio_834\\2.jpeg', 'imagenes_tecnocasa\\anuncio_834\\3.jpeg', 'imagenes_tecnocasa\\anuncio_834\\4.jpeg', 'imagenes_tecnocasa\\anuncio_834\\5.jpeg', 'imagenes_tecnocasa\\anuncio_834\\6.jpeg', 'imagenes_tecnocasa\\anuncio_834\\7.jpeg', 'imagenes_tecnocasa\\anuncio_834\\8.jpeg', 'imagenes_tecnocasa\\anuncio_834\\9.jpeg', 'imagenes_tecnocasa\\anuncio_834\\10.jpeg', 'imagenes_tecnocasa\\anuncio_834\\11.jpeg', 'imagenes_tecnocasa\\anuncio_834\\12.jpeg', 'imagenes_tecnocasa\\anuncio_834\\13.jpeg', 'imagenes_tecnocasa\\anuncio_834\\14.jpeg', 'imagenes_tecnocasa\\anuncio_834\\15.jpeg', 'imagenes_tecnocasa\\anuncio_834\\16.jpeg', 'imagenes_tecnocasa\\anuncio_834\\17.jpeg', 'imagenes_tecnocasa\\anuncio_834\\18.jpeg', 'imagenes_tecnocasa\\anuncio_834\\19.jpeg', 'imagenes_tecnocasa\\anuncio_834\\20.jpeg', 'imagenes_tecnocasa\\anuncio_834\\21.jpeg', 'imagenes_tecnocasa\\anuncio_834\\22.jpeg', 'imagenes_tecnocasa\\anuncio_834\\23.jpeg']",0,Media,2005,0,0,0,piso,2,Berruguete,"Tetuán, Berruguete, Madrid",40.4602706,-3.7043452,834,5277.777777777777,153.0,118.0,0.06250000000000003,0.5,0.0,0.0,otro,pintura,corredera,estándar (2.4-2.8m),nada,3.8,5.0,moderno,"['#F2E9E4', '#A08A7B', '#FFFFFF']",buena,False,convencional,limitado,ninguno,ninguno,estándar,básica,ninguno,6.4,6.6,ninguna,5
https://www.tecnocasa.es/venta/piso/madrid/leganes/620156.html,184900.0,4,70.0,2,"Agencia inmobiliaria de LEGANÉS zona FLORES - CASCO ANTIGUO- SANTOS - CANDIL - VEREDA DE LOS ESTUDIANTES Oficina Tecnocasa VENDE:
Tercera planta sita zona de los Santos.
76 m2
Compuesto por: Entrada, salón, cocina, 5 dormitorios,cuarto de baño completo y amplia terraza en Leganés.
Entorno tranquilo y popular.
A menos de 500m de la estacion de METRO/ RENFE Leganes Central, también hay líneas
de autobuses L-1, 432, 450, 480, 483, 484,491,493,492,497,N804.
Muy bien comunicado.",1,1,1,1,1,1,1,1,1,1,"['https://cdn-media.medialabtc.it/es/agencies/md520/estates/620156/images/8954967/gallery_media.jpeg', 'https://cdn-media.medialabtc.it/es/agencies/md520/estates/620156/images/8954976/gallery_media.jpeg', 'https://cdn-media.medialabtc.it/es/agencies/md520/estates/620156/images/8954966/gallery_media.jpeg', 'https://cdn-media.medialabtc.it/es/agencies/md520/estates/620156/images/8954973/gallery_media.jpeg', 'https://cdn-media.medialabtc.it/es/agencies/md520/estates/620156/images/8954975/gallery_media.jpeg', 'https://cdn-media.medialabtc.it/es/agencies/md520/estates/620156/images/8954970/gallery_media.jpeg', 'https://cdn-media.medialabtc.it/es/agencies/md520/estates/620156/images/8954974/gallery_media.jpeg', 'https://cdn-media.medialabtc.it/es/agencies/md520/estates/620156/images/8954900/gallery_media.jpeg', 'https://cdn-media.medialabtc.it/es/agencies/md520/estates/620156/images/8954971/gallery_media.jpeg', 'https://cdn-media.medialabtc.it/es/agencies/md520/estates/620156/images/8954899/gallery_media.jpeg', 'https://cdn-media.medialabtc.it/es/agencies/md520/estates/620156/images/8954972/gallery_media.jpeg', 'https://cdn-media.medialabtc.it/es/agencies/md520/estates/620156/images/8954965/gallery_media.jpeg', 'https://cdn-media.medialabtc.it/es/agencies/md520/estates/620156/images/8954977/gallery_media.jpeg', 'https://cdn-media.medialabtc.it/es/agencies/md520/estates/620156/images/8954968/gallery_media.jpeg', 'https://cdn-media.medialabtc.it/es/agencies/md520/estates/620156/images/8954963/gallery_media.jpeg', 'https://cdn-media.medialabtc.it/es/agencies/md520/estates/620156/images/8954964/gallery_media.jpeg', 'https://cdn-media.medialabtc.it/es/agencies/md520/estates/620156/images/8954901/gallery_media.jpeg', 'https://cdn-media.medialabtc.it/es/agencies/md520/estates/620156/images/8954962/gallery_media.jpeg', 'https://cdn-media.medialabtc.it/es/agencies/md520/estates/620156/images/8954969/gallery_media.jpeg']",0,Desconocido,0,0,0,1,0,E,0,0,"['imagenes_tecnocasa\\anuncio_835\\0.jpeg', 'imagenes_tecnocasa\\anuncio_835\\1.jpeg', 'imagenes_tecnocasa\\anuncio_835\\2.jpeg', 'imagenes_tecnocasa\\anuncio_835\\3.jpeg', 'imagenes_tecnocasa\\anuncio_835\\4.jpeg', 'imagenes_tecnocasa\\anuncio_835\\5.jpeg', 'imagenes_tecnocasa\\anuncio_835\\6.jpeg', 'imagenes_tecnocasa\\anuncio_835\\7.jpeg', 'imagenes_tecnocasa\\anuncio_835\\8.jpeg', 'imagenes_tecnocasa\\anuncio_835\\9.jpeg', 'imagenes_tecnocasa\\anuncio_835\\10.jpeg', 'imagenes_tecnocasa\\anuncio_835\\11.jpeg', 'imagenes_tecnocasa\\anuncio_835\\12.jpeg', 'imagenes_tecnocasa\\anuncio_835\\13.jpeg', 'imagenes_tecnocasa\\anuncio_835\\14.jpeg', 'imagenes_tecnocasa\\anuncio_835\\15.jpeg', 'imagenes_tecnocasa\\anuncio_835\\16.jpeg', 'imagenes_tecnocasa\\anuncio_835\\17.jpeg', 'imagenes_tecnocasa\\anuncio_835\\18.jpeg']",0,Media,1976,0,0,0,piso,3,Leganés,"Santos, Leganés",40.3281942,-3.76527,835,2641.4285714285716,74.0,64.0,0.3,0.575,1.0,0.0,otro,pintura,corredera,estándar (2.4-2.8m),nada,2.8,2.8,convencional,"['#D3D3D3', '#A0A0A0', '#808080']",regular,False,convencional,limitado,ninguno,ninguno,estándar,básica,ninguno,6.4,6.2,ninguna,5
https://www.tecnocasa.es/venta/piso/madrid/madrid/619746.html,380000.0,3,84.0,1,"Agencia Tecnocasa oficina Estrecho 2021 ESTRECHO-BERRUGUETE-BRAVO VENDE EN EXCLUSIVA.
Vivienda exterior, situada en segunda planta con ascensor, distribuida en salón, cocina, tres dormitorios, baño y 3 balcones exteriores a Bravo Murillo, finca muy tranquila y bien ubicada.
VIVIENDA ALQUILADA ACTUALMENTE HASTA EL 1 DE NOVIEMBRE DE 2025. No hay posibilidad de visita
Parada Metro Estrecho (Línea 1) a menos de 5 minutos y Santiago Bernabéu (Línea 10) a menos de 15 minutos.
Cerca tiene todos los servicios como restaurantes, farmacias, colegios y centros de salud.
La vivienda se localiza en el barrio de Tetuán, cerca de Bravo Murillo, Infanta Mercedes y General Perón.
Con muy buenas comunicaciones, parada de Autobús lineas 3, 5, 43, 49, 64, 66, 124, 126, 128 y N23, metro LINEA 1, Estrecho, a menos de 5 minutos andando.
Financiación de hasta el 100% con nuestro departamento financiero, Kíron. Asesoramiento gratuito y sin compromiso, no dude en consultarnos.
30 años en el barrio, ¡Gracias por la confianza!",1,1,1,1,1,1,0,1,1,1,"['https://cdn-media.medialabtc.it/es/agencies/md019/estates/619746/images/8945031/gallery_media.jpeg', 'https://cdn-media.medialabtc.it/es/agencies/md019/estates/619746/images/8959093/gallery_media.jpeg', 'https://cdn-media.medialabtc.it/es/agencies/md019/estates/619746/images/8945026/gallery_media.jpeg', 'https://cdn-media.medialabtc.it/es/agencies/md019/estates/619746/images/8945024/gallery_media.jpeg', 'https://cdn-media.medialabtc.it/es/agencies/md019/estates/619746/images/8945036/gallery_media.jpeg', 'https://cdn-media.medialabtc.it/es/agencies/md019/estates/619746/images/8945023/gallery_media.jpeg', 'https://cdn-media.medialabtc.it/es/agencies/md019/estates/619746/images/8945029/gallery_media.jpeg', 'https://cdn-media.medialabtc.it/es/agencies/md019/estates/619746/images/8945032/gallery_media.jpeg', 'https://cdn-media.medialabtc.it/es/agencies/md019/estates/619746/images/8945034/gallery_media.jpeg', 'https://cdn-media.medialabtc.it/es/agencies/md019/estates/619746/images/8945022/gallery_media.jpeg', 'https://cdn-media.medialabtc.it/es/agencies/md019/estates/619746/images/8959096/gallery_media.jpeg', 'https://cdn-media.medialabtc.it/es/agencies/md019/estates/619746/images/8945035/gallery_media.jpeg', 'https://cdn-media.medialabtc.it/es/agencies/md019/estates/619746/images/8959094/gallery_media.jpeg', 'https://cdn-media.medialabtc.it/es/agencies/md019/estates/619746/images/8945027/gallery_media.jpeg', 'https://cdn-media.medialabtc.it/es/agencies/md019/estates/619746/images/8945025/gallery_media.jpeg', 'https://cdn-media.medialabtc.it/es/agencies/md019/estates/619746/images/8945028/gallery_media.jpeg', 'https://cdn-media.medialabtc.it/es/agencies/md019/estates/619746/images/8945030/gallery_media.jpeg', 'https://cdn-media.medialabtc.it/es/agencies/md019/estates/619746/images/8959095/gallery_media.jpeg', 'https://cdn-media.medialabtc.it/es/agencies/md019/estates/619746/images/8959092/gallery_media.jpeg', 'https://cdn-media.medialabtc.it/es/agencies/md019/estates/619746/images/8945033/gallery_media.jpeg']",0,Desconocido,0,0,0,0,0,Desconocida,0,0,"['imagenes_tecnocasa\\anuncio_836\\0.jpeg', 'imagenes_tecnocasa\\anuncio_836\\1.jpeg', 'imagenes_tecnocasa\\anuncio_836\\2.jpeg', 'imagenes_tecnocasa\\anuncio_836\\3.jpeg', 'imagenes_tecnocasa\\anuncio_836\\4.jpeg', 'imagenes_tecnocasa\\anuncio_836\\5.jpeg', 'imagenes_tecnocasa\\anuncio_836\\6.jpeg', 'imagenes_tecnocasa\\anuncio_836\\7.jpeg', 'imagenes_tecnocasa\\anuncio_836\\8.jpeg', 'imagenes_tecnocasa\\anuncio_836\\9.jpeg', 'imagenes_tecnocasa\\anuncio_836\\10.jpeg', 'imagenes_tecnocasa\\anuncio_836\\11.jpeg', 'imagenes_tecnocasa\\anuncio_836\\12.jpeg', 'imagenes_tecnocasa\\anuncio_836\\13.jpeg', 'imagenes_tecnocasa\\anuncio_836\\14.jpeg', 'imagenes_tecnocasa\\anuncio_836\\15.jpeg', 'imagenes_tecnocasa\\anuncio_836\\16.jpeg', 'imagenes_tecnocasa\\anuncio_836\\17.jpeg', 'imagenes_tecnocasa\\anuncio_836\\18.jpeg', 'imagenes_tecnocasa\\anuncio_836\\19.jpeg']",1,Media,1925,0,0,1,piso,2,Berruguete,"Berruguete, Madrid",40.4602706,-3.7043452,836,4523.809523809524,160.0,126.0,0.06250000000000003,0.5,0.0,0.0,cerámica,pintura,corredera,estándar (2.4-2.8m),nada,3.8,3.6,convencional,"['#D2B48C', '#A0522D', '#F5F5DC']",regular,False,convencional,normal,balcón,ninguno,estándar,básica,ninguno,5.8,6.8,leve,5
https://www.tecnocasa.es/venta/piso/madrid/madrid/603781.html,190000.0,2,62.0,1,"Agencia inmobiliaria de MADRID zona BARRIO DEL PILAR – PEÑAGRANDE Oficina Tecnocasa de MADRID.

Vivienda EN BUEN ESTADO, ORIENTACIÓN SUR-ESTE, que consta de 43 metros cuadrados construidos según catastro. , IDEAL PARA INVERSORES.

Vivienda en planta que dispone de distribuidor, salón, cocina independiente, 2 dormitorios y baño completo.

Actualmente la vivienda se encuentra alquilada.

Vivienda situada en la zona Norte de Madrid, en el barrio de EL PILAR, muy buena UBICACIÓN GEOGRÁFICA, cuenta con excelente COMUNICACIÓN tanto por carretera (M-30, M-40, M-50, A-6, A-1…) como por transporte público (Metro: L. 9-BARRIO DEL PILAR, L. 7-PEÑAGRANDE); Autobuses urbanos: 42, 32, 133, 137, 138, 147, N22. Cercano a LUGARES DE INTERÉS GENERAL como: Centro Comercial LA VAGUADA, Cuatro Torres Business Área, Hospital LA PAZ, Hospital Carlos III, el CENTRO NACIONAL DE INVESTIGACIONES, Campus de MEDICINA de la UAM, Hospital Ramón y Cajal, el PARQUE de la Vaguada, (con toda su oferta de ocio y deporte), el POLIDEPORTIVO MUNICIPAL Vicente del Bosque… Por su consolidación como barrio, cuenta con todo tipo de ESTRUCTURA DOTACIONAL Y DE SERVICIOS PÚBLICOS: comercio de todo tipo, oficinas bancarias, farmacias, centro de salud, biblioteca municipal, centros de culto, etc. Con fácil acceso tanto a la M30 como a la M40.

Zona tranquila con parques y aparcamiento con y sin regulación horaria. Excelente situación, rodeado de todos los servicios: bancos, farmacias, supermercados. A escasos minutos andando del Centro Comercial La Vaguada. Con diferentes colegios alrededor, como Colegio Bravo Murillo, Colegio Herrera Oria, Colegio La Salle, Colegio Valdeluz. La vivienda se sitúa cerca de los Hospitales La Paz y Ramón y Cajal.

Financiación de hasta el 100% con nuestro departamento financiero, KIRON. ASESORAMIENTO GRATUITO Y SIN COMPROMISO, no dude en consultarnos.",1,1,1,1,1,1,0,1,1,1,"['https://cdn-media.medialabtc.it/es/agencies/mdai9/estates/603781/images/8712049/gallery_media.jpeg', 'https://cdn-media.medialabtc.it/es/agencies/mdai9/estates/603781/images/8712062/gallery_media.jpeg', 'https://cdn-media.medialabtc.it/es/agencies/mdai9/estates/603781/images/8712070/gallery_media.jpeg', 'https://cdn-media.medialabtc.it/es/agencies/mdai9/estates/603781/images/8712072/gallery_media.jpeg', 'https://cdn-media.medialabtc.it/es/agencies/mdai9/estates/603781/images/8712066/gallery_media.jpeg', 'https://cdn-media.medialabtc.it/es/agencies/mdai9/estates/603781/images/8712041/gallery_media.jpeg', 'https://cdn-media.medialabtc.it/es/agencies/mdai9/estates/603781/images/8712065/gallery_media.jpeg', 'https://cdn-media.medialabtc.it/es/agencies/mdai9/estates/603781/images/8712064/gallery_media.jpeg', 'https://cdn-media.medialabtc.it/es/agencies/mdai9/estates/603781/images/8712048/gallery_media.jpeg', 'https://cdn-media.medialabtc.it/es/agencies/mdai9/estates/603781/images/8712068/gallery_media.jpeg', 'https://cdn-media.medialabtc.it/es/agencies/mdai9/estates/603781/images/8712067/gallery_media.jpeg', 'https://cdn-media.medialabtc.it/es/agencies/mdai9/estates/603781/images/8712071/gallery_media.jpeg', 'https://cdn-media.medialabtc.it/es/agencies/mdai9/estates/603781/images/8712047/gallery_media.jpeg', 'https://cdn-media.medialabtc.it/es/agencies/mdai9/estates/603781/images/8712069/gallery_media.jpeg', 'https://cdn-media.medialabtc.it/es/agencies/mdai9/estates/603781/images/8712063/gallery_media.jpeg', 'https://cdn-media.medialabtc.it/es/agencies/mdai9/estates/603781/images/8712073/gallery_media.jpeg']",0,Buen estado,1,0,0,0,0,E,0,1,"['imagenes_tecnocasa\\anuncio_841\\0.jpeg', 'imagenes_tecnocasa\\anuncio_841\\1.jpeg', 'imagenes_tecnocasa\\anuncio_841\\2.jpeg', 'imagenes_tecnocasa\\anuncio_841\\3.jpeg', 'imagenes_tecnocasa\\anuncio_841\\4.jpeg', 'imagenes_tecnocasa\\anuncio_841\\5.jpeg', 'imagenes_tecnocasa\\anuncio_841\\6.jpeg', 'imagenes_tecnocasa\\anuncio_841\\7.jpeg', 'imagenes_tecnocasa\\anuncio_841\\8.jpeg', 'imagenes_tecnocasa\\anuncio_841\\9.jpeg', 'imagenes_tecnocasa\\anuncio_841\\10.jpeg', 'imagenes_tecnocasa\\anuncio_841\\11.jpeg', 'imagenes_tecnocasa\\anuncio_841\\12.jpeg', 'imagenes_tecnocasa\\anuncio_841\\13.jpeg', 'imagenes_tecnocasa\\anuncio_841\\14.jpeg', 'imagenes_tecnocasa\\anuncio_841\\15.jpeg']",1,Popular,1965,1,0,0,piso,1,Madrid,"Pilar, Madrid",40.4167047,-3.7035825,841,3064.516129032258,281.0,205.0,0.47500000000000003,0.75,0.0,1.0,otro,pintura,corredera,estándar (2.4-2.8m),nada,3.6,4.6,convencional,"['#A0522D', '#808080', '#F0E68C']",regular,False,convencional,limitado,ninguno,ninguno,estándar,básica,ninguno,6.8,6.6,ninguna,5
https://www.tecnocasa.es/venta/piso/madrid/valdemoro/619700.html,287200.0,3,101.0,2,"Agencia inmobiliaria de Valdemoro, Tecnocasa Estudio Las Tres Erres SL.

VENDE PISO en Valdemoro en zona centro, formado por salón-comedor, cocina totalmente equipada y espaciosa con salida a tendedero, tres dormitorios con armarios empotrados y 2 baños completos uno con ducha y otro con bañera (uno de ellos en suite). La Vivienda además cuenta con suelos en toda la casa de tarima, armarios empotrados en todos los dormitorios y en el salón, preinstalación de aire por conductos, paredes lisas, video portero, zonas comunes y piscina.

Dos plazas de garaje incluida en el precio.

La vivienda está en una zona en expansión, pero ya consolidada con acceso a multitud de servicios, como la facilidad de entrada y salida a la población a través de la autovía, así como bien comunicada por la red de transportes del municipio y con zonas verdes alrededor.

No dude en llamarnos para concertar su cita para visitar el inmueble en la que además recibirá el asesoramiento gratuito de nuestro departamento financiero KÌRON.",0,1,1,1,0,1,0,1,0,1,"['https://cdn-media.medialabtc.it/es/agencies/md607/estates/619700/images/8953153/gallery_media.jpeg', 'https://cdn-media.medialabtc.it/es/agencies/md607/estates/619700/images/8953161/gallery_media.jpeg', 'https://cdn-media.medialabtc.it/es/agencies/md607/estates/619700/images/8953157/gallery_media.jpeg', 'https://cdn-media.medialabtc.it/es/agencies/md607/estates/619700/images/8953179/gallery_media.jpeg', 'https://cdn-media.medialabtc.it/es/agencies/md607/estates/619700/images/8953173/gallery_media.jpeg', 'https://cdn-media.medialabtc.it/es/agencies/md607/estates/619700/images/8953152/gallery_media.jpeg', 'https://cdn-media.medialabtc.it/es/agencies/md607/estates/619700/images/8953185/gallery_media.jpeg', 'https://cdn-media.medialabtc.it/es/agencies/md607/estates/619700/images/8953172/gallery_media.jpeg', 'https://cdn-media.medialabtc.it/es/agencies/md607/estates/619700/images/8953177/gallery_media.jpeg', 'https://cdn-media.medialabtc.it/es/agencies/md607/estates/619700/images/8953180/gallery_media.jpeg', 'https://cdn-media.medialabtc.it/es/agencies/md607/estates/619700/images/8953178/gallery_media.jpeg', 'https://cdn-media.medialabtc.it/es/agencies/md607/estates/619700/images/8953176/gallery_media.jpeg', 'https://cdn-media.medialabtc.it/es/agencies/md607/estates/619700/images/8953156/gallery_media.jpeg', 'https://cdn-media.medialabtc.it/es/agencies/md607/estates/619700/images/8953159/gallery_media.jpeg', 'https://cdn-media.medialabtc.it/es/agencies/md607/estates/619700/images/8953155/gallery_media.jpeg', 'https://cdn-media.medialabtc.it/es/agencies/md607/estates/619700/images/8953175/gallery_media.jpeg', 'https://cdn-media.medialabtc.it/es/agencies/md607/estates/619700/images/8953158/gallery_media.jpeg', 'https://cdn-media.medialabtc.it/es/agencies/md607/estates/619700/images/8953160/gallery_media.jpeg', 'https://cdn-media.medialabtc.it/es/agencies/md607/estates/619700/images/8953174/gallery_media.jpeg', 'https://cdn-media.medialabtc.it/es/agencies/md607/estates/619700/images/8957444/gallery_media.jpeg', 'https://cdn-media.medialabtc.it/es/agencies/md607/estates/619700/images/8953183/gallery_media.jpeg', 'https://cdn-media.medialabtc.it/es/agencies/md607/estates/619700/images/8953151/gallery_media.jpeg', 'https://cdn-media.medialabtc.it/es/agencies/md607/estates/619700/images/8953186/gallery_media.jpeg', 'https://cdn-media.medialabtc.it/es/agencies/md607/estates/619700/images/8953184/gallery_media.jpeg', 'https://cdn-media.medialabtc.it/es/agencies/md607/estates/619700/images/8953154/gallery_media.jpeg']",0,Desconocido,1,0,1,0,1,Desconocida,0,0,"['imagenes_tecnocasa\\anuncio_842\\0.jpeg', 'imagenes_tecnocasa\\anuncio_842\\1.jpeg', 'imagenes_tecnocasa\\anuncio_842\\2.jpeg', 'imagenes_tecnocasa\\anuncio_842\\3.jpeg', 'imagenes_tecnocasa\\anuncio_842\\4.jpeg', 'imagenes_tecnocasa\\anuncio_842\\5.jpeg', 'imagenes_tecnocasa\\anuncio_842\\6.jpeg', 'imagenes_tecnocasa\\anuncio_842\\7.jpeg', 'imagenes_tecnocasa\\anuncio_842\\8.jpeg', 'imagenes_tecnocasa\\anuncio_842\\9.jpeg', 'imagenes_tecnocasa\\anuncio_842\\10.jpeg', 'imagenes_tecnocasa\\anuncio_842\\11.jpeg', 'imagenes_tecnocasa\\anuncio_842\\12.jpeg', 'imagenes_tecnocasa\\anuncio_842\\13.jpeg', 'imagenes_tecnocasa\\anuncio_842\\14.jpeg', 'imagenes_tecnocasa\\anuncio_842\\15.jpeg', 'imagenes_tecnocasa\\anuncio_842\\16.jpeg', 'imagenes_tecnocasa\\anuncio_842\\17.jpeg', 'imagenes_tecnocasa\\anuncio_842\\18.jpeg', 'imagenes_tecnocasa\\anuncio_842\\19.jpeg', 'imagenes_tecnocasa\\anuncio_842\\20.jpeg', 'imagenes_tecnocasa\\anuncio_842\\21.jpeg', 'imagenes_tecnocasa\\anuncio_842\\22.jpeg', 'imagenes_tecnocasa\\anuncio_842\\23.jpeg', 'imagenes_tecnocasa\\anuncio_842\\24.jpeg']",0,Media,2013,0,0,0,piso,2,Valdemoro,Valdemoro,40.1888604,-3.67143,842,2843.5643564356437,166.0,112.0,0.0,0.0,0.0,0.0,otro,pintura,corredera,estándar (2.4-2.8m),nada,4.2,5.4,moderno,"['#F5F5DC', '#A0522D', '#808080']",buena,False,convencional,normal,ninguno,ninguno,estándar,básica,ninguno,6.6,6.4,ninguna,5
https://www.tecnocasa.es/venta/piso/madrid/madrid/525830.html,265000.0,2,59.0,1,"DEPARTAMENTO FINANCIERO KÍRON / TECNOCASA VENDE EN EXCLUSIVA ESTA PROPIEDAD.
Agencia inmobiliaria de Madrid Zona Ciudad Lineal, Quintana Tecnocasa Oficina Quintana .
EN VENTA:
Oportunidad única: Piso para reformar con opción de sacar 2 habitaciones. Se encuentra en la calle de Alcalá, Ciudad Lineal, y se sitúa en la PRIMERA PLANTA CON ASCENSOR.
UBICACIÓN: ¿Estás buscando el lugar perfecto para comenzar una nueva vida o invertir en inmuebles? ¡has llegado al sitio adecuado! Este piso está situado en una ubicación privilegiada, en la CALLE DE ALCALÁ junto a la parada de metro de Pueblo Nuevo y a menos de 5 minutos andando de la plaza de Quintana, y a escasos metros del conocido Polideportivo Municipal de La Concepción, situado en la calle José del Hierro.
ESPACIO: Con 59 metros cuadrados catastrales, esta propiedad ofrece una distribución cómoda.
HABITACIONES: Posibilidad de sacar dos dormitorios luminosos y acogedores, perfectos para familias o como inversión de alquiler.
SALÓN-COMEDOR: Un salón-cocina americana con acceso directo a una terraza de con 9 metros de largo.
BAÑO: Un baño completo.
TRASTERO: Cuenta con un trastero situado en la parte de arriba del edificio.
PLAZA DE GARAJE: Dentro del precio, se incluye un garaje con concesión del ayuntamiento de Madrid hasta el año 2039.
Este piso es perfecto para aquellos que deseen disfrutar de la vida urbana en su máxima expresión.
¡No pierdas la oportunidad de vivir en el corazón de Ciudad Lineal!
Contáctanos hoy mismo para programar una visita y conocer este increíble inmueble en persona.
Zona equipada con todos los servicios; supermercados, comercios, cafeterías, colegios privados y públicos, parques, polideportivo, Centros Comerciales y Zonas verdes.
En cuanto al transporte la ubicación es excepcional:
Líneas de metro: 5 (Quintana) y 7 (Pueblo Nuevo).
Bus directo a Callao, Manuel Becerra, Canillejas, Plaza Castilla y Las Rosas.
¿Busca su vivienda según esta tipología? Contacte con nuestra oficina de la calle Virgen del Sagrario 3 (Plaza de Quintana), y nuestros asesores inmobiliarios le ampliarán la información sobre esta u otras viviendas.
Además, le podemos ofrecer asesoramiento financiero y profesional de forma gratuita, ofreciéndole los productos financieros del mercado más adecuados para usted.
APROVECHE EL MOMENTO, NO PIERDA SU OPORTUNIDAD Y PASE SU PROPUESTA.",1,0,1,1,1,1,1,1,1,1,"['https://cdn-media.medialabtc.it/es/agencies/md021/estates/525830/images/8768684/gallery_media.jpeg', 'https://cdn-media.medialabtc.it/es/agencies/md021/estates/525830/images/8768686/gallery_media.jpeg', 'https://cdn-media.medialabtc.it/es/agencies/md021/estates/525830/images/8768673/gallery_media.jpeg', 'https://cdn-media.medialabtc.it/es/agencies/md021/estates/525830/images/8786515/gallery_media.jpeg', 'https://cdn-media.medialabtc.it/es/agencies/md021/estates/525830/images/8771233/gallery_media.jpeg', 'https://cdn-media.medialabtc.it/es/agencies/md021/estates/525830/images/8768675/gallery_media.jpeg', 'https://cdn-media.medialabtc.it/es/agencies/md021/estates/525830/images/8768671/gallery_media.jpeg', 'https://cdn-media.medialabtc.it/es/agencies/md021/estates/525830/images/8771235/gallery_media.jpeg', 'https://cdn-media.medialabtc.it/es/agencies/md021/estates/525830/images/8771228/gallery_media.jpeg', 'https://cdn-media.medialabtc.it/es/agencies/md021/estates/525830/images/8786517/gallery_media.jpeg', 'https://cdn-media.medialabtc.it/es/agencies/md021/estates/525830/images/8768677/gallery_media.jpeg', 'https://cdn-media.medialabtc.it/es/agencies/md021/estates/525830/images/8786518/gallery_media.jpeg', 'https://cdn-media.medialabtc.it/es/agencies/md021/estates/525830/images/8786519/gallery_media.jpeg', 'https://cdn-media.medialabtc.it/es/agencies/md021/estates/525830/images/8771234/gallery_media.jpeg', 'https://cdn-media.medialabtc.it/es/agencies/md021/estates/525830/images/8771230/gallery_media.jpeg', 'https://cdn-media.medialabtc.it/es/agencies/md021/estates/525830/images/8786516/gallery_media.jpeg', 'https://cdn-media.medialabtc.it/es/agencies/md021/estates/525830/images/8768676/gallery_media.jpeg', 'https://cdn-media.medialabtc.it/es/agencies/md021/estates/525830/images/8768683/gallery_media.jpeg', 'https://cdn-media.medialabtc.it/es/agencies/md021/estates/525830/images/8768688/gallery_media.jpeg', 'https://cdn-media.medialabtc.it/es/agencies/md021/estates/525830/images/8768678/gallery_media.jpeg', 'https://cdn-media.medialabtc.it/es/agencies/md021/estates/525830/images/8768674/gallery_media.jpeg', 'https://cdn-media.medialabtc.it/es/agencies/md021/estates/525830/images/8771236/gallery_media.jpeg', 'https://cdn-media.medialabtc.it/es/agencies/md021/estates/525830/images/8841273/gallery_media.jpeg', 'https://cdn-media.medialabtc.it/es/agencies/md021/estates/525830/images/8771231/gallery_media.jpeg', 'https://cdn-media.medialabtc.it/es/agencies/md021/estates/525830/images/8768687/gallery_media.jpeg', 'https://cdn-media.medialabtc.it/es/agencies/md021/estates/525830/images/8771229/gallery_media.jpeg']",0,Desconocido,1,1,0,1,0,E,0,0,"['imagenes_tecnocasa\\anuncio_843\\0.jpeg', 'imagenes_tecnocasa\\anuncio_843\\1.jpeg', 'imagenes_tecnocasa\\anuncio_843\\2.jpeg', 'imagenes_tecnocasa\\anuncio_843\\3.jpeg', 'imagenes_tecnocasa\\anuncio_843\\4.jpeg', 'imagenes_tecnocasa\\anuncio_843\\5.jpeg', 'imagenes_tecnocasa\\anuncio_843\\6.jpeg', 'imagenes_tecnocasa\\anuncio_843\\7.jpeg', 'imagenes_tecnocasa\\anuncio_843\\8.jpeg', 'imagenes_tecnocasa\\anuncio_843\\9.jpeg', 'imagenes_tecnocasa\\anuncio_843\\10.jpeg', 'imagenes_tecnocasa\\anuncio_843\\11.jpeg', 'imagenes_tecnocasa\\anuncio_843\\12.jpeg', 'imagenes_tecnocasa\\anuncio_843\\13.jpeg', 'imagenes_tecnocasa\\anuncio_843\\14.jpeg', 'imagenes_tecnocasa\\anuncio_843\\15.jpeg', 'imagenes_tecnocasa\\anuncio_843\\16.jpeg', 'imagenes_tecnocasa\\anuncio_843\\17.jpeg', 'imagenes_tecnocasa\\anuncio_843\\18.jpeg', 'imagenes_tecnocasa\\anuncio_843\\19.jpeg', 'imagenes_tecnocasa\\anuncio_843\\20.jpeg', 'imagenes_tecnocasa\\anuncio_843\\21.jpeg', 'imagenes_tecnocasa\\anuncio_843\\22.jpeg', 'imagenes_tecnocasa\\anuncio_843\\23.jpeg', 'imagenes_tecnocasa\\anuncio_843\\24.jpeg', 'imagenes_tecnocasa\\anuncio_843\\25.jpeg']",0,Popular,1970,0,0,1,piso,2,Madrid,"Quintana, Madrid",40.4167047,-3.7035825,843,4491.525423728814,364.0,252.0,0.0,0.0,1.0,1.0,otro,pintura,ninguna visible,estándar (2.4-2.8m),nada,2.0,3.8,moderno,"['#FFFFFF', '#EEEEEE', '#BDBDBD']",regular,False,convencional,limitado,ninguno,ninguno,básico,básica,ninguno,6.4,6.6,ninguna,5
https://www.tecnocasa.es/venta/piso/madrid/madrid/603069.html,165000.0,2,88.0,1,"Agencia inmobiliaria de MADRID VALLECAS - Zona PALOMERAS SURESTE - Oficina TECNOCASA
Vende piso exterior muy luminoso con vistas al parque lineal de Palomeras; ubicado en una segunda planta.
Edificio adaptado a personas de movilidad reducida.

TECNOCASA → PALOMERAS SURESTE - PORTAZGO.

La vivienda se distribuye de la siguiente forma:

Hall recibidor con armario empotrado que sirve como distribuidor entre la cocina y el salón - comedor.
Salón - comedor con salida a una terraza muy agradable, cocina de formato alargado de un tamaño perfecto.
Dispone de un salón de estar.

Dos dormitorios con armarios empotrados, con espacio suficiente para poder albergar camas de gran tamaño. El principal tiene salida a una segunda terraza cuadrada cerrada.
Dispone de un cuarto de baño.
Calefacción individual con gas natural.

La vivienda se encuentra en una zona con muy buena comunicación, a escasos metros de la Avda. de Miguel Hernández y Pablo Neruda. Fácil y rápido acceso a las principales vías de entrada y salida de Madrid. Conexión M-30, M-40 y A-3. Excelente comunicación por autobuses, metro y Renfe.

Con todos los servicios como centros de salud, farmacias, colegios, institutos, bancos, supermercado, polideportivos…

Si se ajusta a sus criterios y busca una buena oportunidad esta vivienda puede ser la suya, venga a verla, y si necesita financiación quedan a su disposición nuestros compañeros del departamento financiero Kíron para ofrecerle la mejor opción de financiación.
¡No dude en venir a verlo!

Muchas gracias por su confianza.",1,1,1,1,1,1,0,1,1,1,"['https://cdn-media.medialabtc.it/es/agencies/md099/estates/603069/images/8572948/gallery_media.jpeg', 'https://cdn-media.medialabtc.it/es/agencies/md099/estates/603069/images/8572946/gallery_media.jpeg', 'https://cdn-media.medialabtc.it/es/agencies/md099/estates/603069/images/8572951/gallery_media.jpeg', 'https://cdn-media.medialabtc.it/es/agencies/md099/estates/603069/images/8572942/gallery_media.jpeg', 'https://cdn-media.medialabtc.it/es/agencies/md099/estates/603069/images/8572950/gallery_media.jpeg', 'https://cdn-media.medialabtc.it/es/agencies/md099/estates/603069/images/8572952/gallery_media.jpeg', 'https://cdn-media.medialabtc.it/es/agencies/md099/estates/603069/images/8572945/gallery_media.jpeg', 'https://cdn-media.medialabtc.it/es/agencies/md099/estates/603069/images/8572947/gallery_media.jpeg', 'https://cdn-media.medialabtc.it/es/agencies/md099/estates/603069/images/8572949/gallery_media.jpeg', 'https://cdn-media.medialabtc.it/es/agencies/md099/estates/603069/images/8572943/gallery_media.jpeg', 'https://cdn-media.medialabtc.it/es/agencies/md099/estates/603069/images/8572944/gallery_media.jpeg']",1,Desconocido,0,0,0,1,0,Desconocida,0,0,"['imagenes_tecnocasa\\anuncio_845\\0.jpeg', 'imagenes_tecnocasa\\anuncio_845\\1.jpeg', 'imagenes_tecnocasa\\anuncio_845\\2.jpeg', 'imagenes_tecnocasa\\anuncio_845\\3.jpeg', 'imagenes_tecnocasa\\anuncio_845\\4.jpeg', 'imagenes_tecnocasa\\anuncio_845\\5.jpeg', 'imagenes_tecnocasa\\anuncio_845\\6.jpeg', 'imagenes_tecnocasa\\anuncio_845\\7.jpeg', 'imagenes_tecnocasa\\anuncio_845\\8.jpeg', 'imagenes_tecnocasa\\anuncio_845\\9.jpeg', 'imagenes_tecnocasa\\anuncio_845\\10.jpeg']",0,Media,1985,1,0,1,piso,2,Madrid,"Palomeras - Portazgo, Madrid",40.4167047,-3.7035825,845,1875.0,242.0,167.0,0.0625,0.4,1.0,0.0,otro,pintura,otro,estándar (2.4-2.8m),nada,2.8,3.0,convencional,"['#D2B48C', '#A0522D', '#F5F5DC']",regular,False,convencional,limitado,ninguno,ninguno,estándar,básica,ninguno,5.0,5.2,ninguna,5
https://www.tecnocasa.es/venta/piso/madrid/collado-villalba/619059.html,199000.0,3,98.0,1,"Agencia inmobiliaria de COLLADO VILLALBA - zona VILLALBA PUEBLO vende: piso en urbanización cerrada con portero y piscina.

Piso ubicado en una zona céntrica y bien comunicado. Consta de salón con chimenea y salida a la terraza de la vivienda, cocina con tendedero, baño completo con bañera y 3 dormitorios, de los cuales 2 con armario empotrado. Además, la vivienda cuenta con una plaza de garaje en la parte baja de la urbanización.
La urbanización cuenta con portero físico, amplias zonas ajardinadas, parque infantil, pista polideportiva y piscina recién remodelada.
La vivienda está muy bien situada, en pleno centro, y con muy buenas conexiones mediante transporte público a Moncloa y la sierra. La Renfe se encuentra a un bus urbano; acceso rápido a la A-6 y a la M-607 (dirección Colmenar Viejo, Tres Cantos, Alcobendas, Plaza Castilla, etc. ). Además, se encuentra situado al lado del colegio de los Maristas, el de la Almudena, el Centro Comercial Los Valles y el polideportivo de Collado Villalba.",0,1,1,1,1,1,0,1,1,1,"['https://cdn-media.medialabtc.it/es/agencies/md510/estates/619059/images/8955743/gallery_media.jpeg', 'https://cdn-media.medialabtc.it/es/agencies/md510/estates/619059/images/8955715/gallery_media.jpeg', 'https://cdn-media.medialabtc.it/es/agencies/md510/estates/619059/images/8955713/gallery_media.jpeg', 'https://cdn-media.medialabtc.it/es/agencies/md510/estates/619059/images/8955727/gallery_media.jpeg', 'https://cdn-media.medialabtc.it/es/agencies/md510/estates/619059/images/8955728/gallery_media.jpeg', 'https://cdn-media.medialabtc.it/es/agencies/md510/estates/619059/images/8955721/gallery_media.jpeg', 'https://cdn-media.medialabtc.it/es/agencies/md510/estates/619059/images/8955744/gallery_media.jpeg', 'https://cdn-media.medialabtc.it/es/agencies/md510/estates/619059/images/8955716/gallery_media.jpeg', 'https://cdn-media.medialabtc.it/es/agencies/md510/estates/619059/images/8955719/gallery_media.jpeg', 'https://cdn-media.medialabtc.it/es/agencies/md510/estates/619059/images/8955747/gallery_media.jpeg', 'https://cdn-media.medialabtc.it/es/agencies/md510/estates/619059/images/8955745/gallery_media.jpeg', 'https://cdn-media.medialabtc.it/es/agencies/md510/estates/619059/images/8955714/gallery_media.jpeg', 'https://cdn-media.medialabtc.it/es/agencies/md510/estates/619059/images/8955717/gallery_media.jpeg', 'https://cdn-media.medialabtc.it/es/agencies/md510/estates/619059/images/8955731/gallery_media.jpeg', 'https://cdn-media.medialabtc.it/es/agencies/md510/estates/619059/images/8955748/gallery_media.jpeg', 'https://cdn-media.medialabtc.it/es/agencies/md510/estates/619059/images/8955742/gallery_media.jpeg', 'https://cdn-media.medialabtc.it/es/agencies/md510/estates/619059/images/8955746/gallery_media.jpeg', 'https://cdn-media.medialabtc.it/es/agencies/md510/estates/619059/images/8955718/gallery_media.jpeg', 'https://cdn-media.medialabtc.it/es/agencies/md510/estates/619059/images/8955730/gallery_media.jpeg', 'https://cdn-media.medialabtc.it/es/agencies/md510/estates/619059/images/8955729/gallery_media.jpeg']",0,Desconocido,1,0,1,1,1,E,0,0,"['imagenes_tecnocasa\\anuncio_846\\0.jpeg', 'imagenes_tecnocasa\\anuncio_846\\1.jpeg', 'imagenes_tecnocasa\\anuncio_846\\2.jpeg', 'imagenes_tecnocasa\\anuncio_846\\3.jpeg', 'imagenes_tecnocasa\\anuncio_846\\4.jpeg', 'imagenes_tecnocasa\\anuncio_846\\5.jpeg', 'imagenes_tecnocasa\\anuncio_846\\6.jpeg', 'imagenes_tecnocasa\\anuncio_846\\7.jpeg', 'imagenes_tecnocasa\\anuncio_846\\8.jpeg', 'imagenes_tecnocasa\\anuncio_846\\9.jpeg', 'imagenes_tecnocasa\\anuncio_846\\10.jpeg', 'imagenes_tecnocasa\\anuncio_846\\11.jpeg', 'imagenes_tecnocasa\\anuncio_846\\12.jpeg', 'imagenes_tecnocasa\\anuncio_846\\13.jpeg', 'imagenes_tecnocasa\\anuncio_846\\14.jpeg', 'imagenes_tecnocasa\\anuncio_846\\15.jpeg', 'imagenes_tecnocasa\\anuncio_846\\16.jpeg', 'imagenes_tecnocasa\\anuncio_846\\17.jpeg', 'imagenes_tecnocasa\\anuncio_846\\18.jpeg', 'imagenes_tecnocasa\\anuncio_846\\19.jpeg']",0,Popular,1974,1,0,0,piso,2,Collado Villalba,Collado Villalba,40.6431496,-3.9930128,846,2030.6122448979593,165.0,110.0,0.0,0.0,0.0,0.0,otro,pintura,corredera,estándar (2.4-2.8m),nada,4.0,3.4,vintage,"['#FFFFFF', '#808080', '#008080']",buena,False,convencional,limitado,ninguno,ninguno,estándar,parcialmente equipada,ninguno,6.8,6.6,ninguna,5
https://www.tecnocasa.es/venta/piso/madrid/madrid/619136.html,350000.0,1,35.0,1,"Agencia inmobiliaria de Madrid - Chamberí - Arapiles, Trafalgar, Almagro, Ríos Rosas - Tecnocasa - Vende - calle Fernandez De Los Rios.
Magnifica vivienda compuesta de salon comedor, dormitorio independiente con armario empotrado de tres hojas, cuarto de baño equipado con plato de ducha, sanitario, lavamanos y ventilación por ventana, cocina independiente totalmente equipada con acceso a un patio comunitario de uso privativo. La finca dispone de acceso para personas con movilidad reducida ya que no tiene ninguna barrera arquitectonica.

Muy bien comunicado, a 5 minutos andando de las paradas de metro de Islas Filipinas, Quevedo, Iglesia o Alonso Cano, y varias líneas de autobuses disponibles en Bravo Murillo y Santa Engracia. Cuenta con zonas emblemáticas cercanas como el Parque del Canal, Parque de Santander y plaza de Olavide.

Disponemos de nuestro propio departamento financiero. Podemos conseguirle hasta el 100% de financiación de su vivienda. Para solicitar una visita o más información, no dude en ponerse en contacto con nosotros.

En Tecnocasa ofrecemos un servicio personalizado de gestión inmobiliaria aportando una experiencia de más de 30 años en la zona. No dude en comprobarlo con una valoración gratuita y sin compromiso de su vivienda.",1,0,1,1,1,1,1,1,1,1,"['https://cdn-media.medialabtc.it/es/agencies/md637/estates/619136/images/8955970/gallery_media.jpeg', 'https://cdn-media.medialabtc.it/es/agencies/md637/estates/619136/images/8955858/gallery_media.jpeg', 'https://cdn-media.medialabtc.it/es/agencies/md637/estates/619136/images/8955963/gallery_media.jpeg', 'https://cdn-media.medialabtc.it/es/agencies/md637/estates/619136/images/8955861/gallery_media.jpeg', 'https://cdn-media.medialabtc.it/es/agencies/md637/estates/619136/images/8955964/gallery_media.jpeg', 'https://cdn-media.medialabtc.it/es/agencies/md637/estates/619136/images/8955982/gallery_media.jpeg', 'https://cdn-media.medialabtc.it/es/agencies/md637/estates/619136/images/8955977/gallery_media.jpeg', 'https://cdn-media.medialabtc.it/es/agencies/md637/estates/619136/images/8955965/gallery_media.jpeg', 'https://cdn-media.medialabtc.it/es/agencies/md637/estates/619136/images/8955973/gallery_media.jpeg', 'https://cdn-media.medialabtc.it/es/agencies/md637/estates/619136/images/8955969/gallery_media.jpeg', 'https://cdn-media.medialabtc.it/es/agencies/md637/estates/619136/images/8955962/gallery_media.jpeg', 'https://cdn-media.medialabtc.it/es/agencies/md637/estates/619136/images/8955972/gallery_media.jpeg', 'https://cdn-media.medialabtc.it/es/agencies/md637/estates/619136/images/8955971/gallery_media.jpeg', 'https://cdn-media.medialabtc.it/es/agencies/md637/estates/619136/images/8955976/gallery_media.jpeg', 'https://cdn-media.medialabtc.it/es/agencies/md637/estates/619136/images/8955967/gallery_media.jpeg', 'https://cdn-media.medialabtc.it/es/agencies/md637/estates/619136/images/8955860/gallery_media.jpeg', 'https://cdn-media.medialabtc.it/es/agencies/md637/estates/619136/images/8955856/gallery_media.jpeg', 'https://cdn-media.medialabtc.it/es/agencies/md637/estates/619136/images/8955974/gallery_media.jpeg', 'https://cdn-media.medialabtc.it/es/agencies/md637/estates/619136/images/8955978/gallery_media.jpeg', 'https://cdn-media.medialabtc.it/es/agencies/md637/estates/619136/images/8955968/gallery_media.jpeg', 'https://cdn-media.medialabtc.it/es/agencies/md637/estates/619136/images/8955859/gallery_media.jpeg', 'https://cdn-media.medialabtc.it/es/agencies/md637/estates/619136/images/8955857/gallery_media.jpeg', 'https://cdn-media.medialabtc.it/es/agencies/md637/estates/619136/images/8955966/gallery_media.jpeg', 'https://cdn-media.medialabtc.it/es/agencies/md637/estates/619136/images/8955975/gallery_media.jpeg', 'https://cdn-media.medialabtc.it/es/agencies/md637/estates/619136/images/8955979/gallery_media.jpeg', 'https://cdn-media.medialabtc.it/es/agencies/md637/estates/619136/images/8955980/gallery_media.jpeg', 'https://cdn-media.medialabtc.it/es/agencies/md637/estates/619136/images/8955981/gallery_media.jpeg']",0,Desconocido,0,0,0,0,0,E,1,0,"['imagenes_tecnocasa\\anuncio_848\\0.jpeg', 'imagenes_tecnocasa\\anuncio_848\\1.jpeg', 'imagenes_tecnocasa\\anuncio_848\\2.jpeg', 'imagenes_tecnocasa\\anuncio_848\\3.jpeg', 'imagenes_tecnocasa\\anuncio_848\\4.jpeg', 'imagenes_tecnocasa\\anuncio_848\\5.jpeg', 'imagenes_tecnocasa\\anuncio_848\\6.jpeg', 'imagenes_tecnocasa\\anuncio_848\\7.jpeg', 'imagenes_tecnocasa\\anuncio_848\\8.jpeg', 'imagenes_tecnocasa\\anuncio_848\\9.jpeg', 'imagenes_tecnocasa\\anuncio_848\\10.jpeg', 'imagenes_tecnocasa\\anuncio_848\\11.jpeg', 'imagenes_tecnocasa\\anuncio_848\\12.jpeg', 'imagenes_tecnocasa\\anuncio_848\\13.jpeg', 'imagenes_tecnocasa\\anuncio_848\\14.jpeg', 'imagenes_tecnocasa\\anuncio_848\\15.jpeg', 'imagenes_tecnocasa\\anuncio_848\\16.jpeg', 'imagenes_tecnocasa\\anuncio_848\\17.jpeg', 'imagenes_tecnocasa\\anuncio_848\\18.jpeg', 'imagenes_tecnocasa\\anuncio_848\\19.jpeg', 'imagenes_tecnocasa\\anuncio_848\\20.jpeg', 'imagenes_tecnocasa\\anuncio_848\\21.jpeg', 'imagenes_tecnocasa\\anuncio_848\\22.jpeg', 'imagenes_tecnocasa\\anuncio_848\\23.jpeg', 'imagenes_tecnocasa\\anuncio_848\\24.jpeg', 'imagenes_tecnocasa\\anuncio_848\\25.jpeg', 'imagenes_tecnocasa\\anuncio_848\\26.jpeg']",0,Media,1930,1,0,0,piso,2,Madrid,Madrid,40.4167047,-3.7035825,848,10000.0,194.0,141.0,0.0,0.0,0.0,0.0,otro,pintura,corredera,estándar (2.4-2.8m),nada,5.8,5.6,moderno,"['#F2E8CF', '#D2B48C', '#A0522D']",buena,True,convencional,normal,ninguno,ninguno,estándar,parcialmente equipada,ninguno,7.8,6.8,ninguna,5
https://www.tecnocasa.es/venta/piso/madrid/madrid/484236.html,229000.0,3,58.0,1,"Agencia inmobiliaria de MADRID - zona VALLECAS - PORTAZGO - PALOMERAS BAJAS - Oficina Tecnocasa vende vivienda con amplia terraza. Primera planta exterior con ventana en todas sus estancias, cuenta con 3 dormitorios, salón con acceso a terraza, cocina y cuarto de baño. Finca con doble puerta de seguridad, a escasos minutos a pie de Metro Portazgo y paradas de autobús. Zona muy bien comunicada con todos los comercios y servicios, fácil acceso a m30 y m40.",1,1,1,1,1,1,0,1,1,1,"['https://cdn-media.medialabtc.it/es/agencies/mdade/estates/484236/images/8907469/gallery_media.jpeg', 'https://cdn-media.medialabtc.it/es/agencies/mdade/estates/484236/images/8907470/gallery_media.jpeg', 'https://cdn-media.medialabtc.it/es/agencies/mdade/estates/484236/images/8907474/gallery_media.jpeg', 'https://cdn-media.medialabtc.it/es/agencies/mdade/estates/484236/images/8907452/gallery_media.jpeg', 'https://cdn-media.medialabtc.it/es/agencies/mdade/estates/484236/images/8907472/gallery_media.jpeg', 'https://cdn-media.medialabtc.it/es/agencies/mdade/estates/484236/images/8907453/gallery_media.jpeg', 'https://cdn-media.medialabtc.it/es/agencies/mdade/estates/484236/images/8907473/gallery_media.jpeg', 'https://cdn-media.medialabtc.it/es/agencies/mdade/estates/484236/images/8907454/gallery_media.jpeg', 'https://cdn-media.medialabtc.it/es/agencies/mdade/estates/484236/images/8907467/gallery_media.jpeg', 'https://cdn-media.medialabtc.it/es/agencies/mdade/estates/484236/images/8907462/gallery_media.jpeg', 'https://cdn-media.medialabtc.it/es/agencies/mdade/estates/484236/images/8907463/gallery_media.jpeg', 'https://cdn-media.medialabtc.it/es/agencies/mdade/estates/484236/images/8907458/gallery_media.jpeg', 'https://cdn-media.medialabtc.it/es/agencies/mdade/estates/484236/images/8907457/gallery_media.jpeg', 'https://cdn-media.medialabtc.it/es/agencies/mdade/estates/484236/images/8907456/gallery_media.jpeg', 'https://cdn-media.medialabtc.it/es/agencies/mdade/estates/484236/images/8907471/gallery_media.jpeg', 'https://cdn-media.medialabtc.it/es/agencies/mdade/estates/484236/images/8907455/gallery_media.jpeg', 'https://cdn-media.medialabtc.it/es/agencies/mdade/estates/484236/images/8907464/gallery_media.jpeg', 'https://cdn-media.medialabtc.it/es/agencies/mdade/estates/484236/images/8907465/gallery_media.jpeg', 'https://cdn-media.medialabtc.it/es/agencies/mdade/estates/484236/images/8907460/gallery_media.jpeg', 'https://cdn-media.medialabtc.it/es/agencies/mdade/estates/484236/images/8907461/gallery_media.jpeg', 'https://cdn-media.medialabtc.it/es/agencies/mdade/estates/484236/images/8907468/gallery_media.jpeg', 'https://cdn-media.medialabtc.it/es/agencies/mdade/estates/484236/images/8907459/gallery_media.jpeg', 'https://cdn-media.medialabtc.it/es/agencies/mdade/estates/484236/images/8907466/gallery_media.jpeg']",0,Desconocido,0,0,0,1,1,F,0,0,"['imagenes_tecnocasa\\anuncio_849\\0.jpeg', 'imagenes_tecnocasa\\anuncio_849\\1.jpeg', 'imagenes_tecnocasa\\anuncio_849\\2.jpeg', 'imagenes_tecnocasa\\anuncio_849\\3.jpeg', 'imagenes_tecnocasa\\anuncio_849\\4.jpeg', 'imagenes_tecnocasa\\anuncio_849\\5.jpeg', 'imagenes_tecnocasa\\anuncio_849\\6.jpeg', 'imagenes_tecnocasa\\anuncio_849\\7.jpeg', 'imagenes_tecnocasa\\anuncio_849\\8.jpeg', 'imagenes_tecnocasa\\anuncio_849\\9.jpeg', 'imagenes_tecnocasa\\anuncio_849\\10.jpeg', 'imagenes_tecnocasa\\anuncio_849\\11.jpeg', 'imagenes_tecnocasa\\anuncio_849\\12.jpeg', 'imagenes_tecnocasa\\anuncio_849\\13.jpeg', 'imagenes_tecnocasa\\anuncio_849\\14.jpeg', 'imagenes_tecnocasa\\anuncio_849\\15.jpeg', 'imagenes_tecnocasa\\anuncio_849\\16.jpeg', 'imagenes_tecnocasa\\anuncio_849\\17.jpeg', 'imagenes_tecnocasa\\anuncio_849\\18.jpeg', 'imagenes_tecnocasa\\anuncio_849\\19.jpeg', 'imagenes_tecnocasa\\anuncio_849\\20.jpeg', 'imagenes_tecnocasa\\anuncio_849\\21.jpeg', 'imagenes_tecnocasa\\anuncio_849\\22.jpeg']",0,Media,1974,0,0,0,piso,2,Madrid,"Palomeras - Portazgo, Madrid",40.4167047,-3.7035825,849,3948.2758620689656,77.0,58.0,0.0,0.0,0.0,0.0,cerámica,pintura,abatible,estándar (2.4-2.8m),nada,3.4,4.2,convencional,"['#D2691E', '#A0522D', '#800000']",regular,False,convencional,normal,ninguno,ninguno,estándar,básica,ninguno,6.2,6.4,leve,5
https://www.tecnocasa.es/venta/casa/madrid/madrid/602262.html,1125000.0,7,316.0,4,"Agencia inmobiliaria de MADRID - zona Avenida de la Ilustración - Barrio del Pilar - Peñagrande - Oficina Tecnocasa.

En venta: Chalet pareado de tres plantas de 316 m² construidos, cuenta con un amplio salón, ideal para reuniones familiares, cocina independiente, totalmente equipada, siete habitaciones: tres de ellas dormitorios, un vestidor, un office, y una sala de estar, cuenta también con un área extra que puede utilizarse como zona de ocio, además de un aseo y tres baños completos, uno de ellos en suite.

Incluye garaje privado con espacio para dos coches y una moto.

En el exterior, la piscina privada te invita a disfrutar de días soleados y momentos de relax. Situada en una zona residencial bien comunicada, estarás cerca de todos los servicios necesarios para tu día a día. No dejes pasar la oportunidad de visitar este chalet de, con armarios empotrados y trastero, en un estado excelente.

Financiación de hasta el 100% con nuestro departamento financiero, Kíron. Asesoramiento gratuito y sin compromiso, no dude en consultarnos. ¡Contáctanos ya!
Visítenos también en nuestras redes sociales para más información: Facebook: Tecnocasa Estudio Isla de Arosa. @tecnocasaisladearosa Instagram: tecnocasa_isla_arosa TECNOCASA, 30 años a su servicio, ¡Gracias por su confianza! .

¡Contáctanos ya!",1,1,1,1,1,1,1,1,1,1,"['https://cdn-media.medialabtc.it/es/agencies/mdal6/estates/602262/images/8864251/gallery_media.jpeg', 'https://cdn-media.medialabtc.it/es/agencies/mdal6/estates/602262/images/8864244/gallery_media.jpeg', 'https://cdn-media.medialabtc.it/es/agencies/mdal6/estates/602262/images/8864238/gallery_media.jpeg', 'https://cdn-media.medialabtc.it/es/agencies/mdal6/estates/602262/images/8864266/gallery_media.jpeg', 'https://cdn-media.medialabtc.it/es/agencies/mdal6/estates/602262/images/8864245/gallery_media.jpeg', 'https://cdn-media.medialabtc.it/es/agencies/mdal6/estates/602262/images/8864241/gallery_media.jpeg', 'https://cdn-media.medialabtc.it/es/agencies/mdal6/estates/602262/images/8864252/gallery_media.jpeg', 'https://cdn-media.medialabtc.it/es/agencies/mdal6/estates/602262/images/8864228/gallery_media.jpeg', 'https://cdn-media.medialabtc.it/es/agencies/mdal6/estates/602262/images/8864248/gallery_media.jpeg', 'https://cdn-media.medialabtc.it/es/agencies/mdal6/estates/602262/images/8864247/gallery_media.jpeg', 'https://cdn-media.medialabtc.it/es/agencies/mdal6/estates/602262/images/8864239/gallery_media.jpeg', 'https://cdn-media.medialabtc.it/es/agencies/mdal6/estates/602262/images/8864231/gallery_media.jpeg', 'https://cdn-media.medialabtc.it/es/agencies/mdal6/estates/602262/images/8864229/gallery_media.jpeg', 'https://cdn-media.medialabtc.it/es/agencies/mdal6/estates/602262/images/8864263/gallery_media.jpeg', 'https://cdn-media.medialabtc.it/es/agencies/mdal6/estates/602262/images/8864264/gallery_media.jpeg', 'https://cdn-media.medialabtc.it/es/agencies/mdal6/estates/602262/images/8864267/gallery_media.jpeg', 'https://cdn-media.medialabtc.it/es/agencies/mdal6/estates/602262/images/8864250/gallery_media.jpeg', 'https://cdn-media.medialabtc.it/es/agencies/mdal6/estates/602262/images/8864265/gallery_media.jpeg', 'https://cdn-media.medialabtc.it/es/agencies/mdal6/estates/602262/images/8864237/gallery_media.jpeg', 'https://cdn-media.medialabtc.it/es/agencies/mdal6/estates/602262/images/8864233/gallery_media.jpeg', 'https://cdn-media.medialabtc.it/es/agencies/mdal6/estates/602262/images/8864240/gallery_media.jpeg', 'https://cdn-media.medialabtc.it/es/agencies/mdal6/estates/602262/images/8864234/gallery_media.jpeg', 'https://cdn-media.medialabtc.it/es/agencies/mdal6/estates/602262/images/8864246/gallery_media.jpeg', 'https://cdn-media.medialabtc.it/es/agencies/mdal6/estates/602262/images/8864230/gallery_media.jpeg', 'https://cdn-media.medialabtc.it/es/agencies/mdal6/estates/602262/images/8864232/gallery_media.jpeg', 'https://cdn-media.medialabtc.it/es/agencies/mdal6/estates/602262/images/8864262/gallery_media.jpeg', 'https://cdn-media.medialabtc.it/es/agencies/mdal6/estates/602262/images/8864235/gallery_media.jpeg', 'https://cdn-media.medialabtc.it/es/agencies/mdal6/estates/602262/images/8864249/gallery_media.jpeg', 'https://cdn-media.medialabtc.it/es/agencies/mdal6/estates/602262/images/8864253/gallery_media.jpeg']",0,Desconocido,1,1,1,0,0,D,0,0,"['imagenes_tecnocasa\\anuncio_850\\0.jpeg', 'imagenes_tecnocasa\\anuncio_850\\1.jpeg', 'imagenes_tecnocasa\\anuncio_850\\2.jpeg', 'imagenes_tecnocasa\\anuncio_850\\3.jpeg', 'imagenes_tecnocasa\\anuncio_850\\4.jpeg', 'imagenes_tecnocasa\\anuncio_850\\5.jpeg', 'imagenes_tecnocasa\\anuncio_850\\6.jpeg', 'imagenes_tecnocasa\\anuncio_850\\7.jpeg', 'imagenes_tecnocasa\\anuncio_850\\8.jpeg', 'imagenes_tecnocasa\\anuncio_850\\9.jpeg', 'imagenes_tecnocasa\\anuncio_850\\10.jpeg', 'imagenes_tecnocasa\\anuncio_850\\11.jpeg', 'imagenes_tecnocasa\\anuncio_850\\12.jpeg', 'imagenes_tecnocasa\\anuncio_850\\13.jpeg', 'imagenes_tecnocasa\\anuncio_850\\14.jpeg', 'imagenes_tecnocasa\\anuncio_850\\15.jpeg', 'imagenes_tecnocasa\\anuncio_850\\16.jpeg', 'imagenes_tecnocasa\\anuncio_850\\17.jpeg', 'imagenes_tecnocasa\\anuncio_850\\18.jpeg', 'imagenes_tecnocasa\\anuncio_850\\19.jpeg', 'imagenes_tecnocasa\\anuncio_850\\20.jpeg', 'imagenes_tecnocasa\\anuncio_850\\21.jpeg', 'imagenes_tecnocasa\\anuncio_850\\22.jpeg', 'imagenes_tecnocasa\\anuncio_850\\23.jpeg', 'imagenes_tecnocasa\\anuncio_850\\24.jpeg', 'imagenes_tecnocasa\\anuncio_850\\25.jpeg', 'imagenes_tecnocasa\\anuncio_850\\26.jpeg', 'imagenes_tecnocasa\\anuncio_850\\27.jpeg', 'imagenes_tecnocasa\\anuncio_850\\28.jpeg']",0,Señorial,1983,0,0,0,casa,1,Madrid,"Peñagrande, Madrid",40.4167047,-3.7035825,850,3560.1265822784812,202.0,147.0,0.45,0.55,1.0,1.0,parquet,pintura,corredera,estándar (2.4-2.8m),nada,5.4,5.4,moderno,"['#FFFFFF', '#A0A0A0', '#808080']",buena,True,convencional,limitado,ninguno,ninguno,estándar,no visible,ninguno,7.2,6.8,ninguna,5
https://www.tecnocasa.es/venta/piso/madrid/san-sebastian-de-los-reyes/619129.html,250000.0,3,88.0,1,"Agencia inmobiliaria de San Sebastián De Los Reyes zona Centro Tecnocasa ESTUDIO INMOBILIARIO MONUMENTO A LOS TOROS SL. , ofrece en exclusiva:
Piso en venta próximo al metro de Reyes Católicos, San Sebastián de los Reyes; consta de un (3) dormitorios, un (1) baño, cocina, salón y dos (2) terrazas.
La vivienda consta de un amplio hall, a continuación nos encontramos con el salón comedor, a la izquierda de este tenemos dos cómodos y amplios dormitorios exteriores y un segundo salón con salida a la terraza exterior, seguidamente tenemos el cuarto de baño con plato de ducha, a su derecha tenemos el tercer dormitorio y para terminar tenemos la amplia cocina con salida a la terraza interior.
Entre las calidades de la vivienda se encuentran: suelos de tarima porcelanico, ventanas de aluminio, calefacción individual de gas natural, aire acondicionado, entre otras.
Ubicado en una excelente zona con todos los comercios y servicios básicos de la zona, como supermercados, restaurantes, polideportivo, estaciones de autobuses, próximo a la estación de metro Reyes Católicos y Renfe de Alcobendas-San Sebastián de los Reyes.
Consulte nuestras posibilidades de hipotecas al 100% con nuestro departamento financiero Kìron.",1,1,1,1,0,1,1,1,1,1,"['https://cdn-media.medialabtc.it/es/agencies/md535/estates/619129/images/8949817/gallery_media.jpeg', 'https://cdn-media.medialabtc.it/es/agencies/md535/estates/619129/images/8949732/gallery_media.jpeg', 'https://cdn-media.medialabtc.it/es/agencies/md535/estates/619129/images/8949741/gallery_media.jpeg', 'https://cdn-media.medialabtc.it/es/agencies/md535/estates/619129/images/8949802/gallery_media.jpeg', 'https://cdn-media.medialabtc.it/es/agencies/md535/estates/619129/images/8949807/gallery_media.jpeg', 'https://cdn-media.medialabtc.it/es/agencies/md535/estates/619129/images/8949734/gallery_media.jpeg', 'https://cdn-media.medialabtc.it/es/agencies/md535/estates/619129/images/8949816/gallery_media.jpeg', 'https://cdn-media.medialabtc.it/es/agencies/md535/estates/619129/images/8949739/gallery_media.jpeg', 'https://cdn-media.medialabtc.it/es/agencies/md535/estates/619129/images/8949737/gallery_media.jpeg', 'https://cdn-media.medialabtc.it/es/agencies/md535/estates/619129/images/8949809/gallery_media.jpeg', 'https://cdn-media.medialabtc.it/es/agencies/md535/estates/619129/images/8949735/gallery_media.jpeg', 'https://cdn-media.medialabtc.it/es/agencies/md535/estates/619129/images/8949808/gallery_media.jpeg', 'https://cdn-media.medialabtc.it/es/agencies/md535/estates/619129/images/8949811/gallery_media.jpeg', 'https://cdn-media.medialabtc.it/es/agencies/md535/estates/619129/images/8949731/gallery_media.jpeg', 'https://cdn-media.medialabtc.it/es/agencies/md535/estates/619129/images/8949814/gallery_media.jpeg', 'https://cdn-media.medialabtc.it/es/agencies/md535/estates/619129/images/8949738/gallery_media.jpeg', 'https://cdn-media.medialabtc.it/es/agencies/md535/estates/619129/images/8949804/gallery_media.jpeg', 'https://cdn-media.medialabtc.it/es/agencies/md535/estates/619129/images/8949812/gallery_media.jpeg', 'https://cdn-media.medialabtc.it/es/agencies/md535/estates/619129/images/8949815/gallery_media.jpeg', 'https://cdn-media.medialabtc.it/es/agencies/md535/estates/619129/images/8949730/gallery_media.jpeg', 'https://cdn-media.medialabtc.it/es/agencies/md535/estates/619129/images/8949733/gallery_media.jpeg', 'https://cdn-media.medialabtc.it/es/agencies/md535/estates/619129/images/8949736/gallery_media.jpeg', 'https://cdn-media.medialabtc.it/es/agencies/md535/estates/619129/images/8949805/gallery_media.jpeg', 'https://cdn-media.medialabtc.it/es/agencies/md535/estates/619129/images/8949810/gallery_media.jpeg', 'https://cdn-media.medialabtc.it/es/agencies/md535/estates/619129/images/8949728/gallery_media.jpeg', 'https://cdn-media.medialabtc.it/es/agencies/md535/estates/619129/images/8949729/gallery_media.jpeg', 'https://cdn-media.medialabtc.it/es/agencies/md535/estates/619129/images/8949813/gallery_media.jpeg', 'https://cdn-media.medialabtc.it/es/agencies/md535/estates/619129/images/8949806/gallery_media.jpeg', 'https://cdn-media.medialabtc.it/es/agencies/md535/estates/619129/images/8949740/gallery_media.jpeg', 'https://cdn-media.medialabtc.it/es/agencies/md535/estates/619129/images/8949803/gallery_media.jpeg']",0,Desconocido,0,0,0,1,0,Desconocida,0,0,"['imagenes_tecnocasa\\anuncio_851\\0.jpeg', 'imagenes_tecnocasa\\anuncio_851\\1.jpeg', 'imagenes_tecnocasa\\anuncio_851\\2.jpeg', 'imagenes_tecnocasa\\anuncio_851\\3.jpeg', 'imagenes_tecnocasa\\anuncio_851\\4.jpeg', 'imagenes_tecnocasa\\anuncio_851\\5.jpeg', 'imagenes_tecnocasa\\anuncio_851\\6.jpeg', 'imagenes_tecnocasa\\anuncio_851\\7.jpeg', 'imagenes_tecnocasa\\anuncio_851\\8.jpeg', 'imagenes_tecnocasa\\anuncio_851\\9.jpeg', 'imagenes_tecnocasa\\anuncio_851\\10.jpeg', 'imagenes_tecnocasa\\anuncio_851\\11.jpeg', 'imagenes_tecnocasa\\anuncio_851\\12.jpeg', 'imagenes_tecnocasa\\anuncio_851\\13.jpeg', 'imagenes_tecnocasa\\anuncio_851\\14.jpeg', 'imagenes_tecnocasa\\anuncio_851\\15.jpeg', 'imagenes_tecnocasa\\anuncio_851\\16.jpeg', 'imagenes_tecnocasa\\anuncio_851\\17.jpeg', 'imagenes_tecnocasa\\anuncio_851\\18.jpeg', 'imagenes_tecnocasa\\anuncio_851\\19.jpeg', 'imagenes_tecnocasa\\anuncio_851\\20.jpeg', 'imagenes_tecnocasa\\anuncio_851\\21.jpeg', 'imagenes_tecnocasa\\anuncio_851\\22.jpeg', 'imagenes_tecnocasa\\anuncio_851\\23.jpeg', 'imagenes_tecnocasa\\anuncio_851\\24.jpeg', 'imagenes_tecnocasa\\anuncio_851\\25.jpeg', 'imagenes_tecnocasa\\anuncio_851\\26.jpeg', 'imagenes_tecnocasa\\anuncio_851\\27.jpeg', 'imagenes_tecnocasa\\anuncio_851\\28.jpeg', 'imagenes_tecnocasa\\anuncio_851\\29.jpeg']",0,Media,1971,1,0,0,piso,3,San Sebastián de los Reyes,San Sebastián De Los Reyes,40.5473698,-3.6260586,851,2840.909090909091,191.0,125.0,0.05,0.4,1.0,0.0,parquet,pintura,corredera,estándar (2.4-2.8m),nada,4.0,3.6,convencional,"['#F2F2F2', '#A0522D', '#808080']",regular,False,convencional,normal,ninguno,ninguno,estándar,básica,ninguno,6.2,6.4,ninguna,5
https://www.tecnocasa.es/venta/piso/madrid/alcala-de-henares/618883.html,165000.0,3,76.0,1,"Agencia inmobiliaria Tecnocasa de Alcalá de Henares vende vivienda en la zona CENTRO: ¡Oportunidad única en la zona centro de Alcalá de Henares!

Te presentamos esta estupenda vivienda de 3 dormitorios, totalmente exterior, luminosa y bien distribuida para ofrecerte el máximo confort.

Cuenta con una amplia cocina, ideal para quienes disfrutan del espacio al cocinar o buscan una zona cómoda para el día a día.
El baño con ventana aporta ventilación natural y luz.
El salón independiente ofrece un ambiente acogedor, perfecto para tus momentos de descanso o reuniones.
La vivienda cuenta también con trastero.

Ubicada muy próxima al centro de Alcalá de Henares, con todos los servicios a tu alcance: transporte, comercios, colegios y zonas de ocio.

Una oportunidad única para vivir con espacio, luz y excelente ubicación.
Contáctanos para más información o para agendar tu visita. ¡Te encantará!

Además, gracias a nuestro departamento financiero KIRON, podemos conseguirles hasta el 100% de la financiación. Haremos un estudio GRATUITO para ver sus posibilidades.",0,1,1,1,1,1,0,1,1,1,"['https://cdn-media.medialabtc.it/es/agencies/md552/estates/618883/images/8933551/gallery_media.jpeg', 'https://cdn-media.medialabtc.it/es/agencies/md552/estates/618883/images/8933571/gallery_media.jpeg', 'https://cdn-media.medialabtc.it/es/agencies/md552/estates/618883/images/8933566/gallery_media.jpeg', 'https://cdn-media.medialabtc.it/es/agencies/md552/estates/618883/images/8933560/gallery_media.jpeg', 'https://cdn-media.medialabtc.it/es/agencies/md552/estates/618883/images/8933564/gallery_media.jpeg', 'https://cdn-media.medialabtc.it/es/agencies/md552/estates/618883/images/8933556/gallery_media.jpeg', 'https://cdn-media.medialabtc.it/es/agencies/md552/estates/618883/images/8933572/gallery_media.jpeg', 'https://cdn-media.medialabtc.it/es/agencies/md552/estates/618883/images/8933573/gallery_media.jpeg', 'https://cdn-media.medialabtc.it/es/agencies/md552/estates/618883/images/8933549/gallery_media.jpeg', 'https://cdn-media.medialabtc.it/es/agencies/md552/estates/618883/images/8933561/gallery_media.jpeg', 'https://cdn-media.medialabtc.it/es/agencies/md552/estates/618883/images/8933562/gallery_media.jpeg', 'https://cdn-media.medialabtc.it/es/agencies/md552/estates/618883/images/8933558/gallery_media.jpeg', 'https://cdn-media.medialabtc.it/es/agencies/md552/estates/618883/images/8933575/gallery_media.jpeg', 'https://cdn-media.medialabtc.it/es/agencies/md552/estates/618883/images/8933553/gallery_media.jpeg', 'https://cdn-media.medialabtc.it/es/agencies/md552/estates/618883/images/8933552/gallery_media.jpeg', 'https://cdn-media.medialabtc.it/es/agencies/md552/estates/618883/images/8933555/gallery_media.jpeg', 'https://cdn-media.medialabtc.it/es/agencies/md552/estates/618883/images/8933534/gallery_media.jpeg', 'https://cdn-media.medialabtc.it/es/agencies/md552/estates/618883/images/8933559/gallery_media.jpeg', 'https://cdn-media.medialabtc.it/es/agencies/md552/estates/618883/images/8933563/gallery_media.jpeg', 'https://cdn-media.medialabtc.it/es/agencies/md552/estates/618883/images/8933569/gallery_media.jpeg', 'https://cdn-media.medialabtc.it/es/agencies/md552/estates/618883/images/8933568/gallery_media.jpeg', 'https://cdn-media.medialabtc.it/es/agencies/md552/estates/618883/images/8933557/gallery_media.jpeg', 'https://cdn-media.medialabtc.it/es/agencies/md552/estates/618883/images/8933570/gallery_media.jpeg', 'https://cdn-media.medialabtc.it/es/agencies/md552/estates/618883/images/8933567/gallery_media.jpeg', 'https://cdn-media.medialabtc.it/es/agencies/md552/estates/618883/images/8933574/gallery_media.jpeg', 'https://cdn-media.medialabtc.it/es/agencies/md552/estates/618883/images/8933554/gallery_media.jpeg', 'https://cdn-media.medialabtc.it/es/agencies/md552/estates/618883/images/8933548/gallery_media.jpeg', 'https://cdn-media.medialabtc.it/es/agencies/md552/estates/618883/images/8933550/gallery_media.jpeg', 'https://cdn-media.medialabtc.it/es/agencies/md552/estates/618883/images/8933565/gallery_media.jpeg']",0,Desconocido,0,1,0,0,0,G,0,0,"['imagenes_tecnocasa\\anuncio_852\\0.jpeg', 'imagenes_tecnocasa\\anuncio_852\\1.jpeg', 'imagenes_tecnocasa\\anuncio_852\\2.jpeg', 'imagenes_tecnocasa\\anuncio_852\\3.jpeg', 'imagenes_tecnocasa\\anuncio_852\\4.jpeg', 'imagenes_tecnocasa\\anuncio_852\\5.jpeg', 'imagenes_tecnocasa\\anuncio_852\\6.jpeg', 'imagenes_tecnocasa\\anuncio_852\\7.jpeg', 'imagenes_tecnocasa\\anuncio_852\\8.jpeg', 'imagenes_tecnocasa\\anuncio_852\\9.jpeg', 'imagenes_tecnocasa\\anuncio_852\\10.jpeg', 'imagenes_tecnocasa\\anuncio_852\\11.jpeg', 'imagenes_tecnocasa\\anuncio_852\\12.jpeg', 'imagenes_tecnocasa\\anuncio_852\\13.jpeg', 'imagenes_tecnocasa\\anuncio_852\\14.jpeg', 'imagenes_tecnocasa\\anuncio_852\\15.jpeg', 'imagenes_tecnocasa\\anuncio_852\\16.jpeg', 'imagenes_tecnocasa\\anuncio_852\\17.jpeg', 'imagenes_tecnocasa\\anuncio_852\\18.jpeg', 'imagenes_tecnocasa\\anuncio_852\\19.jpeg', 'imagenes_tecnocasa\\anuncio_852\\20.jpeg', 'imagenes_tecnocasa\\anuncio_852\\21.jpeg', 'imagenes_tecnocasa\\anuncio_852\\22.jpeg', 'imagenes_tecnocasa\\anuncio_852\\23.jpeg', 'imagenes_tecnocasa\\anuncio_852\\24.jpeg', 'imagenes_tecnocasa\\anuncio_852\\25.jpeg', 'imagenes_tecnocasa\\anuncio_852\\26.jpeg', 'imagenes_tecnocasa\\anuncio_852\\27.jpeg', 'imagenes_tecnocasa\\anuncio_852\\28.jpeg']",1,Popular,1973,1,0,0,piso,4,Alcalá de Henares,"Juan De Austria, Alcalá De Henares",40.481954,-3.363981,852,2171.0526315789475,163.0,118.0,0.5125,0.7,0.0,1.0,otro,pintura,corredera,estándar (2.4-2.8m),nada,3.6,4.6,convencional,"['#F5F5DC', '#A0522D', '#DEB887']",buena,False,convencional,normal,ninguno,ninguno,estándar,básica,ninguno,6.8,6.2,ninguna,5
https://www.tecnocasa.es/venta/piso/madrid/getafe/526235.html,149000.0,2,51.0,1,"vivienda actualmente alquilada
Agencia inmobiliaria de GETAFE zona GETAFE UNIVERSIDAD- LAS MARGARITAS. - CENTRO
Ubicada en pleno núcleo Universitario de Getafe, la vivienda cuenta con todos los servicios, transportes y centros públicos posibles. La Universidad Carlos III como epicentro de la zona fue inaugurada entre los años 1989 y 1990. Des entonces la zona fue creciendo y acomodándose como una de las zonas mejor comunicada y dotada de los servicios.
La vivienda se encuentra a 5 minutos de la estación RENFE LAS MARGARITAS
2 minutos de autobuses conectado con Madrid y urbanos.
5 minutos de la estación de metro de juan de la cierva
Zonas verdes, parques infantiles, colegios cerca de la vivienda.
La vivienda cuenta con 51 m2 que se distribuye en 2 dormitorios, salón, cocina y baño. Tiene entrada independiente de acceso a la vivienda. Se encuentra reformado para entrar a vivir.
La reforma se realizo en el año 2010. calefacción eléctrica y termo eléctrico para agua caliente. Ventanas climalit. Es una vivienda totalmente exterior haciendo esquina en el edificio.
Zona consolidada dispone de colegios e institutos. Comercios de barrio y grandes supermercados. En pleno centro Universitario de Getafe. Actualmente alquilada ofreciendo rentabilidad desde el primer dia.
VEN A VISITARLA no te arrepentirás, sin compromiso. SEGURO LA TENDRAS EN CUENTA A LA HORA DE DECIDIR Y COMPARAR A LA HORA COMPRAR UNA VIVIENDA.",1,1,1,1,1,1,1,1,1,1,"['https://cdn-media.medialabtc.it/es/agencies/mdbg4/estates/526235/images/8517067/gallery_media.jpeg', 'https://cdn-media.medialabtc.it/es/agencies/mdbg4/estates/526235/images/8556481/gallery_media.jpeg', 'https://cdn-media.medialabtc.it/es/agencies/mdbg4/estates/526235/images/8556477/gallery_media.jpeg', 'https://cdn-media.medialabtc.it/es/agencies/mdbg4/estates/526235/images/8556483/gallery_media.jpeg', 'https://cdn-media.medialabtc.it/es/agencies/mdbg4/estates/526235/images/8556487/gallery_media.jpeg', 'https://cdn-media.medialabtc.it/es/agencies/mdbg4/estates/526235/images/8556490/gallery_media.jpeg', 'https://cdn-media.medialabtc.it/es/agencies/mdbg4/estates/526235/images/8556492/gallery_media.jpeg', 'https://cdn-media.medialabtc.it/es/agencies/mdbg4/estates/526235/images/8556482/gallery_media.jpeg', 'https://cdn-media.medialabtc.it/es/agencies/mdbg4/estates/526235/images/8556489/gallery_media.jpeg', 'https://cdn-media.medialabtc.it/es/agencies/mdbg4/estates/526235/images/8556486/gallery_media.jpeg', 'https://cdn-media.medialabtc.it/es/agencies/mdbg4/estates/526235/images/8556478/gallery_media.jpeg', 'https://cdn-media.medialabtc.it/es/agencies/mdbg4/estates/526235/images/8556488/gallery_media.jpeg', 'https://cdn-media.medialabtc.it/es/agencies/mdbg4/estates/526235/images/8556484/gallery_media.jpeg', 'https://cdn-media.medialabtc.it/es/agencies/mdbg4/estates/526235/images/8556480/gallery_media.jpeg', 'https://cdn-media.medialabtc.it/es/agencies/mdbg4/estates/526235/images/8556491/gallery_media.jpeg', 'https://cdn-media.medialabtc.it/es/agencies/mdbg4/estates/526235/images/8556479/gallery_media.jpeg', 'https://cdn-media.medialabtc.it/es/agencies/mdbg4/estates/526235/images/8556485/gallery_media.jpeg']",0,Reformado,0,0,0,0,0,G,0,0,"['imagenes_tecnocasa\\anuncio_854\\0.jpeg', 'imagenes_tecnocasa\\anuncio_854\\1.jpeg', 'imagenes_tecnocasa\\anuncio_854\\2.jpeg', 'imagenes_tecnocasa\\anuncio_854\\3.jpeg', 'imagenes_tecnocasa\\anuncio_854\\4.jpeg', 'imagenes_tecnocasa\\anuncio_854\\5.jpeg', 'imagenes_tecnocasa\\anuncio_854\\6.jpeg', 'imagenes_tecnocasa\\anuncio_854\\7.jpeg', 'imagenes_tecnocasa\\anuncio_854\\8.jpeg', 'imagenes_tecnocasa\\anuncio_854\\9.jpeg', 'imagenes_tecnocasa\\anuncio_854\\10.jpeg', 'imagenes_tecnocasa\\anuncio_854\\11.jpeg', 'imagenes_tecnocasa\\anuncio_854\\12.jpeg', 'imagenes_tecnocasa\\anuncio_854\\13.jpeg', 'imagenes_tecnocasa\\anuncio_854\\14.jpeg', 'imagenes_tecnocasa\\anuncio_854\\15.jpeg', 'imagenes_tecnocasa\\anuncio_854\\16.jpeg']",0,Popular,1968,1,0,0,piso,1,Getafe,"Universidad, Getafe",40.3070639,-3.7331808,854,2921.5686274509803,225.0,151.0,0.0,0.0,1.0,0.0,otro,pintura,otro,estándar (2.4-2.8m),nada,3.0,3.6,convencional,"['#D2D2D2', '#C0C0C0', '#A9A9A9']",regular,False,convencional,limitado,ninguno,ninguno,estándar,básica,ninguno,5.8,6.0,ninguna,5
https://www.tecnocasa.es/venta/piso/madrid/madrid/578802.html,559000.0,3,109.0,2,"Agencia inmobiliaria de MADRID – zona ESTRELLA – RETIRO – vende – piso – tecnocasa – hipoteca – alquiler – LEO
¡Descubre tu nuevo hogar en esta magnífica vivienda a estrenar! Este piso en planta baja, con una superficie de 98 m², ofrece un diseño moderno y funcional que se adapta a tus necesidades. Con 3 dormitorios y 2 cuartos de baño completos equipados con platos de ducha, cada rincón está pensado para maximizar el confort y la comodidad. La cocina abierta se integra perfectamente con el amplio salón, creando un espacio ideal para disfrutar de momentos en familia o con amigos.
La finca, que cuenta con portero físico, se sitúa en una ubicación privilegiada del barrio de la Estrella, donde la vida urbana se combina con la tranquilidad. A solo 15 minutos a pie del Parque del Buen Retiro, disfrutarás de amplias zonas verdes y actividades al aire libre. Además, la zona ofrece una variada oferta cultural, gastronómica y de ocio, así como servicios básicos cercanos como supermercados, centros educativos y hospitales.
La movilidad es excelente gracias a las estaciones de metro Sainz de Baranda y Conde de Casal, así como a las cercanas estaciones de tren (Atocha) y autobuses (Méndez Álvaro). Este piso es ideal tanto para inversión como para vivienda habitual, con armarios empotrados, calefacción por bomba de frío/calor y aire acondicionado que garantizan un ambiente agradable durante todo el año. No dejes pasar la oportunidad de vivir en un lugar donde cada detalle cuenta. ¡Contáctanos para más información y ven a visitarlo!",1,1,1,1,1,1,0,1,1,1,"['https://cdn-media.medialabtc.it/es/agencies/md068/estates/578802/images/8919871/gallery_media.jpeg', 'https://cdn-media.medialabtc.it/es/agencies/md068/estates/578802/images/8919873/gallery_media.jpeg', 'https://cdn-media.medialabtc.it/es/agencies/md068/estates/578802/images/8919869/gallery_media.jpeg', 'https://cdn-media.medialabtc.it/es/agencies/md068/estates/578802/images/8919870/gallery_media.jpeg', 'https://cdn-media.medialabtc.it/es/agencies/md068/estates/578802/images/8919867/gallery_media.jpeg', 'https://cdn-media.medialabtc.it/es/agencies/md068/estates/578802/images/8919875/gallery_media.jpeg', 'https://cdn-media.medialabtc.it/es/agencies/md068/estates/578802/images/8919877/gallery_media.jpeg', 'https://cdn-media.medialabtc.it/es/agencies/md068/estates/578802/images/8919874/gallery_media.jpeg', 'https://cdn-media.medialabtc.it/es/agencies/md068/estates/578802/images/8919872/gallery_media.jpeg', 'https://cdn-media.medialabtc.it/es/agencies/md068/estates/578802/images/8919876/gallery_media.jpeg', 'https://cdn-media.medialabtc.it/es/agencies/md068/estates/578802/images/8919868/gallery_media.jpeg']",0,Desconocido,0,0,0,0,1,C,0,0,"['imagenes_tecnocasa\\anuncio_855\\0.jpeg', 'imagenes_tecnocasa\\anuncio_855\\1.jpeg', 'imagenes_tecnocasa\\anuncio_855\\2.jpeg', 'imagenes_tecnocasa\\anuncio_855\\3.jpeg', 'imagenes_tecnocasa\\anuncio_855\\4.jpeg', 'imagenes_tecnocasa\\anuncio_855\\5.jpeg', 'imagenes_tecnocasa\\anuncio_855\\6.jpeg', 'imagenes_tecnocasa\\anuncio_855\\7.jpeg', 'imagenes_tecnocasa\\anuncio_855\\8.jpeg', 'imagenes_tecnocasa\\anuncio_855\\9.jpeg', 'imagenes_tecnocasa\\anuncio_855\\10.jpeg']",1,Media,1987,1,0,0,piso,1,Madrid,Madrid,40.4167047,-3.7035825,855,5128.440366972477,256.0,170.0,0.6666666666666666,0.7000000000000001,2.0,1.0,cerámica,pintura,fija,estándar (2.4-2.8m),nada,4.2,6.8,moderno,"['#FFFFFF', '#F2F2F2', '#D3D3D3']",buena,False,convencional,limitado,ninguno,ninguno,estándar,básica,ninguno,7.8,6.8,ninguna,5
https://www.tecnocasa.es/venta/piso/madrid/madrid/617828.html,330000.0,3,109.0,2,"Agencia inmobiliaria de MADRID - zona VALLECAS - PORTAZGO - BUENOS AIRES - Oficina Tecnocasa vende piso en Avenida de Palomeras de 130m2 distribuidos en dos plantas: la primera con salón independiente, cocina, aseo y cuarto de lavado. Acceso a esta a través de patio privado. En a segunda: tres dormitorios con armarios empotrados y baño con ventana.

El inmueble se encuentra PARA ENTRAR A VIVIR. Se trata de una vivienda dúplex con doble orientación, este y oeste. Plaza de garaje privada con acceso directo a la vivienda.

Zona rodeada de todo tipo de comercios y dotada de todos los servicios públicos. Para más información contacte con nosotros sin ningún tipo de compromiso, en el teléfono 633 709 059 o bien enviando un email a MDBW8 @ TECNOCASA. ES; y concierte una visita para conocer el inmueble en la que además podrá informarle de las condiciones de financiación actuales uno de nuestros asesores financieros KIRON.",1,1,1,1,1,1,0,1,1,1,"['https://cdn-media.medialabtc.it/es/agencies/mdbw8/estates/617828/images/8904373/gallery_media.jpeg', 'https://cdn-media.medialabtc.it/es/agencies/mdbw8/estates/617828/images/8904380/gallery_media.jpeg', 'https://cdn-media.medialabtc.it/es/agencies/mdbw8/estates/617828/images/8904378/gallery_media.jpeg', 'https://cdn-media.medialabtc.it/es/agencies/mdbw8/estates/617828/images/8904374/gallery_media.jpeg', 'https://cdn-media.medialabtc.it/es/agencies/mdbw8/estates/617828/images/8904371/gallery_media.jpeg', 'https://cdn-media.medialabtc.it/es/agencies/mdbw8/estates/617828/images/8904390/gallery_media.jpeg', 'https://cdn-media.medialabtc.it/es/agencies/mdbw8/estates/617828/images/8904375/gallery_media.jpeg', 'https://cdn-media.medialabtc.it/es/agencies/mdbw8/estates/617828/images/8904394/gallery_media.jpeg', 'https://cdn-media.medialabtc.it/es/agencies/mdbw8/estates/617828/images/8904386/gallery_media.jpeg', 'https://cdn-media.medialabtc.it/es/agencies/mdbw8/estates/617828/images/8904385/gallery_media.jpeg', 'https://cdn-media.medialabtc.it/es/agencies/mdbw8/estates/617828/images/8904384/gallery_media.jpeg', 'https://cdn-media.medialabtc.it/es/agencies/mdbw8/estates/617828/images/8904382/gallery_media.jpeg', 'https://cdn-media.medialabtc.it/es/agencies/mdbw8/estates/617828/images/8904392/gallery_media.jpeg', 'https://cdn-media.medialabtc.it/es/agencies/mdbw8/estates/617828/images/8904388/gallery_media.jpeg', 'https://cdn-media.medialabtc.it/es/agencies/mdbw8/estates/617828/images/8904389/gallery_media.jpeg', 'https://cdn-media.medialabtc.it/es/agencies/mdbw8/estates/617828/images/8904376/gallery_media.jpeg', 'https://cdn-media.medialabtc.it/es/agencies/mdbw8/estates/617828/images/8904391/gallery_media.jpeg', 'https://cdn-media.medialabtc.it/es/agencies/mdbw8/estates/617828/images/8904396/gallery_media.jpeg', 'https://cdn-media.medialabtc.it/es/agencies/mdbw8/estates/617828/images/8904372/gallery_media.jpeg', 'https://cdn-media.medialabtc.it/es/agencies/mdbw8/estates/617828/images/8904387/gallery_media.jpeg', 'https://cdn-media.medialabtc.it/es/agencies/mdbw8/estates/617828/images/8904379/gallery_media.jpeg', 'https://cdn-media.medialabtc.it/es/agencies/mdbw8/estates/617828/images/8904395/gallery_media.jpeg', 'https://cdn-media.medialabtc.it/es/agencies/mdbw8/estates/617828/images/8904377/gallery_media.jpeg', 'https://cdn-media.medialabtc.it/es/agencies/mdbw8/estates/617828/images/8904381/gallery_media.jpeg']",0,Desconocido,1,0,0,0,0,D,0,0,"['imagenes_tecnocasa\\anuncio_856\\0.jpeg', 'imagenes_tecnocasa\\anuncio_856\\1.jpeg', 'imagenes_tecnocasa\\anuncio_856\\2.jpeg', 'imagenes_tecnocasa\\anuncio_856\\3.jpeg', 'imagenes_tecnocasa\\anuncio_856\\4.jpeg', 'imagenes_tecnocasa\\anuncio_856\\5.jpeg', 'imagenes_tecnocasa\\anuncio_856\\6.jpeg', 'imagenes_tecnocasa\\anuncio_856\\7.jpeg', 'imagenes_tecnocasa\\anuncio_856\\8.jpeg', 'imagenes_tecnocasa\\anuncio_856\\9.jpeg', 'imagenes_tecnocasa\\anuncio_856\\10.jpeg', 'imagenes_tecnocasa\\anuncio_856\\11.jpeg', 'imagenes_tecnocasa\\anuncio_856\\12.jpeg', 'imagenes_tecnocasa\\anuncio_856\\13.jpeg', 'imagenes_tecnocasa\\anuncio_856\\14.jpeg', 'imagenes_tecnocasa\\anuncio_856\\15.jpeg', 'imagenes_tecnocasa\\anuncio_856\\16.jpeg', 'imagenes_tecnocasa\\anuncio_856\\17.jpeg', 'imagenes_tecnocasa\\anuncio_856\\18.jpeg', 'imagenes_tecnocasa\\anuncio_856\\19.jpeg', 'imagenes_tecnocasa\\anuncio_856\\20.jpeg', 'imagenes_tecnocasa\\anuncio_856\\21.jpeg', 'imagenes_tecnocasa\\anuncio_856\\22.jpeg', 'imagenes_tecnocasa\\anuncio_856\\23.jpeg']",1,Media,2000,1,0,0,piso,1,Madrid,"Palomeras - Portazgo, Madrid",40.4167047,-3.7035825,856,3027.5229357798166,155.0,117.0,0.0,0.0,0.0,0.0,cerámica,pintura,corredera,estándar (2.4-2.8m),nada,3.6,4.2,convencional,"['#F2E8CF', '#A0522D', '#8B4513']",buena,False,convencional,limitado,ninguno,ninguno,estándar,parcialmente equipada,ninguno,6.4,6.6,ninguna,5
https://www.tecnocasa.es/venta/piso/madrid/algete/482345.html,160000.0,2,59.0,1,"Agencia inmobiliaria de la zona de Algete y pueblos de la zona vende/alquika una vivienda recien reformada, a estrenar en zona céntrica, muy cerca de comercios y el casco histórico de Algete.
La vivienda se vende/alquila amueblada y con los electrodomésticos, perfecta para la vida en pareja dado que cuenta con un amplio dormitorio de matrimonio y un cuarto más pequeño, pero doble al mismo tiempo, para tus hijos o para hacerlo despacho para el famoso teletrabajo.
Además se vende/alquila con la posibilidad de quedarse con la alarma de securitas direct para que tu vivienda siempre se encuentre protegida cuanto no estás en casa. CUENTA CON AIRE ACONDICIONADO
Por tanto la distribución es... nada más entrar te recibe un bonito hall, cocina y salón con acceso a una terraza que tiene unas vistas que nunca te las quitarán, dos dormitorios (antes 3) y un cuarto de baño completo.
Perfecta para inversores para alquilar",0,0,1,0,1,1,0,1,0,1,"['https://cdn-media.medialabtc.it/es/agencies/md555/estates/482345/images/8948237/gallery_media.jpeg', 'https://cdn-media.medialabtc.it/es/agencies/md555/estates/482345/images/8948226/gallery_media.jpeg', 'https://cdn-media.medialabtc.it/es/agencies/md555/estates/482345/images/8948224/gallery_media.jpeg', 'https://cdn-media.medialabtc.it/es/agencies/md555/estates/482345/images/8948229/gallery_media.jpeg', 'https://cdn-media.medialabtc.it/es/agencies/md555/estates/482345/images/8948223/gallery_media.jpeg', 'https://cdn-media.medialabtc.it/es/agencies/md555/estates/482345/images/8948234/gallery_media.jpeg', 'https://cdn-media.medialabtc.it/es/agencies/md555/estates/482345/images/8948221/gallery_media.jpeg', 'https://cdn-media.medialabtc.it/es/agencies/md555/estates/482345/images/8950256/gallery_media.jpeg', 'https://cdn-media.medialabtc.it/es/agencies/md555/estates/482345/images/8948228/gallery_media.jpeg', 'https://cdn-media.medialabtc.it/es/agencies/md555/estates/482345/images/8948230/gallery_media.jpeg', 'https://cdn-media.medialabtc.it/es/agencies/md555/estates/482345/images/8950257/gallery_media.jpeg', 'https://cdn-media.medialabtc.it/es/agencies/md555/estates/482345/images/8948238/gallery_media.jpeg', 'https://cdn-media.medialabtc.it/es/agencies/md555/estates/482345/images/8948220/gallery_media.jpeg', 'https://cdn-media.medialabtc.it/es/agencies/md555/estates/482345/images/8948219/gallery_media.jpeg', 'https://cdn-media.medialabtc.it/es/agencies/md555/estates/482345/images/8948236/gallery_media.jpeg', 'https://cdn-media.medialabtc.it/es/agencies/md555/estates/482345/images/8948233/gallery_media.jpeg', 'https://cdn-media.medialabtc.it/es/agencies/md555/estates/482345/images/8948222/gallery_media.jpeg', 'https://cdn-media.medialabtc.it/es/agencies/md555/estates/482345/images/8948232/gallery_media.jpeg', 'https://cdn-media.medialabtc.it/es/agencies/md555/estates/482345/images/8948235/gallery_media.jpeg', 'https://cdn-media.medialabtc.it/es/agencies/md555/estates/482345/images/8948231/gallery_media.jpeg', 'https://cdn-media.medialabtc.it/es/agencies/md555/estates/482345/images/8948225/gallery_media.jpeg', 'https://cdn-media.medialabtc.it/es/agencies/md555/estates/482345/images/8948227/gallery_media.jpeg']",1,Desconocido,0,0,0,1,0,G,0,0,"['imagenes_tecnocasa\\anuncio_858\\0.jpeg', 'imagenes_tecnocasa\\anuncio_858\\1.jpeg', 'imagenes_tecnocasa\\anuncio_858\\2.jpeg', 'imagenes_tecnocasa\\anuncio_858\\3.jpeg', 'imagenes_tecnocasa\\anuncio_858\\4.jpeg', 'imagenes_tecnocasa\\anuncio_858\\5.jpeg', 'imagenes_tecnocasa\\anuncio_858\\6.jpeg', 'imagenes_tecnocasa\\anuncio_858\\7.jpeg', 'imagenes_tecnocasa\\anuncio_858\\8.jpeg', 'imagenes_tecnocasa\\anuncio_858\\9.jpeg', 'imagenes_tecnocasa\\anuncio_858\\10.jpeg', 'imagenes_tecnocasa\\anuncio_858\\11.jpeg', 'imagenes_tecnocasa\\anuncio_858\\12.jpeg', 'imagenes_tecnocasa\\anuncio_858\\13.jpeg', 'imagenes_tecnocasa\\anuncio_858\\14.jpeg', 'imagenes_tecnocasa\\anuncio_858\\15.jpeg', 'imagenes_tecnocasa\\anuncio_858\\16.jpeg', 'imagenes_tecnocasa\\anuncio_858\\17.jpeg', 'imagenes_tecnocasa\\anuncio_858\\18.jpeg', 'imagenes_tecnocasa\\anuncio_858\\19.jpeg', 'imagenes_tecnocasa\\anuncio_858\\20.jpeg', 'imagenes_tecnocasa\\anuncio_858\\21.jpeg']",0,Popular,1972,0,0,0,piso,2,Algete,Algete,40.5961652,-3.4974246,858,2711.864406779661,153.0,104.0,0.1,0.4,1.0,0.0,parquet,pintura,corredera,estándar (2.4-2.8m),nada,5.2,6.6,moderno,"['#FFFFFF', '#F2F2F2', '#D3D3D3']",buena,True,eficiente,normal,ninguno,ninguno,estándar,parcialmente equipada,ninguno,8.4,7.4,ninguna,5
https://www.tecnocasa.es/venta/piso/madrid/algete/614498.html,170000.0,2,81.0,1,"DESARROLLO ALGETE, agencia Inmobiliaria del grupo TECNOCASA en zona Algete - Prado Norte - Santo Domingo - Alalpardo - Valdeolmos, VENDE en exclusiva estupenda vivienda en el centro de Algete.

La zona cuenta con todos los servicios cerca. Farmacia, restaurantes, comercios, colegios, zonas verdes, bancos, etc.

Muy bien comunicada, línea de autobuses 163 y N-103. Líneas de autobuses 185, 254 y 263. Muy próximo al hospital Infanta Sofía.

A 30 minutos al centro de Madrid, Aeropuerto a diez minutos en coche y acceso directo a M-100, M-111, M-106, M-123, A-1 y R-2.

DESCRIPCIÓN

VIVIENDA EN PLANTA BAJA.

La vivienda cuenta con 82m construídos y 61m útiles según Catastro.
Es una vivienda en planta baja. Se compone de 2 dormitorios, 1 cuarto de baño completo con plato de ducha, salón, cocina, patio, plaza de garaje y trastero en el mismo bloque. Todas las estancias son exteriores.

Zona muy tranquila y muy bien comunicada, línea de autobuses 182 y 254. A 30 minutos al centro de Madrid, Aeropuerto a diez minutos en coche y acceso directo a M-100, M-111, M-106, M-123, A-1 y R-2.

Confía en grupo Tecnocasa, con más de 30 años de experiencia en España.
Si tienes dudas con tu hipoteca, no dudes en ponerte en contacto con nosotros. Nuestro departamento financiero Kiron puede asesorarte gratuitamente.

Desarrollo Algete.
Calle Valdeamor, 46 (28110)

Horario de atención al cliente
L-V 10-14:30 y 17:00-20:30
Sábados 10:00-14:00

Llámanos o escríbenos para solicitar información o programar una visita.",0,0,1,0,1,1,0,1,0,1,"['https://cdn-media.medialabtc.it/es/agencies/md555/estates/614498/images/8857161/gallery_media.jpeg', 'https://cdn-media.medialabtc.it/es/agencies/md555/estates/614498/images/8831715/gallery_media.jpeg', 'https://cdn-media.medialabtc.it/es/agencies/md555/estates/614498/images/8939253/gallery_media.jpeg', 'https://cdn-media.medialabtc.it/es/agencies/md555/estates/614498/images/8857182/gallery_media.jpeg']",0,Desconocido,1,1,0,0,0,G,0,0,"['imagenes_tecnocasa\\anuncio_859\\0.jpeg', 'imagenes_tecnocasa\\anuncio_859\\1.jpeg', 'imagenes_tecnocasa\\anuncio_859\\2.jpeg', 'imagenes_tecnocasa\\anuncio_859\\3.jpeg']",0,Popular,2003,1,0,0,piso,2,Algete,Algete,40.5961652,-3.4974246,859,2098.7654320987654,243.0,160.0,0.0,0.0,0.0,0.0,otro,pintura,corredera,estándar (2.4-2.8m),nada,2.75,2.75,moderno,"['#D2B48C', '#A0522D', '#808080']",regular,False,convencional,limitado,ninguno,ninguno,básico,básica,ninguno,6.25,6.25,ninguna,4
https://www.tecnocasa.es/venta/piso/madrid/madrid/536233.html,159000.0,2,35.0,1,"AGENCIA INMOBILIARIA DE MADRID ZONA PUERTA DEL ANGEL TECNOCASA ESTUDIO PASEO JESUITAS SL
VENDE

PISO EN CALLE JAIME TERCERO. REFORMADO. cuenta con un patio, Salón con cocina americana amueblada, baño reformado con plato de ducha y ventana, calefacción individual de gas natural,ideales para una pareja o una pequeña familia, y un baño completo. Su distribución optimiza el espacio, proporcionando un ambiente cálido y confortable. La zona de estar es perfecta para relajarse tras un día de trabajo, mientras que la cocina, aunque compacta, está diseñada para aprovechar al máximo cada rincón. Ubicado en una zona popular, el barrio ofrece una amplia gama de servicios, comercios y transporte público, facilitando el acceso al resto de la ciudad. totalmente exterior ideal para quienes buscan vivir en un barrio con historia. Perfecto para disfrutar de la vida urbana en un entorno popular. En Puerta del Ángel, Madrid.
ideales para una pareja o una pequeña familia, y un baño completo. Su distribución optimiza el espacio, proporcionando un ambiente cálido y confortable. La zona de estar es perfecta para relajarse tras un día de trabajo, mientras que la cocina, aunque compacta, está diseñada para aprovechar al máximo cada rincón. Ubicado en una zona popular, el barrio ofrece una amplia gama de servicios, comercios y transporte público, facilitando el acceso al resto de la ciudad.
- Salón
- Cocina Americana
- 2 dormitorios
- 1 baño con ventana

CARACTERÍSTICAS DEL INMUEBLE:

- reformado
- doble orientacion
- calefaccion de gas natural individual.

Cuenta con variedad de comercios a su alrededor y servicios públicos. Junto al pulmón de madrid, la casa de campo, parque de la cuña verde, parque caramuel, a pocos minutos, trasporte cercano metro Puerta del Ángel.
Muy cercano a Madrid Rio y a Príncipe Pio. A pocos minutos del Centro.

La zona dispone de varias líneas de autobús (500,138, 31,65, 33, 36 y 39).

Metro (línea 6, Puerta del Ángel, Paseo de Extremadura).",1,1,1,1,1,1,1,1,1,1,"['https://cdn-media.medialabtc.it/es/agencies/md077/estates/536233/images/8761341/gallery_media.jpeg', 'https://cdn-media.medialabtc.it/es/agencies/md077/estates/536233/images/8761348/gallery_media.jpeg', 'https://cdn-media.medialabtc.it/es/agencies/md077/estates/536233/images/8761331/gallery_media.jpeg', 'https://cdn-media.medialabtc.it/es/agencies/md077/estates/536233/images/8761326/gallery_media.jpeg', 'https://cdn-media.medialabtc.it/es/agencies/md077/estates/536233/images/8761329/gallery_media.jpeg', 'https://cdn-media.medialabtc.it/es/agencies/md077/estates/536233/images/8761335/gallery_media.jpeg', 'https://cdn-media.medialabtc.it/es/agencies/md077/estates/536233/images/8761324/gallery_media.jpeg', 'https://cdn-media.medialabtc.it/es/agencies/md077/estates/536233/images/8761338/gallery_media.jpeg', 'https://cdn-media.medialabtc.it/es/agencies/md077/estates/536233/images/8761330/gallery_media.jpeg', 'https://cdn-media.medialabtc.it/es/agencies/md077/estates/536233/images/8761349/gallery_media.jpeg', 'https://cdn-media.medialabtc.it/es/agencies/md077/estates/536233/images/8761332/gallery_media.jpeg', 'https://cdn-media.medialabtc.it/es/agencies/md077/estates/536233/images/8761351/gallery_media.jpeg', 'https://cdn-media.medialabtc.it/es/agencies/md077/estates/536233/images/8761346/gallery_media.jpeg', 'https://cdn-media.medialabtc.it/es/agencies/md077/estates/536233/images/8761343/gallery_media.jpeg', 'https://cdn-media.medialabtc.it/es/agencies/md077/estates/536233/images/8761327/gallery_media.jpeg', 'https://cdn-media.medialabtc.it/es/agencies/md077/estates/536233/images/8761339/gallery_media.jpeg', 'https://cdn-media.medialabtc.it/es/agencies/md077/estates/536233/images/8761345/gallery_media.jpeg', 'https://cdn-media.medialabtc.it/es/agencies/md077/estates/536233/images/8761347/gallery_media.jpeg', 'https://cdn-media.medialabtc.it/es/agencies/md077/estates/536233/images/8761344/gallery_media.jpeg', 'https://cdn-media.medialabtc.it/es/agencies/md077/estates/536233/images/8761333/gallery_media.jpeg', 'https://cdn-media.medialabtc.it/es/agencies/md077/estates/536233/images/8761328/gallery_media.jpeg', 'https://cdn-media.medialabtc.it/es/agencies/md077/estates/536233/images/8761337/gallery_media.jpeg', 'https://cdn-media.medialabtc.it/es/agencies/md077/estates/536233/images/8761325/gallery_media.jpeg', 'https://cdn-media.medialabtc.it/es/agencies/md077/estates/536233/images/8761334/gallery_media.jpeg', 'https://cdn-media.medialabtc.it/es/agencies/md077/estates/536233/images/8761342/gallery_media.jpeg', 'https://cdn-media.medialabtc.it/es/agencies/md077/estates/536233/images/8761336/gallery_media.jpeg', 'https://cdn-media.medialabtc.it/es/agencies/md077/estates/536233/images/8761350/gallery_media.jpeg', 'https://cdn-media.medialabtc.it/es/agencies/md077/estates/536233/images/8761352/gallery_media.jpeg', 'https://cdn-media.medialabtc.it/es/agencies/md077/estates/536233/images/8761340/gallery_media.jpeg', 'https://cdn-media.medialabtc.it/es/agencies/md077/estates/536233/images/8761353/gallery_media.jpeg']",0,Reformado,0,0,0,0,0,D,0,0,"['imagenes_tecnocasa\\anuncio_861\\0.jpeg', 'imagenes_tecnocasa\\anuncio_861\\1.jpeg', 'imagenes_tecnocasa\\anuncio_861\\2.jpeg', 'imagenes_tecnocasa\\anuncio_861\\3.jpeg', 'imagenes_tecnocasa\\anuncio_861\\4.jpeg', 'imagenes_tecnocasa\\anuncio_861\\5.jpeg', 'imagenes_tecnocasa\\anuncio_861\\6.jpeg', 'imagenes_tecnocasa\\anuncio_861\\7.jpeg', 'imagenes_tecnocasa\\anuncio_861\\8.jpeg', 'imagenes_tecnocasa\\anuncio_861\\9.jpeg', 'imagenes_tecnocasa\\anuncio_861\\10.jpeg', 'imagenes_tecnocasa\\anuncio_861\\11.jpeg', 'imagenes_tecnocasa\\anuncio_861\\12.jpeg', 'imagenes_tecnocasa\\anuncio_861\\13.jpeg', 'imagenes_tecnocasa\\anuncio_861\\14.jpeg', 'imagenes_tecnocasa\\anuncio_861\\15.jpeg', 'imagenes_tecnocasa\\anuncio_861\\16.jpeg', 'imagenes_tecnocasa\\anuncio_861\\17.jpeg', 'imagenes_tecnocasa\\anuncio_861\\18.jpeg', 'imagenes_tecnocasa\\anuncio_861\\19.jpeg', 'imagenes_tecnocasa\\anuncio_861\\20.jpeg', 'imagenes_tecnocasa\\anuncio_861\\21.jpeg', 'imagenes_tecnocasa\\anuncio_861\\22.jpeg', 'imagenes_tecnocasa\\anuncio_861\\23.jpeg', 'imagenes_tecnocasa\\anuncio_861\\24.jpeg', 'imagenes_tecnocasa\\anuncio_861\\25.jpeg', 'imagenes_tecnocasa\\anuncio_861\\26.jpeg', 'imagenes_tecnocasa\\anuncio_861\\27.jpeg', 'imagenes_tecnocasa\\anuncio_861\\28.jpeg', 'imagenes_tecnocasa\\anuncio_861\\29.jpeg']",0,Popular,1920,1,0,0,piso,1,Madrid,"Puerta Del Ángel, Madrid",40.4167047,-3.7035825,861,4542.857142857143,319.0,169.0,0.4,0.7000000000000001,1.0,1.0,cerámica,pintura,no visible,estándar (2.4-2.8m),nada,3.8,5.0,moderno,"['#FFFFFF', '#F2F2F2', '#D3D3D3']",buena,True,eficiente,limitado,ninguno,ninguno,estándar,básica,ninguno,6.8,5.8,ninguna,5
https://www.tecnocasa.es/venta/piso/madrid/madrid/612310.html,249900.0,4,106.0,1,"Agencia Inmobiliaria TECNOCASA VALLECAS ZONA PORTAZGO, vende PISO EN LA ZONA DE FONTARRÓN, de 106 m2 construidos según catastro, planta DOCEAVA con ascensor, EXTERIOR.
Compuesto por: entrada, cocina con tendedero, salón con terraza, 3 dormitorios (1 con aire acondicionado), 1 baño con plato de ducha y ventana.
Los suelos son de terrazo en toda la vivienda, ventanas de aluminio y calefacción individual de gas natural.
Año construcción 1981.
VIVIENDA PARA ENTRAR A VIVIR.
La vivienda está situada en una zona ya consolidada con multitud de servicios alrededor, farmacias, supermercados, colegios, biblioteca, y bien comunicada por la red de transportes del municipio como paradas de autobús, RENFE y línea 1 de metro (Miguel Hernández-Alto del Arenal)
No dude en llamarnos para concertar su cita para visitar el inmueble en la que además recibirá el asesoramiento gratuito de nuestro departamento financiero KIRON. FINANCIACION 100%.",0,1,1,1,1,1,0,1,1,1,"['https://cdn-media.medialabtc.it/es/agencies/md071/estates/612310/images/8776638/gallery_media.jpeg', 'https://cdn-media.medialabtc.it/es/agencies/md071/estates/612310/images/8776671/gallery_media.jpeg', 'https://cdn-media.medialabtc.it/es/agencies/md071/estates/612310/images/8776663/gallery_media.jpeg', 'https://cdn-media.medialabtc.it/es/agencies/md071/estates/612310/images/8776666/gallery_media.jpeg', 'https://cdn-media.medialabtc.it/es/agencies/md071/estates/612310/images/8776670/gallery_media.jpeg', 'https://cdn-media.medialabtc.it/es/agencies/md071/estates/612310/images/8776662/gallery_media.jpeg', 'https://cdn-media.medialabtc.it/es/agencies/md071/estates/612310/images/8776668/gallery_media.jpeg', 'https://cdn-media.medialabtc.it/es/agencies/md071/estates/612310/images/8776669/gallery_media.jpeg', 'https://cdn-media.medialabtc.it/es/agencies/md071/estates/612310/images/8776654/gallery_media.jpeg', 'https://cdn-media.medialabtc.it/es/agencies/md071/estates/612310/images/8776636/gallery_media.jpeg', 'https://cdn-media.medialabtc.it/es/agencies/md071/estates/612310/images/8776641/gallery_media.jpeg', 'https://cdn-media.medialabtc.it/es/agencies/md071/estates/612310/images/8776648/gallery_media.jpeg', 'https://cdn-media.medialabtc.it/es/agencies/md071/estates/612310/images/8776634/gallery_media.jpeg', 'https://cdn-media.medialabtc.it/es/agencies/md071/estates/612310/images/8776664/gallery_media.jpeg', 'https://cdn-media.medialabtc.it/es/agencies/md071/estates/612310/images/8776651/gallery_media.jpeg', 'https://cdn-media.medialabtc.it/es/agencies/md071/estates/612310/images/8776653/gallery_media.jpeg', 'https://cdn-media.medialabtc.it/es/agencies/md071/estates/612310/images/8776640/gallery_media.jpeg', 'https://cdn-media.medialabtc.it/es/agencies/md071/estates/612310/images/8776639/gallery_media.jpeg', 'https://cdn-media.medialabtc.it/es/agencies/md071/estates/612310/images/8776650/gallery_media.jpeg', 'https://cdn-media.medialabtc.it/es/agencies/md071/estates/612310/images/8776649/gallery_media.jpeg', 'https://cdn-media.medialabtc.it/es/agencies/md071/estates/612310/images/8776655/gallery_media.jpeg', 'https://cdn-media.medialabtc.it/es/agencies/md071/estates/612310/images/8776667/gallery_media.jpeg', 'https://cdn-media.medialabtc.it/es/agencies/md071/estates/612310/images/8776635/gallery_media.jpeg', 'https://cdn-media.medialabtc.it/es/agencies/md071/estates/612310/images/8776665/gallery_media.jpeg', 'https://cdn-media.medialabtc.it/es/agencies/md071/estates/612310/images/8776637/gallery_media.jpeg', 'https://cdn-media.medialabtc.it/es/agencies/md071/estates/612310/images/8776652/gallery_media.jpeg']",0,Desconocido,0,0,0,1,0,E,0,0,"['imagenes_tecnocasa\\anuncio_862\\0.jpeg', 'imagenes_tecnocasa\\anuncio_862\\1.jpeg', 'imagenes_tecnocasa\\anuncio_862\\2.jpeg', 'imagenes_tecnocasa\\anuncio_862\\3.jpeg', 'imagenes_tecnocasa\\anuncio_862\\4.jpeg', 'imagenes_tecnocasa\\anuncio_862\\5.jpeg', 'imagenes_tecnocasa\\anuncio_862\\6.jpeg', 'imagenes_tecnocasa\\anuncio_862\\7.jpeg', 'imagenes_tecnocasa\\anuncio_862\\8.jpeg', 'imagenes_tecnocasa\\anuncio_862\\9.jpeg', 'imagenes_tecnocasa\\anuncio_862\\10.jpeg', 'imagenes_tecnocasa\\anuncio_862\\11.jpeg', 'imagenes_tecnocasa\\anuncio_862\\12.jpeg', 'imagenes_tecnocasa\\anuncio_862\\13.jpeg', 'imagenes_tecnocasa\\anuncio_862\\14.jpeg', 'imagenes_tecnocasa\\anuncio_862\\15.jpeg', 'imagenes_tecnocasa\\anuncio_862\\16.jpeg', 'imagenes_tecnocasa\\anuncio_862\\17.jpeg', 'imagenes_tecnocasa\\anuncio_862\\18.jpeg', 'imagenes_tecnocasa\\anuncio_862\\19.jpeg', 'imagenes_tecnocasa\\anuncio_862\\20.jpeg', 'imagenes_tecnocasa\\anuncio_862\\21.jpeg', 'imagenes_tecnocasa\\anuncio_862\\22.jpeg', 'imagenes_tecnocasa\\anuncio_862\\23.jpeg', 'imagenes_tecnocasa\\anuncio_862\\24.jpeg', 'imagenes_tecnocasa\\anuncio_862\\25.jpeg']",1,De época,1988,1,0,0,piso,3,Madrid,"Palomeras - Portazgo, Madrid",40.4167047,-3.7035825,862,2357.5471698113206,142.0,115.0,0.03333333333333333,0.26666666666666666,0.0,0.0,cerámica,pintura,corredera,estándar (2.4-2.8m),nada,3.6,3.8,convencional,"['#F2E9E1', '#A0522D', '#8B4513']",regular,False,convencional,limitado,balcón,ninguno,estándar,básica,ninguno,6.0,7.0,ninguna,5
https://www.tecnocasa.es/venta/piso/madrid/madrid/612465.html,275000.0,3,113.0,2,"Agencia Inmobiliaria TECNOCASA VALLECAS ZONA PORTAZGO, vende PISO PARA ENTRAR A VIVIR EN LA ZONA DE BUENOS AIRES- TAJAMAR, de 113 m2 construidos, Año 1982. Planta tercera. Compuesta por salón, terraza, cocina, tendedero, 3 dormitorios, 2 baños. EDIFICIO CON ASCENSOR.
VIVIENDA A REFORMAR.
La vivienda está situada en una zona ya consolidada con multitud de servicios alrededor y bien comunicada por la red de transportes del municipio como paradas de autobús, RENFE y línea 1 de metro (Miguel Hernández-Alto del Arenal-Buenos Aires)
No dude en llamarnos para concertar su cita para visitar el inmueble en la que además recibirá el asesoramiento gratuito de nuestro departamento financiero KÌRON. FINANCIACION 100%.",1,1,1,1,1,1,0,1,1,1,"['https://cdn-media.medialabtc.it/es/agencies/md071/estates/612465/images/8781463/gallery_media.jpeg', 'https://cdn-media.medialabtc.it/es/agencies/md071/estates/612465/images/8781473/gallery_media.jpeg', 'https://cdn-media.medialabtc.it/es/agencies/md071/estates/612465/images/8781467/gallery_media.jpeg', 'https://cdn-media.medialabtc.it/es/agencies/md071/estates/612465/images/8781417/gallery_media.jpeg', 'https://cdn-media.medialabtc.it/es/agencies/md071/estates/612465/images/8781414/gallery_media.jpeg', 'https://cdn-media.medialabtc.it/es/agencies/md071/estates/612465/images/8781468/gallery_media.jpeg', 'https://cdn-media.medialabtc.it/es/agencies/md071/estates/612465/images/8781415/gallery_media.jpeg', 'https://cdn-media.medialabtc.it/es/agencies/md071/estates/612465/images/8781466/gallery_media.jpeg', 'https://cdn-media.medialabtc.it/es/agencies/md071/estates/612465/images/8781464/gallery_media.jpeg', 'https://cdn-media.medialabtc.it/es/agencies/md071/estates/612465/images/8781409/gallery_media.jpeg', 'https://cdn-media.medialabtc.it/es/agencies/md071/estates/612465/images/8781408/gallery_media.jpeg', 'https://cdn-media.medialabtc.it/es/agencies/md071/estates/612465/images/8781469/gallery_media.jpeg', 'https://cdn-media.medialabtc.it/es/agencies/md071/estates/612465/images/8781412/gallery_media.jpeg', 'https://cdn-media.medialabtc.it/es/agencies/md071/estates/612465/images/8960347/gallery_media.jpeg', 'https://cdn-media.medialabtc.it/es/agencies/md071/estates/612465/images/8781471/gallery_media.jpeg', 'https://cdn-media.medialabtc.it/es/agencies/md071/estates/612465/images/8781411/gallery_media.jpeg', 'https://cdn-media.medialabtc.it/es/agencies/md071/estates/612465/images/8781421/gallery_media.jpeg', 'https://cdn-media.medialabtc.it/es/agencies/md071/estates/612465/images/8781419/gallery_media.jpeg', 'https://cdn-media.medialabtc.it/es/agencies/md071/estates/612465/images/8781472/gallery_media.jpeg', 'https://cdn-media.medialabtc.it/es/agencies/md071/estates/612465/images/8781410/gallery_media.jpeg', 'https://cdn-media.medialabtc.it/es/agencies/md071/estates/612465/images/8781413/gallery_media.jpeg', 'https://cdn-media.medialabtc.it/es/agencies/md071/estates/612465/images/8781465/gallery_media.jpeg', 'https://cdn-media.medialabtc.it/es/agencies/md071/estates/612465/images/8781416/gallery_media.jpeg', 'https://cdn-media.medialabtc.it/es/agencies/md071/estates/612465/images/8781462/gallery_media.jpeg', 'https://cdn-media.medialabtc.it/es/agencies/md071/estates/612465/images/8781418/gallery_media.jpeg', 'https://cdn-media.medialabtc.it/es/agencies/md071/estates/612465/images/8781420/gallery_media.jpeg', 'https://cdn-media.medialabtc.it/es/agencies/md071/estates/612465/images/8781470/gallery_media.jpeg']",0,A reformar,0,0,0,1,0,E,0,0,"['imagenes_tecnocasa\\anuncio_863\\0.jpeg', 'imagenes_tecnocasa\\anuncio_863\\1.jpeg', 'imagenes_tecnocasa\\anuncio_863\\2.jpeg', 'imagenes_tecnocasa\\anuncio_863\\3.jpeg', 'imagenes_tecnocasa\\anuncio_863\\4.jpeg', 'imagenes_tecnocasa\\anuncio_863\\5.jpeg', 'imagenes_tecnocasa\\anuncio_863\\6.jpeg', 'imagenes_tecnocasa\\anuncio_863\\7.jpeg', 'imagenes_tecnocasa\\anuncio_863\\8.jpeg', 'imagenes_tecnocasa\\anuncio_863\\9.jpeg', 'imagenes_tecnocasa\\anuncio_863\\10.jpeg', 'imagenes_tecnocasa\\anuncio_863\\11.jpeg', 'imagenes_tecnocasa\\anuncio_863\\12.jpeg', 'imagenes_tecnocasa\\anuncio_863\\13.jpeg', 'imagenes_tecnocasa\\anuncio_863\\14.jpeg', 'imagenes_tecnocasa\\anuncio_863\\15.jpeg', 'imagenes_tecnocasa\\anuncio_863\\16.jpeg', 'imagenes_tecnocasa\\anuncio_863\\17.jpeg', 'imagenes_tecnocasa\\anuncio_863\\18.jpeg', 'imagenes_tecnocasa\\anuncio_863\\19.jpeg', 'imagenes_tecnocasa\\anuncio_863\\20.jpeg', 'imagenes_tecnocasa\\anuncio_863\\21.jpeg', 'imagenes_tecnocasa\\anuncio_863\\22.jpeg', 'imagenes_tecnocasa\\anuncio_863\\23.jpeg', 'imagenes_tecnocasa\\anuncio_863\\24.jpeg', 'imagenes_tecnocasa\\anuncio_863\\25.jpeg', 'imagenes_tecnocasa\\anuncio_863\\26.jpeg']",0,De época,1982,0,0,0,piso,3,Madrid,"Palomeras - Portazgo, Madrid",40.4167047,-3.7035825,863,2433.6283185840707,109.0,94.0,0.0,0.0,0.0,0.0,cerámica,pintura,corredera,estándar (2.4-2.8m),nada,4.2,4.6,convencional,"['#FFFFFF', '#EEEEEE', '#AAAAAA']",regular,False,convencional,limitado,ninguno,ninguno,estándar,básica,ninguno,6.8,7.0,ninguna,5
https://www.tecnocasa.es/venta/piso/madrid/fuenlabrada/613363.html,209900.0,3,92.0,1,"¡¡¡¡¡¡RESERVADO!!!!
Agencia inmobiliaria Tecnocasa, vende vivienda en URB. PARQUE GRANADA, 1º planta con Ascensor, compuesto de 3 dormitorios, salón, cocina y baño y terraza. Incluye acceso a Polideportivo y Piscina, zonas verdes, club social y zona infantil. Situado en una zona tranquila y residencial, muy cerca del Hospital y Metrosur de Parque Europa, así como de farmacias, colegios y todo tipo de servicios.
FINANCIACIÓN HASTA 100%, según condiciones. ¡Visítelo sin compromiso, nuestro departamento financiero Kíron le consigue la mejor hipoteca!

Agencia Inmobiliaria Tecnocasa lleva más de 23 años trabajando solamente en las zonas de Arco Iris, Parque Europa y Parque Granada.
Si estas pensando en cambiar su casa o quiere saber el precio de venta de su vivienda, hacemos VALORACIONES TOTALMENTE GRATUITAS SIN COMPROMISO. Llámanos o visítenos en Avda de Europa nº 10 en Fuenlabrada. No dude en consultarnos!",1,1,1,1,1,1,0,1,1,1,"['https://cdn-media.medialabtc.it/es/agencies/mdbf7/estates/613363/images/8804048/gallery_media.jpeg', 'https://cdn-media.medialabtc.it/es/agencies/mdbf7/estates/613363/images/8804046/gallery_media.jpeg', 'https://cdn-media.medialabtc.it/es/agencies/mdbf7/estates/613363/images/8804024/gallery_media.jpeg', 'https://cdn-media.medialabtc.it/es/agencies/mdbf7/estates/613363/images/8803997/gallery_media.jpeg', 'https://cdn-media.medialabtc.it/es/agencies/mdbf7/estates/613363/images/8804035/gallery_media.jpeg', 'https://cdn-media.medialabtc.it/es/agencies/mdbf7/estates/613363/images/8804037/gallery_media.jpeg', 'https://cdn-media.medialabtc.it/es/agencies/mdbf7/estates/613363/images/8804030/gallery_media.jpeg', 'https://cdn-media.medialabtc.it/es/agencies/mdbf7/estates/613363/images/8804047/gallery_media.jpeg', 'https://cdn-media.medialabtc.it/es/agencies/mdbf7/estates/613363/images/8804038/gallery_media.jpeg', 'https://cdn-media.medialabtc.it/es/agencies/mdbf7/estates/613363/images/8804045/gallery_media.jpeg', 'https://cdn-media.medialabtc.it/es/agencies/mdbf7/estates/613363/images/8804049/gallery_media.jpeg', 'https://cdn-media.medialabtc.it/es/agencies/mdbf7/estates/613363/images/8804027/gallery_media.jpeg', 'https://cdn-media.medialabtc.it/es/agencies/mdbf7/estates/613363/images/8804000/gallery_media.jpeg', 'https://cdn-media.medialabtc.it/es/agencies/mdbf7/estates/613363/images/8804023/gallery_media.jpeg', 'https://cdn-media.medialabtc.it/es/agencies/mdbf7/estates/613363/images/8804028/gallery_media.jpeg', 'https://cdn-media.medialabtc.it/es/agencies/mdbf7/estates/613363/images/8804031/gallery_media.jpeg', 'https://cdn-media.medialabtc.it/es/agencies/mdbf7/estates/613363/images/8804041/gallery_media.jpeg', 'https://cdn-media.medialabtc.it/es/agencies/mdbf7/estates/613363/images/8804042/gallery_media.jpeg', 'https://cdn-media.medialabtc.it/es/agencies/mdbf7/estates/613363/images/8804029/gallery_media.jpeg', 'https://cdn-media.medialabtc.it/es/agencies/mdbf7/estates/613363/images/8803999/gallery_media.jpeg', 'https://cdn-media.medialabtc.it/es/agencies/mdbf7/estates/613363/images/8804026/gallery_media.jpeg', 'https://cdn-media.medialabtc.it/es/agencies/mdbf7/estates/613363/images/8804036/gallery_media.jpeg', 'https://cdn-media.medialabtc.it/es/agencies/mdbf7/estates/613363/images/8804040/gallery_media.jpeg', 'https://cdn-media.medialabtc.it/es/agencies/mdbf7/estates/613363/images/8804039/gallery_media.jpeg', 'https://cdn-media.medialabtc.it/es/agencies/mdbf7/estates/613363/images/8804044/gallery_media.jpeg']",0,Desconocido,0,0,1,1,0,E,0,1,"['imagenes_tecnocasa\\anuncio_867\\0.jpeg', 'imagenes_tecnocasa\\anuncio_867\\1.jpeg', 'imagenes_tecnocasa\\anuncio_867\\2.jpeg', 'imagenes_tecnocasa\\anuncio_867\\3.jpeg', 'imagenes_tecnocasa\\anuncio_867\\4.jpeg', 'imagenes_tecnocasa\\anuncio_867\\5.jpeg', 'imagenes_tecnocasa\\anuncio_867\\6.jpeg', 'imagenes_tecnocasa\\anuncio_867\\7.jpeg', 'imagenes_tecnocasa\\anuncio_867\\8.jpeg', 'imagenes_tecnocasa\\anuncio_867\\9.jpeg', 'imagenes_tecnocasa\\anuncio_867\\10.jpeg', 'imagenes_tecnocasa\\anuncio_867\\11.jpeg', 'imagenes_tecnocasa\\anuncio_867\\12.jpeg', 'imagenes_tecnocasa\\anuncio_867\\13.jpeg', 'imagenes_tecnocasa\\anuncio_867\\14.jpeg', 'imagenes_tecnocasa\\anuncio_867\\15.jpeg', 'imagenes_tecnocasa\\anuncio_867\\16.jpeg', 'imagenes_tecnocasa\\anuncio_867\\17.jpeg', 'imagenes_tecnocasa\\anuncio_867\\18.jpeg', 'imagenes_tecnocasa\\anuncio_867\\19.jpeg', 'imagenes_tecnocasa\\anuncio_867\\20.jpeg', 'imagenes_tecnocasa\\anuncio_867\\21.jpeg', 'imagenes_tecnocasa\\anuncio_867\\22.jpeg', 'imagenes_tecnocasa\\anuncio_867\\23.jpeg', 'imagenes_tecnocasa\\anuncio_867\\24.jpeg']",0,Media,1978,1,0,0,piso,2,Fuenlabrada,Fuenlabrada,40.282476,-3.7923422,867,2281.521739130435,139.0,110.0,0.05208333333333333,0.06666666666666667,0.0,0.0,otro,pintura,corredera,estándar (2.4-2.8m),nada,3.2,4.2,convencional,"['#FFFFFF', '#D3D3D3', '#808080']",buena,False,convencional,limitado,ninguno,ninguno,estándar,básica,ninguno,6.6,6.4,ninguna,5
