Enlace,Precio,Dormitorios,Superficie,Num_baños,Descripción,Metro,Renfe,Bus,Farmacia,Bar,Restaurante,Hospital,Supermercado,Tienda,Colegio,Imagenes,Vistas,Estado_conservacion,Garaje,Trastero,Piscina,Terraza_balcon,Seguridad_portero,Etiqueta,Amueblado,Calle_tranquila,Imagenes_locales,Aire acondicionado,Tipo_de_inmueble,Año_de_construccion,Calefaccion,Jardin,Ascensor,Tipo_vivienda,Planta_ordinal,distrito/ciudad,Localización_normalizada,Latitud,Longitud,announcement_id,Precio_m2,Longitud_desc,Riqueza_desc,Polaridad_desc,Subjetividad_desc,Adjetivos_positivos,Urgencia_desc,tipo_suelo,material_pared,tipo_ventana,altura_techo,elementos_estructurales_visibles,nivel_lujo,nivel_modernidad,estilo_principal,paleta_colores,calidad_iluminacion,espacio_abierto,distribucion_espacios,espacios_almacenaje,zonas_exteriores,tecnologia_visible,calidad_bano,equipamiento_cocina,defectos_visibles,nivel_foto_profesional,equilibrio_composicion,distorsion_perspectiva,num_imagenes
https://www.tecnocasa.es/venta/piso/madrid/madrid/610024.html,530000.0,2,103.0,1,"Agencia inmobiliaria de MADRID – zona ESTRELLA – RETIRO – vende – piso – tecnocasa – hipoteca – alquiler – RAFAEL SALAZAR ALONSO
Tecnocasa vende una magnífica vivienda situada en un 1º sin ascensor en una de las zonas más verdes y tranquilas del mítico barrio de la Estrella (Distrito Retiro).
La vivienda cuenta con 103m2 en una cómoda distribución con gran potencial.
La finca en la que se encuentra dispone de calefacción central.
Distribución actual:
- 2 dormitorios.
- Salón.
- Cocina independiente.
- 1 baño completo completamente reformado.
- Una galería con acceso desde la cocina.
- Orientación Este/Oeste.
- Sin patio interior, todas las ventanas dan a exterior.
Además, cuenta con un amplio trastero en el sótano de la finca para almacenaje personal y de unos jardines mancomunitarios exclusivos para los propietarios.
La zona dispone de todos los servicios básicos: supermercados, centros educativos públicos y privados, hospitales, centros deportivos, grandes almacenes, y una amplia oferta cultural, gastronómica y de ocio en general. A 10 minutos andando del Parque del Buen Retiro
Respecto a movilidad, dispone de una gran oferta de transporte público, a escasos minutos de las estaciones de metro de Sainz de Baranda (Líneas 9 y 6) y Conde de Casal (Línea 6), además de numerosas líneas de autobús de la EMT en las inmediaciones de la finca. Cercano también a las estaciones de Atocha (tren) y Méndez Álvaro (autobuses)
Llámanos sin compromiso y podremos informarte acerca de todas las características,
Solicita ya tu visita.",1,1,1,1,1,1,1,1,1,1,"['https://cdn-media.medialabtc.it/es/agencies/md068/estates/610024/images/8740903/gallery_media.jpeg', 'https://cdn-media.medialabtc.it/es/agencies/md068/estates/610024/images/8740857/gallery_media.jpeg', 'https://cdn-media.medialabtc.it/es/agencies/md068/estates/610024/images/8740859/gallery_media.jpeg', 'https://cdn-media.medialabtc.it/es/agencies/md068/estates/610024/images/8740902/gallery_media.jpeg', 'https://cdn-media.medialabtc.it/es/agencies/md068/estates/610024/images/8740861/gallery_media.jpeg', 'https://cdn-media.medialabtc.it/es/agencies/md068/estates/610024/images/8733946/gallery_media.jpeg', 'https://cdn-media.medialabtc.it/es/agencies/md068/estates/610024/images/8740904/gallery_media.jpeg', 'https://cdn-media.medialabtc.it/es/agencies/md068/estates/610024/images/8740860/gallery_media.jpeg', 'https://cdn-media.medialabtc.it/es/agencies/md068/estates/610024/images/8740905/gallery_media.jpeg', 'https://cdn-media.medialabtc.it/es/agencies/md068/estates/610024/images/8740855/gallery_media.jpeg', 'https://cdn-media.medialabtc.it/es/agencies/md068/estates/610024/images/8740856/gallery_media.jpeg', 'https://cdn-media.medialabtc.it/es/agencies/md068/estates/610024/images/8740858/gallery_media.jpeg', 'https://cdn-media.medialabtc.it/es/agencies/md068/estates/610024/images/8733945/gallery_media.jpeg']",0,Reformado,0,1,0,0,0,G,0,0,"['imagenes_tecnocasa\\anuncio_1169\\0.jpeg', 'imagenes_tecnocasa\\anuncio_1169\\1.jpeg', 'imagenes_tecnocasa\\anuncio_1169\\2.jpeg', 'imagenes_tecnocasa\\anuncio_1169\\3.jpeg', 'imagenes_tecnocasa\\anuncio_1169\\4.jpeg', 'imagenes_tecnocasa\\anuncio_1169\\5.jpeg', 'imagenes_tecnocasa\\anuncio_1169\\6.jpeg', 'imagenes_tecnocasa\\anuncio_1169\\7.jpeg', 'imagenes_tecnocasa\\anuncio_1169\\8.jpeg', 'imagenes_tecnocasa\\anuncio_1169\\9.jpeg', 'imagenes_tecnocasa\\anuncio_1169\\10.jpeg', 'imagenes_tecnocasa\\anuncio_1169\\11.jpeg', 'imagenes_tecnocasa\\anuncio_1169\\12.jpeg']",0,Señorial,1964,1,0,0,piso,2,Madrid,Madrid,40.4167047,-3.7035825,1169,5145.631067961165,249.0,161.0,0.030000000000000006,0.25,3.0,0.0,parquet,pintura,no visible,estándar (2.4-2.8m),nada,5.0,3.8,clásico,"['#A0522D', '#DEB887', '#FFFFE0']",buena,False,convencional,limitado,ninguno,ninguno,estándar,básica,ninguno,7.6,6.6,ninguna,5
https://www.tecnocasa.es/venta/piso/madrid/madrid/594738.html,99900.0,1,15.0,1,"Inmobiliaria en La latina - Puerta de Toledo - El Rastro - Palacio - Madrid - Tecnocasa Consulting Estudio Puerta de Toledo SL

¡Encantador piso abuhardillado en el corazón de La Latina!
Te ofrecemos la oportunidad de adquirir este precioso piso en una cuarta planta exterior sin ascensor, con el encanto de los techos abuhardillados y lleno de luz natural. Situado en el emblemático barrio de La Latina, este hogar está a solo 3 minutos caminando del famoso Rastro madrileño, que se celebra todos los domingos, y a 5 minutos de las estaciones de metro La Latina y Puerta de Toledo (Línea 5), lo que te permite una excelente conexión con el resto de la ciudad. También estarás a escasos minutos de la Plaza de la Cebada, y a 10 minutos de Madrid Río y del majestuoso Palacio Real, lo que lo convierte en una ubicación privilegiada dentro de la capital.
El entorno es inmejorable, con una amplia oferta de bares, restaurantes, mercados y locales de arte, antigüedades y cultura que dotan al barrio de un ambiente vibrante y auténtico, ideal tanto para quienes buscan vivir la esencia de Madrid como para inversores que quieran rentabilizar su compra.
La vivienda dispone de un dormitorio independiente, con espacio suficiente para una cama doble y almacenamiento, y un salón amplio y luminoso donde podrás relajarte y disfrutar de la luz natural que entra por las ventanas. La cocina, perfectamente integrada, está diseñada para aprovechar al máximo el espacio, ofreciendo todo lo necesario para el día a día. Además, el baño, de estilo moderno y funcional, está equipado con todas las comodidades.
Este piso destaca no solo por su encantadora ubicación, sino también por su carácter singular, ideal para aquellos que buscan un hogar con personalidad en una de las zonas más vibrantes de Madrid. ¡No dejes pasar esta oportunidad de vivir en La Latina, uno de los barrios más auténticos y con más historia de la ciudad!",1,1,1,1,1,1,1,1,1,1,"['https://cdn-media.medialabtc.it/es/agencies/md065/estates/594738/images/8577256/gallery_media.jpeg', 'https://cdn-media.medialabtc.it/es/agencies/md065/estates/594738/images/8577260/gallery_media.jpeg', 'https://cdn-media.medialabtc.it/es/agencies/md065/estates/594738/images/8577263/gallery_media.jpeg', 'https://cdn-media.medialabtc.it/es/agencies/md065/estates/594738/images/8577222/gallery_media.jpeg', 'https://cdn-media.medialabtc.it/es/agencies/md065/estates/594738/images/8577221/gallery_media.jpeg', 'https://cdn-media.medialabtc.it/es/agencies/md065/estates/594738/images/8577266/gallery_media.jpeg', 'https://cdn-media.medialabtc.it/es/agencies/md065/estates/594738/images/8577229/gallery_media.jpeg', 'https://cdn-media.medialabtc.it/es/agencies/md065/estates/594738/images/8577265/gallery_media.jpeg', 'https://cdn-media.medialabtc.it/es/agencies/md065/estates/594738/images/8577227/gallery_media.jpeg', 'https://cdn-media.medialabtc.it/es/agencies/md065/estates/594738/images/8577223/gallery_media.jpeg', 'https://cdn-media.medialabtc.it/es/agencies/md065/estates/594738/images/8577231/gallery_media.jpeg', 'https://cdn-media.medialabtc.it/es/agencies/md065/estates/594738/images/8577232/gallery_media.jpeg', 'https://cdn-media.medialabtc.it/es/agencies/md065/estates/594738/images/8577215/gallery_media.jpeg', 'https://cdn-media.medialabtc.it/es/agencies/md065/estates/594738/images/8577255/gallery_media.jpeg', 'https://cdn-media.medialabtc.it/es/agencies/md065/estates/594738/images/8382241/gallery_media.jpeg', 'https://cdn-media.medialabtc.it/es/agencies/md065/estates/594738/images/8577253/gallery_media.jpeg', 'https://cdn-media.medialabtc.it/es/agencies/md065/estates/594738/images/8577226/gallery_media.jpeg', 'https://cdn-media.medialabtc.it/es/agencies/md065/estates/594738/images/8577230/gallery_media.jpeg', 'https://cdn-media.medialabtc.it/es/agencies/md065/estates/594738/images/8577216/gallery_media.jpeg', 'https://cdn-media.medialabtc.it/es/agencies/md065/estates/594738/images/8577254/gallery_media.jpeg', 'https://cdn-media.medialabtc.it/es/agencies/md065/estates/594738/images/8577217/gallery_media.jpeg', 'https://cdn-media.medialabtc.it/es/agencies/md065/estates/594738/images/8577259/gallery_media.jpeg', 'https://cdn-media.medialabtc.it/es/agencies/md065/estates/594738/images/8577225/gallery_media.jpeg', 'https://cdn-media.medialabtc.it/es/agencies/md065/estates/594738/images/8577262/gallery_media.jpeg', 'https://cdn-media.medialabtc.it/es/agencies/md065/estates/594738/images/8577224/gallery_media.jpeg', 'https://cdn-media.medialabtc.it/es/agencies/md065/estates/594738/images/8577220/gallery_media.jpeg', 'https://cdn-media.medialabtc.it/es/agencies/md065/estates/594738/images/8577257/gallery_media.jpeg', 'https://cdn-media.medialabtc.it/es/agencies/md065/estates/594738/images/8577261/gallery_media.jpeg', 'https://cdn-media.medialabtc.it/es/agencies/md065/estates/594738/images/8577219/gallery_media.jpeg']",0,Desconocido,0,0,0,0,0,Desconocida,1,0,"['imagenes_tecnocasa\\anuncio_1170\\0.jpeg', 'imagenes_tecnocasa\\anuncio_1170\\1.jpeg', 'imagenes_tecnocasa\\anuncio_1170\\2.jpeg', 'imagenes_tecnocasa\\anuncio_1170\\3.jpeg', 'imagenes_tecnocasa\\anuncio_1170\\4.jpeg', 'imagenes_tecnocasa\\anuncio_1170\\5.jpeg', 'imagenes_tecnocasa\\anuncio_1170\\6.jpeg', 'imagenes_tecnocasa\\anuncio_1170\\7.jpeg', 'imagenes_tecnocasa\\anuncio_1170\\8.jpeg', 'imagenes_tecnocasa\\anuncio_1170\\9.jpeg', 'imagenes_tecnocasa\\anuncio_1170\\10.jpeg', 'imagenes_tecnocasa\\anuncio_1170\\11.jpeg', 'imagenes_tecnocasa\\anuncio_1170\\12.jpeg', 'imagenes_tecnocasa\\anuncio_1170\\13.jpeg', 'imagenes_tecnocasa\\anuncio_1170\\14.jpeg', 'imagenes_tecnocasa\\anuncio_1170\\15.jpeg', 'imagenes_tecnocasa\\anuncio_1170\\16.jpeg', 'imagenes_tecnocasa\\anuncio_1170\\17.jpeg', 'imagenes_tecnocasa\\anuncio_1170\\18.jpeg', 'imagenes_tecnocasa\\anuncio_1170\\19.jpeg', 'imagenes_tecnocasa\\anuncio_1170\\20.jpeg', 'imagenes_tecnocasa\\anuncio_1170\\21.jpeg', 'imagenes_tecnocasa\\anuncio_1170\\22.jpeg', 'imagenes_tecnocasa\\anuncio_1170\\23.jpeg', 'imagenes_tecnocasa\\anuncio_1170\\24.jpeg', 'imagenes_tecnocasa\\anuncio_1170\\25.jpeg', 'imagenes_tecnocasa\\anuncio_1170\\26.jpeg', 'imagenes_tecnocasa\\anuncio_1170\\27.jpeg', 'imagenes_tecnocasa\\anuncio_1170\\28.jpeg']",0,Popular,1905,0,0,0,piso,2,Madrid,"Palacio, Madrid",40.4167047,-3.7035825,1170,6660.0,325.0,186.0,0.4600000000000001,0.62,3.0,1.0,otro,pintura,otro,bajo (<2.4m),vigas,2.8,2.2,rústico,"['#D2B48C', '#F5F5DC', '#FF4500']",regular,True,poco funcional,limitado,ninguno,ninguno,básico,parcialmente equipada,ninguno,7.4,6.0,ninguna,5
https://www.tecnocasa.es/venta/piso/madrid/fuenlabrada/616133.html,199900.0,3,71.0,1,"Agencia inmobiliaria de FUENLABRADA zona FUENLABRADA CENTRO - METRO PARQUE DE LOS ESTADOS - CHASA I - II, VENDE PISO EN URBANIZACIÓN CHASA II en finca con ascensor con fachada rehabilitada y terraza abierta. Metrosur Parque de los Estados a 200 m. y acesso a piscina y pista de tenis .


En la zona de ubicación, podemos encontrar comercios, colegios, institutos, guarderías, bancos, farmacia, paradas de Autobús, y a escasos minutos, la parada de Renfe. Para cualquier consulta o dudas respecto a financiación, contacte con nuestro departamento comercial y consiga la mejor hipoteca.",1,1,1,1,1,1,0,1,1,1,"['https://cdn-media.medialabtc.it/es/agencies/mdbf1/estates/616133/images/8863227/gallery_media.jpeg', 'https://cdn-media.medialabtc.it/es/agencies/mdbf1/estates/610773/images/8740374/gallery_media.jpeg', 'https://cdn-media.medialabtc.it/es/agencies/mdbf1/estates/616133/images/8863228/gallery_media.jpeg', 'https://cdn-media.medialabtc.it/es/agencies/mdbf1/estates/616133/images/8863235/gallery_media.jpeg', 'https://cdn-media.medialabtc.it/es/agencies/mdbf1/estates/616133/images/8863230/gallery_media.jpeg', 'https://cdn-media.medialabtc.it/es/agencies/mdbf1/estates/616133/images/8863225/gallery_media.jpeg', 'https://cdn-media.medialabtc.it/es/agencies/mdbf1/estates/616133/images/8863233/gallery_media.jpeg', 'https://cdn-media.medialabtc.it/es/agencies/mdbf1/estates/616133/images/8863226/gallery_media.jpeg', 'https://cdn-media.medialabtc.it/es/agencies/mdbf1/estates/610773/images/8740376/gallery_media.jpeg', 'https://cdn-media.medialabtc.it/es/agencies/mdbf1/estates/616133/images/8863234/gallery_media.jpeg', 'https://cdn-media.medialabtc.it/es/agencies/mdbf1/estates/616133/images/8863222/gallery_media.jpeg', 'https://cdn-media.medialabtc.it/es/agencies/mdbf1/estates/616133/images/8863229/gallery_media.jpeg', 'https://cdn-media.medialabtc.it/es/agencies/mdbf1/estates/616133/images/8863232/gallery_media.jpeg', 'https://cdn-media.medialabtc.it/es/agencies/mdbf1/estates/616133/images/8863231/gallery_media.jpeg', 'https://cdn-media.medialabtc.it/es/agencies/mdbf1/estates/616133/images/8863224/gallery_media.jpeg']",0,Desconocido,0,0,1,1,0,Desconocida,0,0,"['imagenes_tecnocasa\\anuncio_1171\\0.jpeg', 'imagenes_tecnocasa\\anuncio_1171\\1.jpeg', 'imagenes_tecnocasa\\anuncio_1171\\2.jpeg', 'imagenes_tecnocasa\\anuncio_1171\\3.jpeg', 'imagenes_tecnocasa\\anuncio_1171\\4.jpeg', 'imagenes_tecnocasa\\anuncio_1171\\5.jpeg', 'imagenes_tecnocasa\\anuncio_1171\\6.jpeg', 'imagenes_tecnocasa\\anuncio_1171\\7.jpeg', 'imagenes_tecnocasa\\anuncio_1171\\8.jpeg', 'imagenes_tecnocasa\\anuncio_1171\\9.jpeg', 'imagenes_tecnocasa\\anuncio_1171\\10.jpeg', 'imagenes_tecnocasa\\anuncio_1171\\11.jpeg', 'imagenes_tecnocasa\\anuncio_1171\\12.jpeg', 'imagenes_tecnocasa\\anuncio_1171\\13.jpeg', 'imagenes_tecnocasa\\anuncio_1171\\14.jpeg']",1,Popular,1972,1,0,1,piso,3,Fuenlabrada,Fuenlabrada,40.282476,-3.7923422,1171,2815.492957746479,93.0,72.0,0.0,0.0,0.0,0.0,cerámica,pintura,corredera,estándar (2.4-2.8m),nada,3.4,3.8,convencional,"['#D2691E', '#FFFFFF', '#A0522D']",buena,False,convencional,limitado,balcón,ninguno,estándar,básica,ninguno,6.6,6.4,ninguna,5
https://www.tecnocasa.es/venta/casa/madrid/algete/613276.html,399000.0,4,234.0,4,"DESARROLLO ALGETE, agencia Inmobiliaria del grupo TECNOCASA en zona Algete - Prado Norte - Santo Domingo - Alalpardo - Valdeolmos, VENDE en exclusiva estupendo chalet en la entrada de Algete.
La zona cuenta con todos los servicios cerca. Farmacia, restaurantes, comercios, colegios, zonas verdes, bancos, etc.
Muy bien comunicada, línea de autobuses 163 y N-103. Líneas de autobuses 185, 254 y 263. Muy próximo al hospital Infanta Sofía.
A 30 minutos al centro de Madrid, Aeropuerto a diez minutos en coche y acceso directo a M-100, M-111, M-106, M-123, A-1 y R-2.
DESCRIPCIÓN
CHALET ADOSADO.
La vivienda cuenta con aire acondicionado en todas las estancias con bomba de frío/calor. La carpintería exterior es de PVC con mecanismo oscilobatiente en su totalidad y cuenta con una estructura de hormigón que evita la aparición de humedades y condensación.
Se divide en tres plantas.
PLANTA PRINCIPAL.
Esta planta está compuesta por la cocina amplia y luminosa, que da acceso al salón/comedor igualmente con mucho espacio y luz, con chimenea de leña. También tenemos el acceso a plantas superiores y a la planta inferior, donde está el garaje, dos habitaciones y un baño completo, al igual que espacios de almacenamiento.
PLANTA DORMITORIOS.
Tres dormitorios grandes con dos cuartos de baño completos, uno de ellos en suite con la habitación principal.
PLANTA BAJO CUBIERTA.
Estancia abuhardillada, con un segundo salón que tiene acceso a la terraza superior.
PLANTA SOTANO.
Planta destinada a un garaje para dos coches, además cuenta con dos habitaciones y un baño completo.
Con jardín privado.
Zona muy tranquila y muy bien comunicada, línea de autobuses 182 y 254. A 30 minutos al centro de Madrid, Aeropuerto a diez minutos en coche y acceso directo a M-100, M-111, M-106, M-123, A-1 y R-2.
Confía en grupo Tecnocasa, con más de 30 años de experiencia en España.
Si tienes dudas con tu hipoteca, no dudes en ponerte en contacto con nosotros. Nuestro departamento financiero Kiron puede asesorarte gratuitamente.
Desarrollo Algete.
Calle Valdeamor, 46 (28110)
Horario de atención al cliente
L-V 10-14:30 y 17:00-20:30
Sábados 10:00-14:00
Llámanos o escríbenos para solicitar información o programar una visita.",0,0,1,0,1,1,0,1,0,1,"['https://cdn-media.medialabtc.it/es/agencies/md555/estates/613276/images/8826087/gallery_media.jpeg', 'https://cdn-media.medialabtc.it/es/agencies/md555/estates/613276/images/8826054/gallery_media.jpeg', 'https://cdn-media.medialabtc.it/es/agencies/md555/estates/613276/images/8826091/gallery_media.jpeg', 'https://cdn-media.medialabtc.it/es/agencies/md555/estates/613276/images/8826056/gallery_media.jpeg', 'https://cdn-media.medialabtc.it/es/agencies/md555/estates/613276/images/8826058/gallery_media.jpeg', 'https://cdn-media.medialabtc.it/es/agencies/md555/estates/613276/images/8826089/gallery_media.jpeg', 'https://cdn-media.medialabtc.it/es/agencies/md555/estates/613276/images/8826094/gallery_media.jpeg', 'https://cdn-media.medialabtc.it/es/agencies/md555/estates/613276/images/8826051/gallery_media.jpeg', 'https://cdn-media.medialabtc.it/es/agencies/md555/estates/613276/images/8826095/gallery_media.jpeg', 'https://cdn-media.medialabtc.it/es/agencies/md555/estates/613276/images/8826055/gallery_media.jpeg', 'https://cdn-media.medialabtc.it/es/agencies/md555/estates/613276/images/8826049/gallery_media.jpeg', 'https://cdn-media.medialabtc.it/es/agencies/md555/estates/613276/images/8826050/gallery_media.jpeg', 'https://cdn-media.medialabtc.it/es/agencies/md555/estates/613276/images/8826092/gallery_media.jpeg', 'https://cdn-media.medialabtc.it/es/agencies/md555/estates/613276/images/8826082/gallery_media.jpeg', 'https://cdn-media.medialabtc.it/es/agencies/md555/estates/613276/images/8826083/gallery_media.jpeg', 'https://cdn-media.medialabtc.it/es/agencies/md555/estates/613276/images/8826099/gallery_media.jpeg', 'https://cdn-media.medialabtc.it/es/agencies/md555/estates/613276/images/8826053/gallery_media.jpeg', 'https://cdn-media.medialabtc.it/es/agencies/md555/estates/613276/images/8826098/gallery_media.jpeg', 'https://cdn-media.medialabtc.it/es/agencies/md555/estates/613276/images/8826093/gallery_media.jpeg', 'https://cdn-media.medialabtc.it/es/agencies/md555/estates/613276/images/8826059/gallery_media.jpeg', 'https://cdn-media.medialabtc.it/es/agencies/md555/estates/613276/images/8826096/gallery_media.jpeg', 'https://cdn-media.medialabtc.it/es/agencies/md555/estates/613276/images/8826086/gallery_media.jpeg', 'https://cdn-media.medialabtc.it/es/agencies/md555/estates/613276/images/8826084/gallery_media.jpeg', 'https://cdn-media.medialabtc.it/es/agencies/md555/estates/613276/images/8826061/gallery_media.jpeg', 'https://cdn-media.medialabtc.it/es/agencies/md555/estates/613276/images/8826085/gallery_media.jpeg', 'https://cdn-media.medialabtc.it/es/agencies/md555/estates/613276/images/8826090/gallery_media.jpeg', 'https://cdn-media.medialabtc.it/es/agencies/md555/estates/613276/images/8826097/gallery_media.jpeg', 'https://cdn-media.medialabtc.it/es/agencies/md555/estates/613276/images/8826088/gallery_media.jpeg', 'https://cdn-media.medialabtc.it/es/agencies/md555/estates/613276/images/8826052/gallery_media.jpeg']",0,Desconocido,1,0,0,1,0,D,0,0,"['imagenes_tecnocasa\\anuncio_1172\\0.jpeg', 'imagenes_tecnocasa\\anuncio_1172\\1.jpeg', 'imagenes_tecnocasa\\anuncio_1172\\2.jpeg', 'imagenes_tecnocasa\\anuncio_1172\\3.jpeg', 'imagenes_tecnocasa\\anuncio_1172\\4.jpeg', 'imagenes_tecnocasa\\anuncio_1172\\5.jpeg', 'imagenes_tecnocasa\\anuncio_1172\\6.jpeg', 'imagenes_tecnocasa\\anuncio_1172\\7.jpeg', 'imagenes_tecnocasa\\anuncio_1172\\8.jpeg', 'imagenes_tecnocasa\\anuncio_1172\\9.jpeg', 'imagenes_tecnocasa\\anuncio_1172\\10.jpeg', 'imagenes_tecnocasa\\anuncio_1172\\11.jpeg', 'imagenes_tecnocasa\\anuncio_1172\\12.jpeg', 'imagenes_tecnocasa\\anuncio_1172\\13.jpeg', 'imagenes_tecnocasa\\anuncio_1172\\14.jpeg', 'imagenes_tecnocasa\\anuncio_1172\\15.jpeg', 'imagenes_tecnocasa\\anuncio_1172\\16.jpeg', 'imagenes_tecnocasa\\anuncio_1172\\17.jpeg', 'imagenes_tecnocasa\\anuncio_1172\\18.jpeg', 'imagenes_tecnocasa\\anuncio_1172\\19.jpeg', 'imagenes_tecnocasa\\anuncio_1172\\20.jpeg', 'imagenes_tecnocasa\\anuncio_1172\\21.jpeg', 'imagenes_tecnocasa\\anuncio_1172\\22.jpeg', 'imagenes_tecnocasa\\anuncio_1172\\23.jpeg', 'imagenes_tecnocasa\\anuncio_1172\\24.jpeg', 'imagenes_tecnocasa\\anuncio_1172\\25.jpeg', 'imagenes_tecnocasa\\anuncio_1172\\26.jpeg', 'imagenes_tecnocasa\\anuncio_1172\\27.jpeg', 'imagenes_tecnocasa\\anuncio_1172\\28.jpeg']",1,Popular,1995,1,0,0,casa,2,Algete,Algete,40.5961652,-3.4974246,1172,1705.128205128205,352.0,218.0,0.7,0.9,0.0,0.0,otro,pintura,ninguna,estándar (2.4-2.8m),nada,3.6,3.6,clásico,"['#F5F5DC', '#FFF8DC', '#FAEBD7']",regular,False,convencional,limitado,ninguno,ninguno,estándar,básica,ninguno,6.4,5.8,ninguna,5
https://www.tecnocasa.es/venta/piso/madrid/madrid/614200.html,240000.0,2,86.0,1,"Agencia inmobiliaria de MADRID - zona VALLECAS - PORTAZGO - BUENOS AIRES - Oficina Tecnocasa vende piso en Calle Río Orinoco de 87m2 distribuidos en: salón independiente con acceso a terraza cerrada, dos dormitorios dobles, baño, y cocina con tendedero.

El inmueble se encuentra PARA ENTRAR A VIVIR. Se trata de una segunda planta con ascensor y doble orientación, este/oeste.

Zona rodeada de todo tipo de comercios y dotada de todos los servicios públicos. Para más información contacte con nosotros sin ningún tipo de compromiso, en el teléfono o bien enviando un email a MDBW8 @ TECNOCASA. ES; y concierte una visita para conocer el inmueble en la que además podrá informarle de las condiciones de financiación actuales uno de nuestros asesores financieros KIRON.",0,1,1,1,1,1,0,1,0,1,"['https://cdn-media.medialabtc.it/es/agencies/mdbw8/estates/614200/images/8820692/gallery_media.jpeg', 'https://cdn-media.medialabtc.it/es/agencies/mdbw8/estates/614200/images/8820731/gallery_media.jpeg', 'https://cdn-media.medialabtc.it/es/agencies/mdbw8/estates/614200/images/8820698/gallery_media.jpeg', 'https://cdn-media.medialabtc.it/es/agencies/mdbw8/estates/614200/images/8820730/gallery_media.jpeg', 'https://cdn-media.medialabtc.it/es/agencies/mdbw8/estates/614200/images/8820722/gallery_media.jpeg', 'https://cdn-media.medialabtc.it/es/agencies/mdbw8/estates/614200/images/8820725/gallery_media.jpeg', 'https://cdn-media.medialabtc.it/es/agencies/mdbw8/estates/614200/images/8820699/gallery_media.jpeg', 'https://cdn-media.medialabtc.it/es/agencies/mdbw8/estates/614200/images/8820696/gallery_media.jpeg', 'https://cdn-media.medialabtc.it/es/agencies/mdbw8/estates/614200/images/8820723/gallery_media.jpeg', 'https://cdn-media.medialabtc.it/es/agencies/mdbw8/estates/614200/images/8820697/gallery_media.jpeg', 'https://cdn-media.medialabtc.it/es/agencies/mdbw8/estates/614200/images/8820732/gallery_media.jpeg', 'https://cdn-media.medialabtc.it/es/agencies/mdbw8/estates/614200/images/8820691/gallery_media.jpeg', 'https://cdn-media.medialabtc.it/es/agencies/mdbw8/estates/614200/images/8820724/gallery_media.jpeg', 'https://cdn-media.medialabtc.it/es/agencies/mdbw8/estates/614200/images/8820701/gallery_media.jpeg', 'https://cdn-media.medialabtc.it/es/agencies/mdbw8/estates/614200/images/8820733/gallery_media.jpeg', 'https://cdn-media.medialabtc.it/es/agencies/mdbw8/estates/614200/images/8820693/gallery_media.jpeg', 'https://cdn-media.medialabtc.it/es/agencies/mdbw8/estates/614200/images/8820727/gallery_media.jpeg', 'https://cdn-media.medialabtc.it/es/agencies/mdbw8/estates/614200/images/8820700/gallery_media.jpeg', 'https://cdn-media.medialabtc.it/es/agencies/mdbw8/estates/614200/images/8820726/gallery_media.jpeg']",0,Desconocido,0,0,0,1,0,D,0,0,"['imagenes_tecnocasa\\anuncio_1175\\0.jpeg', 'imagenes_tecnocasa\\anuncio_1175\\1.jpeg', 'imagenes_tecnocasa\\anuncio_1175\\2.jpeg', 'imagenes_tecnocasa\\anuncio_1175\\3.jpeg', 'imagenes_tecnocasa\\anuncio_1175\\4.jpeg', 'imagenes_tecnocasa\\anuncio_1175\\5.jpeg', 'imagenes_tecnocasa\\anuncio_1175\\6.jpeg', 'imagenes_tecnocasa\\anuncio_1175\\7.jpeg', 'imagenes_tecnocasa\\anuncio_1175\\8.jpeg', 'imagenes_tecnocasa\\anuncio_1175\\9.jpeg', 'imagenes_tecnocasa\\anuncio_1175\\10.jpeg', 'imagenes_tecnocasa\\anuncio_1175\\11.jpeg', 'imagenes_tecnocasa\\anuncio_1175\\12.jpeg', 'imagenes_tecnocasa\\anuncio_1175\\13.jpeg', 'imagenes_tecnocasa\\anuncio_1175\\14.jpeg', 'imagenes_tecnocasa\\anuncio_1175\\15.jpeg', 'imagenes_tecnocasa\\anuncio_1175\\16.jpeg', 'imagenes_tecnocasa\\anuncio_1175\\17.jpeg', 'imagenes_tecnocasa\\anuncio_1175\\18.jpeg']",1,Media,1989,1,0,1,piso,2,Madrid,"Palomeras - Portazgo, Madrid",40.4167047,-3.7035825,1175,2790.6976744186045,124.0,99.0,0.0,0.0,0.0,0.0,cerámica,pintura,corredera,estándar (2.4-2.8m),nada,3.4,4.0,convencional,"['#F2F2F2', '#FFFFFF', '#A0A0A0']",regular,True,convencional,limitado,ninguno,ninguno,estándar,básica,ninguno,6.0,6.6,ninguna,5
https://www.tecnocasa.es/venta/piso/madrid/madrid/617546.html,250000.0,2,50.0,1,"Agencia inmobiliaria de MADRID zona JOSE DEL HIERRO - ARTURO SORIA vende vivienda para entrar a vivir! Espectacular piso exterior de 50 m2 construidos (Según catastro) REFORMADA hace 4 años.

El inmueble que tenemos a la venta dispone actualmente de dos amplios dormitorios con armarios empotrados, baño completo con plato de ducha, salón luminoso con una magnifica cocina abierta y equipada.

Puertas lacadas en blanco, paredes lisas, todo con un diseño moderno y actual, ideal para entrar a vivir.

ITE favorable.

Zona rodeada con todos los servicios. Transportes públicos muy cercanos.
Si busca una vivienda amplia y luminosa, esta es su oportunidad.

VENTA GESTIONADA A TRAVÉS DE NUESTRO DEPARTAMENTO FINANCIERO, KIRON.

LE INTERESA ESTA VIVIENDA, PASE SU PROPUESTA COMERCIAL A NUESTRO EQUIPO DE ASESORES

La zona esta equipada con todos los servicios; supermercados, comercios, cafeterías, colegios privados y públicos, polideportivos, Centros Comerciales y zonas verdes. Lineas 5 y 7 de metro. Bus directo a Callao, Manuel Becerra, Canillejas, Plaza Castilla y Las Rosas. Estaremos encantados de ampliarle la información sobre la vivienda o informarle sobre las posibilidades de reforma y decoración que disponemos. Si tiene problemas con la financiación también podemos ayudarte. TECNOCASA - CIUDAD LINEAL - ARTURO SORIA - CONCEPCIÓN

Estamos en la calle José del Hierro Nº39.",1,0,1,1,1,1,1,1,1,1,"['https://cdn-media.medialabtc.it/es/agencies/mdaqc/estates/617546/images/8905656/gallery_media.jpeg', 'https://cdn-media.medialabtc.it/es/agencies/mdaqc/estates/617546/images/8905706/gallery_media.jpeg', 'https://cdn-media.medialabtc.it/es/agencies/mdaqc/estates/617546/images/8905708/gallery_media.jpeg', 'https://cdn-media.medialabtc.it/es/agencies/mdaqc/estates/617546/images/8905649/gallery_media.jpeg', 'https://cdn-media.medialabtc.it/es/agencies/mdaqc/estates/617546/images/8905709/gallery_media.jpeg', 'https://cdn-media.medialabtc.it/es/agencies/mdaqc/estates/617546/images/8905702/gallery_media.jpeg', 'https://cdn-media.medialabtc.it/es/agencies/mdaqc/estates/617546/images/8905659/gallery_media.jpeg', 'https://cdn-media.medialabtc.it/es/agencies/mdaqc/estates/617546/images/8905652/gallery_media.jpeg', 'https://cdn-media.medialabtc.it/es/agencies/mdaqc/estates/617546/images/8905657/gallery_media.jpeg', 'https://cdn-media.medialabtc.it/es/agencies/mdaqc/estates/617546/images/8905661/gallery_media.jpeg', 'https://cdn-media.medialabtc.it/es/agencies/mdaqc/estates/617546/images/8905711/gallery_media.jpeg', 'https://cdn-media.medialabtc.it/es/agencies/mdaqc/estates/617546/images/8905705/gallery_media.jpeg', 'https://cdn-media.medialabtc.it/es/agencies/mdaqc/estates/617546/images/8905648/gallery_media.jpeg', 'https://cdn-media.medialabtc.it/es/agencies/mdaqc/estates/617546/images/8905651/gallery_media.jpeg', 'https://cdn-media.medialabtc.it/es/agencies/mdaqc/estates/617546/images/8905654/gallery_media.jpeg', 'https://cdn-media.medialabtc.it/es/agencies/mdaqc/estates/617546/images/8905655/gallery_media.jpeg', 'https://cdn-media.medialabtc.it/es/agencies/mdaqc/estates/617546/images/8905660/gallery_media.jpeg', 'https://cdn-media.medialabtc.it/es/agencies/mdaqc/estates/617546/images/8905710/gallery_media.jpeg', 'https://cdn-media.medialabtc.it/es/agencies/mdaqc/estates/617546/images/8905686/gallery_media.jpeg', 'https://cdn-media.medialabtc.it/es/agencies/mdaqc/estates/617546/images/8905704/gallery_media.jpeg', 'https://cdn-media.medialabtc.it/es/agencies/mdaqc/estates/617546/images/8905658/gallery_media.jpeg', 'https://cdn-media.medialabtc.it/es/agencies/mdaqc/estates/617546/images/8905653/gallery_media.jpeg', 'https://cdn-media.medialabtc.it/es/agencies/mdaqc/estates/617546/images/8905650/gallery_media.jpeg', 'https://cdn-media.medialabtc.it/es/agencies/mdaqc/estates/617546/images/8905707/gallery_media.jpeg', 'https://cdn-media.medialabtc.it/es/agencies/mdaqc/estates/617546/images/8905703/gallery_media.jpeg']",0,Desconocido,0,0,0,0,0,E,0,0,"['imagenes_tecnocasa\\anuncio_1180\\0.jpeg', 'imagenes_tecnocasa\\anuncio_1180\\1.jpeg', 'imagenes_tecnocasa\\anuncio_1180\\2.jpeg', 'imagenes_tecnocasa\\anuncio_1180\\3.jpeg', 'imagenes_tecnocasa\\anuncio_1180\\4.jpeg', 'imagenes_tecnocasa\\anuncio_1180\\5.jpeg', 'imagenes_tecnocasa\\anuncio_1180\\6.jpeg', 'imagenes_tecnocasa\\anuncio_1180\\7.jpeg', 'imagenes_tecnocasa\\anuncio_1180\\8.jpeg', 'imagenes_tecnocasa\\anuncio_1180\\9.jpeg', 'imagenes_tecnocasa\\anuncio_1180\\10.jpeg', 'imagenes_tecnocasa\\anuncio_1180\\11.jpeg', 'imagenes_tecnocasa\\anuncio_1180\\12.jpeg', 'imagenes_tecnocasa\\anuncio_1180\\13.jpeg', 'imagenes_tecnocasa\\anuncio_1180\\14.jpeg', 'imagenes_tecnocasa\\anuncio_1180\\15.jpeg', 'imagenes_tecnocasa\\anuncio_1180\\16.jpeg', 'imagenes_tecnocasa\\anuncio_1180\\17.jpeg', 'imagenes_tecnocasa\\anuncio_1180\\18.jpeg', 'imagenes_tecnocasa\\anuncio_1180\\19.jpeg', 'imagenes_tecnocasa\\anuncio_1180\\20.jpeg', 'imagenes_tecnocasa\\anuncio_1180\\21.jpeg', 'imagenes_tecnocasa\\anuncio_1180\\22.jpeg', 'imagenes_tecnocasa\\anuncio_1180\\23.jpeg', 'imagenes_tecnocasa\\anuncio_1180\\24.jpeg']",1,Popular,1953,1,0,0,piso,1,Madrid,"Pueblo Nuevo, Madrid",40.4167047,-3.7035825,1180,5000.0,209.0,162.0,0.45,0.55,3.0,1.0,otro,pintura,otro,estándar (2.4-2.8m),nada,3.2,4.8,moderno,"['#FFFFFF', '#F2F2F2', '#A0A0A0']",buena,True,convencional,limitado,ninguno,ninguno,estándar,básica,ninguno,6.4,5.6,ninguna,5
https://www.tecnocasa.es/venta/piso/madrid/madrid/617116.html,385000.0,3,72.0,1,"Agencia inmobiliaria de MADRID zona BARRIO DEL PILAR – PEÑAGRANDE Oficina Tecnocasa de MADRID.

Vivienda, en planta intermedia, con orientación norte-oeste que consta de 80 metros cuadrados construidos según catastro.

La vivienda se compone de 3 dormitorios, salón con terraza incorporada, cocina independiente, tendedero y baño completo.
La finca cuenta con conserje físico y dos ascensores.

Vivienda situada en la zona Norte de Madrid, en el barrio de EL PILAR, muy buena UBICACIÓN GEOGRÁFICA, cuenta con excelente COMUNICACIÓN tanto por carretera (M-30, M-40, M-50, A-6, A-1…) como por transporte público (Metro: L. 9-BARRIO DEL PILAR, L. 7-PEÑAGRANDE); Autobuses urbanos: 42, 32, 133, 137, 138, 147, N22. Cercano a LUGARES DE INTERÉS GENERAL como: Centro Comercial LA VAGUADA, Cuatro Torres Business Área, Hospital LA PAZ, Hospital Carlos III, el CENTRO NACIONAL DE INVESTIGACIONES, Campus de MEDICINA de la UAM, Hospital Ramón y Cajal, el PARQUE de la Vaguada, (con toda su oferta de ocio y deporte), el POLIDEPORTIVO MUNICIPAL Vicente del Bosque… Por su consolidación como barrio, cuenta con todo tipo de ESTRUCTURA DOTACIONAL Y DE SERVICIOS PÚBLICOS: comercio de todo tipo, oficinas bancarias, farmacias, centro de salud, biblioteca municipal, centros de culto, etc. Con fácil acceso tanto a la M30 como a la M40.

Zona tranquila con parques y aparcamiento con y sin regulación horaria. Excelente situación, rodeado de todos los servicios: bancos, farmacias, supermercados. A escasos minutos andando del Centro Comercial La Vaguada. Con diferentes colegios alrededor, como Colegio Bravo Murillo, Colegio Herrera Oria, Colegio La Salle, Colegio Valdeluz. La vivienda se sitúa cerca de los Hospitales La Paz y Ramón y Cajal.
Financiación de hasta el 100% con nuestro departamento financiero, KIRON. ASESORAMIENTO GRATUITO Y SIN COMPROMISO, no dude en consultarnos.",1,1,1,1,1,1,0,1,1,1,"['https://cdn-media.medialabtc.it/es/agencies/mdai9/estates/617116/images/8886834/gallery_media.jpeg', 'https://cdn-media.medialabtc.it/es/agencies/mdai9/estates/617116/images/8886830/gallery_media.jpeg', 'https://cdn-media.medialabtc.it/es/agencies/mdai9/estates/617116/images/8886832/gallery_media.jpeg', 'https://cdn-media.medialabtc.it/es/agencies/mdai9/estates/617116/images/8886836/gallery_media.jpeg', 'https://cdn-media.medialabtc.it/es/agencies/mdai9/estates/617116/images/8886826/gallery_media.jpeg', 'https://cdn-media.medialabtc.it/es/agencies/mdai9/estates/617116/images/8886828/gallery_media.jpeg', 'https://cdn-media.medialabtc.it/es/agencies/mdai9/estates/617116/images/8886825/gallery_media.jpeg', 'https://cdn-media.medialabtc.it/es/agencies/mdai9/estates/617116/images/8886831/gallery_media.jpeg', 'https://cdn-media.medialabtc.it/es/agencies/mdai9/estates/617116/images/8887692/gallery_media.jpeg', 'https://cdn-media.medialabtc.it/es/agencies/mdai9/estates/617116/images/8886801/gallery_media.jpeg', 'https://cdn-media.medialabtc.it/es/agencies/mdai9/estates/617116/images/8886827/gallery_media.jpeg', 'https://cdn-media.medialabtc.it/es/agencies/mdai9/estates/617116/images/8887694/gallery_media.jpeg', 'https://cdn-media.medialabtc.it/es/agencies/mdai9/estates/617116/images/8887690/gallery_media.jpeg', 'https://cdn-media.medialabtc.it/es/agencies/mdai9/estates/617116/images/8887691/gallery_media.jpeg', 'https://cdn-media.medialabtc.it/es/agencies/mdai9/estates/617116/images/8887689/gallery_media.jpeg']",0,Desconocido,1,0,0,1,1,E,0,1,"['imagenes_tecnocasa\\anuncio_1181\\0.jpeg', 'imagenes_tecnocasa\\anuncio_1181\\1.jpeg', 'imagenes_tecnocasa\\anuncio_1181\\2.jpeg', 'imagenes_tecnocasa\\anuncio_1181\\3.jpeg', 'imagenes_tecnocasa\\anuncio_1181\\4.jpeg', 'imagenes_tecnocasa\\anuncio_1181\\5.jpeg', 'imagenes_tecnocasa\\anuncio_1181\\6.jpeg', 'imagenes_tecnocasa\\anuncio_1181\\7.jpeg', 'imagenes_tecnocasa\\anuncio_1181\\8.jpeg', 'imagenes_tecnocasa\\anuncio_1181\\9.jpeg', 'imagenes_tecnocasa\\anuncio_1181\\10.jpeg', 'imagenes_tecnocasa\\anuncio_1181\\11.jpeg', 'imagenes_tecnocasa\\anuncio_1181\\12.jpeg', 'imagenes_tecnocasa\\anuncio_1181\\13.jpeg', 'imagenes_tecnocasa\\anuncio_1181\\14.jpeg']",1,Media,1965,1,0,1,piso,1,Madrid,"Pilar, Madrid",40.4167047,-3.7035825,1181,5347.222222222223,283.0,204.0,0.05000000000000002,0.5,0.0,0.0,cerámica,pintura,corredera,estándar (2.4-2.8m),nada,2.4,4.2,convencional,"['#F2F2F2', '#A0522D', '#808080']",buena,False,convencional,normal,ninguno,ninguno,estándar,básica,ninguno,5.4,5.8,ninguna,5
https://www.tecnocasa.es/venta/piso/madrid/valdemoro/612892.html,287000.0,3,86.0,2,"Agencia inmobiliaria de VALDEMORO - zona HOSPITAL - BREZO - Oficina Tecnocasa VENDE espectacular piso en zona HOSPITAL.

¡No pierdas esta oportunidad en Valdemoro!

Te presentamos un piso de 3 dormitorios y 2 cuartos de baño.

La vivienda está distribuida de la siguiente manera: entrada, cocina espaciosa y amueblada, salón amplio y luminoso con acceso a terraza, pasillo distribuidor con amplios armarios empotrados, 3 dormitorios con armarios empotrados forrados y vestidos y 2 baños completos, uno de estos en suite.

La vivienda también tiene plaza de garaje y trastero. Urbanización con piscina y parque infantil.

La vivienda actualmente se encuentra arrendada y se entregará como fecha máxima en Marzo del 2027.

Este piso está ubicado en la zona del Hospital de Valdemoro, una zona tranquila y con acceso a todos los servicios: hospitales, colegios, supermercados y transporte público.
¡Haz de este piso tu nuevo hogar!


¡VEN A VER LA CASA DE TUS SUEÑOS!



No dude en llamarnos para concertar su cita para visitar el inmueble en la que además recibirá el asesoramiento gratuito de nuestro departamento financiero KÌRON.",0,1,1,1,0,1,1,1,0,1,"['https://cdn-media.medialabtc.it/es/agencies/mdbe4/estates/612892/images/8879313/gallery_media.jpeg', 'https://cdn-media.medialabtc.it/es/agencies/mdbe4/estates/612892/images/8879271/gallery_media.jpeg', 'https://cdn-media.medialabtc.it/es/agencies/mdbe4/estates/612892/images/8879267/gallery_media.jpeg', 'https://cdn-media.medialabtc.it/es/agencies/mdbe4/estates/612892/images/8879272/gallery_media.jpeg', 'https://cdn-media.medialabtc.it/es/agencies/mdbe4/estates/612892/images/8879268/gallery_media.jpeg', 'https://cdn-media.medialabtc.it/es/agencies/mdbe4/estates/612892/images/8879311/gallery_media.jpeg', 'https://cdn-media.medialabtc.it/es/agencies/mdbe4/estates/612892/images/8879312/gallery_media.jpeg', 'https://cdn-media.medialabtc.it/es/agencies/mdbe4/estates/612892/images/8879266/gallery_media.jpeg', 'https://cdn-media.medialabtc.it/es/agencies/mdbe4/estates/612892/images/8879273/gallery_media.jpeg', 'https://cdn-media.medialabtc.it/es/agencies/mdbe4/estates/612892/images/8879263/gallery_media.jpeg', 'https://cdn-media.medialabtc.it/es/agencies/mdbe4/estates/612892/images/8879269/gallery_media.jpeg', 'https://cdn-media.medialabtc.it/es/agencies/mdbe4/estates/612892/images/8879264/gallery_media.jpeg', 'https://cdn-media.medialabtc.it/es/agencies/mdbe4/estates/612892/images/8879274/gallery_media.jpeg', 'https://cdn-media.medialabtc.it/es/agencies/mdbe4/estates/612892/images/8879270/gallery_media.jpeg', 'https://cdn-media.medialabtc.it/es/agencies/mdbe4/estates/612892/images/8879265/gallery_media.jpeg', 'https://cdn-media.medialabtc.it/es/agencies/mdbe4/estates/612892/images/8879314/gallery_media.jpeg', 'https://cdn-media.medialabtc.it/es/agencies/mdbe4/estates/612892/images/8879275/gallery_media.jpeg']",0,Desconocido,1,1,1,1,0,D,0,1,"['imagenes_tecnocasa\\anuncio_1183\\0.jpeg', 'imagenes_tecnocasa\\anuncio_1183\\1.jpeg', 'imagenes_tecnocasa\\anuncio_1183\\2.jpeg', 'imagenes_tecnocasa\\anuncio_1183\\3.jpeg', 'imagenes_tecnocasa\\anuncio_1183\\4.jpeg', 'imagenes_tecnocasa\\anuncio_1183\\5.jpeg', 'imagenes_tecnocasa\\anuncio_1183\\6.jpeg', 'imagenes_tecnocasa\\anuncio_1183\\7.jpeg', 'imagenes_tecnocasa\\anuncio_1183\\8.jpeg', 'imagenes_tecnocasa\\anuncio_1183\\9.jpeg', 'imagenes_tecnocasa\\anuncio_1183\\10.jpeg', 'imagenes_tecnocasa\\anuncio_1183\\11.jpeg', 'imagenes_tecnocasa\\anuncio_1183\\12.jpeg', 'imagenes_tecnocasa\\anuncio_1183\\13.jpeg', 'imagenes_tecnocasa\\anuncio_1183\\14.jpeg', 'imagenes_tecnocasa\\anuncio_1183\\15.jpeg', 'imagenes_tecnocasa\\anuncio_1183\\16.jpeg']",0,Señorial,2008,0,0,0,piso,2,Valdemoro,Valdemoro,40.1888604,-3.67143,1183,3337.2093023255816,178.0,126.0,0.0,0.0,2.0,0.0,parquet,pintura,corredera,estándar (2.4-2.8m),nada,3.8,4.6,convencional,"['#FFFFFF', '#F2F2F2', '#D3D3D3']",regular,False,convencional,normal,ninguno,ninguno,estándar,básica,ninguno,6.0,6.6,ninguna,5
https://www.tecnocasa.es/venta/piso/madrid/madrid/613495.html,198000.0,2,70.0,2,"Agencia inmobiliaria de MADRID zona VALLECAS - ÁREA ENTREVÍAS Vende
Fantástico piso en tercera planta CON ASCENSOR.
La vivienda consta de 2 dormitorios (3 dormitorios en origen), amplio salón/cocina de 30 m2 y 2 baños completos. Ideal distribución con triple orientación exterior e interior y excelente iluminación.
Vivienda TOTALMENTE REFORMADA. Suelos en gres y tarima. Ventanas amplias con cerramientos oscilobatientes de PVC y rotura de puente térmico. Vivienda equipada con aire acondicionado con bomba de calor.
Se encuentra a menos de 5 minutos andando de la estación de Renfe Asamblea de Madrid - Entrevías.
Consulte financiación. Ideal como vivienda habitual o inversión-.",1,1,1,1,1,1,0,1,0,1,"['https://cdn-media.medialabtc.it/es/agencies/md013/estates/613495/images/8827732/gallery_media.jpeg', 'https://cdn-media.medialabtc.it/es/agencies/md013/estates/613495/images/8827727/gallery_media.jpeg', 'https://cdn-media.medialabtc.it/es/agencies/md013/estates/613495/images/8827728/gallery_media.jpeg', 'https://cdn-media.medialabtc.it/es/agencies/md013/estates/613495/images/8827722/gallery_media.jpeg', 'https://cdn-media.medialabtc.it/es/agencies/md013/estates/613495/images/8827731/gallery_media.jpeg', 'https://cdn-media.medialabtc.it/es/agencies/md013/estates/613495/images/8827724/gallery_media.jpeg', 'https://cdn-media.medialabtc.it/es/agencies/md013/estates/613495/images/8827723/gallery_media.jpeg', 'https://cdn-media.medialabtc.it/es/agencies/md013/estates/613495/images/8827725/gallery_media.jpeg', 'https://cdn-media.medialabtc.it/es/agencies/md013/estates/613495/images/8827729/gallery_media.jpeg', 'https://cdn-media.medialabtc.it/es/agencies/md013/estates/613495/images/8827726/gallery_media.jpeg', 'https://cdn-media.medialabtc.it/es/agencies/md013/estates/613495/images/8827730/gallery_media.jpeg']",0,Desconocido,0,0,0,0,0,Desconocida,0,0,"['imagenes_tecnocasa\\anuncio_1184\\0.jpeg', 'imagenes_tecnocasa\\anuncio_1184\\1.jpeg', 'imagenes_tecnocasa\\anuncio_1184\\2.jpeg', 'imagenes_tecnocasa\\anuncio_1184\\3.jpeg', 'imagenes_tecnocasa\\anuncio_1184\\4.jpeg', 'imagenes_tecnocasa\\anuncio_1184\\5.jpeg', 'imagenes_tecnocasa\\anuncio_1184\\6.jpeg', 'imagenes_tecnocasa\\anuncio_1184\\7.jpeg', 'imagenes_tecnocasa\\anuncio_1184\\8.jpeg', 'imagenes_tecnocasa\\anuncio_1184\\9.jpeg', 'imagenes_tecnocasa\\anuncio_1184\\10.jpeg']",1,Popular,1965,1,0,1,piso,3,Entrevías,"Entrevías, Madrid",40.3790449,-3.6717573,1184,2828.5714285714284,102.0,79.0,0.9,1.0,1.0,0.0,cerámica,pintura,corredera,estándar (2.4-2.8m),nada,4.8,6.4,moderno,"['#F2F2F2', '#D3D3D3', '#A0A0A0']",buena,True,eficiente,normal,ninguno,ninguno,estándar,parcialmente equipada,ninguno,7.6,7.0,ninguna,5
https://www.tecnocasa.es/venta/piso/madrid/madrid/616878.html,360000.0,2,70.0,1,"Agencia inmobiliaria de MADRID zona ANTÓN MARTÍN - LAVAPIÉS - LAS CORTES - REINA SOFÍA Oficina Tecnocasa

¡VENDE! EXCEPCIONAL VIVIENDA EN INMEJORABLE UBICACIÓN, JUNTO AL MUSEO REINA SOFIA. Calle Argumosa, una de las más demandadas y emblemáticas del barrio. La vivienda se encuentra en una cuarta planta, con abundante luz natural que llena cada rincón del hogar, creando un ambiente cálido y acogedor. Se distribuye en: 2 dormitorios exteriores con balcones e increíbles vistas, baño completo y amplia cocina independiente con ventana, vestidor. Finca con ascensor

¡NO PIERDAS LA OPORTUNIDAD DE VERLO SIN COMPROMISO, AGENDA TU VISITA!
Muy bien comunicado: Atocha-Renfe a 4 minutos.

¡Excelente zona!
Antón Martín es dudas uno de los barrios más alternativos de Madrid. En él conviven comercios tradicionales con locales modernos de ambiente cosmopolita y pequeñas tiendas donde encontrar moda y objetos curiosos. Punto de encuentro de gente diferente de todas las edades que tienen en común el gusto por descubrir el encanto de los barrios peculiares. Centros culturales, teatros y museos, así como mercados, restaurantes y bares, ofrecen a visitantes y locales una variada propuesta cultural, de ocio y gastronómica.

Gracias por confiar en nosotros!
Nos avalan 15 años de experiencia en la zona, formando parte de esta gran empresa, líder en España y Europa en el sector de la intermediación inmobiliaria.

¿Quiere conocer el valor real de su inmueble?
Ofrecemos a nuestros vecinos VALORACIONES GRATUITAS y sin ningún compromiso de viviendas, locales y plazas de garaje.

Asesoramiento y gestión en: COMPRAVENTA, ARRENDAMIENTO, CAMBIO de VIVIENDA, HERENCIAS, CAMBIO de USO, CERTIFICADO ENERGÉTICO.

Nuestro departamento KIRON, expertos en intermediación financiera, le ayudarán a encontrar la solución hipotecaria que mejor se adapte a sus necesidades.

Estamos a su disposición para cualquier consulta.",1,1,1,1,1,1,0,1,1,1,"['https://cdn-media.medialabtc.it/es/agencies/mdac4/estates/616878/images/8886514/gallery_media.jpeg', 'https://cdn-media.medialabtc.it/es/agencies/mdac4/estates/616878/images/8886539/gallery_media.jpeg', 'https://cdn-media.medialabtc.it/es/agencies/mdac4/estates/616878/images/8886506/gallery_media.jpeg', 'https://cdn-media.medialabtc.it/es/agencies/mdac4/estates/616878/images/8886513/gallery_media.jpeg', 'https://cdn-media.medialabtc.it/es/agencies/mdac4/estates/616878/images/8886510/gallery_media.jpeg', 'https://cdn-media.medialabtc.it/es/agencies/mdac4/estates/616878/images/8886505/gallery_media.jpeg', 'https://cdn-media.medialabtc.it/es/agencies/mdac4/estates/616878/images/8886541/gallery_media.jpeg', 'https://cdn-media.medialabtc.it/es/agencies/mdac4/estates/616878/images/8886508/gallery_media.jpeg', 'https://cdn-media.medialabtc.it/es/agencies/mdac4/estates/616878/images/8886511/gallery_media.jpeg', 'https://cdn-media.medialabtc.it/es/agencies/mdac4/estates/616878/images/8886512/gallery_media.jpeg', 'https://cdn-media.medialabtc.it/es/agencies/mdac4/estates/616878/images/8886509/gallery_media.jpeg', 'https://cdn-media.medialabtc.it/es/agencies/mdac4/estates/616878/images/8886546/gallery_media.jpeg', 'https://cdn-media.medialabtc.it/es/agencies/mdac4/estates/616878/images/8886548/gallery_media.jpeg', 'https://cdn-media.medialabtc.it/es/agencies/mdac4/estates/616878/images/8886551/gallery_media.jpeg', 'https://cdn-media.medialabtc.it/es/agencies/mdac4/estates/616878/images/8886542/gallery_media.jpeg', 'https://cdn-media.medialabtc.it/es/agencies/mdac4/estates/616878/images/8886540/gallery_media.jpeg', 'https://cdn-media.medialabtc.it/es/agencies/mdac4/estates/616878/images/8886549/gallery_media.jpeg', 'https://cdn-media.medialabtc.it/es/agencies/mdac4/estates/616878/images/8886507/gallery_media.jpeg', 'https://cdn-media.medialabtc.it/es/agencies/mdac4/estates/616878/images/8886550/gallery_media.jpeg', 'https://cdn-media.medialabtc.it/es/agencies/mdac4/estates/616878/images/8886547/gallery_media.jpeg', 'https://cdn-media.medialabtc.it/es/agencies/mdac4/estates/616878/images/8886543/gallery_media.jpeg', 'https://cdn-media.medialabtc.it/es/agencies/mdac4/estates/616878/images/8886545/gallery_media.jpeg']",0,Desconocido,1,0,0,0,0,D,0,0,"['imagenes_tecnocasa\\anuncio_1187\\0.jpeg', 'imagenes_tecnocasa\\anuncio_1187\\1.jpeg', 'imagenes_tecnocasa\\anuncio_1187\\2.jpeg', 'imagenes_tecnocasa\\anuncio_1187\\3.jpeg', 'imagenes_tecnocasa\\anuncio_1187\\4.jpeg', 'imagenes_tecnocasa\\anuncio_1187\\5.jpeg', 'imagenes_tecnocasa\\anuncio_1187\\6.jpeg', 'imagenes_tecnocasa\\anuncio_1187\\7.jpeg', 'imagenes_tecnocasa\\anuncio_1187\\8.jpeg', 'imagenes_tecnocasa\\anuncio_1187\\9.jpeg', 'imagenes_tecnocasa\\anuncio_1187\\10.jpeg', 'imagenes_tecnocasa\\anuncio_1187\\11.jpeg', 'imagenes_tecnocasa\\anuncio_1187\\12.jpeg', 'imagenes_tecnocasa\\anuncio_1187\\13.jpeg', 'imagenes_tecnocasa\\anuncio_1187\\14.jpeg', 'imagenes_tecnocasa\\anuncio_1187\\15.jpeg', 'imagenes_tecnocasa\\anuncio_1187\\16.jpeg', 'imagenes_tecnocasa\\anuncio_1187\\17.jpeg', 'imagenes_tecnocasa\\anuncio_1187\\18.jpeg', 'imagenes_tecnocasa\\anuncio_1187\\19.jpeg', 'imagenes_tecnocasa\\anuncio_1187\\20.jpeg', 'imagenes_tecnocasa\\anuncio_1187\\21.jpeg']",0,Popular,1900,0,0,1,piso,4,Embajadores,"Lavapiés - Embajadores, Madrid",40.4095856,-3.7029851,1187,5142.857142857143,286.0,215.0,0.16041666666666668,0.26666666666666666,1.0,0.0,otro,pintura,corredera,estándar (2.4-2.8m),nada,4.2,4.8,convencional,"['#F2F2F2', '#A0A0A0', '#404040']",regular,True,convencional,normal,ninguno,ninguno,estándar,parcialmente equipada,ninguno,6.8,7.4,ninguna,5
https://www.tecnocasa.es/venta/casa/madrid/galapagar/617750.html,775000.0,6,231.0,4,"TECNOCASA COLLADO VILLALBA - PARQUE DE LA CORUÑA VENDE EN EXCLUSIVA:
Espectacular chalet con jardín privado y piscina recién reformada en una de las mejores zonas.
En parcela de 1.000m² con 213m² construidos, esta propiedad está ubicada a solo 10 minutos a pie del centro del pueblo, a menos de 5 minutos de las paradas de autobús hacia Madrid, y con fácil acceso a la A-6. En una zona residencial tranquila, es el lugar perfecto para disfrutar de la comodidad y la tranquilidad.
La vivienda se distribuye de la siguiente manera:
PLANTA PRINCIPAL:
Al ingresar, un hall distribuidor comunica con la cocina, la cual cuenta con una salida al jardin y a la lavanderia, comedor, así como al amplío salón. En esta misma planta, encontramos un cuarto de baño y una salida exterior al jardin. El salón, muy luminoso y de generosas dimensiones, cuenta con una cómoda distribución, separado en dos ambientes, uno destinado a zona de descanso y otro a comedor. Junto al salón, nos encontramos con un amplío y luminoso dormitorio con armarios empotrados y baño en suite, completamente reformado con plato de ducha, y otro dormitorio más.
ZONA EXTERIOR:
El jardín se divide en dos espacios diferenciados: al acceder a la casa, encontramos una gran piscina a estrenar con ducha, y un gran porche. En la parte trasera de la casa, una zona ajardinada con barbacoa , ideal para reuniones.
PLANTA ALTA:
En esta planta se encuentra el amplio dormitorio principal, que destaca por su gran luminosidad, y un baño en suite. Además, esta planta dispone de otros dos dormitorios. Dispone de otro cuarto de baño completo con bañera que da servicio a estos dos dormitorios.
La vivienda cuenta con garaje, conectado con el jardin de la vivienda.
FINANCIACIÓN HASTA EL 100% – ¡SOLICITE SU VISITA!",0,1,1,1,1,1,0,1,0,1,"['https://cdn-media.medialabtc.it/es/agencies/md500/estates/617750/images/8901365/gallery_media.jpeg', 'https://cdn-media.medialabtc.it/es/agencies/md500/estates/617750/images/8901316/gallery_media.jpeg', 'https://cdn-media.medialabtc.it/es/agencies/md500/estates/617750/images/8901369/gallery_media.jpeg', 'https://cdn-media.medialabtc.it/es/agencies/md500/estates/617750/images/8901380/gallery_media.jpeg', 'https://cdn-media.medialabtc.it/es/agencies/md500/estates/617750/images/8901317/gallery_media.jpeg', 'https://cdn-media.medialabtc.it/es/agencies/md500/estates/617750/images/8901318/gallery_media.jpeg', 'https://cdn-media.medialabtc.it/es/agencies/md500/estates/617750/images/8901368/gallery_media.jpeg', 'https://cdn-media.medialabtc.it/es/agencies/md500/estates/617750/images/8901375/gallery_media.jpeg', 'https://cdn-media.medialabtc.it/es/agencies/md500/estates/617750/images/8901372/gallery_media.jpeg', 'https://cdn-media.medialabtc.it/es/agencies/md500/estates/617750/images/8901377/gallery_media.jpeg', 'https://cdn-media.medialabtc.it/es/agencies/md500/estates/617750/images/8901370/gallery_media.jpeg', 'https://cdn-media.medialabtc.it/es/agencies/md500/estates/617750/images/8901373/gallery_media.jpeg', 'https://cdn-media.medialabtc.it/es/agencies/md500/estates/617750/images/8901222/gallery_media.jpeg', 'https://cdn-media.medialabtc.it/es/agencies/md500/estates/617750/images/8901378/gallery_media.jpeg', 'https://cdn-media.medialabtc.it/es/agencies/md500/estates/617750/images/8901362/gallery_media.jpeg', 'https://cdn-media.medialabtc.it/es/agencies/md500/estates/617750/images/8901364/gallery_media.jpeg', 'https://cdn-media.medialabtc.it/es/agencies/md500/estates/617750/images/8901379/gallery_media.jpeg', 'https://cdn-media.medialabtc.it/es/agencies/md500/estates/617750/images/8901371/gallery_media.jpeg', 'https://cdn-media.medialabtc.it/es/agencies/md500/estates/617750/images/8901321/gallery_media.jpeg', 'https://cdn-media.medialabtc.it/es/agencies/md500/estates/617750/images/8901320/gallery_media.jpeg', 'https://cdn-media.medialabtc.it/es/agencies/md500/estates/617750/images/8901374/gallery_media.jpeg', 'https://cdn-media.medialabtc.it/es/agencies/md500/estates/617750/images/8901366/gallery_media.jpeg', 'https://cdn-media.medialabtc.it/es/agencies/md500/estates/617750/images/8901319/gallery_media.jpeg', 'https://cdn-media.medialabtc.it/es/agencies/md500/estates/617750/images/8901376/gallery_media.jpeg', 'https://cdn-media.medialabtc.it/es/agencies/md500/estates/617750/images/8901363/gallery_media.jpeg', 'https://cdn-media.medialabtc.it/es/agencies/md500/estates/617750/images/8901315/gallery_media.jpeg']",0,Reformado,1,0,1,0,0,Desconocida,0,0,"['imagenes_tecnocasa\\anuncio_1188\\0.jpeg', 'imagenes_tecnocasa\\anuncio_1188\\1.jpeg', 'imagenes_tecnocasa\\anuncio_1188\\2.jpeg', 'imagenes_tecnocasa\\anuncio_1188\\3.jpeg', 'imagenes_tecnocasa\\anuncio_1188\\4.jpeg', 'imagenes_tecnocasa\\anuncio_1188\\5.jpeg', 'imagenes_tecnocasa\\anuncio_1188\\6.jpeg', 'imagenes_tecnocasa\\anuncio_1188\\7.jpeg', 'imagenes_tecnocasa\\anuncio_1188\\8.jpeg', 'imagenes_tecnocasa\\anuncio_1188\\9.jpeg', 'imagenes_tecnocasa\\anuncio_1188\\10.jpeg', 'imagenes_tecnocasa\\anuncio_1188\\11.jpeg', 'imagenes_tecnocasa\\anuncio_1188\\12.jpeg', 'imagenes_tecnocasa\\anuncio_1188\\13.jpeg', 'imagenes_tecnocasa\\anuncio_1188\\14.jpeg', 'imagenes_tecnocasa\\anuncio_1188\\15.jpeg', 'imagenes_tecnocasa\\anuncio_1188\\16.jpeg', 'imagenes_tecnocasa\\anuncio_1188\\17.jpeg', 'imagenes_tecnocasa\\anuncio_1188\\18.jpeg', 'imagenes_tecnocasa\\anuncio_1188\\19.jpeg', 'imagenes_tecnocasa\\anuncio_1188\\20.jpeg', 'imagenes_tecnocasa\\anuncio_1188\\21.jpeg', 'imagenes_tecnocasa\\anuncio_1188\\22.jpeg', 'imagenes_tecnocasa\\anuncio_1188\\23.jpeg', 'imagenes_tecnocasa\\anuncio_1188\\24.jpeg', 'imagenes_tecnocasa\\anuncio_1188\\25.jpeg']",0,Señorial,1997,1,0,0,casa,2,Galapagar,Galapagar,40.5774992,-4.0037748,1188,3354.978354978355,299.0,173.0,1.0,1.0,3.0,1.0,parquet,pintura,corredera,estándar (2.4-2.8m),nada,6.8,4.4,clásico,"['#FAEBD7', '#FFF8DC', '#FFFFE0']",buena,False,convencional,normal,jardín,ninguno,estándar,parcialmente equipada,ninguno,7.8,6.8,ninguna,5
https://www.tecnocasa.es/venta/piso/madrid/collado-villalba/614369.html,229000.0,3,91.0,2,"'VENDIDO'
Agencia inmobiliaria de COLLADO VILLALBA - zona PARQUE DE LA CORUÑA vende,
La vivienda cuenta con una cocina y salida a una terraza. El amplio salón/comedor también tiene acceso a otra terraza, perfecta para relajarte después de un largo día.
Este piso dispone de tres dormitorios y dos baños, uno de ellos en suite, garantizando comodidad y privacidad para toda la familia.
Las zonas comunes son un verdadero paraíso: piscina, zona infantil, amplias zonas verdes, pistas de tenis, baloncesto y fútbol sala. Todo esto en un entorno seguro y familiar. La ubicación es inmejorable, con fácil acceso a transporte público, restaurantes, farmacias, colegios y una variada zona comercial.",0,1,1,1,1,1,0,1,0,1,"['https://cdn-media.medialabtc.it/es/agencies/md500/estates/614369/images/8859991/gallery_media.jpeg', 'https://cdn-media.medialabtc.it/es/agencies/md500/estates/614369/images/8859990/gallery_media.jpeg', 'https://cdn-media.medialabtc.it/es/agencies/md500/estates/614369/images/8859987/gallery_media.jpeg', 'https://cdn-media.medialabtc.it/es/agencies/md500/estates/614369/images/8859994/gallery_media.jpeg', 'https://cdn-media.medialabtc.it/es/agencies/md500/estates/614369/images/8859996/gallery_media.jpeg', 'https://cdn-media.medialabtc.it/es/agencies/md500/estates/614369/images/8859989/gallery_media.jpeg', 'https://cdn-media.medialabtc.it/es/agencies/md500/estates/614369/images/8859998/gallery_media.jpeg', 'https://cdn-media.medialabtc.it/es/agencies/md500/estates/614369/images/8859997/gallery_media.jpeg', 'https://cdn-media.medialabtc.it/es/agencies/md500/estates/614369/images/8859993/gallery_media.jpeg', 'https://cdn-media.medialabtc.it/es/agencies/md500/estates/614369/images/8860000/gallery_media.jpeg', 'https://cdn-media.medialabtc.it/es/agencies/md500/estates/614369/images/8859992/gallery_media.jpeg', 'https://cdn-media.medialabtc.it/es/agencies/md500/estates/614369/images/8859995/gallery_media.jpeg', 'https://cdn-media.medialabtc.it/es/agencies/md500/estates/614369/images/8829040/gallery_media.jpeg', 'https://cdn-media.medialabtc.it/es/agencies/md500/estates/614369/images/8859999/gallery_media.jpeg', 'https://cdn-media.medialabtc.it/es/agencies/md500/estates/614369/images/8859988/gallery_media.jpeg']",0,Desconocido,0,0,1,1,0,E,0,0,"['imagenes_tecnocasa\\anuncio_1189\\0.jpeg', 'imagenes_tecnocasa\\anuncio_1189\\1.jpeg', 'imagenes_tecnocasa\\anuncio_1189\\2.jpeg', 'imagenes_tecnocasa\\anuncio_1189\\3.jpeg', 'imagenes_tecnocasa\\anuncio_1189\\4.jpeg', 'imagenes_tecnocasa\\anuncio_1189\\5.jpeg', 'imagenes_tecnocasa\\anuncio_1189\\6.jpeg', 'imagenes_tecnocasa\\anuncio_1189\\7.jpeg', 'imagenes_tecnocasa\\anuncio_1189\\8.jpeg', 'imagenes_tecnocasa\\anuncio_1189\\9.jpeg', 'imagenes_tecnocasa\\anuncio_1189\\10.jpeg', 'imagenes_tecnocasa\\anuncio_1189\\11.jpeg', 'imagenes_tecnocasa\\anuncio_1189\\12.jpeg', 'imagenes_tecnocasa\\anuncio_1189\\13.jpeg', 'imagenes_tecnocasa\\anuncio_1189\\14.jpeg']",0,Popular,1974,1,0,0,piso,2,Collado Villalba,Collado Villalba,40.6431496,-3.9930128,1189,2516.4835164835163,109.0,86.0,0.375,0.5,1.0,0.0,otro,pintura,ninguna,estándar (2.4-2.8m),nada,3.4,4.0,convencional,"['#FFFFFF', '#D3D3D3', '#000000']",regular,False,convencional,limitado,ninguno,ninguno,estándar,básica,ninguno,6.4,6.2,ninguna,5
https://www.tecnocasa.es/venta/piso/madrid/madrid/346535.html,259000.0,1,38.0,1,"Exclusivo apartamento reformado con techos altos en el Barrio Imperial

Ubicado en el prestigioso Barrio Imperial, presentamos este elegante apartamento de 38 m² construidos y 36 m² útiles, completamente reformado y situado en una segunda planta interior de un edificio con ascensor. La vivienda destaca por sus techos altos, que aportan una mayor sensación de amplitud y luminosidad, creando un espacio sofisticado y funcional.

La distribución ha sido optimizada para ofrecer el máximo confort. El salón-comedor con cocina abierta genera un ambiente diáfano y moderno, con una cocina totalmente equipada, diseñada con mobiliario de alta gama y electrodomésticos integrados. El dormitorio independiente cuenta con un espacio bien aprovechado para almacenamiento, mientras que el baño, completamente renovado, presenta acabados contemporáneos y plato de ducha.

La reforma integral ha dotado a la vivienda de materiales de primera calidad, incluyendo suelos de alta resistencia, carpintería renovada y un excelente aislamiento térmico y acústico, garantizando el máximo confort.

Situado en una de las zonas más codiciadas de Madrid, el Barrio Imperial se caracteriza por su excelente ubicación y calidad de vida. A escasos minutos de Madrid Río, ofrece amplias zonas verdes ideales para el ocio y el deporte, además de una amplia oferta cultural y gastronómica. Su cercanía a puntos clave como la Puerta de Toledo, el Palacio Real y La Latina, así como su excelente conexión con transporte público, lo convierten en una opción inmejorable tanto para vivir como para invertir.

Para más información o concertar una visita, no dude en contactarnos.",1,1,1,1,1,1,1,1,1,1,"['https://cdn-media.medialabtc.it/es/agencies/md005/estates/346535/images/8805308/gallery_media.jpeg', 'https://cdn-media.medialabtc.it/es/agencies/md005/estates/346535/images/8805315/gallery_media.jpeg', 'https://cdn-media.medialabtc.it/es/agencies/md005/estates/346535/images/8805307/gallery_media.jpeg', 'https://cdn-media.medialabtc.it/es/agencies/md005/estates/346535/images/8805311/gallery_media.jpeg', 'https://cdn-media.medialabtc.it/es/agencies/md005/estates/346535/images/8805310/gallery_media.jpeg', 'https://cdn-media.medialabtc.it/es/agencies/md005/estates/346535/images/8805312/gallery_media.jpeg', 'https://cdn-media.medialabtc.it/es/agencies/md005/estates/346535/images/8805313/gallery_media.jpeg', 'https://cdn-media.medialabtc.it/es/agencies/md005/estates/346535/images/8805316/gallery_media.jpeg', 'https://cdn-media.medialabtc.it/es/agencies/md005/estates/346535/images/8805305/gallery_media.jpeg', 'https://cdn-media.medialabtc.it/es/agencies/md005/estates/346535/images/8805304/gallery_media.jpeg', 'https://cdn-media.medialabtc.it/es/agencies/md005/estates/346535/images/8805303/gallery_media.jpeg', 'https://cdn-media.medialabtc.it/es/agencies/md005/estates/346535/images/8805317/gallery_media.jpeg', 'https://cdn-media.medialabtc.it/es/agencies/md005/estates/346535/images/8805306/gallery_media.jpeg', 'https://cdn-media.medialabtc.it/es/agencies/md005/estates/346535/images/8805314/gallery_media.jpeg', 'https://cdn-media.medialabtc.it/es/agencies/md005/estates/346535/images/8805309/gallery_media.jpeg']",0,Reformado,0,0,0,0,0,E,0,0,"['imagenes_tecnocasa\\anuncio_1190\\0.jpeg', 'imagenes_tecnocasa\\anuncio_1190\\1.jpeg', 'imagenes_tecnocasa\\anuncio_1190\\2.jpeg', 'imagenes_tecnocasa\\anuncio_1190\\3.jpeg', 'imagenes_tecnocasa\\anuncio_1190\\4.jpeg', 'imagenes_tecnocasa\\anuncio_1190\\5.jpeg', 'imagenes_tecnocasa\\anuncio_1190\\6.jpeg', 'imagenes_tecnocasa\\anuncio_1190\\7.jpeg', 'imagenes_tecnocasa\\anuncio_1190\\8.jpeg', 'imagenes_tecnocasa\\anuncio_1190\\9.jpeg', 'imagenes_tecnocasa\\anuncio_1190\\10.jpeg', 'imagenes_tecnocasa\\anuncio_1190\\11.jpeg', 'imagenes_tecnocasa\\anuncio_1190\\12.jpeg', 'imagenes_tecnocasa\\anuncio_1190\\13.jpeg', 'imagenes_tecnocasa\\anuncio_1190\\14.jpeg']",0,Señorial,1955,0,0,1,piso,2,Madrid,"Imperial, Madrid",40.4167047,-3.7035825,1190,6815.789473684211,249.0,161.0,0.15000000000000002,0.2,3.0,0.0,parquet,pintura,corredera,estándar (2.4-2.8m),nada,5.8,7.0,moderno,"['#F2E9E1', '#D2BEA8', '#A08A6F']",buena,False,eficiente,normal,ninguno,ninguno,estándar,básica,ninguno,7.4,6.6,ninguna,5
https://www.tecnocasa.es/venta/casa/madrid/madrid/617620.html,730000.0,3,333.0,1,"OPORTUNIDAD DE INVERSIÓN EN VALLECAS!

Venta en exclusiva de edificio completo con gran potencial

Tecnocasa ofrece en exclusiva este edificio residencial situado en una de las zonas con mayor proyección de Madrid: Vallecas. A pocos metros del estadio del Rayo Vallecano. Una oportunidad única para inversores, promotores o patrimonialistas que buscan rentabilidad en un entorno consolidado y bien comunicado.

Características del inmueble:

•Edificio completo en venta con 3 entidades segregables
•Superficie construida total: aprox. 330 m²
•Año de construcción: Años 60
•Estado general: Segunda mano / Para reformar
•Distribución actual:
- Planta Baja – Local comercial de 145m2 con posibilidad de segregar y cambiar el uso a vivienda.
- Planta Primera – Vivienda de 2 habitaciones de 75 m2 exterior.
- Planta Segunda – Vivienda de 2 habitaciones de 75 m2 exterior.
•Calefacción individual por gas natural, entidades exteriores.
•Estado ocupacional:
- Planta Baja – Dispone de contrato de arrendamiento.
- Planta Primera – Dispone de contrato vencido, no renovado.
- Planta Segunda – Dispone de contrato vencido, no renovado.
•Debido a esta situación de arrendamiento, no es posible realizar visitas al interior de las viviendas ni del local. Las visitas serán únicamente exteriores, previa cita.
•Sin gastos de comunidad

Este edificio, con una estructura sólida y buena iluminación natural, ofrece múltiples posibilidades: desde la rehabilitación para alquiler residencial, apartamentos turísticos o incluso conversión a Coliving. Su ubicación en Vallecas garantiza alta demanda de alquiler, así como un entorno en plena transformación urbana.
Situado en una calle tranquila pero muy cercana a arterias principales, con acceso a transporte público (metro y autobuses), colegios, centros médicos y comercios a escasos minutos.",1,1,1,1,1,1,0,1,1,1,"['https://cdn-media.medialabtc.it/es/agencies/mdbw8/estates/617620/images/8902629/gallery_media.jpeg', 'https://cdn-media.medialabtc.it/es/agencies/mdbw8/estates/617620/images/8902664/gallery_media.jpeg', 'https://cdn-media.medialabtc.it/es/agencies/mdbw8/estates/617620/images/8902674/gallery_media.jpeg', 'https://cdn-media.medialabtc.it/es/agencies/mdbw8/estates/617620/images/8902677/gallery_media.jpeg', 'https://cdn-media.medialabtc.it/es/agencies/mdbw8/estates/617620/images/8902665/gallery_media.jpeg', 'https://cdn-media.medialabtc.it/es/agencies/mdbw8/estates/617620/images/8902678/gallery_media.jpeg', 'https://cdn-media.medialabtc.it/es/agencies/mdbw8/estates/617620/images/8902680/gallery_media.jpeg', 'https://cdn-media.medialabtc.it/es/agencies/mdbw8/estates/617620/images/8902625/gallery_media.jpeg', 'https://cdn-media.medialabtc.it/es/agencies/mdbw8/estates/617620/images/8902668/gallery_media.jpeg', 'https://cdn-media.medialabtc.it/es/agencies/mdbw8/estates/617620/images/8902675/gallery_media.jpeg', 'https://cdn-media.medialabtc.it/es/agencies/mdbw8/estates/617620/images/8902679/gallery_media.jpeg', 'https://cdn-media.medialabtc.it/es/agencies/mdbw8/estates/617620/images/8902627/gallery_media.jpeg', 'https://cdn-media.medialabtc.it/es/agencies/mdbw8/estates/617620/images/8902667/gallery_media.jpeg', 'https://cdn-media.medialabtc.it/es/agencies/mdbw8/estates/617620/images/8902669/gallery_media.jpeg', 'https://cdn-media.medialabtc.it/es/agencies/mdbw8/estates/617620/images/8902676/gallery_media.jpeg', 'https://cdn-media.medialabtc.it/es/agencies/mdbw8/estates/617620/images/8902572/gallery_media.jpeg', 'https://cdn-media.medialabtc.it/es/agencies/mdbw8/estates/617620/images/8902670/gallery_media.jpeg', 'https://cdn-media.medialabtc.it/es/agencies/mdbw8/estates/617620/images/8902628/gallery_media.jpeg', 'https://cdn-media.medialabtc.it/es/agencies/mdbw8/estates/617620/images/8902663/gallery_media.jpeg', 'https://cdn-media.medialabtc.it/es/agencies/mdbw8/estates/617620/images/8902630/gallery_media.jpeg', 'https://cdn-media.medialabtc.it/es/agencies/mdbw8/estates/617620/images/8902672/gallery_media.jpeg', 'https://cdn-media.medialabtc.it/es/agencies/mdbw8/estates/617620/images/8902671/gallery_media.jpeg', 'https://cdn-media.medialabtc.it/es/agencies/mdbw8/estates/617620/images/8902626/gallery_media.jpeg', 'https://cdn-media.medialabtc.it/es/agencies/mdbw8/estates/617620/images/8902673/gallery_media.jpeg', 'https://cdn-media.medialabtc.it/es/agencies/mdbw8/estates/617620/images/8902666/gallery_media.jpeg', 'https://cdn-media.medialabtc.it/es/agencies/mdbw8/estates/617620/images/8902624/gallery_media.jpeg']",0,Desconocido,0,0,0,0,0,D,0,1,"['imagenes_tecnocasa\\anuncio_1194\\0.jpeg', 'imagenes_tecnocasa\\anuncio_1194\\1.jpeg', 'imagenes_tecnocasa\\anuncio_1194\\2.jpeg', 'imagenes_tecnocasa\\anuncio_1194\\3.jpeg', 'imagenes_tecnocasa\\anuncio_1194\\4.jpeg', 'imagenes_tecnocasa\\anuncio_1194\\5.jpeg', 'imagenes_tecnocasa\\anuncio_1194\\6.jpeg', 'imagenes_tecnocasa\\anuncio_1194\\7.jpeg', 'imagenes_tecnocasa\\anuncio_1194\\8.jpeg', 'imagenes_tecnocasa\\anuncio_1194\\9.jpeg', 'imagenes_tecnocasa\\anuncio_1194\\10.jpeg', 'imagenes_tecnocasa\\anuncio_1194\\11.jpeg', 'imagenes_tecnocasa\\anuncio_1194\\12.jpeg', 'imagenes_tecnocasa\\anuncio_1194\\13.jpeg', 'imagenes_tecnocasa\\anuncio_1194\\14.jpeg', 'imagenes_tecnocasa\\anuncio_1194\\15.jpeg', 'imagenes_tecnocasa\\anuncio_1194\\16.jpeg', 'imagenes_tecnocasa\\anuncio_1194\\17.jpeg', 'imagenes_tecnocasa\\anuncio_1194\\18.jpeg', 'imagenes_tecnocasa\\anuncio_1194\\19.jpeg', 'imagenes_tecnocasa\\anuncio_1194\\20.jpeg', 'imagenes_tecnocasa\\anuncio_1194\\21.jpeg', 'imagenes_tecnocasa\\anuncio_1194\\22.jpeg', 'imagenes_tecnocasa\\anuncio_1194\\23.jpeg', 'imagenes_tecnocasa\\anuncio_1194\\24.jpeg', 'imagenes_tecnocasa\\anuncio_1194\\25.jpeg']",0,Popular,1967,1,0,0,casa,3,Madrid,"Palomeras - Portazgo, Madrid",40.4167047,-3.7035825,1194,2192.192192192192,270.0,181.0,0.03125,0.31875,0.0,1.0,otro,pintura,corredera,estándar (2.4-2.8m),nada,3.4,4.0,clásico,"['#808080', '#008000', '#FFFFFF']",buena,False,convencional,normal,ninguno,ninguno,estándar,básica,ninguno,6.2,6.8,ninguna,5
https://www.tecnocasa.es/venta/piso/madrid/las-rozas-de-madrid/602569.html,350000.0,1,69.0,2,"Inmobiliaria en Las Rozas De Madrid - Tecnocasa Estudio Las Rozas Estacion Slu vende fantástico ático dúplex completamente reformado de 1 dormitorio y 2 cuartos de baño completos con terraza y plaza de garaje en urbanización exclusiva de la zona del Auditorio de Las Rozas.
Originalmente concebido como vivienda de 3 habitaciones, la casa ha sido modificada hasta dejar 1 dormitorio de gran dimensión, con vestidor, y un amplísimo salón comedor.
En cualquier caso, al tratarse de un dúplex, la vivienda se distribuye en dos plantas. En la planta baja nos encontramos con un recibidor y una fabulosa cocina americana. En la misma planta está el gran salón-comedor, con varios ambientes y mucho espacio, puesto que se le integró uno de los dormitorios de la vivienda, y que además da acceso directo a una terraza de gran tamaño con vistas a la calle. En la esta planta hay también un cuarto de baño completo completamente reformado con bañera de hidromasaje, además de ser exterior gracias a una ventana que da a un patio interior.
Una elegante escalera de caracol nos da acceso a la planta superior. Donde originalmente había dos habitaciones ahora hay un fabuloso dormitorio principal con vestidor propio y cuarto de baño propio en suite y espacio añadido de almacenamiento o trastero.
Toda la vivienda, cuenta con la instalación hecha para poner equipo de música en todas las instancias.
El piso se encuentra en para entrar a vivir, habiendo sido completamente reformado, incluyendo un gran trabajo de insonorización y aislamiento acústico con la casa colindante. Además, la finca se vende con una magnífica plaza de garaje incluida en el precio, amplia y entre dos columnas.
La casa se encuentra en una de las urbanizaciones más exclusivas del centro de Las Rozas y de la zona del Auditorio. La urbanización dispone de conserje físico, jardinero y limpieza; así como de amplias zonas verdes, pista de baloncesto y piscina.
Ubicada a menos de 3 minutos a pie de la Calle Real, con una comunicación perfecta con todo transporte público (paradas de autobús y cercana a la estación de RENFE), la casa cuenta con una amplia oferta de ocio, restauración, tiendas y comercios en las proximidades, así como varios centros comerciales (incluidos en . Gran Plaza 2, . El Burgo Centro, . Heron City y el . Equinoccio) y las principales vías de circunvalación de la zona (como la A-6 o la M-40).
POSIBILIDAD DE FINANCIACIÓN HASTA EL 100% CON NUESTRO DEPARTAMENTO FINANCIERO: KIRON.
No dudes y llámanos para venir a ver la casa",0,1,1,1,1,1,0,1,1,1,"['https://cdn-media.medialabtc.it/es/agencies/md591/estates/602569/images/8578871/gallery_media.jpeg', 'https://cdn-media.medialabtc.it/es/agencies/md591/estates/602569/images/8578876/gallery_media.jpeg', 'https://cdn-media.medialabtc.it/es/agencies/md591/estates/602569/images/8578880/gallery_media.jpeg', 'https://cdn-media.medialabtc.it/es/agencies/md591/estates/602569/images/8578878/gallery_media.jpeg', 'https://cdn-media.medialabtc.it/es/agencies/md591/estates/602569/images/8578870/gallery_media.jpeg', 'https://cdn-media.medialabtc.it/es/agencies/md591/estates/602569/images/8578893/gallery_media.jpeg', 'https://cdn-media.medialabtc.it/es/agencies/md591/estates/602569/images/8578885/gallery_media.jpeg', 'https://cdn-media.medialabtc.it/es/agencies/md591/estates/602569/images/8578873/gallery_media.jpeg', 'https://cdn-media.medialabtc.it/es/agencies/md591/estates/602569/images/8578872/gallery_media.jpeg', 'https://cdn-media.medialabtc.it/es/agencies/md591/estates/602569/images/8578891/gallery_media.jpeg', 'https://cdn-media.medialabtc.it/es/agencies/md591/estates/602569/images/8578875/gallery_media.jpeg', 'https://cdn-media.medialabtc.it/es/agencies/md591/estates/602569/images/8578892/gallery_media.jpeg', 'https://cdn-media.medialabtc.it/es/agencies/md591/estates/602569/images/8578881/gallery_media.jpeg', 'https://cdn-media.medialabtc.it/es/agencies/md591/estates/602569/images/8578884/gallery_media.jpeg', 'https://cdn-media.medialabtc.it/es/agencies/md591/estates/602569/images/8578877/gallery_media.jpeg', 'https://cdn-media.medialabtc.it/es/agencies/md591/estates/602569/images/8578896/gallery_media.jpeg', 'https://cdn-media.medialabtc.it/es/agencies/md591/estates/602569/images/8578879/gallery_media.jpeg', 'https://cdn-media.medialabtc.it/es/agencies/md591/estates/602569/images/8578886/gallery_media.jpeg', 'https://cdn-media.medialabtc.it/es/agencies/md591/estates/602569/images/8578882/gallery_media.jpeg', 'https://cdn-media.medialabtc.it/es/agencies/md591/estates/602569/images/8578895/gallery_media.jpeg', 'https://cdn-media.medialabtc.it/es/agencies/md591/estates/602569/images/8578868/gallery_media.jpeg', 'https://cdn-media.medialabtc.it/es/agencies/md591/estates/602569/images/8578874/gallery_media.jpeg', 'https://cdn-media.medialabtc.it/es/agencies/md591/estates/602569/images/8578883/gallery_media.jpeg', 'https://cdn-media.medialabtc.it/es/agencies/md591/estates/602569/images/8578869/gallery_media.jpeg', 'https://cdn-media.medialabtc.it/es/agencies/md591/estates/602569/images/8578894/gallery_media.jpeg']",1,Reformado,1,1,1,1,1,E,0,0,"['imagenes_tecnocasa\\anuncio_1195\\0.jpeg', 'imagenes_tecnocasa\\anuncio_1195\\1.jpeg', 'imagenes_tecnocasa\\anuncio_1195\\2.jpeg', 'imagenes_tecnocasa\\anuncio_1195\\3.jpeg', 'imagenes_tecnocasa\\anuncio_1195\\4.jpeg', 'imagenes_tecnocasa\\anuncio_1195\\5.jpeg', 'imagenes_tecnocasa\\anuncio_1195\\6.jpeg', 'imagenes_tecnocasa\\anuncio_1195\\7.jpeg', 'imagenes_tecnocasa\\anuncio_1195\\8.jpeg', 'imagenes_tecnocasa\\anuncio_1195\\9.jpeg', 'imagenes_tecnocasa\\anuncio_1195\\10.jpeg', 'imagenes_tecnocasa\\anuncio_1195\\11.jpeg', 'imagenes_tecnocasa\\anuncio_1195\\12.jpeg', 'imagenes_tecnocasa\\anuncio_1195\\13.jpeg', 'imagenes_tecnocasa\\anuncio_1195\\14.jpeg', 'imagenes_tecnocasa\\anuncio_1195\\15.jpeg', 'imagenes_tecnocasa\\anuncio_1195\\16.jpeg', 'imagenes_tecnocasa\\anuncio_1195\\17.jpeg', 'imagenes_tecnocasa\\anuncio_1195\\18.jpeg', 'imagenes_tecnocasa\\anuncio_1195\\19.jpeg', 'imagenes_tecnocasa\\anuncio_1195\\20.jpeg', 'imagenes_tecnocasa\\anuncio_1195\\21.jpeg', 'imagenes_tecnocasa\\anuncio_1195\\22.jpeg', 'imagenes_tecnocasa\\anuncio_1195\\23.jpeg', 'imagenes_tecnocasa\\anuncio_1195\\24.jpeg']",1,Popular,1991,0,0,0,piso,2,Las Rozas De Madrid,Las Rozas De Madrid,40.4933095,-3.8758396,1195,5072.463768115942,423.0,237.0,0.44999999999999996,0.6000000000000001,1.0,0.0,parquet,pintura,grandes ventanales,estándar (2.4-2.8m),nada,6.0,6.6,moderno,"['#F2F2F2', '#A0A0A0', '#FFFFFF']",buena,True,convencional,normal,ninguno,ninguno,estándar,básica,ninguno,8.2,7.6,ninguna,5
https://www.tecnocasa.es/venta/piso/madrid/madrid/373574.html,233000.0,1,49.0,1,"OFICINA TETUAN SL - MADRID Oficina Tecnocasa
VENTA en CALLE CUEVAS
Apartamento tipo Loft, exterior, en tercera planta, cuenta con un dormitorio, salón, cocina, baño y trastero. Reformado y amueblado. Calefacción con bomba de calor y frío.
Actualmente se encuentra alquilado.
Cerca tiene todos los servicios como el mercado de Tetuán, restaurantes, farmacias, colegios y centros de salud.
La vivienda se localiza en el barrio de Tetuán, al lado de Marques de Viana y Bravo Murillo.
Con muy buenas comunicaciones, parada de Autobús lineas 66, 124 y N23, metro LINEA 1, Valdeacederas, a menos de 5 minutos andando.
25 años en el barrio, ¡Gracias por la confianza!
Agente inmobiliario inscrito en el RAIN N° 000255/18.",1,1,1,1,1,1,0,1,1,1,"['https://cdn-media.medialabtc.it/es/agencies/mdaig/estates/373574/images/8850764/gallery_media.jpeg', 'https://cdn-media.medialabtc.it/es/agencies/mdaig/estates/373574/images/8850717/gallery_media.jpeg', 'https://cdn-media.medialabtc.it/es/agencies/mdaig/estates/373574/images/8850763/gallery_media.jpeg', 'https://cdn-media.medialabtc.it/es/agencies/mdaig/estates/373574/images/8865832/gallery_media.jpeg', 'https://cdn-media.medialabtc.it/es/agencies/mdaig/estates/373574/images/8865926/gallery_media.jpeg', 'https://cdn-media.medialabtc.it/es/agencies/mdaig/estates/373574/images/8850716/gallery_media.jpeg', 'https://cdn-media.medialabtc.it/es/agencies/mdaig/estates/373574/images/8850721/gallery_media.jpeg', 'https://cdn-media.medialabtc.it/es/agencies/mdaig/estates/373574/images/8850719/gallery_media.jpeg', 'https://cdn-media.medialabtc.it/es/agencies/mdaig/estates/373574/images/8859267/gallery_media.jpeg', 'https://cdn-media.medialabtc.it/es/agencies/mdaig/estates/373574/images/8859266/gallery_media.jpeg', 'https://cdn-media.medialabtc.it/es/agencies/mdaig/estates/373574/images/8859264/gallery_media.jpeg', 'https://cdn-media.medialabtc.it/es/agencies/mdaig/estates/373574/images/8850720/gallery_media.jpeg', 'https://cdn-media.medialabtc.it/es/agencies/mdaig/estates/373574/images/8865964/gallery_media.jpeg', 'https://cdn-media.medialabtc.it/es/agencies/mdaig/estates/373574/images/8850762/gallery_media.jpeg', 'https://cdn-media.medialabtc.it/es/agencies/mdaig/estates/373574/images/8859265/gallery_media.jpeg']",0,Reformado,0,1,0,0,0,Desconocida,1,0,"['imagenes_tecnocasa\\anuncio_1196\\0.jpeg', 'imagenes_tecnocasa\\anuncio_1196\\1.jpeg', 'imagenes_tecnocasa\\anuncio_1196\\2.jpeg', 'imagenes_tecnocasa\\anuncio_1196\\3.jpeg', 'imagenes_tecnocasa\\anuncio_1196\\4.jpeg', 'imagenes_tecnocasa\\anuncio_1196\\5.jpeg', 'imagenes_tecnocasa\\anuncio_1196\\6.jpeg', 'imagenes_tecnocasa\\anuncio_1196\\7.jpeg', 'imagenes_tecnocasa\\anuncio_1196\\8.jpeg', 'imagenes_tecnocasa\\anuncio_1196\\9.jpeg', 'imagenes_tecnocasa\\anuncio_1196\\10.jpeg', 'imagenes_tecnocasa\\anuncio_1196\\11.jpeg', 'imagenes_tecnocasa\\anuncio_1196\\12.jpeg', 'imagenes_tecnocasa\\anuncio_1196\\13.jpeg', 'imagenes_tecnocasa\\anuncio_1196\\14.jpeg']",0,Señorial,2008,0,0,0,piso,3,Madrid,"Tetuán, Valdeacederas, Madrid",40.4167047,-3.7035825,1196,4755.102040816327,115.0,93.0,0.0,0.0,1.0,0.0,parquet,pintura,corredera,estándar (2.4-2.8m),nada,4.0,4.8,clásico,"['#A0522D', '#8B4513', '#D2691E']",regular,False,convencional,limitado,ninguno,ninguno,estándar,básica,ninguno,6.8,6.8,ninguna,5
https://www.tecnocasa.es/venta/piso/madrid/humanes-de-madrid/616971.html,149000.0,3,79.0,1,"'AGENCIA INMOBILIARIA HUMANES- ZONA HUMANES DE MADRID- OFICINA TECNOCASA VENDE PISO


'Fantástico PISO ubicado en Humanes de Madrid, compuesto por: salón, cocina, 3 dormitorios y 1 baños Y terraza.

PARA SOLICITAR MAS INFORMACIÓN LLAME AL TELÉFONO

Está situado en una zona en expansión pero ya consolidada con fácil acceso a colegios, institutos, parques, comercios, supermercados, centros médicos y a la red de transportes del municipio.

No dude en llamarnos para concertar su cita.",1,1,1,1,0,1,0,1,1,1,"['https://cdn-media.medialabtc.it/es/agencies/md524/estates/616971/images/8887356/gallery_media.jpeg', 'https://cdn-media.medialabtc.it/es/agencies/md524/estates/616971/images/8887357/gallery_media.jpeg', 'https://cdn-media.medialabtc.it/es/agencies/md524/estates/616971/images/8887355/gallery_media.jpeg', 'https://cdn-media.medialabtc.it/es/agencies/md524/estates/616971/images/8887385/gallery_media.jpeg', 'https://cdn-media.medialabtc.it/es/agencies/md524/estates/616971/images/8887350/gallery_media.jpeg', 'https://cdn-media.medialabtc.it/es/agencies/md524/estates/616971/images/8887346/gallery_media.jpeg', 'https://cdn-media.medialabtc.it/es/agencies/md524/estates/616971/images/8887349/gallery_media.jpeg', 'https://cdn-media.medialabtc.it/es/agencies/md524/estates/616971/images/8887382/gallery_media.jpeg', 'https://cdn-media.medialabtc.it/es/agencies/md524/estates/616971/images/8887359/gallery_media.jpeg', 'https://cdn-media.medialabtc.it/es/agencies/md524/estates/616971/images/8887347/gallery_media.jpeg', 'https://cdn-media.medialabtc.it/es/agencies/md524/estates/616971/images/8887361/gallery_media.jpeg', 'https://cdn-media.medialabtc.it/es/agencies/md524/estates/616971/images/8887383/gallery_media.jpeg', 'https://cdn-media.medialabtc.it/es/agencies/md524/estates/616971/images/8887354/gallery_media.jpeg', 'https://cdn-media.medialabtc.it/es/agencies/md524/estates/616971/images/8887351/gallery_media.jpeg', 'https://cdn-media.medialabtc.it/es/agencies/md524/estates/616971/images/8887386/gallery_media.jpeg', 'https://cdn-media.medialabtc.it/es/agencies/md524/estates/616971/images/8887387/gallery_media.jpeg', 'https://cdn-media.medialabtc.it/es/agencies/md524/estates/616971/images/8887384/gallery_media.jpeg', 'https://cdn-media.medialabtc.it/es/agencies/md524/estates/616971/images/8887358/gallery_media.jpeg', 'https://cdn-media.medialabtc.it/es/agencies/md524/estates/616971/images/8887348/gallery_media.jpeg', 'https://cdn-media.medialabtc.it/es/agencies/md524/estates/616971/images/8887353/gallery_media.jpeg', 'https://cdn-media.medialabtc.it/es/agencies/md524/estates/616971/images/8887360/gallery_media.jpeg', 'https://cdn-media.medialabtc.it/es/agencies/md524/estates/616971/images/8887352/gallery_media.jpeg']",0,Desconocido,0,0,0,1,0,Desconocida,0,0,"['imagenes_tecnocasa\\anuncio_1197\\0.jpeg', 'imagenes_tecnocasa\\anuncio_1197\\1.jpeg', 'imagenes_tecnocasa\\anuncio_1197\\2.jpeg', 'imagenes_tecnocasa\\anuncio_1197\\3.jpeg', 'imagenes_tecnocasa\\anuncio_1197\\4.jpeg', 'imagenes_tecnocasa\\anuncio_1197\\5.jpeg', 'imagenes_tecnocasa\\anuncio_1197\\6.jpeg', 'imagenes_tecnocasa\\anuncio_1197\\7.jpeg', 'imagenes_tecnocasa\\anuncio_1197\\8.jpeg', 'imagenes_tecnocasa\\anuncio_1197\\9.jpeg', 'imagenes_tecnocasa\\anuncio_1197\\10.jpeg', 'imagenes_tecnocasa\\anuncio_1197\\11.jpeg', 'imagenes_tecnocasa\\anuncio_1197\\12.jpeg', 'imagenes_tecnocasa\\anuncio_1197\\13.jpeg', 'imagenes_tecnocasa\\anuncio_1197\\14.jpeg', 'imagenes_tecnocasa\\anuncio_1197\\15.jpeg', 'imagenes_tecnocasa\\anuncio_1197\\16.jpeg', 'imagenes_tecnocasa\\anuncio_1197\\17.jpeg', 'imagenes_tecnocasa\\anuncio_1197\\18.jpeg', 'imagenes_tecnocasa\\anuncio_1197\\19.jpeg', 'imagenes_tecnocasa\\anuncio_1197\\20.jpeg', 'imagenes_tecnocasa\\anuncio_1197\\21.jpeg']",1,Popular,1978,0,0,1,piso,2,Madrid,Humanes De Madrid,40.4167047,-3.7035825,1197,1886.0759493670887,73.0,66.0,0.0,0.0,0.0,0.0,cerámica,pintura,corredera,estándar (2.4-2.8m),nada,3.6,3.8,convencional,"['#F2F2F2', '#A0522D', '#FFC0CB']",regular,False,convencional,limitado,ninguno,ninguno,estándar,básica,ninguno,6.4,6.2,ninguna,5
https://www.tecnocasa.es/venta/piso/madrid/madrid/617510.html,260000.0,2,58.0,1,"EN VENTA : Con una superficie de 58 m², este piso ofrece dos dormitorios que se adaptan a diversas necesidades, ya sea para una familia pequeña o para quienes desean un espacio adicional para trabajar desde casa. El baño está diseñado para brindar comodidad y eficiencia.
Descubre esta acogedora vivienda en el corazón del municipio de Madrid, ideal para quienes buscan un espacio funcional y bien ubicado. Construido en 1965, el edificio refleja el encanto de la época, combinado con las ventajas de vivir en una zona consolidada. La propiedad se encuentra en una categoría popular, lo que la convierte en una opción accesible para quienes desean establecerse en Madrid sin renunciar a la calidad de vida. La ubicación es un punto fuerte, con fácil acceso a servicios, transporte público y áreas recreativas. Esta es una oportunidad para adquirir un hogar en una de las ciudades más vibrantes de España.
Zona consolidada con todos los servicios, comercios, supermercados, colegios, zonas verdes. Fácil acceso a M-30, A2, A3 y a 40 minutos andado del parque del retiro. Zona en auge por el soterramiento de la M-30, imitando a Madrid Rio y uniendo el barrio de Salamanca con el barrio de Ciudad Lineal y ampliación de la línea 11 de metro, la cual conectará el este de Madrid con Barajas. Dispondremos de parada de metro en el barrio de concepción a escasos minutos de la vivienda.",1,0,1,1,1,1,0,1,1,1,"['https://cdn-media.medialabtc.it/es/agencies/md037/estates/617510/images/8899781/gallery_media.jpeg', 'https://cdn-media.medialabtc.it/es/agencies/md037/estates/617510/images/8899779/gallery_media.jpeg', 'https://cdn-media.medialabtc.it/es/agencies/md037/estates/617510/images/8899675/gallery_media.jpeg', 'https://cdn-media.medialabtc.it/es/agencies/md037/estates/617510/images/8899674/gallery_media.jpeg', 'https://cdn-media.medialabtc.it/es/agencies/md037/estates/617510/images/8899782/gallery_media.jpeg', 'https://cdn-media.medialabtc.it/es/agencies/md037/estates/617510/images/8899780/gallery_media.jpeg', 'https://cdn-media.medialabtc.it/es/agencies/md037/estates/617510/images/8899673/gallery_media.jpeg', 'https://cdn-media.medialabtc.it/es/agencies/md037/estates/617510/images/8899672/gallery_media.jpeg', 'https://cdn-media.medialabtc.it/es/agencies/md037/estates/617510/images/8899686/gallery_media.jpeg', 'https://cdn-media.medialabtc.it/es/agencies/md037/estates/617510/images/8899669/gallery_media.jpeg', 'https://cdn-media.medialabtc.it/es/agencies/md037/estates/617510/images/8899685/gallery_media.jpeg', 'https://cdn-media.medialabtc.it/es/agencies/md037/estates/617510/images/8899670/gallery_media.jpeg', 'https://cdn-media.medialabtc.it/es/agencies/md037/estates/617510/images/8899684/gallery_media.jpeg', 'https://cdn-media.medialabtc.it/es/agencies/md037/estates/617510/images/8899671/gallery_media.jpeg', 'https://cdn-media.medialabtc.it/es/agencies/md037/estates/617510/images/8899683/gallery_media.jpeg']",0,Desconocido,0,0,0,0,0,C,0,0,"['imagenes_tecnocasa\\anuncio_1199\\0.jpeg', 'imagenes_tecnocasa\\anuncio_1199\\1.jpeg', 'imagenes_tecnocasa\\anuncio_1199\\2.jpeg', 'imagenes_tecnocasa\\anuncio_1199\\3.jpeg', 'imagenes_tecnocasa\\anuncio_1199\\4.jpeg', 'imagenes_tecnocasa\\anuncio_1199\\5.jpeg', 'imagenes_tecnocasa\\anuncio_1199\\6.jpeg', 'imagenes_tecnocasa\\anuncio_1199\\7.jpeg', 'imagenes_tecnocasa\\anuncio_1199\\8.jpeg', 'imagenes_tecnocasa\\anuncio_1199\\9.jpeg', 'imagenes_tecnocasa\\anuncio_1199\\10.jpeg', 'imagenes_tecnocasa\\anuncio_1199\\11.jpeg', 'imagenes_tecnocasa\\anuncio_1199\\12.jpeg', 'imagenes_tecnocasa\\anuncio_1199\\13.jpeg', 'imagenes_tecnocasa\\anuncio_1199\\14.jpeg']",0,Popular,1965,0,0,0,piso,2,Madrid,"Ventas, Madrid",40.4167047,-3.7035825,1199,4482.758620689655,234.0,146.0,0.75,0.95,0.0,1.0,otro,pintura,corredera,estándar (2.4-2.8m),nada,2.6,3.0,convencional,"['#D2B48C', '#E0E0E0', '#FFFAF0']",regular,False,convencional,limitado,ninguno,ninguno,estándar,básica,ninguno,6.0,6.8,ninguna,5
https://www.tecnocasa.es/venta/piso/madrid/mostoles/606277.html,178000.0,3,68.0,1,"Agencia inmobiliaria TECNOCASA de MOSTOLES - zona ALFONSO XII - HOSPITAL METRO en EXCLUSIVA vende piso para actualizar con muchas posibilidades. Exterior, salón con terraza abierta. Fachada rehabilitada. Al lado de todos los servicios, metro, hospital, etc",1,1,1,1,1,1,1,1,1,1,"['https://cdn-media.medialabtc.it/es/agencies/abaa1/estates/606277/images/8679662/gallery_media.jpeg', 'https://cdn-media.medialabtc.it/es/agencies/abaa1/estates/606277/images/8681778/gallery_media.jpeg', 'https://cdn-media.medialabtc.it/es/agencies/abaa1/estates/606277/images/8681779/gallery_media.jpeg', 'https://cdn-media.medialabtc.it/es/agencies/abaa1/estates/606277/images/8679663/gallery_media.jpeg', 'https://cdn-media.medialabtc.it/es/agencies/abaa1/estates/606277/images/8679661/gallery_media.jpeg', 'https://cdn-media.medialabtc.it/es/agencies/abaa1/estates/606277/images/8679657/gallery_media.jpeg', 'https://cdn-media.medialabtc.it/es/agencies/abaa1/estates/606277/images/8679658/gallery_media.jpeg', 'https://cdn-media.medialabtc.it/es/agencies/abaa1/estates/606277/images/8679667/gallery_media.jpeg', 'https://cdn-media.medialabtc.it/es/agencies/abaa1/estates/606277/images/8679666/gallery_media.jpeg', 'https://cdn-media.medialabtc.it/es/agencies/abaa1/estates/606277/images/8679660/gallery_media.jpeg', 'https://cdn-media.medialabtc.it/es/agencies/abaa1/estates/606277/images/8681775/gallery_media.jpeg', 'https://cdn-media.medialabtc.it/es/agencies/abaa1/estates/606277/images/8679659/gallery_media.jpeg', 'https://cdn-media.medialabtc.it/es/agencies/abaa1/estates/606277/images/8679665/gallery_media.jpeg', 'https://cdn-media.medialabtc.it/es/agencies/abaa1/estates/606277/images/8679664/gallery_media.jpeg', 'https://cdn-media.medialabtc.it/es/agencies/abaa1/estates/606277/images/8681776/gallery_media.jpeg', 'https://cdn-media.medialabtc.it/es/agencies/abaa1/estates/606277/images/8681777/gallery_media.jpeg']",0,Desconocido,0,0,0,1,0,G,0,0,"['imagenes_tecnocasa\\anuncio_1200\\0.jpeg', 'imagenes_tecnocasa\\anuncio_1200\\1.jpeg', 'imagenes_tecnocasa\\anuncio_1200\\2.jpeg', 'imagenes_tecnocasa\\anuncio_1200\\3.jpeg', 'imagenes_tecnocasa\\anuncio_1200\\4.jpeg', 'imagenes_tecnocasa\\anuncio_1200\\5.jpeg', 'imagenes_tecnocasa\\anuncio_1200\\6.jpeg', 'imagenes_tecnocasa\\anuncio_1200\\7.jpeg', 'imagenes_tecnocasa\\anuncio_1200\\8.jpeg', 'imagenes_tecnocasa\\anuncio_1200\\9.jpeg', 'imagenes_tecnocasa\\anuncio_1200\\10.jpeg', 'imagenes_tecnocasa\\anuncio_1200\\11.jpeg', 'imagenes_tecnocasa\\anuncio_1200\\12.jpeg', 'imagenes_tecnocasa\\anuncio_1200\\13.jpeg', 'imagenes_tecnocasa\\anuncio_1200\\14.jpeg', 'imagenes_tecnocasa\\anuncio_1200\\15.jpeg']",0,Popular,1970,0,0,1,piso,1,Móstoles,Móstoles,40.3238525,-3.8649214,1200,2617.6470588235293,37.0,34.0,0.0,0.0,0.0,0.0,parquet,pintura,corredera,estándar (2.4-2.8m),nada,3.2,2.6,clásico,"['#D2B48C', '#A0522D', '#F5F5DC']",regular,False,convencional,limitado,ninguno,ninguno,básico,básica,ninguno,4.8,6.0,ninguna,5
https://www.tecnocasa.es/venta/piso/madrid/madrid/613748.html,242000.0,2,73.0,1,"TECNOCASA Estudio Inmobiliario Ciudad Lineal, Ascao S. L vende fantástico piso en una ubicación privilegiada. Esta vivienda está para entrar a vivir y es totalmente exterior, cuenta con 3 dormitorios, salón, cocina, baño y una pequeña terraza. Con mucha iluminación natural, se encuentra a menos de 2 minutos del metro Garcia Noblejas y a solo un minuto de la calle Hermanos García Noblejas. Con supermercados, comercios y colegios en las cercanías, esta es una excelente oportunidad de vivienda.
Con 73 m² construidos, este piso en segunda mano se encuentra para entrar a vivir. Año de construcción 1960, cuenta con aire acondicionado, y ubicado en planta baja con orientación norte, sur y oeste. ¡No dejes pasar esta oportunidad!",1,0,1,1,1,1,1,1,1,1,"['https://cdn-media.medialabtc.it/es/agencies/md048/estates/613748/images/8820658/gallery_media.jpeg', 'https://cdn-media.medialabtc.it/es/agencies/md048/estates/613748/images/8820645/gallery_media.jpeg', 'https://cdn-media.medialabtc.it/es/agencies/md048/estates/613748/images/8820648/gallery_media.jpeg', 'https://cdn-media.medialabtc.it/es/agencies/md048/estates/613748/images/8820650/gallery_media.jpeg', 'https://cdn-media.medialabtc.it/es/agencies/md048/estates/613748/images/8820647/gallery_media.jpeg', 'https://cdn-media.medialabtc.it/es/agencies/md048/estates/613748/images/8820655/gallery_media.jpeg', 'https://cdn-media.medialabtc.it/es/agencies/md048/estates/613748/images/8820651/gallery_media.jpeg', 'https://cdn-media.medialabtc.it/es/agencies/md048/estates/613748/images/8820653/gallery_media.jpeg', 'https://cdn-media.medialabtc.it/es/agencies/md048/estates/613748/images/8820652/gallery_media.jpeg', 'https://cdn-media.medialabtc.it/es/agencies/md048/estates/613748/images/8820659/gallery_media.jpeg', 'https://cdn-media.medialabtc.it/es/agencies/md048/estates/613748/images/8820656/gallery_media.jpeg', 'https://cdn-media.medialabtc.it/es/agencies/md048/estates/613748/images/8820642/gallery_media.jpeg', 'https://cdn-media.medialabtc.it/es/agencies/md048/estates/613748/images/8820646/gallery_media.jpeg', 'https://cdn-media.medialabtc.it/es/agencies/md048/estates/613748/images/8820649/gallery_media.jpeg', 'https://cdn-media.medialabtc.it/es/agencies/md048/estates/613748/images/8820657/gallery_media.jpeg', 'https://cdn-media.medialabtc.it/es/agencies/md048/estates/613748/images/8820644/gallery_media.jpeg', 'https://cdn-media.medialabtc.it/es/agencies/md048/estates/613748/images/8820654/gallery_media.jpeg', 'https://cdn-media.medialabtc.it/es/agencies/md048/estates/613748/images/8820643/gallery_media.jpeg']",0,Desconocido,0,0,0,1,0,E,0,0,"['imagenes_tecnocasa\\anuncio_1201\\0.jpeg', 'imagenes_tecnocasa\\anuncio_1201\\1.jpeg', 'imagenes_tecnocasa\\anuncio_1201\\2.jpeg', 'imagenes_tecnocasa\\anuncio_1201\\3.jpeg', 'imagenes_tecnocasa\\anuncio_1201\\4.jpeg', 'imagenes_tecnocasa\\anuncio_1201\\5.jpeg', 'imagenes_tecnocasa\\anuncio_1201\\6.jpeg', 'imagenes_tecnocasa\\anuncio_1201\\7.jpeg', 'imagenes_tecnocasa\\anuncio_1201\\8.jpeg', 'imagenes_tecnocasa\\anuncio_1201\\9.jpeg', 'imagenes_tecnocasa\\anuncio_1201\\10.jpeg', 'imagenes_tecnocasa\\anuncio_1201\\11.jpeg', 'imagenes_tecnocasa\\anuncio_1201\\12.jpeg', 'imagenes_tecnocasa\\anuncio_1201\\13.jpeg', 'imagenes_tecnocasa\\anuncio_1201\\14.jpeg', 'imagenes_tecnocasa\\anuncio_1201\\15.jpeg', 'imagenes_tecnocasa\\anuncio_1201\\16.jpeg', 'imagenes_tecnocasa\\anuncio_1201\\17.jpeg']",0,Media,1960,0,0,0,piso,1,Madrid,"Pueblo Nuevo, Madrid",40.4167047,-3.7035825,1201,3315.068493150685,117.0,89.0,0.125,0.4,0.0,0.0,otro,pintura,no visible,estándar (2.4-2.8m),nada,3.8,4.4,moderno,"['#A9A9A9', '#008080', '#FFFFFF']",regular,False,convencional,limitado,ninguno,ninguno,estándar,básica,ninguno,6.2,6.8,ninguna,5
https://www.tecnocasa.es/venta/piso/madrid/alcala-de-henares/613496.html,212000.0,2,64.0,1,"AGENCIA INMOBILIARIA DE ALCALA DE HENARES VENDE EXCELENTE PISO EN ZONA COLEGIO LOPE DE VEGA:

Vivienda totalmente EXTERIOR, muy luminosa en la calle Lope de Vega, cuenta con una superficie aproximada de 70 m2 distribuidos en: hall de entrada, salón amplio y luminoso con salida a una agradable terraza, 1 baño completo y 2 dormitorios.

La vivienda se encuentra reformada, tal y como se aprecia en las fotografías.

Originalmente, la vivienda contaba con 3 dormitorios.

Zona dotada de todos los servicios a su alcance, como bares, farmacias, comercios, colegios, institutos, supermercados, estación de autobuses, estación de RENFE y CENTRO COMERCIAL ALCALA MAGNA a tan solo 5 MINUTOS andando.

Venga a visitarlo sin compromiso, y recuerde que le podemos conseguir hasta el 100% de financiación con nuestro departamento financiero Kiron.",0,1,1,1,1,1,0,1,1,1,"['https://cdn-media.medialabtc.it/es/agencies/mdbie/estates/613496/images/8804795/gallery_media.jpeg', 'https://cdn-media.medialabtc.it/es/agencies/mdbie/estates/613496/images/8804804/gallery_media.jpeg', 'https://cdn-media.medialabtc.it/es/agencies/mdbie/estates/613496/images/8804789/gallery_media.jpeg', 'https://cdn-media.medialabtc.it/es/agencies/mdbie/estates/613496/images/8804806/gallery_media.jpeg', 'https://cdn-media.medialabtc.it/es/agencies/mdbie/estates/613496/images/8804807/gallery_media.jpeg', 'https://cdn-media.medialabtc.it/es/agencies/mdbie/estates/613496/images/8804788/gallery_media.jpeg', 'https://cdn-media.medialabtc.it/es/agencies/mdbie/estates/613496/images/8804784/gallery_media.jpeg', 'https://cdn-media.medialabtc.it/es/agencies/mdbie/estates/613496/images/8804785/gallery_media.jpeg', 'https://cdn-media.medialabtc.it/es/agencies/mdbie/estates/613496/images/8804792/gallery_media.jpeg', 'https://cdn-media.medialabtc.it/es/agencies/mdbie/estates/613496/images/8804790/gallery_media.jpeg', 'https://cdn-media.medialabtc.it/es/agencies/mdbie/estates/613496/images/8804787/gallery_media.jpeg', 'https://cdn-media.medialabtc.it/es/agencies/mdbie/estates/613496/images/8804791/gallery_media.jpeg', 'https://cdn-media.medialabtc.it/es/agencies/mdbie/estates/613496/images/8804797/gallery_media.jpeg', 'https://cdn-media.medialabtc.it/es/agencies/mdbie/estates/613496/images/8804803/gallery_media.jpeg', 'https://cdn-media.medialabtc.it/es/agencies/mdbie/estates/613496/images/8804794/gallery_media.jpeg', 'https://cdn-media.medialabtc.it/es/agencies/mdbie/estates/613496/images/8804793/gallery_media.jpeg', 'https://cdn-media.medialabtc.it/es/agencies/mdbie/estates/613496/images/8804786/gallery_media.jpeg', 'https://cdn-media.medialabtc.it/es/agencies/mdbie/estates/613496/images/8804805/gallery_media.jpeg', 'https://cdn-media.medialabtc.it/es/agencies/mdbie/estates/613496/images/8804796/gallery_media.jpeg', 'https://cdn-media.medialabtc.it/es/agencies/mdbie/estates/613496/images/8804802/gallery_media.jpeg']",0,Desconocido,0,0,0,1,0,F,0,0,"['imagenes_tecnocasa\\anuncio_1202\\0.jpeg', 'imagenes_tecnocasa\\anuncio_1202\\1.jpeg', 'imagenes_tecnocasa\\anuncio_1202\\2.jpeg', 'imagenes_tecnocasa\\anuncio_1202\\3.jpeg', 'imagenes_tecnocasa\\anuncio_1202\\4.jpeg', 'imagenes_tecnocasa\\anuncio_1202\\5.jpeg', 'imagenes_tecnocasa\\anuncio_1202\\6.jpeg', 'imagenes_tecnocasa\\anuncio_1202\\7.jpeg', 'imagenes_tecnocasa\\anuncio_1202\\8.jpeg', 'imagenes_tecnocasa\\anuncio_1202\\9.jpeg', 'imagenes_tecnocasa\\anuncio_1202\\10.jpeg', 'imagenes_tecnocasa\\anuncio_1202\\11.jpeg', 'imagenes_tecnocasa\\anuncio_1202\\12.jpeg', 'imagenes_tecnocasa\\anuncio_1202\\13.jpeg', 'imagenes_tecnocasa\\anuncio_1202\\14.jpeg', 'imagenes_tecnocasa\\anuncio_1202\\15.jpeg', 'imagenes_tecnocasa\\anuncio_1202\\16.jpeg', 'imagenes_tecnocasa\\anuncio_1202\\17.jpeg', 'imagenes_tecnocasa\\anuncio_1202\\18.jpeg', 'imagenes_tecnocasa\\anuncio_1202\\19.jpeg']",0,Media,1965,0,0,0,piso,3,Alcalá de Henares,"Estación, Alcalá De Henares",40.481954,-3.363981,1202,3312.5,129.0,102.0,0.0,0.0,2.0,0.0,parquet,pintura,corredera,estándar (2.4-2.8m),nada,4.6,5.0,clásico,"['#F5F5DC', '#FAEBD7', '#FFF8DC']",regular,True,convencional,normal,ninguno,ninguno,estándar,parcialmente equipada,ninguno,6.6,6.8,ninguna,5
https://www.tecnocasa.es/venta/piso/madrid/madrid/616511.html,390000.0,2,74.0,1,"TECNOCASA OFICINA ESTRECHO 2021 OFRECE EN VENTA: Vivienda en calle Panizo, cuarta planta sin ascensor, con altura de quinto, muy luminoso con orientación Sur y Oeste, dos dormitorios, vestidor de 12 m2, salón, cocina y baño, terraza de 6 m2 exterior a la calle. La vivienda cuenta con calefacción de gas natural individual, aire acondicionado en el salón y los dormitorios, totalmente reformado en 2021. Finca de 1970, tranquila y bien ubicada cercana a Bravo Murillo, Lope de Haro, Marqués de Viana y Paseo de la Dirección.
Parada Metro Estrecho - Tetuán (Línea 1) a menos de 5 minutos. Y Santiago Bernabéu (Línea 10) a menos de 15 minutos.
Cerca tiene todos los servicios como restaurantes, farmacias, colegios y centros de salud.
La vivienda se localiza en el barrio de Tetuán, cerca de Bravo Murillo, Infanta Mercedes y Sor Ángela de la Cruz.
Con muy buenas comunicaciones, parada de Autobús lineas 3, 5, 43, 49, 6, 128 y N23, metro LINEA 1, Estrecho, a menos de 5 minutos andando.
Financiación de hasta el 100% con nuestro departamento financiero, Kíron. Asesoramiento gratuito y sin compromiso, no dude en consultarnos.
30 años en el barrio, ¡Gracias por la confianza! .",1,1,1,1,1,1,0,1,1,1,"['https://cdn-media.medialabtc.it/es/agencies/md019/estates/616511/images/8873667/gallery_media.jpeg', 'https://cdn-media.medialabtc.it/es/agencies/md019/estates/616511/images/8873672/gallery_media.jpeg', 'https://cdn-media.medialabtc.it/es/agencies/md019/estates/616511/images/8873656/gallery_media.jpeg', 'https://cdn-media.medialabtc.it/es/agencies/md019/estates/616511/images/8873655/gallery_media.jpeg', 'https://cdn-media.medialabtc.it/es/agencies/md019/estates/616511/images/8873663/gallery_media.jpeg', 'https://cdn-media.medialabtc.it/es/agencies/md019/estates/616511/images/8873662/gallery_media.jpeg', 'https://cdn-media.medialabtc.it/es/agencies/md019/estates/616511/images/8873670/gallery_media.jpeg', 'https://cdn-media.medialabtc.it/es/agencies/md019/estates/616511/images/8873649/gallery_media.jpeg', 'https://cdn-media.medialabtc.it/es/agencies/md019/estates/616511/images/8873660/gallery_media.jpeg', 'https://cdn-media.medialabtc.it/es/agencies/md019/estates/616511/images/8873668/gallery_media.jpeg', 'https://cdn-media.medialabtc.it/es/agencies/md019/estates/616511/images/8873665/gallery_media.jpeg', 'https://cdn-media.medialabtc.it/es/agencies/md019/estates/616511/images/8873653/gallery_media.jpeg', 'https://cdn-media.medialabtc.it/es/agencies/md019/estates/616511/images/8873648/gallery_media.jpeg', 'https://cdn-media.medialabtc.it/es/agencies/md019/estates/616511/images/8873651/gallery_media.jpeg', 'https://cdn-media.medialabtc.it/es/agencies/md019/estates/616511/images/8873671/gallery_media.jpeg', 'https://cdn-media.medialabtc.it/es/agencies/md019/estates/616511/images/8873658/gallery_media.jpeg', 'https://cdn-media.medialabtc.it/es/agencies/md019/estates/616511/images/8873647/gallery_media.jpeg', 'https://cdn-media.medialabtc.it/es/agencies/md019/estates/616511/images/8873666/gallery_media.jpeg', 'https://cdn-media.medialabtc.it/es/agencies/md019/estates/616511/images/8873650/gallery_media.jpeg', 'https://cdn-media.medialabtc.it/es/agencies/md019/estates/616511/images/8873646/gallery_media.jpeg', 'https://cdn-media.medialabtc.it/es/agencies/md019/estates/616511/images/8873661/gallery_media.jpeg', 'https://cdn-media.medialabtc.it/es/agencies/md019/estates/616511/images/8873664/gallery_media.jpeg', 'https://cdn-media.medialabtc.it/es/agencies/md019/estates/616511/images/8873659/gallery_media.jpeg', 'https://cdn-media.medialabtc.it/es/agencies/md019/estates/616511/images/8873669/gallery_media.jpeg', 'https://cdn-media.medialabtc.it/es/agencies/md019/estates/616511/images/8873652/gallery_media.jpeg', 'https://cdn-media.medialabtc.it/es/agencies/md019/estates/616511/images/8873673/gallery_media.jpeg', 'https://cdn-media.medialabtc.it/es/agencies/md019/estates/616511/images/8873654/gallery_media.jpeg']",0,Reformado,0,0,0,1,0,Desconocida,0,0,"['imagenes_tecnocasa\\anuncio_1203\\0.jpeg', 'imagenes_tecnocasa\\anuncio_1203\\1.jpeg', 'imagenes_tecnocasa\\anuncio_1203\\2.jpeg', 'imagenes_tecnocasa\\anuncio_1203\\3.jpeg', 'imagenes_tecnocasa\\anuncio_1203\\4.jpeg', 'imagenes_tecnocasa\\anuncio_1203\\5.jpeg', 'imagenes_tecnocasa\\anuncio_1203\\6.jpeg', 'imagenes_tecnocasa\\anuncio_1203\\7.jpeg', 'imagenes_tecnocasa\\anuncio_1203\\8.jpeg', 'imagenes_tecnocasa\\anuncio_1203\\9.jpeg', 'imagenes_tecnocasa\\anuncio_1203\\10.jpeg', 'imagenes_tecnocasa\\anuncio_1203\\11.jpeg', 'imagenes_tecnocasa\\anuncio_1203\\12.jpeg', 'imagenes_tecnocasa\\anuncio_1203\\13.jpeg', 'imagenes_tecnocasa\\anuncio_1203\\14.jpeg', 'imagenes_tecnocasa\\anuncio_1203\\15.jpeg', 'imagenes_tecnocasa\\anuncio_1203\\16.jpeg', 'imagenes_tecnocasa\\anuncio_1203\\17.jpeg', 'imagenes_tecnocasa\\anuncio_1203\\18.jpeg', 'imagenes_tecnocasa\\anuncio_1203\\19.jpeg', 'imagenes_tecnocasa\\anuncio_1203\\20.jpeg', 'imagenes_tecnocasa\\anuncio_1203\\21.jpeg', 'imagenes_tecnocasa\\anuncio_1203\\22.jpeg', 'imagenes_tecnocasa\\anuncio_1203\\23.jpeg', 'imagenes_tecnocasa\\anuncio_1203\\24.jpeg', 'imagenes_tecnocasa\\anuncio_1203\\25.jpeg', 'imagenes_tecnocasa\\anuncio_1203\\26.jpeg']",0,Media,1970,1,0,0,piso,5,Berruguete,"Berruguete, Madrid",40.4602706,-3.7043452,1203,5270.27027027027,198.0,143.0,0.05,0.4,2.0,0.0,otro,pintura,corredera,estándar (2.4-2.8m),nada,4.0,4.2,convencional,"['#B22222', '#A0522D', '#8B4513']",regular,False,convencional,normal,ninguno,ninguno,estándar,básica,ninguno,6.2,6.8,ninguna,5
https://www.tecnocasa.es/venta/piso/madrid/madrid/616560.html,255000.0,3,75.0,1,"EN VENTA: Vivienda muy luminosa de 74m2 con 3 dormitorios. Cuarta planta sin ascensor,
Ideal para familias o inversión, cuenta con una distribución funcional, buena ventilación y excelente ubicación, cerca de transporte, colegios y comercios. ¡Listo para entrar a vivir o reformar a tu gusto!
A 6 minutos del metro de la Elipa (línea 2), 4 minutos del metro de Quintana (línea5) y a 5 minutos del metro de Ascao (línea 7). Zona consolidada con todos los servicios que cualquier persona pueda necesitar; supermercados, colegios, médicos, polideportivos, biblioteca etc. )
Zona consolidada con todos los servicios, comercios, supermercados, colegios, zonas verdes. Fácil acceso a M-30, A2, A3 y a 40 minutos andado del parque del retiro. Zona en auge por el soterramiento de la M-30, imitando a Madrid Rio y uniendo el barrio de Salamanca con el barrio de Ciudad Lineal y ampliación de la línea 11 de metro, la cual conectará el este de Madrid con Barajas. Dispondremos de parada de metro en el barrio de concepción a escasos minutos de la vivienda.",1,0,1,1,1,1,0,1,1,1,"['https://cdn-media.medialabtc.it/es/agencies/md037/estates/616560/images/8878851/gallery_media.jpeg', 'https://cdn-media.medialabtc.it/es/agencies/md037/estates/616560/images/8878853/gallery_media.jpeg', 'https://cdn-media.medialabtc.it/es/agencies/md037/estates/616560/images/8878852/gallery_media.jpeg', 'https://cdn-media.medialabtc.it/es/agencies/md037/estates/616560/images/8878855/gallery_media.jpeg', 'https://cdn-media.medialabtc.it/es/agencies/md037/estates/616560/images/8878856/gallery_media.jpeg', 'https://cdn-media.medialabtc.it/es/agencies/md037/estates/616560/images/8878848/gallery_media.jpeg', 'https://cdn-media.medialabtc.it/es/agencies/md037/estates/616560/images/8878854/gallery_media.jpeg', 'https://cdn-media.medialabtc.it/es/agencies/md037/estates/616560/images/8878846/gallery_media.jpeg', 'https://cdn-media.medialabtc.it/es/agencies/md037/estates/616560/images/8877881/gallery_media.jpeg', 'https://cdn-media.medialabtc.it/es/agencies/md037/estates/616560/images/8878849/gallery_media.jpeg', 'https://cdn-media.medialabtc.it/es/agencies/md037/estates/616560/images/8882728/gallery_media.jpeg', 'https://cdn-media.medialabtc.it/es/agencies/md037/estates/616560/images/8882727/gallery_media.jpeg', 'https://cdn-media.medialabtc.it/es/agencies/md037/estates/616560/images/8878850/gallery_media.jpeg']",0,Desconocido,0,0,0,0,0,D,0,0,"['imagenes_tecnocasa\\anuncio_1205\\0.jpeg', 'imagenes_tecnocasa\\anuncio_1205\\1.jpeg', 'imagenes_tecnocasa\\anuncio_1205\\2.jpeg', 'imagenes_tecnocasa\\anuncio_1205\\3.jpeg', 'imagenes_tecnocasa\\anuncio_1205\\4.jpeg', 'imagenes_tecnocasa\\anuncio_1205\\5.jpeg', 'imagenes_tecnocasa\\anuncio_1205\\6.jpeg', 'imagenes_tecnocasa\\anuncio_1205\\7.jpeg', 'imagenes_tecnocasa\\anuncio_1205\\8.jpeg', 'imagenes_tecnocasa\\anuncio_1205\\9.jpeg', 'imagenes_tecnocasa\\anuncio_1205\\10.jpeg', 'imagenes_tecnocasa\\anuncio_1205\\11.jpeg', 'imagenes_tecnocasa\\anuncio_1205\\12.jpeg']",0,Popular,1963,0,0,0,piso,1,Madrid,"Quintana, Madrid",40.4167047,-3.7035825,1205,3400.0,174.0,110.0,1.0,1.0,0.0,1.0,parquet,pintura,corredera,estándar (2.4-2.8m),nada,3.4,4.2,convencional,"['#F2F2F2', '#A0A0A0', '#808080']",regular,False,convencional,limitado,ninguno,ninguno,estándar,básica,ninguno,6.4,5.4,leve,5
https://www.tecnocasa.es/venta/piso/madrid/alcala-de-henares/617573.html,290000.0,2,83.0,2,"AGENCIA INMOBILIARIA TECNOCASA DE ALCALÁ DE HENARES - PUERTA DE MADRID, VENDE EXCELENTE VIVIENDA DE OBRA NUEVA EN LA ZONA DE LA GARENA.

La finca cuenta con portero físico, ascensor y zonas comunes como parque infantil, piscina exterior y piscina interior climatizada y gimnasio. Tiene una superficie construida de 83m2 y está distribuida en:

Hall recibidor con armarios empotrados, salón muy luminoso con terraza y cocina americana totalmente equipada, 2 dormitorios con armarios empotrados y dos baños completos con plato de ducha.
La vivienda cuenta sistema de de climatización central de gas natural.
Además, en el precio se incluye una amplia PLAZA DE GARAJE y UN TRASTERO.

No lo dude y venga a visitarlo sin compromiso.

Podemos conseguir hasta el 100% DE FINANCIACIÓN con nuestro departamento de intermediación financiera KIRON.

La zona tiene todos los servicios a su alcance, como centros de salud, colegios, institutos, supermercados, farmacias, zonas verdes, centro comercial Garena Plaza, El Corte inglés Alcalá de Henares, además de numerosos restaurantes y comercios a pie de calle.

Cuenta con un inmejorable acceso a la nacional A2, además de numerosas paradas de autobús urbano e inter urbano.",0,1,1,1,1,1,1,1,1,1,"['https://cdn-media.medialabtc.it/es/agencies/mdbid/estates/617573/images/8898242/gallery_media.jpeg', 'https://cdn-media.medialabtc.it/es/agencies/mdbid/estates/617573/images/8898223/gallery_media.jpeg', 'https://cdn-media.medialabtc.it/es/agencies/mdbid/estates/617573/images/8898200/gallery_media.jpeg', 'https://cdn-media.medialabtc.it/es/agencies/mdbid/estates/617573/images/8898241/gallery_media.jpeg', 'https://cdn-media.medialabtc.it/es/agencies/mdbid/estates/617573/images/8898201/gallery_media.jpeg', 'https://cdn-media.medialabtc.it/es/agencies/mdbid/estates/617573/images/8898198/gallery_media.jpeg', 'https://cdn-media.medialabtc.it/es/agencies/mdbid/estates/617573/images/8898226/gallery_media.jpeg', 'https://cdn-media.medialabtc.it/es/agencies/mdbid/estates/617573/images/8898231/gallery_media.jpeg', 'https://cdn-media.medialabtc.it/es/agencies/mdbid/estates/617573/images/8898240/gallery_media.jpeg', 'https://cdn-media.medialabtc.it/es/agencies/mdbid/estates/617573/images/8898239/gallery_media.jpeg', 'https://cdn-media.medialabtc.it/es/agencies/mdbid/estates/617573/images/8898228/gallery_media.jpeg', 'https://cdn-media.medialabtc.it/es/agencies/mdbid/estates/617573/images/8898222/gallery_media.jpeg', 'https://cdn-media.medialabtc.it/es/agencies/mdbid/estates/617573/images/8898225/gallery_media.jpeg', 'https://cdn-media.medialabtc.it/es/agencies/mdbid/estates/617573/images/8898236/gallery_media.jpeg', 'https://cdn-media.medialabtc.it/es/agencies/mdbid/estates/617573/images/8898227/gallery_media.jpeg', 'https://cdn-media.medialabtc.it/es/agencies/mdbid/estates/617573/images/8898245/gallery_media.jpeg', 'https://cdn-media.medialabtc.it/es/agencies/mdbid/estates/617573/images/8898244/gallery_media.jpeg', 'https://cdn-media.medialabtc.it/es/agencies/mdbid/estates/617573/images/8898233/gallery_media.jpeg', 'https://cdn-media.medialabtc.it/es/agencies/mdbid/estates/617573/images/8898234/gallery_media.jpeg', 'https://cdn-media.medialabtc.it/es/agencies/mdbid/estates/617573/images/8898224/gallery_media.jpeg', 'https://cdn-media.medialabtc.it/es/agencies/mdbid/estates/617573/images/8898235/gallery_media.jpeg', 'https://cdn-media.medialabtc.it/es/agencies/mdbid/estates/617573/images/8898199/gallery_media.jpeg', 'https://cdn-media.medialabtc.it/es/agencies/mdbid/estates/617573/images/8898230/gallery_media.jpeg', 'https://cdn-media.medialabtc.it/es/agencies/mdbid/estates/617573/images/8898232/gallery_media.jpeg', 'https://cdn-media.medialabtc.it/es/agencies/mdbid/estates/617573/images/8898196/gallery_media.jpeg', 'https://cdn-media.medialabtc.it/es/agencies/mdbid/estates/617573/images/8898238/gallery_media.jpeg', 'https://cdn-media.medialabtc.it/es/agencies/mdbid/estates/617573/images/8898197/gallery_media.jpeg', 'https://cdn-media.medialabtc.it/es/agencies/mdbid/estates/617573/images/8898237/gallery_media.jpeg']",0,Desconocido,1,1,1,1,1,B,0,0,"['imagenes_tecnocasa\\anuncio_1209\\0.jpeg', 'imagenes_tecnocasa\\anuncio_1209\\1.jpeg', 'imagenes_tecnocasa\\anuncio_1209\\2.jpeg', 'imagenes_tecnocasa\\anuncio_1209\\3.jpeg', 'imagenes_tecnocasa\\anuncio_1209\\4.jpeg', 'imagenes_tecnocasa\\anuncio_1209\\5.jpeg', 'imagenes_tecnocasa\\anuncio_1209\\6.jpeg', 'imagenes_tecnocasa\\anuncio_1209\\7.jpeg', 'imagenes_tecnocasa\\anuncio_1209\\8.jpeg', 'imagenes_tecnocasa\\anuncio_1209\\9.jpeg', 'imagenes_tecnocasa\\anuncio_1209\\10.jpeg', 'imagenes_tecnocasa\\anuncio_1209\\11.jpeg', 'imagenes_tecnocasa\\anuncio_1209\\12.jpeg', 'imagenes_tecnocasa\\anuncio_1209\\13.jpeg', 'imagenes_tecnocasa\\anuncio_1209\\14.jpeg', 'imagenes_tecnocasa\\anuncio_1209\\15.jpeg', 'imagenes_tecnocasa\\anuncio_1209\\16.jpeg', 'imagenes_tecnocasa\\anuncio_1209\\17.jpeg', 'imagenes_tecnocasa\\anuncio_1209\\18.jpeg', 'imagenes_tecnocasa\\anuncio_1209\\19.jpeg', 'imagenes_tecnocasa\\anuncio_1209\\20.jpeg', 'imagenes_tecnocasa\\anuncio_1209\\21.jpeg', 'imagenes_tecnocasa\\anuncio_1209\\22.jpeg', 'imagenes_tecnocasa\\anuncio_1209\\23.jpeg', 'imagenes_tecnocasa\\anuncio_1209\\24.jpeg', 'imagenes_tecnocasa\\anuncio_1209\\25.jpeg', 'imagenes_tecnocasa\\anuncio_1209\\26.jpeg', 'imagenes_tecnocasa\\anuncio_1209\\27.jpeg']",0,Media,2024,0,0,0,piso,2,Alcalá de Henares,"Reyes Catolicos, Alcalá De Henares",40.481954,-3.363981,1209,3493.975903614458,188.0,143.0,0.05,0.325,1.0,0.0,cerámica,pintura,corredera,estándar (2.4-2.8m),nada,4.2,5.6,moderno,"['#F2F2F2', '#D2B48C', '#FFFFFF']",buena,True,eficiente,limitado,ninguno,ninguno,estándar,básica,ninguno,7.0,5.8,ninguna,5
https://www.tecnocasa.es/venta/piso/madrid/madrid/596941.html,255000.0,2,58.0,2,"¡Descubre tu nuevo hogar en la encantadora calle San Raimundo! Este acogedor piso de 58 m2, ubicado en la segunda planta, está listo para que te mudes sin preocupaciones. Con una distribución inteligente, ofrece dos luminosos dormitorios, un salón acogedor, una cocina funcional, un baño completo y un aseo adicional. La calefacción por bomba de frío/calor garantiza tu confort durante todo el año. Además, su ubicación es inmejorable, con todos los servicios a tu alcance. No dejes pasar esta oportunidad de vivir en un piso que combina comodidad y practicidad en cada rincón. ¡Ven a visitarlo y enamórate de tu futuro hogar!",1,1,1,1,1,1,1,1,1,1,"['https://cdn-media.medialabtc.it/es/agencies/mdaie/estates/596941/images/8436536/gallery_media.jpeg', 'https://cdn-media.medialabtc.it/es/agencies/mdaie/estates/596941/images/8436533/gallery_media.jpeg', 'https://cdn-media.medialabtc.it/es/agencies/mdaie/estates/596941/images/8436549/gallery_media.jpeg', 'https://cdn-media.medialabtc.it/es/agencies/mdaie/estates/596941/images/8436537/gallery_media.jpeg', 'https://cdn-media.medialabtc.it/es/agencies/mdaie/estates/596941/images/8436550/gallery_media.jpeg', 'https://cdn-media.medialabtc.it/es/agencies/mdaie/estates/596941/images/8436543/gallery_media.jpeg', 'https://cdn-media.medialabtc.it/es/agencies/mdaie/estates/596941/images/8436541/gallery_media.jpeg', 'https://cdn-media.medialabtc.it/es/agencies/mdaie/estates/596941/images/8436545/gallery_media.jpeg', 'https://cdn-media.medialabtc.it/es/agencies/mdaie/estates/596941/images/8436540/gallery_media.jpeg', 'https://cdn-media.medialabtc.it/es/agencies/mdaie/estates/596941/images/8436528/gallery_media.jpeg', 'https://cdn-media.medialabtc.it/es/agencies/mdaie/estates/596941/images/8436539/gallery_media.jpeg', 'https://cdn-media.medialabtc.it/es/agencies/mdaie/estates/596941/images/8436553/gallery_media.jpeg', 'https://cdn-media.medialabtc.it/es/agencies/mdaie/estates/596941/images/8436535/gallery_media.jpeg', 'https://cdn-media.medialabtc.it/es/agencies/mdaie/estates/596941/images/8436531/gallery_media.jpeg', 'https://cdn-media.medialabtc.it/es/agencies/mdaie/estates/596941/images/8436547/gallery_media.jpeg', 'https://cdn-media.medialabtc.it/es/agencies/mdaie/estates/596941/images/8436538/gallery_media.jpeg', 'https://cdn-media.medialabtc.it/es/agencies/mdaie/estates/596941/images/8436551/gallery_media.jpeg', 'https://cdn-media.medialabtc.it/es/agencies/mdaie/estates/596941/images/8436554/gallery_media.jpeg', 'https://cdn-media.medialabtc.it/es/agencies/mdaie/estates/596941/images/8436548/gallery_media.jpeg', 'https://cdn-media.medialabtc.it/es/agencies/mdaie/estates/596941/images/8436534/gallery_media.jpeg', 'https://cdn-media.medialabtc.it/es/agencies/mdaie/estates/596941/images/8436532/gallery_media.jpeg', 'https://cdn-media.medialabtc.it/es/agencies/mdaie/estates/596941/images/8436542/gallery_media.jpeg', 'https://cdn-media.medialabtc.it/es/agencies/mdaie/estates/596941/images/8436530/gallery_media.jpeg', 'https://cdn-media.medialabtc.it/es/agencies/mdaie/estates/596941/images/8436529/gallery_media.jpeg', 'https://cdn-media.medialabtc.it/es/agencies/mdaie/estates/596941/images/8436546/gallery_media.jpeg', 'https://cdn-media.medialabtc.it/es/agencies/mdaie/estates/596941/images/8436544/gallery_media.jpeg', 'https://cdn-media.medialabtc.it/es/agencies/mdaie/estates/596941/images/8436552/gallery_media.jpeg']",0,Desconocido,0,0,0,0,0,E,0,0,"['imagenes_tecnocasa\\anuncio_1213\\0.jpeg', 'imagenes_tecnocasa\\anuncio_1213\\1.jpeg', 'imagenes_tecnocasa\\anuncio_1213\\2.jpeg', 'imagenes_tecnocasa\\anuncio_1213\\3.jpeg', 'imagenes_tecnocasa\\anuncio_1213\\4.jpeg', 'imagenes_tecnocasa\\anuncio_1213\\5.jpeg', 'imagenes_tecnocasa\\anuncio_1213\\6.jpeg', 'imagenes_tecnocasa\\anuncio_1213\\7.jpeg', 'imagenes_tecnocasa\\anuncio_1213\\8.jpeg', 'imagenes_tecnocasa\\anuncio_1213\\9.jpeg', 'imagenes_tecnocasa\\anuncio_1213\\10.jpeg', 'imagenes_tecnocasa\\anuncio_1213\\11.jpeg', 'imagenes_tecnocasa\\anuncio_1213\\12.jpeg', 'imagenes_tecnocasa\\anuncio_1213\\13.jpeg', 'imagenes_tecnocasa\\anuncio_1213\\14.jpeg', 'imagenes_tecnocasa\\anuncio_1213\\15.jpeg', 'imagenes_tecnocasa\\anuncio_1213\\16.jpeg', 'imagenes_tecnocasa\\anuncio_1213\\17.jpeg', 'imagenes_tecnocasa\\anuncio_1213\\18.jpeg', 'imagenes_tecnocasa\\anuncio_1213\\19.jpeg', 'imagenes_tecnocasa\\anuncio_1213\\20.jpeg', 'imagenes_tecnocasa\\anuncio_1213\\21.jpeg', 'imagenes_tecnocasa\\anuncio_1213\\22.jpeg', 'imagenes_tecnocasa\\anuncio_1213\\23.jpeg', 'imagenes_tecnocasa\\anuncio_1213\\24.jpeg', 'imagenes_tecnocasa\\anuncio_1213\\25.jpeg', 'imagenes_tecnocasa\\anuncio_1213\\26.jpeg']",0,Popular,1925,1,0,0,piso,2,Bellas Vistas,"Bellas Vistas, Madrid",40.4526848,-3.7072396,1213,4396.551724137931,102.0,83.0,0.0,0.0,1.0,0.0,parquet,pintura,corredera,estándar (2.4-2.8m),nada,4.0,5.2,moderno,"['#F2F2F2', '#D3D3D3', '#A0522D']",regular,False,convencional,limitado,ninguno,ninguno,estándar,básica,ninguno,6.6,6.8,ninguna,5
https://www.tecnocasa.es/venta/piso/madrid/madrid/613944.html,470000.0,2,93.0,1,"Agencia inmobiliaria de MADRID - zona SALAMANCA - ESTUDIO GUINDALERA - DIEGO DE LEÓN

Oficina Tecnocasa vende en exclusiva:

Vivienda situada en la calle Rafaela Bonilla, muy cerca de la Avenida de los Toreros y de la plaza de toros, En una de las zonas más cotizadas de Madrid, es una oportunidad ideal para aquellos que buscan una zona tranquila donde vivir en un piso muy agradable y silencioso con altas calidades y con todas las comodidades.

La vivienda se situa en una planta baja con vistas al jardin y consta de hall recibidor con armario empotrado, un amplio salón con zona de comedor, una cocina independiente con desayunador y totalmente equipada, dos dormitorios de muy buen tamaño con armarios empotrados. Un baño con bañera y ventana. La finca dispone de tendedero individual para cada vivienda y zona ajardinada.
La calefacción de la vivienda es centras con individualizadores.


La ubicación de esta propiedad sigue siendo su punto fuerte. Está en una de las mejores zonas de Madrid, con acceso a tiendas exclusivas, restaurantes y una amplia gama de servicios. Además, la excelente conectividad con el transporte público facilita el desplazamiento por toda la ciudad.

Los suelos de la vivienda son de tarima, la puerta blindada.

La finca dispone de ascensor, zonas comunes ajardinadasen muy buen estado de conservación y 3 porteros que garantizan la seguridad.

Disponemos de nuestro departamento financiero Kíron de consulta gratuita para nuestros clientes.",1,1,1,1,1,1,1,1,1,1,"['https://cdn-media.medialabtc.it/es/agencies/mdasa/estates/613944/images/8814179/gallery_media.jpeg', 'https://cdn-media.medialabtc.it/es/agencies/mdasa/estates/613944/images/8814168/gallery_media.jpeg', 'https://cdn-media.medialabtc.it/es/agencies/mdasa/estates/613944/images/8814153/gallery_media.jpeg', 'https://cdn-media.medialabtc.it/es/agencies/mdasa/estates/613944/images/8814164/gallery_media.jpeg', 'https://cdn-media.medialabtc.it/es/agencies/mdasa/estates/613944/images/8814165/gallery_media.jpeg', 'https://cdn-media.medialabtc.it/es/agencies/mdasa/estates/613944/images/8814121/gallery_media.jpeg', 'https://cdn-media.medialabtc.it/es/agencies/mdasa/estates/613944/images/8814180/gallery_media.jpeg', 'https://cdn-media.medialabtc.it/es/agencies/mdasa/estates/613944/images/8814170/gallery_media.jpeg', 'https://cdn-media.medialabtc.it/es/agencies/mdasa/estates/613944/images/8814120/gallery_media.jpeg', 'https://cdn-media.medialabtc.it/es/agencies/mdasa/estates/613944/images/8814172/gallery_media.jpeg', 'https://cdn-media.medialabtc.it/es/agencies/mdasa/estates/613944/images/8814178/gallery_media.jpeg', 'https://cdn-media.medialabtc.it/es/agencies/mdasa/estates/613944/images/8814177/gallery_media.jpeg', 'https://cdn-media.medialabtc.it/es/agencies/mdasa/estates/613944/images/8814174/gallery_media.jpeg', 'https://cdn-media.medialabtc.it/es/agencies/mdasa/estates/613944/images/8814169/gallery_media.jpeg', 'https://cdn-media.medialabtc.it/es/agencies/mdasa/estates/613944/images/8814163/gallery_media.jpeg', 'https://cdn-media.medialabtc.it/es/agencies/mdasa/estates/613944/images/8814162/gallery_media.jpeg', 'https://cdn-media.medialabtc.it/es/agencies/mdasa/estates/613944/images/8814181/gallery_media.jpeg', 'https://cdn-media.medialabtc.it/es/agencies/mdasa/estates/613944/images/8814175/gallery_media.jpeg', 'https://cdn-media.medialabtc.it/es/agencies/mdasa/estates/613944/images/8814176/gallery_media.jpeg', 'https://cdn-media.medialabtc.it/es/agencies/mdasa/estates/613944/images/8814171/gallery_media.jpeg', 'https://cdn-media.medialabtc.it/es/agencies/mdasa/estates/613944/images/8814173/gallery_media.jpeg', 'https://cdn-media.medialabtc.it/es/agencies/mdasa/estates/613944/images/8814167/gallery_media.jpeg', 'https://cdn-media.medialabtc.it/es/agencies/mdasa/estates/613944/images/8814166/gallery_media.jpeg', 'https://cdn-media.medialabtc.it/es/agencies/mdasa/estates/613944/images/8814119/gallery_media.jpeg', 'https://cdn-media.medialabtc.it/es/agencies/mdasa/estates/613944/images/8814118/gallery_media.jpeg']",1,Desconocido,0,0,0,0,1,E,0,1,"['imagenes_tecnocasa\\anuncio_1215\\0.jpeg', 'imagenes_tecnocasa\\anuncio_1215\\1.jpeg', 'imagenes_tecnocasa\\anuncio_1215\\2.jpeg', 'imagenes_tecnocasa\\anuncio_1215\\3.jpeg', 'imagenes_tecnocasa\\anuncio_1215\\4.jpeg', 'imagenes_tecnocasa\\anuncio_1215\\5.jpeg', 'imagenes_tecnocasa\\anuncio_1215\\6.jpeg', 'imagenes_tecnocasa\\anuncio_1215\\7.jpeg', 'imagenes_tecnocasa\\anuncio_1215\\8.jpeg', 'imagenes_tecnocasa\\anuncio_1215\\9.jpeg', 'imagenes_tecnocasa\\anuncio_1215\\10.jpeg', 'imagenes_tecnocasa\\anuncio_1215\\11.jpeg', 'imagenes_tecnocasa\\anuncio_1215\\12.jpeg', 'imagenes_tecnocasa\\anuncio_1215\\13.jpeg', 'imagenes_tecnocasa\\anuncio_1215\\14.jpeg', 'imagenes_tecnocasa\\anuncio_1215\\15.jpeg', 'imagenes_tecnocasa\\anuncio_1215\\16.jpeg', 'imagenes_tecnocasa\\anuncio_1215\\17.jpeg', 'imagenes_tecnocasa\\anuncio_1215\\18.jpeg', 'imagenes_tecnocasa\\anuncio_1215\\19.jpeg', 'imagenes_tecnocasa\\anuncio_1215\\20.jpeg', 'imagenes_tecnocasa\\anuncio_1215\\21.jpeg', 'imagenes_tecnocasa\\anuncio_1215\\22.jpeg', 'imagenes_tecnocasa\\anuncio_1215\\23.jpeg', 'imagenes_tecnocasa\\anuncio_1215\\24.jpeg']",1,Media,1960,1,0,0,piso,1,Guindalera,"Salamanca, Guindalera, Madrid",40.436356,-3.6680189,1215,5053.763440860215,237.0,151.0,0.45,0.7,1.0,1.0,otro,pintura,corredera,estándar (2.4-2.8m),nada,4.2,3.8,clásico,"['#D2B48C', '#A0522D', '#8B4513']",buena,False,convencional,normal,ninguno,ninguno,estándar,básica,ninguno,6.4,6.8,ninguna,5
https://www.tecnocasa.es/venta/casa/madrid/san-agustin-del-guadalix/611107.html,525000.0,5,292.0,3,"¡Descubre el hogar de tus sueños en San Agustín del Guadalix! Este encantador chalet adosado, situado cerca de la avenida principal, te ofrece comodidad y funcionalidad en un entorno privilegiado. A un paso del centro de salud, farmacias y comercios, este inmueble se distribuye en varias plantas para maximizar el espacio y la privacidad.

En la planta baja, encontrarás un acogedor recibidor, una cocina independiente y un amplio salón con acceso a un encantador patio exterior, perfecto para disfrutar de momentos al aire libre. Además, cuenta con un baño completo para mayor comodidad. La primera planta alberga tres dormitorios con armarios empotrados, destacando el dormitorio principal con baño en suite y una terraza acristalada que invita a relajarse mientras disfrutas de las vistas.
El sótano es un espacio versátil con varias estancias que puedes adaptar a tus necesidades: trastero, sala de juegos o incluso un gimnasio. Además, dispone de parking para dos vehículos. La urbanización cuenta con una piscina exterior ideal para refrescarse en los días calurosos.
Con 230 m² construidos, este chalet de segunda mano se encuentra en buen estado y fue construido en 1990. Equipado con calefacción gas natural y orientación sur, este, oeste, garantiza confort durante todo el año. No pierdas la oportunidad de vivir en este maravilloso hogar que combina ubicación, espacio y calidad de vida. ¡Ven a visitarlo y enamórate!",0,0,1,1,1,1,0,1,1,1,"['https://cdn-media.medialabtc.it/es/agencies/md581/estates/611107/images/8749037/gallery_media.jpeg', 'https://cdn-media.medialabtc.it/es/agencies/md581/estates/611107/images/8749042/gallery_media.jpeg', 'https://cdn-media.medialabtc.it/es/agencies/md581/estates/611107/images/8748938/gallery_media.jpeg', 'https://cdn-media.medialabtc.it/es/agencies/md581/estates/611107/images/8749043/gallery_media.jpeg', 'https://cdn-media.medialabtc.it/es/agencies/md581/estates/611107/images/8749039/gallery_media.jpeg', 'https://cdn-media.medialabtc.it/es/agencies/md581/estates/611107/images/8748937/gallery_media.jpeg', 'https://cdn-media.medialabtc.it/es/agencies/md581/estates/611107/images/8748947/gallery_media.jpeg', 'https://cdn-media.medialabtc.it/es/agencies/md581/estates/611107/images/8748940/gallery_media.jpeg', 'https://cdn-media.medialabtc.it/es/agencies/md581/estates/611107/images/8749041/gallery_media.jpeg', 'https://cdn-media.medialabtc.it/es/agencies/md581/estates/611107/images/8748943/gallery_media.jpeg', 'https://cdn-media.medialabtc.it/es/agencies/md581/estates/611107/images/8749044/gallery_media.jpeg', 'https://cdn-media.medialabtc.it/es/agencies/md581/estates/611107/images/8748946/gallery_media.jpeg', 'https://cdn-media.medialabtc.it/es/agencies/md581/estates/611107/images/8748935/gallery_media.jpeg', 'https://cdn-media.medialabtc.it/es/agencies/md581/estates/611107/images/8749036/gallery_media.jpeg', 'https://cdn-media.medialabtc.it/es/agencies/md581/estates/611107/images/8749035/gallery_media.jpeg', 'https://cdn-media.medialabtc.it/es/agencies/md581/estates/611107/images/8749034/gallery_media.jpeg', 'https://cdn-media.medialabtc.it/es/agencies/md581/estates/611107/images/8748939/gallery_media.jpeg', 'https://cdn-media.medialabtc.it/es/agencies/md581/estates/611107/images/8749040/gallery_media.jpeg', 'https://cdn-media.medialabtc.it/es/agencies/md581/estates/611107/images/8749033/gallery_media.jpeg', 'https://cdn-media.medialabtc.it/es/agencies/md581/estates/611107/images/8748936/gallery_media.jpeg', 'https://cdn-media.medialabtc.it/es/agencies/md581/estates/611107/images/8748942/gallery_media.jpeg', 'https://cdn-media.medialabtc.it/es/agencies/md581/estates/611107/images/8748944/gallery_media.jpeg', 'https://cdn-media.medialabtc.it/es/agencies/md581/estates/611107/images/8748945/gallery_media.jpeg', 'https://cdn-media.medialabtc.it/es/agencies/md581/estates/611107/images/8749038/gallery_media.jpeg', 'https://cdn-media.medialabtc.it/es/agencies/md581/estates/611107/images/8748941/gallery_media.jpeg']",0,Buen estado,1,1,1,1,0,Desconocida,1,0,"['imagenes_tecnocasa\\anuncio_1216\\0.jpeg', 'imagenes_tecnocasa\\anuncio_1216\\1.jpeg', 'imagenes_tecnocasa\\anuncio_1216\\2.jpeg', 'imagenes_tecnocasa\\anuncio_1216\\3.jpeg', 'imagenes_tecnocasa\\anuncio_1216\\4.jpeg', 'imagenes_tecnocasa\\anuncio_1216\\5.jpeg', 'imagenes_tecnocasa\\anuncio_1216\\6.jpeg', 'imagenes_tecnocasa\\anuncio_1216\\7.jpeg', 'imagenes_tecnocasa\\anuncio_1216\\8.jpeg', 'imagenes_tecnocasa\\anuncio_1216\\9.jpeg', 'imagenes_tecnocasa\\anuncio_1216\\10.jpeg', 'imagenes_tecnocasa\\anuncio_1216\\11.jpeg', 'imagenes_tecnocasa\\anuncio_1216\\12.jpeg', 'imagenes_tecnocasa\\anuncio_1216\\13.jpeg', 'imagenes_tecnocasa\\anuncio_1216\\14.jpeg', 'imagenes_tecnocasa\\anuncio_1216\\15.jpeg', 'imagenes_tecnocasa\\anuncio_1216\\16.jpeg', 'imagenes_tecnocasa\\anuncio_1216\\17.jpeg', 'imagenes_tecnocasa\\anuncio_1216\\18.jpeg', 'imagenes_tecnocasa\\anuncio_1216\\19.jpeg', 'imagenes_tecnocasa\\anuncio_1216\\20.jpeg', 'imagenes_tecnocasa\\anuncio_1216\\21.jpeg', 'imagenes_tecnocasa\\anuncio_1216\\22.jpeg', 'imagenes_tecnocasa\\anuncio_1216\\23.jpeg', 'imagenes_tecnocasa\\anuncio_1216\\24.jpeg']",0,Media,1990,1,0,0,casa,2,San Agustín del Guadalix,San Agustín Del Guadalix,40.679051,-3.6166004,1216,1797.945205479452,225.0,155.0,0.5125,0.7,1.0,1.0,parquet,pintura,corredera,estándar (2.4-2.8m),nada,5.6,5.4,moderno,"['#D2B48C', '#A0522D', '#F5F5DC']",buena,True,convencional,normal,ninguno,ninguno,estándar,básica,ninguno,7.8,7.2,ninguna,5
https://www.tecnocasa.es/venta/piso/madrid/alcala-de-henares/617023.html,140000.0,3,68.0,1,"'Agencia Inmobiliaria de Alcalá de Henares TECNOCASA Vende fantástica vivienda en Zona 'ESTACIÓN'

La vivienda se encuentra ubicada a escasos minutos de Estación de Tren, Cercanías y del Centro Comercial Alcalá MAGNA y con todos los servicios a su alrededor.

La vivienda consta de 68 metros, distribuidos en distribuidor, amplio salón, tres amplios dormitorios, todos exteriores, baño completo con bañera y ventana y cocina amueblada.

La vivienda es un TERCERO PISO SIN ASCENSOR, todas las estancias son exteriores por lo que vivienda cuenta con luz natural, la vivienda con una terraza acristlada

Y recuerde que le podemos conseguir hasta el 100% de financiación con nuestro departamento financiero KÍRON'.",0,1,1,1,1,1,1,1,1,1,"['https://cdn-media.medialabtc.it/es/agencies/mdbie/estates/617023/images/8893863/gallery_media.jpeg', 'https://cdn-media.medialabtc.it/es/agencies/mdbie/estates/617023/images/8893877/gallery_media.jpeg', 'https://cdn-media.medialabtc.it/es/agencies/mdbie/estates/617023/images/8893857/gallery_media.jpeg', 'https://cdn-media.medialabtc.it/es/agencies/mdbie/estates/617023/images/8893865/gallery_media.jpeg', 'https://cdn-media.medialabtc.it/es/agencies/mdbie/estates/617023/images/8893861/gallery_media.jpeg', 'https://cdn-media.medialabtc.it/es/agencies/mdbie/estates/617023/images/8893864/gallery_media.jpeg', 'https://cdn-media.medialabtc.it/es/agencies/mdbie/estates/617023/images/8893854/gallery_media.jpeg', 'https://cdn-media.medialabtc.it/es/agencies/mdbie/estates/617023/images/8893860/gallery_media.jpeg', 'https://cdn-media.medialabtc.it/es/agencies/mdbie/estates/617023/images/8893869/gallery_media.jpeg', 'https://cdn-media.medialabtc.it/es/agencies/mdbie/estates/617023/images/8893855/gallery_media.jpeg', 'https://cdn-media.medialabtc.it/es/agencies/mdbie/estates/617023/images/8893883/gallery_media.jpeg', 'https://cdn-media.medialabtc.it/es/agencies/mdbie/estates/617023/images/8893868/gallery_media.jpeg', 'https://cdn-media.medialabtc.it/es/agencies/mdbie/estates/617023/images/8893879/gallery_media.jpeg', 'https://cdn-media.medialabtc.it/es/agencies/mdbie/estates/617023/images/8893881/gallery_media.jpeg', 'https://cdn-media.medialabtc.it/es/agencies/mdbie/estates/617023/images/8893858/gallery_media.jpeg', 'https://cdn-media.medialabtc.it/es/agencies/mdbie/estates/617023/images/8893873/gallery_media.jpeg', 'https://cdn-media.medialabtc.it/es/agencies/mdbie/estates/617023/images/8893867/gallery_media.jpeg', 'https://cdn-media.medialabtc.it/es/agencies/mdbie/estates/617023/images/8893882/gallery_media.jpeg', 'https://cdn-media.medialabtc.it/es/agencies/mdbie/estates/617023/images/8893880/gallery_media.jpeg', 'https://cdn-media.medialabtc.it/es/agencies/mdbie/estates/617023/images/8893871/gallery_media.jpeg', 'https://cdn-media.medialabtc.it/es/agencies/mdbie/estates/617023/images/8893872/gallery_media.jpeg', 'https://cdn-media.medialabtc.it/es/agencies/mdbie/estates/617023/images/8893878/gallery_media.jpeg', 'https://cdn-media.medialabtc.it/es/agencies/mdbie/estates/617023/images/8893866/gallery_media.jpeg', 'https://cdn-media.medialabtc.it/es/agencies/mdbie/estates/617023/images/8893870/gallery_media.jpeg', 'https://cdn-media.medialabtc.it/es/agencies/mdbie/estates/617023/images/8893876/gallery_media.jpeg', 'https://cdn-media.medialabtc.it/es/agencies/mdbie/estates/617023/images/8893859/gallery_media.jpeg', 'https://cdn-media.medialabtc.it/es/agencies/mdbie/estates/617023/images/8893874/gallery_media.jpeg', 'https://cdn-media.medialabtc.it/es/agencies/mdbie/estates/617023/images/8893856/gallery_media.jpeg', 'https://cdn-media.medialabtc.it/es/agencies/mdbie/estates/617023/images/8893875/gallery_media.jpeg', 'https://cdn-media.medialabtc.it/es/agencies/mdbie/estates/617023/images/8893862/gallery_media.jpeg']",0,Desconocido,0,0,0,1,0,Desconocida,0,0,"['imagenes_tecnocasa\\anuncio_1218\\0.jpeg', 'imagenes_tecnocasa\\anuncio_1218\\1.jpeg', 'imagenes_tecnocasa\\anuncio_1218\\2.jpeg', 'imagenes_tecnocasa\\anuncio_1218\\3.jpeg', 'imagenes_tecnocasa\\anuncio_1218\\4.jpeg', 'imagenes_tecnocasa\\anuncio_1218\\5.jpeg', 'imagenes_tecnocasa\\anuncio_1218\\6.jpeg', 'imagenes_tecnocasa\\anuncio_1218\\7.jpeg', 'imagenes_tecnocasa\\anuncio_1218\\8.jpeg', 'imagenes_tecnocasa\\anuncio_1218\\9.jpeg', 'imagenes_tecnocasa\\anuncio_1218\\10.jpeg', 'imagenes_tecnocasa\\anuncio_1218\\11.jpeg', 'imagenes_tecnocasa\\anuncio_1218\\12.jpeg', 'imagenes_tecnocasa\\anuncio_1218\\13.jpeg', 'imagenes_tecnocasa\\anuncio_1218\\14.jpeg', 'imagenes_tecnocasa\\anuncio_1218\\15.jpeg', 'imagenes_tecnocasa\\anuncio_1218\\16.jpeg', 'imagenes_tecnocasa\\anuncio_1218\\17.jpeg', 'imagenes_tecnocasa\\anuncio_1218\\18.jpeg', 'imagenes_tecnocasa\\anuncio_1218\\19.jpeg', 'imagenes_tecnocasa\\anuncio_1218\\20.jpeg', 'imagenes_tecnocasa\\anuncio_1218\\21.jpeg', 'imagenes_tecnocasa\\anuncio_1218\\22.jpeg', 'imagenes_tecnocasa\\anuncio_1218\\23.jpeg', 'imagenes_tecnocasa\\anuncio_1218\\24.jpeg', 'imagenes_tecnocasa\\anuncio_1218\\25.jpeg', 'imagenes_tecnocasa\\anuncio_1218\\26.jpeg', 'imagenes_tecnocasa\\anuncio_1218\\27.jpeg', 'imagenes_tecnocasa\\anuncio_1218\\28.jpeg', 'imagenes_tecnocasa\\anuncio_1218\\29.jpeg']",0,Media,1965,0,0,0,piso,2,Alcalá de Henares,"Estación, Alcalá De Henares",40.481954,-3.363981,1218,2058.823529411765,108.0,84.0,0.1,0.4,1.0,0.0,cerámica,pintura,corredera,estándar (2.4-2.8m),nada,3.2,2.6,convencional,"['#F2E8CF', '#A0522D', '#FFFFE0']",regular,False,convencional,limitado,ninguno,ninguno,estándar,básica,ninguno,6.2,6.4,ninguna,5
https://www.tecnocasa.es/venta/casa/madrid/los-santos-de-la-humosa/616690.html,119900.0,4,119.0,1,"AGENCIA INMOBILIARIA TECNOCASA POZO DE GUADALAJARA

VENDE: CASA CON TERRAZA Y GARAJE en el municipio de LOS SANTOS DE LA HUMOSA (MADRID).

La vivienda destaca por su espectacular terraza de unos 65 m2 aproximadamente con unas vistas maravillosas.

Se distribuye de 4 amplios dormitorios, amplia cocina con comedor y baño completo.

Dispone de una amplio garaje independiente de unos 30 m2.

No pierdas esta oportunidad única de vivir en una casa de pueblo, con la espectacular terraza que tiene y unas vistas únicas de todo el municipio.

La vivienda no se encuentra registrada en el registro de la propiedad por lo cual no se puede sacar hipoteca para la compra venta.

Para más información llámenos o pase por nuestra oficina situada en PLAZA MAYOR 5 LOCAL 2 - POZO DE GUADALAJARA.",0,0,1,0,0,0,0,0,0,1,"['https://cdn-media.medialabtc.it/es/agencies/gu504/estates/616690/images/8888287/gallery_media.jpeg', 'https://cdn-media.medialabtc.it/es/agencies/gu504/estates/616690/images/8888314/gallery_media.jpeg', 'https://cdn-media.medialabtc.it/es/agencies/gu504/estates/616690/images/8888312/gallery_media.jpeg', 'https://cdn-media.medialabtc.it/es/agencies/gu504/estates/616690/images/8888294/gallery_media.jpeg', 'https://cdn-media.medialabtc.it/es/agencies/gu504/estates/616690/images/8888310/gallery_media.jpeg', 'https://cdn-media.medialabtc.it/es/agencies/gu504/estates/616690/images/8888311/gallery_media.jpeg', 'https://cdn-media.medialabtc.it/es/agencies/gu504/estates/616690/images/8888300/gallery_media.jpeg', 'https://cdn-media.medialabtc.it/es/agencies/gu504/estates/616690/images/8888308/gallery_media.jpeg', 'https://cdn-media.medialabtc.it/es/agencies/gu504/estates/616690/images/8888305/gallery_media.jpeg', 'https://cdn-media.medialabtc.it/es/agencies/gu504/estates/616690/images/8888306/gallery_media.jpeg', 'https://cdn-media.medialabtc.it/es/agencies/gu504/estates/616690/images/8888289/gallery_media.jpeg', 'https://cdn-media.medialabtc.it/es/agencies/gu504/estates/616690/images/8888295/gallery_media.jpeg', 'https://cdn-media.medialabtc.it/es/agencies/gu504/estates/616690/images/8888296/gallery_media.jpeg', 'https://cdn-media.medialabtc.it/es/agencies/gu504/estates/616690/images/8888292/gallery_media.jpeg', 'https://cdn-media.medialabtc.it/es/agencies/gu504/estates/616690/images/8888299/gallery_media.jpeg', 'https://cdn-media.medialabtc.it/es/agencies/gu504/estates/616690/images/8888315/gallery_media.jpeg', 'https://cdn-media.medialabtc.it/es/agencies/gu504/estates/616690/images/8888291/gallery_media.jpeg', 'https://cdn-media.medialabtc.it/es/agencies/gu504/estates/616690/images/8888304/gallery_media.jpeg', 'https://cdn-media.medialabtc.it/es/agencies/gu504/estates/616690/images/8888301/gallery_media.jpeg', 'https://cdn-media.medialabtc.it/es/agencies/gu504/estates/616690/images/8888298/gallery_media.jpeg', 'https://cdn-media.medialabtc.it/es/agencies/gu504/estates/616690/images/8888309/gallery_media.jpeg', 'https://cdn-media.medialabtc.it/es/agencies/gu504/estates/616690/images/8888290/gallery_media.jpeg', 'https://cdn-media.medialabtc.it/es/agencies/gu504/estates/616690/images/8888313/gallery_media.jpeg', 'https://cdn-media.medialabtc.it/es/agencies/gu504/estates/616690/images/8888303/gallery_media.jpeg', 'https://cdn-media.medialabtc.it/es/agencies/gu504/estates/616690/images/8888302/gallery_media.jpeg', 'https://cdn-media.medialabtc.it/es/agencies/gu504/estates/616690/images/8888288/gallery_media.jpeg', 'https://cdn-media.medialabtc.it/es/agencies/gu504/estates/616690/images/8888293/gallery_media.jpeg', 'https://cdn-media.medialabtc.it/es/agencies/gu504/estates/616690/images/8888297/gallery_media.jpeg', 'https://cdn-media.medialabtc.it/es/agencies/gu504/estates/616690/images/8888307/gallery_media.jpeg']",1,Desconocido,1,0,0,1,0,Desconocida,0,0,"['imagenes_tecnocasa\\anuncio_1219\\0.jpeg', 'imagenes_tecnocasa\\anuncio_1219\\1.jpeg', 'imagenes_tecnocasa\\anuncio_1219\\2.jpeg', 'imagenes_tecnocasa\\anuncio_1219\\3.jpeg', 'imagenes_tecnocasa\\anuncio_1219\\4.jpeg', 'imagenes_tecnocasa\\anuncio_1219\\5.jpeg', 'imagenes_tecnocasa\\anuncio_1219\\6.jpeg', 'imagenes_tecnocasa\\anuncio_1219\\7.jpeg', 'imagenes_tecnocasa\\anuncio_1219\\8.jpeg', 'imagenes_tecnocasa\\anuncio_1219\\9.jpeg', 'imagenes_tecnocasa\\anuncio_1219\\10.jpeg', 'imagenes_tecnocasa\\anuncio_1219\\11.jpeg', 'imagenes_tecnocasa\\anuncio_1219\\12.jpeg', 'imagenes_tecnocasa\\anuncio_1219\\13.jpeg', 'imagenes_tecnocasa\\anuncio_1219\\14.jpeg', 'imagenes_tecnocasa\\anuncio_1219\\15.jpeg', 'imagenes_tecnocasa\\anuncio_1219\\16.jpeg', 'imagenes_tecnocasa\\anuncio_1219\\17.jpeg', 'imagenes_tecnocasa\\anuncio_1219\\18.jpeg', 'imagenes_tecnocasa\\anuncio_1219\\19.jpeg', 'imagenes_tecnocasa\\anuncio_1219\\20.jpeg', 'imagenes_tecnocasa\\anuncio_1219\\21.jpeg', 'imagenes_tecnocasa\\anuncio_1219\\22.jpeg', 'imagenes_tecnocasa\\anuncio_1219\\23.jpeg', 'imagenes_tecnocasa\\anuncio_1219\\24.jpeg', 'imagenes_tecnocasa\\anuncio_1219\\25.jpeg', 'imagenes_tecnocasa\\anuncio_1219\\26.jpeg', 'imagenes_tecnocasa\\anuncio_1219\\27.jpeg', 'imagenes_tecnocasa\\anuncio_1219\\28.jpeg']",0,Media,1963,0,0,0,casa,2,Los Santos De La Humosa,Los Santos De La Humosa,40.5012957,-3.2566803,1219,1007.563025210084,131.0,98.0,0.0,0.0,1.0,1.0,cerámica,pintura,fija,estándar (2.4-2.8m),nada,2.4,1.6,clásico,"['#A7D1AB', '#D2B48C', '#FFFFFF']",regular,False,convencional,limitado,ninguno,ninguno,básico,básica,ninguno,6.6,6.0,ninguna,5
https://www.tecnocasa.es/venta/piso/madrid/alcala-de-henares/615358.html,162000.0,3,79.0,1,"Agencia inmobiliaria TECNOCASA de ALCALÁ DE HENARES - REYES CATOLICOS - NUESTRA SEÑORA DE BELEN, VENDE PISO ALQUILADO POR 800€, MUY BUENA RENTABILIDAD, IDEAL PARA INVERSORES, en la C/ SAN ASTURIO SERRANO, exterior, para entrar a vivir de 3 dormitorios, 1 baño.
El piso dispone de una superficie construida de unos 79m2. Se compone de 3 dormitorios, baño, amplio salón de dos ambientes exterior con salida a una agradable terraza, y por ultimo cocina equipada con muebles altos y bajos.
Rodeada de zonas ajardinadas, parques infantiles, supermercados y zonas deportivas.
No dudes en venir a verla porque puede ser lo que estas buscando. Además te recordamos que te ayudamos con la financiación de la vivienda gracias a nuestro departamento financiero KIRON.
Infórmese en nuestra oficina. MEJOR VERLO.",0,1,1,1,1,1,1,1,1,1,"['https://cdn-media.medialabtc.it/es/agencies/md568/estates/615358/images/8859558/gallery_media.jpeg', 'https://cdn-media.medialabtc.it/es/agencies/md568/estates/615358/images/8859553/gallery_media.jpeg', 'https://cdn-media.medialabtc.it/es/agencies/md568/estates/615358/images/8859564/gallery_media.jpeg', 'https://cdn-media.medialabtc.it/es/agencies/md568/estates/615358/images/8859551/gallery_media.jpeg', 'https://cdn-media.medialabtc.it/es/agencies/md568/estates/615358/images/8859559/gallery_media.jpeg', 'https://cdn-media.medialabtc.it/es/agencies/md568/estates/615358/images/8859556/gallery_media.jpeg', 'https://cdn-media.medialabtc.it/es/agencies/md568/estates/615358/images/8859540/gallery_media.jpeg', 'https://cdn-media.medialabtc.it/es/agencies/md568/estates/615358/images/8859561/gallery_media.jpeg', 'https://cdn-media.medialabtc.it/es/agencies/md568/estates/615358/images/8859566/gallery_media.jpeg', 'https://cdn-media.medialabtc.it/es/agencies/md568/estates/615358/images/8859557/gallery_media.jpeg', 'https://cdn-media.medialabtc.it/es/agencies/md568/estates/615358/images/8859552/gallery_media.jpeg', 'https://cdn-media.medialabtc.it/es/agencies/md568/estates/615358/images/8859563/gallery_media.jpeg', 'https://cdn-media.medialabtc.it/es/agencies/md568/estates/615358/images/8859567/gallery_media.jpeg', 'https://cdn-media.medialabtc.it/es/agencies/md568/estates/615358/images/8859560/gallery_media.jpeg', 'https://cdn-media.medialabtc.it/es/agencies/md568/estates/615358/images/8859555/gallery_media.jpeg', 'https://cdn-media.medialabtc.it/es/agencies/md568/estates/615358/images/8859554/gallery_media.jpeg', 'https://cdn-media.medialabtc.it/es/agencies/md568/estates/615358/images/8859562/gallery_media.jpeg', 'https://cdn-media.medialabtc.it/es/agencies/md568/estates/615358/images/8859565/gallery_media.jpeg', 'https://cdn-media.medialabtc.it/es/agencies/md568/estates/615358/images/8859568/gallery_media.jpeg']",0,Desconocido,0,0,0,1,0,Desconocida,1,0,"['imagenes_tecnocasa\\anuncio_1220\\0.jpeg', 'imagenes_tecnocasa\\anuncio_1220\\1.jpeg', 'imagenes_tecnocasa\\anuncio_1220\\2.jpeg', 'imagenes_tecnocasa\\anuncio_1220\\3.jpeg', 'imagenes_tecnocasa\\anuncio_1220\\4.jpeg', 'imagenes_tecnocasa\\anuncio_1220\\5.jpeg', 'imagenes_tecnocasa\\anuncio_1220\\6.jpeg', 'imagenes_tecnocasa\\anuncio_1220\\7.jpeg', 'imagenes_tecnocasa\\anuncio_1220\\8.jpeg', 'imagenes_tecnocasa\\anuncio_1220\\9.jpeg', 'imagenes_tecnocasa\\anuncio_1220\\10.jpeg', 'imagenes_tecnocasa\\anuncio_1220\\11.jpeg', 'imagenes_tecnocasa\\anuncio_1220\\12.jpeg', 'imagenes_tecnocasa\\anuncio_1220\\13.jpeg', 'imagenes_tecnocasa\\anuncio_1220\\14.jpeg', 'imagenes_tecnocasa\\anuncio_1220\\15.jpeg', 'imagenes_tecnocasa\\anuncio_1220\\16.jpeg', 'imagenes_tecnocasa\\anuncio_1220\\17.jpeg', 'imagenes_tecnocasa\\anuncio_1220\\18.jpeg']",0,De época,1972,0,0,0,piso,2,Alcalá de Henares,"Reyes Catolicos, Alcalá De Henares",40.481954,-3.363981,1220,2050.6329113924053,127.0,101.0,0.9,1.0,1.0,1.0,otro,pintura,corredera,estándar (2.4-2.8m),nada,3.2,3.0,convencional,"['#D2691E', '#8B4513', '#A0522D']",regular,False,convencional,limitado,balcón,ninguno,estándar,básica,ninguno,6.0,5.8,ninguna,5
https://www.tecnocasa.es/venta/piso/madrid/boadilla-del-monte/613009.html,315000.0,2,50.0,2,"TECNOCASA BOADILLA DEL MONTE ofrece en EXCLUSIVA esta propiedad para que usted compre con seguridad, sin otros compradores y agencias por medio. Confíe en la inmobiliaria líder en España con más de 900 puntos de venta y 30 años de experiencia.

Presentamos este duplex en el pueblo de Boadilla, de 2 dormitorios amplios, 2 cuartos de baño completos en cada dormitorio y un aseo. También cuenta con 2 PLAZAS DE GARAJE muy cómodas y amplias.

La vivienda ubicada en una situación perfecta y en una zona muy tranquila con todos los servicios andando: Colegios e Institutos Bilingües, Escuela infantil, Metro Ligero, Autobús, Centro de Salud, Centro Comercial, Ayuntamiento, Policía, Comercios, Bancos, Biblioteca y Auditorio Municipales, Parques infantiles, Escuela de idiomas, etc.. .

Zona muy bien comunicada cercana a los accesos a carreteras principales (M-40, M-50, M-501, M-513).

Vivienda distribuida de la siguiente manera:

- Planta principal: Salón con salida a balcón, cocina amplia con salida a otro balcón y aseo de cortesía.

- Planta alta: Dormitorio principal con baño en suite (bañera) y armarios empotrados.
El segundo dormitorio también cuenta con baño en suite en este caso con plato de ducha.

Por ultimo, tenemos 2 plazas de garaje de amplias dimensiones incluidas en el precio.

No dude en visitarlo y preguntar las dudas que tenga sobre el inmueble. Gestionamos cambios de vivienda, valoración inmobiliaria gratuita. Financiación 100%. Consúltenos condiciones.",0,1,1,1,1,1,0,1,1,1,"['https://cdn-media.medialabtc.it/es/agencies/mdbza/estates/613009/images/8803260/gallery_media.jpeg', 'https://cdn-media.medialabtc.it/es/agencies/mdbza/estates/613009/images/8803265/gallery_media.jpeg', 'https://cdn-media.medialabtc.it/es/agencies/mdbza/estates/613009/images/8803200/gallery_media.jpeg', 'https://cdn-media.medialabtc.it/es/agencies/mdbza/estates/613009/images/8803287/gallery_media.jpeg', 'https://cdn-media.medialabtc.it/es/agencies/mdbza/estates/613009/images/8803259/gallery_media.jpeg', 'https://cdn-media.medialabtc.it/es/agencies/mdbza/estates/613009/images/8803282/gallery_media.jpeg', 'https://cdn-media.medialabtc.it/es/agencies/mdbza/estates/613009/images/8803288/gallery_media.jpeg', 'https://cdn-media.medialabtc.it/es/agencies/mdbza/estates/613009/images/8803285/gallery_media.jpeg', 'https://cdn-media.medialabtc.it/es/agencies/mdbza/estates/613009/images/8803262/gallery_media.jpeg', 'https://cdn-media.medialabtc.it/es/agencies/mdbza/estates/613009/images/8803199/gallery_media.jpeg', 'https://cdn-media.medialabtc.it/es/agencies/mdbza/estates/613009/images/8803258/gallery_media.jpeg', 'https://cdn-media.medialabtc.it/es/agencies/mdbza/estates/613009/images/8803198/gallery_media.jpeg', 'https://cdn-media.medialabtc.it/es/agencies/mdbza/estates/613009/images/8803264/gallery_media.jpeg', 'https://cdn-media.medialabtc.it/es/agencies/mdbza/estates/613009/images/8803197/gallery_media.jpeg', 'https://cdn-media.medialabtc.it/es/agencies/mdbza/estates/613009/images/8803284/gallery_media.jpeg', 'https://cdn-media.medialabtc.it/es/agencies/mdbza/estates/613009/images/8803201/gallery_media.jpeg', 'https://cdn-media.medialabtc.it/es/agencies/mdbza/estates/613009/images/8803261/gallery_media.jpeg', 'https://cdn-media.medialabtc.it/es/agencies/mdbza/estates/613009/images/8803286/gallery_media.jpeg', 'https://cdn-media.medialabtc.it/es/agencies/mdbza/estates/613009/images/8803263/gallery_media.jpeg', 'https://cdn-media.medialabtc.it/es/agencies/mdbza/estates/613009/images/8803283/gallery_media.jpeg', 'https://cdn-media.medialabtc.it/es/agencies/mdbza/estates/613009/images/8803266/gallery_media.jpeg']",0,Desconocido,1,0,0,1,1,Desconocida,0,0,"['imagenes_tecnocasa\\anuncio_1222\\0.jpeg', 'imagenes_tecnocasa\\anuncio_1222\\1.jpeg', 'imagenes_tecnocasa\\anuncio_1222\\2.jpeg', 'imagenes_tecnocasa\\anuncio_1222\\3.jpeg', 'imagenes_tecnocasa\\anuncio_1222\\4.jpeg', 'imagenes_tecnocasa\\anuncio_1222\\5.jpeg', 'imagenes_tecnocasa\\anuncio_1222\\6.jpeg', 'imagenes_tecnocasa\\anuncio_1222\\7.jpeg', 'imagenes_tecnocasa\\anuncio_1222\\8.jpeg', 'imagenes_tecnocasa\\anuncio_1222\\9.jpeg', 'imagenes_tecnocasa\\anuncio_1222\\10.jpeg', 'imagenes_tecnocasa\\anuncio_1222\\11.jpeg', 'imagenes_tecnocasa\\anuncio_1222\\12.jpeg', 'imagenes_tecnocasa\\anuncio_1222\\13.jpeg', 'imagenes_tecnocasa\\anuncio_1222\\14.jpeg', 'imagenes_tecnocasa\\anuncio_1222\\15.jpeg', 'imagenes_tecnocasa\\anuncio_1222\\16.jpeg', 'imagenes_tecnocasa\\anuncio_1222\\17.jpeg', 'imagenes_tecnocasa\\anuncio_1222\\18.jpeg', 'imagenes_tecnocasa\\anuncio_1222\\19.jpeg', 'imagenes_tecnocasa\\anuncio_1222\\20.jpeg']",0,Popular,1993,0,0,1,piso,3,Boadilla del Monte,Boadilla Del Monte,40.4053485,-3.8764663,1222,6300.0,229.0,163.0,0.0,0.0,1.0,0.0,otro,pintura,corredera,estándar (2.4-2.8m),nada,3.0,4.0,convencional,"['#D2B48C', '#FFFFFF', '#A0522D']",regular,False,convencional,limitado,balcón,ninguno,estándar,básica,ninguno,5.8,6.4,ninguna,5
https://www.tecnocasa.es/venta/piso/madrid/madrid/543659.html,430000.0,3,76.0,1,"Agencia inmobiliaria de MADRID zona MARROQUINA - VINATEROS – MORATALAZ TECNOCASA con más de 25 años de experiencia en España,

VENDE:

Exclusiva y espectacular vivienda ubicada en una PRIMERA PLANTA con ascensor de un edificio de diez alturas más la planta baja en una de las mejores zonas de Moratalaz, en la principal Calle Camino de los Vinateros. La vivienda tiene orientación Norte - Este. Se distribuye en hall, cocina, salón con terraza exterior, pasillo distribuidor, cuenta con 3 habitaciones y un cuarto de baño. Además cuenta con la posibilidad de alquiler/compra de plaza de garaje justo bajo del edificio.

Estas son algunas de las características del inmueble:
- Primera planta con ascensor de un edificio de diez alturas.
- El estado de la vivienda se encuentra para reformar.
- La orientación de la vivienda es Norte – Este, siendo norte el salón y la terraza, los cuales dan a Camino de los Vinateros, y Este las tres habitaciones.
- Amplio salón comedor con terraza exterior.
- Las ventanas de la vivienda son de aluminio con doble ventana.
- Calefacción centralizada.
- Suelo de parquet en el salón, tarima en pasillo distribuidor y las 3 habitaciones, y baldosa en el baño y cocina.
- La vivienda cuenta con la posibilidad plaza de garaje con acceso DIRECTO al portal.
- El edificio cuenta con ascensor y portero físico.
- Ubicado en la calle principal Camino de los Vinateros, a 200m del metro de Estrella y al lado del metro de Vinateros.
Se encuentra en una ubicación inmejorable, a 200m del metro de estrella. La finca se encuentra cerca de todos los servicios, como supermercados (Alcampo, Ahorramas, Mercadona, etc…), centro comercial, bancos, comercios, colegios, guarderías e Institutos, biblioteca pública, parques y jardines. La vivienda se encuentra muy cerca del metro de Estrella, y muy próximo al metro de vinateros y de las líneas de autobuses 8, 20, 30, 32, 71, 100 y N8. La línea 20 de autobús, en unos 10-12 minutos nos deja en pleno PARQUE DEL RETIRO y en 20-25 aproximadamente en la misma PUERTA DEL SOL. Este es uno de los muchos motivos que la gente valora muy positivamente del barrio de Moratalaz.

El distrito de Moratalaz es un barrio residencial de los más seguro y pacífico de todo Madrid. Destacado por sus amplias avenidas y los numerosos metros destinados a zonas verdes. Y ubicado entre la M-30 y la M-40 a tan solo 2 3 kilómetros del Retiro.

Moratalaz posee facilidad de aparcamiento en el barrio. No tiene zona azul, ni zona verde. El barrio cuenta con plazas de Aparcamiento para Residentes (PLAZAS P. A. R.), de uso exclusivo para personas empadronadas en el barrio, las cuales pueden ser adquiridas su cesión por un número de años por un importe fijado por el Ayuntamiento.

POR TODAS ESTAS RAZONES LAS PERSONAS ELIGEN EL BARRIO DE MORATALAZ Y MÁS CONCRETAMENTE LA ZONA DE VINATEROS PARA COMPRAR SU VIVIENDA.",1,1,1,1,1,1,0,1,1,1,"['https://cdn-media.medialabtc.it/es/agencies/md032/estates/543659/images/8888502/gallery_media.jpeg', 'https://cdn-media.medialabtc.it/es/agencies/md032/estates/543659/images/8888503/gallery_media.jpeg', 'https://cdn-media.medialabtc.it/es/agencies/md032/estates/543659/images/8888504/gallery_media.jpeg', 'https://cdn-media.medialabtc.it/es/agencies/md032/estates/543659/images/8888511/gallery_media.jpeg', 'https://cdn-media.medialabtc.it/es/agencies/md032/estates/543659/images/8888515/gallery_media.jpeg', 'https://cdn-media.medialabtc.it/es/agencies/md032/estates/543659/images/8888501/gallery_media.jpeg', 'https://cdn-media.medialabtc.it/es/agencies/md032/estates/543659/images/8888517/gallery_media.jpeg', 'https://cdn-media.medialabtc.it/es/agencies/md032/estates/543659/images/8888507/gallery_media.jpeg', 'https://cdn-media.medialabtc.it/es/agencies/md032/estates/543659/images/8888510/gallery_media.jpeg', 'https://cdn-media.medialabtc.it/es/agencies/md032/estates/543659/images/8888506/gallery_media.jpeg', 'https://cdn-media.medialabtc.it/es/agencies/md032/estates/543659/images/8888509/gallery_media.jpeg', 'https://cdn-media.medialabtc.it/es/agencies/md032/estates/543659/images/8888512/gallery_media.jpeg', 'https://cdn-media.medialabtc.it/es/agencies/md032/estates/543659/images/8888514/gallery_media.jpeg', 'https://cdn-media.medialabtc.it/es/agencies/md032/estates/543659/images/8888505/gallery_media.jpeg', 'https://cdn-media.medialabtc.it/es/agencies/md032/estates/543659/images/8888508/gallery_media.jpeg', 'https://cdn-media.medialabtc.it/es/agencies/md032/estates/543659/images/8888513/gallery_media.jpeg', 'https://cdn-media.medialabtc.it/es/agencies/md032/estates/543659/images/8888516/gallery_media.jpeg']",0,Desconocido,1,0,0,1,1,G,0,0,"['imagenes_tecnocasa\\anuncio_1223\\0.jpeg', 'imagenes_tecnocasa\\anuncio_1223\\1.jpeg', 'imagenes_tecnocasa\\anuncio_1223\\2.jpeg', 'imagenes_tecnocasa\\anuncio_1223\\3.jpeg', 'imagenes_tecnocasa\\anuncio_1223\\4.jpeg', 'imagenes_tecnocasa\\anuncio_1223\\5.jpeg', 'imagenes_tecnocasa\\anuncio_1223\\6.jpeg', 'imagenes_tecnocasa\\anuncio_1223\\7.jpeg', 'imagenes_tecnocasa\\anuncio_1223\\8.jpeg', 'imagenes_tecnocasa\\anuncio_1223\\9.jpeg', 'imagenes_tecnocasa\\anuncio_1223\\10.jpeg', 'imagenes_tecnocasa\\anuncio_1223\\11.jpeg', 'imagenes_tecnocasa\\anuncio_1223\\12.jpeg', 'imagenes_tecnocasa\\anuncio_1223\\13.jpeg', 'imagenes_tecnocasa\\anuncio_1223\\14.jpeg', 'imagenes_tecnocasa\\anuncio_1223\\15.jpeg', 'imagenes_tecnocasa\\anuncio_1223\\16.jpeg']",0,Popular,1969,1,0,1,piso,2,Madrid,Madrid,40.4167047,-3.7035825,1223,5657.894736842105,488.0,266.0,0.0,0.0,2.0,0.0,cerámica,pintura,corredera,estándar (2.4-2.8m),nada,5.2,6.4,moderno,"['#F5F5DC', '#DEB887', '#FFF8DC']",buena,False,convencional,normal,ninguno,ninguno,estándar,básica,ninguno,6.8,6.2,ninguna,5
https://www.tecnocasa.es/venta/piso/madrid/madrid/612514.html,389000.0,2,44.0,1,"Descubre esta encantadora propiedad en el corazón del municipio de Madrid, ideal para quienes buscan comodidad y funcionalidad. Este acogedor piso de 44 m² ofrece dos dormitorios bien distribuidos, perfectos para una pareja o una pequeña familia. El baño, moderno y práctico, complementa el espacio de manera eficiente. Ubicado en un edificio con ascensor, construido en 1930, este hogar combina el encanto de la arquitectura clásica con las comodidades actuales. La ubicación es inmejorable, con fácil acceso a servicios, transporte público, tiendas y restaurantes, lo que facilita el día a día en la vibrante ciudad de Madrid. Este piso es una excelente oportunidad para quienes desean vivir en una zona céntrica sin renunciar a la tranquilidad. No pierdas la oportunidad de visitar esta propiedad que puede convertirse en tu próximo hogar. Contáctanos para más información y para agendar una visita.",1,1,1,1,1,1,1,1,1,1,"['https://cdn-media.medialabtc.it/es/agencies/mdaed/estates/612514/images/8787145/gallery_media.jpeg', 'https://cdn-media.medialabtc.it/es/agencies/mdaed/estates/612514/images/8787144/gallery_media.jpeg', 'https://cdn-media.medialabtc.it/es/agencies/mdaed/estates/612514/images/8787075/gallery_media.jpeg', 'https://cdn-media.medialabtc.it/es/agencies/mdaed/estates/612514/images/8787142/gallery_media.jpeg', 'https://cdn-media.medialabtc.it/es/agencies/mdaed/estates/612514/images/8787077/gallery_media.jpeg', 'https://cdn-media.medialabtc.it/es/agencies/mdaed/estates/612514/images/8787080/gallery_media.jpeg', 'https://cdn-media.medialabtc.it/es/agencies/mdaed/estates/612514/images/8787147/gallery_media.jpeg', 'https://cdn-media.medialabtc.it/es/agencies/mdaed/estates/612514/images/8787149/gallery_media.jpeg', 'https://cdn-media.medialabtc.it/es/agencies/mdaed/estates/612514/images/8787154/gallery_media.jpeg', 'https://cdn-media.medialabtc.it/es/agencies/mdaed/estates/612514/images/8787150/gallery_media.jpeg', 'https://cdn-media.medialabtc.it/es/agencies/mdaed/estates/612514/images/8787152/gallery_media.jpeg', 'https://cdn-media.medialabtc.it/es/agencies/mdaed/estates/612514/images/8787156/gallery_media.jpeg', 'https://cdn-media.medialabtc.it/es/agencies/mdaed/estates/612514/images/8787148/gallery_media.jpeg', 'https://cdn-media.medialabtc.it/es/agencies/mdaed/estates/612514/images/8787074/gallery_media.jpeg', 'https://cdn-media.medialabtc.it/es/agencies/mdaed/estates/612514/images/8787155/gallery_media.jpeg', 'https://cdn-media.medialabtc.it/es/agencies/mdaed/estates/612514/images/8787079/gallery_media.jpeg', 'https://cdn-media.medialabtc.it/es/agencies/mdaed/estates/612514/images/8787078/gallery_media.jpeg', 'https://cdn-media.medialabtc.it/es/agencies/mdaed/estates/612514/images/8787151/gallery_media.jpeg', 'https://cdn-media.medialabtc.it/es/agencies/mdaed/estates/612514/images/8787081/gallery_media.jpeg', 'https://cdn-media.medialabtc.it/es/agencies/mdaed/estates/612514/images/8787143/gallery_media.jpeg', 'https://cdn-media.medialabtc.it/es/agencies/mdaed/estates/612514/images/8787153/gallery_media.jpeg', 'https://cdn-media.medialabtc.it/es/agencies/mdaed/estates/612514/images/8787076/gallery_media.jpeg', 'https://cdn-media.medialabtc.it/es/agencies/mdaed/estates/612514/images/8787146/gallery_media.jpeg']",0,Desconocido,0,0,0,0,0,F,0,0,"['imagenes_tecnocasa\\anuncio_1226\\0.jpeg', 'imagenes_tecnocasa\\anuncio_1226\\1.jpeg', 'imagenes_tecnocasa\\anuncio_1226\\2.jpeg', 'imagenes_tecnocasa\\anuncio_1226\\3.jpeg', 'imagenes_tecnocasa\\anuncio_1226\\4.jpeg', 'imagenes_tecnocasa\\anuncio_1226\\5.jpeg', 'imagenes_tecnocasa\\anuncio_1226\\6.jpeg', 'imagenes_tecnocasa\\anuncio_1226\\7.jpeg', 'imagenes_tecnocasa\\anuncio_1226\\8.jpeg', 'imagenes_tecnocasa\\anuncio_1226\\9.jpeg', 'imagenes_tecnocasa\\anuncio_1226\\10.jpeg', 'imagenes_tecnocasa\\anuncio_1226\\11.jpeg', 'imagenes_tecnocasa\\anuncio_1226\\12.jpeg', 'imagenes_tecnocasa\\anuncio_1226\\13.jpeg', 'imagenes_tecnocasa\\anuncio_1226\\14.jpeg', 'imagenes_tecnocasa\\anuncio_1226\\15.jpeg', 'imagenes_tecnocasa\\anuncio_1226\\16.jpeg', 'imagenes_tecnocasa\\anuncio_1226\\17.jpeg', 'imagenes_tecnocasa\\anuncio_1226\\18.jpeg', 'imagenes_tecnocasa\\anuncio_1226\\19.jpeg', 'imagenes_tecnocasa\\anuncio_1226\\20.jpeg', 'imagenes_tecnocasa\\anuncio_1226\\21.jpeg', 'imagenes_tecnocasa\\anuncio_1226\\22.jpeg']",0,Media,1930,1,0,1,piso,6,Lista,"Lista, Madrid",40.4326938,-3.6745087,1226,8840.90909090909,140.0,100.0,0.9,1.0,1.0,1.0,otro,pintura,abatible,estándar (2.4-2.8m),nada,3.4,3.2,convencional,"['#D32F2F', '#FFFFFF', '#A1887F']",regular,False,convencional,limitado,ninguno,ninguno,estándar,básica,ninguno,6.6,6.4,ninguna,5
https://www.tecnocasa.es/venta/piso/madrid/san-martin-de-la-vega/599840.html,205000.0,3,103.0,2,"TECNOCASA SAN MARTIN DE LA VEGA- Vende vivienda en exclusiva, a tan solo excasos minutos del pasillo verde, en urbanización cerrada, cercano a comercios, colegios, restaurantes, farmacias..
La vivienda es una planta baja, salón amplio, cocina amueblada con tendedero, dispone de tres amplios dormitorios con armarios empotrados, uno de ellos baño en suite y otro baño también con bañera.
La vivienda dispone de plaza de garaje y trastero.
PARA LA REALIZACIÓN DE VISITAS ES IMPRESCINDIBLE EL ESTUDIO DE VIABILIDAD, PARA EN CASO DE COMPRA GARANTIZAR LA OPERACIÓN.",0,0,1,1,1,1,0,1,1,1,"['https://cdn-media.medialabtc.it/es/agencies/md559/estates/599840/images/8498635/gallery_media.jpeg', 'https://cdn-media.medialabtc.it/es/agencies/md559/estates/599840/images/8498566/gallery_media.jpeg', 'https://cdn-media.medialabtc.it/es/agencies/md559/estates/599840/images/8498657/gallery_media.jpeg', 'https://cdn-media.medialabtc.it/es/agencies/md559/estates/599840/images/8498660/gallery_media.jpeg', 'https://cdn-media.medialabtc.it/es/agencies/md559/estates/599840/images/8498627/gallery_media.jpeg', 'https://cdn-media.medialabtc.it/es/agencies/md559/estates/599840/images/8498661/gallery_media.jpeg', 'https://cdn-media.medialabtc.it/es/agencies/md559/estates/599840/images/8498662/gallery_media.jpeg', 'https://cdn-media.medialabtc.it/es/agencies/md559/estates/599840/images/8498628/gallery_media.jpeg', 'https://cdn-media.medialabtc.it/es/agencies/md559/estates/599840/images/8498572/gallery_media.jpeg', 'https://cdn-media.medialabtc.it/es/agencies/md559/estates/599840/images/8498636/gallery_media.jpeg', 'https://cdn-media.medialabtc.it/es/agencies/md559/estates/599840/images/8498664/gallery_media.jpeg', 'https://cdn-media.medialabtc.it/es/agencies/md559/estates/599840/images/8498567/gallery_media.jpeg', 'https://cdn-media.medialabtc.it/es/agencies/md559/estates/599840/images/8498655/gallery_media.jpeg', 'https://cdn-media.medialabtc.it/es/agencies/md559/estates/599840/images/8498569/gallery_media.jpeg', 'https://cdn-media.medialabtc.it/es/agencies/md559/estates/599840/images/8498632/gallery_media.jpeg', 'https://cdn-media.medialabtc.it/es/agencies/md559/estates/599840/images/8498634/gallery_media.jpeg', 'https://cdn-media.medialabtc.it/es/agencies/md559/estates/599840/images/8498630/gallery_media.jpeg', 'https://cdn-media.medialabtc.it/es/agencies/md559/estates/599840/images/8498653/gallery_media.jpeg', 'https://cdn-media.medialabtc.it/es/agencies/md559/estates/599840/images/8498571/gallery_media.jpeg', 'https://cdn-media.medialabtc.it/es/agencies/md559/estates/599840/images/8498656/gallery_media.jpeg', 'https://cdn-media.medialabtc.it/es/agencies/md559/estates/599840/images/8498629/gallery_media.jpeg', 'https://cdn-media.medialabtc.it/es/agencies/md559/estates/599840/images/8498631/gallery_media.jpeg', 'https://cdn-media.medialabtc.it/es/agencies/md559/estates/599840/images/8498633/gallery_media.jpeg', 'https://cdn-media.medialabtc.it/es/agencies/md559/estates/599840/images/8498654/gallery_media.jpeg', 'https://cdn-media.medialabtc.it/es/agencies/md559/estates/599840/images/8498570/gallery_media.jpeg', 'https://cdn-media.medialabtc.it/es/agencies/md559/estates/599840/images/8498568/gallery_media.jpeg', 'https://cdn-media.medialabtc.it/es/agencies/md559/estates/599840/images/8498663/gallery_media.jpeg', 'https://cdn-media.medialabtc.it/es/agencies/md559/estates/599840/images/8498659/gallery_media.jpeg', 'https://cdn-media.medialabtc.it/es/agencies/md559/estates/599840/images/8498658/gallery_media.jpeg']",0,Desconocido,1,1,0,0,0,E,0,0,"['imagenes_tecnocasa\\anuncio_1228\\0.jpeg', 'imagenes_tecnocasa\\anuncio_1228\\1.jpeg', 'imagenes_tecnocasa\\anuncio_1228\\2.jpeg', 'imagenes_tecnocasa\\anuncio_1228\\3.jpeg', 'imagenes_tecnocasa\\anuncio_1228\\4.jpeg', 'imagenes_tecnocasa\\anuncio_1228\\5.jpeg', 'imagenes_tecnocasa\\anuncio_1228\\6.jpeg', 'imagenes_tecnocasa\\anuncio_1228\\7.jpeg', 'imagenes_tecnocasa\\anuncio_1228\\8.jpeg', 'imagenes_tecnocasa\\anuncio_1228\\9.jpeg', 'imagenes_tecnocasa\\anuncio_1228\\10.jpeg', 'imagenes_tecnocasa\\anuncio_1228\\11.jpeg', 'imagenes_tecnocasa\\anuncio_1228\\12.jpeg', 'imagenes_tecnocasa\\anuncio_1228\\13.jpeg', 'imagenes_tecnocasa\\anuncio_1228\\14.jpeg', 'imagenes_tecnocasa\\anuncio_1228\\15.jpeg', 'imagenes_tecnocasa\\anuncio_1228\\16.jpeg', 'imagenes_tecnocasa\\anuncio_1228\\17.jpeg', 'imagenes_tecnocasa\\anuncio_1228\\18.jpeg', 'imagenes_tecnocasa\\anuncio_1228\\19.jpeg', 'imagenes_tecnocasa\\anuncio_1228\\20.jpeg', 'imagenes_tecnocasa\\anuncio_1228\\21.jpeg', 'imagenes_tecnocasa\\anuncio_1228\\22.jpeg', 'imagenes_tecnocasa\\anuncio_1228\\23.jpeg', 'imagenes_tecnocasa\\anuncio_1228\\24.jpeg', 'imagenes_tecnocasa\\anuncio_1228\\25.jpeg', 'imagenes_tecnocasa\\anuncio_1228\\26.jpeg', 'imagenes_tecnocasa\\anuncio_1228\\27.jpeg', 'imagenes_tecnocasa\\anuncio_1228\\28.jpeg']",1,Popular,1994,1,0,0,piso,2,San Martín de la Vega,San Martín De La Vega,40.2110462,-3.5771806,1228,1990.2912621359224,87.0,67.0,0.0,0.0,1.0,0.0,cerámica,pintura,ninguna,estándar (2.4-2.8m),nada,2.4,2.8,convencional,"['#FFFFFF', '#000000', '#D3D3D3']",regular,False,convencional,limitado,ninguno,ninguno,básico,básica,ninguno,5.0,5.2,ninguna,5
https://www.tecnocasa.es/venta/casa/madrid/villaviciosa-de-odon/611827.html,850000.0,7,355.0,5,"TECNOCASA VILLAVICIOSA DE ODON Vende en exclusiva para que usted compre con seguridad y tranquilidad, sin otros compradores y agencias por medio. Confíe en la inmobiliaria líder en España con más de 900 puntos de venta. Agencia Inmobiliaria inscrita en el RAIN de la Comunidad de Madrid. N° 000134/18.
Chalet Independiente en la Urbanizacion Campodon.
Hall amplio de entrada que comunica un garaje en planta para dos coches amplios, un cuarto de baño con ducha, una amplia y luminosa cocina, Salón-Comedor amplio con chimenea y una salida directa al Jardin.
La segunda planta se encuentra un amplio dormitorio principal con baño en suite y armarios empotrados, un dormitorio doble con salida a una terraza, cuatro dormitorios dobles a los que dan servicio tres cuartos de baño y una escalera para subir a la azotea del chalet, la cual tiene vistas a todo Villaviciosa de Odon.
La zona de jardin cuenta con 1.300m de parcela en la que se ubica la vivienda y la piscina.
La vivienda tiene placas solares, estudidadas para el autoconsumo.
LA VIVIENDA REQUIERE UNA REFORMA INTEGRAL PERO SEGUN LAS CARACTERISTICAS CONSTRUCTIVAS DA PIE A DEJAR UN CHALET DE DISEÑO MODERNO Y COMODO.
¿CANSADO DE PAGAR ALQUILER?
ASESORAMIENTO HIPOTECARIO GRATUITO 100% FINANCIACIÓN!",0,0,1,0,0,0,0,0,0,0,"['https://cdn-media.medialabtc.it/es/agencies/mdbzb/estates/611827/images/8853456/gallery_media.jpeg', 'https://cdn-media.medialabtc.it/es/agencies/mdbzb/estates/611827/images/8853484/gallery_media.jpeg', 'https://cdn-media.medialabtc.it/es/agencies/mdbzb/estates/611827/images/8853461/gallery_media.jpeg', 'https://cdn-media.medialabtc.it/es/agencies/mdbzb/estates/611827/images/8853482/gallery_media.jpeg', 'https://cdn-media.medialabtc.it/es/agencies/mdbzb/estates/611827/images/8889768/gallery_media.jpeg', 'https://cdn-media.medialabtc.it/es/agencies/mdbzb/estates/611827/images/8853459/gallery_media.jpeg', 'https://cdn-media.medialabtc.it/es/agencies/mdbzb/estates/611827/images/8853483/gallery_media.jpeg', 'https://cdn-media.medialabtc.it/es/agencies/mdbzb/estates/611827/images/8853485/gallery_media.jpeg', 'https://cdn-media.medialabtc.it/es/agencies/mdbzb/estates/611827/images/8853460/gallery_media.jpeg', 'https://cdn-media.medialabtc.it/es/agencies/mdbzb/estates/611827/images/8853458/gallery_media.jpeg', 'https://cdn-media.medialabtc.it/es/agencies/mdbzb/estates/611827/images/8889769/gallery_media.jpeg', 'https://cdn-media.medialabtc.it/es/agencies/mdbzb/estates/611827/images/8853457/gallery_media.jpeg']",1,Desconocido,1,0,1,1,1,Desconocida,0,0,"['imagenes_tecnocasa\\anuncio_1230\\0.jpeg', 'imagenes_tecnocasa\\anuncio_1230\\1.jpeg', 'imagenes_tecnocasa\\anuncio_1230\\2.jpeg', 'imagenes_tecnocasa\\anuncio_1230\\3.jpeg', 'imagenes_tecnocasa\\anuncio_1230\\4.jpeg', 'imagenes_tecnocasa\\anuncio_1230\\5.jpeg', 'imagenes_tecnocasa\\anuncio_1230\\6.jpeg', 'imagenes_tecnocasa\\anuncio_1230\\7.jpeg', 'imagenes_tecnocasa\\anuncio_1230\\8.jpeg', 'imagenes_tecnocasa\\anuncio_1230\\9.jpeg', 'imagenes_tecnocasa\\anuncio_1230\\10.jpeg', 'imagenes_tecnocasa\\anuncio_1230\\11.jpeg']",1,Popular,1970,1,0,0,casa,2,Villaviciosa de Odón,Villaviciosa De Odón,40.3573787,-3.9002334,1230,2394.3661971830984,204.0,139.0,0.0,0.0,2.0,0.0,otro,otro,otro,otro,nada,1.6,1.6,otro,"['#D2B48C', '#A0522D', '#8B4513']",otro,False,otro,otro,otro,ninguno,otro,otro,ninguno,5.8,6.6,ninguna,5
https://www.tecnocasa.es/venta/piso/madrid/mostoles/616373.html,202000.0,3,81.0,1,"Agencia inmobiliaria de MOSTOLES, zona VILLAFONTANA I, Tecnocasa Estudio Móstoles 1SL
EN VENTA: piso en la zona de SIMON HERNADEZ-CARLOS V-VILLAFONTANA I. compuesto de entrada, salón, 3 dormitorios, cocina ,un baño. Finca con ascensor. TERRAZA ABIERTA.
Zona con todos los servicios cercanos, como líneas de autobús urbanas e interurbanas prácticamente en la misma puerta, además de colegios, centro de salud, hospital, comercios y supermercados. Buena orientación con vistas. NECESITA MEJORAS.
RECUERDA, la posibilidad de conseguir hasta el 100% de financiación con nuestro departamento financiero KÍRON ¡ no tendrás que preocuparte por nada! ¡Ven a visitarlo!",1,1,1,1,1,1,1,1,1,1,"['https://cdn-media.medialabtc.it/es/agencies/mdbm2/estates/616373/images/8881458/gallery_media.jpeg', 'https://cdn-media.medialabtc.it/es/agencies/mdbm2/estates/616373/images/8885902/gallery_media.jpeg', 'https://cdn-media.medialabtc.it/es/agencies/mdbm2/estates/616373/images/8881542/gallery_media.jpeg', 'https://cdn-media.medialabtc.it/es/agencies/mdbm2/estates/616373/images/8881546/gallery_media.jpeg', 'https://cdn-media.medialabtc.it/es/agencies/mdbm2/estates/616373/images/8885817/gallery_media.jpeg', 'https://cdn-media.medialabtc.it/es/agencies/mdbm2/estates/616373/images/8885903/gallery_media.jpeg', 'https://cdn-media.medialabtc.it/es/agencies/mdbm2/estates/616373/images/8885821/gallery_media.jpeg', 'https://cdn-media.medialabtc.it/es/agencies/mdbm2/estates/616373/images/8885818/gallery_media.jpeg', 'https://cdn-media.medialabtc.it/es/agencies/mdbm2/estates/616373/images/8885972/gallery_media.jpeg', 'https://cdn-media.medialabtc.it/es/agencies/mdbm2/estates/616373/images/8885898/gallery_media.jpeg', 'https://cdn-media.medialabtc.it/es/agencies/mdbm2/estates/616373/images/8881543/gallery_media.jpeg', 'https://cdn-media.medialabtc.it/es/agencies/mdbm2/estates/616373/images/8885974/gallery_media.jpeg', 'https://cdn-media.medialabtc.it/es/agencies/mdbm2/estates/616373/images/8885816/gallery_media.jpeg', 'https://cdn-media.medialabtc.it/es/agencies/mdbm2/estates/616373/images/8881460/gallery_media.jpeg', 'https://cdn-media.medialabtc.it/es/agencies/mdbm2/estates/616373/images/8881544/gallery_media.jpeg', 'https://cdn-media.medialabtc.it/es/agencies/mdbm2/estates/616373/images/8885906/gallery_media.jpeg', 'https://cdn-media.medialabtc.it/es/agencies/mdbm2/estates/616373/images/8885973/gallery_media.jpeg', 'https://cdn-media.medialabtc.it/es/agencies/mdbm2/estates/616373/images/8885976/gallery_media.jpeg', 'https://cdn-media.medialabtc.it/es/agencies/mdbm2/estates/616373/images/8881461/gallery_media.jpeg', 'https://cdn-media.medialabtc.it/es/agencies/mdbm2/estates/616373/images/8881545/gallery_media.jpeg', 'https://cdn-media.medialabtc.it/es/agencies/mdbm2/estates/616373/images/8885819/gallery_media.jpeg', 'https://cdn-media.medialabtc.it/es/agencies/mdbm2/estates/616373/images/8885897/gallery_media.jpeg', 'https://cdn-media.medialabtc.it/es/agencies/mdbm2/estates/616373/images/8886004/gallery_media.jpeg', 'https://cdn-media.medialabtc.it/es/agencies/mdbm2/estates/616373/images/8881459/gallery_media.jpeg', 'https://cdn-media.medialabtc.it/es/agencies/mdbm2/estates/616373/images/8885905/gallery_media.jpeg', 'https://cdn-media.medialabtc.it/es/agencies/mdbm2/estates/616373/images/8885975/gallery_media.jpeg', 'https://cdn-media.medialabtc.it/es/agencies/mdbm2/estates/616373/images/8885904/gallery_media.jpeg', 'https://cdn-media.medialabtc.it/es/agencies/mdbm2/estates/616373/images/8885977/gallery_media.jpeg', 'https://cdn-media.medialabtc.it/es/agencies/mdbm2/estates/616373/images/8885820/gallery_media.jpeg']",0,Desconocido,0,0,0,1,0,F,0,0,"['imagenes_tecnocasa\\anuncio_1231\\0.jpeg', 'imagenes_tecnocasa\\anuncio_1231\\1.jpeg', 'imagenes_tecnocasa\\anuncio_1231\\2.jpeg', 'imagenes_tecnocasa\\anuncio_1231\\3.jpeg', 'imagenes_tecnocasa\\anuncio_1231\\4.jpeg', 'imagenes_tecnocasa\\anuncio_1231\\5.jpeg', 'imagenes_tecnocasa\\anuncio_1231\\6.jpeg', 'imagenes_tecnocasa\\anuncio_1231\\7.jpeg', 'imagenes_tecnocasa\\anuncio_1231\\8.jpeg', 'imagenes_tecnocasa\\anuncio_1231\\9.jpeg', 'imagenes_tecnocasa\\anuncio_1231\\10.jpeg', 'imagenes_tecnocasa\\anuncio_1231\\11.jpeg', 'imagenes_tecnocasa\\anuncio_1231\\12.jpeg', 'imagenes_tecnocasa\\anuncio_1231\\13.jpeg', 'imagenes_tecnocasa\\anuncio_1231\\14.jpeg', 'imagenes_tecnocasa\\anuncio_1231\\15.jpeg', 'imagenes_tecnocasa\\anuncio_1231\\16.jpeg', 'imagenes_tecnocasa\\anuncio_1231\\17.jpeg', 'imagenes_tecnocasa\\anuncio_1231\\18.jpeg', 'imagenes_tecnocasa\\anuncio_1231\\19.jpeg', 'imagenes_tecnocasa\\anuncio_1231\\20.jpeg', 'imagenes_tecnocasa\\anuncio_1231\\21.jpeg', 'imagenes_tecnocasa\\anuncio_1231\\22.jpeg', 'imagenes_tecnocasa\\anuncio_1231\\23.jpeg', 'imagenes_tecnocasa\\anuncio_1231\\24.jpeg', 'imagenes_tecnocasa\\anuncio_1231\\25.jpeg', 'imagenes_tecnocasa\\anuncio_1231\\26.jpeg', 'imagenes_tecnocasa\\anuncio_1231\\27.jpeg', 'imagenes_tecnocasa\\anuncio_1231\\28.jpeg']",0,De época,1976,1,0,0,piso,2,Móstoles,"Villafontana I, Móstoles",40.3238525,-3.8649214,1231,2493.8271604938273,95.0,81.0,0.0,0.0,0.0,0.0,otro,otro,otro,estándar (2.4-2.8m),nada,2.6,2.2,otro,"['#CC6600', '#FF9900', '#A0522D']",regular,False,convencional,limitado,ninguno,ninguno,básico,básica,ninguno,4.8,5.6,ninguna,5
https://www.tecnocasa.es/venta/piso/madrid/madrid/613583.html,299999.0,3,74.0,1,"ESTUDIO ANTONIO MACHADO S. L. VENDE PISO TOTALMENTE REFORMADO, EN CALLE AGUILAR DE CAMPÓO.

Consta de 3 dormitorios, 1 cuarto de baño con ventana, salón, cocina y terraza cerrada.

Con todos los servicios; colegios, supermercados, bancos, farmacias, centro de salud y rodeado de zonas verdes a muy pocos metros.
Muy bien ubicado, se accede a A6 y M30 en 1 minuto. Autobuses: 42, 126, 127, 132, 137, N20 y N2 que comunican la zona con toda la capital. Línea 7 de metro (PEÑAGRANDE, Antonio Machado y Valdezarza)

¡OPORTUNIDAD! Con KÌRON y sus agentes de intermediación financiera podrás encontrar la hipoteca que mejor se adapte a tus necesidades de financiación, para que puedas beneficiarte de los convenios que tiene el grupo Tecnocasa con diferentes entidades bancarias. Con la posibilidad de financiación hasta 100%, asesórate gratis y sin compromiso.
Reserva tu visita.",1,0,1,1,1,1,1,1,1,1,"['https://cdn-media.medialabtc.it/es/agencies/md022/estates/613583/images/8805642/gallery_media.jpeg', 'https://cdn-media.medialabtc.it/es/agencies/md022/estates/613583/images/8805648/gallery_media.jpeg', 'https://cdn-media.medialabtc.it/es/agencies/md022/estates/613583/images/8805640/gallery_media.jpeg', 'https://cdn-media.medialabtc.it/es/agencies/md022/estates/613583/images/8805652/gallery_media.jpeg', 'https://cdn-media.medialabtc.it/es/agencies/md022/estates/613583/images/8805649/gallery_media.jpeg', 'https://cdn-media.medialabtc.it/es/agencies/md022/estates/613583/images/8805643/gallery_media.jpeg', 'https://cdn-media.medialabtc.it/es/agencies/md022/estates/613583/images/8805644/gallery_media.jpeg', 'https://cdn-media.medialabtc.it/es/agencies/md022/estates/613583/images/8805653/gallery_media.jpeg', 'https://cdn-media.medialabtc.it/es/agencies/md022/estates/613583/images/8805654/gallery_media.jpeg', 'https://cdn-media.medialabtc.it/es/agencies/md022/estates/613583/images/8805646/gallery_media.jpeg', 'https://cdn-media.medialabtc.it/es/agencies/md022/estates/613583/images/8805647/gallery_media.jpeg', 'https://cdn-media.medialabtc.it/es/agencies/md022/estates/613583/images/8805651/gallery_media.jpeg', 'https://cdn-media.medialabtc.it/es/agencies/md022/estates/613583/images/8805650/gallery_media.jpeg', 'https://cdn-media.medialabtc.it/es/agencies/md022/estates/613583/images/8805645/gallery_media.jpeg', 'https://cdn-media.medialabtc.it/es/agencies/md022/estates/613583/images/8805641/gallery_media.jpeg']",0,Reformado,0,0,0,1,0,E,0,0,"['imagenes_tecnocasa\\anuncio_1233\\0.jpeg', 'imagenes_tecnocasa\\anuncio_1233\\1.jpeg', 'imagenes_tecnocasa\\anuncio_1233\\2.jpeg', 'imagenes_tecnocasa\\anuncio_1233\\3.jpeg', 'imagenes_tecnocasa\\anuncio_1233\\4.jpeg', 'imagenes_tecnocasa\\anuncio_1233\\5.jpeg', 'imagenes_tecnocasa\\anuncio_1233\\6.jpeg', 'imagenes_tecnocasa\\anuncio_1233\\7.jpeg', 'imagenes_tecnocasa\\anuncio_1233\\8.jpeg', 'imagenes_tecnocasa\\anuncio_1233\\9.jpeg', 'imagenes_tecnocasa\\anuncio_1233\\10.jpeg', 'imagenes_tecnocasa\\anuncio_1233\\11.jpeg', 'imagenes_tecnocasa\\anuncio_1233\\12.jpeg', 'imagenes_tecnocasa\\anuncio_1233\\13.jpeg', 'imagenes_tecnocasa\\anuncio_1233\\14.jpeg']",0,Media,1960,0,0,0,piso,1,Madrid,"Valdezarza, Madrid",40.4167047,-3.7035825,1233,4054.0405405405404,140.0,111.0,0.0,0.0,1.0,0.0,parquet,pintura,corredera,estándar (2.4-2.8m),nada,5.6,6.8,moderno,"['#FFFFFF', '#F2F2F2', '#D3D3D3']",buena,True,convencional,limitado,ninguno,ninguno,estándar,parcialmente equipada,ninguno,8.4,7.2,ninguna,5
https://www.tecnocasa.es/venta/piso/madrid/mostoles/613197.html,259900.0,3,94.0,2,"Agencia inmobiliaria de MÓSTOLES zona AVENIDA DOS DE MAYO - PLAZA DEL PRADILLO - AVENIDA DE LA CONSTITUCION -PARQUE ZARAUZ -PARQUE FATIMA -CORONA VERDE - MOSTOLES CENTRAL.
-Oficina Tecnocasa:
EN VENTA:
PISO en DOS DE MAYO con entrada, cocina, tendedero, salón, 3 dormitorios, baño completo con plato de ducha, aseo, terraza abierta y plaza de garaje incluida en el precio. Urbanizacion cerrada con zonas verdes. Zona con todos los servicios cercanos, Metro, Renfe, así como líneas de autobús urbanas e interurbanas prácticamente en la misma puerta, además de colegios, centro de salud, hospital, comercios y supermercados. REFORMADO 2021.",1,1,1,1,1,1,1,1,1,1,"['https://cdn-media.medialabtc.it/es/agencies/mdbmf/estates/613197/images/8798840/gallery_media.jpeg', 'https://cdn-media.medialabtc.it/es/agencies/mdbmf/estates/613197/images/8798337/gallery_media.jpeg', 'https://cdn-media.medialabtc.it/es/agencies/mdbmf/estates/613197/images/8798846/gallery_media.jpeg', 'https://cdn-media.medialabtc.it/es/agencies/mdbmf/estates/613197/images/8798835/gallery_media.jpeg', 'https://cdn-media.medialabtc.it/es/agencies/mdbmf/estates/613197/images/8799398/gallery_media.jpeg', 'https://cdn-media.medialabtc.it/es/agencies/mdbmf/estates/613197/images/8798833/gallery_media.jpeg', 'https://cdn-media.medialabtc.it/es/agencies/mdbmf/estates/613197/images/8798853/gallery_media.jpeg', 'https://cdn-media.medialabtc.it/es/agencies/mdbmf/estates/613197/images/8798848/gallery_media.jpeg', 'https://cdn-media.medialabtc.it/es/agencies/mdbmf/estates/613197/images/8798834/gallery_media.jpeg', 'https://cdn-media.medialabtc.it/es/agencies/mdbmf/estates/613197/images/8798854/gallery_media.jpeg', 'https://cdn-media.medialabtc.it/es/agencies/mdbmf/estates/613197/images/8798341/gallery_media.jpeg', 'https://cdn-media.medialabtc.it/es/agencies/mdbmf/estates/613197/images/8798851/gallery_media.jpeg', 'https://cdn-media.medialabtc.it/es/agencies/mdbmf/estates/613197/images/8798838/gallery_media.jpeg', 'https://cdn-media.medialabtc.it/es/agencies/mdbmf/estates/613197/images/8798837/gallery_media.jpeg', 'https://cdn-media.medialabtc.it/es/agencies/mdbmf/estates/613197/images/8798844/gallery_media.jpeg', 'https://cdn-media.medialabtc.it/es/agencies/mdbmf/estates/613197/images/8798338/gallery_media.jpeg', 'https://cdn-media.medialabtc.it/es/agencies/mdbmf/estates/613197/images/8798836/gallery_media.jpeg', 'https://cdn-media.medialabtc.it/es/agencies/mdbmf/estates/613197/images/8798845/gallery_media.jpeg', 'https://cdn-media.medialabtc.it/es/agencies/mdbmf/estates/613197/images/8798339/gallery_media.jpeg', 'https://cdn-media.medialabtc.it/es/agencies/mdbmf/estates/613197/images/8798856/gallery_media.jpeg', 'https://cdn-media.medialabtc.it/es/agencies/mdbmf/estates/613197/images/8798340/gallery_media.jpeg', 'https://cdn-media.medialabtc.it/es/agencies/mdbmf/estates/613197/images/8798839/gallery_media.jpeg', 'https://cdn-media.medialabtc.it/es/agencies/mdbmf/estates/613197/images/8798849/gallery_media.jpeg', 'https://cdn-media.medialabtc.it/es/agencies/mdbmf/estates/613197/images/8798843/gallery_media.jpeg']",0,Reformado,1,0,0,1,0,F,0,0,"['imagenes_tecnocasa\\anuncio_1235\\0.jpeg', 'imagenes_tecnocasa\\anuncio_1235\\1.jpeg', 'imagenes_tecnocasa\\anuncio_1235\\2.jpeg', 'imagenes_tecnocasa\\anuncio_1235\\3.jpeg', 'imagenes_tecnocasa\\anuncio_1235\\4.jpeg', 'imagenes_tecnocasa\\anuncio_1235\\5.jpeg', 'imagenes_tecnocasa\\anuncio_1235\\6.jpeg', 'imagenes_tecnocasa\\anuncio_1235\\7.jpeg', 'imagenes_tecnocasa\\anuncio_1235\\8.jpeg', 'imagenes_tecnocasa\\anuncio_1235\\9.jpeg', 'imagenes_tecnocasa\\anuncio_1235\\10.jpeg', 'imagenes_tecnocasa\\anuncio_1235\\11.jpeg', 'imagenes_tecnocasa\\anuncio_1235\\12.jpeg', 'imagenes_tecnocasa\\anuncio_1235\\13.jpeg', 'imagenes_tecnocasa\\anuncio_1235\\14.jpeg', 'imagenes_tecnocasa\\anuncio_1235\\15.jpeg', 'imagenes_tecnocasa\\anuncio_1235\\16.jpeg', 'imagenes_tecnocasa\\anuncio_1235\\17.jpeg', 'imagenes_tecnocasa\\anuncio_1235\\18.jpeg', 'imagenes_tecnocasa\\anuncio_1235\\19.jpeg', 'imagenes_tecnocasa\\anuncio_1235\\20.jpeg', 'imagenes_tecnocasa\\anuncio_1235\\21.jpeg', 'imagenes_tecnocasa\\anuncio_1235\\22.jpeg', 'imagenes_tecnocasa\\anuncio_1235\\23.jpeg']",1,Media,1976,1,0,1,piso,1,Móstoles,Móstoles,40.3238525,-3.8649214,1235,2764.8936170212764,98.0,79.0,0.0,0.25,1.0,0.0,cerámica,pintura,corredera,estándar (2.4-2.8m),nada,3.2,5.2,moderno,"['#FFFFFF', '#C0C0C0', '#007bff']",buena,False,convencional,limitado,ninguno,ninguno,estándar,básica,ninguno,7.2,6.2,ninguna,5
https://www.tecnocasa.es/venta/piso/madrid/madrid/615005.html,520000.0,4,99.0,1,"TECNOCASA Barrio de Canillejas Vende Vivienda con patio privado.

Situada en un entorno residencial y tranquilo, esta propiedad destaca por su amplitud, su luminosidad y su excelente distribución interior y exterior. Es perfecta para quienes buscan comodidad, privacidad y un estilo de vida relajado sin renunciar a la cercanía de todos los servicios.
La vivienda cuenta con tres dormitorios, todos ellos bien distribuidos y con espacio suficiente para adaptarse a distintas necesidades: descanso, estudio o almacenaje. Uno de sus principales atractivos es que dispone de un salón con gran amplitud y adicionalmente con una terraza cerrada y una biblioteca, la cual cuanta con chimenea, ideal para disfrutar de un ambiente cálido y acogedor durante los meses de invierno. La cocina ha sido recientemente reformada, ofreciendo un espacio funcional y moderno, lista para ser utilizada sin necesidad de reformas. El baño también se ecnuentra en un buen estado de conservación. En lineas generales la vivienda está en un excelente estado de conservación ideal para entrar a vivir.
Otro de los grandes valores añadidos de esta propiedad es su patio privado, que además cuenta con edificaciones anexadas al patio. Este espacio exterior es perfecto como zona de ocio, trastero o incluso para seguir dándole el uso de patio según las necesidades. A esto se suma una zona de aparcamiento con capacidad para dos coches dentro de la finca, y con vado en vigor, lo que garantiza siempre disponibilidad de acceso y comodidad.
La finca forma parte de una comunidad de vecinos pequeña, lo que aporta una mayor tranquilidad, privacidad y un ambiente más familiar. Además, la ubicación es inmejorable: bien comunicada, con transporte público cercano, comercios, colegios, zonas verdes y todos los servicios a un paso. Ofrece fácil acceso a importantes vías de comunicación como la Avenida Arcentales, Luis Aragonés, Avenida Canillejas a Vicálvaro, así como a las autopistas A2 y M40.",1,0,1,1,1,1,0,1,1,1,"['https://cdn-media.medialabtc.it/es/agencies/mdaqe/estates/615005/images/8838079/gallery_media.jpeg', 'https://cdn-media.medialabtc.it/es/agencies/mdaqe/estates/615005/images/8838088/gallery_media.jpeg', 'https://cdn-media.medialabtc.it/es/agencies/mdaqe/estates/615005/images/8838078/gallery_media.jpeg', 'https://cdn-media.medialabtc.it/es/agencies/mdaqe/estates/615005/images/8838074/gallery_media.jpeg', 'https://cdn-media.medialabtc.it/es/agencies/mdaqe/estates/615005/images/8838096/gallery_media.jpeg', 'https://cdn-media.medialabtc.it/es/agencies/mdaqe/estates/615005/images/8838099/gallery_media.jpeg', 'https://cdn-media.medialabtc.it/es/agencies/mdaqe/estates/615005/images/8838076/gallery_media.jpeg', 'https://cdn-media.medialabtc.it/es/agencies/mdaqe/estates/615005/images/8838084/gallery_media.jpeg', 'https://cdn-media.medialabtc.it/es/agencies/mdaqe/estates/615005/images/8838090/gallery_media.jpeg', 'https://cdn-media.medialabtc.it/es/agencies/mdaqe/estates/615005/images/8838077/gallery_media.jpeg', 'https://cdn-media.medialabtc.it/es/agencies/mdaqe/estates/615005/images/8838098/gallery_media.jpeg', 'https://cdn-media.medialabtc.it/es/agencies/mdaqe/estates/615005/images/8838075/gallery_media.jpeg', 'https://cdn-media.medialabtc.it/es/agencies/mdaqe/estates/615005/images/8838097/gallery_media.jpeg', 'https://cdn-media.medialabtc.it/es/agencies/mdaqe/estates/615005/images/8838094/gallery_media.jpeg', 'https://cdn-media.medialabtc.it/es/agencies/mdaqe/estates/615005/images/8838083/gallery_media.jpeg', 'https://cdn-media.medialabtc.it/es/agencies/mdaqe/estates/615005/images/8838085/gallery_media.jpeg', 'https://cdn-media.medialabtc.it/es/agencies/mdaqe/estates/615005/images/8838092/gallery_media.jpeg', 'https://cdn-media.medialabtc.it/es/agencies/mdaqe/estates/615005/images/8838093/gallery_media.jpeg', 'https://cdn-media.medialabtc.it/es/agencies/mdaqe/estates/615005/images/8838095/gallery_media.jpeg', 'https://cdn-media.medialabtc.it/es/agencies/mdaqe/estates/615005/images/8838081/gallery_media.jpeg', 'https://cdn-media.medialabtc.it/es/agencies/mdaqe/estates/615005/images/8838080/gallery_media.jpeg', 'https://cdn-media.medialabtc.it/es/agencies/mdaqe/estates/615005/images/8838089/gallery_media.jpeg', 'https://cdn-media.medialabtc.it/es/agencies/mdaqe/estates/615005/images/8838082/gallery_media.jpeg', 'https://cdn-media.medialabtc.it/es/agencies/mdaqe/estates/615005/images/8838087/gallery_media.jpeg', 'https://cdn-media.medialabtc.it/es/agencies/mdaqe/estates/615005/images/8838091/gallery_media.jpeg', 'https://cdn-media.medialabtc.it/es/agencies/mdaqe/estates/615005/images/8838086/gallery_media.jpeg']",0,Desconocido,1,1,0,1,0,E,0,0,"['imagenes_tecnocasa\\anuncio_1237\\0.jpeg', 'imagenes_tecnocasa\\anuncio_1237\\1.jpeg', 'imagenes_tecnocasa\\anuncio_1237\\2.jpeg', 'imagenes_tecnocasa\\anuncio_1237\\3.jpeg', 'imagenes_tecnocasa\\anuncio_1237\\4.jpeg', 'imagenes_tecnocasa\\anuncio_1237\\5.jpeg', 'imagenes_tecnocasa\\anuncio_1237\\6.jpeg', 'imagenes_tecnocasa\\anuncio_1237\\7.jpeg', 'imagenes_tecnocasa\\anuncio_1237\\8.jpeg', 'imagenes_tecnocasa\\anuncio_1237\\9.jpeg', 'imagenes_tecnocasa\\anuncio_1237\\10.jpeg', 'imagenes_tecnocasa\\anuncio_1237\\11.jpeg', 'imagenes_tecnocasa\\anuncio_1237\\12.jpeg', 'imagenes_tecnocasa\\anuncio_1237\\13.jpeg', 'imagenes_tecnocasa\\anuncio_1237\\14.jpeg', 'imagenes_tecnocasa\\anuncio_1237\\15.jpeg', 'imagenes_tecnocasa\\anuncio_1237\\16.jpeg', 'imagenes_tecnocasa\\anuncio_1237\\17.jpeg', 'imagenes_tecnocasa\\anuncio_1237\\18.jpeg', 'imagenes_tecnocasa\\anuncio_1237\\19.jpeg', 'imagenes_tecnocasa\\anuncio_1237\\20.jpeg', 'imagenes_tecnocasa\\anuncio_1237\\21.jpeg', 'imagenes_tecnocasa\\anuncio_1237\\22.jpeg', 'imagenes_tecnocasa\\anuncio_1237\\23.jpeg', 'imagenes_tecnocasa\\anuncio_1237\\24.jpeg', 'imagenes_tecnocasa\\anuncio_1237\\25.jpeg']",0,Popular,1985,1,0,0,piso,1,Madrid,"San Blas, Canillejas, Madrid",40.4167047,-3.7035825,1237,5252.525252525253,310.0,196.0,0.725,0.8333333333333334,2.0,1.0,otro,pintura,corredera,estándar (2.4-2.8m),nada,3.4,3.0,clásico,"['#FFFFFF', '#E0E0E0', '#808080']",buena,False,convencional,limitado,ninguno,ninguno,estándar,básica,ninguno,7.8,6.6,ninguna,5
https://www.tecnocasa.es/venta/casa/madrid/serranillos-del-valle/605782.html,379900.0,4,201.0,3,"'Agencia inmobiliaria de Torrejón de la Calzada - zona Torrejón de la Calzada, Cubas de la Sagra y Torrejón de Velasco vende magnífico chalet pareado con piscina y amplias estancias'
Presentamos este magnífico chalet pareado de 200 m² construidos, distribuido en dos plantas, perfecto para familias que buscan espacio, comodidad y calidad de vida.
Planta baja
Dispone de una cocina independiente además de una gran DESPENSA, SALÓN luminoso con salida al porche, aire acondicionado F/C y CHIMENEA de leña, HABITACIÓN EN PLANTA BAJA ideal para despacho o invitados, y un baño completo con plato de ducha. Además, el garaje cuenta con acceso desde el interior de la vivienda, brindando comodidad y seguridad.
Primera planta
La zona de descanso se compone de TRES amplias HABITACIONES. La suite principal incluye un BAÑO PRIVADO con BAÑERA, mientras que las otras dos habitaciones comparten un baño completo común, espacioso y funcional.
Exterior
El chalet cuenta con un amplio patio perfectamente acondicionado para el disfrute al aire libre, con BARBACOA DE OBRA, PISCINA y con espacio para relajarse, compartir en familia y disfrutar de momentos inolvidables.
Extras destacados
Excelente distribución con estancias amplias y luminosas.Espacios exteriores ideales para disfrutar en familia.Ubicación tranquila y rodeada de servicios.Chimenea de leña
No pierdas la oportunidad de vivir en este fantástico chalet pareado. ¡Llámanos para organizar una visita!
Serranillos del Valle cuenta con todos los servicios tales como bancos, centro de salud, restaurantes, colegios e institutos, etc. Además se encuentra a escasos 5km del Hospital Infanta Cristina y con acceso inmediato a carreteras de largo recorrido como la A-42. También dispone de servicio de taxi y autobús interurbano. '.",0,0,1,0,0,1,1,1,0,1,"['https://cdn-media.medialabtc.it/es/agencies/md612/estates/605782/images/8655946/gallery_media.jpeg', 'https://cdn-media.medialabtc.it/es/agencies/md612/estates/605782/images/8655948/gallery_media.jpeg', 'https://cdn-media.medialabtc.it/es/agencies/md612/estates/605782/images/8655956/gallery_media.jpeg', 'https://cdn-media.medialabtc.it/es/agencies/md612/estates/605782/images/8655965/gallery_media.jpeg', 'https://cdn-media.medialabtc.it/es/agencies/md612/estates/605782/images/8655945/gallery_media.jpeg', 'https://cdn-media.medialabtc.it/es/agencies/md612/estates/605782/images/8655959/gallery_media.jpeg', 'https://cdn-media.medialabtc.it/es/agencies/md612/estates/605782/images/8655944/gallery_media.jpeg', 'https://cdn-media.medialabtc.it/es/agencies/md612/estates/605782/images/8655940/gallery_media.jpeg', 'https://cdn-media.medialabtc.it/es/agencies/md612/estates/605782/images/8655938/gallery_media.jpeg', 'https://cdn-media.medialabtc.it/es/agencies/md612/estates/605782/images/8655960/gallery_media.jpeg', 'https://cdn-media.medialabtc.it/es/agencies/md612/estates/605782/images/8655964/gallery_media.jpeg', 'https://cdn-media.medialabtc.it/es/agencies/md612/estates/605782/images/8655952/gallery_media.jpeg', 'https://cdn-media.medialabtc.it/es/agencies/md612/estates/605782/images/8655958/gallery_media.jpeg', 'https://cdn-media.medialabtc.it/es/agencies/md612/estates/605782/images/8655939/gallery_media.jpeg', 'https://cdn-media.medialabtc.it/es/agencies/md612/estates/605782/images/8655961/gallery_media.jpeg', 'https://cdn-media.medialabtc.it/es/agencies/md612/estates/605782/images/8655953/gallery_media.jpeg', 'https://cdn-media.medialabtc.it/es/agencies/md612/estates/605782/images/8655954/gallery_media.jpeg', 'https://cdn-media.medialabtc.it/es/agencies/md612/estates/605782/images/8655942/gallery_media.jpeg', 'https://cdn-media.medialabtc.it/es/agencies/md612/estates/605782/images/8655963/gallery_media.jpeg', 'https://cdn-media.medialabtc.it/es/agencies/md612/estates/605782/images/8655955/gallery_media.jpeg', 'https://cdn-media.medialabtc.it/es/agencies/md612/estates/605782/images/8655951/gallery_media.jpeg', 'https://cdn-media.medialabtc.it/es/agencies/md612/estates/605782/images/8655941/gallery_media.jpeg', 'https://cdn-media.medialabtc.it/es/agencies/md612/estates/605782/images/8655962/gallery_media.jpeg', 'https://cdn-media.medialabtc.it/es/agencies/md612/estates/605782/images/8655957/gallery_media.jpeg', 'https://cdn-media.medialabtc.it/es/agencies/md612/estates/605782/images/8655947/gallery_media.jpeg', 'https://cdn-media.medialabtc.it/es/agencies/md612/estates/605782/images/8655943/gallery_media.jpeg', 'https://cdn-media.medialabtc.it/es/agencies/md612/estates/605782/images/8655949/gallery_media.jpeg', 'https://cdn-media.medialabtc.it/es/agencies/md612/estates/605782/images/8655950/gallery_media.jpeg']",0,Desconocido,1,0,1,0,1,Desconocida,0,0,"['imagenes_tecnocasa\\anuncio_1241\\0.jpeg', 'imagenes_tecnocasa\\anuncio_1241\\1.jpeg', 'imagenes_tecnocasa\\anuncio_1241\\2.jpeg', 'imagenes_tecnocasa\\anuncio_1241\\3.jpeg', 'imagenes_tecnocasa\\anuncio_1241\\4.jpeg', 'imagenes_tecnocasa\\anuncio_1241\\5.jpeg', 'imagenes_tecnocasa\\anuncio_1241\\6.jpeg', 'imagenes_tecnocasa\\anuncio_1241\\7.jpeg', 'imagenes_tecnocasa\\anuncio_1241\\8.jpeg', 'imagenes_tecnocasa\\anuncio_1241\\9.jpeg', 'imagenes_tecnocasa\\anuncio_1241\\10.jpeg', 'imagenes_tecnocasa\\anuncio_1241\\11.jpeg', 'imagenes_tecnocasa\\anuncio_1241\\12.jpeg', 'imagenes_tecnocasa\\anuncio_1241\\13.jpeg', 'imagenes_tecnocasa\\anuncio_1241\\14.jpeg', 'imagenes_tecnocasa\\anuncio_1241\\15.jpeg', 'imagenes_tecnocasa\\anuncio_1241\\16.jpeg', 'imagenes_tecnocasa\\anuncio_1241\\17.jpeg', 'imagenes_tecnocasa\\anuncio_1241\\18.jpeg', 'imagenes_tecnocasa\\anuncio_1241\\19.jpeg', 'imagenes_tecnocasa\\anuncio_1241\\20.jpeg', 'imagenes_tecnocasa\\anuncio_1241\\21.jpeg', 'imagenes_tecnocasa\\anuncio_1241\\22.jpeg', 'imagenes_tecnocasa\\anuncio_1241\\23.jpeg', 'imagenes_tecnocasa\\anuncio_1241\\24.jpeg', 'imagenes_tecnocasa\\anuncio_1241\\25.jpeg', 'imagenes_tecnocasa\\anuncio_1241\\26.jpeg', 'imagenes_tecnocasa\\anuncio_1241\\27.jpeg']",0,Popular,2000,1,0,0,casa,2,Serranillos del Valle,Serranillos Del Valle,40.2044509,-3.8851988,1241,1890.0497512437812,270.0,179.0,1.0,1.0,2.0,1.0,cerámica,pintura,corredera,estándar (2.4-2.8m),nada,4.4,4.2,convencional,"['#D2B48C', '#F5F5DC', '#8B4513']",buena,False,convencional,normal,ninguno,ninguno,estándar,básica,ninguno,7.6,6.6,ninguna,5
https://www.tecnocasa.es/venta/casa/madrid/alcala-de-henares/613874.html,439000.0,4,222.0,3,"'AGENCIA TECNOCASA NUEVA ALCALA - RINCONADA' vende estupendo CHALET adosado'

¡Descubre el hogar de tus sueños en este impresionante chalet adosado de 4 plantas! Situado en una comunidad exclusiva con piscina y acceso privado, este inmueble ofrece todo lo que necesitas para una vida cómoda y elegante. En la planta baja, encontrarás un acogedor dormitorio, una cocina funcional, un aseo y un amplio salón comedor que se extiende hacia un encantador patio con barbacoa, ideal para disfrutar de reuniones al aire libre.

La segunda planta alberga tres amplios dormitorios con armarios empotrados, incluyendo un dormitorio principal con baño en suite y plato de ducha. Los otros dos dormitorios comparten un baño con bañera, proporcionando comodidad para toda la familia. La tercera planta te sorprenderá con una amplia buhardilla reformada y decorada con un estilo rústico que invita al relax.

Este chalet cuenta con un sótano que incluye un espacioso garaje para dos coches y un trastero, con acceso mediante puerta automática. Además, el inmueble está equipado con aislante termo acústico y aire acondicionado con bomba de frío y calor, garantizando confort durante todo el año. Construido en 1997 y en excelente estado, este hogar es una joya lista para ser habitada. ¡No dejes pasar esta oportunidad única!

INFÓRMESE DE LA VIVIENDA SIN NINGÚN TIPO DE COMPROMISO, AL IGUAL QUE DE LA FINANCIACIÓN 100% QUE TE PUEDE PROPORCIONAR NUESTROS COMPAÑEROS DEL DEPARTAMENTO FINANCIERO KIRON.",0,1,1,1,1,1,0,1,1,1,"['https://cdn-media.medialabtc.it/es/agencies/md540/estates/613874/images/8819143/gallery_media.jpeg', 'https://cdn-media.medialabtc.it/es/agencies/md540/estates/613874/images/8819162/gallery_media.jpeg', 'https://cdn-media.medialabtc.it/es/agencies/md540/estates/613874/images/8819158/gallery_media.jpeg', 'https://cdn-media.medialabtc.it/es/agencies/md540/estates/613874/images/8819171/gallery_media.jpeg', 'https://cdn-media.medialabtc.it/es/agencies/md540/estates/613874/images/8819160/gallery_media.jpeg', 'https://cdn-media.medialabtc.it/es/agencies/md540/estates/613874/images/8819153/gallery_media.jpeg', 'https://cdn-media.medialabtc.it/es/agencies/md540/estates/613874/images/8819179/gallery_media.jpeg', 'https://cdn-media.medialabtc.it/es/agencies/md540/estates/613874/images/8819159/gallery_media.jpeg', 'https://cdn-media.medialabtc.it/es/agencies/md540/estates/613874/images/8819101/gallery_media.jpeg', 'https://cdn-media.medialabtc.it/es/agencies/md540/estates/613874/images/8819145/gallery_media.jpeg', 'https://cdn-media.medialabtc.it/es/agencies/md540/estates/613874/images/8819151/gallery_media.jpeg', 'https://cdn-media.medialabtc.it/es/agencies/md540/estates/613874/images/8819157/gallery_media.jpeg', 'https://cdn-media.medialabtc.it/es/agencies/md540/estates/613874/images/8819169/gallery_media.jpeg', 'https://cdn-media.medialabtc.it/es/agencies/md540/estates/613874/images/8819178/gallery_media.jpeg', 'https://cdn-media.medialabtc.it/es/agencies/md540/estates/613874/images/8819152/gallery_media.jpeg', 'https://cdn-media.medialabtc.it/es/agencies/md540/estates/613874/images/8819172/gallery_media.jpeg', 'https://cdn-media.medialabtc.it/es/agencies/md540/estates/613874/images/8819146/gallery_media.jpeg', 'https://cdn-media.medialabtc.it/es/agencies/md540/estates/613874/images/8819154/gallery_media.jpeg', 'https://cdn-media.medialabtc.it/es/agencies/md540/estates/613874/images/8819147/gallery_media.jpeg', 'https://cdn-media.medialabtc.it/es/agencies/md540/estates/613874/images/8819173/gallery_media.jpeg', 'https://cdn-media.medialabtc.it/es/agencies/md540/estates/613874/images/8819164/gallery_media.jpeg', 'https://cdn-media.medialabtc.it/es/agencies/md540/estates/613874/images/8819174/gallery_media.jpeg', 'https://cdn-media.medialabtc.it/es/agencies/md540/estates/613874/images/8819142/gallery_media.jpeg', 'https://cdn-media.medialabtc.it/es/agencies/md540/estates/613874/images/8819161/gallery_media.jpeg', 'https://cdn-media.medialabtc.it/es/agencies/md540/estates/613874/images/8819156/gallery_media.jpeg', 'https://cdn-media.medialabtc.it/es/agencies/md540/estates/613874/images/8819148/gallery_media.jpeg', 'https://cdn-media.medialabtc.it/es/agencies/md540/estates/613874/images/8819176/gallery_media.jpeg', 'https://cdn-media.medialabtc.it/es/agencies/md540/estates/613874/images/8819170/gallery_media.jpeg', 'https://cdn-media.medialabtc.it/es/agencies/md540/estates/613874/images/8819165/gallery_media.jpeg', 'https://cdn-media.medialabtc.it/es/agencies/md540/estates/613874/images/8819177/gallery_media.jpeg']",0,Desconocido,1,1,1,0,0,Desconocida,1,0,"['imagenes_tecnocasa\\anuncio_1242\\0.jpeg', 'imagenes_tecnocasa\\anuncio_1242\\1.jpeg', 'imagenes_tecnocasa\\anuncio_1242\\2.jpeg', 'imagenes_tecnocasa\\anuncio_1242\\3.jpeg', 'imagenes_tecnocasa\\anuncio_1242\\4.jpeg', 'imagenes_tecnocasa\\anuncio_1242\\5.jpeg', 'imagenes_tecnocasa\\anuncio_1242\\6.jpeg', 'imagenes_tecnocasa\\anuncio_1242\\7.jpeg', 'imagenes_tecnocasa\\anuncio_1242\\8.jpeg', 'imagenes_tecnocasa\\anuncio_1242\\9.jpeg', 'imagenes_tecnocasa\\anuncio_1242\\10.jpeg', 'imagenes_tecnocasa\\anuncio_1242\\11.jpeg', 'imagenes_tecnocasa\\anuncio_1242\\12.jpeg', 'imagenes_tecnocasa\\anuncio_1242\\13.jpeg', 'imagenes_tecnocasa\\anuncio_1242\\14.jpeg', 'imagenes_tecnocasa\\anuncio_1242\\15.jpeg', 'imagenes_tecnocasa\\anuncio_1242\\16.jpeg', 'imagenes_tecnocasa\\anuncio_1242\\17.jpeg', 'imagenes_tecnocasa\\anuncio_1242\\18.jpeg', 'imagenes_tecnocasa\\anuncio_1242\\19.jpeg', 'imagenes_tecnocasa\\anuncio_1242\\20.jpeg', 'imagenes_tecnocasa\\anuncio_1242\\21.jpeg', 'imagenes_tecnocasa\\anuncio_1242\\22.jpeg', 'imagenes_tecnocasa\\anuncio_1242\\23.jpeg', 'imagenes_tecnocasa\\anuncio_1242\\24.jpeg', 'imagenes_tecnocasa\\anuncio_1242\\25.jpeg', 'imagenes_tecnocasa\\anuncio_1242\\26.jpeg', 'imagenes_tecnocasa\\anuncio_1242\\27.jpeg', 'imagenes_tecnocasa\\anuncio_1242\\28.jpeg', 'imagenes_tecnocasa\\anuncio_1242\\29.jpeg']",1,Señorial,1997,1,1,0,casa,3,Alcalá de Henares,"Rinconada, Alcalá De Henares",40.481954,-3.363981,1242,1977.4774774774776,233.0,165.0,1.0,1.0,1.0,1.0,otro,pintura,corredera,estándar (2.4-2.8m),nada,3.4,4.0,convencional,"['#FFFFFF', '#008080', '#A0522D']",regular,False,convencional,normal,ninguno,ninguno,estándar,básica,ninguno,5.4,6.0,ninguna,5
https://www.tecnocasa.es/venta/piso/madrid/madrid/614412.html,239000.0,3,99.0,2,"Tecnocasa Oficina Orcasitas
Agencia inmobiliaria de Madrid, zona Usera - Orcasitas - Orcasur, inscrita en RAIN 000240/2018 vende amplio piso en la MESETA DE ORCASITAS compuesto por 3 dormitorios, salón, cocina, baño, aseo y tendedero; Finca con ascensor; Calefacción central. REFORMADO.
Puede concertar su visita llamando o visitenos en Calle guetaria 72!!",1,1,1,1,0,0,0,0,0,1,"['https://cdn-media.medialabtc.it/es/agencies/md004/estates/614412/images/8831556/gallery_media.jpeg', 'https://cdn-media.medialabtc.it/es/agencies/md004/estates/614412/images/8831547/gallery_media.jpeg', 'https://cdn-media.medialabtc.it/es/agencies/md004/estates/614412/images/8831555/gallery_media.jpeg', 'https://cdn-media.medialabtc.it/es/agencies/md004/estates/614412/images/8831553/gallery_media.jpeg', 'https://cdn-media.medialabtc.it/es/agencies/md004/estates/614412/images/8831558/gallery_media.jpeg', 'https://cdn-media.medialabtc.it/es/agencies/md004/estates/614412/images/8831545/gallery_media.jpeg', 'https://cdn-media.medialabtc.it/es/agencies/md004/estates/614412/images/8831557/gallery_media.jpeg', 'https://cdn-media.medialabtc.it/es/agencies/md004/estates/614412/images/8831554/gallery_media.jpeg', 'https://cdn-media.medialabtc.it/es/agencies/md004/estates/614412/images/8831551/gallery_media.jpeg', 'https://cdn-media.medialabtc.it/es/agencies/md004/estates/614412/images/8831722/gallery_media.jpeg', 'https://cdn-media.medialabtc.it/es/agencies/md004/estates/614412/images/8831546/gallery_media.jpeg', 'https://cdn-media.medialabtc.it/es/agencies/md004/estates/614412/images/8831552/gallery_media.jpeg', 'https://cdn-media.medialabtc.it/es/agencies/md004/estates/614412/images/8831550/gallery_media.jpeg', 'https://cdn-media.medialabtc.it/es/agencies/md004/estates/614412/images/8831549/gallery_media.jpeg', 'https://cdn-media.medialabtc.it/es/agencies/md004/estates/614412/images/8831548/gallery_media.jpeg']",0,Reformado,0,0,0,0,0,E,0,0,"['imagenes_tecnocasa\\anuncio_1244\\0.jpeg', 'imagenes_tecnocasa\\anuncio_1244\\1.jpeg', 'imagenes_tecnocasa\\anuncio_1244\\2.jpeg', 'imagenes_tecnocasa\\anuncio_1244\\3.jpeg', 'imagenes_tecnocasa\\anuncio_1244\\4.jpeg', 'imagenes_tecnocasa\\anuncio_1244\\5.jpeg', 'imagenes_tecnocasa\\anuncio_1244\\6.jpeg', 'imagenes_tecnocasa\\anuncio_1244\\7.jpeg', 'imagenes_tecnocasa\\anuncio_1244\\8.jpeg', 'imagenes_tecnocasa\\anuncio_1244\\9.jpeg', 'imagenes_tecnocasa\\anuncio_1244\\10.jpeg', 'imagenes_tecnocasa\\anuncio_1244\\11.jpeg', 'imagenes_tecnocasa\\anuncio_1244\\12.jpeg', 'imagenes_tecnocasa\\anuncio_1244\\13.jpeg', 'imagenes_tecnocasa\\anuncio_1244\\14.jpeg']",0,Media,1980,1,0,1,piso,1,Madrid,"Orcasitas - San Fermin, Madrid",40.4167047,-3.7035825,1244,2414.1414141414143,52.0,48.0,0.0,0.25,2.0,0.0,cerámica,pintura,ninguna visible,estándar (2.4-2.8m),nada,3.6,3.8,convencional,"['#F5F5DC', '#A0522D', '#FFFFFF']",regular,False,convencional,limitado,ninguno,ninguno,estándar,básica,ninguno,6.4,6.2,ninguna,5
https://www.tecnocasa.es/venta/casa/madrid/villaviciosa-de-odon/489492.html,780000.0,5,411.0,4,"CONSULTA NUESTRAS HIPOTECAS DESDE EL 1,10% PARA QUE TU COMPRA SEA MAS BARATA!
TECNOCASA VILLAVICIOSA DE ODON Vende en exclusiva para que usted compre con seguridad y tranquilidad, sin otros compradores y agencias por medio. Confíe en la inmobiliaria líder en España con más de 900 puntos de venta. Agencia Inmobiliaria inscrita en el RAIN de la Comunidad de Madrid. N° 000134/18.
Chalet Independiente en la prestigiosa urbanización de Campodón Villaviciosa de Odón.
Planta de calle: La vivienda cuenta con un amplio hall, Salón-Comedor con chimenea y salida, amplia cocina con vistas al jardín, amplia despensa y zona de lavandería con tendedero cubierto, habitación en planta actualmente como despacho y baño completo con ducha que da servicio a toda la planta.
En la planta primera: se encuentra un amplio distribuidor, tres dormitorios, dos cuartos de baños que dan servicio a los dormitorios anteriores, para finalizar la planta encontramos la habitación principal con baño en suite, vestidor y terraza con bonitas vistas.
Planta semisótano: esta compuesta por Cuatro trasteros, Habitación actualmente utilizada como gimnasio con baño en suite, sauna y para finalizar esta planta encontramos un garaje para dos coches con dos entradas individuales.
El jardín cuenta con 1.084m de parcela, zona de cesped, piscina privada y vistas a toda la sierra.
Gestionamos cambios de vivienda, valoración inmobiliaria gratuita. Financiación 100%. Consúltenos condiciones.",0,0,1,0,0,0,0,0,0,0,"['https://cdn-media.medialabtc.it/es/agencies/mdbzb/estates/489492/images/8841154/gallery_media.jpeg', 'https://cdn-media.medialabtc.it/es/agencies/mdbzb/estates/489492/images/8841179/gallery_media.jpeg', 'https://cdn-media.medialabtc.it/es/agencies/mdbzb/estates/489492/images/8841192/gallery_media.jpeg', 'https://cdn-media.medialabtc.it/es/agencies/mdbzb/estates/489492/images/8841181/gallery_media.jpeg', 'https://cdn-media.medialabtc.it/es/agencies/mdbzb/estates/489492/images/8841156/gallery_media.jpeg', 'https://cdn-media.medialabtc.it/es/agencies/mdbzb/estates/489492/images/8841149/gallery_media.jpeg', 'https://cdn-media.medialabtc.it/es/agencies/mdbzb/estates/489492/images/8841193/gallery_media.jpeg', 'https://cdn-media.medialabtc.it/es/agencies/mdbzb/estates/489492/images/8841175/gallery_media.jpeg', 'https://cdn-media.medialabtc.it/es/agencies/mdbzb/estates/489492/images/8841182/gallery_media.jpeg', 'https://cdn-media.medialabtc.it/es/agencies/mdbzb/estates/489492/images/8841185/gallery_media.jpeg', 'https://cdn-media.medialabtc.it/es/agencies/mdbzb/estates/489492/images/8841190/gallery_media.jpeg', 'https://cdn-media.medialabtc.it/es/agencies/mdbzb/estates/489492/images/8841152/gallery_media.jpeg', 'https://cdn-media.medialabtc.it/es/agencies/mdbzb/estates/489492/images/8841177/gallery_media.jpeg', 'https://cdn-media.medialabtc.it/es/agencies/mdbzb/estates/489492/images/8841158/gallery_media.jpeg', 'https://cdn-media.medialabtc.it/es/agencies/mdbzb/estates/489492/images/8841157/gallery_media.jpeg', 'https://cdn-media.medialabtc.it/es/agencies/mdbzb/estates/489492/images/8841187/gallery_media.jpeg', 'https://cdn-media.medialabtc.it/es/agencies/mdbzb/estates/489492/images/8841155/gallery_media.jpeg', 'https://cdn-media.medialabtc.it/es/agencies/mdbzb/estates/489492/images/8841184/gallery_media.jpeg', 'https://cdn-media.medialabtc.it/es/agencies/mdbzb/estates/489492/images/8841151/gallery_media.jpeg', 'https://cdn-media.medialabtc.it/es/agencies/mdbzb/estates/489492/images/8841186/gallery_media.jpeg', 'https://cdn-media.medialabtc.it/es/agencies/mdbzb/estates/489492/images/8841191/gallery_media.jpeg', 'https://cdn-media.medialabtc.it/es/agencies/mdbzb/estates/489492/images/8841189/gallery_media.jpeg', 'https://cdn-media.medialabtc.it/es/agencies/mdbzb/estates/489492/images/8841178/gallery_media.jpeg', 'https://cdn-media.medialabtc.it/es/agencies/mdbzb/estates/489492/images/8841183/gallery_media.jpeg', 'https://cdn-media.medialabtc.it/es/agencies/mdbzb/estates/489492/images/8841180/gallery_media.jpeg', 'https://cdn-media.medialabtc.it/es/agencies/mdbzb/estates/489492/images/8841148/gallery_media.jpeg', 'https://cdn-media.medialabtc.it/es/agencies/mdbzb/estates/489492/images/8841153/gallery_media.jpeg', 'https://cdn-media.medialabtc.it/es/agencies/mdbzb/estates/489492/images/8841159/gallery_media.jpeg', 'https://cdn-media.medialabtc.it/es/agencies/mdbzb/estates/489492/images/8884095/gallery_media.jpeg']",1,Desconocido,1,0,1,1,1,Desconocida,0,0,"['imagenes_tecnocasa\\anuncio_1245\\0.jpeg', 'imagenes_tecnocasa\\anuncio_1245\\1.jpeg', 'imagenes_tecnocasa\\anuncio_1245\\2.jpeg', 'imagenes_tecnocasa\\anuncio_1245\\3.jpeg', 'imagenes_tecnocasa\\anuncio_1245\\4.jpeg', 'imagenes_tecnocasa\\anuncio_1245\\5.jpeg', 'imagenes_tecnocasa\\anuncio_1245\\6.jpeg', 'imagenes_tecnocasa\\anuncio_1245\\7.jpeg', 'imagenes_tecnocasa\\anuncio_1245\\8.jpeg', 'imagenes_tecnocasa\\anuncio_1245\\9.jpeg', 'imagenes_tecnocasa\\anuncio_1245\\10.jpeg', 'imagenes_tecnocasa\\anuncio_1245\\11.jpeg', 'imagenes_tecnocasa\\anuncio_1245\\12.jpeg', 'imagenes_tecnocasa\\anuncio_1245\\13.jpeg', 'imagenes_tecnocasa\\anuncio_1245\\14.jpeg', 'imagenes_tecnocasa\\anuncio_1245\\15.jpeg', 'imagenes_tecnocasa\\anuncio_1245\\16.jpeg', 'imagenes_tecnocasa\\anuncio_1245\\17.jpeg', 'imagenes_tecnocasa\\anuncio_1245\\18.jpeg', 'imagenes_tecnocasa\\anuncio_1245\\19.jpeg', 'imagenes_tecnocasa\\anuncio_1245\\20.jpeg', 'imagenes_tecnocasa\\anuncio_1245\\21.jpeg', 'imagenes_tecnocasa\\anuncio_1245\\22.jpeg', 'imagenes_tecnocasa\\anuncio_1245\\23.jpeg', 'imagenes_tecnocasa\\anuncio_1245\\24.jpeg', 'imagenes_tecnocasa\\anuncio_1245\\25.jpeg', 'imagenes_tecnocasa\\anuncio_1245\\26.jpeg', 'imagenes_tecnocasa\\anuncio_1245\\27.jpeg', 'imagenes_tecnocasa\\anuncio_1245\\28.jpeg']",0,Media,1994,1,0,0,casa,2,Villaviciosa de Odón,Villaviciosa De Odón,40.3573787,-3.9002334,1245,1897.8102189781023,222.0,146.0,0.0,0.0,1.0,0.0,otro,pintura,corredera,estándar (2.4-2.8m),nada,5.6,4.4,clásico,"['#FFFFFF', '#000000', '#D3D3D3']",buena,False,convencional,normal,ninguno,ninguno,estándar,básica,ninguno,7.8,6.8,ninguna,5
https://www.tecnocasa.es/venta/piso/madrid/madrid/606038.html,364900.0,2,51.0,1,"Agencia inmobiliaria de Madrid-Tecnocasa Consulting Estudio Tribunal, vende magnifica vivienda en el corazón de Madrid, en la calle San Vicente de Ferrer.

Se trata de una primera planta interior en la zona de Malasaña - Universidad, una de las más conocidas y cotizadas de Madrid.

La vivienda consta de dos dormitorios MUY AMPLIOS.

La vivienda se distribuye con la entrada que conecta con el resto de estancias.

El salón de la vivienda tiene mucha amplitud y contiene la cocina totalmente amueblada y equipada con todos los electrodomésticos (horno, frigorífico, microondas, lavadora etc. ) Tiene una ventana con vistas al patio interior de la finca.

Dispone de un baño completo con plato de ducha.

Cabe destacar que la vivienda al ser interior es una vivienda tranquila sin apenas ruidos, dando un ambiente de tranquilidad y confort. En la cual podrás relajarte y pasar momentos únicos en ella.

En cuanto a las calidades, cabe destacar que la vivienda dispone de suelos de tarima. Dispone de Aire acondicionado con bomba de frío/calor. Tiene calefacción eléctrica.

LA FINCA TIENE ASCENSOR.

En cuanto a los servicios que nos ofrece el edificio, cabe destacar que es una de las zonas mas demandadas de la capital. Donde todas las calles y rincones tienen un toque especial que combina la historia del lugar, con la modernidad de una gran ciudad como Madrid. Esta vivienda ubicada en plena zona de Malasaña, situada en el corazón de Madrid, cercana a las calles Gran Vía, Fuencarral, San Bernardo, Carranza, es una zona con gran personalidad que ha sabido reinventarse sin perder su alma. Es el lugar indicado para ir de tapas, descubrir comercios alternativos, iniciar una noche de fiesta o tomar una cerveza al sol en alguna de sus agradables terrazas.

Comunicado por las estaciones de TRIBUNAL (L1 y L10), GRAN VÍA (L1 y L5) y CALLAO (L3 y 5), BILBAO (L4 Y L1) SAN BERNARDO (L2 y L4) y con todos los servicios próximos a la vivienda como líneas de autobús, bancos, comercios etc.

Es sin duda, una oportunidad única de vivir en una de las mejores zonas del centro de Madrid.",1,1,1,1,1,1,1,1,1,1,"['https://cdn-media.medialabtc.it/es/agencies/md063/estates/606038/images/8659322/gallery_media.jpeg', 'https://cdn-media.medialabtc.it/es/agencies/md063/estates/606038/images/8659318/gallery_media.jpeg', 'https://cdn-media.medialabtc.it/es/agencies/md063/estates/606038/images/8659323/gallery_media.jpeg', 'https://cdn-media.medialabtc.it/es/agencies/md063/estates/606038/images/8659331/gallery_media.jpeg', 'https://cdn-media.medialabtc.it/es/agencies/md063/estates/606038/images/8659321/gallery_media.jpeg', 'https://cdn-media.medialabtc.it/es/agencies/md063/estates/606038/images/8659329/gallery_media.jpeg', 'https://cdn-media.medialabtc.it/es/agencies/md063/estates/606038/images/8659317/gallery_media.jpeg', 'https://cdn-media.medialabtc.it/es/agencies/md063/estates/606038/images/8659316/gallery_media.jpeg', 'https://cdn-media.medialabtc.it/es/agencies/md063/estates/606038/images/8659319/gallery_media.jpeg', 'https://cdn-media.medialabtc.it/es/agencies/md063/estates/606038/images/8659314/gallery_media.jpeg', 'https://cdn-media.medialabtc.it/es/agencies/md063/estates/606038/images/8659313/gallery_media.jpeg', 'https://cdn-media.medialabtc.it/es/agencies/md063/estates/606038/images/8659325/gallery_media.jpeg', 'https://cdn-media.medialabtc.it/es/agencies/md063/estates/606038/images/8659320/gallery_media.jpeg', 'https://cdn-media.medialabtc.it/es/agencies/md063/estates/606038/images/8659306/gallery_media.jpeg', 'https://cdn-media.medialabtc.it/es/agencies/md063/estates/606038/images/8659307/gallery_media.jpeg', 'https://cdn-media.medialabtc.it/es/agencies/md063/estates/606038/images/8659328/gallery_media.jpeg', 'https://cdn-media.medialabtc.it/es/agencies/md063/estates/606038/images/8659334/gallery_media.jpeg', 'https://cdn-media.medialabtc.it/es/agencies/md063/estates/606038/images/8659332/gallery_media.jpeg', 'https://cdn-media.medialabtc.it/es/agencies/md063/estates/606038/images/8659324/gallery_media.jpeg', 'https://cdn-media.medialabtc.it/es/agencies/md063/estates/606038/images/8659312/gallery_media.jpeg', 'https://cdn-media.medialabtc.it/es/agencies/md063/estates/606038/images/8659311/gallery_media.jpeg', 'https://cdn-media.medialabtc.it/es/agencies/md063/estates/606038/images/8659330/gallery_media.jpeg', 'https://cdn-media.medialabtc.it/es/agencies/md063/estates/606038/images/8659327/gallery_media.jpeg', 'https://cdn-media.medialabtc.it/es/agencies/md063/estates/606038/images/8659310/gallery_media.jpeg', 'https://cdn-media.medialabtc.it/es/agencies/md063/estates/606038/images/8659309/gallery_media.jpeg', 'https://cdn-media.medialabtc.it/es/agencies/md063/estates/606038/images/8659305/gallery_media.jpeg', 'https://cdn-media.medialabtc.it/es/agencies/md063/estates/606038/images/8659315/gallery_media.jpeg', 'https://cdn-media.medialabtc.it/es/agencies/md063/estates/606038/images/8659326/gallery_media.jpeg', 'https://cdn-media.medialabtc.it/es/agencies/md063/estates/606038/images/8659333/gallery_media.jpeg', 'https://cdn-media.medialabtc.it/es/agencies/md063/estates/606038/images/8659308/gallery_media.jpeg']",1,Desconocido,0,0,0,0,0,E,0,0,"['imagenes_tecnocasa\\anuncio_1246\\0.jpeg', 'imagenes_tecnocasa\\anuncio_1246\\1.jpeg', 'imagenes_tecnocasa\\anuncio_1246\\2.jpeg', 'imagenes_tecnocasa\\anuncio_1246\\3.jpeg', 'imagenes_tecnocasa\\anuncio_1246\\4.jpeg', 'imagenes_tecnocasa\\anuncio_1246\\5.jpeg', 'imagenes_tecnocasa\\anuncio_1246\\6.jpeg', 'imagenes_tecnocasa\\anuncio_1246\\7.jpeg', 'imagenes_tecnocasa\\anuncio_1246\\8.jpeg', 'imagenes_tecnocasa\\anuncio_1246\\9.jpeg', 'imagenes_tecnocasa\\anuncio_1246\\10.jpeg', 'imagenes_tecnocasa\\anuncio_1246\\11.jpeg', 'imagenes_tecnocasa\\anuncio_1246\\12.jpeg', 'imagenes_tecnocasa\\anuncio_1246\\13.jpeg', 'imagenes_tecnocasa\\anuncio_1246\\14.jpeg', 'imagenes_tecnocasa\\anuncio_1246\\15.jpeg', 'imagenes_tecnocasa\\anuncio_1246\\16.jpeg', 'imagenes_tecnocasa\\anuncio_1246\\17.jpeg', 'imagenes_tecnocasa\\anuncio_1246\\18.jpeg', 'imagenes_tecnocasa\\anuncio_1246\\19.jpeg', 'imagenes_tecnocasa\\anuncio_1246\\20.jpeg', 'imagenes_tecnocasa\\anuncio_1246\\21.jpeg', 'imagenes_tecnocasa\\anuncio_1246\\22.jpeg', 'imagenes_tecnocasa\\anuncio_1246\\23.jpeg', 'imagenes_tecnocasa\\anuncio_1246\\24.jpeg', 'imagenes_tecnocasa\\anuncio_1246\\25.jpeg', 'imagenes_tecnocasa\\anuncio_1246\\26.jpeg', 'imagenes_tecnocasa\\anuncio_1246\\27.jpeg', 'imagenes_tecnocasa\\anuncio_1246\\28.jpeg', 'imagenes_tecnocasa\\anuncio_1246\\29.jpeg']",0,Popular,1900,0,0,0,piso,1,Justicia,"Malasaña - Justicia - Universidad, Madrid",40.4232759,-3.6966805,1246,7154.901960784314,352.0,208.0,0.0,0.0,1.0,1.0,otro,pintura,ninguna visible,estándar (2.4-2.8m),nada,3.0,4.2,moderno,"['#FFFFFF', '#000000', '#E0E0E0']",regular,False,convencional,limitado,ninguno,ninguno,estándar,básica,ninguno,7.6,6.6,ninguna,5
https://www.tecnocasa.es/venta/piso/madrid/madrid/611817.html,199900.0,2,45.0,1,"Agencia inmobiliaria de MADRID - zona USERA - MOSCARDO - PLAZA ELÍPTICA
Vende vivienda en la calle Doctor Sanchís Banús, compuesta de dos Dormitorio, Salón, Cocina, Baño y Patio.

Tiene varios puntos a destacar:

- Vivienda con muchas posibilidades.
- La cercanía a Usera a 1 minuto.
- Madrid Río a 2 minutos andando.
- La cercanía a Plaza Elíptica a 10 minutos.

Zona perfecta para las familias con zonas verdes en el entorno, bloque muy tranquilo
A 15 MINUTOS A PIE DE MADRID RÍO.
Fácil acceso a A42, M40, M30 Calle de Antonio López, Avenida de Andalucía, Hospital 12 de octubre, a 10 minutos del metro almendrales línea 3 (Villaverde - Moncloa), autobuses (47, 247 y 60 y búho Nº12 ). Zona con todos los servicios, supermercado próximo.",1,1,1,1,1,1,1,1,1,1,"['https://cdn-media.medialabtc.it/es/agencies/mdak3/estates/611817/images/8766056/gallery_media.jpeg', 'https://cdn-media.medialabtc.it/es/agencies/mdak3/estates/611817/images/8766055/gallery_media.jpeg', 'https://cdn-media.medialabtc.it/es/agencies/mdak3/estates/611817/images/8766000/gallery_media.jpeg', 'https://cdn-media.medialabtc.it/es/agencies/mdak3/estates/611817/images/8765999/gallery_media.jpeg', 'https://cdn-media.medialabtc.it/es/agencies/mdak3/estates/611817/images/8766053/gallery_media.jpeg', 'https://cdn-media.medialabtc.it/es/agencies/mdak3/estates/611817/images/8766044/gallery_media.jpeg', 'https://cdn-media.medialabtc.it/es/agencies/mdak3/estates/611817/images/8766048/gallery_media.jpeg', 'https://cdn-media.medialabtc.it/es/agencies/mdak3/estates/611817/images/8766054/gallery_media.jpeg', 'https://cdn-media.medialabtc.it/es/agencies/mdak3/estates/611817/images/8766001/gallery_media.jpeg', 'https://cdn-media.medialabtc.it/es/agencies/mdak3/estates/611817/images/8766050/gallery_media.jpeg', 'https://cdn-media.medialabtc.it/es/agencies/mdak3/estates/611817/images/8766049/gallery_media.jpeg', 'https://cdn-media.medialabtc.it/es/agencies/mdak3/estates/611817/images/8766042/gallery_media.jpeg', 'https://cdn-media.medialabtc.it/es/agencies/mdak3/estates/611817/images/8766051/gallery_media.jpeg', 'https://cdn-media.medialabtc.it/es/agencies/mdak3/estates/611817/images/8766045/gallery_media.jpeg', 'https://cdn-media.medialabtc.it/es/agencies/mdak3/estates/611817/images/8766046/gallery_media.jpeg', 'https://cdn-media.medialabtc.it/es/agencies/mdak3/estates/611817/images/8766043/gallery_media.jpeg', 'https://cdn-media.medialabtc.it/es/agencies/mdak3/estates/611817/images/8766047/gallery_media.jpeg']",0,Desconocido,0,0,0,0,0,E,0,0,"['imagenes_tecnocasa\\anuncio_1247\\0.jpeg', 'imagenes_tecnocasa\\anuncio_1247\\1.jpeg', 'imagenes_tecnocasa\\anuncio_1247\\2.jpeg', 'imagenes_tecnocasa\\anuncio_1247\\3.jpeg', 'imagenes_tecnocasa\\anuncio_1247\\4.jpeg', 'imagenes_tecnocasa\\anuncio_1247\\5.jpeg', 'imagenes_tecnocasa\\anuncio_1247\\6.jpeg', 'imagenes_tecnocasa\\anuncio_1247\\7.jpeg', 'imagenes_tecnocasa\\anuncio_1247\\8.jpeg', 'imagenes_tecnocasa\\anuncio_1247\\9.jpeg', 'imagenes_tecnocasa\\anuncio_1247\\10.jpeg', 'imagenes_tecnocasa\\anuncio_1247\\11.jpeg', 'imagenes_tecnocasa\\anuncio_1247\\12.jpeg', 'imagenes_tecnocasa\\anuncio_1247\\13.jpeg', 'imagenes_tecnocasa\\anuncio_1247\\14.jpeg', 'imagenes_tecnocasa\\anuncio_1247\\15.jpeg', 'imagenes_tecnocasa\\anuncio_1247\\16.jpeg']",0,Popular,1960,0,0,0,piso,3,Madrid,"Moscardo - Antonio Lopez, Madrid",40.4167047,-3.7035825,1247,4442.222222222223,129.0,99.0,0.0,0.0,1.0,0.0,cerámica,pintura,corredera,estándar (2.4-2.8m),nada,2.8,3.0,convencional,"['#DDA0DD', '#A0522D', '#808080']",regular,False,convencional,limitado,ninguno,ninguno,básico,básica,ninguno,5.0,5.2,ninguna,5
https://www.tecnocasa.es/venta/casa/madrid/ciempozuelos/596391.html,209000.0,3,90.0,1,"Agencia inmobiliaria de Seseña zona Seseña y Ciempozuelos, Tecnocasa Estudio Seseña Ciempo SL.

VENDE CASA ADOSADA en espectacular urbanización en Ciempozuelos de 90m2 útiles. Distribuido dos plantas; cuenta con un amplio patio, recibidor, salón amplio independiente con aire acondicionado, cocina, un baño completo, tres dormitorios, dos de ellos cuentan con armarios empotrados. Cuenta con una piscina comunitaria y parque infantil.

La vivienda está situada en una de las MEJORES ZONAS DE CIEMPOZUELOS; es una zona tranquila, ya consolidada con multitud de servicios alrededor y bien comunicada por la red de transportes del municipio.

No dude en llamarnos para concertar su cita para visitar el inmueble en la que además recibirá el estudio gratuito de nuestro departamento financiero KÌRON.",0,1,1,0,1,1,1,1,0,1,"['https://cdn-media.medialabtc.it/es/agencies/to508/estates/596391/images/8426393/gallery_media.jpeg', 'https://cdn-media.medialabtc.it/es/agencies/to508/estates/596391/images/8426382/gallery_media.jpeg', 'https://cdn-media.medialabtc.it/es/agencies/to508/estates/596391/images/8426379/gallery_media.jpeg', 'https://cdn-media.medialabtc.it/es/agencies/to508/estates/596391/images/8428597/gallery_media.jpeg', 'https://cdn-media.medialabtc.it/es/agencies/to508/estates/596391/images/8426392/gallery_media.jpeg', 'https://cdn-media.medialabtc.it/es/agencies/to508/estates/596391/images/8426376/gallery_media.jpeg', 'https://cdn-media.medialabtc.it/es/agencies/to508/estates/596391/images/8426390/gallery_media.jpeg', 'https://cdn-media.medialabtc.it/es/agencies/to508/estates/596391/images/8426384/gallery_media.jpeg', 'https://cdn-media.medialabtc.it/es/agencies/to508/estates/596391/images/8426387/gallery_media.jpeg', 'https://cdn-media.medialabtc.it/es/agencies/to508/estates/596391/images/8426332/gallery_media.jpeg', 'https://cdn-media.medialabtc.it/es/agencies/to508/estates/596391/images/8426381/gallery_media.jpeg', 'https://cdn-media.medialabtc.it/es/agencies/to508/estates/596391/images/8426383/gallery_media.jpeg', 'https://cdn-media.medialabtc.it/es/agencies/to508/estates/596391/images/8426378/gallery_media.jpeg', 'https://cdn-media.medialabtc.it/es/agencies/to508/estates/596391/images/8426380/gallery_media.jpeg', 'https://cdn-media.medialabtc.it/es/agencies/to508/estates/596391/images/8426394/gallery_media.jpeg', 'https://cdn-media.medialabtc.it/es/agencies/to508/estates/596391/images/8426385/gallery_media.jpeg', 'https://cdn-media.medialabtc.it/es/agencies/to508/estates/596391/images/8426386/gallery_media.jpeg', 'https://cdn-media.medialabtc.it/es/agencies/to508/estates/596391/images/8428595/gallery_media.jpeg', 'https://cdn-media.medialabtc.it/es/agencies/to508/estates/596391/images/8426391/gallery_media.jpeg', 'https://cdn-media.medialabtc.it/es/agencies/to508/estates/596391/images/8426374/gallery_media.jpeg', 'https://cdn-media.medialabtc.it/es/agencies/to508/estates/596391/images/8426330/gallery_media.jpeg', 'https://cdn-media.medialabtc.it/es/agencies/to508/estates/596391/images/8426373/gallery_media.jpeg', 'https://cdn-media.medialabtc.it/es/agencies/to508/estates/596391/images/8428596/gallery_media.jpeg', 'https://cdn-media.medialabtc.it/es/agencies/to508/estates/596391/images/8426377/gallery_media.jpeg', 'https://cdn-media.medialabtc.it/es/agencies/to508/estates/596391/images/8426395/gallery_media.jpeg', 'https://cdn-media.medialabtc.it/es/agencies/to508/estates/596391/images/8426389/gallery_media.jpeg', 'https://cdn-media.medialabtc.it/es/agencies/to508/estates/596391/images/8426331/gallery_media.jpeg', 'https://cdn-media.medialabtc.it/es/agencies/to508/estates/596391/images/8426375/gallery_media.jpeg', 'https://cdn-media.medialabtc.it/es/agencies/to508/estates/596391/images/8426396/gallery_media.jpeg', 'https://cdn-media.medialabtc.it/es/agencies/to508/estates/596391/images/8426388/gallery_media.jpeg']",0,Desconocido,0,0,1,0,0,Desconocida,0,1,"['imagenes_tecnocasa\\anuncio_1248\\0.jpeg', 'imagenes_tecnocasa\\anuncio_1248\\1.jpeg', 'imagenes_tecnocasa\\anuncio_1248\\2.jpeg', 'imagenes_tecnocasa\\anuncio_1248\\3.jpeg', 'imagenes_tecnocasa\\anuncio_1248\\4.jpeg', 'imagenes_tecnocasa\\anuncio_1248\\5.jpeg', 'imagenes_tecnocasa\\anuncio_1248\\6.jpeg', 'imagenes_tecnocasa\\anuncio_1248\\7.jpeg', 'imagenes_tecnocasa\\anuncio_1248\\8.jpeg', 'imagenes_tecnocasa\\anuncio_1248\\9.jpeg', 'imagenes_tecnocasa\\anuncio_1248\\10.jpeg', 'imagenes_tecnocasa\\anuncio_1248\\11.jpeg', 'imagenes_tecnocasa\\anuncio_1248\\12.jpeg', 'imagenes_tecnocasa\\anuncio_1248\\13.jpeg', 'imagenes_tecnocasa\\anuncio_1248\\14.jpeg', 'imagenes_tecnocasa\\anuncio_1248\\15.jpeg', 'imagenes_tecnocasa\\anuncio_1248\\16.jpeg', 'imagenes_tecnocasa\\anuncio_1248\\17.jpeg', 'imagenes_tecnocasa\\anuncio_1248\\18.jpeg', 'imagenes_tecnocasa\\anuncio_1248\\19.jpeg', 'imagenes_tecnocasa\\anuncio_1248\\20.jpeg', 'imagenes_tecnocasa\\anuncio_1248\\21.jpeg', 'imagenes_tecnocasa\\anuncio_1248\\22.jpeg', 'imagenes_tecnocasa\\anuncio_1248\\23.jpeg', 'imagenes_tecnocasa\\anuncio_1248\\24.jpeg', 'imagenes_tecnocasa\\anuncio_1248\\25.jpeg', 'imagenes_tecnocasa\\anuncio_1248\\26.jpeg', 'imagenes_tecnocasa\\anuncio_1248\\27.jpeg', 'imagenes_tecnocasa\\anuncio_1248\\28.jpeg', 'imagenes_tecnocasa\\anuncio_1248\\29.jpeg']",0,Media,1975,0,0,0,casa,2,Ciempozuelos,Ciempozuelos,40.1580087,-3.6205514,1248,2322.222222222222,118.0,91.0,0.0,0.0,1.0,0.0,parquet,pintura,corredera,estándar (2.4-2.8m),nada,3.4,3.6,convencional,"['#FFD700', '#DEB887', '#FFF8DC']",regular,False,convencional,limitado,ninguno,ninguno,estándar,básica,ninguno,6.0,7.0,ninguna,5
https://www.tecnocasa.es/venta/casa/madrid/villaviciosa-de-odon/584971.html,390000.0,3,123.0,1,"CONSULTA NUESTRAS HIPOTECAS DESDE EL 1,60% PARA QUE TU COMPRA SEA MAS BARATA! TECNOCASA VILLAVICIOSA DE ODON
Vende en exclusiva para que usted compre con seguridad y tranquilidad, sin otros compradores y agencias por medio. Confíe en la inmobiliaria líder en España con más de 800 puntos de venta.
Agencia Inmobiliaria inscrita en el RAIN de la Comunidad de Madrid. N° 000134/18.
Casa baja en el centro de Villaviciosa de Odón, cercano a todos los servicios, parada de autobús, Supercor, Mercadona, biblioteca, centro de salud y zonas comerciales.
Planta baja: La vivienda cuenta con un baño completo en el hall de entrada, este comunica con un pequeño dormitorio, con la cocina, el mismo hall también comunica con salón y este a su vez con dos dormitorios.
Patio de 122m.
Gestionamos cambios de vivienda, valoración inmobiliaria gratuita.",0,0,1,1,1,1,0,1,1,1,"['https://cdn-media.medialabtc.it/es/agencies/mdbzb/estates/584971/images/8180445/gallery_media.jpeg', 'https://cdn-media.medialabtc.it/es/agencies/mdbzb/estates/584971/images/8180443/gallery_media.jpeg', 'https://cdn-media.medialabtc.it/es/agencies/mdbzb/estates/584971/images/8180386/gallery_media.jpeg', 'https://cdn-media.medialabtc.it/es/agencies/mdbzb/estates/584971/images/8180447/gallery_media.jpeg', 'https://cdn-media.medialabtc.it/es/agencies/mdbzb/estates/584971/images/8180389/gallery_media.jpeg', 'https://cdn-media.medialabtc.it/es/agencies/mdbzb/estates/584971/images/8180393/gallery_media.jpeg', 'https://cdn-media.medialabtc.it/es/agencies/mdbzb/estates/584971/images/8180446/gallery_media.jpeg', 'https://cdn-media.medialabtc.it/es/agencies/mdbzb/estates/584971/images/8868983/gallery_media.jpeg', 'https://cdn-media.medialabtc.it/es/agencies/mdbzb/estates/584971/images/8180387/gallery_media.jpeg', 'https://cdn-media.medialabtc.it/es/agencies/mdbzb/estates/584971/images/8180444/gallery_media.jpeg', 'https://cdn-media.medialabtc.it/es/agencies/mdbzb/estates/584971/images/8180388/gallery_media.jpeg', 'https://cdn-media.medialabtc.it/es/agencies/mdbzb/estates/584971/images/8180392/gallery_media.jpeg', 'https://cdn-media.medialabtc.it/es/agencies/mdbzb/estates/584971/images/8180385/gallery_media.jpeg', 'https://cdn-media.medialabtc.it/es/agencies/mdbzb/estates/584971/images/8180442/gallery_media.jpeg', 'https://cdn-media.medialabtc.it/es/agencies/mdbzb/estates/584971/images/8180448/gallery_media.jpeg', 'https://cdn-media.medialabtc.it/es/agencies/mdbzb/estates/584971/images/8180391/gallery_media.jpeg', 'https://cdn-media.medialabtc.it/es/agencies/mdbzb/estates/584971/images/8180390/gallery_media.jpeg']",0,Desconocido,0,0,0,0,1,G,0,0,"['imagenes_tecnocasa\\anuncio_1249\\0.jpeg', 'imagenes_tecnocasa\\anuncio_1249\\1.jpeg', 'imagenes_tecnocasa\\anuncio_1249\\2.jpeg', 'imagenes_tecnocasa\\anuncio_1249\\3.jpeg', 'imagenes_tecnocasa\\anuncio_1249\\4.jpeg', 'imagenes_tecnocasa\\anuncio_1249\\5.jpeg', 'imagenes_tecnocasa\\anuncio_1249\\6.jpeg', 'imagenes_tecnocasa\\anuncio_1249\\7.jpeg', 'imagenes_tecnocasa\\anuncio_1249\\8.jpeg', 'imagenes_tecnocasa\\anuncio_1249\\9.jpeg', 'imagenes_tecnocasa\\anuncio_1249\\10.jpeg', 'imagenes_tecnocasa\\anuncio_1249\\11.jpeg', 'imagenes_tecnocasa\\anuncio_1249\\12.jpeg', 'imagenes_tecnocasa\\anuncio_1249\\13.jpeg', 'imagenes_tecnocasa\\anuncio_1249\\14.jpeg', 'imagenes_tecnocasa\\anuncio_1249\\15.jpeg', 'imagenes_tecnocasa\\anuncio_1249\\16.jpeg']",0,De época,1965,1,0,0,casa,2,Villaviciosa de Odón,Villaviciosa De Odón,40.3573787,-3.9002334,1249,3170.731707317073,136.0,100.0,0.0,0.0,0.0,0.0,otro,otro,otro,estándar (2.4-2.8m),nada,2.0,2.4,otro,"['#008000', '#FFFFFF', '#A0A0A0']",regular,False,convencional,limitado,ninguno,ninguno,básico,básica,ninguno,6.8,6.2,ninguna,5
https://www.tecnocasa.es/venta/piso/madrid/getafe/600543.html,148000.0,2,57.0,1,"vivienda actualmente alquilada
Agencia inmobiliaria de GETAFE zona GETAFE UNIVERSIDAD- LAS MARGARITAS. - CENTRO
Ubicada en pleno núcleo Universitario de Getafe, la vivienda cuenta con todos los servicios, transportes y centros públicos posibles. La Universidad Carlos III como epicentro de la zona fue inaugurada entre los años 1989 y 1990. Des entonces la zona fue creciendo y acomodándose como una de las zonas mejor comunicada y dotada de los servicios.
La vivienda se encuentra a 5 minutos de la estación RENFE LAS MARGARITAS
2 minutos de autobuses conectado con Madrid y urbanos.
5 minutos de la estación de metro de juan de la cierva
Zonas verdes, parques infantiles, colegios cerca de la vivienda.
La vivienda cuenta con 57 m2 que se distribuye en 2 dormitorios, salón, cocina oficce y baño. Se encuentra reformado para entrar a vivir.
Calefacción de gas natural con radiadores en todas las estancias. Aire acondicionado. Es una vivienda exterior.
Zona consolidada dispone de colegios e institutos. Comercios de barrio y grandes supermercados. En pleno centro Universitario de Getafe. Actualmente alquilada ofreciendo rentabilidad desde el primer dia.
VEN A VISITARLA no te arrepentirás, sin compromiso. SEGURO LA TENDRAS EN CUENTA A LA HORA DE DECIDIR Y COMPARAR A LA HORA COMPRAR UNA VIVIENDA.",1,1,1,1,1,1,1,1,1,1,"['https://cdn-media.medialabtc.it/es/agencies/mdbg4/estates/600543/images/8576624/gallery_media.jpeg', 'https://cdn-media.medialabtc.it/es/agencies/mdbg4/estates/600543/images/8576629/gallery_media.jpeg', 'https://cdn-media.medialabtc.it/es/agencies/mdbg4/estates/600543/images/8576626/gallery_media.jpeg', 'https://cdn-media.medialabtc.it/es/agencies/mdbg4/estates/600543/images/8576617/gallery_media.jpeg', 'https://cdn-media.medialabtc.it/es/agencies/mdbg4/estates/600543/images/8576616/gallery_media.jpeg', 'https://cdn-media.medialabtc.it/es/agencies/mdbg4/estates/600543/images/8576627/gallery_media.jpeg', 'https://cdn-media.medialabtc.it/es/agencies/mdbg4/estates/600543/images/8576619/gallery_media.jpeg', 'https://cdn-media.medialabtc.it/es/agencies/mdbg4/estates/600543/images/8576621/gallery_media.jpeg', 'https://cdn-media.medialabtc.it/es/agencies/mdbg4/estates/600543/images/8576620/gallery_media.jpeg', 'https://cdn-media.medialabtc.it/es/agencies/mdbg4/estates/600543/images/8576623/gallery_media.jpeg', 'https://cdn-media.medialabtc.it/es/agencies/mdbg4/estates/600543/images/8576633/gallery_media.jpeg', 'https://cdn-media.medialabtc.it/es/agencies/mdbg4/estates/600543/images/8576615/gallery_media.jpeg', 'https://cdn-media.medialabtc.it/es/agencies/mdbg4/estates/600543/images/8576625/gallery_media.jpeg', 'https://cdn-media.medialabtc.it/es/agencies/mdbg4/estates/600543/images/8517066/gallery_media.jpeg', 'https://cdn-media.medialabtc.it/es/agencies/mdbg4/estates/600543/images/8576618/gallery_media.jpeg', 'https://cdn-media.medialabtc.it/es/agencies/mdbg4/estates/600543/images/8576628/gallery_media.jpeg', 'https://cdn-media.medialabtc.it/es/agencies/mdbg4/estates/600543/images/8576630/gallery_media.jpeg', 'https://cdn-media.medialabtc.it/es/agencies/mdbg4/estates/600543/images/8576632/gallery_media.jpeg', 'https://cdn-media.medialabtc.it/es/agencies/mdbg4/estates/600543/images/8576631/gallery_media.jpeg', 'https://cdn-media.medialabtc.it/es/agencies/mdbg4/estates/600543/images/8576622/gallery_media.jpeg']",0,Reformado,0,0,0,0,0,G,0,0,"['imagenes_tecnocasa\\anuncio_1253\\0.jpeg', 'imagenes_tecnocasa\\anuncio_1253\\1.jpeg', 'imagenes_tecnocasa\\anuncio_1253\\2.jpeg', 'imagenes_tecnocasa\\anuncio_1253\\3.jpeg', 'imagenes_tecnocasa\\anuncio_1253\\4.jpeg', 'imagenes_tecnocasa\\anuncio_1253\\5.jpeg', 'imagenes_tecnocasa\\anuncio_1253\\6.jpeg', 'imagenes_tecnocasa\\anuncio_1253\\7.jpeg', 'imagenes_tecnocasa\\anuncio_1253\\8.jpeg', 'imagenes_tecnocasa\\anuncio_1253\\9.jpeg', 'imagenes_tecnocasa\\anuncio_1253\\10.jpeg', 'imagenes_tecnocasa\\anuncio_1253\\11.jpeg', 'imagenes_tecnocasa\\anuncio_1253\\12.jpeg', 'imagenes_tecnocasa\\anuncio_1253\\13.jpeg', 'imagenes_tecnocasa\\anuncio_1253\\14.jpeg', 'imagenes_tecnocasa\\anuncio_1253\\15.jpeg', 'imagenes_tecnocasa\\anuncio_1253\\16.jpeg', 'imagenes_tecnocasa\\anuncio_1253\\17.jpeg', 'imagenes_tecnocasa\\anuncio_1253\\18.jpeg', 'imagenes_tecnocasa\\anuncio_1253\\19.jpeg']",1,Popular,1968,1,0,0,piso,1,Getafe,"Universidad, Getafe",40.3070639,-3.7331808,1253,2596.4912280701756,206.0,140.0,0.1,0.4,1.0,0.0,vinilo,pintura,no visible,estándar (2.4-2.8m),nada,3.8,5.2,moderno,"['#F2F2F2', '#A0A0A0', '#505050']",regular,False,convencional,limitado,ninguno,ninguno,estándar,básica,ninguno,7.0,6.4,ninguna,5
https://www.tecnocasa.es/venta/piso/madrid/madrid/610911.html,172000.0,3,63.0,1,"Agencia inmobiliaria de MADRID vende piso en la zona de CARABANCHEL ALTO - BUENAVISTA.
En venta: Un piso de 63 m2 con tres acogedoras habitaciones y un baño bien equipado, este lugar tiene todo el espacio que necesita para instalarse y hacerlo suyo. Los grandes ventanales inundan todas las habitaciones de luz natural, dándoles una sensación de luminosidad y amplitud a la que es difícil resistirse. Los techos altos añaden un toque de elegancia, mientras que la terraza ofrece un lugar encantador para relajarse con un café o una copa de vino después de un largo día.
Encontrará aire acondicionado tanto en el salón como en el dormitorio principal, lo que mantiene el ambiente fresco y cómodo durante todo el año. La distribución es práctica pero acogedora, diseñada para que se sienta como en casa desde el momento en que entra.
Este piso está en una ubicación fantástica. Está a solo 5 minutos a pie de la estación de metro más cercana y a 2 minutos a pie de la parada de autobús más cercana, lo que facilita los desplazamientos. Los servicios también están al alcance de la mano, así que tanto si se trata de hacer la compra como de una cena espontánea fuera, la comodidad está a la vuelta de la esquina. Además, el barrio seguro le da esa tranquilidad extra.
Si estás buscando un lugar cómodo y en una ubicación inmejorable, este piso te está llamando. Ponte en contacto con nosotros para obtener más información o para concertar una visita.
¡No dudes en comunicarte conmigo para programar una visita y descubrir todas las posibilidades que te ofrece esta increíble propiedad! Financiación HASTA 100% a través del departamento financiero de Tecnocasa (Kiron). La obtención de la financiación está sujeta a las condiciones de la entidad financiera y tendrá en cuenta el perfil y solvencia del cliente.

De acuerdo con el RD 515/1989, del 21 de Abril, se informa al cliente que los gastos notariales, registrales, I. T. P. o equivalente, gastos financieros y otros gastos inherentes a la compraventa no están incluidos en el precio de venta de la vivienda.",1,1,1,1,1,1,0,1,0,1,"['https://cdn-media.medialabtc.it/es/agencies/mdawf/estates/610911/images/8846036/gallery_media.jpeg', 'https://cdn-media.medialabtc.it/es/agencies/mdawf/estates/610911/images/8846037/gallery_media.jpeg', 'https://cdn-media.medialabtc.it/es/agencies/mdawf/estates/610911/images/8846033/gallery_media.jpeg', 'https://cdn-media.medialabtc.it/es/agencies/mdawf/estates/610911/images/8846041/gallery_media.jpeg', 'https://cdn-media.medialabtc.it/es/agencies/mdawf/estates/610911/images/8846032/gallery_media.jpeg', 'https://cdn-media.medialabtc.it/es/agencies/mdawf/estates/610911/images/8846042/gallery_media.jpeg', 'https://cdn-media.medialabtc.it/es/agencies/mdawf/estates/610911/images/8846044/gallery_media.jpeg', 'https://cdn-media.medialabtc.it/es/agencies/mdawf/estates/610911/images/8846031/gallery_media.jpeg', 'https://cdn-media.medialabtc.it/es/agencies/mdawf/estates/610911/images/8846045/gallery_media.jpeg', 'https://cdn-media.medialabtc.it/es/agencies/mdawf/estates/610911/images/8846028/gallery_media.jpeg', 'https://cdn-media.medialabtc.it/es/agencies/mdawf/estates/610911/images/8846043/gallery_media.jpeg', 'https://cdn-media.medialabtc.it/es/agencies/mdawf/estates/610911/images/8846025/gallery_media.jpeg', 'https://cdn-media.medialabtc.it/es/agencies/mdawf/estates/610911/images/8846034/gallery_media.jpeg', 'https://cdn-media.medialabtc.it/es/agencies/mdawf/estates/610911/images/8846026/gallery_media.jpeg', 'https://cdn-media.medialabtc.it/es/agencies/mdawf/estates/610911/images/8846024/gallery_media.jpeg', 'https://cdn-media.medialabtc.it/es/agencies/mdawf/estates/610911/images/8846049/gallery_media.jpeg', 'https://cdn-media.medialabtc.it/es/agencies/mdawf/estates/610911/images/8846027/gallery_media.jpeg', 'https://cdn-media.medialabtc.it/es/agencies/mdawf/estates/610911/images/8846048/gallery_media.jpeg', 'https://cdn-media.medialabtc.it/es/agencies/mdawf/estates/610911/images/8846030/gallery_media.jpeg', 'https://cdn-media.medialabtc.it/es/agencies/mdawf/estates/610911/images/8846047/gallery_media.jpeg', 'https://cdn-media.medialabtc.it/es/agencies/mdawf/estates/610911/images/8846046/gallery_media.jpeg', 'https://cdn-media.medialabtc.it/es/agencies/mdawf/estates/610911/images/8846029/gallery_media.jpeg', 'https://cdn-media.medialabtc.it/es/agencies/mdawf/estates/610911/images/8846035/gallery_media.jpeg', 'https://cdn-media.medialabtc.it/es/agencies/mdawf/estates/610911/images/8846040/gallery_media.jpeg', 'https://cdn-media.medialabtc.it/es/agencies/mdawf/estates/610911/images/8846039/gallery_media.jpeg', 'https://cdn-media.medialabtc.it/es/agencies/mdawf/estates/610911/images/8846038/gallery_media.jpeg']",0,Desconocido,0,0,0,1,0,F,1,0,"['imagenes_tecnocasa\\anuncio_1254\\0.jpeg', 'imagenes_tecnocasa\\anuncio_1254\\1.jpeg', 'imagenes_tecnocasa\\anuncio_1254\\2.jpeg', 'imagenes_tecnocasa\\anuncio_1254\\3.jpeg', 'imagenes_tecnocasa\\anuncio_1254\\4.jpeg', 'imagenes_tecnocasa\\anuncio_1254\\5.jpeg', 'imagenes_tecnocasa\\anuncio_1254\\6.jpeg', 'imagenes_tecnocasa\\anuncio_1254\\7.jpeg', 'imagenes_tecnocasa\\anuncio_1254\\8.jpeg', 'imagenes_tecnocasa\\anuncio_1254\\9.jpeg', 'imagenes_tecnocasa\\anuncio_1254\\10.jpeg', 'imagenes_tecnocasa\\anuncio_1254\\11.jpeg', 'imagenes_tecnocasa\\anuncio_1254\\12.jpeg', 'imagenes_tecnocasa\\anuncio_1254\\13.jpeg', 'imagenes_tecnocasa\\anuncio_1254\\14.jpeg', 'imagenes_tecnocasa\\anuncio_1254\\15.jpeg', 'imagenes_tecnocasa\\anuncio_1254\\16.jpeg', 'imagenes_tecnocasa\\anuncio_1254\\17.jpeg', 'imagenes_tecnocasa\\anuncio_1254\\18.jpeg', 'imagenes_tecnocasa\\anuncio_1254\\19.jpeg', 'imagenes_tecnocasa\\anuncio_1254\\20.jpeg', 'imagenes_tecnocasa\\anuncio_1254\\21.jpeg', 'imagenes_tecnocasa\\anuncio_1254\\22.jpeg', 'imagenes_tecnocasa\\anuncio_1254\\23.jpeg', 'imagenes_tecnocasa\\anuncio_1254\\24.jpeg', 'imagenes_tecnocasa\\anuncio_1254\\25.jpeg']",1,Media,1969,1,0,0,piso,2,Carabanchel,"Carabanchel Alto - Buena Vista, Madrid",40.3742112,-3.744676,1254,2730.15873015873,352.0,213.0,0.05,0.25,0.0,0.0,otro,pintura,corredera,estándar (2.4-2.8m),nada,3.8,3.6,convencional,"['#A0522D', '#F5F5DC', '#FFFFFF']",regular,False,convencional,limitado,ninguno,ninguno,estándar,básica,ninguno,6.6,5.4,ninguna,5
https://www.tecnocasa.es/venta/piso/madrid/madrid/611369.html,165000.0,2,61.0,1,"Agencia inmobiliaria de MADRID vende piso en la zona de CARABANCHEL ALTO - BUENAVISTA.
RESERVADO
Este encantador apartamento de 63m², con 2 habitaciones, 1 despacho y 1 baño, te ofrece un estilo de vida cómodo y luminoso. Con grandes ventanales que inundan el espacio de luz natural, disfrutarás de un ambiente brillante y aireado que invita a relajarte.
El apartamento se encuentra en un buen estado con de conservación y cuenta con una terraza ideal para tus momentos al aire libre. Los techos altos y las ventanas dobles ofrecen un toque elegante mientras garantizan confort. Con calefacción eléctrica en todo el lugar y ubicado en un vecindario seguro, tendrás todo lo necesario para tu bienestar.
Ubicado en una fantástica zona, estarás a poca distancia de todas las comodidades que necesitas: hospitales, clínicas veterinarias, supermercados y el centro comercial Islazul. Además, podrás disfrutar de una variada oferta gastronómica en bares y restaurantes cercanos.
A solo 5 minutos a pie de la estación de tren y a 2 minutos del autobús más cercano, la conexión con el resto de la ciudad es inmejorable.
¡No dudes en comunicarte conmigo para programar una visita y descubrir todas las posibilidades que te ofrece esta increíble propiedad! Financiación HASTA 100% a través del departamento financiero de Tecnocasa (Kiron). La obtención de la financiación está sujeta a las condiciones de la entidad financiera y tendrá en cuenta el perfil y solvencia del cliente.

De acuerdo con el RD 515/1989, del 21 de Abril, se informa al cliente que los gastos notariales, registrales, I. T. P. o equivalente, gastos financieros y otros gastos inherentes a la compraventa no están incluidos en el precio de venta de la vivienda.",1,1,1,1,1,1,0,1,0,1,"['https://cdn-media.medialabtc.it/es/agencies/mdawf/estates/611369/images/8827664/gallery_media.jpeg', 'https://cdn-media.medialabtc.it/es/agencies/mdawf/estates/611369/images/8827632/gallery_media.jpeg', 'https://cdn-media.medialabtc.it/es/agencies/mdawf/estates/611369/images/8827641/gallery_media.jpeg', 'https://cdn-media.medialabtc.it/es/agencies/mdawf/estates/611369/images/8827666/gallery_media.jpeg', 'https://cdn-media.medialabtc.it/es/agencies/mdawf/estates/611369/images/8827650/gallery_media.jpeg', 'https://cdn-media.medialabtc.it/es/agencies/mdawf/estates/611369/images/8827633/gallery_media.jpeg', 'https://cdn-media.medialabtc.it/es/agencies/mdawf/estates/611369/images/8827665/gallery_media.jpeg', 'https://cdn-media.medialabtc.it/es/agencies/mdawf/estates/611369/images/8827639/gallery_media.jpeg', 'https://cdn-media.medialabtc.it/es/agencies/mdawf/estates/611369/images/8827663/gallery_media.jpeg', 'https://cdn-media.medialabtc.it/es/agencies/mdawf/estates/611369/images/8827668/gallery_media.jpeg', 'https://cdn-media.medialabtc.it/es/agencies/mdawf/estates/611369/images/8827672/gallery_media.jpeg', 'https://cdn-media.medialabtc.it/es/agencies/mdawf/estates/611369/images/8827671/gallery_media.jpeg', 'https://cdn-media.medialabtc.it/es/agencies/mdawf/estates/611369/images/8827638/gallery_media.jpeg', 'https://cdn-media.medialabtc.it/es/agencies/mdawf/estates/611369/images/8827673/gallery_media.jpeg', 'https://cdn-media.medialabtc.it/es/agencies/mdawf/estates/611369/images/8827662/gallery_media.jpeg', 'https://cdn-media.medialabtc.it/es/agencies/mdawf/estates/611369/images/8827674/gallery_media.jpeg', 'https://cdn-media.medialabtc.it/es/agencies/mdawf/estates/611369/images/8827636/gallery_media.jpeg', 'https://cdn-media.medialabtc.it/es/agencies/mdawf/estates/611369/images/8827669/gallery_media.jpeg', 'https://cdn-media.medialabtc.it/es/agencies/mdawf/estates/611369/images/8827634/gallery_media.jpeg', 'https://cdn-media.medialabtc.it/es/agencies/mdawf/estates/611369/images/8827651/gallery_media.jpeg', 'https://cdn-media.medialabtc.it/es/agencies/mdawf/estates/611369/images/8827637/gallery_media.jpeg', 'https://cdn-media.medialabtc.it/es/agencies/mdawf/estates/611369/images/8827652/gallery_media.jpeg', 'https://cdn-media.medialabtc.it/es/agencies/mdawf/estates/611369/images/8827670/gallery_media.jpeg', 'https://cdn-media.medialabtc.it/es/agencies/mdawf/estates/611369/images/8827667/gallery_media.jpeg', 'https://cdn-media.medialabtc.it/es/agencies/mdawf/estates/611369/images/8827635/gallery_media.jpeg', 'https://cdn-media.medialabtc.it/es/agencies/mdawf/estates/611369/images/8827640/gallery_media.jpeg']",0,Desconocido,0,0,0,1,0,G,0,0,"['imagenes_tecnocasa\\anuncio_1255\\0.jpeg', 'imagenes_tecnocasa\\anuncio_1255\\1.jpeg', 'imagenes_tecnocasa\\anuncio_1255\\2.jpeg', 'imagenes_tecnocasa\\anuncio_1255\\3.jpeg', 'imagenes_tecnocasa\\anuncio_1255\\4.jpeg', 'imagenes_tecnocasa\\anuncio_1255\\5.jpeg', 'imagenes_tecnocasa\\anuncio_1255\\6.jpeg', 'imagenes_tecnocasa\\anuncio_1255\\7.jpeg', 'imagenes_tecnocasa\\anuncio_1255\\8.jpeg', 'imagenes_tecnocasa\\anuncio_1255\\9.jpeg', 'imagenes_tecnocasa\\anuncio_1255\\10.jpeg', 'imagenes_tecnocasa\\anuncio_1255\\11.jpeg', 'imagenes_tecnocasa\\anuncio_1255\\12.jpeg', 'imagenes_tecnocasa\\anuncio_1255\\13.jpeg', 'imagenes_tecnocasa\\anuncio_1255\\14.jpeg', 'imagenes_tecnocasa\\anuncio_1255\\15.jpeg', 'imagenes_tecnocasa\\anuncio_1255\\16.jpeg', 'imagenes_tecnocasa\\anuncio_1255\\17.jpeg', 'imagenes_tecnocasa\\anuncio_1255\\18.jpeg', 'imagenes_tecnocasa\\anuncio_1255\\19.jpeg', 'imagenes_tecnocasa\\anuncio_1255\\20.jpeg', 'imagenes_tecnocasa\\anuncio_1255\\21.jpeg', 'imagenes_tecnocasa\\anuncio_1255\\22.jpeg', 'imagenes_tecnocasa\\anuncio_1255\\23.jpeg', 'imagenes_tecnocasa\\anuncio_1255\\24.jpeg', 'imagenes_tecnocasa\\anuncio_1255\\25.jpeg']",0,Media,1960,1,0,0,piso,2,Carabanchel,"Carabanchel Alto - Buena Vista, Madrid",40.3742112,-3.744676,1255,2704.9180327868853,280.0,187.0,0.55,0.7,1.0,1.0,otro,pintura,corredera,estándar (2.4-2.8m),nada,3.4,3.0,convencional,"['#FFFFFF', '#F2F2F2', '#D3D3D3']",regular,False,convencional,limitado,ninguno,ninguno,estándar,básica,ninguno,6.6,6.4,ninguna,5
https://www.tecnocasa.es/venta/casa/madrid/alcala-de-henares/609079.html,449000.0,5,160.0,4,"AGENCIA INMOBILIARIA DE ALCALÁ DE HENARES, OFICINA DE TECNOCASA ZONA ENSANCHE-NOGALES VENDE IMPECABLE CHALET PAREADO EN EL ENSANCHE.

La vivienda se encuentra en un INMEJORABLE ESTADO DE CONSERVACIÓN y está distribuida en cuatro plantas, se compone de:

Planta Baja: amplio salón independiente, aire acondicionado y acceso a un patio privado de esquina solado, con barbacoa y césped artifical, cocina totalmente amueblada, un aseo de cortesía y acceso a las escaleras para acceder a la planta primera.

Primera planta: Recibidor con tres amplios dormitorios y dos baños completos, y armarios empotrados.

Segunda planta: Buhardilla totalmente reformada y confortable con dos dormitorios y cuarto de baño completo, cuenta también con zona de lavandería.

Suelos de parqué y grés de gran calidad, carpintería interior de roble, carpintería exterior de aluminio climalit.

La finca dispone de zonas comunes con PISCINA COMUNITARIA Y ZONAS VERDES.

La zona destaca por su cómoda accesibilidad desde la Nacional A-2, además cuenta con numerosas paradas de autobús urbano e interurbano, y la estación de Alcalá de Henares a sólo 15 minutos andando.

Además la zona cuenta con una gran variedad de servicios como: Colegios ( Pablo Neruda, Alborada, Mozart.. . ) Institutos ( IES Pedro Gumiel, IES Doctor Marañón, IES Alborada. ) centro de especialidades Francisco Díaz, además de bancos, farmacias, bares y todo tipo de comercios.

No lo dude y venga a visitarlo sin compromiso, le va a sorprender su inmejorable estado.

Y NO OLVIDE QUE PODEMOS CONSEGUIR HASTA EL 100% DE FINANCIACIÓN GRACIAS A NUESTRO DEPARTAMENTO DE INTERMEDIACIÓN FINANCIERA KIRON.
ESTUDIOS DE VIABILIDAD GRATUITOS.",0,1,1,1,0,1,0,1,1,1,"['https://cdn-media.medialabtc.it/es/agencies/md554/estates/609079/images/8768235/gallery_media.jpeg', 'https://cdn-media.medialabtc.it/es/agencies/md554/estates/609079/images/8768234/gallery_media.jpeg', 'https://cdn-media.medialabtc.it/es/agencies/md554/estates/609079/images/8879578/gallery_media.jpeg', 'https://cdn-media.medialabtc.it/es/agencies/md554/estates/609079/images/8768331/gallery_media.jpeg', 'https://cdn-media.medialabtc.it/es/agencies/md554/estates/609079/images/8879577/gallery_media.jpeg', 'https://cdn-media.medialabtc.it/es/agencies/md554/estates/609079/images/8768318/gallery_media.jpeg', 'https://cdn-media.medialabtc.it/es/agencies/md554/estates/609079/images/8768325/gallery_media.jpeg', 'https://cdn-media.medialabtc.it/es/agencies/md554/estates/609079/images/8768233/gallery_media.jpeg', 'https://cdn-media.medialabtc.it/es/agencies/md554/estates/609079/images/8879579/gallery_media.jpeg', 'https://cdn-media.medialabtc.it/es/agencies/md554/estates/609079/images/8768320/gallery_media.jpeg', 'https://cdn-media.medialabtc.it/es/agencies/md554/estates/609079/images/8768324/gallery_media.jpeg', 'https://cdn-media.medialabtc.it/es/agencies/md554/estates/609079/images/8768330/gallery_media.jpeg', 'https://cdn-media.medialabtc.it/es/agencies/md554/estates/609079/images/8768328/gallery_media.jpeg', 'https://cdn-media.medialabtc.it/es/agencies/md554/estates/609079/images/8768326/gallery_media.jpeg', 'https://cdn-media.medialabtc.it/es/agencies/md554/estates/609079/images/8768323/gallery_media.jpeg', 'https://cdn-media.medialabtc.it/es/agencies/md554/estates/609079/images/8879576/gallery_media.jpeg', 'https://cdn-media.medialabtc.it/es/agencies/md554/estates/609079/images/8768332/gallery_media.jpeg', 'https://cdn-media.medialabtc.it/es/agencies/md554/estates/609079/images/8879575/gallery_media.jpeg', 'https://cdn-media.medialabtc.it/es/agencies/md554/estates/609079/images/8768321/gallery_media.jpeg', 'https://cdn-media.medialabtc.it/es/agencies/md554/estates/609079/images/8879580/gallery_media.jpeg', 'https://cdn-media.medialabtc.it/es/agencies/md554/estates/609079/images/8768319/gallery_media.jpeg', 'https://cdn-media.medialabtc.it/es/agencies/md554/estates/609079/images/8768329/gallery_media.jpeg', 'https://cdn-media.medialabtc.it/es/agencies/md554/estates/609079/images/8768327/gallery_media.jpeg', 'https://cdn-media.medialabtc.it/es/agencies/md554/estates/609079/images/8768322/gallery_media.jpeg']",0,Desconocido,0,0,1,0,0,Desconocida,0,0,"['imagenes_tecnocasa\\anuncio_1257\\0.jpeg', 'imagenes_tecnocasa\\anuncio_1257\\1.jpeg', 'imagenes_tecnocasa\\anuncio_1257\\2.jpeg', 'imagenes_tecnocasa\\anuncio_1257\\3.jpeg', 'imagenes_tecnocasa\\anuncio_1257\\4.jpeg', 'imagenes_tecnocasa\\anuncio_1257\\5.jpeg', 'imagenes_tecnocasa\\anuncio_1257\\6.jpeg', 'imagenes_tecnocasa\\anuncio_1257\\7.jpeg', 'imagenes_tecnocasa\\anuncio_1257\\8.jpeg', 'imagenes_tecnocasa\\anuncio_1257\\9.jpeg', 'imagenes_tecnocasa\\anuncio_1257\\10.jpeg', 'imagenes_tecnocasa\\anuncio_1257\\11.jpeg', 'imagenes_tecnocasa\\anuncio_1257\\12.jpeg', 'imagenes_tecnocasa\\anuncio_1257\\13.jpeg', 'imagenes_tecnocasa\\anuncio_1257\\14.jpeg', 'imagenes_tecnocasa\\anuncio_1257\\15.jpeg', 'imagenes_tecnocasa\\anuncio_1257\\16.jpeg', 'imagenes_tecnocasa\\anuncio_1257\\17.jpeg', 'imagenes_tecnocasa\\anuncio_1257\\18.jpeg', 'imagenes_tecnocasa\\anuncio_1257\\19.jpeg', 'imagenes_tecnocasa\\anuncio_1257\\20.jpeg', 'imagenes_tecnocasa\\anuncio_1257\\21.jpeg', 'imagenes_tecnocasa\\anuncio_1257\\22.jpeg', 'imagenes_tecnocasa\\anuncio_1257\\23.jpeg']",1,Señorial,2001,0,0,0,casa,1,Alcalá de Henares,"Ensanche, Alcalá De Henares",40.481954,-3.363981,1257,2806.25,257.0,186.0,0.0,0.0,1.0,0.0,cerámica,pintura,corredera,estándar (2.4-2.8m),nada,4.0,4.0,convencional,"['#DDA0DD', '#FFFFFF', '#A0522D']",regular,False,convencional,normal,ninguno,ninguno,estándar,parcialmente equipada,ninguno,6.4,6.6,ninguna,5
https://www.tecnocasa.es/venta/piso/madrid/alcala-de-henares/609780.html,299000.0,2,113.0,2,"AGENCIA INMOBILIARIA DE ALCALÁ DE HENARES, OFICINA DE TECNOCASA VENDE VIVIENDA EN EL ENSANCHE.

¡Descubre tu nuevo hogar en una ubicación inmejorable! Este magnífico piso de 115 m² construidos te ofrece todo lo que necesitas para vivir cómodamente. Situado en una zona con todos los servicios a tu alcance, disfrutarás de la cercanía a centros de salud, colegios e institutos, así como de una excelente comunicación con la estación de tren a solo 10 minutos a pie y fácil acceso a la nacional A-2.

El piso, en buen estado y construido en 2002, cuenta con un hall recibidor que da paso a una amplia cocina y un salón comedor independiente con balcón. Dispone de tres dormitorios con armarios empotrados, dos baños completos, uno de ellos con plato de ducha. Contamos con un balcón ideal para disfrutar del aire libre. La calefacción de gas natural individual y el aire acondicionado garantizan el máximo confort durante todo el año.

Además, la finca ofrece zonas comunes con piscina, perfectas para relajarte y disfrutar del tiempo libre. Incluye plaza de garaje y trastero en el precio, y cuenta con ascensor para mayor comodidad. ¡No dejes pasar esta oportunidad!

Con la intermediación financiera de KIRON, tienes la posibilidad de conseguir hasta el 100% de financiación. Ven a verlo y enamórate de tu futuro hogar.",0,1,1,1,1,1,0,1,1,1,"['https://cdn-media.medialabtc.it/es/agencies/md554/estates/609780/images/8879557/gallery_media.jpeg', 'https://cdn-media.medialabtc.it/es/agencies/md554/estates/609780/images/8879554/gallery_media.jpeg', 'https://cdn-media.medialabtc.it/es/agencies/md554/estates/609780/images/8879560/gallery_media.jpeg', 'https://cdn-media.medialabtc.it/es/agencies/md554/estates/609780/images/8879559/gallery_media.jpeg', 'https://cdn-media.medialabtc.it/es/agencies/md554/estates/609780/images/8879561/gallery_media.jpeg', 'https://cdn-media.medialabtc.it/es/agencies/md554/estates/609780/images/8879556/gallery_media.jpeg', 'https://cdn-media.medialabtc.it/es/agencies/md554/estates/609780/images/8879555/gallery_media.jpeg', 'https://cdn-media.medialabtc.it/es/agencies/md554/estates/609780/images/8879602/gallery_media.jpeg', 'https://cdn-media.medialabtc.it/es/agencies/md554/estates/609780/images/8879558/gallery_media.jpeg']",0,Buen estado,1,1,1,1,0,Desconocida,0,0,"['imagenes_tecnocasa\\anuncio_1258\\0.jpeg', 'imagenes_tecnocasa\\anuncio_1258\\1.jpeg', 'imagenes_tecnocasa\\anuncio_1258\\2.jpeg', 'imagenes_tecnocasa\\anuncio_1258\\3.jpeg', 'imagenes_tecnocasa\\anuncio_1258\\4.jpeg', 'imagenes_tecnocasa\\anuncio_1258\\5.jpeg', 'imagenes_tecnocasa\\anuncio_1258\\6.jpeg', 'imagenes_tecnocasa\\anuncio_1258\\7.jpeg', 'imagenes_tecnocasa\\anuncio_1258\\8.jpeg']",1,Popular,2002,1,0,0,piso,2,Alcalá de Henares,"Ensanche, Alcalá De Henares",40.481954,-3.363981,1258,2646.0176991150443,219.0,152.0,0.3333333333333333,0.6,0.0,1.0,cerámica,pintura,ninguna visible,estándar (2.4-2.8m),nada,3.4,3.6,convencional,"['#D2B48C', '#F5F5DC', '#FFE4C4']",regular,False,convencional,limitado,ninguno,ninguno,estándar,básica,ninguno,6.4,6.6,ninguna,5
https://www.tecnocasa.es/venta/piso/madrid/madrid/608104.html,240000.0,3,65.0,1,"Agencia Inmobiliaria de MADRID Zona JOSÉ DEL HIERRO - ARTURO SORIA vende estupenda vivienda PARA ACTUALIZAR en la calle Prudencio Alvaro a escasos metros de la calle Arturo Soria.

TECNOCASA → CIUDAD LINEAL - ARTURO SORIA - CONCEPCIÓN.

El inmueble que tenemos a disposición es una tercera planta de de 65 m² (según catastro).

Dispone de tres dormitorios, amplio salón, cocina completa y cuarto de baño.

Comunidad y zona residencial muy tranquila rodeada de áreas verdes.

ITE del edificio favorable.

LE INTERESA ESTA VIVIENDA, PASE SU PROPUESTA COMERCIAL A NUESTRO EQUIPO DE ASESORES

La zona está equipada con todos los servicios; supermercados, comercios, cafeterías, colegios privados y públicos, polideportivos, Centros Comerciales y zonas verdes. Zona comunicada con las Líneas 5 (Alameda de Osuna-Casa de Campo) y 7 (Hospital del Henares-Pitis) de metro.
Buses directos a Callao, Manuel Becerra, Canillejas, Plaza Castilla y Las Rosas.

Estaremos encantados de ampliarle información sobre la vivienda o asesorarle sobre las posibilidades de reforma y decoración que disponemos. Si tiene problemas con la financiación, también le ayudaremos.

Estamos en la calle José del Hierro Nº39.",1,0,1,1,1,1,1,1,1,1,"['https://cdn-media.medialabtc.it/es/agencies/mdaqc/estates/608104/images/8692280/gallery_media.jpeg', 'https://cdn-media.medialabtc.it/es/agencies/mdaqc/estates/608104/images/8692270/gallery_media.jpeg', 'https://cdn-media.medialabtc.it/es/agencies/mdaqc/estates/608104/images/8692266/gallery_media.jpeg', 'https://cdn-media.medialabtc.it/es/agencies/mdaqc/estates/608104/images/8692279/gallery_media.jpeg', 'https://cdn-media.medialabtc.it/es/agencies/mdaqc/estates/608104/images/8692267/gallery_media.jpeg', 'https://cdn-media.medialabtc.it/es/agencies/mdaqc/estates/608104/images/8692282/gallery_media.jpeg', 'https://cdn-media.medialabtc.it/es/agencies/mdaqc/estates/608104/images/8692281/gallery_media.jpeg', 'https://cdn-media.medialabtc.it/es/agencies/mdaqc/estates/608104/images/8692277/gallery_media.jpeg', 'https://cdn-media.medialabtc.it/es/agencies/mdaqc/estates/608104/images/8692278/gallery_media.jpeg', 'https://cdn-media.medialabtc.it/es/agencies/mdaqc/estates/608104/images/8692273/gallery_media.jpeg', 'https://cdn-media.medialabtc.it/es/agencies/mdaqc/estates/608104/images/8692263/gallery_media.jpeg', 'https://cdn-media.medialabtc.it/es/agencies/mdaqc/estates/608104/images/8692268/gallery_media.jpeg', 'https://cdn-media.medialabtc.it/es/agencies/mdaqc/estates/608104/images/8692271/gallery_media.jpeg', 'https://cdn-media.medialabtc.it/es/agencies/mdaqc/estates/608104/images/8692276/gallery_media.jpeg', 'https://cdn-media.medialabtc.it/es/agencies/mdaqc/estates/608104/images/8692265/gallery_media.jpeg', 'https://cdn-media.medialabtc.it/es/agencies/mdaqc/estates/608104/images/8692272/gallery_media.jpeg', 'https://cdn-media.medialabtc.it/es/agencies/mdaqc/estates/608104/images/8692264/gallery_media.jpeg', 'https://cdn-media.medialabtc.it/es/agencies/mdaqc/estates/608104/images/8692274/gallery_media.jpeg', 'https://cdn-media.medialabtc.it/es/agencies/mdaqc/estates/608104/images/8692275/gallery_media.jpeg', 'https://cdn-media.medialabtc.it/es/agencies/mdaqc/estates/608104/images/8692269/gallery_media.jpeg']",0,Desconocido,0,0,0,0,0,E,0,0,"['imagenes_tecnocasa\\anuncio_1259\\0.jpeg', 'imagenes_tecnocasa\\anuncio_1259\\1.jpeg', 'imagenes_tecnocasa\\anuncio_1259\\2.jpeg', 'imagenes_tecnocasa\\anuncio_1259\\3.jpeg', 'imagenes_tecnocasa\\anuncio_1259\\4.jpeg', 'imagenes_tecnocasa\\anuncio_1259\\5.jpeg', 'imagenes_tecnocasa\\anuncio_1259\\6.jpeg', 'imagenes_tecnocasa\\anuncio_1259\\7.jpeg', 'imagenes_tecnocasa\\anuncio_1259\\8.jpeg', 'imagenes_tecnocasa\\anuncio_1259\\9.jpeg', 'imagenes_tecnocasa\\anuncio_1259\\10.jpeg', 'imagenes_tecnocasa\\anuncio_1259\\11.jpeg', 'imagenes_tecnocasa\\anuncio_1259\\12.jpeg', 'imagenes_tecnocasa\\anuncio_1259\\13.jpeg', 'imagenes_tecnocasa\\anuncio_1259\\14.jpeg', 'imagenes_tecnocasa\\anuncio_1259\\15.jpeg', 'imagenes_tecnocasa\\anuncio_1259\\16.jpeg', 'imagenes_tecnocasa\\anuncio_1259\\17.jpeg', 'imagenes_tecnocasa\\anuncio_1259\\18.jpeg', 'imagenes_tecnocasa\\anuncio_1259\\19.jpeg']",1,Popular,1960,0,0,0,piso,1,Madrid,"Pueblo Nuevo, Madrid",40.4167047,-3.7035825,1259,3692.3076923076924,180.0,139.0,0.0,0.0,1.0,0.0,cerámica,pintura,corredera,estándar (2.4-2.8m),nada,3.2,4.2,convencional,"['#6495ED', '#FFF8DC', '#FFFFFF']",buena,False,convencional,limitado,ninguno,ninguno,estándar,básica,ninguno,7.2,6.2,ninguna,5
https://www.tecnocasa.es/venta/piso/madrid/madrid/614277.html,275000.0,3,83.0,1,"Inmobiliaria en Carabanchel - Oca - Tecnocasa Consulting Espada Sl, vende vivienda ubicada en Calle Alondra , compuesta de 3 dormitorios, salón, cocina y baño. Fiinca con ascensor.

La vivienda se encuentra en calle Alondra, junto a calle Oca, una de las calles con mayor actividad del distrito, a escasos metros de la parada de metro de Vista Alegre. La finca se ubica, además, muy próxima a la calle General Ricardos, arteria principal de Carabanchel y con todo tipo de servicios y transporte público. Cabe destacar la consolidación a nivel asistencial (Centro de Salud de la c/ General Ricardos), escolar (Colegios: Clarisas, Renacimiento, Perú, etc.) y escuelas de idiomas, el buen ambiente y tranquilidad que tiene el barrio y sobre todo, la comunicación de la zona debido a que nos podemos encontrar con las distintas líneas de la EMT que recorren el barrio (34, 35, 108, 118 y 119) y autobuses interurbanos (481, 484 y 485), además de encontrar, a un minuto de la vivienda, la parada de Vista Alegre (línea 5).

Existe la posibilidad de conseguir el 100 % de financiación sobre la compra, se realiza estudio financiero gratuito por el departamento financiero Kiron del Grupo Tecnocasa.




AVISO LEGAL: Recordamos a nuestros Señores clientes que la información facilitada no constituye una auténtica oferta vinculante ni contractual. Este anuncio publicitario es provisional, y las fotografías y datos en él incluidos están sujetos a posibles modificaciones, consecuencia de exigencias comerciales, jurídicas, técnicas o por mandato expreso de la propiedad. La información aquí contenida procura reflejar una orientación sobre los inmuebles a la fecha de su publicación. La totalidad del contenido que aparece tiene carácter meramente informativo y aproximado, no teniendo, en modo alguno, carácter contractual. Tanto los datos, como las imágenes y planos pueden estar sujetos a cambios, por lo que le invitamos a que, si precisa una información más exacta y detallada, contacte con nosotros y le atenderemos a la mayor brevedad posible. Los contenidos tienen únicamente finalidad informativa y en ninguna circunstancia deben usarse ni considerarse como oferta de venta o financiación, solicitud de una oferta de compra o financiación, ni recomendación para realizar cualquier otra transacción, salvo que así se indique expresamente. La información y documentación a ofrecer de acuerdo con lo dispuesto en el Real Decreto 515/1989 (de 21 de abril, relativa a la protección de los consumidores en cuanto a la información a suministrar en la compraventa y arrendamiento de viviendas), será puesta a disposición de los potenciales compradores en las respectivas delegaciones territoriales gestoras del inmueble.",1,1,1,1,1,1,1,1,1,1,"['https://cdn-media.medialabtc.it/es/agencies/md089/estates/614277/images/8845402/gallery_media.jpeg', 'https://cdn-media.medialabtc.it/es/agencies/md089/estates/614277/images/8845407/gallery_media.jpeg', 'https://cdn-media.medialabtc.it/es/agencies/md089/estates/614277/images/8845401/gallery_media.jpeg', 'https://cdn-media.medialabtc.it/es/agencies/md089/estates/614277/images/8845404/gallery_media.jpeg', 'https://cdn-media.medialabtc.it/es/agencies/md089/estates/614277/images/8845421/gallery_media.jpeg', 'https://cdn-media.medialabtc.it/es/agencies/md089/estates/614277/images/8845415/gallery_media.jpeg', 'https://cdn-media.medialabtc.it/es/agencies/md089/estates/614277/images/8845408/gallery_media.jpeg', 'https://cdn-media.medialabtc.it/es/agencies/md089/estates/614277/images/8845403/gallery_media.jpeg', 'https://cdn-media.medialabtc.it/es/agencies/md089/estates/614277/images/8845400/gallery_media.jpeg', 'https://cdn-media.medialabtc.it/es/agencies/md089/estates/614277/images/8845423/gallery_media.jpeg', 'https://cdn-media.medialabtc.it/es/agencies/md089/estates/614277/images/8845416/gallery_media.jpeg', 'https://cdn-media.medialabtc.it/es/agencies/md089/estates/614277/images/8845414/gallery_media.jpeg', 'https://cdn-media.medialabtc.it/es/agencies/md089/estates/614277/images/8845409/gallery_media.jpeg', 'https://cdn-media.medialabtc.it/es/agencies/md089/estates/614277/images/8845412/gallery_media.jpeg', 'https://cdn-media.medialabtc.it/es/agencies/md089/estates/614277/images/8845417/gallery_media.jpeg', 'https://cdn-media.medialabtc.it/es/agencies/md089/estates/614277/images/8845422/gallery_media.jpeg', 'https://cdn-media.medialabtc.it/es/agencies/md089/estates/614277/images/8845424/gallery_media.jpeg', 'https://cdn-media.medialabtc.it/es/agencies/md089/estates/614277/images/8845410/gallery_media.jpeg', 'https://cdn-media.medialabtc.it/es/agencies/md089/estates/614277/images/8845420/gallery_media.jpeg', 'https://cdn-media.medialabtc.it/es/agencies/md089/estates/614277/images/8845413/gallery_media.jpeg', 'https://cdn-media.medialabtc.it/es/agencies/md089/estates/614277/images/8845405/gallery_media.jpeg', 'https://cdn-media.medialabtc.it/es/agencies/md089/estates/614277/images/8845411/gallery_media.jpeg', 'https://cdn-media.medialabtc.it/es/agencies/md089/estates/614277/images/8845406/gallery_media.jpeg', 'https://cdn-media.medialabtc.it/es/agencies/md089/estates/614277/images/8845418/gallery_media.jpeg', 'https://cdn-media.medialabtc.it/es/agencies/md089/estates/614277/images/8845399/gallery_media.jpeg', 'https://cdn-media.medialabtc.it/es/agencies/md089/estates/614277/images/8845419/gallery_media.jpeg']",0,Desconocido,0,0,0,0,0,E,0,0,"['imagenes_tecnocasa\\anuncio_1260\\0.jpeg', 'imagenes_tecnocasa\\anuncio_1260\\1.jpeg', 'imagenes_tecnocasa\\anuncio_1260\\2.jpeg', 'imagenes_tecnocasa\\anuncio_1260\\3.jpeg', 'imagenes_tecnocasa\\anuncio_1260\\4.jpeg', 'imagenes_tecnocasa\\anuncio_1260\\5.jpeg', 'imagenes_tecnocasa\\anuncio_1260\\6.jpeg', 'imagenes_tecnocasa\\anuncio_1260\\7.jpeg', 'imagenes_tecnocasa\\anuncio_1260\\8.jpeg', 'imagenes_tecnocasa\\anuncio_1260\\9.jpeg', 'imagenes_tecnocasa\\anuncio_1260\\10.jpeg', 'imagenes_tecnocasa\\anuncio_1260\\11.jpeg', 'imagenes_tecnocasa\\anuncio_1260\\12.jpeg', 'imagenes_tecnocasa\\anuncio_1260\\13.jpeg', 'imagenes_tecnocasa\\anuncio_1260\\14.jpeg', 'imagenes_tecnocasa\\anuncio_1260\\15.jpeg', 'imagenes_tecnocasa\\anuncio_1260\\16.jpeg', 'imagenes_tecnocasa\\anuncio_1260\\17.jpeg', 'imagenes_tecnocasa\\anuncio_1260\\18.jpeg', 'imagenes_tecnocasa\\anuncio_1260\\19.jpeg', 'imagenes_tecnocasa\\anuncio_1260\\20.jpeg', 'imagenes_tecnocasa\\anuncio_1260\\21.jpeg', 'imagenes_tecnocasa\\anuncio_1260\\22.jpeg', 'imagenes_tecnocasa\\anuncio_1260\\23.jpeg', 'imagenes_tecnocasa\\anuncio_1260\\24.jpeg', 'imagenes_tecnocasa\\anuncio_1260\\25.jpeg']",0,Media,1962,0,0,1,piso,3,Madrid,"Vista Alegre, Madrid",40.4167047,-3.7035825,1260,3313.253012048193,421.0,264.0,0.125,0.375,0.0,0.0,parquet,pintura,corredera,estándar (2.4-2.8m),nada,3.2,2.6,clásico,"['#F2E8E0', '#D2B48C', '#A0522D']",regular,False,convencional,limitado,ninguno,ninguno,estándar,básica,ninguno,6.0,7.0,ninguna,5
https://www.tecnocasa.es/venta/casa/madrid/villaviciosa-de-odon/588844.html,445000.0,4,200.0,4,"Adosado en Urb. El Señorío, Hall, Baño con tendedero cubierto, Cocina, Salón-Comedor con salida directa a jardín, 3 habitaciones, Baño plato ducha, Buhardilla con dormitorio y baño, Bodega y Garaje.",0,0,1,1,1,1,0,1,1,1,"['https://cdn-media.medialabtc.it/es/agencies/mdbzb/estates/588844/images/8258477/gallery_media.jpeg', 'https://cdn-media.medialabtc.it/es/agencies/mdbzb/estates/588844/images/8258515/gallery_media.jpeg', 'https://cdn-media.medialabtc.it/es/agencies/mdbzb/estates/588844/images/8258486/gallery_media.jpeg', 'https://cdn-media.medialabtc.it/es/agencies/mdbzb/estates/588844/images/8258488/gallery_media.jpeg', 'https://cdn-media.medialabtc.it/es/agencies/mdbzb/estates/588844/images/8258487/gallery_media.jpeg', 'https://cdn-media.medialabtc.it/es/agencies/mdbzb/estates/588844/images/8258476/gallery_media.jpeg', 'https://cdn-media.medialabtc.it/es/agencies/mdbzb/estates/588844/images/8258481/gallery_media.jpeg', 'https://cdn-media.medialabtc.it/es/agencies/mdbzb/estates/588844/images/8258480/gallery_media.jpeg', 'https://cdn-media.medialabtc.it/es/agencies/mdbzb/estates/588844/images/8258479/gallery_media.jpeg', 'https://cdn-media.medialabtc.it/es/agencies/mdbzb/estates/588844/images/8258478/gallery_media.jpeg', 'https://cdn-media.medialabtc.it/es/agencies/mdbzb/estates/588844/images/8258484/gallery_media.jpeg', 'https://cdn-media.medialabtc.it/es/agencies/mdbzb/estates/588844/images/8258472/gallery_media.jpeg', 'https://cdn-media.medialabtc.it/es/agencies/mdbzb/estates/588844/images/8258482/gallery_media.jpeg', 'https://cdn-media.medialabtc.it/es/agencies/mdbzb/estates/588844/images/8258473/gallery_media.jpeg', 'https://cdn-media.medialabtc.it/es/agencies/mdbzb/estates/588844/images/8258485/gallery_media.jpeg', 'https://cdn-media.medialabtc.it/es/agencies/mdbzb/estates/588844/images/8258513/gallery_media.jpeg', 'https://cdn-media.medialabtc.it/es/agencies/mdbzb/estates/588844/images/8258577/gallery_media.jpeg', 'https://cdn-media.medialabtc.it/es/agencies/mdbzb/estates/588844/images/8258489/gallery_media.jpeg', 'https://cdn-media.medialabtc.it/es/agencies/mdbzb/estates/588844/images/8258578/gallery_media.jpeg', 'https://cdn-media.medialabtc.it/es/agencies/mdbzb/estates/588844/images/8258514/gallery_media.jpeg', 'https://cdn-media.medialabtc.it/es/agencies/mdbzb/estates/588844/images/8258580/gallery_media.jpeg', 'https://cdn-media.medialabtc.it/es/agencies/mdbzb/estates/588844/images/8879215/gallery_media.jpeg', 'https://cdn-media.medialabtc.it/es/agencies/mdbzb/estates/588844/images/8258490/gallery_media.jpeg', 'https://cdn-media.medialabtc.it/es/agencies/mdbzb/estates/588844/images/8258512/gallery_media.jpeg', 'https://cdn-media.medialabtc.it/es/agencies/mdbzb/estates/588844/images/8258511/gallery_media.jpeg', 'https://cdn-media.medialabtc.it/es/agencies/mdbzb/estates/588844/images/8258483/gallery_media.jpeg', 'https://cdn-media.medialabtc.it/es/agencies/mdbzb/estates/588844/images/8258475/gallery_media.jpeg', 'https://cdn-media.medialabtc.it/es/agencies/mdbzb/estates/588844/images/8258474/gallery_media.jpeg']",0,Desconocido,1,0,0,0,0,E,0,0,"['imagenes_tecnocasa\\anuncio_1261\\0.jpeg', 'imagenes_tecnocasa\\anuncio_1261\\1.jpeg', 'imagenes_tecnocasa\\anuncio_1261\\2.jpeg', 'imagenes_tecnocasa\\anuncio_1261\\3.jpeg', 'imagenes_tecnocasa\\anuncio_1261\\4.jpeg', 'imagenes_tecnocasa\\anuncio_1261\\5.jpeg', 'imagenes_tecnocasa\\anuncio_1261\\6.jpeg', 'imagenes_tecnocasa\\anuncio_1261\\7.jpeg', 'imagenes_tecnocasa\\anuncio_1261\\8.jpeg', 'imagenes_tecnocasa\\anuncio_1261\\9.jpeg', 'imagenes_tecnocasa\\anuncio_1261\\10.jpeg', 'imagenes_tecnocasa\\anuncio_1261\\11.jpeg', 'imagenes_tecnocasa\\anuncio_1261\\12.jpeg', 'imagenes_tecnocasa\\anuncio_1261\\13.jpeg', 'imagenes_tecnocasa\\anuncio_1261\\14.jpeg', 'imagenes_tecnocasa\\anuncio_1261\\15.jpeg', 'imagenes_tecnocasa\\anuncio_1261\\16.jpeg', 'imagenes_tecnocasa\\anuncio_1261\\17.jpeg', 'imagenes_tecnocasa\\anuncio_1261\\18.jpeg', 'imagenes_tecnocasa\\anuncio_1261\\19.jpeg', 'imagenes_tecnocasa\\anuncio_1261\\20.jpeg', 'imagenes_tecnocasa\\anuncio_1261\\21.jpeg', 'imagenes_tecnocasa\\anuncio_1261\\22.jpeg', 'imagenes_tecnocasa\\anuncio_1261\\23.jpeg', 'imagenes_tecnocasa\\anuncio_1261\\24.jpeg', 'imagenes_tecnocasa\\anuncio_1261\\25.jpeg', 'imagenes_tecnocasa\\anuncio_1261\\26.jpeg', 'imagenes_tecnocasa\\anuncio_1261\\27.jpeg']",1,Popular,1985,1,0,0,casa,2,Villaviciosa de Odón,Villaviciosa De Odón,40.3573787,-3.9002334,1261,2225.0,30.0,26.0,0.0,0.0,0.0,0.0,otro,pintura,fija,estándar (2.4-2.8m),nada,4.25,3.5,clásico,"['#D2B48C', '#808080', '#A0522D']",buena,False,convencional,limitado,ninguno,ninguno,estándar,básica,ninguno,7.0,6.6,ninguna,5
https://www.tecnocasa.es/venta/piso/madrid/collado-villalba/616060.html,150000.0,3,66.0,1,"'Agencia inmobiliaria TECNOCASA de Collado Villalba - Zona Centro vende:
POSIBILIDAD DE FINANCIACIÓN AL 100% DE SU PRÉSTAMO HIPOTECARIO. '.

Amplio Piso, Situado en Zona residencial y comercial. La vivienda dispone de tres dormitorios, cuarto de baño, salón comedor, cocina con terraza y terraza con salida desde salón. La vivienda dispone de gas natural.
La zona donde está ubicado dispone de múltiples servicios a su alrededor, como centros comerciales, supermercados, restaurantes, farmacias, estaciones de autobús, colegios, estación de Renfe, centro de salud. etc.
Acceso rápido a Autopista A6, y también a carreteras que conectan a Collado Villalba con los pueblos aledaños.",0,1,1,1,1,1,0,1,1,1,"['https://cdn-media.medialabtc.it/es/agencies/md521/estates/616060/images/8866874/gallery_media.jpeg', 'https://cdn-media.medialabtc.it/es/agencies/md521/estates/616060/images/8876334/gallery_media.jpeg', 'https://cdn-media.medialabtc.it/es/agencies/md521/estates/616060/images/8866875/gallery_media.jpeg', 'https://cdn-media.medialabtc.it/es/agencies/md521/estates/616060/images/8866872/gallery_media.jpeg', 'https://cdn-media.medialabtc.it/es/agencies/md521/estates/616060/images/8866871/gallery_media.jpeg', 'https://cdn-media.medialabtc.it/es/agencies/md521/estates/616060/images/8866879/gallery_media.jpeg', 'https://cdn-media.medialabtc.it/es/agencies/md521/estates/616060/images/8866877/gallery_media.jpeg', 'https://cdn-media.medialabtc.it/es/agencies/md521/estates/616060/images/8866869/gallery_media.jpeg', 'https://cdn-media.medialabtc.it/es/agencies/md521/estates/616060/images/8866870/gallery_media.jpeg', 'https://cdn-media.medialabtc.it/es/agencies/md521/estates/616060/images/8866873/gallery_media.jpeg', 'https://cdn-media.medialabtc.it/es/agencies/md521/estates/616060/images/8866878/gallery_media.jpeg', 'https://cdn-media.medialabtc.it/es/agencies/md521/estates/616060/images/8866868/gallery_media.jpeg', 'https://cdn-media.medialabtc.it/es/agencies/md521/estates/616060/images/8866876/gallery_media.jpeg']",0,Desconocido,0,0,0,1,0,E,0,0,"['imagenes_tecnocasa\\anuncio_1269\\0.jpeg', 'imagenes_tecnocasa\\anuncio_1269\\1.jpeg', 'imagenes_tecnocasa\\anuncio_1269\\2.jpeg', 'imagenes_tecnocasa\\anuncio_1269\\3.jpeg', 'imagenes_tecnocasa\\anuncio_1269\\4.jpeg', 'imagenes_tecnocasa\\anuncio_1269\\5.jpeg', 'imagenes_tecnocasa\\anuncio_1269\\6.jpeg', 'imagenes_tecnocasa\\anuncio_1269\\7.jpeg', 'imagenes_tecnocasa\\anuncio_1269\\8.jpeg', 'imagenes_tecnocasa\\anuncio_1269\\9.jpeg', 'imagenes_tecnocasa\\anuncio_1269\\10.jpeg', 'imagenes_tecnocasa\\anuncio_1269\\11.jpeg', 'imagenes_tecnocasa\\anuncio_1269\\12.jpeg']",0,Popular,1974,1,0,0,piso,3,Collado Villalba,Collado Villalba,40.6431496,-3.9930128,1269,2272.7272727272725,101.0,77.0,0.1,0.4,1.0,0.0,cerámica,pintura,corredera,estándar (2.4-2.8m),nada,3.2,3.4,convencional,"['#F2F2F2', '#D3D3D3', '#999999']",regular,False,convencional,limitado,ninguno,ninguno,estándar,básica,ninguno,7.0,6.0,ninguna,5
https://www.tecnocasa.es/venta/piso/madrid/leganes/605688.html,206000.0,4,144.0,1,"Agencia inmobiliaria de Leganés zona La Fortuna Tecnocasa Estudio Inmobiliario La Fortuna:
EN VENTA: Excelente Inmueble en el Barrio de La Fortuna. Exclusiva Tipología de inmueble.
Te presentamos este magnífico y amplio inmueble en venta en Tecnocasa La Fortuna. 144 metrso cuadrados con muchas posibilidades.
Cuenta con recibidor, amplio salón comedor, cocina con zona comedor, baño completamente reformado con plato de ducha, acceso a patio con único acceso de uso y disfrute oara tender. Muchas posibilidades.
Gastos de comunidad muy ecónomicos.
Electricidad refomada. Dispone de calefacción electrica.
Situado en una ubicación privilegiada, con fácil acceso al metro, autobuses, centro de salud y zonas verdes.
Características del Inmueble:
•Superficie: 144 metros cuadrados
•Piso: Suelo de tarima
•Ventanas: cambiadas
•Electricidad: Sistema eléctrico actualizada
Ubicación y Servicios:
•Transporte Público: Cerca de metro y autobuses
•Servicios de Salud: Proximidad a centros de salud
•Áreas Verdes: Zonas verdes cercanas.",1,1,1,1,1,1,1,1,1,1,"['https://cdn-media.medialabtc.it/es/agencies/md522/estates/605688/images/8641116/gallery_media.jpeg', 'https://cdn-media.medialabtc.it/es/agencies/md522/estates/605688/images/8641142/gallery_media.jpeg', 'https://cdn-media.medialabtc.it/es/agencies/md522/estates/605688/images/8641140/gallery_media.jpeg', 'https://cdn-media.medialabtc.it/es/agencies/md522/estates/605688/images/8641152/gallery_media.jpeg', 'https://cdn-media.medialabtc.it/es/agencies/md522/estates/605688/images/8641141/gallery_media.jpeg', 'https://cdn-media.medialabtc.it/es/agencies/md522/estates/605688/images/8641146/gallery_media.jpeg', 'https://cdn-media.medialabtc.it/es/agencies/md522/estates/605688/images/8641138/gallery_media.jpeg', 'https://cdn-media.medialabtc.it/es/agencies/md522/estates/605688/images/8641150/gallery_media.jpeg', 'https://cdn-media.medialabtc.it/es/agencies/md522/estates/605688/images/8641145/gallery_media.jpeg', 'https://cdn-media.medialabtc.it/es/agencies/md522/estates/605688/images/8641151/gallery_media.jpeg', 'https://cdn-media.medialabtc.it/es/agencies/md522/estates/605688/images/8641157/gallery_media.jpeg', 'https://cdn-media.medialabtc.it/es/agencies/md522/estates/605688/images/8641139/gallery_media.jpeg', 'https://cdn-media.medialabtc.it/es/agencies/md522/estates/605688/images/8641153/gallery_media.jpeg', 'https://cdn-media.medialabtc.it/es/agencies/md522/estates/605688/images/8641155/gallery_media.jpeg', 'https://cdn-media.medialabtc.it/es/agencies/md522/estates/605688/images/8641115/gallery_media.jpeg', 'https://cdn-media.medialabtc.it/es/agencies/md522/estates/605688/images/8641148/gallery_media.jpeg', 'https://cdn-media.medialabtc.it/es/agencies/md522/estates/605688/images/8641147/gallery_media.jpeg', 'https://cdn-media.medialabtc.it/es/agencies/md522/estates/605688/images/8641154/gallery_media.jpeg', 'https://cdn-media.medialabtc.it/es/agencies/md522/estates/605688/images/8641143/gallery_media.jpeg']",0,Reformado,0,0,0,0,0,Desconocida,0,0,"['imagenes_tecnocasa\\anuncio_1279\\0.jpeg', 'imagenes_tecnocasa\\anuncio_1279\\1.jpeg', 'imagenes_tecnocasa\\anuncio_1279\\2.jpeg', 'imagenes_tecnocasa\\anuncio_1279\\3.jpeg', 'imagenes_tecnocasa\\anuncio_1279\\4.jpeg', 'imagenes_tecnocasa\\anuncio_1279\\5.jpeg', 'imagenes_tecnocasa\\anuncio_1279\\6.jpeg', 'imagenes_tecnocasa\\anuncio_1279\\7.jpeg', 'imagenes_tecnocasa\\anuncio_1279\\8.jpeg', 'imagenes_tecnocasa\\anuncio_1279\\9.jpeg', 'imagenes_tecnocasa\\anuncio_1279\\10.jpeg', 'imagenes_tecnocasa\\anuncio_1279\\11.jpeg', 'imagenes_tecnocasa\\anuncio_1279\\12.jpeg', 'imagenes_tecnocasa\\anuncio_1279\\13.jpeg', 'imagenes_tecnocasa\\anuncio_1279\\14.jpeg', 'imagenes_tecnocasa\\anuncio_1279\\15.jpeg', 'imagenes_tecnocasa\\anuncio_1279\\16.jpeg', 'imagenes_tecnocasa\\anuncio_1279\\17.jpeg', 'imagenes_tecnocasa\\anuncio_1279\\18.jpeg']",0,Media,1966,0,0,0,piso,1,Leganés,Leganés,40.3281942,-3.76527,1279,1430.5555555555557,144.0,106.0,0.0,0.0,2.0,0.0,otro,pintura,corredera,estándar (2.4-2.8m),nada,3.6,4.6,moderno,"['#FFFFFF', '#D3D3D3', '#808080']",buena,True,convencional,limitado,ninguno,ninguno,estándar,básica,ninguno,6.4,5.8,ninguna,5
https://www.tecnocasa.es/venta/piso/madrid/madrid/616393.html,1075000.0,4,140.0,3,"TECNOCASA ofrece esta maravillosa vivienda familiar en una entreplanta, reformada a estrenar, exterior con 140 metros cuadrados construidos de superficie.
El edificio cuenta con ascensor y portero físico, asegurando comodidad y seguridad. La orientación este-oeste proporciona una iluminación excepcional durante todo el día.
La propiedad totalmente reformado, Se distribuye de la siguiente manera: el hall de entrada se abre a un amplio salón comedor. Junto se encuentra una espaciosa cocina totalmente integrada, equipada con electrodomésticos de alta gama y una isla, convirtiéndola en un lugar ideal para el día a día en familia. cuenta con calefacción central y aire acondicionado, garantizando confort durante todo el año.
La reforma y el interiorismo de la vivienda se han cuidado hasta el último detalle. El suelo de madera en el salón y dormitorios, los materiales empleados en cocina y baños, el sistema de calefacción por radiadores y el aire acondicionado por conductos, la carpintería exterior e interior, o todo el sistema de iluminación con luces directas e indirectas, son detalles pensados y cuidados por el arquitecto para que la vivienda cuente con todos los lujos y comodidades. El inmueble consiste en tres amplios dormitorios y tres baños, una habitación-despacho, cocina-americana y un amplio salón - comedor. Los armarios empotrados ofrecen un almacenamiento perfecto para una familia numerosa.
La vivienda se encuentra cerca de Paseo de la Castellana, con todo tipo de servicios en las inmediaciones como son colegios, supermercados, centros comerciales, AZCA, centros médicos, y una amplia selección de los mejores bares y restaurante de la zona. Además nos ofrece numerosas alternativas de transporte público con varias líneas de autobús y metro, así como la estación de cercanías de Nuevos Ministerios, a muy poca distancia de la casa. Una ubicación excelente, que cuenta con una amplia gama de servicios tanto en comercios, como en restaurantes, mercados, buenos colegios, El Corte Ingles y las mejores comunicaciones de transporte público en metro y autobuses.",1,1,1,1,1,1,1,1,1,1,"['https://cdn-media.medialabtc.it/es/agencies/md031/estates/616393/images/8869565/gallery_media.jpeg', 'https://cdn-media.medialabtc.it/es/agencies/md031/estates/616393/images/8869555/gallery_media.jpeg', 'https://cdn-media.medialabtc.it/es/agencies/md031/estates/616393/images/8869556/gallery_media.jpeg', 'https://cdn-media.medialabtc.it/es/agencies/md031/estates/616393/images/8869551/gallery_media.jpeg', 'https://cdn-media.medialabtc.it/es/agencies/md031/estates/616393/images/8869562/gallery_media.jpeg', 'https://cdn-media.medialabtc.it/es/agencies/md031/estates/616393/images/8869552/gallery_media.jpeg', 'https://cdn-media.medialabtc.it/es/agencies/md031/estates/616393/images/8869553/gallery_media.jpeg', 'https://cdn-media.medialabtc.it/es/agencies/md031/estates/616393/images/8869561/gallery_media.jpeg', 'https://cdn-media.medialabtc.it/es/agencies/md031/estates/616393/images/8869557/gallery_media.jpeg', 'https://cdn-media.medialabtc.it/es/agencies/md031/estates/616393/images/8869564/gallery_media.jpeg', 'https://cdn-media.medialabtc.it/es/agencies/md031/estates/616393/images/8869549/gallery_media.jpeg', 'https://cdn-media.medialabtc.it/es/agencies/md031/estates/616393/images/8869566/gallery_media.jpeg', 'https://cdn-media.medialabtc.it/es/agencies/md031/estates/616393/images/8869563/gallery_media.jpeg', 'https://cdn-media.medialabtc.it/es/agencies/md031/estates/616393/images/8869550/gallery_media.jpeg', 'https://cdn-media.medialabtc.it/es/agencies/md031/estates/616393/images/8869554/gallery_media.jpeg', 'https://cdn-media.medialabtc.it/es/agencies/md031/estates/616393/images/8869560/gallery_media.jpeg', 'https://cdn-media.medialabtc.it/es/agencies/md031/estates/616393/images/8869558/gallery_media.jpeg', 'https://cdn-media.medialabtc.it/es/agencies/md031/estates/616393/images/8869559/gallery_media.jpeg', 'https://cdn-media.medialabtc.it/es/agencies/md031/estates/616393/images/8869568/gallery_media.jpeg', 'https://cdn-media.medialabtc.it/es/agencies/md031/estates/616393/images/8869567/gallery_media.jpeg']",0,Reformado,0,0,0,0,1,D,0,0,"['imagenes_tecnocasa\\anuncio_1284\\0.jpeg', 'imagenes_tecnocasa\\anuncio_1284\\1.jpeg', 'imagenes_tecnocasa\\anuncio_1284\\2.jpeg', 'imagenes_tecnocasa\\anuncio_1284\\3.jpeg', 'imagenes_tecnocasa\\anuncio_1284\\4.jpeg', 'imagenes_tecnocasa\\anuncio_1284\\5.jpeg', 'imagenes_tecnocasa\\anuncio_1284\\6.jpeg', 'imagenes_tecnocasa\\anuncio_1284\\7.jpeg', 'imagenes_tecnocasa\\anuncio_1284\\8.jpeg', 'imagenes_tecnocasa\\anuncio_1284\\9.jpeg', 'imagenes_tecnocasa\\anuncio_1284\\10.jpeg', 'imagenes_tecnocasa\\anuncio_1284\\11.jpeg', 'imagenes_tecnocasa\\anuncio_1284\\12.jpeg', 'imagenes_tecnocasa\\anuncio_1284\\13.jpeg', 'imagenes_tecnocasa\\anuncio_1284\\14.jpeg', 'imagenes_tecnocasa\\anuncio_1284\\15.jpeg', 'imagenes_tecnocasa\\anuncio_1284\\16.jpeg', 'imagenes_tecnocasa\\anuncio_1284\\17.jpeg', 'imagenes_tecnocasa\\anuncio_1284\\18.jpeg', 'imagenes_tecnocasa\\anuncio_1284\\19.jpeg']",1,Popular,1945,0,0,0,piso,3,Castillejos,"Tetuán, Cuzco - Castillejos, Madrid",40.4598788,-3.694067,1284,7678.571428571428,319.0,183.0,0.425,0.5833333333333334,2.0,1.0,parquet,pintura,grandes ventanales,estándar (2.4-2.8m),nada,7.0,8.0,moderno,"['#F2F2F2', '#FFFFFF', '#A7A7A7']",buena,True,eficiente,normal,ninguno,ninguno,estándar,totalmente equipada,ninguno,8.8,7.8,ninguna,5
https://www.tecnocasa.es/venta/piso/madrid/madrid/600424.html,225000.0,2,54.0,1,"Descubre este acogedor piso en el barrio de Pueblo Nuevo, dentro del distrito de Ciudad Lineal, Madrid.
Con una superficie de 54 m², esta propiedad ofrece un espacio funcional y bien distribuido en salon con cocina integrada, cuarto de baño y dos habitaciones ideal para quienes buscan un hogar cómodo en una ubicación conveniente.
Construido en 1970, el piso cuenta con dos dormitorios que proporcionan un ambiente íntimo y tranquilo. La sala de estar es perfecta para relajarse o recibir visitas, mientras que la cocina, de diseño práctico, facilita el día a día. La ubicación es un punto fuerte, con acceso cercano a servicios, comercios y transporte público, lo que facilita la movilidad por la ciudad.
Este piso es una opción atractiva para quienes desean establecerse en una zona con encanto y tradición, sin renunciar a las comodidades urbanas. No pierdas la oportunidad de conocer este espacio que puede convertirse en tu próximo hogar.",1,0,1,1,1,1,0,1,1,1,"['https://cdn-media.medialabtc.it/es/agencies/md048/estates/600424/images/8868873/gallery_media.jpeg', 'https://cdn-media.medialabtc.it/es/agencies/md048/estates/600424/images/8868868/gallery_media.jpeg', 'https://cdn-media.medialabtc.it/es/agencies/md048/estates/600424/images/8868875/gallery_media.jpeg', 'https://cdn-media.medialabtc.it/es/agencies/md048/estates/600424/images/8868870/gallery_media.jpeg', 'https://cdn-media.medialabtc.it/es/agencies/md048/estates/600424/images/8868876/gallery_media.jpeg', 'https://cdn-media.medialabtc.it/es/agencies/md048/estates/600424/images/8868867/gallery_media.jpeg', 'https://cdn-media.medialabtc.it/es/agencies/md048/estates/600424/images/8868866/gallery_media.jpeg', 'https://cdn-media.medialabtc.it/es/agencies/md048/estates/600424/images/8868872/gallery_media.jpeg', 'https://cdn-media.medialabtc.it/es/agencies/md048/estates/600424/images/8868874/gallery_media.jpeg', 'https://cdn-media.medialabtc.it/es/agencies/md048/estates/600424/images/8868871/gallery_media.jpeg', 'https://cdn-media.medialabtc.it/es/agencies/md048/estates/600424/images/8868869/gallery_media.jpeg']",0,Desconocido,0,0,0,0,0,E,0,0,"['imagenes_tecnocasa\\anuncio_1287\\0.jpeg', 'imagenes_tecnocasa\\anuncio_1287\\1.jpeg', 'imagenes_tecnocasa\\anuncio_1287\\2.jpeg', 'imagenes_tecnocasa\\anuncio_1287\\3.jpeg', 'imagenes_tecnocasa\\anuncio_1287\\4.jpeg', 'imagenes_tecnocasa\\anuncio_1287\\5.jpeg', 'imagenes_tecnocasa\\anuncio_1287\\6.jpeg', 'imagenes_tecnocasa\\anuncio_1287\\7.jpeg', 'imagenes_tecnocasa\\anuncio_1287\\8.jpeg', 'imagenes_tecnocasa\\anuncio_1287\\9.jpeg', 'imagenes_tecnocasa\\anuncio_1287\\10.jpeg']",0,Media,1970,0,0,0,piso,1,Madrid,"Pueblo Nuevo, Madrid",40.4167047,-3.7035825,1287,4166.666666666667,154.0,107.0,0.9,1.0,1.0,1.0,parquet,pintura,corredera,estándar (2.4-2.8m),nada,4.6,6.0,moderno,"['#FFFFFF', '#D3D3D3', '#A0522D']",buena,True,eficiente,limitado,ninguno,ninguno,estándar,básica,ninguno,7.2,6.8,ninguna,5
https://www.tecnocasa.es/venta/piso/madrid/madrid/559313.html,169000.0,2,62.0,1,"Agencia inmobiliaria de MADRID - Zona VILLAVERDE ALTO - SAN ANDRES Tecnocasa. VENDE EN EXCLUSIVA

Piso Reformado en el Corazón de la Ciudad - Ideal para Ti

Descubre este encantador piso completamente reformado, listo para entrar a vivir. Con 65 m² bien distribuidos, cuenta con 2 acogedoras habitaciones que ofrecen el espacio perfecto para descansar y disfrutar de la tranquilidad. Las ventanas climalit garantizan un excelente aislamiento, mientras que el aire frío/calor asegura tu comodidad durante todo el año.

La cocina, moderna y equipada, es un sueño para los amantes de la gastronomía. El suelo de gres imitación madera aporta calidez y estilo a cada rincón. Además, el baño ha sido renovado con un práctico plato de ducha, ideal para tus momentos de relax.

Ubicado en una comunidad con doble portal recién reformada, este piso en la segunda planta, se orienta hacia el Este y Oeste, lo que permite disfrutar de luz natural durante todo el día. No dejes pasar la oportunidad de vivir en un lugar que combina confort y modernidad.

¡Ven a verlo y enamórate!

Se encuentra en la zona sur de Villaverde alto, cerca de las paradas de los autobuses números 130, 22, 86, 131, 79. A pocos minutos del c-5 de Renfe cercanías parada 'puente Alcocer' y de la línea 3 de metro de Madrid, parada 'Villaverde alto' y línea c-5 y c-4 de Renfe cercanías parada 'Villaverde alto'. Villaverde alto es un barrio situado en el distrito de Villaverde.",1,1,1,1,1,1,0,1,1,1,"['https://cdn-media.medialabtc.it/es/agencies/md027/estates/559313/images/8869150/gallery_media.jpeg', 'https://cdn-media.medialabtc.it/es/agencies/md027/estates/559313/images/8869149/gallery_media.jpeg', 'https://cdn-media.medialabtc.it/es/agencies/md027/estates/559313/images/8869147/gallery_media.jpeg', 'https://cdn-media.medialabtc.it/es/agencies/md027/estates/559313/images/8869151/gallery_media.jpeg', 'https://cdn-media.medialabtc.it/es/agencies/md027/estates/559313/images/8869158/gallery_media.jpeg', 'https://cdn-media.medialabtc.it/es/agencies/md027/estates/559313/images/8869154/gallery_media.jpeg', 'https://cdn-media.medialabtc.it/es/agencies/md027/estates/559313/images/8869159/gallery_media.jpeg', 'https://cdn-media.medialabtc.it/es/agencies/md027/estates/559313/images/8869153/gallery_media.jpeg', 'https://cdn-media.medialabtc.it/es/agencies/md027/estates/559313/images/8869148/gallery_media.jpeg', 'https://cdn-media.medialabtc.it/es/agencies/md027/estates/559313/images/8869156/gallery_media.jpeg', 'https://cdn-media.medialabtc.it/es/agencies/md027/estates/559313/images/8869152/gallery_media.jpeg', 'https://cdn-media.medialabtc.it/es/agencies/md027/estates/559313/images/8869155/gallery_media.jpeg', 'https://cdn-media.medialabtc.it/es/agencies/md027/estates/559313/images/8869146/gallery_media.jpeg', 'https://cdn-media.medialabtc.it/es/agencies/md027/estates/559313/images/8869145/gallery_media.jpeg']",0,Reformado,0,0,0,0,0,E,0,0,"['imagenes_tecnocasa\\anuncio_1288\\0.jpeg', 'imagenes_tecnocasa\\anuncio_1288\\1.jpeg', 'imagenes_tecnocasa\\anuncio_1288\\2.jpeg', 'imagenes_tecnocasa\\anuncio_1288\\3.jpeg', 'imagenes_tecnocasa\\anuncio_1288\\4.jpeg', 'imagenes_tecnocasa\\anuncio_1288\\5.jpeg', 'imagenes_tecnocasa\\anuncio_1288\\6.jpeg', 'imagenes_tecnocasa\\anuncio_1288\\7.jpeg', 'imagenes_tecnocasa\\anuncio_1288\\8.jpeg', 'imagenes_tecnocasa\\anuncio_1288\\9.jpeg', 'imagenes_tecnocasa\\anuncio_1288\\10.jpeg', 'imagenes_tecnocasa\\anuncio_1288\\11.jpeg', 'imagenes_tecnocasa\\anuncio_1288\\12.jpeg', 'imagenes_tecnocasa\\anuncio_1288\\13.jpeg']",0,Popular,1970,1,0,0,piso,2,Madrid,"Villaverde Alto, Madrid",40.4167047,-3.7035825,1288,2725.8064516129034,244.0,169.0,0.6416666666666667,0.7999999999999999,1.0,1.0,cerámica,pintura,corredera,estándar (2.4-2.8m),nada,3.8,5.8,moderno,"['#FFFFFF', '#808080', '#404040']",buena,True,eficiente,limitado,ninguno,ninguno,estándar,básica,ninguno,7.0,6.6,ninguna,5
https://www.tecnocasa.es/venta/casa/madrid/villaviciosa-de-odon/584788.html,595000.0,5,260.0,3,"CONSULTA NUESTRAS HIPOTECAS DESDE EL 1,60% PARA QUE TU COMPRA SEA MAS BARATA!
TECNOCASA VILLAVICIOSA DE ODON Vende en exclusiva para que usted compre con seguridad y tranquilidad, sin otros compradores y agencias por medio. Confíe en la inmobiliaria líder en España con más de 800 puntos de venta. Agencia Inmobiliaria inscrita en el RAIN de la Comunidad de Madrid. N° 000134/18.
La vivienda cuenta con hall de entrada, en el que encontramos una amplia habitacion en planta y baño de cortesia.
Cocina amplia con puerta de acceso al lateral al jardin de 199m.

Luminoso salón comedor con aire acondicionado y con acceso a porche.
En la primera planta encontramos: 4 dormitorios, el dormitorio principal cuenta con gran baño en suite, y otro baño para las demas estancias.

Todos los dormitorios con armarios empotrados y mucha luz natural.
Sótano: 86m2 con acceso directo desde la vivienda.

La vivienda está dentro de una comunidad dónde se encuentra la piscina comunitaria
Gestionamos cambios de vivienda, valoración inmobiliaria gratuita. Financiación 100%.",0,0,1,1,1,1,0,1,1,1,"['https://cdn-media.medialabtc.it/es/agencies/mdbzb/estates/584788/images/8174759/gallery_media.jpeg', 'https://cdn-media.medialabtc.it/es/agencies/mdbzb/estates/584788/images/8278289/gallery_media.jpeg', 'https://cdn-media.medialabtc.it/es/agencies/mdbzb/estates/584788/images/8174749/gallery_media.jpeg', 'https://cdn-media.medialabtc.it/es/agencies/mdbzb/estates/584788/images/8174730/gallery_media.jpeg', 'https://cdn-media.medialabtc.it/es/agencies/mdbzb/estates/584788/images/8174738/gallery_media.jpeg', 'https://cdn-media.medialabtc.it/es/agencies/mdbzb/estates/584788/images/8174758/gallery_media.jpeg', 'https://cdn-media.medialabtc.it/es/agencies/mdbzb/estates/584788/images/8174734/gallery_media.jpeg', 'https://cdn-media.medialabtc.it/es/agencies/mdbzb/estates/584788/images/8174731/gallery_media.jpeg', 'https://cdn-media.medialabtc.it/es/agencies/mdbzb/estates/584788/images/8174732/gallery_media.jpeg', 'https://cdn-media.medialabtc.it/es/agencies/mdbzb/estates/584788/images/8174745/gallery_media.jpeg', 'https://cdn-media.medialabtc.it/es/agencies/mdbzb/estates/584788/images/8278290/gallery_media.jpeg', 'https://cdn-media.medialabtc.it/es/agencies/mdbzb/estates/584788/images/8174736/gallery_media.jpeg', 'https://cdn-media.medialabtc.it/es/agencies/mdbzb/estates/584788/images/8174742/gallery_media.jpeg', 'https://cdn-media.medialabtc.it/es/agencies/mdbzb/estates/584788/images/8868931/gallery_media.jpeg', 'https://cdn-media.medialabtc.it/es/agencies/mdbzb/estates/584788/images/8278167/gallery_media.jpeg', 'https://cdn-media.medialabtc.it/es/agencies/mdbzb/estates/584788/images/8174750/gallery_media.jpeg', 'https://cdn-media.medialabtc.it/es/agencies/mdbzb/estates/584788/images/8174740/gallery_media.jpeg', 'https://cdn-media.medialabtc.it/es/agencies/mdbzb/estates/584788/images/8278292/gallery_media.jpeg', 'https://cdn-media.medialabtc.it/es/agencies/mdbzb/estates/584788/images/8278291/gallery_media.jpeg', 'https://cdn-media.medialabtc.it/es/agencies/mdbzb/estates/584788/images/8174744/gallery_media.jpeg', 'https://cdn-media.medialabtc.it/es/agencies/mdbzb/estates/584788/images/8174746/gallery_media.jpeg', 'https://cdn-media.medialabtc.it/es/agencies/mdbzb/estates/584788/images/8174737/gallery_media.jpeg', 'https://cdn-media.medialabtc.it/es/agencies/mdbzb/estates/584788/images/8174733/gallery_media.jpeg', 'https://cdn-media.medialabtc.it/es/agencies/mdbzb/estates/584788/images/8174739/gallery_media.jpeg', 'https://cdn-media.medialabtc.it/es/agencies/mdbzb/estates/584788/images/8174741/gallery_media.jpeg']",0,Desconocido,0,0,1,0,1,E,0,0,"['imagenes_tecnocasa\\anuncio_1289\\0.jpeg', 'imagenes_tecnocasa\\anuncio_1289\\1.jpeg', 'imagenes_tecnocasa\\anuncio_1289\\2.jpeg', 'imagenes_tecnocasa\\anuncio_1289\\3.jpeg', 'imagenes_tecnocasa\\anuncio_1289\\4.jpeg', 'imagenes_tecnocasa\\anuncio_1289\\5.jpeg', 'imagenes_tecnocasa\\anuncio_1289\\6.jpeg', 'imagenes_tecnocasa\\anuncio_1289\\7.jpeg', 'imagenes_tecnocasa\\anuncio_1289\\8.jpeg', 'imagenes_tecnocasa\\anuncio_1289\\9.jpeg', 'imagenes_tecnocasa\\anuncio_1289\\10.jpeg', 'imagenes_tecnocasa\\anuncio_1289\\11.jpeg', 'imagenes_tecnocasa\\anuncio_1289\\12.jpeg', 'imagenes_tecnocasa\\anuncio_1289\\13.jpeg', 'imagenes_tecnocasa\\anuncio_1289\\14.jpeg', 'imagenes_tecnocasa\\anuncio_1289\\15.jpeg', 'imagenes_tecnocasa\\anuncio_1289\\16.jpeg', 'imagenes_tecnocasa\\anuncio_1289\\17.jpeg', 'imagenes_tecnocasa\\anuncio_1289\\18.jpeg', 'imagenes_tecnocasa\\anuncio_1289\\19.jpeg', 'imagenes_tecnocasa\\anuncio_1289\\20.jpeg', 'imagenes_tecnocasa\\anuncio_1289\\21.jpeg', 'imagenes_tecnocasa\\anuncio_1289\\22.jpeg', 'imagenes_tecnocasa\\anuncio_1289\\23.jpeg', 'imagenes_tecnocasa\\anuncio_1289\\24.jpeg']",0,Popular,2001,0,0,0,casa,2,Villaviciosa de Odón,Villaviciosa De Odón,40.3573787,-3.9002334,1289,2288.4615384615386,168.0,120.0,0.1,0.4,1.0,0.0,cerámica,pintura,corredera,estándar (2.4-2.8m),nada,3.8,5.0,moderno,"['#F2E8CF', '#D2B48C', '#FFFFFF']",buena,False,convencional,limitado,ninguno,ninguno,estándar,básica,ninguno,7.4,6.4,ninguna,5
https://www.tecnocasa.es/venta/piso/madrid/madrid/616206.html,289000.0,3,79.0,2,"Agencia inmobiliaria de MADRID - Zona VILLAVERDE ALTO – PASEO ALBERTO PALACIOS Tecnocasa.

¡LEER DESCRIPCION!

Tenemos la fortuna de promocionar, esta MAGNIFICA VIVIENDA CON ACABADOS DE LUJO.
Distribuida en de 79 mt2, COMPLETAMENTE REFORMADA. Vivienda en un edificio con accesibilidad para minusválidos.

Se distribuye en 3 DORMITORIOS, completamente independientes, cada uno de ellos, completamente equipado, con AIRE ACONDICIONADO FRIO/CALOR, y RADIADOR en cada uno de ellos, ARMARIOS EMPOTRADOS, ventanas CLIMALIT/OSCILOBATIENTE, con persianas ELECTRICAS y mando a distancia. UN dormitorio cuenta con ASEO en SUITE.
La cocina siendo una de las estancias mas acogedoras, tiene el suficiente espacio, para COCINAR, merendar y desayunar. Con sus espacios correspondientes, para cada ELECTRODOMESTICO necesario en la vivienda.

SALON-COMEDOR, hace esquina en el EDIFICIO, dando luz NATURAL durante todas las horas del día. Equipado con AIRE ACONDICIONADO FRIO/CALOR. Cuenta también, con su espacio INDEPENDIENTE, para COMER Y CENAR con toda tu familia, la entrada de este espacio, tiene un ARCO PINTADO A MANO, teniendo en cuenta el tono del SUELO PORCELANICO puesto en ESPIGA.
La vivienda, cuenta con PUERTAS DE ROBLE ACRISTALADAS, y la puerta principal BLINDADA.

Se encuentra en el centro del barrio, cerca de las paradas de los autobuses números 130, 22, 86, 131, 79. A pocos minutos del C-5 de Renfe Cercanías parada 'Puente Alcocer' y de la línea 3 de Metro de Madrid, Parada 'Villaverde Alto' y línea C-5 y C-4 de Renfe Cercanías parada 'Villaverde Alto'. Villaverde Alto es un barrio situado en el distrito de Villaverde.",1,1,1,1,1,1,0,1,1,1,"['https://cdn-media.medialabtc.it/es/agencies/md091/estates/616206/images/8868109/gallery_media.jpeg', 'https://cdn-media.medialabtc.it/es/agencies/md091/estates/616206/images/8868102/gallery_media.jpeg', 'https://cdn-media.medialabtc.it/es/agencies/md091/estates/616206/images/8868099/gallery_media.jpeg', 'https://cdn-media.medialabtc.it/es/agencies/md091/estates/616206/images/8868090/gallery_media.jpeg', 'https://cdn-media.medialabtc.it/es/agencies/md091/estates/616206/images/8868098/gallery_media.jpeg', 'https://cdn-media.medialabtc.it/es/agencies/md091/estates/616206/images/8868092/gallery_media.jpeg', 'https://cdn-media.medialabtc.it/es/agencies/md091/estates/616206/images/8868106/gallery_media.jpeg', 'https://cdn-media.medialabtc.it/es/agencies/md091/estates/616206/images/8868096/gallery_media.jpeg', 'https://cdn-media.medialabtc.it/es/agencies/md091/estates/616206/images/8868088/gallery_media.jpeg', 'https://cdn-media.medialabtc.it/es/agencies/md091/estates/616206/images/8868084/gallery_media.jpeg', 'https://cdn-media.medialabtc.it/es/agencies/md091/estates/616206/images/8868100/gallery_media.jpeg', 'https://cdn-media.medialabtc.it/es/agencies/md091/estates/616206/images/8868111/gallery_media.jpeg', 'https://cdn-media.medialabtc.it/es/agencies/md091/estates/616206/images/8868103/gallery_media.jpeg', 'https://cdn-media.medialabtc.it/es/agencies/md091/estates/616206/images/8868108/gallery_media.jpeg', 'https://cdn-media.medialabtc.it/es/agencies/md091/estates/616206/images/8868086/gallery_media.jpeg', 'https://cdn-media.medialabtc.it/es/agencies/md091/estates/616206/images/8868110/gallery_media.jpeg', 'https://cdn-media.medialabtc.it/es/agencies/md091/estates/616206/images/8868095/gallery_media.jpeg', 'https://cdn-media.medialabtc.it/es/agencies/md091/estates/616206/images/8868089/gallery_media.jpeg', 'https://cdn-media.medialabtc.it/es/agencies/md091/estates/616206/images/8868104/gallery_media.jpeg', 'https://cdn-media.medialabtc.it/es/agencies/md091/estates/616206/images/8868094/gallery_media.jpeg', 'https://cdn-media.medialabtc.it/es/agencies/md091/estates/616206/images/8868093/gallery_media.jpeg', 'https://cdn-media.medialabtc.it/es/agencies/md091/estates/616206/images/8868105/gallery_media.jpeg', 'https://cdn-media.medialabtc.it/es/agencies/md091/estates/616206/images/8868101/gallery_media.jpeg', 'https://cdn-media.medialabtc.it/es/agencies/md091/estates/616206/images/8868097/gallery_media.jpeg', 'https://cdn-media.medialabtc.it/es/agencies/md091/estates/616206/images/8868112/gallery_media.jpeg', 'https://cdn-media.medialabtc.it/es/agencies/md091/estates/616206/images/8868087/gallery_media.jpeg', 'https://cdn-media.medialabtc.it/es/agencies/md091/estates/616206/images/8868107/gallery_media.jpeg', 'https://cdn-media.medialabtc.it/es/agencies/md091/estates/616206/images/8868113/gallery_media.jpeg', 'https://cdn-media.medialabtc.it/es/agencies/md091/estates/616206/images/8868085/gallery_media.jpeg', 'https://cdn-media.medialabtc.it/es/agencies/md091/estates/616206/images/8868091/gallery_media.jpeg']",0,Desconocido,0,0,0,0,0,C,1,0,"['imagenes_tecnocasa\\anuncio_1290\\0.jpeg', 'imagenes_tecnocasa\\anuncio_1290\\1.jpeg', 'imagenes_tecnocasa\\anuncio_1290\\2.jpeg', 'imagenes_tecnocasa\\anuncio_1290\\3.jpeg', 'imagenes_tecnocasa\\anuncio_1290\\4.jpeg', 'imagenes_tecnocasa\\anuncio_1290\\5.jpeg', 'imagenes_tecnocasa\\anuncio_1290\\6.jpeg', 'imagenes_tecnocasa\\anuncio_1290\\7.jpeg', 'imagenes_tecnocasa\\anuncio_1290\\8.jpeg', 'imagenes_tecnocasa\\anuncio_1290\\9.jpeg', 'imagenes_tecnocasa\\anuncio_1290\\10.jpeg', 'imagenes_tecnocasa\\anuncio_1290\\11.jpeg', 'imagenes_tecnocasa\\anuncio_1290\\12.jpeg', 'imagenes_tecnocasa\\anuncio_1290\\13.jpeg', 'imagenes_tecnocasa\\anuncio_1290\\14.jpeg', 'imagenes_tecnocasa\\anuncio_1290\\15.jpeg', 'imagenes_tecnocasa\\anuncio_1290\\16.jpeg', 'imagenes_tecnocasa\\anuncio_1290\\17.jpeg', 'imagenes_tecnocasa\\anuncio_1290\\18.jpeg', 'imagenes_tecnocasa\\anuncio_1290\\19.jpeg', 'imagenes_tecnocasa\\anuncio_1290\\20.jpeg', 'imagenes_tecnocasa\\anuncio_1290\\21.jpeg', 'imagenes_tecnocasa\\anuncio_1290\\22.jpeg', 'imagenes_tecnocasa\\anuncio_1290\\23.jpeg', 'imagenes_tecnocasa\\anuncio_1290\\24.jpeg', 'imagenes_tecnocasa\\anuncio_1290\\25.jpeg', 'imagenes_tecnocasa\\anuncio_1290\\26.jpeg', 'imagenes_tecnocasa\\anuncio_1290\\27.jpeg', 'imagenes_tecnocasa\\anuncio_1290\\28.jpeg', 'imagenes_tecnocasa\\anuncio_1290\\29.jpeg']",1,Señorial,1980,0,0,0,piso,2,Madrid,"Villaverde Alto, Madrid",40.4167047,-3.7035825,1290,3658.227848101266,247.0,170.0,0.1,0.4,0.0,0.0,otro,pintura,otro,estándar (2.4-2.8m),nada,4.2,4.2,clásico,"['#ADD8E6', '#FFF8DC', '#87CEEB']",buena,False,convencional,limitado,ninguno,ninguno,estándar,básica,ninguno,7.4,7.0,ninguna,5
https://www.tecnocasa.es/venta/piso/madrid/madrid/612518.html,225000.0,3,56.0,1,"TECNOCASA Estudio Inmobiliario Ciudad Lineal, Ascao S. L vende fantástico piso en una ubicación privilegiada. Esta vivienda está completamente reformada y es totalmente exterior, cuenta con 3 dormitorios, salón, cocina y baño. Con mucha iluminación natural, se encuentra a menos de 2 minutos del metro Garcia Noblejas y a solo un minuto de la calle Hermanos García Noblejas. Con supermercados, comercios y colegios en las cercanías, esta es una excelente oportunidad de vivienda.
Con 56 m² construidos, este piso en segunda mano se encuentra reformado. Año de construcción 1960, aire acondicionado, calefacción de gas natural y ubicado en la planta 4 con orientación norte, sur y oeste. ¡No dejes pasar esta oportunidad!",1,0,1,1,1,1,1,1,1,1,"['https://cdn-media.medialabtc.it/es/agencies/md048/estates/612518/images/8786289/gallery_media.jpeg', 'https://cdn-media.medialabtc.it/es/agencies/md048/estates/612518/images/8786295/gallery_media.jpeg', 'https://cdn-media.medialabtc.it/es/agencies/md048/estates/612518/images/8786286/gallery_media.jpeg', 'https://cdn-media.medialabtc.it/es/agencies/md048/estates/612518/images/8786301/gallery_media.jpeg', 'https://cdn-media.medialabtc.it/es/agencies/md048/estates/612518/images/8786291/gallery_media.jpeg', 'https://cdn-media.medialabtc.it/es/agencies/md048/estates/612518/images/8786303/gallery_media.jpeg', 'https://cdn-media.medialabtc.it/es/agencies/md048/estates/612518/images/8786300/gallery_media.jpeg', 'https://cdn-media.medialabtc.it/es/agencies/md048/estates/612518/images/8786293/gallery_media.jpeg', 'https://cdn-media.medialabtc.it/es/agencies/md048/estates/612518/images/8786302/gallery_media.jpeg', 'https://cdn-media.medialabtc.it/es/agencies/md048/estates/612518/images/8786297/gallery_media.jpeg', 'https://cdn-media.medialabtc.it/es/agencies/md048/estates/612518/images/8786298/gallery_media.jpeg', 'https://cdn-media.medialabtc.it/es/agencies/md048/estates/612518/images/8786290/gallery_media.jpeg', 'https://cdn-media.medialabtc.it/es/agencies/md048/estates/612518/images/8786288/gallery_media.jpeg', 'https://cdn-media.medialabtc.it/es/agencies/md048/estates/612518/images/8786292/gallery_media.jpeg', 'https://cdn-media.medialabtc.it/es/agencies/md048/estates/612518/images/8786287/gallery_media.jpeg', 'https://cdn-media.medialabtc.it/es/agencies/md048/estates/612518/images/8786296/gallery_media.jpeg', 'https://cdn-media.medialabtc.it/es/agencies/md048/estates/612518/images/8786299/gallery_media.jpeg']",0,Reformado,0,0,0,0,0,E,0,0,"['imagenes_tecnocasa\\anuncio_1292\\0.jpeg', 'imagenes_tecnocasa\\anuncio_1292\\1.jpeg', 'imagenes_tecnocasa\\anuncio_1292\\2.jpeg', 'imagenes_tecnocasa\\anuncio_1292\\3.jpeg', 'imagenes_tecnocasa\\anuncio_1292\\4.jpeg', 'imagenes_tecnocasa\\anuncio_1292\\5.jpeg', 'imagenes_tecnocasa\\anuncio_1292\\6.jpeg', 'imagenes_tecnocasa\\anuncio_1292\\7.jpeg', 'imagenes_tecnocasa\\anuncio_1292\\8.jpeg', 'imagenes_tecnocasa\\anuncio_1292\\9.jpeg', 'imagenes_tecnocasa\\anuncio_1292\\10.jpeg', 'imagenes_tecnocasa\\anuncio_1292\\11.jpeg', 'imagenes_tecnocasa\\anuncio_1292\\12.jpeg', 'imagenes_tecnocasa\\anuncio_1292\\13.jpeg', 'imagenes_tecnocasa\\anuncio_1292\\14.jpeg', 'imagenes_tecnocasa\\anuncio_1292\\15.jpeg', 'imagenes_tecnocasa\\anuncio_1292\\16.jpeg']",0,Media,1960,0,0,0,piso,4,Madrid,"Pueblo Nuevo, Madrid",40.4167047,-3.7035825,1292,4017.8571428571427,112.0,89.0,0.1125,0.4,1.0,0.0,otro,pintura,corredera,estándar (2.4-2.8m),nada,3.4,5.0,moderno,"['#FFFFFF', '#D3D3D3', '#F5F5F5']",buena,False,convencional,limitado,ninguno,ninguno,estándar,básica,ninguno,6.4,6.2,ninguna,5
https://www.tecnocasa.es/venta/piso/madrid/madrid/480529.html,290000.0,1,60.0,1,"Agencia inmobiliaria de MADRID zona CIUDAD LINEAL - ASCAO Oficina Tecnocasa:
EN Venta: C/ Vital Aza: Una habitacion, Amplio salón, cocina con balcon, baño completo, para entrar a vivir.",1,0,1,1,1,1,1,1,1,1,"['https://cdn-media.medialabtc.it/es/agencies/md048/estates/480529/images/8816800/gallery_media.jpeg', 'https://cdn-media.medialabtc.it/es/agencies/md048/estates/480529/images/8816798/gallery_media.jpeg', 'https://cdn-media.medialabtc.it/es/agencies/md048/estates/480529/images/8816795/gallery_media.jpeg', 'https://cdn-media.medialabtc.it/es/agencies/md048/estates/480529/images/8816796/gallery_media.jpeg', 'https://cdn-media.medialabtc.it/es/agencies/md048/estates/480529/images/8816797/gallery_media.jpeg', 'https://cdn-media.medialabtc.it/es/agencies/md048/estates/480529/images/8816794/gallery_media.jpeg', 'https://cdn-media.medialabtc.it/es/agencies/md048/estates/480529/images/8816799/gallery_media.jpeg', 'https://cdn-media.medialabtc.it/es/agencies/md048/estates/480529/images/8816823/gallery_media.jpeg', 'https://cdn-media.medialabtc.it/es/agencies/md048/estates/480529/images/8816822/gallery_media.jpeg', 'https://cdn-media.medialabtc.it/es/agencies/md048/estates/480529/images/8816792/gallery_media.jpeg', 'https://cdn-media.medialabtc.it/es/agencies/md048/estates/480529/images/8816801/gallery_media.jpeg', 'https://cdn-media.medialabtc.it/es/agencies/md048/estates/480529/images/8816791/gallery_media.jpeg', 'https://cdn-media.medialabtc.it/es/agencies/md048/estates/480529/images/8816793/gallery_media.jpeg']",0,Desconocido,0,0,0,1,0,E,0,0,"['imagenes_tecnocasa\\anuncio_1293\\0.jpeg', 'imagenes_tecnocasa\\anuncio_1293\\1.jpeg', 'imagenes_tecnocasa\\anuncio_1293\\2.jpeg', 'imagenes_tecnocasa\\anuncio_1293\\3.jpeg', 'imagenes_tecnocasa\\anuncio_1293\\4.jpeg', 'imagenes_tecnocasa\\anuncio_1293\\5.jpeg', 'imagenes_tecnocasa\\anuncio_1293\\6.jpeg', 'imagenes_tecnocasa\\anuncio_1293\\7.jpeg', 'imagenes_tecnocasa\\anuncio_1293\\8.jpeg', 'imagenes_tecnocasa\\anuncio_1293\\9.jpeg', 'imagenes_tecnocasa\\anuncio_1293\\10.jpeg', 'imagenes_tecnocasa\\anuncio_1293\\11.jpeg', 'imagenes_tecnocasa\\anuncio_1293\\12.jpeg']",0,Señorial,1983,0,0,0,piso,2,Ciudad Lineal,"Ciudad Lineal, Pueblo Nuevo, Madrid",40.4484305,-3.650495,1293,4833.333333333333,29.0,29.0,0.1,0.4,1.0,0.0,parquet,pintura,corredera,estándar (2.4-2.8m),nada,3.8,3.2,convencional,"['#F5F5DC', '#A0522D', '#D2B48C']",regular,False,convencional,limitado,ninguno,ninguno,estándar,básica,ninguno,6.4,6.6,ninguna,5
https://www.tecnocasa.es/venta/piso/madrid/madrid/601420.html,580000.0,2,68.0,1,"Agencia inmobiliaria de Madrid - Chamberí - Arapiles, Trafalgar, Almagro, Ríos Rosas - Tecnocasa - Vende - Calle Jose Abascal
Piso en una de las mejores calles de Chamberí, compuesto 2 habitaciones de buen tamaño con ventana, baño con bañera, cocina independiente y salón-comedor. Calefacción individual por gas natural. Con muchas posibilidades de reforma. Finca señorial con ascensor.
Muy bien comunicado, a un 1 minutos andando de la parada de metro de Alonso Cano y próximo a Canal, Ríos Rosas, Iglesia y varias líneas de autobuses disponibles Santa Engracia. Cuenta con zonas emblemáticas cercanas como la Plaza de Chamberí, el Parque de Santander, el Museo Sorolla, el Mercado de Chamberí.
Disponemos de nuestro propio departamento financiero. Podemos conseguirle hasta el 100% de financiación de su vivienda. Para solicitar una visita o más información, no dude en ponerse en contacto con nosotros.
En Tecnocasa ofrecemos un servicio personalizado de gestión inmobiliaria aportando una experiencia de más de 3 décadas en la zona. No dude en comprobarlo con una valoración gratuita y sin compromiso de su vivienda.",1,1,1,1,1,1,1,1,1,1,"['https://cdn-media.medialabtc.it/es/agencies/md090/estates/601420/images/8572571/gallery_media.jpeg', 'https://cdn-media.medialabtc.it/es/agencies/md090/estates/601420/images/8572565/gallery_media.jpeg', 'https://cdn-media.medialabtc.it/es/agencies/md090/estates/601420/images/8572553/gallery_media.jpeg', 'https://cdn-media.medialabtc.it/es/agencies/md090/estates/601420/images/8572564/gallery_media.jpeg', 'https://cdn-media.medialabtc.it/es/agencies/md090/estates/601420/images/8572555/gallery_media.jpeg', 'https://cdn-media.medialabtc.it/es/agencies/md090/estates/601420/images/8572556/gallery_media.jpeg', 'https://cdn-media.medialabtc.it/es/agencies/md090/estates/601420/images/8572573/gallery_media.jpeg', 'https://cdn-media.medialabtc.it/es/agencies/md090/estates/601420/images/8535583/gallery_media.jpeg', 'https://cdn-media.medialabtc.it/es/agencies/md090/estates/601420/images/8572567/gallery_media.jpeg', 'https://cdn-media.medialabtc.it/es/agencies/md090/estates/601420/images/8572575/gallery_media.jpeg', 'https://cdn-media.medialabtc.it/es/agencies/md090/estates/601420/images/8572561/gallery_media.jpeg', 'https://cdn-media.medialabtc.it/es/agencies/md090/estates/601420/images/8572557/gallery_media.jpeg', 'https://cdn-media.medialabtc.it/es/agencies/md090/estates/601420/images/8572558/gallery_media.jpeg', 'https://cdn-media.medialabtc.it/es/agencies/md090/estates/601420/images/8572563/gallery_media.jpeg', 'https://cdn-media.medialabtc.it/es/agencies/md090/estates/601420/images/8572572/gallery_media.jpeg', 'https://cdn-media.medialabtc.it/es/agencies/md090/estates/601420/images/8572568/gallery_media.jpeg', 'https://cdn-media.medialabtc.it/es/agencies/md090/estates/601420/images/8535581/gallery_media.jpeg', 'https://cdn-media.medialabtc.it/es/agencies/md090/estates/601420/images/8572569/gallery_media.jpeg', 'https://cdn-media.medialabtc.it/es/agencies/md090/estates/601420/images/8572559/gallery_media.jpeg', 'https://cdn-media.medialabtc.it/es/agencies/md090/estates/601420/images/8572574/gallery_media.jpeg', 'https://cdn-media.medialabtc.it/es/agencies/md090/estates/601420/images/8572560/gallery_media.jpeg', 'https://cdn-media.medialabtc.it/es/agencies/md090/estates/601420/images/8572577/gallery_media.jpeg', 'https://cdn-media.medialabtc.it/es/agencies/md090/estates/601420/images/8572562/gallery_media.jpeg', 'https://cdn-media.medialabtc.it/es/agencies/md090/estates/601420/images/8535584/gallery_media.jpeg', 'https://cdn-media.medialabtc.it/es/agencies/md090/estates/601420/images/8572554/gallery_media.jpeg', 'https://cdn-media.medialabtc.it/es/agencies/md090/estates/601420/images/8535577/gallery_media.jpeg', 'https://cdn-media.medialabtc.it/es/agencies/md090/estates/601420/images/8572570/gallery_media.jpeg', 'https://cdn-media.medialabtc.it/es/agencies/md090/estates/601420/images/8572566/gallery_media.jpeg', 'https://cdn-media.medialabtc.it/es/agencies/md090/estates/601420/images/8572576/gallery_media.jpeg']",0,Desconocido,0,0,0,0,0,E,0,0,"['imagenes_tecnocasa\\anuncio_1294\\0.jpeg', 'imagenes_tecnocasa\\anuncio_1294\\1.jpeg', 'imagenes_tecnocasa\\anuncio_1294\\2.jpeg', 'imagenes_tecnocasa\\anuncio_1294\\3.jpeg', 'imagenes_tecnocasa\\anuncio_1294\\4.jpeg', 'imagenes_tecnocasa\\anuncio_1294\\5.jpeg', 'imagenes_tecnocasa\\anuncio_1294\\6.jpeg', 'imagenes_tecnocasa\\anuncio_1294\\7.jpeg', 'imagenes_tecnocasa\\anuncio_1294\\8.jpeg', 'imagenes_tecnocasa\\anuncio_1294\\9.jpeg', 'imagenes_tecnocasa\\anuncio_1294\\10.jpeg', 'imagenes_tecnocasa\\anuncio_1294\\11.jpeg', 'imagenes_tecnocasa\\anuncio_1294\\12.jpeg', 'imagenes_tecnocasa\\anuncio_1294\\13.jpeg', 'imagenes_tecnocasa\\anuncio_1294\\14.jpeg', 'imagenes_tecnocasa\\anuncio_1294\\15.jpeg', 'imagenes_tecnocasa\\anuncio_1294\\16.jpeg', 'imagenes_tecnocasa\\anuncio_1294\\17.jpeg', 'imagenes_tecnocasa\\anuncio_1294\\18.jpeg', 'imagenes_tecnocasa\\anuncio_1294\\19.jpeg', 'imagenes_tecnocasa\\anuncio_1294\\20.jpeg', 'imagenes_tecnocasa\\anuncio_1294\\21.jpeg', 'imagenes_tecnocasa\\anuncio_1294\\22.jpeg', 'imagenes_tecnocasa\\anuncio_1294\\23.jpeg', 'imagenes_tecnocasa\\anuncio_1294\\24.jpeg', 'imagenes_tecnocasa\\anuncio_1294\\25.jpeg', 'imagenes_tecnocasa\\anuncio_1294\\26.jpeg', 'imagenes_tecnocasa\\anuncio_1294\\27.jpeg', 'imagenes_tecnocasa\\anuncio_1294\\28.jpeg']",0,Señorial,1913,1,0,1,piso,2,Madrid,Madrid,40.4167047,-3.7035825,1294,8529.411764705883,175.0,123.0,0.05,0.4,0.0,0.0,otro,pintura,corredera,estándar (2.4-2.8m),nada,4.2,4.4,convencional,"['#FFFFFF', '#F2F2F2', '#333333']",buena,False,convencional,normal,ninguno,ninguno,estándar,básica,ninguno,7.4,6.4,ninguna,5
https://www.tecnocasa.es/venta/piso/madrid/madrid/613406.html,1450000.0,3,210.0,2,"¡OPORTUNIDAD ÚNICA EN EL CORAZÓN DE MADRID!
Tecnocasa Consulting Estudio Tribunal Centro S. L. pone en venta esta magnífica vivienda en pleno centro de Madrid. En el barrio de Malasaña. En la calle Corredera Baja de San Pablo.
Presentamos este impresionante inmueble de más de 210 m² en pleno centro de la ciudad, que combina la elegancia y el carácter de materiales del siglo XVII con la modernidad de un entorno privilegiado. Esta vivienda, totalmente exterior, ya que está comprendida entre la Calle Corredera Baja de San Pablo y Calle de la Nao, en Malasaña. Este inmueble se caracteriza por sus techos altos y su luz natural que entra a raudales gracias a unos increíbles ventanales que dan a éstas dos calles, ofreciendo vistas despejadas y una luminosidad incomparable. Además, cuenta con un patio interior privado en formato terraza de más de 25 m², un verdadero oasis en medio de la finca está protegida por ser una de las pioneras estructuras arquitectónicas del país, lo que le otorga un valor histórico y una atmósfera única.
Al entrar, te sentirás transportado a un ambiente de tranquilidad y serenidad, alejado del bullicio urbano, a pesar de estar en una primera planta y en pleno centro. El espacio está repleto de cultura, con estanterías y paredes que albergan piezas que invitan a la pocos pasos de la vivienda, encontrarás la comisaría de policía, lo que garantiza una sensación de seguridad y tranquilidad en la zona. Además, el Teatro Lara de la Fundación La Caixa está a escasos metros, ofreciendo una oferta cultural inmejorable. El Mercado de la Corredera, conocido por su vibrante ambiente, también se encuentra cerca, así como una gran variedad de supermercados, escuelas, farmacias y opciones de ocio. Sin embargo, al entrar en esta vivienda, todo lo que sentirás es paz. Un verdadero refugio celestial que te permite desconectar del jaleo de la ciudad mientras disfrutas de todos los servicios y la cultura que ofrece el entorno.
Este piso ha sido construido con materiales de altísima calidad, que no solo resisten el paso del tiempo, sino que aportan un carácter artístico y atemporal a cada rincón. Además, ofrece un enorme potencial de transformación: es una propiedad perfecta para inversores que deseen reformar y adaptar el espacio a una nueva construcción, o incluso dividirla para alquilar por habitaciones, gracias a su distribución finca cuenta con ascensor y una segunda puerta hacia el hall de entrada que puede facilitar la posible división de la vivienda. Todo esto, en una ubicación privilegiada que lo convierte en una inversión ideal.

Esta vivienda cercana a las calles Gran Vía, Fuencarral, San Bernardo y Carranza, entre otras, es una zona con gran personalidad que ha sabido reinventarse sin perder su alma. Es el lugar indicado para ir de tapas, descubrir comercios alternativos, iniciar una noche de fiesta o tomar una cerveza al sol en alguna de sus agradables por las estaciones de TRIBUNAL (L1 y L10), GRAN VÍA (L1 y L5) y CALLAO (L3 y 5), BILBAO (L4 Y L1) SAN BERNARDO (L2 y L4) y con todos los servicios próximos a la vivienda como líneas de autobús, bancos, comercios etc.",1,1,1,1,1,1,0,1,1,1,"['https://cdn-media.medialabtc.it/es/agencies/md063/estates/613406/images/8801371/gallery_media.jpeg', 'https://cdn-media.medialabtc.it/es/agencies/md063/estates/613406/images/8801380/gallery_media.jpeg', 'https://cdn-media.medialabtc.it/es/agencies/md063/estates/613406/images/8801370/gallery_media.jpeg', 'https://cdn-media.medialabtc.it/es/agencies/md063/estates/613406/images/8801417/gallery_media.jpeg', 'https://cdn-media.medialabtc.it/es/agencies/md063/estates/613406/images/8801427/gallery_media.jpeg', 'https://cdn-media.medialabtc.it/es/agencies/md063/estates/613406/images/8801366/gallery_media.jpeg', 'https://cdn-media.medialabtc.it/es/agencies/md063/estates/613406/images/8801367/gallery_media.jpeg', 'https://cdn-media.medialabtc.it/es/agencies/md063/estates/613406/images/8801424/gallery_media.jpeg', 'https://cdn-media.medialabtc.it/es/agencies/md063/estates/613406/images/8801423/gallery_media.jpeg', 'https://cdn-media.medialabtc.it/es/agencies/md063/estates/613406/images/8801429/gallery_media.jpeg', 'https://cdn-media.medialabtc.it/es/agencies/md063/estates/613406/images/8801377/gallery_media.jpeg', 'https://cdn-media.medialabtc.it/es/agencies/md063/estates/613406/images/8801422/gallery_media.jpeg', 'https://cdn-media.medialabtc.it/es/agencies/md063/estates/613406/images/8801428/gallery_media.jpeg', 'https://cdn-media.medialabtc.it/es/agencies/md063/estates/613406/images/8801365/gallery_media.jpeg', 'https://cdn-media.medialabtc.it/es/agencies/md063/estates/613406/images/8801426/gallery_media.jpeg', 'https://cdn-media.medialabtc.it/es/agencies/md063/estates/613406/images/8801425/gallery_media.jpeg', 'https://cdn-media.medialabtc.it/es/agencies/md063/estates/613406/images/8801378/gallery_media.jpeg', 'https://cdn-media.medialabtc.it/es/agencies/md063/estates/613406/images/8801375/gallery_media.jpeg', 'https://cdn-media.medialabtc.it/es/agencies/md063/estates/613406/images/8801416/gallery_media.jpeg', 'https://cdn-media.medialabtc.it/es/agencies/md063/estates/613406/images/8801379/gallery_media.jpeg', 'https://cdn-media.medialabtc.it/es/agencies/md063/estates/613406/images/8801372/gallery_media.jpeg', 'https://cdn-media.medialabtc.it/es/agencies/md063/estates/613406/images/8801376/gallery_media.jpeg', 'https://cdn-media.medialabtc.it/es/agencies/md063/estates/613406/images/8801373/gallery_media.jpeg', 'https://cdn-media.medialabtc.it/es/agencies/md063/estates/613406/images/8801364/gallery_media.jpeg', 'https://cdn-media.medialabtc.it/es/agencies/md063/estates/613406/images/8801363/gallery_media.jpeg', 'https://cdn-media.medialabtc.it/es/agencies/md063/estates/613406/images/8801374/gallery_media.jpeg', 'https://cdn-media.medialabtc.it/es/agencies/md063/estates/613406/images/8801381/gallery_media.jpeg', 'https://cdn-media.medialabtc.it/es/agencies/md063/estates/613406/images/8801369/gallery_media.jpeg', 'https://cdn-media.medialabtc.it/es/agencies/md063/estates/613406/images/8801368/gallery_media.jpeg', 'https://cdn-media.medialabtc.it/es/agencies/md063/estates/613406/images/8801430/gallery_media.jpeg']",1,Desconocido,0,0,0,1,1,E,0,0,"['imagenes_tecnocasa\\anuncio_1297\\0.jpeg', 'imagenes_tecnocasa\\anuncio_1297\\1.jpeg', 'imagenes_tecnocasa\\anuncio_1297\\2.jpeg', 'imagenes_tecnocasa\\anuncio_1297\\3.jpeg', 'imagenes_tecnocasa\\anuncio_1297\\4.jpeg', 'imagenes_tecnocasa\\anuncio_1297\\5.jpeg', 'imagenes_tecnocasa\\anuncio_1297\\6.jpeg', 'imagenes_tecnocasa\\anuncio_1297\\7.jpeg', 'imagenes_tecnocasa\\anuncio_1297\\8.jpeg', 'imagenes_tecnocasa\\anuncio_1297\\9.jpeg', 'imagenes_tecnocasa\\anuncio_1297\\10.jpeg', 'imagenes_tecnocasa\\anuncio_1297\\11.jpeg', 'imagenes_tecnocasa\\anuncio_1297\\12.jpeg', 'imagenes_tecnocasa\\anuncio_1297\\13.jpeg', 'imagenes_tecnocasa\\anuncio_1297\\14.jpeg', 'imagenes_tecnocasa\\anuncio_1297\\15.jpeg', 'imagenes_tecnocasa\\anuncio_1297\\16.jpeg', 'imagenes_tecnocasa\\anuncio_1297\\17.jpeg', 'imagenes_tecnocasa\\anuncio_1297\\18.jpeg', 'imagenes_tecnocasa\\anuncio_1297\\19.jpeg', 'imagenes_tecnocasa\\anuncio_1297\\20.jpeg', 'imagenes_tecnocasa\\anuncio_1297\\21.jpeg', 'imagenes_tecnocasa\\anuncio_1297\\22.jpeg', 'imagenes_tecnocasa\\anuncio_1297\\23.jpeg', 'imagenes_tecnocasa\\anuncio_1297\\24.jpeg', 'imagenes_tecnocasa\\anuncio_1297\\25.jpeg', 'imagenes_tecnocasa\\anuncio_1297\\26.jpeg', 'imagenes_tecnocasa\\anuncio_1297\\27.jpeg', 'imagenes_tecnocasa\\anuncio_1297\\28.jpeg', 'imagenes_tecnocasa\\anuncio_1297\\29.jpeg']",1,Señorial,1900,1,0,0,piso,1,Justicia,"Malasaña - Justicia - Universidad, Madrid",40.4232759,-3.6966805,1297,6904.761904761905,524.0,311.0,0.375,0.525,0.0,1.0,parquet,pintura,corredera,estándar (2.4-2.8m),nada,6.2,3.8,clásico,"['#A9B7C6', '#FFFFFF', '#507282']",buena,False,convencional,normal,ninguno,ninguno,estándar,básica,ninguno,8.2,7.2,ninguna,5
https://www.tecnocasa.es/venta/piso/madrid/madrid/599070.html,460000.0,3,141.0,2,"Agencia inmobiliaria de MADRID - zona MORATALAZ- PAVONES Oficina Tecnocasa vende:
Estupenda vivienda para actualizar exterior en 1º PLANTA, ubicada en Calle Montpellier. La vivienda se distribuye en salón, cocina con terraza-tendedero, pasillo distribuidor, tres dormitorios, dos baños y terraza exterior.
Estas son algunas de las características del inmueble:
- Ventanas de aluminio blanco.
- Suelo de parquet.
- La vivienda esta para entrar a vivir
- Calefacción de Gas Natural.
- Ascensor.
- Piscina
- Garaje
- Trastero
- Conserje
-Aire acondicionado
-Cuarto de bicis comunitario
La vivienda tiene 144m2 de los cuales vivienda es 83, trastero 12m2, garaje 22m2 y zonas comunes 24m2 todos metros según catastro.
LA VIVIENDA SE ENCUENTRA EN PROCESO DE DESCALIFICACION DE VPO QUE LLEVARA 6 MESES DE TIEMPO.
La vivienda se encuentra muy próxima al Metro Pavones, cerca de todos los servicios, como supermercados, bancos, comercios, colegios, guarderías e institutos, biblioteca pública, gimnasio, parques y jardines.
Excelentes comunicaciones acceso directo a la M-40 y la M-30, la A3 y la M-23 (eje O´Donnell).
Líneas de autobús 20, 30, 32, 100, 8 y 71.
Moratalaz se caracteriza por su buena comunicación y cercanía a Madrid Centro-Retiro. Es el distrito con más metros destinados a zonas verdes, jardines y parques. Cuenta con todos los servicios, colegios, centros deportivos, bibliotecas, guarderías, supermercados y demás comercios locales. '.
Preguntar por condiciones de venta. La información contenida en este anuncio no tiene carácter contractual ni vinculante, ya que podría contener alguna incorrección. En el precio de venta expuesto no se hayan incluidos los gastos de formalización de la compraventa, tales como honorarios de notaria, honorarios de la inscripción registral, honorarios por la tramitación e inscripción registral de escrituras ni el ITP (Impuesto de Transmisiones Patrimoniales, siendo el tipo máximo en la Comunidad de Madrid del 6%). Del mismo modo, en el precio anunciado, no se incluyen los honorarios los honorarios de la agencia al comprador, que ascienden al 3%+IVA (tipo impositivo 21%) que se abonarán por el sobre el precio fijado en la promesa de compra suscrita por el mismo. Tampoco se encuentra incluidos en el precio anunciado de venta otros tributos y gastos que pudieran existir al suscribir una hipoteca, tales como gastos de tasación, comisión bancaria de apertura del préstamo, AJD (Impuesto por los Actos Jurídicos Documentados, gastos de segundas copias.",1,1,1,1,1,1,0,1,1,1,"['https://cdn-media.medialabtc.it/es/agencies/md020/estates/599070/images/8479846/gallery_media.jpeg', 'https://cdn-media.medialabtc.it/es/agencies/md020/estates/599070/images/8479853/gallery_media.jpeg', 'https://cdn-media.medialabtc.it/es/agencies/md020/estates/599070/images/8479847/gallery_media.jpeg', 'https://cdn-media.medialabtc.it/es/agencies/md020/estates/599070/images/8479829/gallery_media.jpeg', 'https://cdn-media.medialabtc.it/es/agencies/md020/estates/599070/images/8479844/gallery_media.jpeg', 'https://cdn-media.medialabtc.it/es/agencies/md020/estates/599070/images/8479830/gallery_media.jpeg', 'https://cdn-media.medialabtc.it/es/agencies/md020/estates/599070/images/8479839/gallery_media.jpeg', 'https://cdn-media.medialabtc.it/es/agencies/md020/estates/599070/images/8479845/gallery_media.jpeg', 'https://cdn-media.medialabtc.it/es/agencies/md020/estates/599070/images/8479836/gallery_media.jpeg', 'https://cdn-media.medialabtc.it/es/agencies/md020/estates/599070/images/8479851/gallery_media.jpeg', 'https://cdn-media.medialabtc.it/es/agencies/md020/estates/599070/images/8479828/gallery_media.jpeg', 'https://cdn-media.medialabtc.it/es/agencies/md020/estates/599070/images/8479834/gallery_media.jpeg', 'https://cdn-media.medialabtc.it/es/agencies/md020/estates/599070/images/8479843/gallery_media.jpeg', 'https://cdn-media.medialabtc.it/es/agencies/md020/estates/599070/images/8479837/gallery_media.jpeg', 'https://cdn-media.medialabtc.it/es/agencies/md020/estates/599070/images/8479840/gallery_media.jpeg', 'https://cdn-media.medialabtc.it/es/agencies/md020/estates/599070/images/8479842/gallery_media.jpeg', 'https://cdn-media.medialabtc.it/es/agencies/md020/estates/599070/images/8479838/gallery_media.jpeg', 'https://cdn-media.medialabtc.it/es/agencies/md020/estates/599070/images/8479835/gallery_media.jpeg', 'https://cdn-media.medialabtc.it/es/agencies/md020/estates/599070/images/8479832/gallery_media.jpeg', 'https://cdn-media.medialabtc.it/es/agencies/md020/estates/599070/images/8479849/gallery_media.jpeg', 'https://cdn-media.medialabtc.it/es/agencies/md020/estates/599070/images/8479850/gallery_media.jpeg', 'https://cdn-media.medialabtc.it/es/agencies/md020/estates/599070/images/8479831/gallery_media.jpeg', 'https://cdn-media.medialabtc.it/es/agencies/md020/estates/599070/images/8479841/gallery_media.jpeg', 'https://cdn-media.medialabtc.it/es/agencies/md020/estates/599070/images/8479848/gallery_media.jpeg', 'https://cdn-media.medialabtc.it/es/agencies/md020/estates/599070/images/8479852/gallery_media.jpeg', 'https://cdn-media.medialabtc.it/es/agencies/md020/estates/599070/images/8479833/gallery_media.jpeg', 'https://cdn-media.medialabtc.it/es/agencies/md020/estates/599070/images/8479854/gallery_media.jpeg']",0,Desconocido,1,1,1,1,1,Desconocida,0,0,"['imagenes_tecnocasa\\anuncio_1298\\0.jpeg', 'imagenes_tecnocasa\\anuncio_1298\\1.jpeg', 'imagenes_tecnocasa\\anuncio_1298\\2.jpeg', 'imagenes_tecnocasa\\anuncio_1298\\3.jpeg', 'imagenes_tecnocasa\\anuncio_1298\\4.jpeg', 'imagenes_tecnocasa\\anuncio_1298\\5.jpeg', 'imagenes_tecnocasa\\anuncio_1298\\6.jpeg', 'imagenes_tecnocasa\\anuncio_1298\\7.jpeg', 'imagenes_tecnocasa\\anuncio_1298\\8.jpeg', 'imagenes_tecnocasa\\anuncio_1298\\9.jpeg', 'imagenes_tecnocasa\\anuncio_1298\\10.jpeg', 'imagenes_tecnocasa\\anuncio_1298\\11.jpeg', 'imagenes_tecnocasa\\anuncio_1298\\12.jpeg', 'imagenes_tecnocasa\\anuncio_1298\\13.jpeg', 'imagenes_tecnocasa\\anuncio_1298\\14.jpeg', 'imagenes_tecnocasa\\anuncio_1298\\15.jpeg', 'imagenes_tecnocasa\\anuncio_1298\\16.jpeg', 'imagenes_tecnocasa\\anuncio_1298\\17.jpeg', 'imagenes_tecnocasa\\anuncio_1298\\18.jpeg', 'imagenes_tecnocasa\\anuncio_1298\\19.jpeg', 'imagenes_tecnocasa\\anuncio_1298\\20.jpeg', 'imagenes_tecnocasa\\anuncio_1298\\21.jpeg', 'imagenes_tecnocasa\\anuncio_1298\\22.jpeg', 'imagenes_tecnocasa\\anuncio_1298\\23.jpeg', 'imagenes_tecnocasa\\anuncio_1298\\24.jpeg', 'imagenes_tecnocasa\\anuncio_1298\\25.jpeg', 'imagenes_tecnocasa\\anuncio_1298\\26.jpeg']",1,Popular,1998,1,0,1,piso,2,Madrid,Madrid,40.4167047,-3.7035825,1298,3262.4113475177305,385.0,248.0,0.1,0.4,0.0,0.0,parquet,pintura,corredera,estándar (2.4-2.8m),nada,4.2,3.8,convencional,"['#A020F0', '#8B4513', '#FFFFFF']",buena,False,convencional,normal,ninguno,ninguno,estándar,básica,ninguno,7.2,6.0,ninguna,5
https://www.tecnocasa.es/venta/piso/madrid/madrid/612605.html,400000.0,3,84.0,1,"OFICINA PINOS ALTA DEL GRUPO TECNOCASA ofrece piso en venta en Valdeacederas, Tetuán, Madrid! Este inmueble es una gran oportunidad para aquellos que buscan su primera vivienda o una inversión de alta rentabilidad. Su ubicación es privilegiada, cerca de las estaciones de metro Valdeacederas, Ventilla y Plaza Castilla, lo que lo hace perfectamente comunicado con toda la ciudad.

Además, está cerca de la zona financiera de Chamartín y el Paseo de La Castellana, lo que lo convierte en una excelente opción para aquellos que buscan un lugar cómodo y accesible para trabajar.

Este piso se encuentra en la planta 1 con ascensor, cuenta con tres dormitorios, un salón, una cocina, un baño y 2 plazas de garaje Para actualizar

El precio es negociable y las visitas se realizan bajo cita previa.

¡No pierdas la oportunidad de adquirir este maravilloso piso en una de las zonas más cotizadas de Madrid!",1,1,1,1,1,1,1,1,1,1,"['https://cdn-media.medialabtc.it/es/agencies/mdaif/estates/612605/images/8783926/gallery_media.jpeg', 'https://cdn-media.medialabtc.it/es/agencies/mdaif/estates/612605/images/8843090/gallery_media.jpeg', 'https://cdn-media.medialabtc.it/es/agencies/mdaif/estates/612605/images/8783913/gallery_media.jpeg', 'https://cdn-media.medialabtc.it/es/agencies/mdaif/estates/612605/images/8783920/gallery_media.jpeg', 'https://cdn-media.medialabtc.it/es/agencies/mdaif/estates/612605/images/8783928/gallery_media.jpeg', 'https://cdn-media.medialabtc.it/es/agencies/mdaif/estates/612605/images/8783929/gallery_media.jpeg', 'https://cdn-media.medialabtc.it/es/agencies/mdaif/estates/612605/images/8783909/gallery_media.jpeg', 'https://cdn-media.medialabtc.it/es/agencies/mdaif/estates/612605/images/8783922/gallery_media.jpeg', 'https://cdn-media.medialabtc.it/es/agencies/mdaif/estates/612605/images/8797390/gallery_media.jpeg', 'https://cdn-media.medialabtc.it/es/agencies/mdaif/estates/612605/images/8783921/gallery_media.jpeg', 'https://cdn-media.medialabtc.it/es/agencies/mdaif/estates/612605/images/8783912/gallery_media.jpeg', 'https://cdn-media.medialabtc.it/es/agencies/mdaif/estates/612605/images/8783911/gallery_media.jpeg', 'https://cdn-media.medialabtc.it/es/agencies/mdaif/estates/612605/images/8783915/gallery_media.jpeg', 'https://cdn-media.medialabtc.it/es/agencies/mdaif/estates/612605/images/8783917/gallery_media.jpeg', 'https://cdn-media.medialabtc.it/es/agencies/mdaif/estates/612605/images/8783923/gallery_media.jpeg', 'https://cdn-media.medialabtc.it/es/agencies/mdaif/estates/612605/images/8783916/gallery_media.jpeg', 'https://cdn-media.medialabtc.it/es/agencies/mdaif/estates/612605/images/8783930/gallery_media.jpeg', 'https://cdn-media.medialabtc.it/es/agencies/mdaif/estates/612605/images/8783908/gallery_media.jpeg', 'https://cdn-media.medialabtc.it/es/agencies/mdaif/estates/612605/images/8783910/gallery_media.jpeg', 'https://cdn-media.medialabtc.it/es/agencies/mdaif/estates/612605/images/8783924/gallery_media.jpeg', 'https://cdn-media.medialabtc.it/es/agencies/mdaif/estates/612605/images/8797391/gallery_media.jpeg', 'https://cdn-media.medialabtc.it/es/agencies/mdaif/estates/612605/images/8783918/gallery_media.jpeg', 'https://cdn-media.medialabtc.it/es/agencies/mdaif/estates/612605/images/8783927/gallery_media.jpeg', 'https://cdn-media.medialabtc.it/es/agencies/mdaif/estates/612605/images/8797389/gallery_media.jpeg', 'https://cdn-media.medialabtc.it/es/agencies/mdaif/estates/612605/images/8797388/gallery_media.jpeg', 'https://cdn-media.medialabtc.it/es/agencies/mdaif/estates/612605/images/8783925/gallery_media.jpeg']",0,Desconocido,1,0,0,0,0,E,0,0,"['imagenes_tecnocasa\\anuncio_1300\\0.jpeg', 'imagenes_tecnocasa\\anuncio_1300\\1.jpeg', 'imagenes_tecnocasa\\anuncio_1300\\2.jpeg', 'imagenes_tecnocasa\\anuncio_1300\\3.jpeg', 'imagenes_tecnocasa\\anuncio_1300\\4.jpeg', 'imagenes_tecnocasa\\anuncio_1300\\5.jpeg', 'imagenes_tecnocasa\\anuncio_1300\\6.jpeg', 'imagenes_tecnocasa\\anuncio_1300\\7.jpeg', 'imagenes_tecnocasa\\anuncio_1300\\8.jpeg', 'imagenes_tecnocasa\\anuncio_1300\\9.jpeg', 'imagenes_tecnocasa\\anuncio_1300\\10.jpeg', 'imagenes_tecnocasa\\anuncio_1300\\11.jpeg', 'imagenes_tecnocasa\\anuncio_1300\\12.jpeg', 'imagenes_tecnocasa\\anuncio_1300\\13.jpeg', 'imagenes_tecnocasa\\anuncio_1300\\14.jpeg', 'imagenes_tecnocasa\\anuncio_1300\\15.jpeg', 'imagenes_tecnocasa\\anuncio_1300\\16.jpeg', 'imagenes_tecnocasa\\anuncio_1300\\17.jpeg', 'imagenes_tecnocasa\\anuncio_1300\\18.jpeg', 'imagenes_tecnocasa\\anuncio_1300\\19.jpeg', 'imagenes_tecnocasa\\anuncio_1300\\20.jpeg', 'imagenes_tecnocasa\\anuncio_1300\\21.jpeg', 'imagenes_tecnocasa\\anuncio_1300\\22.jpeg', 'imagenes_tecnocasa\\anuncio_1300\\23.jpeg', 'imagenes_tecnocasa\\anuncio_1300\\24.jpeg', 'imagenes_tecnocasa\\anuncio_1300\\25.jpeg']",1,Popular,1951,1,0,1,piso,1,Madrid,"Valdeacederas, Madrid",40.4167047,-3.7035825,1300,4761.9047619047615,149.0,99.0,0.0,0.0,0.0,0.0,parquet,pintura,corredera,estándar (2.4-2.8m),nada,4.4,3.2,clásico,"['#FFD700', '#000000', '#A0522D']",regular,False,convencional,limitado,ninguno,ninguno,estándar,básica,ninguno,6.4,6.8,ninguna,5
https://www.tecnocasa.es/venta/piso/madrid/madrid/614899.html,188000.0,3,75.0,1,"Agencia inmobiliaria de MADRID - Zona VILLAVERDE ALTO – PASEO ALBERTO PALACIOS Tecnocasa.
¡Descubre tu nuevo hogar en la vibrante zona sur de Villaverde Alto! Este encantador piso de 75 m², situado en la calle Geología, te ofrece una experiencia de vida inigualable. Con tres dormitorios y un salón comedor que se llena de luz natural gracias a su orientación exterior, cada rincón de este hogar está diseñado para tu comodidad. La cocina, completamente equipada y amueblada, es perfecta para los amantes de la gastronomía. Además, el baño ha sido recientemente reformado, incorporando un moderno plato de ducha y una ventana que permite una excelente ventilación.

La joya de este piso es su terraza exterior, ideal para disfrutar del aire libre con un buen libro o una taza de café. Equipado con un toldo y tendedero, es el espacio perfecto para relajarte. La ubicación es inmejorable: a pocos minutos de la estación de Renfe Cercanías 'Puente Alcocer' y del metro 'Villaverde Alto', y con varias paradas de autobús cercanas (130, 22, 86, 131, 79). Todo esto en un edificio sin ascensor, calefacción de gas natural y armarios empotrados que optimizan el espacio. ¡No dejes pasar esta oportunidad y ven a visitarlo!",1,1,1,1,1,1,0,1,1,1,"['https://cdn-media.medialabtc.it/es/agencies/md091/estates/614899/images/8851977/gallery_media.jpeg', 'https://cdn-media.medialabtc.it/es/agencies/md091/estates/614899/images/8851972/gallery_media.jpeg', 'https://cdn-media.medialabtc.it/es/agencies/md091/estates/614899/images/8851966/gallery_media.jpeg', 'https://cdn-media.medialabtc.it/es/agencies/md091/estates/614899/images/8851941/gallery_media.jpeg', 'https://cdn-media.medialabtc.it/es/agencies/md091/estates/614899/images/8851978/gallery_media.jpeg', 'https://cdn-media.medialabtc.it/es/agencies/md091/estates/614899/images/8851969/gallery_media.jpeg', 'https://cdn-media.medialabtc.it/es/agencies/md091/estates/614899/images/8851965/gallery_media.jpeg', 'https://cdn-media.medialabtc.it/es/agencies/md091/estates/614899/images/8851985/gallery_media.jpeg', 'https://cdn-media.medialabtc.it/es/agencies/md091/estates/614899/images/8851987/gallery_media.jpeg', 'https://cdn-media.medialabtc.it/es/agencies/md091/estates/614899/images/8851989/gallery_media.jpeg', 'https://cdn-media.medialabtc.it/es/agencies/md091/estates/614899/images/8851974/gallery_media.jpeg', 'https://cdn-media.medialabtc.it/es/agencies/md091/estates/614899/images/8851983/gallery_media.jpeg', 'https://cdn-media.medialabtc.it/es/agencies/md091/estates/614899/images/8851975/gallery_media.jpeg', 'https://cdn-media.medialabtc.it/es/agencies/md091/estates/614899/images/8851982/gallery_media.jpeg', 'https://cdn-media.medialabtc.it/es/agencies/md091/estates/614899/images/8851976/gallery_media.jpeg', 'https://cdn-media.medialabtc.it/es/agencies/md091/estates/614899/images/8851973/gallery_media.jpeg', 'https://cdn-media.medialabtc.it/es/agencies/md091/estates/614899/images/8851988/gallery_media.jpeg', 'https://cdn-media.medialabtc.it/es/agencies/md091/estates/614899/images/8851984/gallery_media.jpeg', 'https://cdn-media.medialabtc.it/es/agencies/md091/estates/614899/images/8851967/gallery_media.jpeg', 'https://cdn-media.medialabtc.it/es/agencies/md091/estates/614899/images/8851971/gallery_media.jpeg', 'https://cdn-media.medialabtc.it/es/agencies/md091/estates/614899/images/8851962/gallery_media.jpeg', 'https://cdn-media.medialabtc.it/es/agencies/md091/estates/614899/images/8851968/gallery_media.jpeg', 'https://cdn-media.medialabtc.it/es/agencies/md091/estates/614899/images/8851963/gallery_media.jpeg', 'https://cdn-media.medialabtc.it/es/agencies/md091/estates/614899/images/8851990/gallery_media.jpeg', 'https://cdn-media.medialabtc.it/es/agencies/md091/estates/614899/images/8851980/gallery_media.jpeg', 'https://cdn-media.medialabtc.it/es/agencies/md091/estates/614899/images/8851979/gallery_media.jpeg', 'https://cdn-media.medialabtc.it/es/agencies/md091/estates/614899/images/8851986/gallery_media.jpeg', 'https://cdn-media.medialabtc.it/es/agencies/md091/estates/614899/images/8851970/gallery_media.jpeg', 'https://cdn-media.medialabtc.it/es/agencies/md091/estates/614899/images/8851964/gallery_media.jpeg', 'https://cdn-media.medialabtc.it/es/agencies/md091/estates/614899/images/8851981/gallery_media.jpeg']",0,Reformado,0,0,0,1,0,E,1,0,"['imagenes_tecnocasa\\anuncio_1313\\0.jpeg', 'imagenes_tecnocasa\\anuncio_1313\\1.jpeg', 'imagenes_tecnocasa\\anuncio_1313\\2.jpeg', 'imagenes_tecnocasa\\anuncio_1313\\3.jpeg', 'imagenes_tecnocasa\\anuncio_1313\\4.jpeg', 'imagenes_tecnocasa\\anuncio_1313\\5.jpeg', 'imagenes_tecnocasa\\anuncio_1313\\6.jpeg', 'imagenes_tecnocasa\\anuncio_1313\\7.jpeg', 'imagenes_tecnocasa\\anuncio_1313\\8.jpeg', 'imagenes_tecnocasa\\anuncio_1313\\9.jpeg', 'imagenes_tecnocasa\\anuncio_1313\\10.jpeg', 'imagenes_tecnocasa\\anuncio_1313\\11.jpeg', 'imagenes_tecnocasa\\anuncio_1313\\12.jpeg', 'imagenes_tecnocasa\\anuncio_1313\\13.jpeg', 'imagenes_tecnocasa\\anuncio_1313\\14.jpeg', 'imagenes_tecnocasa\\anuncio_1313\\15.jpeg', 'imagenes_tecnocasa\\anuncio_1313\\16.jpeg', 'imagenes_tecnocasa\\anuncio_1313\\17.jpeg', 'imagenes_tecnocasa\\anuncio_1313\\18.jpeg', 'imagenes_tecnocasa\\anuncio_1313\\19.jpeg', 'imagenes_tecnocasa\\anuncio_1313\\20.jpeg', 'imagenes_tecnocasa\\anuncio_1313\\21.jpeg', 'imagenes_tecnocasa\\anuncio_1313\\22.jpeg', 'imagenes_tecnocasa\\anuncio_1313\\23.jpeg', 'imagenes_tecnocasa\\anuncio_1313\\24.jpeg', 'imagenes_tecnocasa\\anuncio_1313\\25.jpeg', 'imagenes_tecnocasa\\anuncio_1313\\26.jpeg', 'imagenes_tecnocasa\\anuncio_1313\\27.jpeg', 'imagenes_tecnocasa\\anuncio_1313\\28.jpeg', 'imagenes_tecnocasa\\anuncio_1313\\29.jpeg']",1,Señorial,1960,0,0,0,piso,3,Madrid,"Villaverde Alto, Madrid",40.4167047,-3.7035825,1313,2506.6666666666665,201.0,145.0,0.375,0.6,2.0,1.0,otro,pintura,corredera,estándar (2.4-2.8m),nada,3.0,3.4,convencional,"['#F2F2F2', '#A0A0A0', '#FFFFFF']",buena,False,convencional,limitado,ninguno,ninguno,estándar,básica,ninguno,6.0,5.2,ninguna,5
https://www.tecnocasa.es/venta/piso/madrid/madrid/584466.html,225000.0,3,80.0,1,"Agencia inmobiliaria de MADRID - zona VALLECAS - PUERTO CANFRANC Oficina Tecnocasa
EN VENTA: Piso de segunda mano cerca de todo tipo de servicios como comercios, colegios y transportes públicos.
Piso en cuarta planta sin ascensor, totalmente reformado, con una superficie construida de 75 m2 , distribuidos en salon-comedor, tres dormitorio, cocina, baño, balcon y terraza.
Las características del inmueble son:
- Ventanas de climalit.
- Puertas de madera.
- Suelos de parquet.
- Calefacción gas natural
Tecnocasa dispone de un servicio financiero de consulta gratuita para nuestros clientes hasta el 100% de la hipoteca '.",1,1,1,1,1,1,0,1,1,1,"['https://cdn-media.medialabtc.it/es/agencies/md000/estates/584466/images/8761823/gallery_media.jpeg', 'https://cdn-media.medialabtc.it/es/agencies/md000/estates/584466/images/8761835/gallery_media.jpeg', 'https://cdn-media.medialabtc.it/es/agencies/md000/estates/584466/images/8863732/gallery_media.jpeg', 'https://cdn-media.medialabtc.it/es/agencies/md000/estates/584466/images/8761828/gallery_media.jpeg', 'https://cdn-media.medialabtc.it/es/agencies/md000/estates/584466/images/8761834/gallery_media.jpeg', 'https://cdn-media.medialabtc.it/es/agencies/md000/estates/584466/images/8761825/gallery_media.jpeg', 'https://cdn-media.medialabtc.it/es/agencies/md000/estates/584466/images/8761831/gallery_media.jpeg', 'https://cdn-media.medialabtc.it/es/agencies/md000/estates/584466/images/8761780/gallery_media.jpeg', 'https://cdn-media.medialabtc.it/es/agencies/md000/estates/584466/images/8761822/gallery_media.jpeg', 'https://cdn-media.medialabtc.it/es/agencies/md000/estates/584466/images/8761837/gallery_media.jpeg', 'https://cdn-media.medialabtc.it/es/agencies/md000/estates/584466/images/8761833/gallery_media.jpeg', 'https://cdn-media.medialabtc.it/es/agencies/md000/estates/584466/images/8761824/gallery_media.jpeg', 'https://cdn-media.medialabtc.it/es/agencies/md000/estates/584466/images/8761840/gallery_media.jpeg', 'https://cdn-media.medialabtc.it/es/agencies/md000/estates/584466/images/8761838/gallery_media.jpeg', 'https://cdn-media.medialabtc.it/es/agencies/md000/estates/584466/images/8761839/gallery_media.jpeg', 'https://cdn-media.medialabtc.it/es/agencies/md000/estates/584466/images/8761826/gallery_media.jpeg', 'https://cdn-media.medialabtc.it/es/agencies/md000/estates/584466/images/8761827/gallery_media.jpeg', 'https://cdn-media.medialabtc.it/es/agencies/md000/estates/584466/images/8761830/gallery_media.jpeg', 'https://cdn-media.medialabtc.it/es/agencies/md000/estates/584466/images/8761836/gallery_media.jpeg', 'https://cdn-media.medialabtc.it/es/agencies/md000/estates/584466/images/8761781/gallery_media.jpeg', 'https://cdn-media.medialabtc.it/es/agencies/md000/estates/584466/images/8761829/gallery_media.jpeg']",0,Reformado,0,0,0,1,0,E,0,0,"['imagenes_tecnocasa\\anuncio_1315\\0.jpeg', 'imagenes_tecnocasa\\anuncio_1315\\1.jpeg', 'imagenes_tecnocasa\\anuncio_1315\\2.jpeg', 'imagenes_tecnocasa\\anuncio_1315\\3.jpeg', 'imagenes_tecnocasa\\anuncio_1315\\4.jpeg', 'imagenes_tecnocasa\\anuncio_1315\\5.jpeg', 'imagenes_tecnocasa\\anuncio_1315\\6.jpeg', 'imagenes_tecnocasa\\anuncio_1315\\7.jpeg', 'imagenes_tecnocasa\\anuncio_1315\\8.jpeg', 'imagenes_tecnocasa\\anuncio_1315\\9.jpeg', 'imagenes_tecnocasa\\anuncio_1315\\10.jpeg', 'imagenes_tecnocasa\\anuncio_1315\\11.jpeg', 'imagenes_tecnocasa\\anuncio_1315\\12.jpeg', 'imagenes_tecnocasa\\anuncio_1315\\13.jpeg', 'imagenes_tecnocasa\\anuncio_1315\\14.jpeg', 'imagenes_tecnocasa\\anuncio_1315\\15.jpeg', 'imagenes_tecnocasa\\anuncio_1315\\16.jpeg', 'imagenes_tecnocasa\\anuncio_1315\\17.jpeg', 'imagenes_tecnocasa\\anuncio_1315\\18.jpeg', 'imagenes_tecnocasa\\anuncio_1315\\19.jpeg', 'imagenes_tecnocasa\\anuncio_1315\\20.jpeg']",0,Media,1976,1,0,0,piso,4,Madrid,"Numancia, Madrid",40.4167047,-3.7035825,1315,2812.5,96.0,77.0,0.1,0.4,1.0,0.0,otro,pintura,otro,estándar (2.4-2.8m),nada,4.2,3.8,otro,"['#808080', '#d3d3d3', '#555555']",regular,False,convencional,limitado,ninguno,ninguno,estándar,básica,ninguno,7.0,6.8,ninguna,5
https://www.tecnocasa.es/venta/casa/madrid/colmenar-viejo/608211.html,570000.0,5,299.0,2,"TECNOCASA ESTUDIO COLMENAR NORTE SL

Agencia inmobiliaria de COLMENAR VIEJO - ZONA NORTE vende CHALET ADOSADO
en SANTA TERESA con urbanización privada.

AMPLIO CHALET ADOSADO

Se distribuye en:

PLANTA CALLE:

Hall con acceso hacia cocina, aseo de cortesía y amplio salón con comedor y terraza acristalada.

PLANTA 2:

Consta de 4 dormitorios con armarios empotrados y terraza, el de matrimonio con cuarto de baño en suite y vestidor, esta planta también cuenta con otro cuartos de baño completo.
BHUARDILLA: completamente diafana, com mucho espacio. Actualmente preparada como sala de estar.
PLANTA BAJA:

Consta otro amplio salón/habitación con chimenea, salida hacia jardín privado, garaje con capacidad para dos vehículos, zona de almacenaje, puerta automática y cuarto de lavadora.

También cuenta con varias reformas, un acristalamiento en la zona de la escalera para facilitar el paso de la luz a todas las estancias, puertas blindadas en diferentes accesos, suels de marmol y ventanas de pvc climalit.

Urbanización privada con piscina, pista multi-deporte y jardín.

Cerca de centro comercial, colegios, restaurantes, ambulatorio, paradas de autobús.. . Todos los servicios necesarios están a pocos minutos andando.

A tan solo 5 minutos en coche de la estación de Renfe de Colmenar Viejo, 20 minutos de Madrid.

Contamos con departamento FINANCIERO con posibilidad de HIPOTECAS hasta el 100%. CONSULTE SIN COMPROMISO.

Si necesitas vender un inmueble, ponemos a su disposición la VALORACION GRATUITA del inmueble en la que le explicaremos todas las fases de la 'compra y venta' para su mayor tranquilidad y seguridad a la hora de llevar a cabo el cambio de vivienda. Contamos con 2 oficinas en Colmenar Viejo, 350 en la Comunidad de Madrid y más de 870 oficinas en el territorio nacional.",0,1,1,1,0,1,0,1,1,1,"['https://cdn-media.medialabtc.it/es/agencies/md575/estates/608211/images/8708585/gallery_media.jpeg', 'https://cdn-media.medialabtc.it/es/agencies/md575/estates/608211/images/8708584/gallery_media.jpeg', 'https://cdn-media.medialabtc.it/es/agencies/md575/estates/608211/images/8708560/gallery_media.jpeg', 'https://cdn-media.medialabtc.it/es/agencies/md575/estates/608211/images/8708576/gallery_media.jpeg', 'https://cdn-media.medialabtc.it/es/agencies/md575/estates/608211/images/8708571/gallery_media.jpeg', 'https://cdn-media.medialabtc.it/es/agencies/md575/estates/608211/images/8708562/gallery_media.jpeg', 'https://cdn-media.medialabtc.it/es/agencies/md575/estates/608211/images/8708587/gallery_media.jpeg', 'https://cdn-media.medialabtc.it/es/agencies/md575/estates/608211/images/8708579/gallery_media.jpeg', 'https://cdn-media.medialabtc.it/es/agencies/md575/estates/608211/images/8708574/gallery_media.jpeg', 'https://cdn-media.medialabtc.it/es/agencies/md575/estates/608211/images/8708559/gallery_media.jpeg', 'https://cdn-media.medialabtc.it/es/agencies/md575/estates/608211/images/8708581/gallery_media.jpeg', 'https://cdn-media.medialabtc.it/es/agencies/md575/estates/608211/images/8708558/gallery_media.jpeg', 'https://cdn-media.medialabtc.it/es/agencies/md575/estates/608211/images/8708575/gallery_media.jpeg', 'https://cdn-media.medialabtc.it/es/agencies/md575/estates/608211/images/8708583/gallery_media.jpeg', 'https://cdn-media.medialabtc.it/es/agencies/md575/estates/608211/images/8708572/gallery_media.jpeg', 'https://cdn-media.medialabtc.it/es/agencies/md575/estates/608211/images/8708563/gallery_media.jpeg', 'https://cdn-media.medialabtc.it/es/agencies/md575/estates/608211/images/8708573/gallery_media.jpeg', 'https://cdn-media.medialabtc.it/es/agencies/md575/estates/608211/images/8708561/gallery_media.jpeg', 'https://cdn-media.medialabtc.it/es/agencies/md575/estates/608211/images/8708570/gallery_media.jpeg', 'https://cdn-media.medialabtc.it/es/agencies/md575/estates/608211/images/8708586/gallery_media.jpeg', 'https://cdn-media.medialabtc.it/es/agencies/md575/estates/608211/images/8708567/gallery_media.jpeg', 'https://cdn-media.medialabtc.it/es/agencies/md575/estates/608211/images/8708582/gallery_media.jpeg', 'https://cdn-media.medialabtc.it/es/agencies/md575/estates/608211/images/8708569/gallery_media.jpeg', 'https://cdn-media.medialabtc.it/es/agencies/md575/estates/608211/images/8708580/gallery_media.jpeg', 'https://cdn-media.medialabtc.it/es/agencies/md575/estates/608211/images/8708577/gallery_media.jpeg', 'https://cdn-media.medialabtc.it/es/agencies/md575/estates/608211/images/8708566/gallery_media.jpeg', 'https://cdn-media.medialabtc.it/es/agencies/md575/estates/608211/images/8708564/gallery_media.jpeg', 'https://cdn-media.medialabtc.it/es/agencies/md575/estates/608211/images/8708578/gallery_media.jpeg', 'https://cdn-media.medialabtc.it/es/agencies/md575/estates/608211/images/8708565/gallery_media.jpeg', 'https://cdn-media.medialabtc.it/es/agencies/md575/estates/608211/images/8708568/gallery_media.jpeg']",0,Desconocido,1,0,1,1,1,E,0,0,"['imagenes_tecnocasa\\anuncio_1316\\0.jpeg', 'imagenes_tecnocasa\\anuncio_1316\\1.jpeg', 'imagenes_tecnocasa\\anuncio_1316\\2.jpeg', 'imagenes_tecnocasa\\anuncio_1316\\3.jpeg', 'imagenes_tecnocasa\\anuncio_1316\\4.jpeg', 'imagenes_tecnocasa\\anuncio_1316\\5.jpeg', 'imagenes_tecnocasa\\anuncio_1316\\6.jpeg', 'imagenes_tecnocasa\\anuncio_1316\\7.jpeg', 'imagenes_tecnocasa\\anuncio_1316\\8.jpeg', 'imagenes_tecnocasa\\anuncio_1316\\9.jpeg', 'imagenes_tecnocasa\\anuncio_1316\\10.jpeg', 'imagenes_tecnocasa\\anuncio_1316\\11.jpeg', 'imagenes_tecnocasa\\anuncio_1316\\12.jpeg', 'imagenes_tecnocasa\\anuncio_1316\\13.jpeg', 'imagenes_tecnocasa\\anuncio_1316\\14.jpeg', 'imagenes_tecnocasa\\anuncio_1316\\15.jpeg', 'imagenes_tecnocasa\\anuncio_1316\\16.jpeg', 'imagenes_tecnocasa\\anuncio_1316\\17.jpeg', 'imagenes_tecnocasa\\anuncio_1316\\18.jpeg', 'imagenes_tecnocasa\\anuncio_1316\\19.jpeg', 'imagenes_tecnocasa\\anuncio_1316\\20.jpeg', 'imagenes_tecnocasa\\anuncio_1316\\21.jpeg', 'imagenes_tecnocasa\\anuncio_1316\\22.jpeg', 'imagenes_tecnocasa\\anuncio_1316\\23.jpeg', 'imagenes_tecnocasa\\anuncio_1316\\24.jpeg', 'imagenes_tecnocasa\\anuncio_1316\\25.jpeg', 'imagenes_tecnocasa\\anuncio_1316\\26.jpeg', 'imagenes_tecnocasa\\anuncio_1316\\27.jpeg', 'imagenes_tecnocasa\\anuncio_1316\\28.jpeg', 'imagenes_tecnocasa\\anuncio_1316\\29.jpeg']",1,Media,1984,1,1,0,casa,1,Colmenar Viejo,Colmenar Viejo,40.6587726,-3.7659722,1316,1906.3545150501673,281.0,186.0,0.0,0.0,1.0,0.0,cerámica,ladrillo visto,corredera,estándar (2.4-2.8m),nada,4.4,4.6,clásico,"['#CC6600', '#D2691E', '#DEB887']",buena,False,convencional,limitado,ninguno,ninguno,estándar,básica,ninguno,8.0,7.0,ninguna,5
https://www.tecnocasa.es/venta/piso/madrid/madrid/613225.html,649900.0,4,129.0,2,"Agencia inmobiliaria de Madrid zona Arganzuela - Santa María de la Cabeza - Chopera Tecnocasa Estudio Embajada De Santa Maria Slu
Descubre esta encantadora propiedad ubicada en el corazón del municipio de Madrid. Con 129 m², este piso ofrece un espacio cómodo y funcional para toda la familia. Cuenta con cuatro dormitorios, un baño completo y un aseo, ideal para el día a día. La vivienda, parcialmente reformada, destaca por su luminosidad, gracias a su orientación exterior que permite disfrutar de luz natural durante todo el día. La terraza de 15 m² es perfecta para disfrutar de las maravillosas vistas que ofrece la zona.
El edificio dispone de ascensor, facilitando el acceso a la vivienda. Las ventanas de tipo climalit aseguran un buen aislamiento térmico y acústico. La ubicación es inmejorable, con excelentes conexiones de transporte y rodeada de zonas verdes, proporcionando un entorno tranquilo y agradable. Esta propiedad es una oportunidad única para quienes buscan un hogar bien comunicado y con todas las comodidades.
¡¡No dudes en agendar tu visita!!",1,1,1,1,1,1,0,1,1,1,"['https://cdn-media.medialabtc.it/es/agencies/md110/estates/613225/images/8803937/gallery_media.jpeg', 'https://cdn-media.medialabtc.it/es/agencies/md110/estates/613225/images/8803914/gallery_media.jpeg', 'https://cdn-media.medialabtc.it/es/agencies/md110/estates/613225/images/8803922/gallery_media.jpeg', 'https://cdn-media.medialabtc.it/es/agencies/md110/estates/613225/images/8803910/gallery_media.jpeg', 'https://cdn-media.medialabtc.it/es/agencies/md110/estates/613225/images/8803861/gallery_media.jpeg', 'https://cdn-media.medialabtc.it/es/agencies/md110/estates/613225/images/8803906/gallery_media.jpeg', 'https://cdn-media.medialabtc.it/es/agencies/md110/estates/613225/images/8803936/gallery_media.jpeg', 'https://cdn-media.medialabtc.it/es/agencies/md110/estates/613225/images/8803924/gallery_media.jpeg', 'https://cdn-media.medialabtc.it/es/agencies/md110/estates/613225/images/8803909/gallery_media.jpeg', 'https://cdn-media.medialabtc.it/es/agencies/md110/estates/613225/images/8803907/gallery_media.jpeg', 'https://cdn-media.medialabtc.it/es/agencies/md110/estates/613225/images/8803908/gallery_media.jpeg', 'https://cdn-media.medialabtc.it/es/agencies/md110/estates/613225/images/8803940/gallery_media.jpeg', 'https://cdn-media.medialabtc.it/es/agencies/md110/estates/613225/images/8803934/gallery_media.jpeg', 'https://cdn-media.medialabtc.it/es/agencies/md110/estates/613225/images/8803911/gallery_media.jpeg', 'https://cdn-media.medialabtc.it/es/agencies/md110/estates/613225/images/8803931/gallery_media.jpeg', 'https://cdn-media.medialabtc.it/es/agencies/md110/estates/613225/images/8803929/gallery_media.jpeg', 'https://cdn-media.medialabtc.it/es/agencies/md110/estates/613225/images/8803926/gallery_media.jpeg', 'https://cdn-media.medialabtc.it/es/agencies/md110/estates/613225/images/8803935/gallery_media.jpeg', 'https://cdn-media.medialabtc.it/es/agencies/md110/estates/613225/images/8803915/gallery_media.jpeg', 'https://cdn-media.medialabtc.it/es/agencies/md110/estates/613225/images/8803938/gallery_media.jpeg', 'https://cdn-media.medialabtc.it/es/agencies/md110/estates/613225/images/8803928/gallery_media.jpeg', 'https://cdn-media.medialabtc.it/es/agencies/md110/estates/613225/images/8803913/gallery_media.jpeg', 'https://cdn-media.medialabtc.it/es/agencies/md110/estates/613225/images/8841604/gallery_media.jpeg', 'https://cdn-media.medialabtc.it/es/agencies/md110/estates/613225/images/8803932/gallery_media.jpeg', 'https://cdn-media.medialabtc.it/es/agencies/md110/estates/613225/images/8803930/gallery_media.jpeg', 'https://cdn-media.medialabtc.it/es/agencies/md110/estates/613225/images/8803939/gallery_media.jpeg', 'https://cdn-media.medialabtc.it/es/agencies/md110/estates/613225/images/8815502/gallery_media.jpeg']",1,Desconocido,0,0,0,1,0,E,0,0,"['imagenes_tecnocasa\\anuncio_1318\\0.jpeg', 'imagenes_tecnocasa\\anuncio_1318\\1.jpeg', 'imagenes_tecnocasa\\anuncio_1318\\2.jpeg', 'imagenes_tecnocasa\\anuncio_1318\\3.jpeg', 'imagenes_tecnocasa\\anuncio_1318\\4.jpeg', 'imagenes_tecnocasa\\anuncio_1318\\5.jpeg', 'imagenes_tecnocasa\\anuncio_1318\\6.jpeg', 'imagenes_tecnocasa\\anuncio_1318\\7.jpeg', 'imagenes_tecnocasa\\anuncio_1318\\8.jpeg', 'imagenes_tecnocasa\\anuncio_1318\\9.jpeg', 'imagenes_tecnocasa\\anuncio_1318\\10.jpeg', 'imagenes_tecnocasa\\anuncio_1318\\11.jpeg', 'imagenes_tecnocasa\\anuncio_1318\\12.jpeg', 'imagenes_tecnocasa\\anuncio_1318\\13.jpeg', 'imagenes_tecnocasa\\anuncio_1318\\14.jpeg', 'imagenes_tecnocasa\\anuncio_1318\\15.jpeg', 'imagenes_tecnocasa\\anuncio_1318\\16.jpeg', 'imagenes_tecnocasa\\anuncio_1318\\17.jpeg', 'imagenes_tecnocasa\\anuncio_1318\\18.jpeg', 'imagenes_tecnocasa\\anuncio_1318\\19.jpeg', 'imagenes_tecnocasa\\anuncio_1318\\20.jpeg', 'imagenes_tecnocasa\\anuncio_1318\\21.jpeg', 'imagenes_tecnocasa\\anuncio_1318\\22.jpeg', 'imagenes_tecnocasa\\anuncio_1318\\23.jpeg', 'imagenes_tecnocasa\\anuncio_1318\\24.jpeg', 'imagenes_tecnocasa\\anuncio_1318\\25.jpeg', 'imagenes_tecnocasa\\anuncio_1318\\26.jpeg']",0,Popular,1958,0,0,1,piso,5,Acacias,"Acacias - Legazpi, Madrid",40.4040749,-3.7059572,1318,5037.984496124031,171.0,125.0,0.528125,0.7,1.0,1.0,cerámica,pintura,ninguna,estándar (2.4-2.8m),nada,3.2,3.4,clásico,"['#d3d3d3', '#bdbdbd', '#a9a9a9']",regular,False,convencional,limitado,ninguno,ninguno,estándar,básica,ninguno,6.2,6.4,ninguna,5
https://www.tecnocasa.es/venta/piso/madrid/madrid/615970.html,440000.0,3,134.0,2,"Calle Toscana; 146m2 distribuido en tres dormitorios, dos baños, plaza de garaje, salón, cocina y tendedero. Piso reformado en urbanización.",1,1,1,1,1,1,0,1,1,1,"['https://cdn-media.medialabtc.it/es/agencies/md113/estates/615970/images/8859910/gallery_media.jpeg', 'https://cdn-media.medialabtc.it/es/agencies/md113/estates/615970/images/8859918/gallery_media.jpeg', 'https://cdn-media.medialabtc.it/es/agencies/md113/estates/615970/images/8859907/gallery_media.jpeg', 'https://cdn-media.medialabtc.it/es/agencies/md113/estates/615970/images/8859921/gallery_media.jpeg', 'https://cdn-media.medialabtc.it/es/agencies/md113/estates/615970/images/8859914/gallery_media.jpeg', 'https://cdn-media.medialabtc.it/es/agencies/md113/estates/615970/images/8859920/gallery_media.jpeg', 'https://cdn-media.medialabtc.it/es/agencies/md113/estates/615970/images/8859917/gallery_media.jpeg', 'https://cdn-media.medialabtc.it/es/agencies/md113/estates/615970/images/8859919/gallery_media.jpeg', 'https://cdn-media.medialabtc.it/es/agencies/md113/estates/615970/images/8859984/gallery_media.jpeg', 'https://cdn-media.medialabtc.it/es/agencies/md113/estates/615970/images/8859986/gallery_media.jpeg', 'https://cdn-media.medialabtc.it/es/agencies/md113/estates/615970/images/8859983/gallery_media.jpeg', 'https://cdn-media.medialabtc.it/es/agencies/md113/estates/615970/images/8859909/gallery_media.jpeg', 'https://cdn-media.medialabtc.it/es/agencies/md113/estates/615970/images/8859916/gallery_media.jpeg', 'https://cdn-media.medialabtc.it/es/agencies/md113/estates/615970/images/8859982/gallery_media.jpeg', 'https://cdn-media.medialabtc.it/es/agencies/md113/estates/615970/images/8859912/gallery_media.jpeg', 'https://cdn-media.medialabtc.it/es/agencies/md113/estates/615970/images/8859985/gallery_media.jpeg', 'https://cdn-media.medialabtc.it/es/agencies/md113/estates/615970/images/8859908/gallery_media.jpeg', 'https://cdn-media.medialabtc.it/es/agencies/md113/estates/615970/images/8859915/gallery_media.jpeg', 'https://cdn-media.medialabtc.it/es/agencies/md113/estates/615970/images/8859913/gallery_media.jpeg', 'https://cdn-media.medialabtc.it/es/agencies/md113/estates/615970/images/8859911/gallery_media.jpeg']",0,Reformado,1,0,0,0,0,Desconocida,0,0,"['imagenes_tecnocasa\\anuncio_1323\\0.jpeg', 'imagenes_tecnocasa\\anuncio_1323\\1.jpeg', 'imagenes_tecnocasa\\anuncio_1323\\2.jpeg', 'imagenes_tecnocasa\\anuncio_1323\\3.jpeg', 'imagenes_tecnocasa\\anuncio_1323\\4.jpeg', 'imagenes_tecnocasa\\anuncio_1323\\5.jpeg', 'imagenes_tecnocasa\\anuncio_1323\\6.jpeg', 'imagenes_tecnocasa\\anuncio_1323\\7.jpeg', 'imagenes_tecnocasa\\anuncio_1323\\8.jpeg', 'imagenes_tecnocasa\\anuncio_1323\\9.jpeg', 'imagenes_tecnocasa\\anuncio_1323\\10.jpeg', 'imagenes_tecnocasa\\anuncio_1323\\11.jpeg', 'imagenes_tecnocasa\\anuncio_1323\\12.jpeg', 'imagenes_tecnocasa\\anuncio_1323\\13.jpeg', 'imagenes_tecnocasa\\anuncio_1323\\14.jpeg', 'imagenes_tecnocasa\\anuncio_1323\\15.jpeg', 'imagenes_tecnocasa\\anuncio_1323\\16.jpeg', 'imagenes_tecnocasa\\anuncio_1323\\17.jpeg', 'imagenes_tecnocasa\\anuncio_1323\\18.jpeg', 'imagenes_tecnocasa\\anuncio_1323\\19.jpeg']",1,Popular,1998,1,0,1,piso,3,Madrid,"Pueblo Nuevo, Madrid",40.4167047,-3.7035825,1323,3283.582089552239,20.0,19.0,0.0,0.0,1.0,0.0,parquet,pintura,corredera,estándar (2.4-2.8m),nada,4.0,5.4,moderno,"['#F2F2F2', '#525252', '#FFFFFF']",buena,False,convencional,limitado,ninguno,ninguno,estándar,básica,ninguno,7.0,6.0,ninguna,5
https://www.tecnocasa.es/venta/piso/madrid/madrid/609316.html,189500.0,3,59.0,1,"Agencia inmobiliaria de MADRID - zona VALLECAS - PUERTO CANFRANC Oficina Tecnocasa
EN VENTA: Vivienda de segunda mano cerca de todo tipo de servicios como comercios, colegios y transportes públicos.
Vivienda en tercera planta con ascensor, con una superficie construida de 59m2, distribuidos en salón-comedor, tres dormitorios, cocina y baño.
Las características del inmueble son:
- Ventanas de aluminio.
- Puertas de madera.
- Suelo de parquet.
- Muy luminoso.
- calefación gas natural.
Tecnocasa dispone de un servicio financiero de consulta gratuita para nuestros clientes hasta el 100% de la hipoteca '.",1,1,1,1,1,1,0,1,1,1,"['https://cdn-media.medialabtc.it/es/agencies/md000/estates/609316/images/8708208/gallery_media.jpeg', 'https://cdn-media.medialabtc.it/es/agencies/md000/estates/609316/images/8708206/gallery_media.jpeg', 'https://cdn-media.medialabtc.it/es/agencies/md000/estates/609316/images/8708201/gallery_media.jpeg', 'https://cdn-media.medialabtc.it/es/agencies/md000/estates/609316/images/8708172/gallery_media.jpeg', 'https://cdn-media.medialabtc.it/es/agencies/md000/estates/609316/images/8708203/gallery_media.jpeg', 'https://cdn-media.medialabtc.it/es/agencies/md000/estates/609316/images/8708199/gallery_media.jpeg', 'https://cdn-media.medialabtc.it/es/agencies/md000/estates/609316/images/8708200/gallery_media.jpeg', 'https://cdn-media.medialabtc.it/es/agencies/md000/estates/609316/images/8708198/gallery_media.jpeg', 'https://cdn-media.medialabtc.it/es/agencies/md000/estates/609316/images/8708207/gallery_media.jpeg', 'https://cdn-media.medialabtc.it/es/agencies/md000/estates/609316/images/8708202/gallery_media.jpeg', 'https://cdn-media.medialabtc.it/es/agencies/md000/estates/609316/images/8708197/gallery_media.jpeg', 'https://cdn-media.medialabtc.it/es/agencies/md000/estates/609316/images/8860914/gallery_media.jpeg', 'https://cdn-media.medialabtc.it/es/agencies/md000/estates/609316/images/8708204/gallery_media.jpeg', 'https://cdn-media.medialabtc.it/es/agencies/md000/estates/609316/images/8708205/gallery_media.jpeg']",0,Desconocido,0,0,0,0,0,E,0,0,"['imagenes_tecnocasa\\anuncio_1324\\0.jpeg', 'imagenes_tecnocasa\\anuncio_1324\\1.jpeg', 'imagenes_tecnocasa\\anuncio_1324\\2.jpeg', 'imagenes_tecnocasa\\anuncio_1324\\3.jpeg', 'imagenes_tecnocasa\\anuncio_1324\\4.jpeg', 'imagenes_tecnocasa\\anuncio_1324\\5.jpeg', 'imagenes_tecnocasa\\anuncio_1324\\6.jpeg', 'imagenes_tecnocasa\\anuncio_1324\\7.jpeg', 'imagenes_tecnocasa\\anuncio_1324\\8.jpeg', 'imagenes_tecnocasa\\anuncio_1324\\9.jpeg', 'imagenes_tecnocasa\\anuncio_1324\\10.jpeg', 'imagenes_tecnocasa\\anuncio_1324\\11.jpeg', 'imagenes_tecnocasa\\anuncio_1324\\12.jpeg', 'imagenes_tecnocasa\\anuncio_1324\\13.jpeg']",0,Señorial,1963,0,0,0,piso,3,Madrid,"Numancia, Madrid",40.4167047,-3.7035825,1324,3211.864406779661,93.0,72.0,0.1,0.4,1.0,0.0,parquet,pintura,no visible,estándar (2.4-2.8m),nada,3.6,3.2,convencional,"['#F2F2F2', '#D3D3D3', '#B0B0B0']",regular,False,convencional,limitado,ninguno,ninguno,estándar,básica,ninguno,6.6,6.2,ninguna,5
https://www.tecnocasa.es/venta/piso/madrid/mostoles/600776.html,330000.0,4,157.0,2,"¡¡¡¡¡RESERVADO!!!!!!
Agencia inmobiliaria de MÓSTOLES zona MÓSTOLES CENTRAL - TEATRO Oficina Tecnocasa.

VENDE piso, en la urbanización INDAUCHU HOGAR, muy bien comunicado, para entrar a vivir. Espectacular vivienda, muy luminosa, que dispone de recibidor, amplia cocina, gran salón con TERRAZA ABIERTA, 4 dormitorios, tres de ellos con armarios empotrados y 2 baños. El inmueble, dispone de armarios empotrados en pasillo, puertas de sapelly, calefacción central con contadores individuales y suelos de parquet. PLAZA DE GARAJE Y TRASTERO incluidos en el precio. Urbanización cerrada con jardin.",1,1,1,1,1,1,0,1,1,1,"['https://cdn-media.medialabtc.it/es/agencies/mdbm3/estates/600776/images/8522740/gallery_media.jpeg', 'https://cdn-media.medialabtc.it/es/agencies/mdbm3/estates/600776/images/8522744/gallery_media.jpeg', 'https://cdn-media.medialabtc.it/es/agencies/mdbm3/estates/600776/images/8522755/gallery_media.jpeg', 'https://cdn-media.medialabtc.it/es/agencies/mdbm3/estates/600776/images/8522750/gallery_media.jpeg', 'https://cdn-media.medialabtc.it/es/agencies/mdbm3/estates/600776/images/8522689/gallery_media.jpeg', 'https://cdn-media.medialabtc.it/es/agencies/mdbm3/estates/600776/images/8522733/gallery_media.jpeg', 'https://cdn-media.medialabtc.it/es/agencies/mdbm3/estates/600776/images/8522738/gallery_media.jpeg', 'https://cdn-media.medialabtc.it/es/agencies/mdbm3/estates/600776/images/8522751/gallery_media.jpeg', 'https://cdn-media.medialabtc.it/es/agencies/mdbm3/estates/600776/images/8522758/gallery_media.jpeg', 'https://cdn-media.medialabtc.it/es/agencies/mdbm3/estates/600776/images/8522756/gallery_media.jpeg', 'https://cdn-media.medialabtc.it/es/agencies/mdbm3/estates/600776/images/8522757/gallery_media.jpeg', 'https://cdn-media.medialabtc.it/es/agencies/mdbm3/estates/600776/images/8522753/gallery_media.jpeg', 'https://cdn-media.medialabtc.it/es/agencies/mdbm3/estates/600776/images/8522760/gallery_media.jpeg', 'https://cdn-media.medialabtc.it/es/agencies/mdbm3/estates/600776/images/8522747/gallery_media.jpeg', 'https://cdn-media.medialabtc.it/es/agencies/mdbm3/estates/600776/images/8522737/gallery_media.jpeg', 'https://cdn-media.medialabtc.it/es/agencies/mdbm3/estates/600776/images/8522761/gallery_media.jpeg', 'https://cdn-media.medialabtc.it/es/agencies/mdbm3/estates/600776/images/8522741/gallery_media.jpeg', 'https://cdn-media.medialabtc.it/es/agencies/mdbm3/estates/600776/images/8522739/gallery_media.jpeg', 'https://cdn-media.medialabtc.it/es/agencies/mdbm3/estates/600776/images/8522748/gallery_media.jpeg', 'https://cdn-media.medialabtc.it/es/agencies/mdbm3/estates/600776/images/8522749/gallery_media.jpeg', 'https://cdn-media.medialabtc.it/es/agencies/mdbm3/estates/600776/images/8522692/gallery_media.jpeg', 'https://cdn-media.medialabtc.it/es/agencies/mdbm3/estates/600776/images/8522746/gallery_media.jpeg', 'https://cdn-media.medialabtc.it/es/agencies/mdbm3/estates/600776/images/8522743/gallery_media.jpeg', 'https://cdn-media.medialabtc.it/es/agencies/mdbm3/estates/600776/images/8522762/gallery_media.jpeg', 'https://cdn-media.medialabtc.it/es/agencies/mdbm3/estates/600776/images/8522754/gallery_media.jpeg', 'https://cdn-media.medialabtc.it/es/agencies/mdbm3/estates/600776/images/8522745/gallery_media.jpeg', 'https://cdn-media.medialabtc.it/es/agencies/mdbm3/estates/600776/images/8522690/gallery_media.jpeg', 'https://cdn-media.medialabtc.it/es/agencies/mdbm3/estates/600776/images/8522763/gallery_media.jpeg', 'https://cdn-media.medialabtc.it/es/agencies/mdbm3/estates/600776/images/8522735/gallery_media.jpeg']",0,Desconocido,1,1,0,1,0,E,0,0,"['imagenes_tecnocasa\\anuncio_1328\\0.jpeg', 'imagenes_tecnocasa\\anuncio_1328\\1.jpeg', 'imagenes_tecnocasa\\anuncio_1328\\2.jpeg', 'imagenes_tecnocasa\\anuncio_1328\\3.jpeg', 'imagenes_tecnocasa\\anuncio_1328\\4.jpeg', 'imagenes_tecnocasa\\anuncio_1328\\5.jpeg', 'imagenes_tecnocasa\\anuncio_1328\\6.jpeg', 'imagenes_tecnocasa\\anuncio_1328\\7.jpeg', 'imagenes_tecnocasa\\anuncio_1328\\8.jpeg', 'imagenes_tecnocasa\\anuncio_1328\\9.jpeg', 'imagenes_tecnocasa\\anuncio_1328\\10.jpeg', 'imagenes_tecnocasa\\anuncio_1328\\11.jpeg', 'imagenes_tecnocasa\\anuncio_1328\\12.jpeg', 'imagenes_tecnocasa\\anuncio_1328\\13.jpeg', 'imagenes_tecnocasa\\anuncio_1328\\14.jpeg', 'imagenes_tecnocasa\\anuncio_1328\\15.jpeg', 'imagenes_tecnocasa\\anuncio_1328\\16.jpeg', 'imagenes_tecnocasa\\anuncio_1328\\17.jpeg', 'imagenes_tecnocasa\\anuncio_1328\\18.jpeg', 'imagenes_tecnocasa\\anuncio_1328\\19.jpeg', 'imagenes_tecnocasa\\anuncio_1328\\20.jpeg', 'imagenes_tecnocasa\\anuncio_1328\\21.jpeg', 'imagenes_tecnocasa\\anuncio_1328\\22.jpeg', 'imagenes_tecnocasa\\anuncio_1328\\23.jpeg', 'imagenes_tecnocasa\\anuncio_1328\\24.jpeg', 'imagenes_tecnocasa\\anuncio_1328\\25.jpeg', 'imagenes_tecnocasa\\anuncio_1328\\26.jpeg', 'imagenes_tecnocasa\\anuncio_1328\\27.jpeg', 'imagenes_tecnocasa\\anuncio_1328\\28.jpeg']",0,Señorial,1980,1,0,1,piso,3,Móstoles,"Norte - Universidad, Universidad, Móstoles",40.3238525,-3.8649214,1328,2101.9108280254777,85.0,69.0,0.0,0.25,0.0,0.0,otro,pintura,corredera,estándar (2.4-2.8m),nada,4.0,3.4,clásico,"['#A0D6B4', '#F0E68C', '#9ACD32']",buena,False,convencional,limitado,ninguno,ninguno,estándar,básica,ninguno,6.0,6.4,ninguna,5
https://www.tecnocasa.es/venta/piso/madrid/alcala-de-henares/508619.html,79000.0,3,60.0,1,"Agencia inmobiliaria de Alcalá de Henares VENDE NUDA PROPIEDAD de fantástica vivienda reformada en la ZONA JUAN DE AUSTRIA su actual propietario de 75 años se reserva el USUFRUCTO VITALICIO.

IDEAL PARA INVERSORES.

En una de las mejores zonas de Alcalá De Henares con todos los servicios a su alrededor como Carrefour, cafeterías, farmacias, colegios, etc; estación de Renfe a escasos 10 minutos y parada de autobuses 2 minutos, así como de las Galería de Juan De Austria.

La vivienda se distribuye en: hall recibidor, cocina amueblada y equipada, amplio salón, baño completo y tres amplios dormitorios.

El estado de conservación es excelente, venga a visitarlo sin compromiso.",0,1,1,1,1,1,0,1,1,1,['https://www.tecnocasa.es/img/home-hero/es/tecnocasa/residential/desktop_6.jpg'],0,Desconocido,0,0,0,0,0,E,0,0,['imagenes_tecnocasa\\anuncio_1332\\0.jpg'],0,Popular,1970,1,0,0,piso,1,Alcalá de Henares,"Juan De Austria, Alcalá De Henares",40.481954,-3.363981,1332,1316.6666666666667,108.0,86.0,0.45,0.55,1.0,1.0,otro,otro,otro,otro,nada,0.0,0.0,otro,"['#0077be', '#00a6ff', '#66b3cc']",otro,False,otro,otro,ninguno,ninguno,otro,otro,ninguno,8.0,7.0,ninguna,1
https://www.tecnocasa.es/venta/piso/madrid/alcala-de-henares/605472.html,315000.0,4,150.0,1,"TECNOCASA ESTUDIO VÍA COMPLUTENSE VENDE EXCELENTE VIVIENDA EN EL CENTRO DE ALCALÁ DE HENARES.

Póngase en contacto con nosotros si quiere recibir más información visual de la vivienda.

La vivienda se encuentra en la Calle Manuel Azaña, zona céntrica y cómoda, con todos los servicios a su al rededor, colegios, institutos, centros comerciales, farmacias, centro de especialidades, bancos y todo tipo de comercios.

La zona destaca por su cómoda accesibilidad desde la Nacional A-2, además cuenta con numerosas paradas de autobús urbano e interurbano, y la estación de RENFE de Alcalá de Henares a tan sólo 5 minutos caminando desde la vivienda.

En cuanto a las características, la vivienda dispone de un amplio recibidor, cocina totalmente equipada con office, fantástico salón comedor con acceso a la terraza, distribuidor a cuatro dormitorios,uno de ellos con armario empotrado, dos cuartos de baño completos y un aseo.

Recalcar que la vivienda se encuentra con paredes en liso, a demás el edificio cuenta con calefacción central.

PERFECTO PARA ENTRAR A VIVIR NO LO DUDE Y VENGA A VISITARLO SIN COMPROMISO.

Y recuerde que podemos conseguir hasta el 100% DE FINANCIACIÓN con nuestro departamento de intermediación financiera KIRON.",0,1,1,1,1,1,0,1,1,1,"['https://cdn-media.medialabtc.it/es/agencies/mdbia/estates/605472/images/8625140/gallery_media.jpeg', 'https://cdn-media.medialabtc.it/es/agencies/mdbia/estates/605472/images/8625145/gallery_media.jpeg', 'https://cdn-media.medialabtc.it/es/agencies/mdbia/estates/605472/images/8625153/gallery_media.jpeg', 'https://cdn-media.medialabtc.it/es/agencies/mdbia/estates/605472/images/8625142/gallery_media.jpeg', 'https://cdn-media.medialabtc.it/es/agencies/mdbia/estates/605472/images/8625148/gallery_media.jpeg', 'https://cdn-media.medialabtc.it/es/agencies/mdbia/estates/605472/images/8625147/gallery_media.jpeg', 'https://cdn-media.medialabtc.it/es/agencies/mdbia/estates/605472/images/8625154/gallery_media.jpeg', 'https://cdn-media.medialabtc.it/es/agencies/mdbia/estates/605472/images/8627741/gallery_media.jpeg', 'https://cdn-media.medialabtc.it/es/agencies/mdbia/estates/605472/images/8625097/gallery_media.jpeg', 'https://cdn-media.medialabtc.it/es/agencies/mdbia/estates/605472/images/8625143/gallery_media.jpeg', 'https://cdn-media.medialabtc.it/es/agencies/mdbia/estates/605472/images/8625149/gallery_media.jpeg', 'https://cdn-media.medialabtc.it/es/agencies/mdbia/estates/605472/images/8625141/gallery_media.jpeg', 'https://cdn-media.medialabtc.it/es/agencies/mdbia/estates/605472/images/8627742/gallery_media.jpeg', 'https://cdn-media.medialabtc.it/es/agencies/mdbia/estates/605472/images/8625150/gallery_media.jpeg', 'https://cdn-media.medialabtc.it/es/agencies/mdbia/estates/605472/images/8625152/gallery_media.jpeg', 'https://cdn-media.medialabtc.it/es/agencies/mdbia/estates/605472/images/8625151/gallery_media.jpeg', 'https://cdn-media.medialabtc.it/es/agencies/mdbia/estates/605472/images/8625146/gallery_media.jpeg', 'https://cdn-media.medialabtc.it/es/agencies/mdbia/estates/605472/images/8625139/gallery_media.jpeg', 'https://cdn-media.medialabtc.it/es/agencies/mdbia/estates/605472/images/8627740/gallery_media.jpeg', 'https://cdn-media.medialabtc.it/es/agencies/mdbia/estates/605472/images/8625138/gallery_media.jpeg', 'https://cdn-media.medialabtc.it/es/agencies/mdbia/estates/605472/images/8625096/gallery_media.jpeg', 'https://cdn-media.medialabtc.it/es/agencies/mdbia/estates/605472/images/8625144/gallery_media.jpeg', 'https://cdn-media.medialabtc.it/es/agencies/mdbia/estates/605472/images/8625095/gallery_media.jpeg']",0,Desconocido,0,0,0,1,0,Desconocida,0,0,"['imagenes_tecnocasa\\anuncio_1333\\0.jpeg', 'imagenes_tecnocasa\\anuncio_1333\\1.jpeg', 'imagenes_tecnocasa\\anuncio_1333\\2.jpeg', 'imagenes_tecnocasa\\anuncio_1333\\3.jpeg', 'imagenes_tecnocasa\\anuncio_1333\\4.jpeg', 'imagenes_tecnocasa\\anuncio_1333\\5.jpeg', 'imagenes_tecnocasa\\anuncio_1333\\6.jpeg', 'imagenes_tecnocasa\\anuncio_1333\\7.jpeg', 'imagenes_tecnocasa\\anuncio_1333\\8.jpeg', 'imagenes_tecnocasa\\anuncio_1333\\9.jpeg', 'imagenes_tecnocasa\\anuncio_1333\\10.jpeg', 'imagenes_tecnocasa\\anuncio_1333\\11.jpeg', 'imagenes_tecnocasa\\anuncio_1333\\12.jpeg', 'imagenes_tecnocasa\\anuncio_1333\\13.jpeg', 'imagenes_tecnocasa\\anuncio_1333\\14.jpeg', 'imagenes_tecnocasa\\anuncio_1333\\15.jpeg', 'imagenes_tecnocasa\\anuncio_1333\\16.jpeg', 'imagenes_tecnocasa\\anuncio_1333\\17.jpeg', 'imagenes_tecnocasa\\anuncio_1333\\18.jpeg', 'imagenes_tecnocasa\\anuncio_1333\\19.jpeg', 'imagenes_tecnocasa\\anuncio_1333\\20.jpeg', 'imagenes_tecnocasa\\anuncio_1333\\21.jpeg', 'imagenes_tecnocasa\\anuncio_1333\\22.jpeg']",1,Popular,1980,1,0,0,piso,3,Alcalá de Henares,"Juan De Austria, Alcalá De Henares",40.481954,-3.363981,1333,2100.0,193.0,141.0,0.0,0.125,1.0,0.0,cerámica,pintura,corredera,estándar (2.4-2.8m),nada,3.4,2.8,convencional,"['#F5E7E2', '#D2B48C', '#A0522D']",regular,False,convencional,limitado,ninguno,ninguno,estándar,básica,ninguno,5.6,5.8,ninguna,5
https://www.tecnocasa.es/venta/piso/madrid/fuenlabrada/611801.html,199500.0,3,84.0,1,"TECNOCASA FUENLABRADA zona Fuenlabrada II - Cerro del Molino - Fuenlabrada Central VENDE Piso en CALLE PORTUGAL, listo para entrar a vivir. Compuesto de 3 dormitorios, salón, cocina, baño y gran terraza. La luminosa y amplia vivienda dispone de suelo de gress, ventanas de aluminio, puertas en roble y calefacción. Ademas, el estado general de la vivienda es excepcional y tanto cocina como baño esta reformado.


Piso con Ascensor completamente exterior y garaje opcional.


Ubicada en una de las mejores zonas de Fuenlabra, próxima a todos los servicios necesarios como hospital, colegios, supermercados, centro de salud, centro de día para mayores, zonas verdes y a escasos minutos de Renfe y Metro Fuenlabrada Central.


A 5 MINUTOS DEL HOSPITAL DE FUENLABRADA. A 5 MINUTOS de FUENLABRADA CENTRAL ( AYUNTAMIENTO, JUZGADOS Y CENTRO COMERCIAL PLAZA DE LA ESTACION )
A 5 MINUTOS DE LA PARADA DE METRO PARQUE EUROPA
A 2 MINUTOS A PIE DEL PARQUE DE LA SOLIDARIDAD

Fácil acceso a la carretera M 506 comunicando con M 50, A 42, R 5, A 5

Zona con todos los servicios


AVISO LEGAL: Recordamos a nuestros Señores clientes que la información facilitada no constituye una auténtica oferta vinculante ni contractual. Este anuncio publicitario es provisional, y las fotografías y datos en él incluidos están sujetos a posibles modificaciones, consecuencia de exigencias comerciales, jurídicas, técnicas o por mandato expreso de la propiedad. La información aquí contenida procura reflejar una orientación sobre los inmuebles a la fecha de su publicación. La totalidad del contenido que aparece tiene carácter meramente informativo y aproximado, no teniendo, en modo alguno, carácter contractual. Tanto los datos, como las imágenes y planos pueden estar sujetos a cambios, por lo que le invitamos a que, si precisa una información más exacta y detallada, contacte con nosotros y le atenderemos a la mayor brevedad posible. Los contenidos tienen únicamente finalidad informativa y bajo ninguna circunstancia deben usarse ni considerarse como oferta de venta o financiación, solicitud de una oferta de compra o financiación, ni recomendación para realizar cualquier otra transacción, salvo que así se indique expresamente. La información y documentación a ofrecer de acuerdo con lo dispuesto en el Real Decreto 515/1989 (de 21 de abril, relativa a la protección de los consumidores en cuanto a la información a suministrar en la compraventa y arrendamiento de viviendas), será puesta a disposición de los potenciales compradores en las respectivas delegaciones territoriales gestoras del inmueble",1,1,1,1,1,1,0,1,1,1,"['https://cdn-media.medialabtc.it/es/agencies/md567/estates/611801/images/8791674/gallery_media.jpeg', 'https://cdn-media.medialabtc.it/es/agencies/md567/estates/611801/images/8791750/gallery_media.jpeg', 'https://cdn-media.medialabtc.it/es/agencies/md567/estates/611801/images/8791708/gallery_media.jpeg', 'https://cdn-media.medialabtc.it/es/agencies/md567/estates/611801/images/8791756/gallery_media.jpeg', 'https://cdn-media.medialabtc.it/es/agencies/md567/estates/611801/images/8791722/gallery_media.jpeg', 'https://cdn-media.medialabtc.it/es/agencies/md567/estates/611801/images/8791755/gallery_media.jpeg', 'https://cdn-media.medialabtc.it/es/agencies/md567/estates/611801/images/8791752/gallery_media.jpeg', 'https://cdn-media.medialabtc.it/es/agencies/md567/estates/611801/images/8791714/gallery_media.jpeg', 'https://cdn-media.medialabtc.it/es/agencies/md567/estates/611801/images/8791751/gallery_media.jpeg', 'https://cdn-media.medialabtc.it/es/agencies/md567/estates/611801/images/8791718/gallery_media.jpeg', 'https://cdn-media.medialabtc.it/es/agencies/md567/estates/611801/images/8791707/gallery_media.jpeg', 'https://cdn-media.medialabtc.it/es/agencies/md567/estates/611801/images/8791723/gallery_media.jpeg', 'https://cdn-media.medialabtc.it/es/agencies/md567/estates/611801/images/8791759/gallery_media.jpeg', 'https://cdn-media.medialabtc.it/es/agencies/md567/estates/611801/images/8791719/gallery_media.jpeg', 'https://cdn-media.medialabtc.it/es/agencies/md567/estates/611801/images/8791710/gallery_media.jpeg', 'https://cdn-media.medialabtc.it/es/agencies/md567/estates/611801/images/8791712/gallery_media.jpeg', 'https://cdn-media.medialabtc.it/es/agencies/md567/estates/611801/images/8791716/gallery_media.jpeg', 'https://cdn-media.medialabtc.it/es/agencies/md567/estates/611801/images/8791705/gallery_media.jpeg', 'https://cdn-media.medialabtc.it/es/agencies/md567/estates/611801/images/8791713/gallery_media.jpeg', 'https://cdn-media.medialabtc.it/es/agencies/md567/estates/611801/images/8791753/gallery_media.jpeg', 'https://cdn-media.medialabtc.it/es/agencies/md567/estates/611801/images/8791676/gallery_media.jpeg', 'https://cdn-media.medialabtc.it/es/agencies/md567/estates/611801/images/8791677/gallery_media.jpeg', 'https://cdn-media.medialabtc.it/es/agencies/md567/estates/611801/images/8791757/gallery_media.jpeg', 'https://cdn-media.medialabtc.it/es/agencies/md567/estates/611801/images/8791758/gallery_media.jpeg', 'https://cdn-media.medialabtc.it/es/agencies/md567/estates/611801/images/8791721/gallery_media.jpeg', 'https://cdn-media.medialabtc.it/es/agencies/md567/estates/611801/images/8791675/gallery_media.jpeg', 'https://cdn-media.medialabtc.it/es/agencies/md567/estates/611801/images/8791754/gallery_media.jpeg', 'https://cdn-media.medialabtc.it/es/agencies/md567/estates/611801/images/8791760/gallery_media.jpeg']",0,Reformado,1,0,0,1,0,E,0,0,"['imagenes_tecnocasa\\anuncio_1334\\0.jpeg', 'imagenes_tecnocasa\\anuncio_1334\\1.jpeg', 'imagenes_tecnocasa\\anuncio_1334\\2.jpeg', 'imagenes_tecnocasa\\anuncio_1334\\3.jpeg', 'imagenes_tecnocasa\\anuncio_1334\\4.jpeg', 'imagenes_tecnocasa\\anuncio_1334\\5.jpeg', 'imagenes_tecnocasa\\anuncio_1334\\6.jpeg', 'imagenes_tecnocasa\\anuncio_1334\\7.jpeg', 'imagenes_tecnocasa\\anuncio_1334\\8.jpeg', 'imagenes_tecnocasa\\anuncio_1334\\9.jpeg', 'imagenes_tecnocasa\\anuncio_1334\\10.jpeg', 'imagenes_tecnocasa\\anuncio_1334\\11.jpeg', 'imagenes_tecnocasa\\anuncio_1334\\12.jpeg', 'imagenes_tecnocasa\\anuncio_1334\\13.jpeg', 'imagenes_tecnocasa\\anuncio_1334\\14.jpeg', 'imagenes_tecnocasa\\anuncio_1334\\15.jpeg', 'imagenes_tecnocasa\\anuncio_1334\\16.jpeg', 'imagenes_tecnocasa\\anuncio_1334\\17.jpeg', 'imagenes_tecnocasa\\anuncio_1334\\18.jpeg', 'imagenes_tecnocasa\\anuncio_1334\\19.jpeg', 'imagenes_tecnocasa\\anuncio_1334\\20.jpeg', 'imagenes_tecnocasa\\anuncio_1334\\21.jpeg', 'imagenes_tecnocasa\\anuncio_1334\\22.jpeg', 'imagenes_tecnocasa\\anuncio_1334\\23.jpeg', 'imagenes_tecnocasa\\anuncio_1334\\24.jpeg', 'imagenes_tecnocasa\\anuncio_1334\\25.jpeg', 'imagenes_tecnocasa\\anuncio_1334\\26.jpeg', 'imagenes_tecnocasa\\anuncio_1334\\27.jpeg']",1,Popular,1979,0,0,0,piso,5,Fuenlabrada,Fuenlabrada,40.282476,-3.7923422,1334,2375.0,402.0,255.0,0.075,0.2916666666666667,1.0,0.0,otro,pintura,corredera,estándar (2.4-2.8m),nada,3.6,4.6,convencional,"['#FFD700', '#FFFFE0', '#A0522D']",buena,False,convencional,limitado,ninguno,ninguno,estándar,básica,ninguno,6.2,7.2,ninguna,5
https://www.tecnocasa.es/venta/piso/madrid/aranjuez/609677.html,165000.0,2,74.0,1,"Inmobiliaria en Aranjuez - Tecnocasa Houseland Aranjuez Slu

¡Descubre tu nuevo hogar en el corazón de la ciudad! Este encantador piso de 74 m² construidos te ofrece la combinación perfecta de comodidad y ubicación. Al entrar, serás recibido por un amplio hall que da paso a un luminoso salón con acceso a balcones, ideal para disfrutar de momentos de relax. Con dos acogedoras habitaciones y un baño equipado con bañera, este espacio está diseñado para tu bienestar.

La cocina, funcional y bien distribuida, se complementa con armarios empotrados que optimizan el almacenamiento. Además, el piso cuenta con calefacción de gas natural y aire acondicionado con bomba de frío y calor, garantizando una temperatura agradable durante todo el año. Situado en una segunda planta con ascensor, este inmueble del año 2005 se encuentra en excelente estado y listo para entrar a vivir.

Su ubicación céntrica te permitirá tener todos los servicios al alcance de la mano, desde tiendas hasta transporte público. No pierdas la oportunidad de vivir en un lugar que combina confort y conveniencia. ¡Ven a visitarlo y enamórate de tu futuro hogar!",0,1,1,1,1,1,0,1,1,1,"['https://cdn-media.medialabtc.it/es/agencies/mdbr5/estates/609677/images/8807551/gallery_media.jpeg', 'https://cdn-media.medialabtc.it/es/agencies/mdbr5/estates/609677/images/8807547/gallery_media.jpeg', 'https://cdn-media.medialabtc.it/es/agencies/mdbr5/estates/609677/images/8807548/gallery_media.jpeg', 'https://cdn-media.medialabtc.it/es/agencies/mdbr5/estates/609677/images/8807545/gallery_media.jpeg', 'https://cdn-media.medialabtc.it/es/agencies/mdbr5/estates/609677/images/8807498/gallery_media.jpeg', 'https://cdn-media.medialabtc.it/es/agencies/mdbr5/estates/609677/images/8807543/gallery_media.jpeg', 'https://cdn-media.medialabtc.it/es/agencies/mdbr5/estates/609677/images/8807501/gallery_media.jpeg', 'https://cdn-media.medialabtc.it/es/agencies/mdbr5/estates/609677/images/8807499/gallery_media.jpeg', 'https://cdn-media.medialabtc.it/es/agencies/mdbr5/estates/609677/images/8807550/gallery_media.jpeg', 'https://cdn-media.medialabtc.it/es/agencies/mdbr5/estates/609677/images/8807544/gallery_media.jpeg', 'https://cdn-media.medialabtc.it/es/agencies/mdbr5/estates/609677/images/8807549/gallery_media.jpeg', 'https://cdn-media.medialabtc.it/es/agencies/mdbr5/estates/609677/images/8807546/gallery_media.jpeg', 'https://cdn-media.medialabtc.it/es/agencies/mdbr5/estates/609677/images/8807497/gallery_media.jpeg', 'https://cdn-media.medialabtc.it/es/agencies/mdbr5/estates/609677/images/8807496/gallery_media.jpeg', 'https://cdn-media.medialabtc.it/es/agencies/mdbr5/estates/609677/images/8807542/gallery_media.jpeg', 'https://cdn-media.medialabtc.it/es/agencies/mdbr5/estates/609677/images/8807500/gallery_media.jpeg']",0,Desconocido,0,0,0,0,0,Desconocida,1,0,"['imagenes_tecnocasa\\anuncio_1335\\0.jpeg', 'imagenes_tecnocasa\\anuncio_1335\\1.jpeg', 'imagenes_tecnocasa\\anuncio_1335\\2.jpeg', 'imagenes_tecnocasa\\anuncio_1335\\3.jpeg', 'imagenes_tecnocasa\\anuncio_1335\\4.jpeg', 'imagenes_tecnocasa\\anuncio_1335\\5.jpeg', 'imagenes_tecnocasa\\anuncio_1335\\6.jpeg', 'imagenes_tecnocasa\\anuncio_1335\\7.jpeg', 'imagenes_tecnocasa\\anuncio_1335\\8.jpeg', 'imagenes_tecnocasa\\anuncio_1335\\9.jpeg', 'imagenes_tecnocasa\\anuncio_1335\\10.jpeg', 'imagenes_tecnocasa\\anuncio_1335\\11.jpeg', 'imagenes_tecnocasa\\anuncio_1335\\12.jpeg', 'imagenes_tecnocasa\\anuncio_1335\\13.jpeg', 'imagenes_tecnocasa\\anuncio_1335\\14.jpeg', 'imagenes_tecnocasa\\anuncio_1335\\15.jpeg']",1,Popular,2005,1,0,1,piso,1,Aranjuez,Aranjuez,40.03221,-3.6039604,1335,2229.7297297297296,183.0,134.0,0.5125,0.7,2.0,1.0,cerámica,pintura,corredera,estándar (2.4-2.8m),nada,3.6,3.0,clásico,"['#F5F5DC', '#A0522D', '#8B4513']",regular,False,convencional,limitado,ninguno,ninguno,estándar,básica,ninguno,6.6,6.8,ninguna,5
https://www.tecnocasa.es/venta/piso/madrid/madrid/576296.html,229900.0,1,61.0,2,"Inmobiliaria en Opañel, San Isidro - Tecnocasa Estudio Inm San Isidro Agencia inmobiliaria de Madrid zona Carabanchel Tecnocasa ESTUDIO INM SAN ISIDRO SL
PISO ALQUILADO CON BUENA RENTABILIDAD
EN VENTA piso REFORMADO tipo loft de 72 mts muy luminoso, distribuidos en:

- Salón
- Cocina americana
- 1 Dormitorio
- 1 Baño
- 1 Aseo

Piso recién reformado a estrenar, con las mejores calidades, muy acogedor, salón muy amplio con cocina americana, un dormitorio, el piso cuenta con varios armarios empotrados, calefacción individual por aire acondicionado de bomba frio calor de última generación con sistema de ventilación y secado, suelo cerámico, baño con plato de ducha y un aseo, grandes ventanales climalit oscilobatientes con persianas eléctricas. Cocina con encimera de mármol con todos los electrodomésticos incluido lavavajillas.
Finca muy tranquila en calle toboso, cuenta con todo tipo de comercios, farmacias y supermercados a su alrededor, comunicación excelente con autobuses, tres líneas de metros a 5 min a pie (L6 y L5). Muy cercano a la calle general ricardos.",1,1,1,1,1,1,0,1,1,1,"['https://cdn-media.medialabtc.it/es/agencies/md057/estates/576296/images/8698183/gallery_media.jpeg', 'https://cdn-media.medialabtc.it/es/agencies/md057/estates/576296/images/8698193/gallery_media.jpeg', 'https://cdn-media.medialabtc.it/es/agencies/md057/estates/576296/images/8698189/gallery_media.jpeg', 'https://cdn-media.medialabtc.it/es/agencies/md057/estates/576296/images/8698188/gallery_media.jpeg', 'https://cdn-media.medialabtc.it/es/agencies/md057/estates/576296/images/8698197/gallery_media.jpeg', 'https://cdn-media.medialabtc.it/es/agencies/md057/estates/576296/images/8703998/gallery_media.jpeg', 'https://cdn-media.medialabtc.it/es/agencies/md057/estates/576296/images/8698186/gallery_media.jpeg', 'https://cdn-media.medialabtc.it/es/agencies/md057/estates/576296/images/8698192/gallery_media.jpeg', 'https://cdn-media.medialabtc.it/es/agencies/md057/estates/576296/images/8698190/gallery_media.jpeg', 'https://cdn-media.medialabtc.it/es/agencies/md057/estates/576296/images/8698198/gallery_media.jpeg', 'https://cdn-media.medialabtc.it/es/agencies/md057/estates/576296/images/8698195/gallery_media.jpeg', 'https://cdn-media.medialabtc.it/es/agencies/md057/estates/576296/images/8698191/gallery_media.jpeg', 'https://cdn-media.medialabtc.it/es/agencies/md057/estates/576296/images/8698194/gallery_media.jpeg', 'https://cdn-media.medialabtc.it/es/agencies/md057/estates/576296/images/8698196/gallery_media.jpeg', 'https://cdn-media.medialabtc.it/es/agencies/md057/estates/576296/images/8698187/gallery_media.jpeg', 'https://cdn-media.medialabtc.it/es/agencies/md057/estates/576296/images/8698184/gallery_media.jpeg', 'https://cdn-media.medialabtc.it/es/agencies/md057/estates/576296/images/8698182/gallery_media.jpeg', 'https://cdn-media.medialabtc.it/es/agencies/md057/estates/576296/images/8698199/gallery_media.jpeg', 'https://cdn-media.medialabtc.it/es/agencies/md057/estates/576296/images/8698185/gallery_media.jpeg']",0,Reformado,0,0,0,0,0,C,0,0,"['imagenes_tecnocasa\\anuncio_1336\\0.jpeg', 'imagenes_tecnocasa\\anuncio_1336\\1.jpeg', 'imagenes_tecnocasa\\anuncio_1336\\2.jpeg', 'imagenes_tecnocasa\\anuncio_1336\\3.jpeg', 'imagenes_tecnocasa\\anuncio_1336\\4.jpeg', 'imagenes_tecnocasa\\anuncio_1336\\5.jpeg', 'imagenes_tecnocasa\\anuncio_1336\\6.jpeg', 'imagenes_tecnocasa\\anuncio_1336\\7.jpeg', 'imagenes_tecnocasa\\anuncio_1336\\8.jpeg', 'imagenes_tecnocasa\\anuncio_1336\\9.jpeg', 'imagenes_tecnocasa\\anuncio_1336\\10.jpeg', 'imagenes_tecnocasa\\anuncio_1336\\11.jpeg', 'imagenes_tecnocasa\\anuncio_1336\\12.jpeg', 'imagenes_tecnocasa\\anuncio_1336\\13.jpeg', 'imagenes_tecnocasa\\anuncio_1336\\14.jpeg', 'imagenes_tecnocasa\\anuncio_1336\\15.jpeg', 'imagenes_tecnocasa\\anuncio_1336\\16.jpeg', 'imagenes_tecnocasa\\anuncio_1336\\17.jpeg', 'imagenes_tecnocasa\\anuncio_1336\\18.jpeg']",1,Media,1966,1,0,0,piso,1,Madrid,"Opañel - San Isidro, Madrid",40.4167047,-3.7035825,1336,3768.8524590163934,168.0,124.0,0.02500000000000001,0.45,3.0,0.0,parquet,pintura,ninguna,estándar (2.4-2.8m),nada,5.0,6.4,moderno,"['#FFFFFF', '#F2F2F2', '#D3D3D3']",buena,True,convencional,limitado,ninguno,ninguno,estándar,ninguna,ninguno,7.6,6.6,ninguna,5
https://www.tecnocasa.es/venta/piso/madrid/aranjuez/610130.html,136000.0,1,57.0,1,"Inmobiliaria en Aranjuez - Tecnocasa Houseland Aranjuez Slu
¡Oportunidad única para inversores! Presentamos un piso con dos propiedades en una, ideal para maximizar tu inversión en el corazón de la ciudad. Cada propiedad cuenta con una habitación equipada, un baño moderno con plato de ducha, una cocina completamente equipada y un acogedor salón. Con 57 m² construidos, este espacio ofrece dos dormitorios y dos baños, todo en perfecto estado.
Construido en 1936 y reformado para ofrecer comodidad moderna, este piso está situado en una planta baja interior con ascensor. La calefacción de bomba de frío/calor eléctrica garantiza un ambiente agradable durante todo el año. La ubicación céntrica asegura una alta demanda de alquiler, lo que se traduce en una excelente rentabilidad. No dejes pasar esta oportunidad de inversión con gran potencial de ingresos. ¡Contáctanos para más información y ven a visitarlo!",0,1,1,1,1,1,0,1,1,1,"['https://cdn-media.medialabtc.it/es/agencies/mdbr5/estates/610130/images/8791179/gallery_media.jpeg', 'https://cdn-media.medialabtc.it/es/agencies/mdbr5/estates/610130/images/8791191/gallery_media.jpeg', 'https://cdn-media.medialabtc.it/es/agencies/mdbr5/estates/610130/images/8791185/gallery_media.jpeg', 'https://cdn-media.medialabtc.it/es/agencies/mdbr5/estates/610130/images/8791180/gallery_media.jpeg', 'https://cdn-media.medialabtc.it/es/agencies/mdbr5/estates/610130/images/8791190/gallery_media.jpeg', 'https://cdn-media.medialabtc.it/es/agencies/mdbr5/estates/610130/images/8791195/gallery_media.jpeg', 'https://cdn-media.medialabtc.it/es/agencies/mdbr5/estates/610130/images/8791183/gallery_media.jpeg', 'https://cdn-media.medialabtc.it/es/agencies/mdbr5/estates/610130/images/8791189/gallery_media.jpeg', 'https://cdn-media.medialabtc.it/es/agencies/mdbr5/estates/610130/images/8791181/gallery_media.jpeg', 'https://cdn-media.medialabtc.it/es/agencies/mdbr5/estates/610130/images/8791187/gallery_media.jpeg', 'https://cdn-media.medialabtc.it/es/agencies/mdbr5/estates/610130/images/8791188/gallery_media.jpeg', 'https://cdn-media.medialabtc.it/es/agencies/mdbr5/estates/610130/images/8791193/gallery_media.jpeg', 'https://cdn-media.medialabtc.it/es/agencies/mdbr5/estates/610130/images/8791186/gallery_media.jpeg', 'https://cdn-media.medialabtc.it/es/agencies/mdbr5/estates/610130/images/8791182/gallery_media.jpeg', 'https://cdn-media.medialabtc.it/es/agencies/mdbr5/estates/610130/images/8791178/gallery_media.jpeg', 'https://cdn-media.medialabtc.it/es/agencies/mdbr5/estates/610130/images/8791194/gallery_media.jpeg', 'https://cdn-media.medialabtc.it/es/agencies/mdbr5/estates/610130/images/8791184/gallery_media.jpeg', 'https://cdn-media.medialabtc.it/es/agencies/mdbr5/estates/610130/images/8791192/gallery_media.jpeg']",0,Reformado,0,0,0,0,0,Desconocida,0,0,"['imagenes_tecnocasa\\anuncio_1340\\0.jpeg', 'imagenes_tecnocasa\\anuncio_1340\\1.jpeg', 'imagenes_tecnocasa\\anuncio_1340\\2.jpeg', 'imagenes_tecnocasa\\anuncio_1340\\3.jpeg', 'imagenes_tecnocasa\\anuncio_1340\\4.jpeg', 'imagenes_tecnocasa\\anuncio_1340\\5.jpeg', 'imagenes_tecnocasa\\anuncio_1340\\6.jpeg', 'imagenes_tecnocasa\\anuncio_1340\\7.jpeg', 'imagenes_tecnocasa\\anuncio_1340\\8.jpeg', 'imagenes_tecnocasa\\anuncio_1340\\9.jpeg', 'imagenes_tecnocasa\\anuncio_1340\\10.jpeg', 'imagenes_tecnocasa\\anuncio_1340\\11.jpeg', 'imagenes_tecnocasa\\anuncio_1340\\12.jpeg', 'imagenes_tecnocasa\\anuncio_1340\\13.jpeg', 'imagenes_tecnocasa\\anuncio_1340\\14.jpeg', 'imagenes_tecnocasa\\anuncio_1340\\15.jpeg', 'imagenes_tecnocasa\\anuncio_1340\\16.jpeg', 'imagenes_tecnocasa\\anuncio_1340\\17.jpeg']",1,Popular,1936,0,0,0,piso,1,Aranjuez,Aranjuez,40.03221,-3.6039604,1340,2385.964912280702,141.0,103.0,1.0,1.0,2.0,1.0,otro,pintura,otro,estándar (2.4-2.8m),nada,4.2,3.2,moderno,"['#F2E8CF', '#D2B48C', '#A0522D']",regular,False,convencional,limitado,ninguno,ninguno,básico,básica,ninguno,6.2,6.8,ninguna,5
https://www.tecnocasa.es/venta/piso/madrid/torrelodones/615591.html,229000.0,3,63.0,1,"TECNOCASA TORRELODONES VENDE EN EXCLUSIVA:

GRAN OPORTUNIDAD: Piso en la zona de la colonia a 2 minutos de la estación de tren.

La distribución es toda en una planta; Un amplio pasillo que conecta con el salón, baño, cocina muy cómoda y las 2 habitaciones. Salón con acceso a la terraza/balcón privado, y a una de las habitaciones.
La finca cuenta con tres dormitorios, de buen tamaño y con armarios empotrados. Un cuarto de baño completo con ducha que da servicio a las tres estancias.

La finca cuenta con aparcamiento público alrededor del bloque.

Se ubica en una zona tranquila, a escasos 5 minutos a pie de la zona de supermercados, farmacias, ocio, etc.
El piso se encuentra actualmente arrendado.
POSIBILIDAD DE FINANCIACIÓN AL 100% DE SU HIPOTECA.

La información contenida en este anuncio es meramente informativa, no contractual ni vinculante, y puede estar sujeta a errores.

SOLICITA TU VISITA!",0,1,1,1,1,1,0,1,1,1,"['https://cdn-media.medialabtc.it/es/agencies/md601/estates/615591/images/8851123/gallery_media.jpeg', 'https://cdn-media.medialabtc.it/es/agencies/md601/estates/615591/images/8851122/gallery_media.jpeg', 'https://cdn-media.medialabtc.it/es/agencies/md601/estates/615591/images/8851079/gallery_media.jpeg', 'https://cdn-media.medialabtc.it/es/agencies/md601/estates/615591/images/8851071/gallery_media.jpeg', 'https://cdn-media.medialabtc.it/es/agencies/md601/estates/615591/images/8851126/gallery_media.jpeg', 'https://cdn-media.medialabtc.it/es/agencies/md601/estates/615591/images/8851077/gallery_media.jpeg', 'https://cdn-media.medialabtc.it/es/agencies/md601/estates/615591/images/8851070/gallery_media.jpeg', 'https://cdn-media.medialabtc.it/es/agencies/md601/estates/615591/images/8851081/gallery_media.jpeg', 'https://cdn-media.medialabtc.it/es/agencies/md601/estates/615591/images/8851127/gallery_media.jpeg', 'https://cdn-media.medialabtc.it/es/agencies/md601/estates/615591/images/8851080/gallery_media.jpeg', 'https://cdn-media.medialabtc.it/es/agencies/md601/estates/615591/images/8851076/gallery_media.jpeg', 'https://cdn-media.medialabtc.it/es/agencies/md601/estates/615591/images/8851072/gallery_media.jpeg', 'https://cdn-media.medialabtc.it/es/agencies/md601/estates/615591/images/8851078/gallery_media.jpeg', 'https://cdn-media.medialabtc.it/es/agencies/md601/estates/615591/images/8851073/gallery_media.jpeg', 'https://cdn-media.medialabtc.it/es/agencies/md601/estates/615591/images/8851124/gallery_media.jpeg', 'https://cdn-media.medialabtc.it/es/agencies/md601/estates/615591/images/8851075/gallery_media.jpeg', 'https://cdn-media.medialabtc.it/es/agencies/md601/estates/615591/images/8851128/gallery_media.jpeg', 'https://cdn-media.medialabtc.it/es/agencies/md601/estates/615591/images/8851125/gallery_media.jpeg', 'https://cdn-media.medialabtc.it/es/agencies/md601/estates/615591/images/8851074/gallery_media.jpeg']",0,Desconocido,1,0,0,1,0,F,0,1,"['imagenes_tecnocasa\\anuncio_1341\\0.jpeg', 'imagenes_tecnocasa\\anuncio_1341\\1.jpeg', 'imagenes_tecnocasa\\anuncio_1341\\2.jpeg', 'imagenes_tecnocasa\\anuncio_1341\\3.jpeg', 'imagenes_tecnocasa\\anuncio_1341\\4.jpeg', 'imagenes_tecnocasa\\anuncio_1341\\5.jpeg', 'imagenes_tecnocasa\\anuncio_1341\\6.jpeg', 'imagenes_tecnocasa\\anuncio_1341\\7.jpeg', 'imagenes_tecnocasa\\anuncio_1341\\8.jpeg', 'imagenes_tecnocasa\\anuncio_1341\\9.jpeg', 'imagenes_tecnocasa\\anuncio_1341\\10.jpeg', 'imagenes_tecnocasa\\anuncio_1341\\11.jpeg', 'imagenes_tecnocasa\\anuncio_1341\\12.jpeg', 'imagenes_tecnocasa\\anuncio_1341\\13.jpeg', 'imagenes_tecnocasa\\anuncio_1341\\14.jpeg', 'imagenes_tecnocasa\\anuncio_1341\\15.jpeg', 'imagenes_tecnocasa\\anuncio_1341\\16.jpeg', 'imagenes_tecnocasa\\anuncio_1341\\17.jpeg', 'imagenes_tecnocasa\\anuncio_1341\\18.jpeg']",0,Media,1964,1,0,0,piso,3,Torrelodones,Torrelodones,40.5762809,-3.928603,1341,3634.9206349206347,150.0,103.0,0.0,0.0,1.0,0.0,otro,pintura,otro,estándar (2.4-2.8m),nada,3.2,3.8,convencional,"['#FFFFFF', '#FF69B4', '#A0522D']",regular,False,convencional,limitado,ninguno,ninguno,estándar,básica,ninguno,7.4,6.2,ninguna,5
https://www.tecnocasa.es/venta/piso/madrid/madrid/611748.html,150000.0,1,42.0,1,"Agencia inmobiliaria de MADRID zona BERRUGUETE - FRANCOS RODRÍGUEZ NUMANCIA ESTRECHO PABLO IGLESIAS vende duplex exterior situado a pocos metros de la calle de Francos Rodríguez. Está formado por un dormitorio, salón cocina y baño. Cuenta con calefacción eléctrica. Se encuentra totalmente reformado y listo para entrar. Muchas posibilides. Ideal inversión. La zona cuenta con todos los transportes y servicios.",1,1,1,1,1,1,0,1,1,1,"['https://cdn-media.medialabtc.it/es/agencies/mdai4/estates/611748/images/8765322/gallery_media.jpeg', 'https://cdn-media.medialabtc.it/es/agencies/mdai4/estates/611748/images/8765318/gallery_media.jpeg', 'https://cdn-media.medialabtc.it/es/agencies/mdai4/estates/611748/images/8772155/gallery_media.jpeg', 'https://cdn-media.medialabtc.it/es/agencies/mdai4/estates/611748/images/8772153/gallery_media.jpeg', 'https://cdn-media.medialabtc.it/es/agencies/mdai4/estates/611748/images/8765429/gallery_media.jpeg', 'https://cdn-media.medialabtc.it/es/agencies/mdai4/estates/611748/images/8772156/gallery_media.jpeg', 'https://cdn-media.medialabtc.it/es/agencies/mdai4/estates/611748/images/8772158/gallery_media.jpeg', 'https://cdn-media.medialabtc.it/es/agencies/mdai4/estates/611748/images/8765316/gallery_media.jpeg', 'https://cdn-media.medialabtc.it/es/agencies/mdai4/estates/611748/images/8772189/gallery_media.jpeg', 'https://cdn-media.medialabtc.it/es/agencies/mdai4/estates/611748/images/8765320/gallery_media.jpeg', 'https://cdn-media.medialabtc.it/es/agencies/mdai4/estates/611748/images/8765314/gallery_media.jpeg', 'https://cdn-media.medialabtc.it/es/agencies/mdai4/estates/611748/images/8765321/gallery_media.jpeg', 'https://cdn-media.medialabtc.it/es/agencies/mdai4/estates/611748/images/8765317/gallery_media.jpeg', 'https://cdn-media.medialabtc.it/es/agencies/mdai4/estates/611748/images/8772157/gallery_media.jpeg', 'https://cdn-media.medialabtc.it/es/agencies/mdai4/estates/611748/images/8772184/gallery_media.jpeg', 'https://cdn-media.medialabtc.it/es/agencies/mdai4/estates/611748/images/8772160/gallery_media.jpeg', 'https://cdn-media.medialabtc.it/es/agencies/mdai4/estates/611748/images/8772154/gallery_media.jpeg']",0,Reformado,0,0,0,0,0,G,0,0,"['imagenes_tecnocasa\\anuncio_1342\\0.jpeg', 'imagenes_tecnocasa\\anuncio_1342\\1.jpeg', 'imagenes_tecnocasa\\anuncio_1342\\2.jpeg', 'imagenes_tecnocasa\\anuncio_1342\\3.jpeg', 'imagenes_tecnocasa\\anuncio_1342\\4.jpeg', 'imagenes_tecnocasa\\anuncio_1342\\5.jpeg', 'imagenes_tecnocasa\\anuncio_1342\\6.jpeg', 'imagenes_tecnocasa\\anuncio_1342\\7.jpeg', 'imagenes_tecnocasa\\anuncio_1342\\8.jpeg', 'imagenes_tecnocasa\\anuncio_1342\\9.jpeg', 'imagenes_tecnocasa\\anuncio_1342\\10.jpeg', 'imagenes_tecnocasa\\anuncio_1342\\11.jpeg', 'imagenes_tecnocasa\\anuncio_1342\\12.jpeg', 'imagenes_tecnocasa\\anuncio_1342\\13.jpeg', 'imagenes_tecnocasa\\anuncio_1342\\14.jpeg', 'imagenes_tecnocasa\\anuncio_1342\\15.jpeg', 'imagenes_tecnocasa\\anuncio_1342\\16.jpeg']",0,Media,1915,1,0,0,piso,1,Berruguete,"Berruguete, Madrid",40.4602706,-3.7043452,1342,3571.4285714285716,60.0,54.0,0.9,1.0,1.0,0.0,cerámica,pintura,otro,estándar (2.4-2.8m),nada,4.4,5.4,moderno,"['#FFFFFF', '#F2F2F2', '#D3D3D3']",buena,False,convencional,normal,ninguno,ninguno,estándar,parcialmente equipada,ninguno,6.4,6.8,ninguna,5
https://www.tecnocasa.es/venta/piso/madrid/madrid/609293.html,649000.0,3,90.0,1,"Agencia inmobiliaria de Madrid - Chamberí - Arapiles, Trafalgar, Almagro, Ríos Rosas - Tecnocasa - Vende - Calle Bravo Murillo

Piso ubicado en la Mancomunidad de San Cristóbal, Arapiles. Piso completamente exterior con mucha luz natural en todas las estancias, en 6ta planta, formado por hall, salón, 3 habitaciones, baño con plato de ducha, cocina independiente y despensa. Dispone de armarios empotrados, altillo y aire acondicionado. Piso con muchas posibilidades de reforma. Finca con ascensor y accesibilidad para personas con movilidad reducida.

- VIGILANCIA 24H.

- ITE favorable.

La propiedad se ubica en una de las mejores calles del barrio residencial de Arapiles, dentro del Distrito de Chamberí, ubicado en la zona centro de la capital y a pocos metros de las calle José Abascal, Bravo Murillo y Paseo de la Castellana. La zona cuenta con una amplia gama de servicios desde grandes almacenes, comercios, farmacias, colegios, iglesias, gimnasios, hoteles, zonas deportivas, Mercadona a menos de 500m, el Mercado Vallehermoso, hasta una selección de los mejores bares y restaurantes de Madrid.

Muy bien comunicado, a 5 minutos andando de las paradas de metro de Canal, Quevedo, Alonso Cano e Iglesia, varias líneas de autobuses disponibles en Bravo Murillo, General Álvarez de Castro, Eloy Gonzalo y Santa Engracia. Cuenta con zonas emblemáticas cercanas como el Parque del Canal, Parque de Santander y plaza de Olavide.

Disponemos de nuestro propio departamento financiero. Podemos conseguirle hasta el 100% de financiación de su vivienda. Para solicitar una visita o más información, no dude en ponerse en contacto con nosotros.

En Tecnocasa ofrecemos un servicio personalizado de gestión inmobiliaria aportando una experiencia de más de 3 décadas en la zona. No dude en comprobarlo con una valoración gratuita y sin compromiso de su vivienda.",1,1,1,1,1,1,1,1,1,1,"['https://cdn-media.medialabtc.it/es/agencies/md090/estates/609293/images/8728251/gallery_media.jpeg', 'https://cdn-media.medialabtc.it/es/agencies/md090/estates/609293/images/8728245/gallery_media.jpeg', 'https://cdn-media.medialabtc.it/es/agencies/md090/estates/609293/images/8728242/gallery_media.jpeg', 'https://cdn-media.medialabtc.it/es/agencies/md090/estates/609293/images/8728236/gallery_media.jpeg', 'https://cdn-media.medialabtc.it/es/agencies/md090/estates/609293/images/8728239/gallery_media.jpeg', 'https://cdn-media.medialabtc.it/es/agencies/md090/estates/609293/images/8728240/gallery_media.jpeg', 'https://cdn-media.medialabtc.it/es/agencies/md090/estates/609293/images/8728253/gallery_media.jpeg', 'https://cdn-media.medialabtc.it/es/agencies/md090/estates/609293/images/8728238/gallery_media.jpeg', 'https://cdn-media.medialabtc.it/es/agencies/md090/estates/609293/images/8728255/gallery_media.jpeg', 'https://cdn-media.medialabtc.it/es/agencies/md090/estates/609293/images/8728252/gallery_media.jpeg', 'https://cdn-media.medialabtc.it/es/agencies/md090/estates/609293/images/8728258/gallery_media.jpeg', 'https://cdn-media.medialabtc.it/es/agencies/md090/estates/609293/images/8728241/gallery_media.jpeg', 'https://cdn-media.medialabtc.it/es/agencies/md090/estates/609293/images/8728254/gallery_media.jpeg', 'https://cdn-media.medialabtc.it/es/agencies/md090/estates/609293/images/8728247/gallery_media.jpeg', 'https://cdn-media.medialabtc.it/es/agencies/md090/estates/609293/images/8811250/gallery_media.jpeg', 'https://cdn-media.medialabtc.it/es/agencies/md090/estates/609293/images/8728246/gallery_media.jpeg', 'https://cdn-media.medialabtc.it/es/agencies/md090/estates/609293/images/8744538/gallery_media.jpeg', 'https://cdn-media.medialabtc.it/es/agencies/md090/estates/609293/images/8728233/gallery_media.jpeg', 'https://cdn-media.medialabtc.it/es/agencies/md090/estates/609293/images/8728259/gallery_media.jpeg', 'https://cdn-media.medialabtc.it/es/agencies/md090/estates/609293/images/8728256/gallery_media.jpeg', 'https://cdn-media.medialabtc.it/es/agencies/md090/estates/609293/images/8728235/gallery_media.jpeg', 'https://cdn-media.medialabtc.it/es/agencies/md090/estates/609293/images/8744537/gallery_media.jpeg', 'https://cdn-media.medialabtc.it/es/agencies/md090/estates/609293/images/8728234/gallery_media.jpeg', 'https://cdn-media.medialabtc.it/es/agencies/md090/estates/609293/images/8728250/gallery_media.jpeg', 'https://cdn-media.medialabtc.it/es/agencies/md090/estates/609293/images/8728257/gallery_media.jpeg', 'https://cdn-media.medialabtc.it/es/agencies/md090/estates/609293/images/8728249/gallery_media.jpeg', 'https://cdn-media.medialabtc.it/es/agencies/md090/estates/609293/images/8728244/gallery_media.jpeg', 'https://cdn-media.medialabtc.it/es/agencies/md090/estates/609293/images/8728237/gallery_media.jpeg']",0,Desconocido,0,0,0,0,1,E,0,0,"['imagenes_tecnocasa\\anuncio_1343\\0.jpeg', 'imagenes_tecnocasa\\anuncio_1343\\1.jpeg', 'imagenes_tecnocasa\\anuncio_1343\\2.jpeg', 'imagenes_tecnocasa\\anuncio_1343\\3.jpeg', 'imagenes_tecnocasa\\anuncio_1343\\4.jpeg', 'imagenes_tecnocasa\\anuncio_1343\\5.jpeg', 'imagenes_tecnocasa\\anuncio_1343\\6.jpeg', 'imagenes_tecnocasa\\anuncio_1343\\7.jpeg', 'imagenes_tecnocasa\\anuncio_1343\\8.jpeg', 'imagenes_tecnocasa\\anuncio_1343\\9.jpeg', 'imagenes_tecnocasa\\anuncio_1343\\10.jpeg', 'imagenes_tecnocasa\\anuncio_1343\\11.jpeg', 'imagenes_tecnocasa\\anuncio_1343\\12.jpeg', 'imagenes_tecnocasa\\anuncio_1343\\13.jpeg', 'imagenes_tecnocasa\\anuncio_1343\\14.jpeg', 'imagenes_tecnocasa\\anuncio_1343\\15.jpeg', 'imagenes_tecnocasa\\anuncio_1343\\16.jpeg', 'imagenes_tecnocasa\\anuncio_1343\\17.jpeg', 'imagenes_tecnocasa\\anuncio_1343\\18.jpeg', 'imagenes_tecnocasa\\anuncio_1343\\19.jpeg', 'imagenes_tecnocasa\\anuncio_1343\\20.jpeg', 'imagenes_tecnocasa\\anuncio_1343\\21.jpeg', 'imagenes_tecnocasa\\anuncio_1343\\22.jpeg', 'imagenes_tecnocasa\\anuncio_1343\\23.jpeg', 'imagenes_tecnocasa\\anuncio_1343\\24.jpeg', 'imagenes_tecnocasa\\anuncio_1343\\25.jpeg', 'imagenes_tecnocasa\\anuncio_1343\\26.jpeg', 'imagenes_tecnocasa\\anuncio_1343\\27.jpeg']",1,Popular,1953,0,0,0,piso,6,Madrid,Madrid,40.4167047,-3.7035825,1343,7211.111111111111,289.0,191.0,0.07500000000000001,0.45,0.0,0.0,otro,pintura,corredera,estándar (2.4-2.8m),nada,3.4,3.2,convencional,"['#F5F5DC', '#A0522D', '#FFFFFF']",regular,False,convencional,limitado,ninguno,ninguno,estándar,básica,ninguno,6.0,6.4,ninguna,5
https://www.tecnocasa.es/venta/piso/madrid/madrid/599251.html,389000.0,3,95.0,2,"TECNOCASA PUERTA DE HIERRO (REGISTRO DE AGENTES PROFESIONALES INMOBILIARIOS; RAIN Nº00306/18) 'Protección de consumidores y usuarios' VENDE:

EXCELENTE VIVIENDA DE 3 HABITACIONES EN FINCA CERRADA CON PORTERO.

- Salón comedor de gran dimensión.
- Cocina con terraza tendedero.
- Habitaciones todas ellas con armarios empotrados.
- Baño completo.
- Aseo.

-No dejes escapar esta oportunidad-

Con todos los servicios; colegio, supermercados, bancos, farmacias, centro de salud y rodeado de zonas verdes a muy pocos metros. Muy bien ubicado, se accede a A6 y M30 en 5 minutos. Autobuses: 42, 132, 137, N20 y N21 que comunican la zona con toda la capital. Linea 7 de metro (ANTONIO MACHADO O PEÑAGRANDE).

¡OPORTUNIDAD! Con KIRON y sus asesores financieros podrás encontrar la hipoteca que mejor se adapte a tus necesidades de financiación, valorando todas las ofertas que ofrecen las entidades bancarias de nuestro país con la posibilidad de financiación hasta 100 x 100, asesórate gratis y sin compromiso.

-¡MÁS DE 30 AÑOS NOS AVALAN EN EL BARRIO!

-Reserva tu visita. -.",1,1,1,1,1,1,1,1,1,1,"['https://cdn-media.medialabtc.it/es/agencies/mdaeb/estates/599251/images/8758103/gallery_media.jpeg', 'https://cdn-media.medialabtc.it/es/agencies/mdaeb/estates/599251/images/8758076/gallery_media.jpeg', 'https://cdn-media.medialabtc.it/es/agencies/mdaeb/estates/599251/images/8758080/gallery_media.jpeg', 'https://cdn-media.medialabtc.it/es/agencies/mdaeb/estates/599251/images/8758105/gallery_media.jpeg', 'https://cdn-media.medialabtc.it/es/agencies/mdaeb/estates/599251/images/8758106/gallery_media.jpeg', 'https://cdn-media.medialabtc.it/es/agencies/mdaeb/estates/599251/images/8758102/gallery_media.jpeg', 'https://cdn-media.medialabtc.it/es/agencies/mdaeb/estates/599251/images/8758075/gallery_media.jpeg', 'https://cdn-media.medialabtc.it/es/agencies/mdaeb/estates/599251/images/8758079/gallery_media.jpeg', 'https://cdn-media.medialabtc.it/es/agencies/mdaeb/estates/599251/images/8758077/gallery_media.jpeg', 'https://cdn-media.medialabtc.it/es/agencies/mdaeb/estates/599251/images/8758078/gallery_media.jpeg', 'https://cdn-media.medialabtc.it/es/agencies/mdaeb/estates/599251/images/8758104/gallery_media.jpeg', 'https://cdn-media.medialabtc.it/es/agencies/mdaeb/estates/599251/images/8758107/gallery_media.jpeg', 'https://cdn-media.medialabtc.it/es/agencies/mdaeb/estates/599251/images/8743895/gallery_media.jpeg', 'https://cdn-media.medialabtc.it/es/agencies/mdaeb/estates/599251/images/8758081/gallery_media.jpeg', 'https://cdn-media.medialabtc.it/es/agencies/mdaeb/estates/599251/images/8758083/gallery_media.jpeg']",0,Desconocido,0,0,0,1,1,E,0,0,"['imagenes_tecnocasa\\anuncio_1345\\0.jpeg', 'imagenes_tecnocasa\\anuncio_1345\\1.jpeg', 'imagenes_tecnocasa\\anuncio_1345\\2.jpeg', 'imagenes_tecnocasa\\anuncio_1345\\3.jpeg', 'imagenes_tecnocasa\\anuncio_1345\\4.jpeg', 'imagenes_tecnocasa\\anuncio_1345\\5.jpeg', 'imagenes_tecnocasa\\anuncio_1345\\6.jpeg', 'imagenes_tecnocasa\\anuncio_1345\\7.jpeg', 'imagenes_tecnocasa\\anuncio_1345\\8.jpeg', 'imagenes_tecnocasa\\anuncio_1345\\9.jpeg', 'imagenes_tecnocasa\\anuncio_1345\\10.jpeg', 'imagenes_tecnocasa\\anuncio_1345\\11.jpeg', 'imagenes_tecnocasa\\anuncio_1345\\12.jpeg', 'imagenes_tecnocasa\\anuncio_1345\\13.jpeg', 'imagenes_tecnocasa\\anuncio_1345\\14.jpeg']",0,Popular,1982,1,0,1,piso,1,Madrid,"Peñagrande, Madrid",40.4167047,-3.7035825,1345,4094.7368421052633,169.0,135.0,0.0,0.0,0.0,0.0,otro,pintura,corredera,estándar (2.4-2.8m),nada,5.6,4.4,clásico,"['#FFFFFF', '#AAAAAA', '#555555']",buena,False,convencional,normal,ninguno,ninguno,estándar,parcialmente equipada,ninguno,7.0,7.0,ninguna,5
https://www.tecnocasa.es/venta/piso/madrid/madrid/602059.html,735000.0,5,198.0,3,"TECNOCASA PUERTA DE HIERRO (REGISTRO DE AGENTES PROFESIONALES INMOBILIARIOS; RAIN Nº00306/18) 'Protección de consumidores y usuarios', VENDE:

EXCELENTE PISO MUY LUMINOSO CON TERRAZA Y PLAZA DE GARAJE DOBLE EN PUERTA DE HIERRO.
-TODAS LAS VENTANAS SON DE CLIMALITE NUEVAS CON MENOS DE 2 AÑOS.

Cuenta con 5 habitaciones y 3 baños e incluye plaza de garaje doble.

- Terraza de gran dimensión.
- Salón comedor muy amplio y luminoso con 2 orientaciones.
- Cocina con office
- Habitaciones todas ellas con armarios empotrados muy amplias
- Habitación principal con baño en suite.
- Calefacción central.
-No dejes escapar esta oportunidad-

Con todos los servicios; Colegios, supermercados, bancos, farmacias, centro de salud y rodeado de zonas verdes a muy pocos metros. Muy bien ubicado, se accede a A6 y M30 en 1 minuto. Autobuses: 82, 137, N20 y N2 que comunican la zona con toda la capital. Línea 7 de metro (VALDEZARZA)

¡OPORTUNIDAD! Con KIRON, nuestro servicio de intermediación financiera, podrás encontrar la hipoteca que mejor se adapte a tus necesidades de financiación, valorando todas las ofertas que ofrecen las entidades bancarias de nuestro país con la posibilidad de financiación hasta 100 x 100, realízate gratis un estudio financiero gratuito y sin compromiso.

¡MÁS DE 30 AÑOS DE EXPERIENCIA NOS AVALAN!",0,0,1,1,1,1,1,1,1,1,"['https://cdn-media.medialabtc.it/es/agencies/mdaeb/estates/602059/images/8635372/gallery_media.jpeg', 'https://cdn-media.medialabtc.it/es/agencies/mdaeb/estates/602059/images/8635381/gallery_media.jpeg', 'https://cdn-media.medialabtc.it/es/agencies/mdaeb/estates/602059/images/8635336/gallery_media.jpeg', 'https://cdn-media.medialabtc.it/es/agencies/mdaeb/estates/602059/images/8635362/gallery_media.jpeg', 'https://cdn-media.medialabtc.it/es/agencies/mdaeb/estates/602059/images/8635373/gallery_media.jpeg', 'https://cdn-media.medialabtc.it/es/agencies/mdaeb/estates/602059/images/8635363/gallery_media.jpeg', 'https://cdn-media.medialabtc.it/es/agencies/mdaeb/estates/602059/images/8635364/gallery_media.jpeg', 'https://cdn-media.medialabtc.it/es/agencies/mdaeb/estates/602059/images/8635358/gallery_media.jpeg', 'https://cdn-media.medialabtc.it/es/agencies/mdaeb/estates/602059/images/8635379/gallery_media.jpeg', 'https://cdn-media.medialabtc.it/es/agencies/mdaeb/estates/602059/images/8635360/gallery_media.jpeg', 'https://cdn-media.medialabtc.it/es/agencies/mdaeb/estates/602059/images/8635335/gallery_media.jpeg', 'https://cdn-media.medialabtc.it/es/agencies/mdaeb/estates/602059/images/8635330/gallery_media.jpeg', 'https://cdn-media.medialabtc.it/es/agencies/mdaeb/estates/602059/images/8635367/gallery_media.jpeg', 'https://cdn-media.medialabtc.it/es/agencies/mdaeb/estates/602059/images/8635331/gallery_media.jpeg', 'https://cdn-media.medialabtc.it/es/agencies/mdaeb/estates/602059/images/8635366/gallery_media.jpeg', 'https://cdn-media.medialabtc.it/es/agencies/mdaeb/estates/602059/images/8635378/gallery_media.jpeg', 'https://cdn-media.medialabtc.it/es/agencies/mdaeb/estates/602059/images/8635359/gallery_media.jpeg', 'https://cdn-media.medialabtc.it/es/agencies/mdaeb/estates/602059/images/8635334/gallery_media.jpeg', 'https://cdn-media.medialabtc.it/es/agencies/mdaeb/estates/602059/images/8635376/gallery_media.jpeg', 'https://cdn-media.medialabtc.it/es/agencies/mdaeb/estates/602059/images/8635337/gallery_media.jpeg', 'https://cdn-media.medialabtc.it/es/agencies/mdaeb/estates/602059/images/8635361/gallery_media.jpeg', 'https://cdn-media.medialabtc.it/es/agencies/mdaeb/estates/602059/images/8635370/gallery_media.jpeg', 'https://cdn-media.medialabtc.it/es/agencies/mdaeb/estates/602059/images/8635332/gallery_media.jpeg', 'https://cdn-media.medialabtc.it/es/agencies/mdaeb/estates/602059/images/8635365/gallery_media.jpeg', 'https://cdn-media.medialabtc.it/es/agencies/mdaeb/estates/602059/images/8635371/gallery_media.jpeg', 'https://cdn-media.medialabtc.it/es/agencies/mdaeb/estates/602059/images/8635377/gallery_media.jpeg', 'https://cdn-media.medialabtc.it/es/agencies/mdaeb/estates/602059/images/8635333/gallery_media.jpeg', 'https://cdn-media.medialabtc.it/es/agencies/mdaeb/estates/602059/images/8635368/gallery_media.jpeg']",0,Desconocido,1,0,0,1,0,E,0,0,"['imagenes_tecnocasa\\anuncio_1346\\0.jpeg', 'imagenes_tecnocasa\\anuncio_1346\\1.jpeg', 'imagenes_tecnocasa\\anuncio_1346\\2.jpeg', 'imagenes_tecnocasa\\anuncio_1346\\3.jpeg', 'imagenes_tecnocasa\\anuncio_1346\\4.jpeg', 'imagenes_tecnocasa\\anuncio_1346\\5.jpeg', 'imagenes_tecnocasa\\anuncio_1346\\6.jpeg', 'imagenes_tecnocasa\\anuncio_1346\\7.jpeg', 'imagenes_tecnocasa\\anuncio_1346\\8.jpeg', 'imagenes_tecnocasa\\anuncio_1346\\9.jpeg', 'imagenes_tecnocasa\\anuncio_1346\\10.jpeg', 'imagenes_tecnocasa\\anuncio_1346\\11.jpeg', 'imagenes_tecnocasa\\anuncio_1346\\12.jpeg', 'imagenes_tecnocasa\\anuncio_1346\\13.jpeg', 'imagenes_tecnocasa\\anuncio_1346\\14.jpeg', 'imagenes_tecnocasa\\anuncio_1346\\15.jpeg', 'imagenes_tecnocasa\\anuncio_1346\\16.jpeg', 'imagenes_tecnocasa\\anuncio_1346\\17.jpeg', 'imagenes_tecnocasa\\anuncio_1346\\18.jpeg', 'imagenes_tecnocasa\\anuncio_1346\\19.jpeg', 'imagenes_tecnocasa\\anuncio_1346\\20.jpeg', 'imagenes_tecnocasa\\anuncio_1346\\21.jpeg', 'imagenes_tecnocasa\\anuncio_1346\\22.jpeg', 'imagenes_tecnocasa\\anuncio_1346\\23.jpeg', 'imagenes_tecnocasa\\anuncio_1346\\24.jpeg', 'imagenes_tecnocasa\\anuncio_1346\\25.jpeg', 'imagenes_tecnocasa\\anuncio_1346\\26.jpeg', 'imagenes_tecnocasa\\anuncio_1346\\27.jpeg']",0,Señorial,1969,0,0,1,piso,3,Madrid,"Valdezarza, Madrid",40.4167047,-3.7035825,1346,3712.121212121212,210.0,159.0,0.0,0.25,2.0,0.0,parquet,pintura,corredera,estándar (2.4-2.8m),nada,5.0,3.2,clásico,"['#F5F5DC', '#FFF8DC', '#FAEBD7']",buena,False,convencional,normal,ninguno,ninguno,estándar,básica,ninguno,6.4,7.4,ninguna,5
https://www.tecnocasa.es/venta/piso/madrid/parla/613226.html,175000.0,3,80.0,1,"Agencia inmobiliaria de PARLA zona PARLA REYES - LAS AMÉRICAS Oficina Tecnocasa VENDE PISO, situado en zona de Reyes, cercano al centro de salud 'Isabel II', colegios e institutos y centro comercial 'El Ferial'.
+ Situado en una 2ª planta
+ Completamente reformado
+ Piso con gran luminosidad
+ Salón comedor con acceso a terraza cerrada
+ Cocina amueblada
+ Baño con plató de ducha y ventana
+ Ventiladores de techo y calefacción
+ Suelos de parquet
+ Paredes de gotelé
+ Muy buena ubicación y bien comunicado
+ Variedad de servicios y/o puntos de interés cercanos
El piso se caracteriza por su buena distribución, excelente ubicación y sobre todo por su AMPLITUD.
ZONA REYES - LAS AMÉRICAS
El piso en venta se ubica en zona de Reyes, rodeada de una amplia variedad de comercios, tales como galerías de alimentación, restauración y textil. También está cercano al centro de salud, farmacias, biblioteca municipal “Gloria Fuertes” bancos y cajeros, colegios, institutos, y grandes zonas verdes con parques infantiles.
TECNOCASA, red inmobiliaria líder en el sector con más de 30 años de experiencia, presente en más de 11 países, 900 oficinas a nivel nacional y con 400 oficinas en la Comunidad de Madrid.
Realizamos valoraciones de su hogar totalmente gratuitas; gestionamos el proceso de post-venta (tanto para comprador como para el vendedor); además, les daremos toda la información que necesiten sobre hipotecas, les ayudaremos a tramitar herencias, certificados, cambios de titularidad, plusvalías, permiso de venta, etc.
Contamos con la colaboración del departamento de financiación de KÍRON, su experto intermediario que le asesorará gratuitamente sin ningún compromiso.
Nuestros servicios:
- Hipoteca “primera vivienda”.
- Hipoteca “cambio de vivienda”.
- Hipoteca 100%.
Disponemos de las mejores viviendas del mercado.
NO DUDE EN VISITARNOS.",0,1,1,1,1,1,0,1,1,1,"['https://cdn-media.medialabtc.it/es/agencies/mdbp7/estates/613226/images/8801831/gallery_media.jpeg', 'https://cdn-media.medialabtc.it/es/agencies/mdbp7/estates/613226/images/8801833/gallery_media.jpeg', 'https://cdn-media.medialabtc.it/es/agencies/mdbp7/estates/613226/images/8801823/gallery_media.jpeg', 'https://cdn-media.medialabtc.it/es/agencies/mdbp7/estates/613226/images/8801832/gallery_media.jpeg', 'https://cdn-media.medialabtc.it/es/agencies/mdbp7/estates/613226/images/8801734/gallery_media.jpeg', 'https://cdn-media.medialabtc.it/es/agencies/mdbp7/estates/613226/images/8801826/gallery_media.jpeg', 'https://cdn-media.medialabtc.it/es/agencies/mdbp7/estates/613226/images/8801830/gallery_media.jpeg', 'https://cdn-media.medialabtc.it/es/agencies/mdbp7/estates/613226/images/8801836/gallery_media.jpeg', 'https://cdn-media.medialabtc.it/es/agencies/mdbp7/estates/613226/images/8801736/gallery_media.jpeg', 'https://cdn-media.medialabtc.it/es/agencies/mdbp7/estates/613226/images/8801829/gallery_media.jpeg', 'https://cdn-media.medialabtc.it/es/agencies/mdbp7/estates/613226/images/8801737/gallery_media.jpeg', 'https://cdn-media.medialabtc.it/es/agencies/mdbp7/estates/613226/images/8801827/gallery_media.jpeg', 'https://cdn-media.medialabtc.it/es/agencies/mdbp7/estates/613226/images/8801835/gallery_media.jpeg', 'https://cdn-media.medialabtc.it/es/agencies/mdbp7/estates/613226/images/8801739/gallery_media.jpeg', 'https://cdn-media.medialabtc.it/es/agencies/mdbp7/estates/613226/images/8801834/gallery_media.jpeg', 'https://cdn-media.medialabtc.it/es/agencies/mdbp7/estates/613226/images/8801822/gallery_media.jpeg', 'https://cdn-media.medialabtc.it/es/agencies/mdbp7/estates/613226/images/8801828/gallery_media.jpeg', 'https://cdn-media.medialabtc.it/es/agencies/mdbp7/estates/613226/images/8801735/gallery_media.jpeg', 'https://cdn-media.medialabtc.it/es/agencies/mdbp7/estates/613226/images/8801741/gallery_media.jpeg', 'https://cdn-media.medialabtc.it/es/agencies/mdbp7/estates/613226/images/8801738/gallery_media.jpeg', 'https://cdn-media.medialabtc.it/es/agencies/mdbp7/estates/613226/images/8801740/gallery_media.jpeg', 'https://cdn-media.medialabtc.it/es/agencies/mdbp7/estates/613226/images/8801825/gallery_media.jpeg']",0,Reformado,0,0,0,1,0,Desconocida,0,0,"['imagenes_tecnocasa\\anuncio_1348\\0.jpeg', 'imagenes_tecnocasa\\anuncio_1348\\1.jpeg', 'imagenes_tecnocasa\\anuncio_1348\\2.jpeg', 'imagenes_tecnocasa\\anuncio_1348\\3.jpeg', 'imagenes_tecnocasa\\anuncio_1348\\4.jpeg', 'imagenes_tecnocasa\\anuncio_1348\\5.jpeg', 'imagenes_tecnocasa\\anuncio_1348\\6.jpeg', 'imagenes_tecnocasa\\anuncio_1348\\7.jpeg', 'imagenes_tecnocasa\\anuncio_1348\\8.jpeg', 'imagenes_tecnocasa\\anuncio_1348\\9.jpeg', 'imagenes_tecnocasa\\anuncio_1348\\10.jpeg', 'imagenes_tecnocasa\\anuncio_1348\\11.jpeg', 'imagenes_tecnocasa\\anuncio_1348\\12.jpeg', 'imagenes_tecnocasa\\anuncio_1348\\13.jpeg', 'imagenes_tecnocasa\\anuncio_1348\\14.jpeg', 'imagenes_tecnocasa\\anuncio_1348\\15.jpeg', 'imagenes_tecnocasa\\anuncio_1348\\16.jpeg', 'imagenes_tecnocasa\\anuncio_1348\\17.jpeg', 'imagenes_tecnocasa\\anuncio_1348\\18.jpeg', 'imagenes_tecnocasa\\anuncio_1348\\19.jpeg', 'imagenes_tecnocasa\\anuncio_1348\\20.jpeg', 'imagenes_tecnocasa\\anuncio_1348\\21.jpeg']",1,Popular,1970,1,0,0,piso,2,Parla,Parla,40.2373952,-3.7718902,1348,2187.5,289.0,191.0,0.0,0.0,1.0,0.0,parquet,pintura,corredera,estándar (2.4-2.8m),nada,4.8,4.6,clásico,"['#A0522D', '#DEB887', '#F5F5DC']",buena,False,convencional,normal,ninguno,ninguno,estándar,básica,ninguno,7.2,6.6,ninguna,5
https://www.tecnocasa.es/venta/casa/madrid/madrid/609735.html,1600000.0,5,365.0,5,"'TECNOCASA (REGISTRO DE AGENTES PROFESIONALES INMOBILIARIOS; RAIN Nº00306/18) 'Protección de consumidores y usuarios' VENDE:

EXCELENTE CHALET PAREADO EN PEÑAGRANDE DE GRAN DIMENSION con jardin PRIVADO.

Este impresionante chalet pareado de 365 m² te ofrece todo lo que necesitas para vivir con comodidad y estilo.

Dispone de 5 espaciosos dormitorios y 5 baños, amplio salón-comedor, terraza, piscina.

Con todos los servicios. Colegios, supermercados, bancos, farmacias, centro de salud y rodeado de zonas verdes a muy pocos metros (dehesa de la villa).

Muy bien ubicado, se accede a A6 y M30 en 2 minutos. Moncloa, autobuses: 7, 132, 137, N20 y N2. Que comunican la zona con toda la capital. Línea 7 de metro (Peñagrande y Antonio Machado)

¡OPORTUNIDAD! Con KIRON, nuestro servicio de intermediación financiera, podrás encontrar la hipoteca que mejor se adapte a tus necesidades de financiación, valorando todas las ofertas que ofrecen las entidades bancarias de nuestro país con la posibilidad de financiación hasta 100 x 100, realízate gratis un estudio financiero gratuito y sin compromiso.",1,1,1,1,1,1,1,1,1,1,"['https://cdn-media.medialabtc.it/es/agencies/mdaeb/estates/609735/images/8744930/gallery_media.jpeg', 'https://cdn-media.medialabtc.it/es/agencies/mdaeb/estates/609735/images/8744929/gallery_media.jpeg', 'https://cdn-media.medialabtc.it/es/agencies/mdaeb/estates/609735/images/8744866/gallery_media.jpeg', 'https://cdn-media.medialabtc.it/es/agencies/mdaeb/estates/609735/images/8744927/gallery_media.jpeg', 'https://cdn-media.medialabtc.it/es/agencies/mdaeb/estates/609735/images/8744941/gallery_media.jpeg', 'https://cdn-media.medialabtc.it/es/agencies/mdaeb/estates/609735/images/8744926/gallery_media.jpeg', 'https://cdn-media.medialabtc.it/es/agencies/mdaeb/estates/609735/images/8744865/gallery_media.jpeg', 'https://cdn-media.medialabtc.it/es/agencies/mdaeb/estates/609735/images/8744937/gallery_media.jpeg', 'https://cdn-media.medialabtc.it/es/agencies/mdaeb/estates/609735/images/8744943/gallery_media.jpeg', 'https://cdn-media.medialabtc.it/es/agencies/mdaeb/estates/609735/images/8744940/gallery_media.jpeg', 'https://cdn-media.medialabtc.it/es/agencies/mdaeb/estates/609735/images/8744934/gallery_media.jpeg', 'https://cdn-media.medialabtc.it/es/agencies/mdaeb/estates/609735/images/8744932/gallery_media.jpeg', 'https://cdn-media.medialabtc.it/es/agencies/mdaeb/estates/609735/images/8744947/gallery_media.jpeg', 'https://cdn-media.medialabtc.it/es/agencies/mdaeb/estates/609735/images/8744933/gallery_media.jpeg', 'https://cdn-media.medialabtc.it/es/agencies/mdaeb/estates/609735/images/8744928/gallery_media.jpeg', 'https://cdn-media.medialabtc.it/es/agencies/mdaeb/estates/609735/images/8744868/gallery_media.jpeg', 'https://cdn-media.medialabtc.it/es/agencies/mdaeb/estates/609735/images/8744936/gallery_media.jpeg', 'https://cdn-media.medialabtc.it/es/agencies/mdaeb/estates/609735/images/8744923/gallery_media.jpeg', 'https://cdn-media.medialabtc.it/es/agencies/mdaeb/estates/609735/images/8744863/gallery_media.jpeg', 'https://cdn-media.medialabtc.it/es/agencies/mdaeb/estates/609735/images/8744862/gallery_media.jpeg', 'https://cdn-media.medialabtc.it/es/agencies/mdaeb/estates/609735/images/8744924/gallery_media.jpeg', 'https://cdn-media.medialabtc.it/es/agencies/mdaeb/estates/609735/images/8744869/gallery_media.jpeg', 'https://cdn-media.medialabtc.it/es/agencies/mdaeb/estates/609735/images/8744821/gallery_media.jpeg', 'https://cdn-media.medialabtc.it/es/agencies/mdaeb/estates/609735/images/8744867/gallery_media.jpeg', 'https://cdn-media.medialabtc.it/es/agencies/mdaeb/estates/609735/images/8744931/gallery_media.jpeg', 'https://cdn-media.medialabtc.it/es/agencies/mdaeb/estates/609735/images/8744944/gallery_media.jpeg', 'https://cdn-media.medialabtc.it/es/agencies/mdaeb/estates/609735/images/8744864/gallery_media.jpeg', 'https://cdn-media.medialabtc.it/es/agencies/mdaeb/estates/609735/images/8744935/gallery_media.jpeg']",0,Desconocido,0,0,1,1,0,Desconocida,0,0,"['imagenes_tecnocasa\\anuncio_1349\\0.jpeg', 'imagenes_tecnocasa\\anuncio_1349\\1.jpeg', 'imagenes_tecnocasa\\anuncio_1349\\2.jpeg', 'imagenes_tecnocasa\\anuncio_1349\\3.jpeg', 'imagenes_tecnocasa\\anuncio_1349\\4.jpeg', 'imagenes_tecnocasa\\anuncio_1349\\5.jpeg', 'imagenes_tecnocasa\\anuncio_1349\\6.jpeg', 'imagenes_tecnocasa\\anuncio_1349\\7.jpeg', 'imagenes_tecnocasa\\anuncio_1349\\8.jpeg', 'imagenes_tecnocasa\\anuncio_1349\\9.jpeg', 'imagenes_tecnocasa\\anuncio_1349\\10.jpeg', 'imagenes_tecnocasa\\anuncio_1349\\11.jpeg', 'imagenes_tecnocasa\\anuncio_1349\\12.jpeg', 'imagenes_tecnocasa\\anuncio_1349\\13.jpeg', 'imagenes_tecnocasa\\anuncio_1349\\14.jpeg', 'imagenes_tecnocasa\\anuncio_1349\\15.jpeg', 'imagenes_tecnocasa\\anuncio_1349\\16.jpeg', 'imagenes_tecnocasa\\anuncio_1349\\17.jpeg', 'imagenes_tecnocasa\\anuncio_1349\\18.jpeg', 'imagenes_tecnocasa\\anuncio_1349\\19.jpeg', 'imagenes_tecnocasa\\anuncio_1349\\20.jpeg', 'imagenes_tecnocasa\\anuncio_1349\\21.jpeg', 'imagenes_tecnocasa\\anuncio_1349\\22.jpeg', 'imagenes_tecnocasa\\anuncio_1349\\23.jpeg', 'imagenes_tecnocasa\\anuncio_1349\\24.jpeg', 'imagenes_tecnocasa\\anuncio_1349\\25.jpeg', 'imagenes_tecnocasa\\anuncio_1349\\26.jpeg', 'imagenes_tecnocasa\\anuncio_1349\\27.jpeg']",1,Media,1994,1,0,0,casa,2,Aravaca,"Moncloa - Aravaca, Ciudad Universitaria, Madrid",40.457749,-3.7827941,1349,4383.561643835616,167.0,133.0,0.0,0.0,1.0,0.0,parquet,pintura,otro,estándar (2.4-2.8m),nada,5.4,4.6,clásico,"['#D2B48C', '#FFFFFF', '#808080']",buena,False,convencional,limitado,terraza,ninguno,estándar,básica,ninguno,8.2,7.2,ninguna,5
https://www.tecnocasa.es/venta/casa/madrid/alcala-de-henares/607097.html,525000.0,3,245.0,4,"'AGENCIA TECNOCASA NUEVA ALCALA - RINCONADA' vende estupendo CHALET pareado de ESQUINA, compuesto por 4 plantas:

Planta -1 amplio garaje para el adecuado aparcamiento de nuestros vehiculos, con puertas automaticas.

Planta 1ª compuesto por porche delantero, hall de entrada, aseo, magnifica cocina muy luminosa totalmente equipada, amplio salón comedor con aire acondicionado con bomba de calor/frio, acogedora chimenea habilitada que calienta las demas plantas de la vivienda, perfecta para disfrutar tiempo en familia ,con salida a un acogedor porche trasero con aceso al magnifico jardín perfecto para disfrutar en familia, con barbacoa de obra y una maginifica piscina para disfrutar.

Planta 2ª compuesta dormitorio principal cuenta con vestidor ,con armarios empotrados ,aire acondicionado con bomba de calor/frio y cuarto de baño completo con ducha de hidromasaje en suite, el segundo dormitorio cuenta con armarios empotrados, en esta planta se encuentra un cuarto de baño completo con bañera.

Por último amplia buhardilla,en esta planta nos encontramos con un dormitorio completo con aseo habilitado y aire acondicionado con bomba de frio/calor .

La vivienda cuenta con calefacción individual de gas, ventanas de climalit estilo frances en toda la vivienda, suelos de parquet en la mayoría de la vivienda, exceptuando toda la primera planta, donde contamos con suelos de mármol, chimenea,puertas macizas lacadas en blanco, barbacoa de obra , piscina, tres aires acondicionados con bomba de calor y frio.

¡PARA ENTRAR A VIVIR!

Destaca por su cercanía y buena comunicación con la nacional A-2 a parte de múltiples paradas de autobús que conectan con el resto de la ciudad. En el barrio podrás contar con tiendas de ultramarinos, supermercados, autoescuelas, estanco, ferreterías, bares, restaurantes, colegios e institutos, además de su cercanía al centro de Alcalá de Henares.

La vivienda se encuentra en una zona dotada de los servicios principales, y con fácil acceso a la red de carreteras principales.

INFÓRMATE DE LA VIVIENDA SIN NINGÚN TIPO DE COMPROMISO, AL IGUAL QUE DE LA FINANCIACIÓN 100% QUE TE PUEDE PROPORCIONAR NUESTROS COMPAÑEROS DEL DEPARTAMENTO FINANCIERO KIRON.",0,1,1,1,1,1,0,1,1,1,"['https://cdn-media.medialabtc.it/es/agencies/md540/estates/607097/images/8666033/gallery_media.jpeg', 'https://cdn-media.medialabtc.it/es/agencies/md540/estates/607097/images/8666057/gallery_media.jpeg', 'https://cdn-media.medialabtc.it/es/agencies/md540/estates/607097/images/8666059/gallery_media.jpeg', 'https://cdn-media.medialabtc.it/es/agencies/md540/estates/607097/images/8666137/gallery_media.jpeg', 'https://cdn-media.medialabtc.it/es/agencies/md540/estates/607097/images/8666134/gallery_media.jpeg', 'https://cdn-media.medialabtc.it/es/agencies/md540/estates/607097/images/8666032/gallery_media.jpeg', 'https://cdn-media.medialabtc.it/es/agencies/md540/estates/607097/images/8666029/gallery_media.jpeg', 'https://cdn-media.medialabtc.it/es/agencies/md540/estates/607097/images/8666027/gallery_media.jpeg', 'https://cdn-media.medialabtc.it/es/agencies/md540/estates/607097/images/8666064/gallery_media.jpeg', 'https://cdn-media.medialabtc.it/es/agencies/md540/estates/607097/images/8666024/gallery_media.jpeg', 'https://cdn-media.medialabtc.it/es/agencies/md540/estates/607097/images/8666025/gallery_media.jpeg', 'https://cdn-media.medialabtc.it/es/agencies/md540/estates/607097/images/8666031/gallery_media.jpeg', 'https://cdn-media.medialabtc.it/es/agencies/md540/estates/607097/images/8666056/gallery_media.jpeg', 'https://cdn-media.medialabtc.it/es/agencies/md540/estates/607097/images/8666062/gallery_media.jpeg', 'https://cdn-media.medialabtc.it/es/agencies/md540/estates/607097/images/8666060/gallery_media.jpeg', 'https://cdn-media.medialabtc.it/es/agencies/md540/estates/607097/images/8666063/gallery_media.jpeg', 'https://cdn-media.medialabtc.it/es/agencies/md540/estates/607097/images/8666136/gallery_media.jpeg', 'https://cdn-media.medialabtc.it/es/agencies/md540/estates/607097/images/8666139/gallery_media.jpeg', 'https://cdn-media.medialabtc.it/es/agencies/md540/estates/607097/images/8666058/gallery_media.jpeg', 'https://cdn-media.medialabtc.it/es/agencies/md540/estates/607097/images/8666131/gallery_media.jpeg', 'https://cdn-media.medialabtc.it/es/agencies/md540/estates/607097/images/8666030/gallery_media.jpeg', 'https://cdn-media.medialabtc.it/es/agencies/md540/estates/607097/images/8666135/gallery_media.jpeg', 'https://cdn-media.medialabtc.it/es/agencies/md540/estates/607097/images/8666028/gallery_media.jpeg', 'https://cdn-media.medialabtc.it/es/agencies/md540/estates/607097/images/8666026/gallery_media.jpeg', 'https://cdn-media.medialabtc.it/es/agencies/md540/estates/607097/images/8666138/gallery_media.jpeg', 'https://cdn-media.medialabtc.it/es/agencies/md540/estates/607097/images/8666065/gallery_media.jpeg', 'https://cdn-media.medialabtc.it/es/agencies/md540/estates/607097/images/8666140/gallery_media.jpeg', 'https://cdn-media.medialabtc.it/es/agencies/md540/estates/607097/images/8666133/gallery_media.jpeg', 'https://cdn-media.medialabtc.it/es/agencies/md540/estates/607097/images/8666061/gallery_media.jpeg', 'https://cdn-media.medialabtc.it/es/agencies/md540/estates/607097/images/8666132/gallery_media.jpeg']",0,Desconocido,1,0,1,0,0,Desconocida,0,0,"['imagenes_tecnocasa\\anuncio_1350\\0.jpeg', 'imagenes_tecnocasa\\anuncio_1350\\1.jpeg', 'imagenes_tecnocasa\\anuncio_1350\\2.jpeg', 'imagenes_tecnocasa\\anuncio_1350\\3.jpeg', 'imagenes_tecnocasa\\anuncio_1350\\4.jpeg', 'imagenes_tecnocasa\\anuncio_1350\\5.jpeg', 'imagenes_tecnocasa\\anuncio_1350\\6.jpeg', 'imagenes_tecnocasa\\anuncio_1350\\7.jpeg', 'imagenes_tecnocasa\\anuncio_1350\\8.jpeg', 'imagenes_tecnocasa\\anuncio_1350\\9.jpeg', 'imagenes_tecnocasa\\anuncio_1350\\10.jpeg', 'imagenes_tecnocasa\\anuncio_1350\\11.jpeg', 'imagenes_tecnocasa\\anuncio_1350\\12.jpeg', 'imagenes_tecnocasa\\anuncio_1350\\13.jpeg', 'imagenes_tecnocasa\\anuncio_1350\\14.jpeg', 'imagenes_tecnocasa\\anuncio_1350\\15.jpeg', 'imagenes_tecnocasa\\anuncio_1350\\16.jpeg', 'imagenes_tecnocasa\\anuncio_1350\\17.jpeg', 'imagenes_tecnocasa\\anuncio_1350\\18.jpeg', 'imagenes_tecnocasa\\anuncio_1350\\19.jpeg', 'imagenes_tecnocasa\\anuncio_1350\\20.jpeg', 'imagenes_tecnocasa\\anuncio_1350\\21.jpeg', 'imagenes_tecnocasa\\anuncio_1350\\22.jpeg', 'imagenes_tecnocasa\\anuncio_1350\\23.jpeg', 'imagenes_tecnocasa\\anuncio_1350\\24.jpeg', 'imagenes_tecnocasa\\anuncio_1350\\25.jpeg', 'imagenes_tecnocasa\\anuncio_1350\\26.jpeg', 'imagenes_tecnocasa\\anuncio_1350\\27.jpeg', 'imagenes_tecnocasa\\anuncio_1350\\28.jpeg', 'imagenes_tecnocasa\\anuncio_1350\\29.jpeg']",1,Señorial,1999,1,1,0,casa,3,Alcalá de Henares,"Rinconada, Alcalá De Henares",40.481954,-3.363981,1350,2142.8571428571427,332.0,213.0,0.0,0.2,1.0,0.0,parquet,pintura,fija,estándar (2.4-2.8m),nada,4.8,4.8,convencional,"['#4682B4', '#F0E68C', '#FFFFFF']",buena,True,convencional,normal,ninguno,ninguno,estándar,básica,ninguno,7.8,6.8,ninguna,5
https://www.tecnocasa.es/venta/casa/madrid/villaviciosa-de-odon/609210.html,880000.0,5,161.0,3,"PRONTO CONTAREMOS CON MAS FOTOGRAFIAS!
TECNOCASA VILLAVICIOSA DE ODON Vende en exclusiva para que usted compre con seguridad y tranquilidad, sin otros compradores y agencias por medio. Confíe en la inmobiliaria líder en España con más de 800 puntos de venta. Agencia Inmobiliaria inscrita en el RAIN de la Comunidad de Madrid. N° 000134/18.
EDIFICIO en el centro de Villaviciosa de Odón, cercano a todos los servicios, parada de autobús, Supercor, Mercadona, biblioteca, centro de salud y zonas comerciales.
Vivienda unifamiliar. 5 Habitaciones con baño en Suite, Cocina y Salón común, Amplio Jardín con Lavandería. ALQUILADO 5.000€.
Todo el EDIFICIO se reformo totalmente hace 1año y medio, electricidad, fontaneria, cañerias, techos,
Gestionamos cambios de vivienda, valoración inmobiliaria gratuita. Financiación 100%. Consúltenos condiciones.
TECNOCASA inmobiliaria líder en España con más de 800 puntos de venta, más de 25 años de experiencia en territorio nacional.",0,0,1,1,1,1,0,1,1,1,"['https://cdn-media.medialabtc.it/es/agencies/mdbzb/estates/609210/images/8717248/gallery_media.jpeg', 'https://cdn-media.medialabtc.it/es/agencies/mdbzb/estates/609210/images/8717247/gallery_media.jpeg', 'https://cdn-media.medialabtc.it/es/agencies/mdbzb/estates/609210/images/8722623/gallery_media.jpeg', 'https://cdn-media.medialabtc.it/es/agencies/mdbzb/estates/609210/images/8717249/gallery_media.jpeg', 'https://cdn-media.medialabtc.it/es/agencies/mdbzb/estates/609210/images/8717253/gallery_media.jpeg', 'https://cdn-media.medialabtc.it/es/agencies/mdbzb/estates/609210/images/8717252/gallery_media.jpeg', 'https://cdn-media.medialabtc.it/es/agencies/mdbzb/estates/609210/images/8717251/gallery_media.jpeg', 'https://cdn-media.medialabtc.it/es/agencies/mdbzb/estates/609210/images/8717246/gallery_media.jpeg', 'https://cdn-media.medialabtc.it/es/agencies/mdbzb/estates/609210/images/8717250/gallery_media.jpeg', 'https://cdn-media.medialabtc.it/es/agencies/mdbzb/estates/609210/images/8717254/gallery_media.jpeg']",0,Desconocido,0,0,0,0,1,Desconocida,0,0,"['imagenes_tecnocasa\\anuncio_1351\\0.jpeg', 'imagenes_tecnocasa\\anuncio_1351\\1.jpeg', 'imagenes_tecnocasa\\anuncio_1351\\2.jpeg', 'imagenes_tecnocasa\\anuncio_1351\\3.jpeg', 'imagenes_tecnocasa\\anuncio_1351\\4.jpeg', 'imagenes_tecnocasa\\anuncio_1351\\5.jpeg', 'imagenes_tecnocasa\\anuncio_1351\\6.jpeg', 'imagenes_tecnocasa\\anuncio_1351\\7.jpeg', 'imagenes_tecnocasa\\anuncio_1351\\8.jpeg', 'imagenes_tecnocasa\\anuncio_1351\\9.jpeg']",1,Popular,1945,1,1,0,casa,2,Villaviciosa de Odón,Villaviciosa De Odón,40.3573787,-3.9002334,1351,5465.83850931677,143.0,102.0,0.0,0.0,1.0,0.0,otro,otro,otro,otro,nada,3.2,2.8,clásico,"['#D2691E', '#8B4513', '#F5F5DC']",buena,False,otro,otro,ninguno,ninguno,otro,otro,ninguno,5.2,6.0,ninguna,5
https://www.tecnocasa.es/venta/piso/madrid/madrid/611587.html,299000.0,4,93.0,1,"Agencia inmobiliaria de Madrid zona VENTAS - EL CARMEN Tecnocasa ESTUDIO VENTAS CONCEPCION SP :
Características de la vivienda:
C/SAMBARA
Distribución: Vivienda de 90 metros construidos que consta de cuatro dormitorios, salón, cocina, baño y una terraza. Muy cercana a C/ Alcala. Finca con ascensor y acceso a movilidad reducida.
Estado del edificio:
Inspección Técnica del Edificio (ITE) favorable.
Ubicación y entorno:
El inmueble se encuentra en una zona estratégica de Madrid, con una excelente comunicación y una amplia oferta de servicios.
A 10 METROS de la estación de metro El Carmen (Línea 5 a vías principales como Alcala, Avenida Daroca y Alcalde Lopez Casero .Varias líneas de autobús en las inmediaciones. Cercanía a centros comerciales y de ocio como Arturo Soria Plaza, O centro comercial ciudad lineal, con una variada oferta comercial, gastronómica y de con múltiples zonas verdes y parques, además de áreas deportivas y espacios de todos los servicios esenciales: colegios, farmacias, supermercados y restaurantes.
Muy cercana a la plaza de toro de ventas, manuel becerra etc.
Para más información o concertar una visita, puede contactar a través del teléfono 663 538 872 o acudir a nuestra oficina en AVENIDA DAROCA 11 ESQUINA CON JOSE MARIA FERNANDEZ LANSEROS – Tecnocasa.
TELEFONO DE CONTACTO: 663 538 872",1,0,1,1,1,1,0,1,1,1,"['https://cdn-media.medialabtc.it/es/agencies/mdaqb/estates/611587/images/8781829/gallery_media.jpeg', 'https://cdn-media.medialabtc.it/es/agencies/mdaqb/estates/611587/images/8781803/gallery_media.jpeg', 'https://cdn-media.medialabtc.it/es/agencies/mdaqb/estates/611587/images/8781830/gallery_media.jpeg', 'https://cdn-media.medialabtc.it/es/agencies/mdaqb/estates/611587/images/8781817/gallery_media.jpeg', 'https://cdn-media.medialabtc.it/es/agencies/mdaqb/estates/611587/images/8781805/gallery_media.jpeg', 'https://cdn-media.medialabtc.it/es/agencies/mdaqb/estates/611587/images/8781810/gallery_media.jpeg', 'https://cdn-media.medialabtc.it/es/agencies/mdaqb/estates/611587/images/8781809/gallery_media.jpeg', 'https://cdn-media.medialabtc.it/es/agencies/mdaqb/estates/611587/images/8781823/gallery_media.jpeg', 'https://cdn-media.medialabtc.it/es/agencies/mdaqb/estates/611587/images/8781814/gallery_media.jpeg', 'https://cdn-media.medialabtc.it/es/agencies/mdaqb/estates/611587/images/8781804/gallery_media.jpeg', 'https://cdn-media.medialabtc.it/es/agencies/mdaqb/estates/611587/images/8781681/gallery_media.jpeg', 'https://cdn-media.medialabtc.it/es/agencies/mdaqb/estates/611587/images/8781821/gallery_media.jpeg', 'https://cdn-media.medialabtc.it/es/agencies/mdaqb/estates/611587/images/8781816/gallery_media.jpeg', 'https://cdn-media.medialabtc.it/es/agencies/mdaqb/estates/611587/images/8781827/gallery_media.jpeg', 'https://cdn-media.medialabtc.it/es/agencies/mdaqb/estates/611587/images/8781818/gallery_media.jpeg', 'https://cdn-media.medialabtc.it/es/agencies/mdaqb/estates/611587/images/8781825/gallery_media.jpeg', 'https://cdn-media.medialabtc.it/es/agencies/mdaqb/estates/611587/images/8781808/gallery_media.jpeg', 'https://cdn-media.medialabtc.it/es/agencies/mdaqb/estates/611587/images/8781807/gallery_media.jpeg', 'https://cdn-media.medialabtc.it/es/agencies/mdaqb/estates/611587/images/8781828/gallery_media.jpeg', 'https://cdn-media.medialabtc.it/es/agencies/mdaqb/estates/611587/images/8781806/gallery_media.jpeg', 'https://cdn-media.medialabtc.it/es/agencies/mdaqb/estates/611587/images/8781820/gallery_media.jpeg', 'https://cdn-media.medialabtc.it/es/agencies/mdaqb/estates/611587/images/8781824/gallery_media.jpeg', 'https://cdn-media.medialabtc.it/es/agencies/mdaqb/estates/611587/images/8781813/gallery_media.jpeg', 'https://cdn-media.medialabtc.it/es/agencies/mdaqb/estates/611587/images/8781819/gallery_media.jpeg', 'https://cdn-media.medialabtc.it/es/agencies/mdaqb/estates/611587/images/8781815/gallery_media.jpeg', 'https://cdn-media.medialabtc.it/es/agencies/mdaqb/estates/611587/images/8781812/gallery_media.jpeg', 'https://cdn-media.medialabtc.it/es/agencies/mdaqb/estates/611587/images/8781826/gallery_media.jpeg', 'https://cdn-media.medialabtc.it/es/agencies/mdaqb/estates/611587/images/8781802/gallery_media.jpeg', 'https://cdn-media.medialabtc.it/es/agencies/mdaqb/estates/611587/images/8781822/gallery_media.jpeg']",0,Desconocido,0,0,0,1,0,D,0,0,"['imagenes_tecnocasa\\anuncio_1352\\0.jpeg', 'imagenes_tecnocasa\\anuncio_1352\\1.jpeg', 'imagenes_tecnocasa\\anuncio_1352\\2.jpeg', 'imagenes_tecnocasa\\anuncio_1352\\3.jpeg', 'imagenes_tecnocasa\\anuncio_1352\\4.jpeg', 'imagenes_tecnocasa\\anuncio_1352\\5.jpeg', 'imagenes_tecnocasa\\anuncio_1352\\6.jpeg', 'imagenes_tecnocasa\\anuncio_1352\\7.jpeg', 'imagenes_tecnocasa\\anuncio_1352\\8.jpeg', 'imagenes_tecnocasa\\anuncio_1352\\9.jpeg', 'imagenes_tecnocasa\\anuncio_1352\\10.jpeg', 'imagenes_tecnocasa\\anuncio_1352\\11.jpeg', 'imagenes_tecnocasa\\anuncio_1352\\12.jpeg', 'imagenes_tecnocasa\\anuncio_1352\\13.jpeg', 'imagenes_tecnocasa\\anuncio_1352\\14.jpeg', 'imagenes_tecnocasa\\anuncio_1352\\15.jpeg', 'imagenes_tecnocasa\\anuncio_1352\\16.jpeg', 'imagenes_tecnocasa\\anuncio_1352\\17.jpeg', 'imagenes_tecnocasa\\anuncio_1352\\18.jpeg', 'imagenes_tecnocasa\\anuncio_1352\\19.jpeg', 'imagenes_tecnocasa\\anuncio_1352\\20.jpeg', 'imagenes_tecnocasa\\anuncio_1352\\21.jpeg', 'imagenes_tecnocasa\\anuncio_1352\\22.jpeg', 'imagenes_tecnocasa\\anuncio_1352\\23.jpeg', 'imagenes_tecnocasa\\anuncio_1352\\24.jpeg', 'imagenes_tecnocasa\\anuncio_1352\\25.jpeg', 'imagenes_tecnocasa\\anuncio_1352\\26.jpeg', 'imagenes_tecnocasa\\anuncio_1352\\27.jpeg', 'imagenes_tecnocasa\\anuncio_1352\\28.jpeg']",0,Popular,1955,1,0,1,piso,2,Madrid,"Quintana, Madrid",40.4167047,-3.7035825,1352,3215.05376344086,209.0,155.0,0.0,0.0,0.0,0.0,otro,pintura,corredera,estándar (2.4-2.8m),nada,3.2,3.2,convencional,"['#D2B48C', '#FFFFFF', '#A0522D']",regular,False,convencional,limitado,ninguno,ninguno,estándar,básica,ninguno,7.2,6.2,ninguna,5
https://www.tecnocasa.es/venta/piso/madrid/madrid/365658.html,225000.0,1,41.0,1,"Agencia inmobiliaria de MADRID zona ANTÓN MARTÍN - LAVAPIÉS - LAS CORTES - REINA SOFÍA Oficina Tecnocasa.

VENDE en EXCLUSIVA. Luminoso, amplio y acogedor estudio con cocina independiente y techos muy altos. Actualizción reciente. Destacan sus amplias ventanas a gran patio interior que aportan mucha luz natural y exelente ventilación. Baño completo con plato de ducha. Perfecto para quienes buscan rentabilidad o adquirir su primera vivienda. Finca con ASCENSOR.

No pierdas la oportunidad de visitarlo sin compromiso. TE VA A ENCANTAR!

Muy bien comunicado: metro Antón Martín (L1) a 4 minutos, Lavapies (L3) a 2 minutos y Atocha-Renfe a 8 minutos.

¡Excelente zona!
Antón Martín es sin dudas uno de los barrios más alternativos de Madrid. En él conviven comercios tradicionales con locales modernos de ambiente cosmopolita y pequeñas tiendas donde encontrar moda y objetos curiosos. Punto de encuentro de gente diferente de todas las edades que tienen en común el gusto por descubrir el encanto de los barrios peculiares. Centros culturales, teatros y museos, así como mercados, restaurantes y bares, ofrecen a visitantes y locales una variada propuesta cultural, de ocio y gastronómica.

¿Quiere conocer el valor real de su inmueble?
Ofrecemos a nuestros vecinos VALORACIONES GRATUITAS y sin ningún compromiso de viviendas, locales y plazas de garaje.

Nos avalan 15 años de experiencia en la zona, formando parte de esta gran empresa, líder en España y Europa en el sector de la intermediación inmobiliaria.

Asesoramiento y gestión en: COMPRAVENTA, ARRENDAMIENTO, CAMBIO de VIVIENDA, HERENCIAS, CAMBIO de USO, CERTIFICADO ENERGÉTICO.

Nuestro departamento KIRON, expertos en intermediación financiera, le ayudarán a encontrar la solución hipotecaria que mejor se adapte a sus necesidades.

Estamos a su disposición para cualquier consulta.",1,1,1,1,1,1,0,1,1,1,"['https://cdn-media.medialabtc.it/es/agencies/mdac4/estates/365658/images/8638131/gallery_media.jpeg', 'https://cdn-media.medialabtc.it/es/agencies/mdac4/estates/365658/images/8638130/gallery_media.jpeg', 'https://cdn-media.medialabtc.it/es/agencies/mdac4/estates/365658/images/8638126/gallery_media.jpeg', 'https://cdn-media.medialabtc.it/es/agencies/mdac4/estates/365658/images/8638129/gallery_media.jpeg', 'https://cdn-media.medialabtc.it/es/agencies/mdac4/estates/365658/images/8638125/gallery_media.jpeg', 'https://cdn-media.medialabtc.it/es/agencies/mdac4/estates/365658/images/8638128/gallery_media.jpeg', 'https://cdn-media.medialabtc.it/es/agencies/mdac4/estates/365658/images/8622611/gallery_media.jpeg']",0,Desconocido,1,0,0,0,0,E,0,0,"['imagenes_tecnocasa\\anuncio_1355\\0.jpeg', 'imagenes_tecnocasa\\anuncio_1355\\1.jpeg', 'imagenes_tecnocasa\\anuncio_1355\\2.jpeg', 'imagenes_tecnocasa\\anuncio_1355\\3.jpeg', 'imagenes_tecnocasa\\anuncio_1355\\4.jpeg', 'imagenes_tecnocasa\\anuncio_1355\\5.jpeg', 'imagenes_tecnocasa\\anuncio_1355\\6.jpeg']",0,Popular,1900,0,0,1,piso,2,Embajadores,"Lavapiés - Embajadores, Madrid",40.4095856,-3.7029851,1355,5487.804878048781,279.0,206.0,0.15208333333333332,0.26666666666666666,3.0,0.0,parquet,pintura,corredera,estándar (2.4-2.8m),nada,3.8,5.0,moderno,"['#F5F5DC', '#FFFFFF', '#A0522D']",buena,True,convencional,limitado,ninguno,ninguno,estándar,básica,ninguno,6.8,6.2,ninguna,5
https://www.tecnocasa.es/venta/piso/madrid/madrid/615482.html,270000.0,3,66.0,1,"Descubre esta acogedora vivienda en el barrio de Pueblo Nuevo, dentro del distrito de Ciudad Lineal, Madrid.
Con una superficie de 66 m², esta propiedad ofrece un espacio funcional y bien distribuido, ideal para familias o parejas que buscan su primer hogar. Cuenta con tres dormitorios que proporcionan comodidad y privacidad, además de un baño completo.
Construida en 1965, esta vivienda refleja el encanto de su época, combinando solidez y practicidad. La ubicación es un punto fuerte, ya que se encuentra en una zona bien comunicada, con acceso a transporte público, comercios y servicios esenciales, lo que facilita el día a día.
La categoría popular de esta propiedad la convierte en una opción accesible para quienes desean establecerse en una zona con historia y tradición, sin renunciar a las comodidades urbanas. No pierdas la oportunidad de conocer este hogar que puede ser el comienzo de una nueva etapa.",1,0,1,1,1,1,0,1,1,1,"['https://cdn-media.medialabtc.it/es/agencies/md048/estates/615482/images/8849024/gallery_media.jpeg', 'https://cdn-media.medialabtc.it/es/agencies/md048/estates/615482/images/8849029/gallery_media.jpeg', 'https://cdn-media.medialabtc.it/es/agencies/md048/estates/615482/images/8849030/gallery_media.jpeg', 'https://cdn-media.medialabtc.it/es/agencies/md048/estates/615482/images/8849032/gallery_media.jpeg', 'https://cdn-media.medialabtc.it/es/agencies/md048/estates/615482/images/8849026/gallery_media.jpeg', 'https://cdn-media.medialabtc.it/es/agencies/md048/estates/615482/images/8848980/gallery_media.jpeg', 'https://cdn-media.medialabtc.it/es/agencies/md048/estates/615482/images/8848981/gallery_media.jpeg', 'https://cdn-media.medialabtc.it/es/agencies/md048/estates/615482/images/8849033/gallery_media.jpeg', 'https://cdn-media.medialabtc.it/es/agencies/md048/estates/615482/images/8849025/gallery_media.jpeg', 'https://cdn-media.medialabtc.it/es/agencies/md048/estates/615482/images/8848979/gallery_media.jpeg', 'https://cdn-media.medialabtc.it/es/agencies/md048/estates/615482/images/8849034/gallery_media.jpeg', 'https://cdn-media.medialabtc.it/es/agencies/md048/estates/615482/images/8849036/gallery_media.jpeg', 'https://cdn-media.medialabtc.it/es/agencies/md048/estates/615482/images/8849037/gallery_media.jpeg', 'https://cdn-media.medialabtc.it/es/agencies/md048/estates/615482/images/8849027/gallery_media.jpeg', 'https://cdn-media.medialabtc.it/es/agencies/md048/estates/615482/images/8849023/gallery_media.jpeg', 'https://cdn-media.medialabtc.it/es/agencies/md048/estates/615482/images/8849035/gallery_media.jpeg']",0,Desconocido,0,0,0,0,0,E,0,0,"['imagenes_tecnocasa\\anuncio_1357\\0.jpeg', 'imagenes_tecnocasa\\anuncio_1357\\1.jpeg', 'imagenes_tecnocasa\\anuncio_1357\\2.jpeg', 'imagenes_tecnocasa\\anuncio_1357\\3.jpeg', 'imagenes_tecnocasa\\anuncio_1357\\4.jpeg', 'imagenes_tecnocasa\\anuncio_1357\\5.jpeg', 'imagenes_tecnocasa\\anuncio_1357\\6.jpeg', 'imagenes_tecnocasa\\anuncio_1357\\7.jpeg', 'imagenes_tecnocasa\\anuncio_1357\\8.jpeg', 'imagenes_tecnocasa\\anuncio_1357\\9.jpeg', 'imagenes_tecnocasa\\anuncio_1357\\10.jpeg', 'imagenes_tecnocasa\\anuncio_1357\\11.jpeg', 'imagenes_tecnocasa\\anuncio_1357\\12.jpeg', 'imagenes_tecnocasa\\anuncio_1357\\13.jpeg', 'imagenes_tecnocasa\\anuncio_1357\\14.jpeg', 'imagenes_tecnocasa\\anuncio_1357\\15.jpeg']",0,Popular,1965,0,0,0,piso,2,Madrid,"Pueblo Nuevo, Madrid",40.4167047,-3.7035825,1357,4090.909090909091,148.0,105.0,0.75,0.95,0.0,1.0,cerámica,pintura,corredera,estándar (2.4-2.8m),nada,2.8,3.2,convencional,"['#ADD8E6', '#FFFFFF', '#A0522D']",regular,False,convencional,limitado,ninguno,ninguno,estándar,básica,ninguno,6.2,6.8,ninguna,5
https://www.tecnocasa.es/venta/piso/madrid/leganes/613198.html,199900.0,3,69.0,1,"Agencia inmobiliaria de MADRID - zona LEGANÉS - Oficina Tecnocasa VENDE.
4ª planta exterior en magnífica ubicación, cercana a 3 grandes avenidas de Leganés.
La vivienda se distribuye del siguiente modo: Amplio salón independiente con aire acondicionado y salida a una maravillosa terraza abierta, 3 dormitorios muy luminosos y amplios, cocina totalmente amueblada y actualizada, cuarto de baño con ventana y calefacción independiente de gas en toda la vivienda.
Orientación SUR por lo que no le falta luz a ninguna de sus estancias, actualmente con ascensor.
Le brindamos la opción de compra plaza de garaje en un parking cercano a la finca desde 5.000 €.
Muy bien comunicado, con rápido acceso por carretera, Cercanías línea C-5 (18 minutos a Atocha), Metro sur parada Casa del reloj a menos de 500m, Leganés central y Autobuses interurbanos directos a Aluche, Oporto entre otros. Cercano a la Universidad Carlos III y rodeado de Colegios, tanto de primaria como de secundaria. Zonas verdes. Cuenta con un Centro de Salud cercano.
No dude en ponerse en contacto con nuestros asesores para más información o para concertar una cita para ver la vivienda.
¡PREGUNTA POR LA FINANCIACIÓN CON KIRON!
NO SE REFLEJA DIRECCIÓN EXACTA DE LA VIVIENDA POR PRIVACIDAD, LA DIRECCIÓN REFLEJADA EN EL ANUNCIO ESTA A ESCASOS METROS DE ELLA PARA QUE PUEDAN TENER UN PUNTO DE REFERENCIA DE DONDE SE UBICA EXACTAMENTE.",1,1,1,1,1,1,1,1,1,1,"['https://cdn-media.medialabtc.it/es/agencies/md503/estates/613198/images/8849315/gallery_media.jpeg', 'https://cdn-media.medialabtc.it/es/agencies/md503/estates/613198/images/8823579/gallery_media.jpeg', 'https://cdn-media.medialabtc.it/es/agencies/md503/estates/613198/images/8823578/gallery_media.jpeg', 'https://cdn-media.medialabtc.it/es/agencies/md503/estates/613198/images/8823628/gallery_media.jpeg', 'https://cdn-media.medialabtc.it/es/agencies/md503/estates/613198/images/8823629/gallery_media.jpeg', 'https://cdn-media.medialabtc.it/es/agencies/md503/estates/613198/images/8823576/gallery_media.jpeg', 'https://cdn-media.medialabtc.it/es/agencies/md503/estates/613198/images/8849314/gallery_media.jpeg', 'https://cdn-media.medialabtc.it/es/agencies/md503/estates/613198/images/8849316/gallery_media.jpeg', 'https://cdn-media.medialabtc.it/es/agencies/md503/estates/613198/images/8823625/gallery_media.jpeg', 'https://cdn-media.medialabtc.it/es/agencies/md503/estates/613198/images/8823577/gallery_media.jpeg', 'https://cdn-media.medialabtc.it/es/agencies/md503/estates/613198/images/8823627/gallery_media.jpeg', 'https://cdn-media.medialabtc.it/es/agencies/md503/estates/613198/images/8823626/gallery_media.jpeg', 'https://cdn-media.medialabtc.it/es/agencies/md503/estates/613198/images/8823630/gallery_media.jpeg']",0,Desconocido,1,0,0,1,0,Desconocida,0,0,"['imagenes_tecnocasa\\anuncio_1358\\0.jpeg', 'imagenes_tecnocasa\\anuncio_1358\\1.jpeg', 'imagenes_tecnocasa\\anuncio_1358\\2.jpeg', 'imagenes_tecnocasa\\anuncio_1358\\3.jpeg', 'imagenes_tecnocasa\\anuncio_1358\\4.jpeg', 'imagenes_tecnocasa\\anuncio_1358\\5.jpeg', 'imagenes_tecnocasa\\anuncio_1358\\6.jpeg', 'imagenes_tecnocasa\\anuncio_1358\\7.jpeg', 'imagenes_tecnocasa\\anuncio_1358\\8.jpeg', 'imagenes_tecnocasa\\anuncio_1358\\9.jpeg', 'imagenes_tecnocasa\\anuncio_1358\\10.jpeg', 'imagenes_tecnocasa\\anuncio_1358\\11.jpeg', 'imagenes_tecnocasa\\anuncio_1358\\12.jpeg']",1,Popular,1969,1,0,0,piso,3,Leganés,"Santos, Leganés",40.3281942,-3.76527,1358,2897.1014492753625,228.0,174.0,0.0,0.25,2.0,0.0,cerámica,pintura,otro,estándar (2.4-2.8m),nada,4.0,3.4,clásico,"['#800080', '#F5DEB3', '#FFFFFF']",regular,False,convencional,normal,ninguno,ninguno,estándar,parcialmente equipada,ninguno,6.0,7.0,ninguna,5
https://www.tecnocasa.es/venta/casa/madrid/villaviciosa-de-odon/577451.html,399000.0,3,100.0,2,"TECNOCASA VILLAVICIOSA DE ODON Vende en exclusiva para que usted compre con seguridad y tranquilidad, sin otros compradores y agencias por medio. Confíe en la inmobiliaria líder en España con más de 800 puntos de venta. Agencia Inmobiliaria inscrita en el RAIN de la Comunidad de Madrid. N° 000134/18.
Casa baja en el centro de Villaviciosa de Odón, cercano a todos los servicios, parada de autobús, Supercor, Mercadona, biblioteca, centro de salud y zonas comerciales.
Planta baja:
Cuenta con 2 habitaciones, baño en Suite con plato de ducha y salon-Comedor con cocina Americana.
Planta primera:
Cuenta con apartamento con 1 dormitorio, cocina, salon y baño con plato de ducha.
Toda la vivienda se reformo totalmente hace 3 meses, electricidad, fontaneria, cañerias, techos,
Gestionamos cambios de vivienda, valoración inmobiliaria gratuita. Financiación 100%. Consúltenos condiciones.
TECNOCASA inmobiliaria líder en España con más de 800 puntos de venta, más de 25 años de experiencia en territorio nacional.",0,0,1,1,1,1,0,1,1,1,"['https://cdn-media.medialabtc.it/es/agencies/mdbzb/estates/577451/images/8704384/gallery_media.jpeg', 'https://cdn-media.medialabtc.it/es/agencies/mdbzb/estates/577451/images/8704382/gallery_media.jpeg', 'https://cdn-media.medialabtc.it/es/agencies/mdbzb/estates/577451/images/8704383/gallery_media.jpeg', 'https://cdn-media.medialabtc.it/es/agencies/mdbzb/estates/577451/images/8704179/gallery_media.jpeg', 'https://cdn-media.medialabtc.it/es/agencies/mdbzb/estates/577451/images/8705462/gallery_media.jpeg', 'https://cdn-media.medialabtc.it/es/agencies/mdbzb/estates/577451/images/8705463/gallery_media.jpeg', 'https://cdn-media.medialabtc.it/es/agencies/mdbzb/estates/577451/images/8704385/gallery_media.jpeg', 'https://cdn-media.medialabtc.it/es/agencies/mdbzb/estates/577451/images/8704180/gallery_media.jpeg', 'https://cdn-media.medialabtc.it/es/agencies/mdbzb/estates/577451/images/8705395/gallery_media.jpeg', 'https://cdn-media.medialabtc.it/es/agencies/mdbzb/estates/577451/images/8705398/gallery_media.jpeg', 'https://cdn-media.medialabtc.it/es/agencies/mdbzb/estates/577451/images/8705397/gallery_media.jpeg', 'https://cdn-media.medialabtc.it/es/agencies/mdbzb/estates/577451/images/8704181/gallery_media.jpeg', 'https://cdn-media.medialabtc.it/es/agencies/mdbzb/estates/577451/images/8705396/gallery_media.jpeg']",0,Desconocido,0,0,0,0,1,Desconocida,0,0,"['imagenes_tecnocasa\\anuncio_1359\\0.jpeg', 'imagenes_tecnocasa\\anuncio_1359\\1.jpeg', 'imagenes_tecnocasa\\anuncio_1359\\2.jpeg', 'imagenes_tecnocasa\\anuncio_1359\\3.jpeg', 'imagenes_tecnocasa\\anuncio_1359\\4.jpeg', 'imagenes_tecnocasa\\anuncio_1359\\5.jpeg', 'imagenes_tecnocasa\\anuncio_1359\\6.jpeg', 'imagenes_tecnocasa\\anuncio_1359\\7.jpeg', 'imagenes_tecnocasa\\anuncio_1359\\8.jpeg', 'imagenes_tecnocasa\\anuncio_1359\\9.jpeg', 'imagenes_tecnocasa\\anuncio_1359\\10.jpeg', 'imagenes_tecnocasa\\anuncio_1359\\11.jpeg', 'imagenes_tecnocasa\\anuncio_1359\\12.jpeg']",1,Popular,1900,0,0,0,casa,2,Villaviciosa de Odón,Villaviciosa De Odón,40.3573787,-3.9002334,1359,3990.0,154.0,104.0,0.0,0.0,0.0,0.0,otro,otro,otro,otro,nada,2.8,2.4,otro,"['#0077BE', '#778899', '#FFFFFF']",otro,False,otro,otro,otro,ninguno,otro,otro,ninguno,6.6,7.4,ninguna,5
https://www.tecnocasa.es/venta/piso/madrid/villaviciosa-de-odon/608901.html,379000.0,2,85.0,2,"PRONTO CONTAREMOS CON MAS FOTOGRAFIAS!
TECNOCASA VILLAVICIOSA DE ODON Vende en exclusiva para que usted compre con seguridad y tranquilidad, sin otros compradores y agencias por medio. Confíe en la inmobiliaria líder en España con más de 800 puntos de venta. Agencia Inmobiliaria inscrita en el RAIN de la Comunidad de Madrid. N° 000134/18.
Piso en la zona centro de Villaviciosa de Odón, cercano a parada de autobús, Supercor, biblioteca y centro de salud.
AÑO DE CONSTRUCCIÓN 2021
La vivienda cuenta con un distribuidor con armario empotrado, amplio salón-comedor, cocina con buena luz natural y despensa, cuarto de baño completo con ducha, contamos con 2 dormitorios y buena iluminación, armarios empotrados y para finalizar contamos con otro cuarto de baño con ducha.
La vivienda cuenta con ascensor, plaza de garaje amplia y trastero.
¿cansado de pagar alquiler?
Asesoramiento hipotecario gratuito.",0,0,1,1,1,1,0,1,1,1,"['https://cdn-media.medialabtc.it/es/agencies/mdbzb/estates/608901/images/8703779/gallery_media.jpeg', 'https://cdn-media.medialabtc.it/es/agencies/mdbzb/estates/608901/images/8703785/gallery_media.jpeg', 'https://cdn-media.medialabtc.it/es/agencies/mdbzb/estates/608901/images/8703780/gallery_media.jpeg', 'https://cdn-media.medialabtc.it/es/agencies/mdbzb/estates/608901/images/8703777/gallery_media.jpeg', 'https://cdn-media.medialabtc.it/es/agencies/mdbzb/estates/608901/images/8703781/gallery_media.jpeg', 'https://cdn-media.medialabtc.it/es/agencies/mdbzb/estates/608901/images/8703784/gallery_media.jpeg', 'https://cdn-media.medialabtc.it/es/agencies/mdbzb/estates/608901/images/8703783/gallery_media.jpeg', 'https://cdn-media.medialabtc.it/es/agencies/mdbzb/estates/608901/images/8703782/gallery_media.jpeg', 'https://cdn-media.medialabtc.it/es/agencies/mdbzb/estates/608901/images/8703778/gallery_media.jpeg']",0,Desconocido,1,1,0,0,1,B,0,0,"['imagenes_tecnocasa\\anuncio_1360\\0.jpeg', 'imagenes_tecnocasa\\anuncio_1360\\1.jpeg', 'imagenes_tecnocasa\\anuncio_1360\\2.jpeg', 'imagenes_tecnocasa\\anuncio_1360\\3.jpeg', 'imagenes_tecnocasa\\anuncio_1360\\4.jpeg', 'imagenes_tecnocasa\\anuncio_1360\\5.jpeg', 'imagenes_tecnocasa\\anuncio_1360\\6.jpeg', 'imagenes_tecnocasa\\anuncio_1360\\7.jpeg', 'imagenes_tecnocasa\\anuncio_1360\\8.jpeg']",0,Popular,2021,1,0,0,piso,3,Villaviciosa de Odón,Villaviciosa De Odón,40.3573787,-3.9002334,1360,4458.823529411765,140.0,98.0,0.1,0.4,1.0,0.0,otro,otro,otro,otro,nada,0.8,0.4,otro,"['#008000', '#808080', '#000080']",otro,False,otro,otro,otro,ninguno,otro,otro,ninguno,5.4,6.0,ninguna,5
https://www.tecnocasa.es/venta/piso/madrid/alcala-de-henares/612402.html,171500.0,3,63.0,1,"Descubre esta acogedora vivienda en el corazón de Alcalá de Henares, ideal para quienes buscan un hogar funcional y bien ubicado. Este piso, situado en una planta intermedia, ofrece una distribución práctica en sus 63 m², con tres dormitorios que brindan el espacio necesario para una familia o para quienes desean contar con un despacho en casa. Construido en 1960, el inmueble conserva el encanto de la época, combinado con las comodidades actuales. La ubicación es un punto fuerte, ya que se encuentra en una zona con acceso a servicios esenciales, transporte público y áreas verdes, lo que facilita el día a día. La propiedad es una excelente opción para quienes desean invertir en una vivienda con potencial de personalización, adaptándola a sus gustos y necesidades. No pierdas la oportunidad de conocer este piso que puede convertirse en el hogar que siempre has buscado. Contáctanos para más información.",0,1,1,1,1,1,1,1,1,1,"['https://cdn-media.medialabtc.it/es/agencies/mdbie/estates/612402/images/8792235/gallery_media.jpeg', 'https://cdn-media.medialabtc.it/es/agencies/mdbie/estates/612402/images/8792119/gallery_media.jpeg', 'https://cdn-media.medialabtc.it/es/agencies/mdbie/estates/612402/images/8792118/gallery_media.jpeg', 'https://cdn-media.medialabtc.it/es/agencies/mdbie/estates/612402/images/8792233/gallery_media.jpeg', 'https://cdn-media.medialabtc.it/es/agencies/mdbie/estates/612402/images/8792223/gallery_media.jpeg', 'https://cdn-media.medialabtc.it/es/agencies/mdbie/estates/612402/images/8792231/gallery_media.jpeg', 'https://cdn-media.medialabtc.it/es/agencies/mdbie/estates/612402/images/8792228/gallery_media.jpeg', 'https://cdn-media.medialabtc.it/es/agencies/mdbie/estates/612402/images/8792224/gallery_media.jpeg', 'https://cdn-media.medialabtc.it/es/agencies/mdbie/estates/612402/images/8792222/gallery_media.jpeg', 'https://cdn-media.medialabtc.it/es/agencies/mdbie/estates/612402/images/8792232/gallery_media.jpeg', 'https://cdn-media.medialabtc.it/es/agencies/mdbie/estates/612402/images/8792243/gallery_media.jpeg', 'https://cdn-media.medialabtc.it/es/agencies/mdbie/estates/612402/images/8792227/gallery_media.jpeg', 'https://cdn-media.medialabtc.it/es/agencies/mdbie/estates/612402/images/8792242/gallery_media.jpeg', 'https://cdn-media.medialabtc.it/es/agencies/mdbie/estates/612402/images/8792120/gallery_media.jpeg', 'https://cdn-media.medialabtc.it/es/agencies/mdbie/estates/612402/images/8792115/gallery_media.jpeg', 'https://cdn-media.medialabtc.it/es/agencies/mdbie/estates/612402/images/8792121/gallery_media.jpeg', 'https://cdn-media.medialabtc.it/es/agencies/mdbie/estates/612402/images/8792116/gallery_media.jpeg', 'https://cdn-media.medialabtc.it/es/agencies/mdbie/estates/612402/images/8792234/gallery_media.jpeg', 'https://cdn-media.medialabtc.it/es/agencies/mdbie/estates/612402/images/8792236/gallery_media.jpeg', 'https://cdn-media.medialabtc.it/es/agencies/mdbie/estates/612402/images/8792117/gallery_media.jpeg', 'https://cdn-media.medialabtc.it/es/agencies/mdbie/estates/612402/images/8792230/gallery_media.jpeg', 'https://cdn-media.medialabtc.it/es/agencies/mdbie/estates/612402/images/8792229/gallery_media.jpeg', 'https://cdn-media.medialabtc.it/es/agencies/mdbie/estates/612402/images/8792225/gallery_media.jpeg', 'https://cdn-media.medialabtc.it/es/agencies/mdbie/estates/612402/images/8792226/gallery_media.jpeg']",0,Desconocido,0,0,0,0,0,F,0,0,"['imagenes_tecnocasa\\anuncio_1363\\0.jpeg', 'imagenes_tecnocasa\\anuncio_1363\\1.jpeg', 'imagenes_tecnocasa\\anuncio_1363\\2.jpeg', 'imagenes_tecnocasa\\anuncio_1363\\3.jpeg', 'imagenes_tecnocasa\\anuncio_1363\\4.jpeg', 'imagenes_tecnocasa\\anuncio_1363\\5.jpeg', 'imagenes_tecnocasa\\anuncio_1363\\6.jpeg', 'imagenes_tecnocasa\\anuncio_1363\\7.jpeg', 'imagenes_tecnocasa\\anuncio_1363\\8.jpeg', 'imagenes_tecnocasa\\anuncio_1363\\9.jpeg', 'imagenes_tecnocasa\\anuncio_1363\\10.jpeg', 'imagenes_tecnocasa\\anuncio_1363\\11.jpeg', 'imagenes_tecnocasa\\anuncio_1363\\12.jpeg', 'imagenes_tecnocasa\\anuncio_1363\\13.jpeg', 'imagenes_tecnocasa\\anuncio_1363\\14.jpeg', 'imagenes_tecnocasa\\anuncio_1363\\15.jpeg', 'imagenes_tecnocasa\\anuncio_1363\\16.jpeg', 'imagenes_tecnocasa\\anuncio_1363\\17.jpeg', 'imagenes_tecnocasa\\anuncio_1363\\18.jpeg', 'imagenes_tecnocasa\\anuncio_1363\\19.jpeg', 'imagenes_tecnocasa\\anuncio_1363\\20.jpeg', 'imagenes_tecnocasa\\anuncio_1363\\21.jpeg', 'imagenes_tecnocasa\\anuncio_1363\\22.jpeg', 'imagenes_tecnocasa\\anuncio_1363\\23.jpeg']",0,Media,1960,1,0,0,piso,2,Alcalá de Henares,"Estación, Alcalá De Henares",40.481954,-3.363981,1363,2722.222222222222,148.0,100.0,0.9,1.0,0.0,1.0,cerámica,pintura,corredera,estándar (2.4-2.8m),nada,3.0,2.8,convencional,"['#D3D3D3', '#B0BEC5', '#90A4AE']",regular,False,convencional,limitado,ninguno,ninguno,estándar,básica,ninguno,6.2,6.4,ninguna,5
https://www.tecnocasa.es/venta/piso/madrid/fuenlabrada/613438.html,219900.0,3,94.0,2,"¡¡¡¡RESERVADO!!!!
Agencia inmobiliaria Tecnocasa, vende vivienda en URB. PARQUE GRANADA reformada para entrar a vivir. Entreplanta compuesto de 3 dormitorios, salón, cocina y baño y terraza.. Incluye acceso a Polideportivo y Piscina, zonas verdes, club social y zona infantil. Situado en una zona tranquila y residencial, muy cerca del Hospital y Metrosur de Parque Europa, así como de farmacias, colegios y todo tipo de servicios.
FINANCIACIÓN HASTA 100%, según condiciones. ¡Visítelo sin compromiso, nuestro departamento financiero Kíron le consigue la mejor hipoteca!

Agencia Inmobiliaria Tecnocasa lleva más de 23 años trabajando solamente en las zonas de Arco Iris, Parque Europa y Parque Granada.
Si estas pensando en cambiar su casa o quiere saber el precio de venta de su vivienda, hacemos VALORACIONES TOTALMENTE GRATUITAS SIN COMPROMISO. Llámanos o visítenos en Avda de Europa nº 10 en Fuenlabrada. No dude en consultarnos!",1,1,1,1,1,1,1,1,1,1,"['https://cdn-media.medialabtc.it/es/agencies/mdbf7/estates/613438/images/8804348/gallery_media.jpeg', 'https://cdn-media.medialabtc.it/es/agencies/mdbf7/estates/613438/images/8804463/gallery_media.jpeg', 'https://cdn-media.medialabtc.it/es/agencies/mdbf7/estates/613438/images/8803305/gallery_media.jpeg', 'https://cdn-media.medialabtc.it/es/agencies/mdbf7/estates/613438/images/8803301/gallery_media.jpeg', 'https://cdn-media.medialabtc.it/es/agencies/mdbf7/estates/613438/images/8804346/gallery_media.jpeg', 'https://cdn-media.medialabtc.it/es/agencies/mdbf7/estates/613438/images/8803312/gallery_media.jpeg', 'https://cdn-media.medialabtc.it/es/agencies/mdbf7/estates/613438/images/8804342/gallery_media.jpeg', 'https://cdn-media.medialabtc.it/es/agencies/mdbf7/estates/613438/images/8804344/gallery_media.jpeg', 'https://cdn-media.medialabtc.it/es/agencies/mdbf7/estates/613438/images/8803299/gallery_media.jpeg', 'https://cdn-media.medialabtc.it/es/agencies/mdbf7/estates/613438/images/8803310/gallery_media.jpeg', 'https://cdn-media.medialabtc.it/es/agencies/mdbf7/estates/613438/images/8804341/gallery_media.jpeg', 'https://cdn-media.medialabtc.it/es/agencies/mdbf7/estates/613438/images/8804339/gallery_media.jpeg', 'https://cdn-media.medialabtc.it/es/agencies/mdbf7/estates/613438/images/8804347/gallery_media.jpeg', 'https://cdn-media.medialabtc.it/es/agencies/mdbf7/estates/613438/images/8804468/gallery_media.jpeg', 'https://cdn-media.medialabtc.it/es/agencies/mdbf7/estates/613438/images/8803290/gallery_media.jpeg', 'https://cdn-media.medialabtc.it/es/agencies/mdbf7/estates/613438/images/8804340/gallery_media.jpeg', 'https://cdn-media.medialabtc.it/es/agencies/mdbf7/estates/613438/images/8804464/gallery_media.jpeg', 'https://cdn-media.medialabtc.it/es/agencies/mdbf7/estates/613438/images/8804343/gallery_media.jpeg', 'https://cdn-media.medialabtc.it/es/agencies/mdbf7/estates/613438/images/8804338/gallery_media.jpeg', 'https://cdn-media.medialabtc.it/es/agencies/mdbf7/estates/613438/images/8803316/gallery_media.jpeg', 'https://cdn-media.medialabtc.it/es/agencies/mdbf7/estates/613438/images/8804337/gallery_media.jpeg', 'https://cdn-media.medialabtc.it/es/agencies/mdbf7/estates/613438/images/8804465/gallery_media.jpeg', 'https://cdn-media.medialabtc.it/es/agencies/mdbf7/estates/613438/images/8804466/gallery_media.jpeg', 'https://cdn-media.medialabtc.it/es/agencies/mdbf7/estates/613438/images/8804467/gallery_media.jpeg', 'https://cdn-media.medialabtc.it/es/agencies/mdbf7/estates/613438/images/8803302/gallery_media.jpeg']",0,Desconocido,0,0,1,1,0,Desconocida,0,1,"['imagenes_tecnocasa\\anuncio_1365\\0.jpeg', 'imagenes_tecnocasa\\anuncio_1365\\1.jpeg', 'imagenes_tecnocasa\\anuncio_1365\\2.jpeg', 'imagenes_tecnocasa\\anuncio_1365\\3.jpeg', 'imagenes_tecnocasa\\anuncio_1365\\4.jpeg', 'imagenes_tecnocasa\\anuncio_1365\\5.jpeg', 'imagenes_tecnocasa\\anuncio_1365\\6.jpeg', 'imagenes_tecnocasa\\anuncio_1365\\7.jpeg', 'imagenes_tecnocasa\\anuncio_1365\\8.jpeg', 'imagenes_tecnocasa\\anuncio_1365\\9.jpeg', 'imagenes_tecnocasa\\anuncio_1365\\10.jpeg', 'imagenes_tecnocasa\\anuncio_1365\\11.jpeg', 'imagenes_tecnocasa\\anuncio_1365\\12.jpeg', 'imagenes_tecnocasa\\anuncio_1365\\13.jpeg', 'imagenes_tecnocasa\\anuncio_1365\\14.jpeg', 'imagenes_tecnocasa\\anuncio_1365\\15.jpeg', 'imagenes_tecnocasa\\anuncio_1365\\16.jpeg', 'imagenes_tecnocasa\\anuncio_1365\\17.jpeg', 'imagenes_tecnocasa\\anuncio_1365\\18.jpeg', 'imagenes_tecnocasa\\anuncio_1365\\19.jpeg', 'imagenes_tecnocasa\\anuncio_1365\\20.jpeg', 'imagenes_tecnocasa\\anuncio_1365\\21.jpeg', 'imagenes_tecnocasa\\anuncio_1365\\22.jpeg', 'imagenes_tecnocasa\\anuncio_1365\\23.jpeg', 'imagenes_tecnocasa\\anuncio_1365\\24.jpeg']",0,Media,1978,0,0,0,piso,1,Fuenlabrada,Fuenlabrada,40.282476,-3.7923422,1365,2339.3617021276596,141.0,111.0,0.05208333333333333,0.06666666666666667,0.0,0.0,otro,pintura,otro,estándar (2.4-2.8m),nada,3.0,4.4,otro,"['#D2B48C', '#A0522D', '#808080']",buena,False,convencional,normal,ninguno,ninguno,estándar,básica,ninguno,6.4,6.4,ninguna,5
https://www.tecnocasa.es/venta/casa/madrid/fuenlabrada/610174.html,519990.0,4,250.0,3,"EN VENTA en EXCLUSIVA: Gran chalet adosado de tres plantas con 250m² en buen estado de conservación.

Consta de 3 plantas, distribuidas en: 4 habitaciones, 3 baños completos, salón con acceso al jardín y aire acondicionado frío/calor en todas las estancias, cocina, garaje y patio de 70m2

Planta baja: Encontramos el salón comedor con aire acondicionado, la cocina totalmente equipada, un baño completo, garaje y patio.

Primera planta: Donde se sitúan las 4 habitaciones con armarios empotrados y aires acondicionados, (la principal con baño en suite) y 1 baño independiente. Una de las habitaciones cuenta con balcon y otra con una terraza de 10m2

Buhardilla: de 45 m2 totalmente diáfana.
Se ubica además en una zona con multitud de servicios alrededor (Aparcamiento público, supermercados, farmacias, restaurantes, centro médico, colegios, parque). Metro y tren a escasos 500 metros.
No dude en llamarnos para concertar su cita para visitar el inmueble en la que además recibirá el asesoramiento gratuito de nuestro departamento financiero KÌRON. HIPOTECAS HASTA 100%¡NO DEJES PASAR ESTA OPORTUNIDAD!",1,1,1,1,1,1,0,1,1,1,"['https://cdn-media.medialabtc.it/es/agencies/md613/estates/610174/images/8736665/gallery_media.jpeg', 'https://cdn-media.medialabtc.it/es/agencies/md613/estates/610174/images/8736609/gallery_media.jpeg', 'https://cdn-media.medialabtc.it/es/agencies/md613/estates/610174/images/8736654/gallery_media.jpeg', 'https://cdn-media.medialabtc.it/es/agencies/md613/estates/610174/images/8736648/gallery_media.jpeg', 'https://cdn-media.medialabtc.it/es/agencies/md613/estates/610174/images/8736655/gallery_media.jpeg', 'https://cdn-media.medialabtc.it/es/agencies/md613/estates/610174/images/8736664/gallery_media.jpeg', 'https://cdn-media.medialabtc.it/es/agencies/md613/estates/610174/images/8736652/gallery_media.jpeg', 'https://cdn-media.medialabtc.it/es/agencies/md613/estates/610174/images/8736610/gallery_media.jpeg', 'https://cdn-media.medialabtc.it/es/agencies/md613/estates/610174/images/8736662/gallery_media.jpeg', 'https://cdn-media.medialabtc.it/es/agencies/md613/estates/610174/images/8736656/gallery_media.jpeg', 'https://cdn-media.medialabtc.it/es/agencies/md613/estates/610174/images/8736608/gallery_media.jpeg', 'https://cdn-media.medialabtc.it/es/agencies/md613/estates/610174/images/8736647/gallery_media.jpeg', 'https://cdn-media.medialabtc.it/es/agencies/md613/estates/610174/images/8736650/gallery_media.jpeg', 'https://cdn-media.medialabtc.it/es/agencies/md613/estates/610174/images/8736660/gallery_media.jpeg', 'https://cdn-media.medialabtc.it/es/agencies/md613/estates/610174/images/8736611/gallery_media.jpeg', 'https://cdn-media.medialabtc.it/es/agencies/md613/estates/610174/images/8736651/gallery_media.jpeg', 'https://cdn-media.medialabtc.it/es/agencies/md613/estates/610174/images/8736653/gallery_media.jpeg', 'https://cdn-media.medialabtc.it/es/agencies/md613/estates/610174/images/8736661/gallery_media.jpeg', 'https://cdn-media.medialabtc.it/es/agencies/md613/estates/610174/images/8727574/gallery_media.jpeg', 'https://cdn-media.medialabtc.it/es/agencies/md613/estates/610174/images/8727465/gallery_media.jpeg', 'https://cdn-media.medialabtc.it/es/agencies/md613/estates/610174/images/8736657/gallery_media.jpeg', 'https://cdn-media.medialabtc.it/es/agencies/md613/estates/610174/images/8736663/gallery_media.jpeg', 'https://cdn-media.medialabtc.it/es/agencies/md613/estates/610174/images/8736658/gallery_media.jpeg', 'https://cdn-media.medialabtc.it/es/agencies/md613/estates/610174/images/8727572/gallery_media.jpeg', 'https://cdn-media.medialabtc.it/es/agencies/md613/estates/610174/images/8727573/gallery_media.jpeg', 'https://cdn-media.medialabtc.it/es/agencies/md613/estates/610174/images/8736659/gallery_media.jpeg', 'https://cdn-media.medialabtc.it/es/agencies/md613/estates/610174/images/8736649/gallery_media.jpeg']",0,Buen estado,1,0,0,1,0,Desconocida,0,0,"['imagenes_tecnocasa\\anuncio_1368\\0.jpeg', 'imagenes_tecnocasa\\anuncio_1368\\1.jpeg', 'imagenes_tecnocasa\\anuncio_1368\\2.jpeg', 'imagenes_tecnocasa\\anuncio_1368\\3.jpeg', 'imagenes_tecnocasa\\anuncio_1368\\4.jpeg', 'imagenes_tecnocasa\\anuncio_1368\\5.jpeg', 'imagenes_tecnocasa\\anuncio_1368\\6.jpeg', 'imagenes_tecnocasa\\anuncio_1368\\7.jpeg', 'imagenes_tecnocasa\\anuncio_1368\\8.jpeg', 'imagenes_tecnocasa\\anuncio_1368\\9.jpeg', 'imagenes_tecnocasa\\anuncio_1368\\10.jpeg', 'imagenes_tecnocasa\\anuncio_1368\\11.jpeg', 'imagenes_tecnocasa\\anuncio_1368\\12.jpeg', 'imagenes_tecnocasa\\anuncio_1368\\13.jpeg', 'imagenes_tecnocasa\\anuncio_1368\\14.jpeg', 'imagenes_tecnocasa\\anuncio_1368\\15.jpeg', 'imagenes_tecnocasa\\anuncio_1368\\16.jpeg', 'imagenes_tecnocasa\\anuncio_1368\\17.jpeg', 'imagenes_tecnocasa\\anuncio_1368\\18.jpeg', 'imagenes_tecnocasa\\anuncio_1368\\19.jpeg', 'imagenes_tecnocasa\\anuncio_1368\\20.jpeg', 'imagenes_tecnocasa\\anuncio_1368\\21.jpeg', 'imagenes_tecnocasa\\anuncio_1368\\22.jpeg', 'imagenes_tecnocasa\\anuncio_1368\\23.jpeg', 'imagenes_tecnocasa\\anuncio_1368\\24.jpeg', 'imagenes_tecnocasa\\anuncio_1368\\25.jpeg', 'imagenes_tecnocasa\\anuncio_1368\\26.jpeg']",1,Señorial,2004,1,0,0,casa,1,Fuenlabrada,Fuenlabrada,40.282476,-3.7923422,1368,2079.96,169.0,125.0,0.0,0.0,0.0,0.0,cerámica,pintura,corredera,estándar (2.4-2.8m),nada,3.8,4.4,convencional,"['#D2B48C', '#A0522D', '#FFFFFF']",regular,False,convencional,limitado,ninguno,ninguno,estándar,básica,ninguno,6.4,6.0,ninguna,5
https://www.tecnocasa.es/venta/casa/madrid/villaviciosa-de-odon/611551.html,645000.0,4,215.0,4,"TECNOCASA VILLAVICIOSA DE ODON Vende 'Exclusivo chalet pareado de esquina en la mejor urbanización de El Bosque.
Chalet Pareado en la Urbanización La Cumbre del Bosque, en Villaviciosa de Odón, cercano a múltiples servicios, supermercados, zonas de ocio, colegios, zonas infantiles y centros comerciales.
La planta de calle cuenta con un hall de entrada que se distribuye en, aseo de cortesía, cocina amplia muy luminosa, gran salón-comedor con chimenea y acceso al jardín.
En la primera planta encontramos un distribuidor que da acceso a tres habitaciones, una de ellas con zona de vestidor y baño en suite, las otras dos habitaciones con armarios empotrados y un cuarto de baño completo con ducha de obra que da servicio a las dos habitaciones restantes.
La buhardilla, consta de un amplio dormitorio muy luminoso, baño completo con ducha de obra y un amplio gimnasio.
Jardín privado con máxima privacidad y luminosidad, además de acceso a zonas comunes exclusivas con piscina y áreas verdes. Ideal para quienes buscan confort y tranquilidad en un entorno privilegiado.
En la planta baja -1 encontramos garaje para dos coches con pequeña zona de trastero.
La vivienda cuenta con 5KW de placas solares.
El chalet se encuentra en unas de las mejores zonas de Villaviciosa de Odón en la exclusiva urbanización el Bosque.
RAIN de la Comunidad de Madrid. N° 000134/18
¿CANSADO DE PAGAR ALQUILER?
ASESORAMIENTO HIPOTECARIO GRATUITO 100% FINANCIACIÓN!
GESTIONAMOS CAMBIOS DE VIVIENDA.",0,1,1,0,0,0,0,0,0,1,"['https://cdn-media.medialabtc.it/es/agencies/mdbzb/estates/611551/images/8769248/gallery_media.jpeg', 'https://cdn-media.medialabtc.it/es/agencies/mdbzb/estates/611551/images/8766019/gallery_media.jpeg', 'https://cdn-media.medialabtc.it/es/agencies/mdbzb/estates/611551/images/8765996/gallery_media.jpeg', 'https://cdn-media.medialabtc.it/es/agencies/mdbzb/estates/611551/images/8769241/gallery_media.jpeg', 'https://cdn-media.medialabtc.it/es/agencies/mdbzb/estates/611551/images/8769247/gallery_media.jpeg', 'https://cdn-media.medialabtc.it/es/agencies/mdbzb/estates/611551/images/8769249/gallery_media.jpeg', 'https://cdn-media.medialabtc.it/es/agencies/mdbzb/estates/611551/images/8769246/gallery_media.jpeg', 'https://cdn-media.medialabtc.it/es/agencies/mdbzb/estates/611551/images/8769237/gallery_media.jpeg', 'https://cdn-media.medialabtc.it/es/agencies/mdbzb/estates/611551/images/8769242/gallery_media.jpeg', 'https://cdn-media.medialabtc.it/es/agencies/mdbzb/estates/611551/images/8769251/gallery_media.jpeg', 'https://cdn-media.medialabtc.it/es/agencies/mdbzb/estates/611551/images/8769235/gallery_media.jpeg', 'https://cdn-media.medialabtc.it/es/agencies/mdbzb/estates/611551/images/8769250/gallery_media.jpeg', 'https://cdn-media.medialabtc.it/es/agencies/mdbzb/estates/611551/images/8766025/gallery_media.jpeg', 'https://cdn-media.medialabtc.it/es/agencies/mdbzb/estates/611551/images/8769236/gallery_media.jpeg', 'https://cdn-media.medialabtc.it/es/agencies/mdbzb/estates/611551/images/8769233/gallery_media.jpeg', 'https://cdn-media.medialabtc.it/es/agencies/mdbzb/estates/611551/images/8766022/gallery_media.jpeg', 'https://cdn-media.medialabtc.it/es/agencies/mdbzb/estates/611551/images/8769238/gallery_media.jpeg', 'https://cdn-media.medialabtc.it/es/agencies/mdbzb/estates/611551/images/8769244/gallery_media.jpeg', 'https://cdn-media.medialabtc.it/es/agencies/mdbzb/estates/611551/images/8769245/gallery_media.jpeg', 'https://cdn-media.medialabtc.it/es/agencies/mdbzb/estates/611551/images/8769239/gallery_media.jpeg', 'https://cdn-media.medialabtc.it/es/agencies/mdbzb/estates/611551/images/8769243/gallery_media.jpeg', 'https://cdn-media.medialabtc.it/es/agencies/mdbzb/estates/611551/images/8766026/gallery_media.jpeg', 'https://cdn-media.medialabtc.it/es/agencies/mdbzb/estates/611551/images/8769240/gallery_media.jpeg', 'https://cdn-media.medialabtc.it/es/agencies/mdbzb/estates/611551/images/8769234/gallery_media.jpeg', 'https://cdn-media.medialabtc.it/es/agencies/mdbzb/estates/611551/images/8766020/gallery_media.jpeg']",0,Desconocido,1,1,1,0,0,C,0,0,"['imagenes_tecnocasa\\anuncio_1369\\0.jpeg', 'imagenes_tecnocasa\\anuncio_1369\\1.jpeg', 'imagenes_tecnocasa\\anuncio_1369\\2.jpeg', 'imagenes_tecnocasa\\anuncio_1369\\3.jpeg', 'imagenes_tecnocasa\\anuncio_1369\\4.jpeg', 'imagenes_tecnocasa\\anuncio_1369\\5.jpeg', 'imagenes_tecnocasa\\anuncio_1369\\6.jpeg', 'imagenes_tecnocasa\\anuncio_1369\\7.jpeg', 'imagenes_tecnocasa\\anuncio_1369\\8.jpeg', 'imagenes_tecnocasa\\anuncio_1369\\9.jpeg', 'imagenes_tecnocasa\\anuncio_1369\\10.jpeg', 'imagenes_tecnocasa\\anuncio_1369\\11.jpeg', 'imagenes_tecnocasa\\anuncio_1369\\12.jpeg', 'imagenes_tecnocasa\\anuncio_1369\\13.jpeg', 'imagenes_tecnocasa\\anuncio_1369\\14.jpeg', 'imagenes_tecnocasa\\anuncio_1369\\15.jpeg', 'imagenes_tecnocasa\\anuncio_1369\\16.jpeg', 'imagenes_tecnocasa\\anuncio_1369\\17.jpeg', 'imagenes_tecnocasa\\anuncio_1369\\18.jpeg', 'imagenes_tecnocasa\\anuncio_1369\\19.jpeg', 'imagenes_tecnocasa\\anuncio_1369\\20.jpeg', 'imagenes_tecnocasa\\anuncio_1369\\21.jpeg', 'imagenes_tecnocasa\\anuncio_1369\\22.jpeg', 'imagenes_tecnocasa\\anuncio_1369\\23.jpeg', 'imagenes_tecnocasa\\anuncio_1369\\24.jpeg']",1,Popular,1997,1,0,0,casa,2,Villaviciosa de Odón,Villaviciosa De Odón,40.3573787,-3.9002334,1369,3000.0,235.0,142.0,1.0,1.0,3.0,1.0,otro,pintura,ninguna,estándar (2.4-2.8m),nada,5.6,5.0,clásico,"['#F2F2F2', '#D3D3D3', '#BDBDBD']",buena,True,convencional,limitado,ninguno,ninguno,estándar,parcialmente equipada,ninguno,7.8,6.8,ninguna,5
