Enlace,Precio,Dormitorios,Superficie,Num_baños,Descripción,Metro,Renfe,Bus,Farmacia,Bar,Restaurante,Hospital,Supermercado,Tienda,Colegio,Imagenes,Vistas,Estado_conservacion,Garaje,Trastero,Piscina,Terraza_balcon,Seguridad_portero,Etiqueta,Amueblado,Calle_tranquila,Imagenes_locales,Aire acondicionado,Tipo_de_inmueble,Año_de_construccion,Calefaccion,Jardin,Ascensor,Tipo_vivienda,Planta_ordinal,distrito/ciudad,Localización_normalizada,Latitud,Longitud,announcement_id,Precio_m2,Longitud_desc,Riqueza_desc,Polaridad_desc,Subjetividad_desc,Adjetivos_positivos,Urgencia_desc,tipo_suelo,material_pared,tipo_ventana,altura_techo,elementos_estructurales_visibles,nivel_lujo,nivel_modernidad,estilo_principal,paleta_colores,calidad_iluminacion,espacio_abierto,distribucion_espacios,espacios_almacenaje,zonas_exteriores,tecnologia_visible,calidad_bano,equipamiento_cocina,defectos_visibles,nivel_foto_profesional,equilibrio_composicion,distorsion_perspectiva,num_imagenes
https://www.tecnocasa.es/venta/piso/madrid/alcala-de-henares/620911.html,368000.0,4,131.0,2,"AGENCIA INMOBILIARIA DE ALCALÁ DE HENARES BARRIO JUAN DE AUSTRIA - EL VAL OFRECE EN VENTA EXCELENTE PISO DE 4 DORMITORIOS Y 2 BAÑOS:
Tecnocasa VENDE Piso en una urbanización inmejorable, en zona cercana al centro y segura, un excelente piso de 4 dormitorios y 2 baños, orientado a zona tranquila y luminosa, con una amplísima entrada y en una Ubicación inmejorable.
El Piso Cuenta con una superficie aproximada de 131 m2, distribuidos en: Gran Hall de entrada, Cocina Amueblada con acceso a tendedero anexo, Salón-comedor con ventanas climalit, 4 amplios dormitorios los cuales actualmente cuentan con armarios empotrados revestidos. También contamos 2 Cuartos de Baños, 1 de ellos con ducha y el baño en suite con bañera de muy buena calidad. También contamos con aires acondicionados distribuidos en la casa. La vivienda cuenta con parquet de muy buena calidad.
Ventanas climalit abatibles y Calefacción individual.
La Zona es céntrica e inmejorable y está dotada de todos los servicios a su alcance, Centro de Salud Juan de Austria, Galería Comercial 'Juan De Austria', Bancos, Supermercados, Renfe a 10-15 min andando y Autobús en la puerta. También contamos con farmacias, colegios, institutos y el Centro Histórico situado a menos de 10 min. andando.
En el barrio también contamos con parques, la rivera del río Henares y la Ciudad Deportiva 'El Val' que incluye todos los polideportivos municipales, piscina municipal cubierta, piscina municipal de verano y el campo de fútbol de la R. S. D. Alcalá a 10-15 min andando.
Visítelo sin compromiso.",0,1,1,1,1,1,1,1,1,1,"['https://cdn-media.medialabtc.it/es/agencies/md600/estates/620911/images/8980434/gallery_media.jpeg', 'https://cdn-media.medialabtc.it/es/agencies/md600/estates/620911/images/8980432/gallery_media.jpeg', 'https://cdn-media.medialabtc.it/es/agencies/md600/estates/620911/images/8980437/gallery_media.jpeg', 'https://cdn-media.medialabtc.it/es/agencies/md600/estates/620911/images/8980436/gallery_media.jpeg', 'https://cdn-media.medialabtc.it/es/agencies/md600/estates/620911/images/8980425/gallery_media.jpeg', 'https://cdn-media.medialabtc.it/es/agencies/md600/estates/620911/images/8980433/gallery_media.jpeg', 'https://cdn-media.medialabtc.it/es/agencies/md600/estates/620911/images/8980423/gallery_media.jpeg', 'https://cdn-media.medialabtc.it/es/agencies/md600/estates/620911/images/8980435/gallery_media.jpeg', 'https://cdn-media.medialabtc.it/es/agencies/md600/estates/620911/images/8980430/gallery_media.jpeg', 'https://cdn-media.medialabtc.it/es/agencies/md600/estates/620911/images/8980426/gallery_media.jpeg', 'https://cdn-media.medialabtc.it/es/agencies/md600/estates/620911/images/8980428/gallery_media.jpeg', 'https://cdn-media.medialabtc.it/es/agencies/md600/estates/620911/images/8980431/gallery_media.jpeg', 'https://cdn-media.medialabtc.it/es/agencies/md600/estates/620911/images/8980380/gallery_media.jpeg', 'https://cdn-media.medialabtc.it/es/agencies/md600/estates/620911/images/8980381/gallery_media.jpeg', 'https://cdn-media.medialabtc.it/es/agencies/md600/estates/620911/images/8980422/gallery_media.jpeg', 'https://cdn-media.medialabtc.it/es/agencies/md600/estates/620911/images/8980427/gallery_media.jpeg', 'https://cdn-media.medialabtc.it/es/agencies/md600/estates/620911/images/8980379/gallery_media.jpeg', 'https://cdn-media.medialabtc.it/es/agencies/md600/estates/620911/images/8980424/gallery_media.jpeg', 'https://cdn-media.medialabtc.it/es/agencies/md600/estates/620911/images/8980429/gallery_media.jpeg']",0,Desconocido,0,0,1,0,0,Desconocida,0,1,"['imagenes_tecnocasa\\anuncio_0\\0.jpeg', 'imagenes_tecnocasa\\anuncio_0\\1.jpeg', 'imagenes_tecnocasa\\anuncio_0\\2.jpeg', 'imagenes_tecnocasa\\anuncio_0\\3.jpeg', 'imagenes_tecnocasa\\anuncio_0\\4.jpeg', 'imagenes_tecnocasa\\anuncio_0\\5.jpeg', 'imagenes_tecnocasa\\anuncio_0\\6.jpeg', 'imagenes_tecnocasa\\anuncio_0\\7.jpeg', 'imagenes_tecnocasa\\anuncio_0\\8.jpeg', 'imagenes_tecnocasa\\anuncio_0\\9.jpeg', 'imagenes_tecnocasa\\anuncio_0\\10.jpeg', 'imagenes_tecnocasa\\anuncio_0\\11.jpeg', 'imagenes_tecnocasa\\anuncio_0\\12.jpeg', 'imagenes_tecnocasa\\anuncio_0\\13.jpeg', 'imagenes_tecnocasa\\anuncio_0\\14.jpeg', 'imagenes_tecnocasa\\anuncio_0\\15.jpeg', 'imagenes_tecnocasa\\anuncio_0\\16.jpeg', 'imagenes_tecnocasa\\anuncio_0\\17.jpeg', 'imagenes_tecnocasa\\anuncio_0\\18.jpeg']",1,Popular,1991,0,0,0,piso,3,Alcalá de Henares,"Pryconsa - Juan De Austria - El Val, El Val, Alcalá De Henares",40.481954,-3.363981,0,2809.1603053435115,251.0,169.0,0.0,0.4,1.0,0.0,parquet,pintura,corredera,estándar (2.4-2.8m),nada,3.6,3.8,convencional,"['#D2B48C', '#FFFFFF', '#008080']",buena,False,convencional,normal,ninguno,ninguno,estándar,básica,ninguno,7.6,6.6,ninguna,5
https://www.tecnocasa.es/venta/casa/madrid/san-martin-de-la-vega/567956.html,331000.0,3,139.0,2,"TECNOCASA SAN MARTIN DE LA VEGA- Vende vivienda independiente en una sola planta, en una zona muy tranquila, cercano a colegios, bares, restaurantes, transportes etc.
La vivienda es de una sola planta con una superficie gráfica de 562m2 , la cual dispone de tres amplios dormitorios, uno de ellos, el principal con armario empotrado y baño en suite. Ambos baños, con plato de ducha, cocina, y dos salones diferenciados.
Dispone de un pequeño cenador para el verano, piscina de obra, la cual necesita mantenimiento, y una parcela amplia con un patio de alrededor de 400m2, destinándose para la vivienda unos 140 de vivienda, y para la otra edificación unos 36m2 aproxidamente. ( MEDIDAS NO EXACTAS )
Dispone de muchisimas posibilidades la vivienda, teniendo solo un vecino colindante.
Garaje para dos vehículos grandes.
NO DUDE EN VISITARLA
PARA LA REALIZACIÓN DE VISITAS ES IMPRESCINDIBLE EL ESTUDIO DE VIABILIDAD POR PARTE DE KIRON, PARA EN CASO DE COMPRA GARANTIZAR LA OPERACIÓN.",0,0,1,1,0,0,0,0,0,1,"['https://cdn-media.medialabtc.it/es/agencies/md559/estates/567956/images/9010665/gallery_media.jpeg', 'https://cdn-media.medialabtc.it/es/agencies/md559/estates/567956/images/9010687/gallery_media.jpeg', 'https://cdn-media.medialabtc.it/es/agencies/md559/estates/567956/images/9010685/gallery_media.jpeg', 'https://cdn-media.medialabtc.it/es/agencies/md559/estates/567956/images/9010664/gallery_media.jpeg', 'https://cdn-media.medialabtc.it/es/agencies/md559/estates/567956/images/9010671/gallery_media.jpeg', 'https://cdn-media.medialabtc.it/es/agencies/md559/estates/567956/images/9010669/gallery_media.jpeg', 'https://cdn-media.medialabtc.it/es/agencies/md559/estates/567956/images/9010679/gallery_media.jpeg', 'https://cdn-media.medialabtc.it/es/agencies/md559/estates/567956/images/9010683/gallery_media.jpeg', 'https://cdn-media.medialabtc.it/es/agencies/md559/estates/567956/images/9010678/gallery_media.jpeg', 'https://cdn-media.medialabtc.it/es/agencies/md559/estates/567956/images/9010677/gallery_media.jpeg', 'https://cdn-media.medialabtc.it/es/agencies/md559/estates/567956/images/9010681/gallery_media.jpeg', 'https://cdn-media.medialabtc.it/es/agencies/md559/estates/567956/images/9010674/gallery_media.jpeg', 'https://cdn-media.medialabtc.it/es/agencies/md559/estates/567956/images/9010670/gallery_media.jpeg', 'https://cdn-media.medialabtc.it/es/agencies/md559/estates/567956/images/9010666/gallery_media.jpeg', 'https://cdn-media.medialabtc.it/es/agencies/md559/estates/567956/images/9010668/gallery_media.jpeg', 'https://cdn-media.medialabtc.it/es/agencies/md559/estates/567956/images/9010680/gallery_media.jpeg', 'https://cdn-media.medialabtc.it/es/agencies/md559/estates/567956/images/9010663/gallery_media.jpeg', 'https://cdn-media.medialabtc.it/es/agencies/md559/estates/567956/images/9010675/gallery_media.jpeg', 'https://cdn-media.medialabtc.it/es/agencies/md559/estates/567956/images/9010672/gallery_media.jpeg', 'https://cdn-media.medialabtc.it/es/agencies/md559/estates/567956/images/9010667/gallery_media.jpeg', 'https://cdn-media.medialabtc.it/es/agencies/md559/estates/567956/images/9010682/gallery_media.jpeg', 'https://cdn-media.medialabtc.it/es/agencies/md559/estates/567956/images/9010686/gallery_media.jpeg', 'https://cdn-media.medialabtc.it/es/agencies/md559/estates/567956/images/9010684/gallery_media.jpeg', 'https://cdn-media.medialabtc.it/es/agencies/md559/estates/567956/images/9010676/gallery_media.jpeg', 'https://cdn-media.medialabtc.it/es/agencies/md559/estates/567956/images/9010673/gallery_media.jpeg', 'https://cdn-media.medialabtc.it/es/agencies/md559/estates/567956/images/9010662/gallery_media.jpeg']",0,Desconocido,1,0,1,0,0,F,0,0,"['imagenes_tecnocasa\\anuncio_1\\0.jpeg', 'imagenes_tecnocasa\\anuncio_1\\1.jpeg', 'imagenes_tecnocasa\\anuncio_1\\2.jpeg', 'imagenes_tecnocasa\\anuncio_1\\3.jpeg', 'imagenes_tecnocasa\\anuncio_1\\4.jpeg', 'imagenes_tecnocasa\\anuncio_1\\5.jpeg', 'imagenes_tecnocasa\\anuncio_1\\6.jpeg', 'imagenes_tecnocasa\\anuncio_1\\7.jpeg', 'imagenes_tecnocasa\\anuncio_1\\8.jpeg', 'imagenes_tecnocasa\\anuncio_1\\9.jpeg', 'imagenes_tecnocasa\\anuncio_1\\10.jpeg', 'imagenes_tecnocasa\\anuncio_1\\11.jpeg', 'imagenes_tecnocasa\\anuncio_1\\12.jpeg', 'imagenes_tecnocasa\\anuncio_1\\13.jpeg', 'imagenes_tecnocasa\\anuncio_1\\14.jpeg', 'imagenes_tecnocasa\\anuncio_1\\15.jpeg', 'imagenes_tecnocasa\\anuncio_1\\16.jpeg', 'imagenes_tecnocasa\\anuncio_1\\17.jpeg', 'imagenes_tecnocasa\\anuncio_1\\18.jpeg', 'imagenes_tecnocasa\\anuncio_1\\19.jpeg', 'imagenes_tecnocasa\\anuncio_1\\20.jpeg', 'imagenes_tecnocasa\\anuncio_1\\21.jpeg', 'imagenes_tecnocasa\\anuncio_1\\22.jpeg', 'imagenes_tecnocasa\\anuncio_1\\23.jpeg', 'imagenes_tecnocasa\\anuncio_1\\24.jpeg', 'imagenes_tecnocasa\\anuncio_1\\25.jpeg']",0,Media,1977,1,1,0,casa,2,San Martín de la Vega,San Martín De La Vega,40.2110462,-3.5771806,1,2381.294964028777,159.0,110.0,0.0,0.0,1.0,0.0,cerámica,pintura,corredera,estándar (2.4-2.8m),nada,3.8,2.8,clásico,"['#A0522D', '#228B22', '#F5F5DC']",regular,False,convencional,limitado,ninguno,ninguno,estándar,básica,ninguno,6.4,5.6,ninguna,5
https://www.tecnocasa.es/venta/piso/madrid/arganda-del-rey/621907.html,304000.0,3,126.0,2,"Agencia inmobiliaria de ARGANDA DEL REY-zona LOS VILLARES-LA POVEDA. Oficina de TECNOCASA vende:
Espacioso piso de 3 dormitorios con terraza, 2 plazas de garaje y trastero en Los Villares
Te presentamos esta excelente vivienda situada en la tranquila y demandada zona de Los Villares, en Arganda del Rey. Un piso amplio, luminoso y listo para entrar a vivir, ideal para familias que buscan confort, amplitud y calidad de vida.
La vivienda cuenta con 3 dormitorios y 2 baños completos, uno de ellos en suite con plato de ducha. El salón-comedor independiente, amplio y muy luminoso, dispone de aire acondicionado y acceso directo a una agradable terraza con vistas despejadas, perfecta para disfrutar del aire libre.
La cocina se entrega completamente equipada y cuenta con una terraza tendedero que aporta funcionalidad y comodidad al día a día.
Se encuentra en perfecto estado, con calefacción individual por gas natural, buenos acabados y una distribución muy funcional.
Además, el precio incluye dos plazas de garaje y un trastero, un valor añadido muy demandado en la zona.
Ubicado en una finca cuidada, en un entorno residencial con todos los servicios a tu alcance: colegios, supermercados, parques y excelente conexión con Madrid.
Se encuentra en un barrio consolidado con todos los servicios necesarios para tu día a día
y no lo olvide, le podemos ayudar con nuestro departamento financiero kiron consiguiendo hasta el 100% de financiación.
INFORMESE DE LAS CONDICIONES EN NUESTRA OFICINA SITUADA EN AVENIDA DE LA TOLERANCIA 5 ARGANDA DEL REY (28500).",1,0,1,1,1,1,0,1,1,1,"['https://cdn-media.medialabtc.it/es/agencies/md623/estates/621907/images/9010456/gallery_media.jpeg', 'https://cdn-media.medialabtc.it/es/agencies/md623/estates/621907/images/9010454/gallery_media.jpeg', 'https://cdn-media.medialabtc.it/es/agencies/md623/estates/621907/images/9010427/gallery_media.jpeg', 'https://cdn-media.medialabtc.it/es/agencies/md623/estates/621907/images/9010436/gallery_media.jpeg', 'https://cdn-media.medialabtc.it/es/agencies/md623/estates/621907/images/9010453/gallery_media.jpeg', 'https://cdn-media.medialabtc.it/es/agencies/md623/estates/621907/images/9010435/gallery_media.jpeg', 'https://cdn-media.medialabtc.it/es/agencies/md623/estates/621907/images/9010440/gallery_media.jpeg', 'https://cdn-media.medialabtc.it/es/agencies/md623/estates/621907/images/9010442/gallery_media.jpeg', 'https://cdn-media.medialabtc.it/es/agencies/md623/estates/621907/images/9010441/gallery_media.jpeg', 'https://cdn-media.medialabtc.it/es/agencies/md623/estates/621907/images/9010439/gallery_media.jpeg', 'https://cdn-media.medialabtc.it/es/agencies/md623/estates/621907/images/9010449/gallery_media.jpeg', 'https://cdn-media.medialabtc.it/es/agencies/md623/estates/621907/images/9010450/gallery_media.jpeg', 'https://cdn-media.medialabtc.it/es/agencies/md623/estates/621907/images/9010433/gallery_media.jpeg', 'https://cdn-media.medialabtc.it/es/agencies/md623/estates/621907/images/9010451/gallery_media.jpeg', 'https://cdn-media.medialabtc.it/es/agencies/md623/estates/621907/images/9010446/gallery_media.jpeg', 'https://cdn-media.medialabtc.it/es/agencies/md623/estates/621907/images/9010429/gallery_media.jpeg', 'https://cdn-media.medialabtc.it/es/agencies/md623/estates/621907/images/9010434/gallery_media.jpeg', 'https://cdn-media.medialabtc.it/es/agencies/md623/estates/621907/images/9010431/gallery_media.jpeg', 'https://cdn-media.medialabtc.it/es/agencies/md623/estates/621907/images/9010452/gallery_media.jpeg', 'https://cdn-media.medialabtc.it/es/agencies/md623/estates/621907/images/9010448/gallery_media.jpeg', 'https://cdn-media.medialabtc.it/es/agencies/md623/estates/621907/images/9010444/gallery_media.jpeg', 'https://cdn-media.medialabtc.it/es/agencies/md623/estates/621907/images/9010455/gallery_media.jpeg', 'https://cdn-media.medialabtc.it/es/agencies/md623/estates/621907/images/9010445/gallery_media.jpeg', 'https://cdn-media.medialabtc.it/es/agencies/md623/estates/621907/images/9010438/gallery_media.jpeg', 'https://cdn-media.medialabtc.it/es/agencies/md623/estates/621907/images/9010430/gallery_media.jpeg', 'https://cdn-media.medialabtc.it/es/agencies/md623/estates/621907/images/9010428/gallery_media.jpeg', 'https://cdn-media.medialabtc.it/es/agencies/md623/estates/621907/images/9010447/gallery_media.jpeg', 'https://cdn-media.medialabtc.it/es/agencies/md623/estates/621907/images/9010437/gallery_media.jpeg', 'https://cdn-media.medialabtc.it/es/agencies/md623/estates/621907/images/9010432/gallery_media.jpeg', 'https://cdn-media.medialabtc.it/es/agencies/md623/estates/621907/images/9010443/gallery_media.jpeg']",1,Desconocido,1,1,0,1,0,Desconocida,0,0,"['imagenes_tecnocasa\\anuncio_3\\0.jpeg', 'imagenes_tecnocasa\\anuncio_3\\1.jpeg', 'imagenes_tecnocasa\\anuncio_3\\2.jpeg', 'imagenes_tecnocasa\\anuncio_3\\3.jpeg', 'imagenes_tecnocasa\\anuncio_3\\4.jpeg', 'imagenes_tecnocasa\\anuncio_3\\5.jpeg', 'imagenes_tecnocasa\\anuncio_3\\6.jpeg', 'imagenes_tecnocasa\\anuncio_3\\7.jpeg', 'imagenes_tecnocasa\\anuncio_3\\8.jpeg', 'imagenes_tecnocasa\\anuncio_3\\9.jpeg', 'imagenes_tecnocasa\\anuncio_3\\10.jpeg', 'imagenes_tecnocasa\\anuncio_3\\11.jpeg', 'imagenes_tecnocasa\\anuncio_3\\12.jpeg', 'imagenes_tecnocasa\\anuncio_3\\13.jpeg', 'imagenes_tecnocasa\\anuncio_3\\14.jpeg', 'imagenes_tecnocasa\\anuncio_3\\15.jpeg', 'imagenes_tecnocasa\\anuncio_3\\16.jpeg', 'imagenes_tecnocasa\\anuncio_3\\17.jpeg', 'imagenes_tecnocasa\\anuncio_3\\18.jpeg', 'imagenes_tecnocasa\\anuncio_3\\19.jpeg', 'imagenes_tecnocasa\\anuncio_3\\20.jpeg', 'imagenes_tecnocasa\\anuncio_3\\21.jpeg', 'imagenes_tecnocasa\\anuncio_3\\22.jpeg', 'imagenes_tecnocasa\\anuncio_3\\23.jpeg', 'imagenes_tecnocasa\\anuncio_3\\24.jpeg', 'imagenes_tecnocasa\\anuncio_3\\25.jpeg', 'imagenes_tecnocasa\\anuncio_3\\26.jpeg', 'imagenes_tecnocasa\\anuncio_3\\27.jpeg', 'imagenes_tecnocasa\\anuncio_3\\28.jpeg', 'imagenes_tecnocasa\\anuncio_3\\29.jpeg']",1,Popular,1991,1,0,1,piso,4,Arganda del Rey,Arganda Del Rey,40.3007708,-3.4380688,3,2412.6984126984125,249.0,166.0,0.3333333333333333,0.6,2.0,1.0,cerámica,pintura,corredera,estándar (2.4-2.8m),nada,3.2,4.0,convencional,"['#D2B48C', '#F2F2F2', '#A77A54']",regular,False,convencional,normal,ninguno,ninguno,estándar,básica,ninguno,6.4,6.0,ninguna,5
https://www.tecnocasa.es/venta/casa/madrid/arganda-del-rey/617973.html,450000.0,4,255.0,2,"Agencia inmobiliaria de ARGANDA DEL REY-zona LOS VILLARES-LA POVEDA. Oficina de TECNOCASA vende:
¡Oportunidad única! Chalet independiente en esquina en La Poveda
Te presentamos este magnífico chalet independiente situado en una de las zonas más tranquilas y demandadas de La Poveda. Ubicado en una parcela de 382 m², este inmueble en esquina ofrece privacidad, amplitud y múltiples posibilidades para disfrutar en familia.
Con una superficie construida de 220 m², la vivienda se distribuye en dos cómodas plantas más un amplio sótano de 80 m² y garaje privado.
En la planta baja encontrarás un luminoso y espacioso salón, cocina independiente con espacio para comedor diario y un aseo de cortesía.
En la primera planta se distribuyen cuatro dormitorios y un baño completo, ideales para una familia numerosa o para quienes necesiten espacio adicional para despacho o invitados.
La parcela rodea la vivienda, lo que permite disfrutar de zonas ajardinadas, posibles espacios de ocio o incluso la instalación de una piscina.
Ideal para quienes buscan un hogar amplio, bien ubicado y con gran potencial de personalización. ¡No dejes pasar esta oportunidad!
Zona residencial dotada de buenas comunicaciones para acceso A-3 Y R-3, a 5 minutos andando de metro, cerca de paradas de autobuses urbanos e interurbanos, . centro de salud, colegios, institutos, supermercados y ciudad deportiva.
Y no lo olvide, le podemos ayudar con nuestro departamento financiero kiron consiguiendo hasta el 100% de financiación.
INFORMESE DE LAS CONDICIONES EN NUESTRA OFICINA SITUADA EN AVENIDA DE LA TOLERANCIA 5 ARGANDA DEL REY (28500).",1,0,1,1,1,1,0,1,0,1,"['https://cdn-media.medialabtc.it/es/agencies/md623/estates/617973/images/9002310/gallery_media.jpeg', 'https://cdn-media.medialabtc.it/es/agencies/md623/estates/617973/images/9002323/gallery_media.jpeg', 'https://cdn-media.medialabtc.it/es/agencies/md623/estates/617973/images/9002312/gallery_media.jpeg', 'https://cdn-media.medialabtc.it/es/agencies/md623/estates/617973/images/9002317/gallery_media.jpeg', 'https://cdn-media.medialabtc.it/es/agencies/md623/estates/617973/images/9002328/gallery_media.jpeg', 'https://cdn-media.medialabtc.it/es/agencies/md623/estates/617973/images/9002330/gallery_media.jpeg', 'https://cdn-media.medialabtc.it/es/agencies/md623/estates/617973/images/8943843/gallery_media.jpeg', 'https://cdn-media.medialabtc.it/es/agencies/md623/estates/617973/images/9002329/gallery_media.jpeg', 'https://cdn-media.medialabtc.it/es/agencies/md623/estates/617973/images/8943828/gallery_media.jpeg', 'https://cdn-media.medialabtc.it/es/agencies/md623/estates/617973/images/9002311/gallery_media.jpeg', 'https://cdn-media.medialabtc.it/es/agencies/md623/estates/617973/images/9002318/gallery_media.jpeg', 'https://cdn-media.medialabtc.it/es/agencies/md623/estates/617973/images/8943842/gallery_media.jpeg', 'https://cdn-media.medialabtc.it/es/agencies/md623/estates/617973/images/9002315/gallery_media.jpeg', 'https://cdn-media.medialabtc.it/es/agencies/md623/estates/617973/images/9002321/gallery_media.jpeg', 'https://cdn-media.medialabtc.it/es/agencies/md623/estates/617973/images/9002324/gallery_media.jpeg', 'https://cdn-media.medialabtc.it/es/agencies/md623/estates/617973/images/9002316/gallery_media.jpeg', 'https://cdn-media.medialabtc.it/es/agencies/md623/estates/617973/images/9002320/gallery_media.jpeg', 'https://cdn-media.medialabtc.it/es/agencies/md623/estates/617973/images/9002319/gallery_media.jpeg', 'https://cdn-media.medialabtc.it/es/agencies/md623/estates/617973/images/9002327/gallery_media.jpeg', 'https://cdn-media.medialabtc.it/es/agencies/md623/estates/617973/images/9002326/gallery_media.jpeg', 'https://cdn-media.medialabtc.it/es/agencies/md623/estates/617973/images/9002325/gallery_media.jpeg', 'https://cdn-media.medialabtc.it/es/agencies/md623/estates/617973/images/9002314/gallery_media.jpeg', 'https://cdn-media.medialabtc.it/es/agencies/md623/estates/617973/images/9002313/gallery_media.jpeg', 'https://cdn-media.medialabtc.it/es/agencies/md623/estates/617973/images/9002322/gallery_media.jpeg', 'https://cdn-media.medialabtc.it/es/agencies/md623/estates/617973/images/8943835/gallery_media.jpeg', 'https://cdn-media.medialabtc.it/es/agencies/md623/estates/617973/images/8943760/gallery_media.jpeg', 'https://cdn-media.medialabtc.it/es/agencies/md623/estates/617973/images/8943837/gallery_media.jpeg', 'https://cdn-media.medialabtc.it/es/agencies/md623/estates/617973/images/8943836/gallery_media.jpeg']",0,Desconocido,1,0,1,0,0,E,0,0,"['imagenes_tecnocasa\\anuncio_4\\0.jpeg', 'imagenes_tecnocasa\\anuncio_4\\1.jpeg', 'imagenes_tecnocasa\\anuncio_4\\2.jpeg', 'imagenes_tecnocasa\\anuncio_4\\3.jpeg', 'imagenes_tecnocasa\\anuncio_4\\4.jpeg', 'imagenes_tecnocasa\\anuncio_4\\5.jpeg', 'imagenes_tecnocasa\\anuncio_4\\6.jpeg', 'imagenes_tecnocasa\\anuncio_4\\7.jpeg', 'imagenes_tecnocasa\\anuncio_4\\8.jpeg', 'imagenes_tecnocasa\\anuncio_4\\9.jpeg', 'imagenes_tecnocasa\\anuncio_4\\10.jpeg', 'imagenes_tecnocasa\\anuncio_4\\11.jpeg', 'imagenes_tecnocasa\\anuncio_4\\12.jpeg', 'imagenes_tecnocasa\\anuncio_4\\13.jpeg', 'imagenes_tecnocasa\\anuncio_4\\14.jpeg', 'imagenes_tecnocasa\\anuncio_4\\15.jpeg', 'imagenes_tecnocasa\\anuncio_4\\16.jpeg', 'imagenes_tecnocasa\\anuncio_4\\17.jpeg', 'imagenes_tecnocasa\\anuncio_4\\18.jpeg', 'imagenes_tecnocasa\\anuncio_4\\19.jpeg', 'imagenes_tecnocasa\\anuncio_4\\20.jpeg', 'imagenes_tecnocasa\\anuncio_4\\21.jpeg', 'imagenes_tecnocasa\\anuncio_4\\22.jpeg', 'imagenes_tecnocasa\\anuncio_4\\23.jpeg', 'imagenes_tecnocasa\\anuncio_4\\24.jpeg', 'imagenes_tecnocasa\\anuncio_4\\25.jpeg', 'imagenes_tecnocasa\\anuncio_4\\26.jpeg', 'imagenes_tecnocasa\\anuncio_4\\27.jpeg']",1,Popular,1991,1,0,0,casa,1,Arganda del Rey,Arganda Del Rey,40.3007708,-3.4380688,4,1764.7058823529412,250.0,175.0,1.0,1.0,2.0,1.0,mármol,pintura,corredera,estándar (2.4-2.8m),nada,3.8,3.2,clásico,"['#F5F5DC', '#A0522D', '#8B4513']",regular,False,convencional,limitado,ninguno,ninguno,estándar,básica,ninguno,6.0,7.0,ninguna,5
https://www.tecnocasa.es/venta/piso/madrid/mostoles/618688.html,175000.0,2,46.0,1,"Agencia inmobiliaria de MÓSTOLES zona AVENIDA DOS DE MAYO - PLAZA DEL PRADILLO - AVENIDA DE LA CONSTITUCION -PARQUE ZARAUZ -PARQUE FATIMA -CORONA VERDE - MOSTOLES CENTRAL.
-Oficina Tecnocasa:
EN VENTA:
PISO en ZONA PLAZA DEL PRADILLO con entrada, cocina, salón con terraza cerrada, 2 dormitorios y baño completo con plato de ducha. 2ª planta de edificio sin ascensor. Zona con todos los servicios cercanos, Metro, Renfe, así como líneas de autobús urbanas e interurbanas prácticamente en la misma puerta, además de colegios, centro de salud, hospital, comercios y supermercados. PARA ENTRAR A VIVIR.",1,1,1,1,1,1,0,1,1,1,"['https://cdn-media.medialabtc.it/es/agencies/mdbmf/estates/618688/images/8947490/gallery_media.jpeg', 'https://cdn-media.medialabtc.it/es/agencies/mdbmf/estates/618688/images/8947498/gallery_media.jpeg', 'https://cdn-media.medialabtc.it/es/agencies/mdbmf/estates/618688/images/8947495/gallery_media.jpeg', 'https://cdn-media.medialabtc.it/es/agencies/mdbmf/estates/618688/images/8947492/gallery_media.jpeg', 'https://cdn-media.medialabtc.it/es/agencies/mdbmf/estates/618688/images/8947488/gallery_media.jpeg', 'https://cdn-media.medialabtc.it/es/agencies/mdbmf/estates/618688/images/8925414/gallery_media.jpeg', 'https://cdn-media.medialabtc.it/es/agencies/mdbmf/estates/618688/images/8947497/gallery_media.jpeg', 'https://cdn-media.medialabtc.it/es/agencies/mdbmf/estates/618688/images/8947500/gallery_media.jpeg', 'https://cdn-media.medialabtc.it/es/agencies/mdbmf/estates/618688/images/8947491/gallery_media.jpeg', 'https://cdn-media.medialabtc.it/es/agencies/mdbmf/estates/618688/images/8947501/gallery_media.jpeg', 'https://cdn-media.medialabtc.it/es/agencies/mdbmf/estates/618688/images/8925412/gallery_media.jpeg', 'https://cdn-media.medialabtc.it/es/agencies/mdbmf/estates/618688/images/8947502/gallery_media.jpeg', 'https://cdn-media.medialabtc.it/es/agencies/mdbmf/estates/618688/images/8925335/gallery_media.jpeg', 'https://cdn-media.medialabtc.it/es/agencies/mdbmf/estates/618688/images/8947496/gallery_media.jpeg', 'https://cdn-media.medialabtc.it/es/agencies/mdbmf/estates/618688/images/8947487/gallery_media.jpeg', 'https://cdn-media.medialabtc.it/es/agencies/mdbmf/estates/618688/images/8947503/gallery_media.jpeg', 'https://cdn-media.medialabtc.it/es/agencies/mdbmf/estates/618688/images/8947489/gallery_media.jpeg', 'https://cdn-media.medialabtc.it/es/agencies/mdbmf/estates/618688/images/8925416/gallery_media.jpeg', 'https://cdn-media.medialabtc.it/es/agencies/mdbmf/estates/618688/images/8925411/gallery_media.jpeg', 'https://cdn-media.medialabtc.it/es/agencies/mdbmf/estates/618688/images/8947494/gallery_media.jpeg', 'https://cdn-media.medialabtc.it/es/agencies/mdbmf/estates/618688/images/8925413/gallery_media.jpeg', 'https://cdn-media.medialabtc.it/es/agencies/mdbmf/estates/618688/images/8947486/gallery_media.jpeg', 'https://cdn-media.medialabtc.it/es/agencies/mdbmf/estates/618688/images/8925333/gallery_media.jpeg', 'https://cdn-media.medialabtc.it/es/agencies/mdbmf/estates/618688/images/8947504/gallery_media.jpeg', 'https://cdn-media.medialabtc.it/es/agencies/mdbmf/estates/618688/images/8947499/gallery_media.jpeg', 'https://cdn-media.medialabtc.it/es/agencies/mdbmf/estates/618688/images/8925338/gallery_media.jpeg', 'https://cdn-media.medialabtc.it/es/agencies/mdbmf/estates/618688/images/8925336/gallery_media.jpeg', 'https://cdn-media.medialabtc.it/es/agencies/mdbmf/estates/618688/images/8947493/gallery_media.jpeg', 'https://cdn-media.medialabtc.it/es/agencies/mdbmf/estates/618688/images/8947505/gallery_media.jpeg']",0,Desconocido,0,0,0,1,0,B,0,0,"['imagenes_tecnocasa\\anuncio_5\\0.jpeg', 'imagenes_tecnocasa\\anuncio_5\\1.jpeg', 'imagenes_tecnocasa\\anuncio_5\\2.jpeg', 'imagenes_tecnocasa\\anuncio_5\\3.jpeg', 'imagenes_tecnocasa\\anuncio_5\\4.jpeg', 'imagenes_tecnocasa\\anuncio_5\\5.jpeg', 'imagenes_tecnocasa\\anuncio_5\\6.jpeg', 'imagenes_tecnocasa\\anuncio_5\\7.jpeg', 'imagenes_tecnocasa\\anuncio_5\\8.jpeg', 'imagenes_tecnocasa\\anuncio_5\\9.jpeg', 'imagenes_tecnocasa\\anuncio_5\\10.jpeg', 'imagenes_tecnocasa\\anuncio_5\\11.jpeg', 'imagenes_tecnocasa\\anuncio_5\\12.jpeg', 'imagenes_tecnocasa\\anuncio_5\\13.jpeg', 'imagenes_tecnocasa\\anuncio_5\\14.jpeg', 'imagenes_tecnocasa\\anuncio_5\\15.jpeg', 'imagenes_tecnocasa\\anuncio_5\\16.jpeg', 'imagenes_tecnocasa\\anuncio_5\\17.jpeg', 'imagenes_tecnocasa\\anuncio_5\\18.jpeg', 'imagenes_tecnocasa\\anuncio_5\\19.jpeg', 'imagenes_tecnocasa\\anuncio_5\\20.jpeg', 'imagenes_tecnocasa\\anuncio_5\\21.jpeg', 'imagenes_tecnocasa\\anuncio_5\\22.jpeg', 'imagenes_tecnocasa\\anuncio_5\\23.jpeg', 'imagenes_tecnocasa\\anuncio_5\\24.jpeg', 'imagenes_tecnocasa\\anuncio_5\\25.jpeg', 'imagenes_tecnocasa\\anuncio_5\\26.jpeg', 'imagenes_tecnocasa\\anuncio_5\\27.jpeg', 'imagenes_tecnocasa\\anuncio_5\\28.jpeg']",0,Media,1967,1,0,0,piso,1,Móstoles,Móstoles,40.3238525,-3.8649214,5,3804.3478260869565,94.0,76.0,0.0,0.25,0.0,0.0,cerámica,pintura,corredera,estándar (2.4-2.8m),nada,3.2,3.8,convencional,"['#FFF8DC', '#F5F5DC', '#DEB887']",buena,False,convencional,limitado,ninguno,ninguno,estándar,parcialmente equipada,ninguno,7.4,6.4,ninguna,5
https://www.tecnocasa.es/venta/piso/madrid/alcorcon/620852.html,255000.0,3,81.0,1,"Agencia inmobiliaria de ALCORCÓN - zona CENTRO - Oficina Tecnocasa de ALCORCÓN, Vende PISO EN ZONA CENTRO
EN VENTA : IIIIIIIIIIIIII RESERVADO IIIIIIIIIIIIII
¡Oportunidad Única en Alcorcón – Zona Teatro Buero Vallejo!
¿Buscas un hogar , bien ubicado y con todas las comodidades? ¡Este piso es para ti!
Características principales:3 dormitorios amplios y luminosos,terraza abierta ideal para disfrutar del aire libre,1 baño completo, funcional y bien distribuido,Cocina amueblada lista para entrar a vivir,salón espacioso perfecto para relajarse o compartir en familia.

Zonas comunes que enamoran:
Piscina comunitaria para disfrutar del verano
Parque infantil, ideal para familias con niños
Ascensor, accesibilidad total

Ubicación inmejorable: Situado en la zona del Teatro Buero Vallejo de Alcorcón, una de las áreas más demandadas por su tranquilidad, excelente comunicación y cercanía a comercios, colegios y transporte público REFNE , METRO Y AUTOBUSES.
¡No dejes pasar esta oportunidad!
Contacta con nosotros y agenda tu visita hoy mismo.
Vive donde siempre soñaste.",1,1,1,1,1,1,1,1,1,1,"['https://cdn-media.medialabtc.it/es/agencies/mdbla/estates/620852/images/9002447/gallery_media.jpeg', 'https://cdn-media.medialabtc.it/es/agencies/mdbla/estates/620852/images/9002417/gallery_media.jpeg', 'https://cdn-media.medialabtc.it/es/agencies/mdbla/estates/620852/images/9002463/gallery_media.jpeg', 'https://cdn-media.medialabtc.it/es/agencies/mdbla/estates/620852/images/9002464/gallery_media.jpeg', 'https://cdn-media.medialabtc.it/es/agencies/mdbla/estates/620852/images/9002449/gallery_media.jpeg', 'https://cdn-media.medialabtc.it/es/agencies/mdbla/estates/620852/images/9002448/gallery_media.jpeg', 'https://cdn-media.medialabtc.it/es/agencies/mdbla/estates/620852/images/9002415/gallery_media.jpeg', 'https://cdn-media.medialabtc.it/es/agencies/mdbla/estates/620852/images/9002442/gallery_media.jpeg', 'https://cdn-media.medialabtc.it/es/agencies/mdbla/estates/620852/images/9002444/gallery_media.jpeg', 'https://cdn-media.medialabtc.it/es/agencies/mdbla/estates/620852/images/9002441/gallery_media.jpeg', 'https://cdn-media.medialabtc.it/es/agencies/mdbla/estates/620852/images/9002462/gallery_media.jpeg', 'https://cdn-media.medialabtc.it/es/agencies/mdbla/estates/620852/images/9002443/gallery_media.jpeg', 'https://cdn-media.medialabtc.it/es/agencies/mdbla/estates/620852/images/9002420/gallery_media.jpeg', 'https://cdn-media.medialabtc.it/es/agencies/mdbla/estates/620852/images/9002416/gallery_media.jpeg', 'https://cdn-media.medialabtc.it/es/agencies/mdbla/estates/620852/images/9002451/gallery_media.jpeg', 'https://cdn-media.medialabtc.it/es/agencies/mdbla/estates/620852/images/9002446/gallery_media.jpeg', 'https://cdn-media.medialabtc.it/es/agencies/mdbla/estates/620852/images/9002439/gallery_media.jpeg', 'https://cdn-media.medialabtc.it/es/agencies/mdbla/estates/620852/images/9002450/gallery_media.jpeg', 'https://cdn-media.medialabtc.it/es/agencies/mdbla/estates/620852/images/9002440/gallery_media.jpeg', 'https://cdn-media.medialabtc.it/es/agencies/mdbla/estates/620852/images/9002418/gallery_media.jpeg', 'https://cdn-media.medialabtc.it/es/agencies/mdbla/estates/620852/images/9002445/gallery_media.jpeg', 'https://cdn-media.medialabtc.it/es/agencies/mdbla/estates/620852/images/9002419/gallery_media.jpeg', 'https://cdn-media.medialabtc.it/es/agencies/mdbla/estates/620852/images/9002421/gallery_media.jpeg']",0,Desconocido,0,0,1,1,0,D,0,0,"['imagenes_tecnocasa\\anuncio_8\\0.jpeg', 'imagenes_tecnocasa\\anuncio_8\\1.jpeg', 'imagenes_tecnocasa\\anuncio_8\\2.jpeg', 'imagenes_tecnocasa\\anuncio_8\\3.jpeg', 'imagenes_tecnocasa\\anuncio_8\\4.jpeg', 'imagenes_tecnocasa\\anuncio_8\\5.jpeg', 'imagenes_tecnocasa\\anuncio_8\\6.jpeg', 'imagenes_tecnocasa\\anuncio_8\\7.jpeg', 'imagenes_tecnocasa\\anuncio_8\\8.jpeg', 'imagenes_tecnocasa\\anuncio_8\\9.jpeg', 'imagenes_tecnocasa\\anuncio_8\\10.jpeg', 'imagenes_tecnocasa\\anuncio_8\\11.jpeg', 'imagenes_tecnocasa\\anuncio_8\\12.jpeg', 'imagenes_tecnocasa\\anuncio_8\\13.jpeg', 'imagenes_tecnocasa\\anuncio_8\\14.jpeg', 'imagenes_tecnocasa\\anuncio_8\\15.jpeg', 'imagenes_tecnocasa\\anuncio_8\\16.jpeg', 'imagenes_tecnocasa\\anuncio_8\\17.jpeg', 'imagenes_tecnocasa\\anuncio_8\\18.jpeg', 'imagenes_tecnocasa\\anuncio_8\\19.jpeg', 'imagenes_tecnocasa\\anuncio_8\\20.jpeg', 'imagenes_tecnocasa\\anuncio_8\\21.jpeg', 'imagenes_tecnocasa\\anuncio_8\\22.jpeg']",0,Popular,1976,1,0,1,piso,3,Alcorcón,"Parque Oeste - Retamas - Ensanche Sur, Retamas, Alcorcón",40.3492998,-3.8284295,8,3148.1481481481483,155.0,123.0,0.6,0.9166666666666666,2.0,1.0,cerámica,pintura,corredera,estándar (2.4-2.8m),nada,3.2,3.4,convencional,"['#D2B48C', '#E0E0E0', '#A0522D']",regular,False,convencional,limitado,ninguno,ninguno,estándar,básica,ninguno,6.2,6.4,ninguna,5
https://www.tecnocasa.es/venta/piso/madrid/mejorada-del-campo/619226.html,197500.0,3,84.0,1,"La instalación del ascensor ya esta pagada– ¡sin preocupaciones futuras!

¡TU NUEVO HOGAR TE ESPERA EN LOS OLIVOS!
Mejorada del Campo – Zona Los Olivos
197.500 €

Tecnocasa te presenta en exclusiva este magnífico piso en una de las zonas más demandadas de Mejorada del Campo.

Características destacadas:
- Primera planta muy luminosa
- Terraza privada ideal para disfrutar del aire libre
- Calefacción individual de gas natural

La vivienda se encuentra en una finca tranquila, ideal para familias o parejas que buscan comodidad, espacio exterior y buena comunicación con Madrid.

¡Llámanos y agenda tu visita! No dejes pasar esta oportunidad de vivir en una de las zonas más consolidadas del municipio.

Tecnocasa Mejorada del Campo
Tu hogar comienza aquí.",0,0,1,1,1,1,1,1,1,1,"['https://cdn-media.medialabtc.it/es/agencies/md583/estates/619226/images/8967278/gallery_media.jpeg', 'https://cdn-media.medialabtc.it/es/agencies/md583/estates/619226/images/8967270/gallery_media.jpeg', 'https://cdn-media.medialabtc.it/es/agencies/md583/estates/619226/images/8967267/gallery_media.jpeg', 'https://cdn-media.medialabtc.it/es/agencies/md583/estates/619226/images/8967266/gallery_media.jpeg', 'https://cdn-media.medialabtc.it/es/agencies/md583/estates/619226/images/8967271/gallery_media.jpeg', 'https://cdn-media.medialabtc.it/es/agencies/md583/estates/619226/images/8967276/gallery_media.jpeg', 'https://cdn-media.medialabtc.it/es/agencies/md583/estates/619226/images/8967275/gallery_media.jpeg', 'https://cdn-media.medialabtc.it/es/agencies/md583/estates/619226/images/8967280/gallery_media.jpeg', 'https://cdn-media.medialabtc.it/es/agencies/md583/estates/619226/images/8967274/gallery_media.jpeg', 'https://cdn-media.medialabtc.it/es/agencies/md583/estates/619226/images/8967273/gallery_media.jpeg', 'https://cdn-media.medialabtc.it/es/agencies/md583/estates/619226/images/8967269/gallery_media.jpeg', 'https://cdn-media.medialabtc.it/es/agencies/md583/estates/619226/images/8967279/gallery_media.jpeg', 'https://cdn-media.medialabtc.it/es/agencies/md583/estates/619226/images/8967272/gallery_media.jpeg']",0,Desconocido,0,0,0,1,0,Desconocida,0,0,"['imagenes_tecnocasa\\anuncio_10\\0.jpeg', 'imagenes_tecnocasa\\anuncio_10\\1.jpeg', 'imagenes_tecnocasa\\anuncio_10\\2.jpeg', 'imagenes_tecnocasa\\anuncio_10\\3.jpeg', 'imagenes_tecnocasa\\anuncio_10\\4.jpeg', 'imagenes_tecnocasa\\anuncio_10\\5.jpeg', 'imagenes_tecnocasa\\anuncio_10\\6.jpeg', 'imagenes_tecnocasa\\anuncio_10\\7.jpeg', 'imagenes_tecnocasa\\anuncio_10\\8.jpeg', 'imagenes_tecnocasa\\anuncio_10\\9.jpeg', 'imagenes_tecnocasa\\anuncio_10\\10.jpeg', 'imagenes_tecnocasa\\anuncio_10\\11.jpeg', 'imagenes_tecnocasa\\anuncio_10\\12.jpeg']",0,De época,1976,0,0,0,piso,1,Mejorada del Campo,Mejorada Del Campo,40.3971785,-3.4896068,10,2351.190476190476,120.0,92.0,0.5,0.7,0.0,1.0,cerámica,pintura,corredera,estándar (2.4-2.8m),nada,3.2,3.8,convencional,"['#F2F2F2', '#808080', '#A0522D']",regular,False,convencional,limitado,ninguno,ninguno,estándar,básica,ninguno,5.8,6.4,ninguna,5
https://www.tecnocasa.es/venta/piso/madrid/navalcarnero/615534.html,339900.0,2,112.0,2,"Agencia inmobiliaria de Navalcarnero

PISO SEMINUEVO EN LA MEJOR URBANIZACION DE EL PINAR DE 112 m2 SEGUN CATASTRO CON GARAJE Y TRASTERO

Compuesto por:

Dos amplios dormitorios con armarios empotrados, dos cuartos de baño completos, uno de ellos en suite, salon con amplio patio y cocina totalmente amueblada con tendedero.

Excelentes calidades: ventanas en climalit, puertas de paso en roble, calefaccion de gas natural, suelos en tarima flotante y armarios empotrados.

DISPONE DE PLAZA DE GARAJE Y TRASTERO INCLUIDOS EN EL PRECIO

El piso se encuentra enclavado en una la zona mas nueva de Navalcarnero construida en el año 2010, a solamente cinco minutos en coche de la plaza de Segovia. La urbanizacion cuenta con PISCINA COMUNITARIA, pista de padel y parque infantil.

El Pinar de Navalcarnero se encuentra excelentemente situado, con buen acceso tanto a la autovia como al centro del municipio. Navalcarnero cuenta con todos los servicios tales como farmacias, supermercados, excelentes colegios, zonas verdes, comercios, centro medico, asimismo, se encuentra a menos de 10 minutos en coche del hospital mas cercano.

En el caso de que necesite financiación, disponemos de un departamento financiero que estará encantado de atenderle y facilitarle la mejor financiacion del mercado, con una cuota para esta vivienda desde 738 /mes (consultar condiciones).",0,0,1,0,1,1,0,0,0,1,"['https://cdn-media.medialabtc.it/es/agencies/md590/estates/615534/images/8965623/gallery_media.jpeg', 'https://cdn-media.medialabtc.it/es/agencies/md590/estates/615534/images/8965617/gallery_media.jpeg', 'https://cdn-media.medialabtc.it/es/agencies/md590/estates/615534/images/8966036/gallery_media.jpeg', 'https://cdn-media.medialabtc.it/es/agencies/md590/estates/615534/images/8930426/gallery_media.jpeg', 'https://cdn-media.medialabtc.it/es/agencies/md590/estates/615534/images/8930430/gallery_media.jpeg', 'https://cdn-media.medialabtc.it/es/agencies/md590/estates/615534/images/8930431/gallery_media.jpeg', 'https://cdn-media.medialabtc.it/es/agencies/md590/estates/615534/images/8930428/gallery_media.jpeg', 'https://cdn-media.medialabtc.it/es/agencies/md590/estates/615534/images/8965614/gallery_media.jpeg', 'https://cdn-media.medialabtc.it/es/agencies/md590/estates/615534/images/8930425/gallery_media.jpeg', 'https://cdn-media.medialabtc.it/es/agencies/md590/estates/615534/images/8966034/gallery_media.jpeg', 'https://cdn-media.medialabtc.it/es/agencies/md590/estates/615534/images/8966033/gallery_media.jpeg', 'https://cdn-media.medialabtc.it/es/agencies/md590/estates/615534/images/8965615/gallery_media.jpeg', 'https://cdn-media.medialabtc.it/es/agencies/md590/estates/615534/images/8965613/gallery_media.jpeg', 'https://cdn-media.medialabtc.it/es/agencies/md590/estates/615534/images/8930434/gallery_media.jpeg', 'https://cdn-media.medialabtc.it/es/agencies/md590/estates/615534/images/8966035/gallery_media.jpeg', 'https://cdn-media.medialabtc.it/es/agencies/md590/estates/615534/images/8965619/gallery_media.jpeg', 'https://cdn-media.medialabtc.it/es/agencies/md590/estates/615534/images/8930406/gallery_media.jpeg', 'https://cdn-media.medialabtc.it/es/agencies/md590/estates/615534/images/8930424/gallery_media.jpeg', 'https://cdn-media.medialabtc.it/es/agencies/md590/estates/615534/images/8965612/gallery_media.jpeg', 'https://cdn-media.medialabtc.it/es/agencies/md590/estates/615534/images/8930422/gallery_media.jpeg', 'https://cdn-media.medialabtc.it/es/agencies/md590/estates/615534/images/8965618/gallery_media.jpeg', 'https://cdn-media.medialabtc.it/es/agencies/md590/estates/615534/images/8930402/gallery_media.jpeg', 'https://cdn-media.medialabtc.it/es/agencies/md590/estates/615534/images/8965616/gallery_media.jpeg', 'https://cdn-media.medialabtc.it/es/agencies/md590/estates/615534/images/8965624/gallery_media.jpeg', 'https://cdn-media.medialabtc.it/es/agencies/md590/estates/615534/images/8930432/gallery_media.jpeg', 'https://cdn-media.medialabtc.it/es/agencies/md590/estates/615534/images/8930404/gallery_media.jpeg']",0,Desconocido,1,1,1,0,0,Desconocida,0,0,"['imagenes_tecnocasa\\anuncio_11\\0.jpeg', 'imagenes_tecnocasa\\anuncio_11\\1.jpeg', 'imagenes_tecnocasa\\anuncio_11\\2.jpeg', 'imagenes_tecnocasa\\anuncio_11\\3.jpeg', 'imagenes_tecnocasa\\anuncio_11\\4.jpeg', 'imagenes_tecnocasa\\anuncio_11\\5.jpeg', 'imagenes_tecnocasa\\anuncio_11\\6.jpeg', 'imagenes_tecnocasa\\anuncio_11\\7.jpeg', 'imagenes_tecnocasa\\anuncio_11\\8.jpeg', 'imagenes_tecnocasa\\anuncio_11\\9.jpeg', 'imagenes_tecnocasa\\anuncio_11\\10.jpeg', 'imagenes_tecnocasa\\anuncio_11\\11.jpeg', 'imagenes_tecnocasa\\anuncio_11\\12.jpeg', 'imagenes_tecnocasa\\anuncio_11\\13.jpeg', 'imagenes_tecnocasa\\anuncio_11\\14.jpeg', 'imagenes_tecnocasa\\anuncio_11\\15.jpeg', 'imagenes_tecnocasa\\anuncio_11\\16.jpeg', 'imagenes_tecnocasa\\anuncio_11\\17.jpeg', 'imagenes_tecnocasa\\anuncio_11\\18.jpeg', 'imagenes_tecnocasa\\anuncio_11\\19.jpeg', 'imagenes_tecnocasa\\anuncio_11\\20.jpeg', 'imagenes_tecnocasa\\anuncio_11\\21.jpeg', 'imagenes_tecnocasa\\anuncio_11\\22.jpeg', 'imagenes_tecnocasa\\anuncio_11\\23.jpeg', 'imagenes_tecnocasa\\anuncio_11\\24.jpeg', 'imagenes_tecnocasa\\anuncio_11\\25.jpeg']",0,Media,2010,0,0,0,piso,1,Navalcarnero,Navalcarnero,40.2877169,-4.014299,11,3034.8214285714284,209.0,147.0,0.1,0.4,1.0,0.0,otro,pintura,corredera,estándar (2.4-2.8m),nada,4.8,6.2,moderno,"['#D2B48C', '#A0522D', '#808080']",buena,False,convencional,normal,ninguno,ninguno,estándar,parcialmente equipada,ninguno,7.6,7.0,ninguna,5
https://www.tecnocasa.es/venta/piso/madrid/madrid/617758.html,450000.0,2,66.0,1,"Anuncio pendiente de fotorreportaje profesional y de plano de la vivienda
Agencia Inmobiliaria de Madrid - Chamartín - Prosperidad Ciudad Jardín - Zona Auditorio - Tecnocasa - Vende
Este genial piso cuenta con 2 dormitorios, un baño,salón y cocina independiente, la vivienda se encuentra en un estado para actualizar siendo posible instalarse en el actualmente sin necesidad de reformar.
Muy Luminoso gracias a su orientacion sur y a su distribución cuadrar, cuenta con 66m2 construidos y la finca dispone de ascensor.
Dispone de todo tipo de servicios a menos de 5 minutos andando del centro de salud, Polideportivo Municipal de Pradillo, zonas de recreo, parques, comercios y mercado, supermercados, colegios, guarderías y transporte público. Muy bien comunicado con el centro de la ciudad y el aeropuerto, a 5 minutos andando de las paradas de metro Alfonso XIII, Concha Espina, Prosperidad o Cruz del Rayo y varias líneas de autobuses disponibles en López de Hoyos y Príncipe de Vergara. Cerca de salida M-30 y al Parque de Berlín.
La propiedad se ubica en el barrio residencial de Ciudad Jardín, dentro del Distrito de Chamartín, al norte de la capital con acceso directo a la M-30 y a pocos metros de la calle Serrano, Príncipe de Vergara y Paseo de la Castellana.",1,1,1,1,1,1,1,1,1,1,"['https://cdn-media.medialabtc.it/es/agencies/mdas6/estates/617758/images/9010461/gallery_media.jpeg', 'https://cdn-media.medialabtc.it/es/agencies/mdas6/estates/617758/images/8906908/gallery_media.jpeg', 'https://cdn-media.medialabtc.it/es/agencies/mdas6/estates/617758/images/8906910/gallery_media.jpeg', 'https://cdn-media.medialabtc.it/es/agencies/mdas6/estates/617758/images/8906904/gallery_media.jpeg', 'https://cdn-media.medialabtc.it/es/agencies/mdas6/estates/617758/images/9010484/gallery_media.jpeg', 'https://cdn-media.medialabtc.it/es/agencies/mdas6/estates/617758/images/9010482/gallery_media.jpeg', 'https://cdn-media.medialabtc.it/es/agencies/mdas6/estates/617758/images/8906906/gallery_media.jpeg', 'https://cdn-media.medialabtc.it/es/agencies/mdas6/estates/617758/images/8906912/gallery_media.jpeg', 'https://cdn-media.medialabtc.it/es/agencies/mdas6/estates/617758/images/8906905/gallery_media.jpeg', 'https://cdn-media.medialabtc.it/es/agencies/mdas6/estates/617758/images/8906913/gallery_media.jpeg', 'https://cdn-media.medialabtc.it/es/agencies/mdas6/estates/617758/images/9010483/gallery_media.jpeg', 'https://cdn-media.medialabtc.it/es/agencies/mdas6/estates/617758/images/9010460/gallery_media.jpeg', 'https://cdn-media.medialabtc.it/es/agencies/mdas6/estates/617758/images/8906907/gallery_media.jpeg', 'https://cdn-media.medialabtc.it/es/agencies/mdas6/estates/617758/images/8906911/gallery_media.jpeg', 'https://cdn-media.medialabtc.it/es/agencies/mdas6/estates/617758/images/8906909/gallery_media.jpeg']",0,Desconocido,0,0,0,0,0,D,0,0,"['imagenes_tecnocasa\\anuncio_14\\0.jpeg', 'imagenes_tecnocasa\\anuncio_14\\1.jpeg', 'imagenes_tecnocasa\\anuncio_14\\2.jpeg', 'imagenes_tecnocasa\\anuncio_14\\3.jpeg', 'imagenes_tecnocasa\\anuncio_14\\4.jpeg', 'imagenes_tecnocasa\\anuncio_14\\5.jpeg', 'imagenes_tecnocasa\\anuncio_14\\6.jpeg', 'imagenes_tecnocasa\\anuncio_14\\7.jpeg', 'imagenes_tecnocasa\\anuncio_14\\8.jpeg', 'imagenes_tecnocasa\\anuncio_14\\9.jpeg', 'imagenes_tecnocasa\\anuncio_14\\10.jpeg', 'imagenes_tecnocasa\\anuncio_14\\11.jpeg', 'imagenes_tecnocasa\\anuncio_14\\12.jpeg', 'imagenes_tecnocasa\\anuncio_14\\13.jpeg', 'imagenes_tecnocasa\\anuncio_14\\14.jpeg']",1,Señorial,1965,0,0,0,piso,1,Ciudad Jardín,"Ciudad Jardín, Madrid",40.4487115,-3.6738706,14,6818.181818181818,210.0,132.0,0.0,0.0,1.0,0.0,otro,pintura,corredera,estándar (2.4-2.8m),nada,3.4,4.4,convencional,"['#B22222', '#8B4513', '#D2691E']",regular,False,convencional,normal,ninguno,ninguno,estándar,básica,ninguno,6.2,6.4,ninguna,5
https://www.tecnocasa.es/venta/piso/madrid/madrid/617748.html,215000.0,1,41.0,1,"Agencia Inmobiliaria de Madrid - Chamartín - Prosperidad Ciudad Jardín - Zona Auditorio - Tecnocasa - Vende

Piso luminoso de 1 dormitorio, salon y cocina independiente con acceso a un pequeño patio y 1 cuarto de baño, todas las estancias a excepción del baño cuentan con ventana lo que de gran luminosidad a la vivienda.

Cuenta con 42m2 bien distribuidos, pudiendo mantener la distribución o cambiarla al no tener muros de carga.

La vivienda se encuentra en un estado para actualizar siendo necesaria una reforma.

Escribanos y le llamaremos enseguida para concertar una visita.

Dispone de todo tipo de servicios a menos de 5 minutos andando del centro de salud, Polideportivo Municipal de Pradillo, zonas de recreo, parques, comercios y mercado, supermercados, colegios, guarderías y transporte público. Muy bien comunicado con el centro de la ciudad y el aeropuerto, a 5 minutos andando de las paradas de metro Alfonso XIII, Concha Espina, Prosperidad o Cruz del Rayo y varias líneas de autobuses disponibles en López de Hoyos y Príncipe de Vergara. Cerca de salida M-30 y al Parque de Berlín.

La propiedad se ubica en el barrio residencial de Ciudad Jardín, dentro del Distrito de Chamartín, al norte de la capital con acceso directo a la M-30 y a pocos metros de la calle Serrano, Príncipe de Vergara y Paseo de la Castellana",1,1,1,1,1,1,0,1,1,1,"['https://cdn-media.medialabtc.it/es/agencies/mdas6/estates/617748/images/8961131/gallery_media.jpeg', 'https://cdn-media.medialabtc.it/es/agencies/mdas6/estates/617748/images/8961139/gallery_media.jpeg', 'https://cdn-media.medialabtc.it/es/agencies/mdas6/estates/617748/images/8961133/gallery_media.jpeg', 'https://cdn-media.medialabtc.it/es/agencies/mdas6/estates/617748/images/8961128/gallery_media.jpeg', 'https://cdn-media.medialabtc.it/es/agencies/mdas6/estates/617748/images/8961134/gallery_media.jpeg', 'https://cdn-media.medialabtc.it/es/agencies/mdas6/estates/617748/images/8961140/gallery_media.jpeg', 'https://cdn-media.medialabtc.it/es/agencies/mdas6/estates/617748/images/8961141/gallery_media.jpeg', 'https://cdn-media.medialabtc.it/es/agencies/mdas6/estates/617748/images/8961129/gallery_media.jpeg', 'https://cdn-media.medialabtc.it/es/agencies/mdas6/estates/617748/images/8961135/gallery_media.jpeg', 'https://cdn-media.medialabtc.it/es/agencies/mdas6/estates/617748/images/8961130/gallery_media.jpeg', 'https://cdn-media.medialabtc.it/es/agencies/mdas6/estates/617748/images/8961127/gallery_media.jpeg', 'https://cdn-media.medialabtc.it/es/agencies/mdas6/estates/617748/images/8961137/gallery_media.jpeg', 'https://cdn-media.medialabtc.it/es/agencies/mdas6/estates/617748/images/8961136/gallery_media.jpeg', 'https://cdn-media.medialabtc.it/es/agencies/mdas6/estates/617748/images/8961138/gallery_media.jpeg', 'https://cdn-media.medialabtc.it/es/agencies/mdas6/estates/617748/images/8961132/gallery_media.jpeg']",0,Desconocido,0,0,0,0,0,Desconocida,0,0,"['imagenes_tecnocasa\\anuncio_15\\0.jpeg', 'imagenes_tecnocasa\\anuncio_15\\1.jpeg', 'imagenes_tecnocasa\\anuncio_15\\2.jpeg', 'imagenes_tecnocasa\\anuncio_15\\3.jpeg', 'imagenes_tecnocasa\\anuncio_15\\4.jpeg', 'imagenes_tecnocasa\\anuncio_15\\5.jpeg', 'imagenes_tecnocasa\\anuncio_15\\6.jpeg', 'imagenes_tecnocasa\\anuncio_15\\7.jpeg', 'imagenes_tecnocasa\\anuncio_15\\8.jpeg', 'imagenes_tecnocasa\\anuncio_15\\9.jpeg', 'imagenes_tecnocasa\\anuncio_15\\10.jpeg', 'imagenes_tecnocasa\\anuncio_15\\11.jpeg', 'imagenes_tecnocasa\\anuncio_15\\12.jpeg', 'imagenes_tecnocasa\\anuncio_15\\13.jpeg', 'imagenes_tecnocasa\\anuncio_15\\14.jpeg']",0,Media,1940,0,0,0,piso,1,Ciudad Jardín,"Ciudad Jardín, Madrid",40.4487115,-3.6738706,15,5243.90243902439,223.0,142.0,0.0,0.0,1.0,0.0,cerámica,pintura,otro,estándar (2.4-2.8m),nada,3.2,4.4,rústico,"['#F5F5DC', '#DEB887', '#FFFFFF']",regular,False,convencional,limitado,ninguno,ninguno,estándar,básica,ninguno,7.0,6.0,ninguna,5
https://www.tecnocasa.es/venta/piso/madrid/madrid/621546.html,299000.0,1,40.0,1,"Agencia Inmobiliaria de Madrid - Zona Chamartín - Ciudad Jardín, Prosperidad - Zona Auditorio - Tecnocasa - Vende

Estupenda vivienda para actualizar compuesta por hall de entrada, salón, cocina independiente, 1 dormitorio y cuarto de baño completo. Vivienda interior muy luminosa todas las estancias cuentan con ventana y recibe luz directa a cualquier hora del día, en una buena finca.

Ubicado en una calle muy tranquila, cerca del Auditorio Nacional. Dispone de todo tipo de servicios a menos de 5 minutos andando del Centro de Salud, Polideportivo Municipal de Pradillo, zonas de recreo, parques, comercios y mercado, supermercados, colegios, guarderías y transporte público. Paradas de Metro de Cruz del Rayo y Prosperidad.

La propiedad se ubica en el barrio residencial de Ciudad Jardín, dentro del Distrito de Chamartín, al norte de la capital con acceso directo a la M-30 y a pocos metros de la calle Serrano, Príncipe de Vergara y Paseo de la Castellana. La zona cuenta con una amplia gama de servicios desde grandes almacenes, comercios, farmacias, colegios, iglesias, gimnasios, hoteles, cines, zonas deportivas, hasta una selección de los mejores bares y restaurantes de Madrid.",1,1,1,1,1,1,1,1,1,1,"['https://cdn-media.medialabtc.it/es/agencies/mdas6/estates/621546/images/9010381/gallery_media.jpeg', 'https://cdn-media.medialabtc.it/es/agencies/mdas6/estates/621546/images/9010387/gallery_media.jpeg', 'https://cdn-media.medialabtc.it/es/agencies/mdas6/estates/621546/images/9010376/gallery_media.jpeg', 'https://cdn-media.medialabtc.it/es/agencies/mdas6/estates/621546/images/9010384/gallery_media.jpeg', 'https://cdn-media.medialabtc.it/es/agencies/mdas6/estates/621546/images/9010389/gallery_media.jpeg', 'https://cdn-media.medialabtc.it/es/agencies/mdas6/estates/621546/images/9010380/gallery_media.jpeg', 'https://cdn-media.medialabtc.it/es/agencies/mdas6/estates/621546/images/9010377/gallery_media.jpeg', 'https://cdn-media.medialabtc.it/es/agencies/mdas6/estates/621546/images/9010388/gallery_media.jpeg', 'https://cdn-media.medialabtc.it/es/agencies/mdas6/estates/621546/images/9010385/gallery_media.jpeg', 'https://cdn-media.medialabtc.it/es/agencies/mdas6/estates/621546/images/9010386/gallery_media.jpeg', 'https://cdn-media.medialabtc.it/es/agencies/mdas6/estates/621546/images/9010375/gallery_media.jpeg', 'https://cdn-media.medialabtc.it/es/agencies/mdas6/estates/621546/images/9010391/gallery_media.jpeg', 'https://cdn-media.medialabtc.it/es/agencies/mdas6/estates/621546/images/9010390/gallery_media.jpeg', 'https://cdn-media.medialabtc.it/es/agencies/mdas6/estates/621546/images/9010382/gallery_media.jpeg', 'https://cdn-media.medialabtc.it/es/agencies/mdas6/estates/621546/images/9010379/gallery_media.jpeg', 'https://cdn-media.medialabtc.it/es/agencies/mdas6/estates/621546/images/9010378/gallery_media.jpeg', 'https://cdn-media.medialabtc.it/es/agencies/mdas6/estates/621546/images/9010383/gallery_media.jpeg']",0,Desconocido,0,0,0,0,0,D,0,0,"['imagenes_tecnocasa\\anuncio_16\\0.jpeg', 'imagenes_tecnocasa\\anuncio_16\\1.jpeg', 'imagenes_tecnocasa\\anuncio_16\\2.jpeg', 'imagenes_tecnocasa\\anuncio_16\\3.jpeg', 'imagenes_tecnocasa\\anuncio_16\\4.jpeg', 'imagenes_tecnocasa\\anuncio_16\\5.jpeg', 'imagenes_tecnocasa\\anuncio_16\\6.jpeg', 'imagenes_tecnocasa\\anuncio_16\\7.jpeg', 'imagenes_tecnocasa\\anuncio_16\\8.jpeg', 'imagenes_tecnocasa\\anuncio_16\\9.jpeg', 'imagenes_tecnocasa\\anuncio_16\\10.jpeg', 'imagenes_tecnocasa\\anuncio_16\\11.jpeg', 'imagenes_tecnocasa\\anuncio_16\\12.jpeg', 'imagenes_tecnocasa\\anuncio_16\\13.jpeg', 'imagenes_tecnocasa\\anuncio_16\\14.jpeg', 'imagenes_tecnocasa\\anuncio_16\\15.jpeg', 'imagenes_tecnocasa\\anuncio_16\\16.jpeg']",0,Popular,1935,0,0,0,piso,1,Ciudad Jardín,"Ciudad Jardín, Madrid",40.4487115,-3.6738706,16,7475.0,187.0,130.0,0.0,0.0,0.0,0.0,parquet,pintura,corredera,estándar (2.4-2.8m),nada,3.4,2.8,convencional,"['#F5F5DC', '#A0522D', '#DEB887']",regular,False,convencional,limitado,ninguno,ninguno,estándar,básica,ninguno,7.2,6.2,ninguna,5
https://www.tecnocasa.es/venta/piso/madrid/madrid/619325.html,220000.0,2,35.0,1,"Agencia inmobiliaria de MADRID zona TIRSO DE MOLINA - HUERTAS Oficina Tecnocasa
VENDE! Bonita y acogedora vivienda. Inmejorable ubicación: calle Lavapiés. Se distribuye en salón-comedor, cocina independiente, 2 HABITACIONES y baño completo. Finca con ASCENSOR. Te va a encantar! No dudes visitarlo sin compromiso.
Muy bien comunicado: metro Tirso de Molina (L1) a 2 metro Antón Martin (L1) a 5 metro Sol (L1, 2,3 y cercanías) a 10 min.
¡Excelente zona!
Situado entre Antón Martín y Tirso de Molina, el piso se encuentra en una de las zonas con más demanda inmobiliaria de Madrid. De orígenes medievales, el barrio goza hoy de un ambiente multicultural donde conviven centenares de negocios típicos y exóticos. Centros culturales, teatros y museos, así como mercados, restaurantes y bares, ofrecen a visitantes y locales una variada propuesta cultural, de ocio y gastronómica.
Quiere conocer el valor real de su inmueble?
Ofrecemos a nuestros vecinos VALORACIONES GRATUITAS y sin ningún compromiso de viviendas, locales y plazas de garaje.
Nos avalan 15 años de experiencia en la zona, formando parte de esta gran empresa, líder en España y Europa en el sector de la intermediación inmobiliaria.
Asesoramiento y gestión en: COMPRAVENTA, ARRENDAMIENTO, CAMBIO de VIVIENDA, HERENCIAS, CAMBIO de USO, CERTIFICADO ENERGÉTICO.
Nuestro departamento KIRON, expertos en intermediación financiera, le ayudarán a encontrar la solución hipotecaria que mejor se adapte a sus necesidades.
Estamos a su disposición para cualquier",1,1,1,1,1,1,0,1,1,1,"['https://cdn-media.medialabtc.it/es/agencies/md029/estates/619325/images/8937448/gallery_media.jpeg', 'https://cdn-media.medialabtc.it/es/agencies/md029/estates/619325/images/8937449/gallery_media.jpeg', 'https://cdn-media.medialabtc.it/es/agencies/md029/estates/619325/images/8937444/gallery_media.jpeg', 'https://cdn-media.medialabtc.it/es/agencies/md029/estates/619325/images/8937447/gallery_media.jpeg', 'https://cdn-media.medialabtc.it/es/agencies/md029/estates/619325/images/8937445/gallery_media.jpeg', 'https://cdn-media.medialabtc.it/es/agencies/md029/estates/619325/images/8972864/gallery_media.jpeg', 'https://cdn-media.medialabtc.it/es/agencies/md029/estates/619325/images/8937446/gallery_media.jpeg']",0,Desconocido,1,0,0,0,0,E,0,0,"['imagenes_tecnocasa\\anuncio_17\\0.jpeg', 'imagenes_tecnocasa\\anuncio_17\\1.jpeg', 'imagenes_tecnocasa\\anuncio_17\\2.jpeg', 'imagenes_tecnocasa\\anuncio_17\\3.jpeg', 'imagenes_tecnocasa\\anuncio_17\\4.jpeg', 'imagenes_tecnocasa\\anuncio_17\\5.jpeg', 'imagenes_tecnocasa\\anuncio_17\\6.jpeg']",0,Señorial,1890,0,0,1,piso,2,Embajadores,"Lavapiés - Embajadores, Madrid",40.4095856,-3.7029851,17,6285.714285714285,231.0,171.0,0.15000000000000002,0.2,0.0,0.0,otro,pintura,fija,estándar (2.4-2.8m),nada,4.0,5.0,moderno,"['#A0D6B4', '#FFFFFF', '#D2B48C']",buena,False,eficiente,limitado,ninguno,ninguno,estándar,básica,ninguno,6.6,7.0,ninguna,5
https://www.tecnocasa.es/venta/piso/madrid/madrid/618970.html,482700.0,2,87.0,1,"¡Estudio Canillas Oeste 2024 S. L. VENDE EN EXCLUSIVA!
Este espectacular piso de 2 habitaciones, situado en una séptima planta que ofrece unas vistas impresionantes y una luminosidad excepcional. Con una superficie construida de 87 m², este hogar cuenta con un amplio y acogedor salón, perfecto para relajarse. La moderna cocina americana se integra a la perfección, creando un espacio funcional y elegante.
Las habitaciones, equipadas con armarios empotrados, son ideales para maximizar el espacio y mantener todo en orden. Además, podrás disfrutar de una pequeña terraza donde relajarte al aire libre. El baño ha sido lo ultimo que se reformó, destacando un práctico plato de ducha que aporta comodidad y estilo.
Este edificio cuenta con piscina y jardín comunitario, perfectos para disfrutar de los días soleados. La vivienda es accesible para personas con movilidad reducida y dispone de calefacción de gas natural y aire acondicionado en el salón, garantizando un ambiente agradable durante todo el año. Incluye plaza de garaje en el precio y hay un trastero disponible para mayor comodidad.
No dude en llamarnos para concertar su cita y visitar el inmueble, en la que además recibirá el asesoramiento gratuito de nuestro departamento financiero KÌRON. FINANCIACIÓN 100%.
Todas las medidas y caracteristicas expuestas en el anuncio son segun catastro.",1,0,1,1,1,1,1,1,0,1,"['https://cdn-media.medialabtc.it/es/agencies/md636/estates/618970/images/8926862/gallery_media.jpeg', 'https://cdn-media.medialabtc.it/es/agencies/md636/estates/618970/images/8926859/gallery_media.jpeg', 'https://cdn-media.medialabtc.it/es/agencies/md636/estates/618970/images/8926851/gallery_media.jpeg', 'https://cdn-media.medialabtc.it/es/agencies/md636/estates/618970/images/8955960/gallery_media.jpeg', 'https://cdn-media.medialabtc.it/es/agencies/md636/estates/618970/images/8926821/gallery_media.jpeg', 'https://cdn-media.medialabtc.it/es/agencies/md636/estates/618970/images/8926858/gallery_media.jpeg', 'https://cdn-media.medialabtc.it/es/agencies/md636/estates/618970/images/8926857/gallery_media.jpeg', 'https://cdn-media.medialabtc.it/es/agencies/md636/estates/618970/images/8926860/gallery_media.jpeg', 'https://cdn-media.medialabtc.it/es/agencies/md636/estates/618970/images/8926849/gallery_media.jpeg', 'https://cdn-media.medialabtc.it/es/agencies/md636/estates/618970/images/8926863/gallery_media.jpeg', 'https://cdn-media.medialabtc.it/es/agencies/md636/estates/618970/images/8926852/gallery_media.jpeg', 'https://cdn-media.medialabtc.it/es/agencies/md636/estates/618970/images/8926855/gallery_media.jpeg', 'https://cdn-media.medialabtc.it/es/agencies/md636/estates/618970/images/8926854/gallery_media.jpeg', 'https://cdn-media.medialabtc.it/es/agencies/md636/estates/618970/images/8926865/gallery_media.jpeg', 'https://cdn-media.medialabtc.it/es/agencies/md636/estates/618970/images/8926853/gallery_media.jpeg', 'https://cdn-media.medialabtc.it/es/agencies/md636/estates/618970/images/8926856/gallery_media.jpeg', 'https://cdn-media.medialabtc.it/es/agencies/md636/estates/618970/images/8926861/gallery_media.jpeg', 'https://cdn-media.medialabtc.it/es/agencies/md636/estates/618970/images/8926848/gallery_media.jpeg', 'https://cdn-media.medialabtc.it/es/agencies/md636/estates/618970/images/8926850/gallery_media.jpeg', 'https://cdn-media.medialabtc.it/es/agencies/md636/estates/618970/images/8926864/gallery_media.jpeg']",1,Desconocido,1,1,1,1,0,F,0,0,"['imagenes_tecnocasa\\anuncio_19\\0.jpeg', 'imagenes_tecnocasa\\anuncio_19\\1.jpeg', 'imagenes_tecnocasa\\anuncio_19\\2.jpeg', 'imagenes_tecnocasa\\anuncio_19\\3.jpeg', 'imagenes_tecnocasa\\anuncio_19\\4.jpeg', 'imagenes_tecnocasa\\anuncio_19\\5.jpeg', 'imagenes_tecnocasa\\anuncio_19\\6.jpeg', 'imagenes_tecnocasa\\anuncio_19\\7.jpeg', 'imagenes_tecnocasa\\anuncio_19\\8.jpeg', 'imagenes_tecnocasa\\anuncio_19\\9.jpeg', 'imagenes_tecnocasa\\anuncio_19\\10.jpeg', 'imagenes_tecnocasa\\anuncio_19\\11.jpeg', 'imagenes_tecnocasa\\anuncio_19\\12.jpeg', 'imagenes_tecnocasa\\anuncio_19\\13.jpeg', 'imagenes_tecnocasa\\anuncio_19\\14.jpeg', 'imagenes_tecnocasa\\anuncio_19\\15.jpeg', 'imagenes_tecnocasa\\anuncio_19\\16.jpeg', 'imagenes_tecnocasa\\anuncio_19\\17.jpeg', 'imagenes_tecnocasa\\anuncio_19\\18.jpeg', 'imagenes_tecnocasa\\anuncio_19\\19.jpeg']",1,Popular,1980,1,0,0,piso,3,Madrid,"Arturo Soria, Madrid",40.4167047,-3.7035825,19,5548.275862068966,211.0,151.0,0.1,0.4,1.0,0.0,cerámica,pintura,otro,estándar (2.4-2.8m),nada,3.6,4.6,moderno,"['#F2F2F2', '#222222', '#D3D3D3']",buena,False,eficiente,normal,ninguno,ninguno,estándar,parcialmente equipada,ninguno,6.0,6.2,ninguna,5
https://www.tecnocasa.es/venta/casa/madrid/rivas-vaciamadrid/620471.html,670000.0,3,231.0,3,"Inmobiliaria en Zona Rivas Futura - Rivas Vaciamadrid - Tecnocasa Oficina Rivas Pueblo S. L. U

VENDE Exclusivo Chalet ADOSADO, en urbanizacion privada, con portero fisicio, piscina, parque infantil y gastrobar.
Semi-nuevo (2021), su diseño, construcción y calidades hacen de esta imponente vivienda una de las casas más exclusivas de la zona.

-Patio delantero con capacidad para 2 vehículos.

-En su planta baja se localiza un amplio salón, con entrada al patio exterior, un aseo con ventana, la cocina
-En la primera planta cuenta con 3 habitaciones y dos baños completos, el dormitorio principal con baño en suite con plato de ducha, el baño que da servicio a las otras dos habitaciones con bañera.
-Bohardilla: diafana, con un cuarto de lavado y acceso a una gran terraza.

-El salón cuenta con muchísima luz solar y tiene acceso directo a un magnífico jardín.

-Vivienda Semi-Nueva en excelente estado de conservacion, lista para entrar a vivir, ubicada en urbanizacion privada en una de las mejores zonas de Rivas-Futura

-Dispone de todos los servicios cerca, colegios, centros médicos, restaurantes, farmacias, parques, etc.

LA ZONA

Vivir en Rivas Vaciamadrid tiene numerosos beneficios que hacen de esta ciudad un lugar especial para establecer un hogar. Rodeada de naturaleza, Rivas Vaciamadrid ofrece un entorno tranquilo y agradable para las familias, con extensas zonas verdes, parques y espacios naturales donde se puede disfrutar de actividades al aire libre.

La ciudad cuenta con una amplia oferta educativa, desde escuelas infantiles hasta institutos, lo que la convierte en un lugar ideal para criar a los niños. Además, Rivas Vaciamadrid se caracteriza por su ambiente seguro y acogedor, lo que brinda tranquilidad a sus residentes.

En cuanto a la movilidad, la ciudad está bien conectada con Madrid a través de transporte público, lo que facilita el desplazamiento hacia la capital y otras zonas cercanas. Además, cuenta con una variedad de servicios comerciales, restaurantes y opciones de entretenimiento que satisfacen las necesidades de sus habitantes.

En resumen, vivir en Rivas Vaciamadrid ofrece la combinación perfecta entre naturaleza, comodidad y calidad de vida, convirtiéndola en una excelente opción para aquellos que buscan un lugar apacible para establecerse.

POSIBILIDAD DE MEJORAR TUS CONDICIONES HIPOTECARIAS CON NUESTRO DEPARTAMENTO FINANCIERO KIRON.",1,0,1,1,1,1,1,1,0,1,"['https://cdn-media.medialabtc.it/es/agencies/md599/estates/620471/images/9007423/gallery_media.jpeg', 'https://cdn-media.medialabtc.it/es/agencies/md599/estates/620471/images/9007408/gallery_media.jpeg', 'https://cdn-media.medialabtc.it/es/agencies/md599/estates/620471/images/9007421/gallery_media.jpeg', 'https://cdn-media.medialabtc.it/es/agencies/md599/estates/620471/images/9007413/gallery_media.jpeg', 'https://cdn-media.medialabtc.it/es/agencies/md599/estates/620471/images/9007414/gallery_media.jpeg', 'https://cdn-media.medialabtc.it/es/agencies/md599/estates/620471/images/8996204/gallery_media.jpeg', 'https://cdn-media.medialabtc.it/es/agencies/md599/estates/620471/images/9007420/gallery_media.jpeg', 'https://cdn-media.medialabtc.it/es/agencies/md599/estates/620471/images/9007410/gallery_media.jpeg', 'https://cdn-media.medialabtc.it/es/agencies/md599/estates/620471/images/9007409/gallery_media.jpeg', 'https://cdn-media.medialabtc.it/es/agencies/md599/estates/620471/images/9007416/gallery_media.jpeg', 'https://cdn-media.medialabtc.it/es/agencies/md599/estates/620471/images/9007411/gallery_media.jpeg', 'https://cdn-media.medialabtc.it/es/agencies/md599/estates/620471/images/9007418/gallery_media.jpeg', 'https://cdn-media.medialabtc.it/es/agencies/md599/estates/620471/images/9007407/gallery_media.jpeg', 'https://cdn-media.medialabtc.it/es/agencies/md599/estates/620471/images/9007417/gallery_media.jpeg', 'https://cdn-media.medialabtc.it/es/agencies/md599/estates/620471/images/9007412/gallery_media.jpeg', 'https://cdn-media.medialabtc.it/es/agencies/md599/estates/620471/images/9007422/gallery_media.jpeg', 'https://cdn-media.medialabtc.it/es/agencies/md599/estates/620471/images/9007415/gallery_media.jpeg', 'https://cdn-media.medialabtc.it/es/agencies/md599/estates/620471/images/9007419/gallery_media.jpeg']",0,Desconocido,0,0,1,1,1,Desconocida,0,0,"['imagenes_tecnocasa\\anuncio_20\\0.jpeg', 'imagenes_tecnocasa\\anuncio_20\\1.jpeg', 'imagenes_tecnocasa\\anuncio_20\\2.jpeg', 'imagenes_tecnocasa\\anuncio_20\\3.jpeg', 'imagenes_tecnocasa\\anuncio_20\\4.jpeg', 'imagenes_tecnocasa\\anuncio_20\\5.jpeg', 'imagenes_tecnocasa\\anuncio_20\\6.jpeg', 'imagenes_tecnocasa\\anuncio_20\\7.jpeg', 'imagenes_tecnocasa\\anuncio_20\\8.jpeg', 'imagenes_tecnocasa\\anuncio_20\\9.jpeg', 'imagenes_tecnocasa\\anuncio_20\\10.jpeg', 'imagenes_tecnocasa\\anuncio_20\\11.jpeg', 'imagenes_tecnocasa\\anuncio_20\\12.jpeg', 'imagenes_tecnocasa\\anuncio_20\\13.jpeg', 'imagenes_tecnocasa\\anuncio_20\\14.jpeg', 'imagenes_tecnocasa\\anuncio_20\\15.jpeg', 'imagenes_tecnocasa\\anuncio_20\\16.jpeg', 'imagenes_tecnocasa\\anuncio_20\\17.jpeg']",1,Media,2020,1,0,0,casa,2,Rivas-Vaciamadrid,Rivas-Vaciamadrid,40.3536054,-3.5310879,20,2900.4329004329006,366.0,227.0,0.9,1.0,3.0,1.0,parquet,pintura,corredera,estándar (2.4-2.8m),nada,6.0,7.2,moderno,"['#F2E9E4', '#A09F9C', '#514B47']",buena,True,eficiente,normal,ninguno,ninguno,estándar,parcialmente equipada,ninguno,7.6,7.4,ninguna,5
https://www.tecnocasa.es/venta/piso/madrid/tres-cantos/620972.html,495000.0,3,140.0,2,"¡POSIBILIDAD DE FINANCIACIÓN 100% CON NUESTRO DEPARTAMENTO FINANCIERO KÌRON!

Agencia inmobiliaria de Tres Cantos vende fantástico piso ubicado en la Primera Fase Tres Cantos.

La vivienda se compone de amplio y luminoso salón-comedor con salida a una terraza amplia. La vivienda consta también de una cocina reformada.
La vivienda está compuesta por 3 habitaciones todas con armarios empotrados. toda la vivienda es muy luminosas.

La vivienda dispone de 2 baños completos uno con bañera y otro con plato de ducha.

El piso dispone de trastero y plaza de garaje incluidos en el precio.

Entre las calidades podemos observar: calefacción individual de gas natural, ventanas de climalit osccilobatinestes, suelo de tarima AC5, armarios empotrados, la vivienda dispone de una reforma integra, entre otros.. .
Zona muy bien comunicada, a pocos minutos andando de la Renfe Cercanías y a 1 minuto de la para de Bus.

La ubicación del inmueble es inmejorable, a un paso la avenida colmenar viejo la cual consta de supermercados, farmacias, bar, tienda de alimentación y distintos comercios. Cerca de gran variedad de colegios de la zona y a primera linea de plena Avenida Colmenar Viejo.

VEN A VERLO, NO PIERDAS ESTA OPORTUNIDAD.

No dude en preguntar para hacer una visita.",0,1,1,1,1,1,0,1,0,1,"['https://cdn-media.medialabtc.it/es/agencies/md611/estates/620972/images/8989010/gallery_media.jpeg', 'https://cdn-media.medialabtc.it/es/agencies/md611/estates/620972/images/8989008/gallery_media.jpeg', 'https://cdn-media.medialabtc.it/es/agencies/md611/estates/620972/images/8988999/gallery_media.jpeg', 'https://cdn-media.medialabtc.it/es/agencies/md611/estates/620972/images/8988997/gallery_media.jpeg', 'https://cdn-media.medialabtc.it/es/agencies/md611/estates/620972/images/8988998/gallery_media.jpeg', 'https://cdn-media.medialabtc.it/es/agencies/md611/estates/620972/images/8989015/gallery_media.jpeg', 'https://cdn-media.medialabtc.it/es/agencies/md611/estates/620972/images/8989013/gallery_media.jpeg', 'https://cdn-media.medialabtc.it/es/agencies/md611/estates/620972/images/8989011/gallery_media.jpeg', 'https://cdn-media.medialabtc.it/es/agencies/md611/estates/620972/images/8988961/gallery_media.jpeg', 'https://cdn-media.medialabtc.it/es/agencies/md611/estates/620972/images/8989022/gallery_media.jpeg', 'https://cdn-media.medialabtc.it/es/agencies/md611/estates/620972/images/8989012/gallery_media.jpeg', 'https://cdn-media.medialabtc.it/es/agencies/md611/estates/620972/images/8989003/gallery_media.jpeg', 'https://cdn-media.medialabtc.it/es/agencies/md611/estates/620972/images/8989023/gallery_media.jpeg', 'https://cdn-media.medialabtc.it/es/agencies/md611/estates/620972/images/8989009/gallery_media.jpeg', 'https://cdn-media.medialabtc.it/es/agencies/md611/estates/620972/images/8989027/gallery_media.jpeg', 'https://cdn-media.medialabtc.it/es/agencies/md611/estates/620972/images/8989028/gallery_media.jpeg', 'https://cdn-media.medialabtc.it/es/agencies/md611/estates/620972/images/8989001/gallery_media.jpeg', 'https://cdn-media.medialabtc.it/es/agencies/md611/estates/620972/images/8989005/gallery_media.jpeg', 'https://cdn-media.medialabtc.it/es/agencies/md611/estates/620972/images/8989000/gallery_media.jpeg', 'https://cdn-media.medialabtc.it/es/agencies/md611/estates/620972/images/8989026/gallery_media.jpeg', 'https://cdn-media.medialabtc.it/es/agencies/md611/estates/620972/images/8989014/gallery_media.jpeg', 'https://cdn-media.medialabtc.it/es/agencies/md611/estates/620972/images/8989004/gallery_media.jpeg', 'https://cdn-media.medialabtc.it/es/agencies/md611/estates/620972/images/8989002/gallery_media.jpeg', 'https://cdn-media.medialabtc.it/es/agencies/md611/estates/620972/images/8989024/gallery_media.jpeg', 'https://cdn-media.medialabtc.it/es/agencies/md611/estates/620972/images/8989025/gallery_media.jpeg', 'https://cdn-media.medialabtc.it/es/agencies/md611/estates/620972/images/8989007/gallery_media.jpeg', 'https://cdn-media.medialabtc.it/es/agencies/md611/estates/620972/images/8989006/gallery_media.jpeg', 'https://cdn-media.medialabtc.it/es/agencies/md611/estates/620972/images/8989016/gallery_media.jpeg', 'https://cdn-media.medialabtc.it/es/agencies/md611/estates/620972/images/8989029/gallery_media.jpeg', 'https://cdn-media.medialabtc.it/es/agencies/md611/estates/620972/images/8988960/gallery_media.jpeg']",0,Desconocido,1,1,0,1,0,Desconocida,0,0,"['imagenes_tecnocasa\\anuncio_21\\0.jpeg', 'imagenes_tecnocasa\\anuncio_21\\1.jpeg', 'imagenes_tecnocasa\\anuncio_21\\2.jpeg', 'imagenes_tecnocasa\\anuncio_21\\3.jpeg', 'imagenes_tecnocasa\\anuncio_21\\4.jpeg', 'imagenes_tecnocasa\\anuncio_21\\5.jpeg', 'imagenes_tecnocasa\\anuncio_21\\6.jpeg', 'imagenes_tecnocasa\\anuncio_21\\7.jpeg', 'imagenes_tecnocasa\\anuncio_21\\8.jpeg', 'imagenes_tecnocasa\\anuncio_21\\9.jpeg', 'imagenes_tecnocasa\\anuncio_21\\10.jpeg', 'imagenes_tecnocasa\\anuncio_21\\11.jpeg', 'imagenes_tecnocasa\\anuncio_21\\12.jpeg', 'imagenes_tecnocasa\\anuncio_21\\13.jpeg', 'imagenes_tecnocasa\\anuncio_21\\14.jpeg', 'imagenes_tecnocasa\\anuncio_21\\15.jpeg', 'imagenes_tecnocasa\\anuncio_21\\16.jpeg', 'imagenes_tecnocasa\\anuncio_21\\17.jpeg', 'imagenes_tecnocasa\\anuncio_21\\18.jpeg', 'imagenes_tecnocasa\\anuncio_21\\19.jpeg', 'imagenes_tecnocasa\\anuncio_21\\20.jpeg', 'imagenes_tecnocasa\\anuncio_21\\21.jpeg', 'imagenes_tecnocasa\\anuncio_21\\22.jpeg', 'imagenes_tecnocasa\\anuncio_21\\23.jpeg', 'imagenes_tecnocasa\\anuncio_21\\24.jpeg', 'imagenes_tecnocasa\\anuncio_21\\25.jpeg', 'imagenes_tecnocasa\\anuncio_21\\26.jpeg', 'imagenes_tecnocasa\\anuncio_21\\27.jpeg', 'imagenes_tecnocasa\\anuncio_21\\28.jpeg', 'imagenes_tecnocasa\\anuncio_21\\29.jpeg']",1,Media,1986,1,0,1,piso,7,Tres Cantos,Tres Cantos,40.6065826,-3.7065333,21,3535.714285714286,203.0,142.0,0.05,0.4,2.0,0.0,parquet,pintura,corredera,estándar (2.4-2.8m),nada,4.8,5.2,moderno,"['#F2E8E1', '#D2B48C', '#FFFFFF']",buena,False,convencional,normal,ninguno,ninguno,estándar,parcialmente equipada,ninguno,7.2,6.6,ninguna,5
https://www.tecnocasa.es/venta/piso/madrid/alcorcon/622458.html,199000.0,3,65.0,1,"Agencia inmobiliaria de ALCORCÓN - zona POLVORANCA - Oficina Tecnocasa de ALCORCÓN, vende PISO EN ZONA CENTRO.
EN VENTA:
PISO PARA ENTRAR A VIVIR CON ASCENSOR.
La vivienda se compone de salón con terraza abierta, pasillo distribuidor, tres dormitorio y un baño. Cuenta con suelos de gres, puertas de sapelli, ventanas de aluminio y pintura en gotele, finca con ascensor.
Dispone de todos los transportes muy cercanos como lineas de autobus urbanas e interurbanas, estacion de RENFE y METRO, ademas de colegios, centro de salud, hospital, comercios y supermercados.
No dude en llamarnos para concertar una visita.",1,1,1,1,1,1,1,1,1,1,"['https://cdn-media.medialabtc.it/es/agencies/mdbl1/estates/622458/images/9010179/gallery_media.jpeg', 'https://cdn-media.medialabtc.it/es/agencies/mdbl1/estates/622458/images/9010168/gallery_media.jpeg', 'https://cdn-media.medialabtc.it/es/agencies/mdbl1/estates/622458/images/9010170/gallery_media.jpeg', 'https://cdn-media.medialabtc.it/es/agencies/mdbl1/estates/622458/images/9010174/gallery_media.jpeg', 'https://cdn-media.medialabtc.it/es/agencies/mdbl1/estates/622458/images/9010187/gallery_media.jpeg', 'https://cdn-media.medialabtc.it/es/agencies/mdbl1/estates/622458/images/9010182/gallery_media.jpeg', 'https://cdn-media.medialabtc.it/es/agencies/mdbl1/estates/622458/images/9010167/gallery_media.jpeg', 'https://cdn-media.medialabtc.it/es/agencies/mdbl1/estates/622458/images/9010178/gallery_media.jpeg', 'https://cdn-media.medialabtc.it/es/agencies/mdbl1/estates/622458/images/9010169/gallery_media.jpeg', 'https://cdn-media.medialabtc.it/es/agencies/mdbl1/estates/622458/images/9010176/gallery_media.jpeg', 'https://cdn-media.medialabtc.it/es/agencies/mdbl1/estates/622458/images/9010166/gallery_media.jpeg', 'https://cdn-media.medialabtc.it/es/agencies/mdbl1/estates/622458/images/9010186/gallery_media.jpeg', 'https://cdn-media.medialabtc.it/es/agencies/mdbl1/estates/622458/images/9010175/gallery_media.jpeg', 'https://cdn-media.medialabtc.it/es/agencies/mdbl1/estates/622458/images/9010173/gallery_media.jpeg', 'https://cdn-media.medialabtc.it/es/agencies/mdbl1/estates/622458/images/9010164/gallery_media.jpeg', 'https://cdn-media.medialabtc.it/es/agencies/mdbl1/estates/622458/images/9010172/gallery_media.jpeg', 'https://cdn-media.medialabtc.it/es/agencies/mdbl1/estates/622458/images/9010181/gallery_media.jpeg', 'https://cdn-media.medialabtc.it/es/agencies/mdbl1/estates/622458/images/9010165/gallery_media.jpeg', 'https://cdn-media.medialabtc.it/es/agencies/mdbl1/estates/622458/images/9010162/gallery_media.jpeg', 'https://cdn-media.medialabtc.it/es/agencies/mdbl1/estates/622458/images/9010177/gallery_media.jpeg', 'https://cdn-media.medialabtc.it/es/agencies/mdbl1/estates/622458/images/9010163/gallery_media.jpeg', 'https://cdn-media.medialabtc.it/es/agencies/mdbl1/estates/622458/images/9010180/gallery_media.jpeg', 'https://cdn-media.medialabtc.it/es/agencies/mdbl1/estates/622458/images/9010171/gallery_media.jpeg', 'https://cdn-media.medialabtc.it/es/agencies/mdbl1/estates/622458/images/9010185/gallery_media.jpeg', 'https://cdn-media.medialabtc.it/es/agencies/mdbl1/estates/622458/images/9010184/gallery_media.jpeg']",0,Desconocido,0,0,0,1,0,E,0,0,"['imagenes_tecnocasa\\anuncio_22\\0.jpeg', 'imagenes_tecnocasa\\anuncio_22\\1.jpeg', 'imagenes_tecnocasa\\anuncio_22\\2.jpeg', 'imagenes_tecnocasa\\anuncio_22\\3.jpeg', 'imagenes_tecnocasa\\anuncio_22\\4.jpeg', 'imagenes_tecnocasa\\anuncio_22\\5.jpeg', 'imagenes_tecnocasa\\anuncio_22\\6.jpeg', 'imagenes_tecnocasa\\anuncio_22\\7.jpeg', 'imagenes_tecnocasa\\anuncio_22\\8.jpeg', 'imagenes_tecnocasa\\anuncio_22\\9.jpeg', 'imagenes_tecnocasa\\anuncio_22\\10.jpeg', 'imagenes_tecnocasa\\anuncio_22\\11.jpeg', 'imagenes_tecnocasa\\anuncio_22\\12.jpeg', 'imagenes_tecnocasa\\anuncio_22\\13.jpeg', 'imagenes_tecnocasa\\anuncio_22\\14.jpeg', 'imagenes_tecnocasa\\anuncio_22\\15.jpeg', 'imagenes_tecnocasa\\anuncio_22\\16.jpeg', 'imagenes_tecnocasa\\anuncio_22\\17.jpeg', 'imagenes_tecnocasa\\anuncio_22\\18.jpeg', 'imagenes_tecnocasa\\anuncio_22\\19.jpeg', 'imagenes_tecnocasa\\anuncio_22\\20.jpeg', 'imagenes_tecnocasa\\anuncio_22\\21.jpeg', 'imagenes_tecnocasa\\anuncio_22\\22.jpeg', 'imagenes_tecnocasa\\anuncio_22\\23.jpeg', 'imagenes_tecnocasa\\anuncio_22\\24.jpeg']",0,Popular,1965,0,0,0,piso,2,Alcorcón,"Centro - Ondarreta - Torres Bellas, Centro, Alcorcón",40.3492998,-3.8284295,22,3061.5384615384614,97.0,78.0,0.0,0.0,0.0,0.0,cerámica,pintura,corredera,estándar (2.4-2.8m),nada,3.0,4.2,convencional,"['#FFFFFF', '#E0E0E0', '#FF0000']",regular,False,convencional,limitado,ninguno,ninguno,estándar,básica,ninguno,5.8,6.4,leve,5
https://www.tecnocasa.es/venta/piso/madrid/navalcarnero/618393.html,219900.0,1,74.0,1,"Agencia inmobiliaria de Navalcarnero

PISO SEMINUEVO EN EL PINAR DE 74 m2 SEGUN CATASTRO CON GARAJE Y TRASTERO

Compuesto por:

Un amplio dormitorio con armario empotrado, un cuarto de baño completo, amplio salon con terraza y cocina totalmente amueblada con tendedero.

Excelentes calidades: ventanas en climalit, puertas de paso en roble, calefaccion de gas natural, suelos en tarima flotante y armarios empotrados.

DISPONE DE PLAZA DE GARAJE Y TRASTERO INCLUIDOS EN EL PRECIO

El piso se encuentra enclavado en una la zona mas nueva de Navalcarnero construida en el año 2008, a solamente cinco minutos en coche de la plaza de Segovia.

El Pinar de Navalcarnero se encuentra excelentemente situado, con buen acceso tanto a la autovia como al centro del municipio. Navalcarnero cuenta con todos los servicios tales como farmacias, supermercados, excelentes colegios, zonas verdes, comercios, centro medico, asimismo, se encuentra a menos de 10 minutos en coche del hospital mas cercano.

En el caso de que necesite financiación, disponemos de un departamento financiero que estará encantado de atenderle y facilitarle la mejor financiacion del mercado, con una cuota para esta vivienda desde 695 /mes (consultar condiciones).",0,0,1,0,1,1,0,0,1,0,"['https://cdn-media.medialabtc.it/es/agencies/md590/estates/618393/images/9010150/gallery_media.jpeg', 'https://cdn-media.medialabtc.it/es/agencies/md590/estates/618393/images/9010116/gallery_media.jpeg', 'https://cdn-media.medialabtc.it/es/agencies/md590/estates/618393/images/9010153/gallery_media.jpeg', 'https://cdn-media.medialabtc.it/es/agencies/md590/estates/618393/images/9010151/gallery_media.jpeg', 'https://cdn-media.medialabtc.it/es/agencies/md590/estates/618393/images/9010117/gallery_media.jpeg', 'https://cdn-media.medialabtc.it/es/agencies/md590/estates/618393/images/9010146/gallery_media.jpeg', 'https://cdn-media.medialabtc.it/es/agencies/md590/estates/618393/images/9010120/gallery_media.jpeg', 'https://cdn-media.medialabtc.it/es/agencies/md590/estates/618393/images/9010115/gallery_media.jpeg', 'https://cdn-media.medialabtc.it/es/agencies/md590/estates/618393/images/9010152/gallery_media.jpeg', 'https://cdn-media.medialabtc.it/es/agencies/md590/estates/618393/images/9010145/gallery_media.jpeg', 'https://cdn-media.medialabtc.it/es/agencies/md590/estates/618393/images/9010159/gallery_media.jpeg', 'https://cdn-media.medialabtc.it/es/agencies/md590/estates/618393/images/9010118/gallery_media.jpeg', 'https://cdn-media.medialabtc.it/es/agencies/md590/estates/618393/images/9010144/gallery_media.jpeg', 'https://cdn-media.medialabtc.it/es/agencies/md590/estates/618393/images/9010156/gallery_media.jpeg', 'https://cdn-media.medialabtc.it/es/agencies/md590/estates/618393/images/9010154/gallery_media.jpeg', 'https://cdn-media.medialabtc.it/es/agencies/md590/estates/618393/images/9010119/gallery_media.jpeg', 'https://cdn-media.medialabtc.it/es/agencies/md590/estates/618393/images/9010147/gallery_media.jpeg', 'https://cdn-media.medialabtc.it/es/agencies/md590/estates/618393/images/9010142/gallery_media.jpeg', 'https://cdn-media.medialabtc.it/es/agencies/md590/estates/618393/images/9010148/gallery_media.jpeg', 'https://cdn-media.medialabtc.it/es/agencies/md590/estates/618393/images/9010121/gallery_media.jpeg', 'https://cdn-media.medialabtc.it/es/agencies/md590/estates/618393/images/9010155/gallery_media.jpeg', 'https://cdn-media.medialabtc.it/es/agencies/md590/estates/618393/images/9010160/gallery_media.jpeg', 'https://cdn-media.medialabtc.it/es/agencies/md590/estates/618393/images/9010157/gallery_media.jpeg', 'https://cdn-media.medialabtc.it/es/agencies/md590/estates/618393/images/9010158/gallery_media.jpeg', 'https://cdn-media.medialabtc.it/es/agencies/md590/estates/618393/images/9010143/gallery_media.jpeg', 'https://cdn-media.medialabtc.it/es/agencies/md590/estates/618393/images/9010149/gallery_media.jpeg']",0,Desconocido,1,1,0,1,0,E,0,0,"['imagenes_tecnocasa\\anuncio_23\\0.jpeg', 'imagenes_tecnocasa\\anuncio_23\\1.jpeg', 'imagenes_tecnocasa\\anuncio_23\\2.jpeg', 'imagenes_tecnocasa\\anuncio_23\\3.jpeg', 'imagenes_tecnocasa\\anuncio_23\\4.jpeg', 'imagenes_tecnocasa\\anuncio_23\\5.jpeg', 'imagenes_tecnocasa\\anuncio_23\\6.jpeg', 'imagenes_tecnocasa\\anuncio_23\\7.jpeg', 'imagenes_tecnocasa\\anuncio_23\\8.jpeg', 'imagenes_tecnocasa\\anuncio_23\\9.jpeg', 'imagenes_tecnocasa\\anuncio_23\\10.jpeg', 'imagenes_tecnocasa\\anuncio_23\\11.jpeg', 'imagenes_tecnocasa\\anuncio_23\\12.jpeg', 'imagenes_tecnocasa\\anuncio_23\\13.jpeg', 'imagenes_tecnocasa\\anuncio_23\\14.jpeg', 'imagenes_tecnocasa\\anuncio_23\\15.jpeg', 'imagenes_tecnocasa\\anuncio_23\\16.jpeg', 'imagenes_tecnocasa\\anuncio_23\\17.jpeg', 'imagenes_tecnocasa\\anuncio_23\\18.jpeg', 'imagenes_tecnocasa\\anuncio_23\\19.jpeg', 'imagenes_tecnocasa\\anuncio_23\\20.jpeg', 'imagenes_tecnocasa\\anuncio_23\\21.jpeg', 'imagenes_tecnocasa\\anuncio_23\\22.jpeg', 'imagenes_tecnocasa\\anuncio_23\\23.jpeg', 'imagenes_tecnocasa\\anuncio_23\\24.jpeg', 'imagenes_tecnocasa\\anuncio_23\\25.jpeg']",0,Media,2012,1,0,1,piso,1,Navalcarnero,Navalcarnero,40.2877169,-4.014299,23,2971.6216216216217,188.0,132.0,0.1,0.4,1.0,0.0,otro,pintura,corredera,estándar (2.4-2.8m),nada,4.0,5.2,moderno,"['#F2E6D9', '#D2B48C', '#A0522D']",buena,False,convencional,normal,ninguno,ninguno,estándar,básica,ninguno,7.2,6.4,ninguna,5
https://www.tecnocasa.es/venta/piso/madrid/madrid/618931.html,269900.0,3,78.0,1,"Descubre esta encantadora propiedad de época ubicada en el corazón del municipio de Madrid. Construida en 1962, esta vivienda ofrece una superficie de 78 m² distribuidos de manera eficiente para brindar comodidad y funcionalidad. Al ingresar, te recibirán tres dormitorios bien iluminados, ideales para adaptarse a tus necesidades personales o familiares. La distribución del espacio permite una convivencia armoniosa, con áreas comunes que invitan al descanso y la interacción. La propiedad conserva detalles arquitectónicos que reflejan su carácter original, ofreciendo una atmósfera acogedora y única. Su ubicación estratégica te sitúa cerca de servicios esenciales, transporte público y espacios de ocio, facilitando un estilo de vida práctico y conectado. Esta es una oportunidad para adquirir una vivienda con historia y personalidad en una de las zonas más deseadas de Madrid. No pierdas la oportunidad de hacerla tuya.",1,0,1,1,1,1,0,1,1,1,"['https://cdn-media.medialabtc.it/es/agencies/md055/estates/618931/images/8945008/gallery_media.jpeg', 'https://cdn-media.medialabtc.it/es/agencies/md055/estates/618931/images/8945020/gallery_media.jpeg', 'https://cdn-media.medialabtc.it/es/agencies/md055/estates/618931/images/8945016/gallery_media.jpeg', 'https://cdn-media.medialabtc.it/es/agencies/md055/estates/618931/images/8945013/gallery_media.jpeg', 'https://cdn-media.medialabtc.it/es/agencies/md055/estates/618931/images/8945006/gallery_media.jpeg', 'https://cdn-media.medialabtc.it/es/agencies/md055/estates/618931/images/8945019/gallery_media.jpeg', 'https://cdn-media.medialabtc.it/es/agencies/md055/estates/618931/images/8945010/gallery_media.jpeg', 'https://cdn-media.medialabtc.it/es/agencies/md055/estates/618931/images/8945012/gallery_media.jpeg', 'https://cdn-media.medialabtc.it/es/agencies/md055/estates/618931/images/8945015/gallery_media.jpeg', 'https://cdn-media.medialabtc.it/es/agencies/md055/estates/618931/images/8945005/gallery_media.jpeg', 'https://cdn-media.medialabtc.it/es/agencies/md055/estates/618931/images/8945009/gallery_media.jpeg', 'https://cdn-media.medialabtc.it/es/agencies/md055/estates/618931/images/8945004/gallery_media.jpeg', 'https://cdn-media.medialabtc.it/es/agencies/md055/estates/618931/images/8945011/gallery_media.jpeg', 'https://cdn-media.medialabtc.it/es/agencies/md055/estates/618931/images/8945002/gallery_media.jpeg', 'https://cdn-media.medialabtc.it/es/agencies/md055/estates/618931/images/8945007/gallery_media.jpeg', 'https://cdn-media.medialabtc.it/es/agencies/md055/estates/618931/images/8945003/gallery_media.jpeg', 'https://cdn-media.medialabtc.it/es/agencies/md055/estates/618931/images/8945021/gallery_media.jpeg', 'https://cdn-media.medialabtc.it/es/agencies/md055/estates/618931/images/8945014/gallery_media.jpeg', 'https://cdn-media.medialabtc.it/es/agencies/md055/estates/618931/images/8945017/gallery_media.jpeg', 'https://cdn-media.medialabtc.it/es/agencies/md055/estates/618931/images/8945018/gallery_media.jpeg']",0,Desconocido,0,0,0,0,0,E,0,0,"['imagenes_tecnocasa\\anuncio_25\\0.jpeg', 'imagenes_tecnocasa\\anuncio_25\\1.jpeg', 'imagenes_tecnocasa\\anuncio_25\\2.jpeg', 'imagenes_tecnocasa\\anuncio_25\\3.jpeg', 'imagenes_tecnocasa\\anuncio_25\\4.jpeg', 'imagenes_tecnocasa\\anuncio_25\\5.jpeg', 'imagenes_tecnocasa\\anuncio_25\\6.jpeg', 'imagenes_tecnocasa\\anuncio_25\\7.jpeg', 'imagenes_tecnocasa\\anuncio_25\\8.jpeg', 'imagenes_tecnocasa\\anuncio_25\\9.jpeg', 'imagenes_tecnocasa\\anuncio_25\\10.jpeg', 'imagenes_tecnocasa\\anuncio_25\\11.jpeg', 'imagenes_tecnocasa\\anuncio_25\\12.jpeg', 'imagenes_tecnocasa\\anuncio_25\\13.jpeg', 'imagenes_tecnocasa\\anuncio_25\\14.jpeg', 'imagenes_tecnocasa\\anuncio_25\\15.jpeg', 'imagenes_tecnocasa\\anuncio_25\\16.jpeg', 'imagenes_tecnocasa\\anuncio_25\\17.jpeg', 'imagenes_tecnocasa\\anuncio_25\\18.jpeg', 'imagenes_tecnocasa\\anuncio_25\\19.jpeg']",0,De época,1962,0,0,0,piso,2,Ciudad Lineal,"Ciudad Lineal, Ventas, Madrid",40.4484305,-3.650495,25,3460.25641025641,136.0,102.0,0.375,0.75,0.0,0.0,parquet,pintura,corredera,estándar (2.4-2.8m),nada,5.2,5.8,moderno,"['#F5F5DC', '#A0522D', '#FFFFFF']",buena,True,eficiente,normal,ninguno,ninguno,estándar,parcialmente equipada,ninguno,7.4,7.6,ninguna,5
https://www.tecnocasa.es/venta/piso/madrid/leganes/622149.html,159900.0,2,70.0,1,"Agencia inmobiliaria de LEGANÉS zona LA FORTUNA Oficina Tecnocasa:
EN VENTA CÓMODO PISO BAJO: Ideal para personas mayores, o con movilidad reducida.
Con una excelente ubicación, exterior, descrito de entrada, salón comedor, amplia cocina, tres amplios dormitorios, baño con plato de ducha. Único acceso a través de la cocina a patio comunitario de uso y disfrute para tender.
Contactanos para ampliar información.
Excelente ubicación, cercano a paradas de autobuses, estación de Metro Madrid La Fortuna Línea 11, centro de salud, centros educativos e innumerables comercios.
Asesoramiento financiero sin compromiso, contamos con Kìron, la red de intermediación en servicios financieros del Grupo Tecnocasa, que te ayudará a buscar la hipoteca necesaria para adquirir el inmueble. Te ayudamos a conseguir las mejores condiciones con las entidades bancarias.",1,1,1,1,1,1,1,1,1,1,"['https://cdn-media.medialabtc.it/es/agencies/md522/estates/622149/images/9007186/gallery_media.jpeg', 'https://cdn-media.medialabtc.it/es/agencies/md522/estates/622149/images/9007120/gallery_media.jpeg', 'https://cdn-media.medialabtc.it/es/agencies/md522/estates/622149/images/9007185/gallery_media.jpeg', 'https://cdn-media.medialabtc.it/es/agencies/md522/estates/622149/images/9007119/gallery_media.jpeg', 'https://cdn-media.medialabtc.it/es/agencies/md522/estates/622149/images/9007121/gallery_media.jpeg', 'https://cdn-media.medialabtc.it/es/agencies/md522/estates/622149/images/9007116/gallery_media.jpeg', 'https://cdn-media.medialabtc.it/es/agencies/md522/estates/622149/images/9007182/gallery_media.jpeg', 'https://cdn-media.medialabtc.it/es/agencies/md522/estates/622149/images/9007183/gallery_media.jpeg', 'https://cdn-media.medialabtc.it/es/agencies/md522/estates/622149/images/9007184/gallery_media.jpeg', 'https://cdn-media.medialabtc.it/es/agencies/md522/estates/622149/images/9007118/gallery_media.jpeg', 'https://cdn-media.medialabtc.it/es/agencies/md522/estates/622149/images/9007187/gallery_media.jpeg', 'https://cdn-media.medialabtc.it/es/agencies/md522/estates/622149/images/9007117/gallery_media.jpeg', 'https://cdn-media.medialabtc.it/es/agencies/md522/estates/622149/images/9007188/gallery_media.jpeg']",0,Desconocido,0,0,0,0,0,Desconocida,0,0,"['imagenes_tecnocasa\\anuncio_26\\0.jpeg', 'imagenes_tecnocasa\\anuncio_26\\1.jpeg', 'imagenes_tecnocasa\\anuncio_26\\2.jpeg', 'imagenes_tecnocasa\\anuncio_26\\3.jpeg', 'imagenes_tecnocasa\\anuncio_26\\4.jpeg', 'imagenes_tecnocasa\\anuncio_26\\5.jpeg', 'imagenes_tecnocasa\\anuncio_26\\6.jpeg', 'imagenes_tecnocasa\\anuncio_26\\7.jpeg', 'imagenes_tecnocasa\\anuncio_26\\8.jpeg', 'imagenes_tecnocasa\\anuncio_26\\9.jpeg', 'imagenes_tecnocasa\\anuncio_26\\10.jpeg', 'imagenes_tecnocasa\\anuncio_26\\11.jpeg', 'imagenes_tecnocasa\\anuncio_26\\12.jpeg']",0,Media,1968,0,0,0,piso,1,Leganés,Leganés,40.3281942,-3.76527,26,2284.285714285714,125.0,103.0,0.45,0.5,1.0,1.0,otro,pintura,ninguna visible,estándar (2.4-2.8m),nada,2.6,4.0,convencional,"['#FFFFFF', '#D3D3D3', '#B0C4DE']",regular,False,convencional,limitado,ninguno,ninguno,estándar,básica,ninguno,6.4,6.2,ninguna,5
https://www.tecnocasa.es/venta/piso/madrid/alcorcon/620909.html,199000.0,3,61.0,1,"Agencia inmobiliaria de ALCORCÓN zona ALCORCÓN SUR - CANTOS Oficina Tecnocasa Villa Alcorcon
Ubicacion: Calle Alameda, con ASCENSOR.
Descubre esta acogedora vivienda en el corazón del barrio Centro de Alcorcón. Este piso, con una superficie de 62 m², ofrece un espacio funcional y bien distribuido, ideal para quienes buscan comodidad y practicidad. La propiedad cuenta con tres dormitorios, perfectos para familias o para quienes necesitan espacio adicional para una oficina en casa. Su ubicación céntrica te permitirá disfrutar de todos los servicios y comodidades que ofrece Alcorcón, con tiendas, restaurantes y transporte público a pocos pasos. Esta es una oportunidad única para adquirir una vivienda en una zona con gran potencial de crecimiento. No pierdas la oportunidad de visitar este piso y descubrir todo lo que tiene para ofrecer.
No dudes en contactarnos para obtener más información o concertar una visita a este maravilloso local. Nuestro equipo de agentes inmobiliarios estará encantado de ayudarte y responder a todas tus preguntas.

Además, te invitamos a consultar sin compromiso nuestras opciones de financiación a través de nuestro departamento de intermediación financiera ''Kiron''. Podrás obtener financiación al 80%, 90% e incluso hasta el 100% de tu hipoteca, dependiendo de su perfil económico. Kiron facilita así el proceso de compra de tu nuevo hogar.

En el precio de venta expuesto no se hayan incluidos los gastos de formalización de la compraventa, tales como honorarios de notaria, honorarios de la inscripción registral, honorarios por la tramitación e inscripción registral de escrituras ni el ITP (Tipo máximo en Madrid es del 6%). Del mismo modo, en el precio anunciado, no se incluyen los honorarios de la agencia al comprador, que ascienden al 3%+IVA (tipo impositivo 21%) que se abonarán por el sobre el precio fijado en la promesa de compra suscrita por el mismo. Tampoco se encuentra incluidos en el precio anunciado otros tributos y gastos que pudieran existir al suscribir una hipoteca, tales como gastos de tasación, comisión bancaria de apertura del préstamo, AJD (Impuesto por los Actos Jurídicos Documentados, gastos de segundas copias.

No dejes pasar esta oportunidad de adquirir una vivienda con una distribución cómoda y múltiples posibilidades. ¡Llámanos hoy mismo y déjanos hacer realidad tus sueños de un hogar perfecto en Alcorcón!",1,1,1,1,1,1,1,1,1,1,"['https://cdn-media.medialabtc.it/es/agencies/mdbl0/estates/620909/images/8993517/gallery_media.jpeg', 'https://cdn-media.medialabtc.it/es/agencies/mdbl0/estates/620909/images/8993509/gallery_media.jpeg', 'https://cdn-media.medialabtc.it/es/agencies/mdbl0/estates/620909/images/9005794/gallery_media.jpeg', 'https://cdn-media.medialabtc.it/es/agencies/mdbl0/estates/620909/images/8993512/gallery_media.jpeg', 'https://cdn-media.medialabtc.it/es/agencies/mdbl0/estates/620909/images/9003922/gallery_media.jpeg', 'https://cdn-media.medialabtc.it/es/agencies/mdbl0/estates/620909/images/8993511/gallery_media.jpeg', 'https://cdn-media.medialabtc.it/es/agencies/mdbl0/estates/620909/images/8993514/gallery_media.jpeg', 'https://cdn-media.medialabtc.it/es/agencies/mdbl0/estates/620909/images/9003923/gallery_media.jpeg', 'https://cdn-media.medialabtc.it/es/agencies/mdbl0/estates/620909/images/9005795/gallery_media.jpeg', 'https://cdn-media.medialabtc.it/es/agencies/mdbl0/estates/620909/images/9003924/gallery_media.jpeg', 'https://cdn-media.medialabtc.it/es/agencies/mdbl0/estates/620909/images/9005797/gallery_media.jpeg', 'https://cdn-media.medialabtc.it/es/agencies/mdbl0/estates/620909/images/9003925/gallery_media.jpeg', 'https://cdn-media.medialabtc.it/es/agencies/mdbl0/estates/620909/images/8993510/gallery_media.jpeg', 'https://cdn-media.medialabtc.it/es/agencies/mdbl0/estates/620909/images/9003926/gallery_media.jpeg', 'https://cdn-media.medialabtc.it/es/agencies/mdbl0/estates/620909/images/8993518/gallery_media.jpeg', 'https://cdn-media.medialabtc.it/es/agencies/mdbl0/estates/620909/images/9005796/gallery_media.jpeg', 'https://cdn-media.medialabtc.it/es/agencies/mdbl0/estates/620909/images/9005798/gallery_media.jpeg', 'https://cdn-media.medialabtc.it/es/agencies/mdbl0/estates/620909/images/9005792/gallery_media.jpeg', 'https://cdn-media.medialabtc.it/es/agencies/mdbl0/estates/620909/images/8993515/gallery_media.jpeg', 'https://cdn-media.medialabtc.it/es/agencies/mdbl0/estates/620909/images/9005799/gallery_media.jpeg', 'https://cdn-media.medialabtc.it/es/agencies/mdbl0/estates/620909/images/8993513/gallery_media.jpeg', 'https://cdn-media.medialabtc.it/es/agencies/mdbl0/estates/620909/images/8993516/gallery_media.jpeg', 'https://cdn-media.medialabtc.it/es/agencies/mdbl0/estates/620909/images/9005793/gallery_media.jpeg', 'https://cdn-media.medialabtc.it/es/agencies/mdbl0/estates/620909/images/8993508/gallery_media.jpeg']",0,Desconocido,0,0,0,0,0,Desconocida,0,0,"['imagenes_tecnocasa\\anuncio_27\\0.jpeg', 'imagenes_tecnocasa\\anuncio_27\\1.jpeg', 'imagenes_tecnocasa\\anuncio_27\\2.jpeg', 'imagenes_tecnocasa\\anuncio_27\\3.jpeg', 'imagenes_tecnocasa\\anuncio_27\\4.jpeg', 'imagenes_tecnocasa\\anuncio_27\\5.jpeg', 'imagenes_tecnocasa\\anuncio_27\\6.jpeg', 'imagenes_tecnocasa\\anuncio_27\\7.jpeg', 'imagenes_tecnocasa\\anuncio_27\\8.jpeg', 'imagenes_tecnocasa\\anuncio_27\\9.jpeg', 'imagenes_tecnocasa\\anuncio_27\\10.jpeg', 'imagenes_tecnocasa\\anuncio_27\\11.jpeg', 'imagenes_tecnocasa\\anuncio_27\\12.jpeg', 'imagenes_tecnocasa\\anuncio_27\\13.jpeg', 'imagenes_tecnocasa\\anuncio_27\\14.jpeg', 'imagenes_tecnocasa\\anuncio_27\\15.jpeg', 'imagenes_tecnocasa\\anuncio_27\\16.jpeg', 'imagenes_tecnocasa\\anuncio_27\\17.jpeg', 'imagenes_tecnocasa\\anuncio_27\\18.jpeg', 'imagenes_tecnocasa\\anuncio_27\\19.jpeg', 'imagenes_tecnocasa\\anuncio_27\\20.jpeg', 'imagenes_tecnocasa\\anuncio_27\\21.jpeg', 'imagenes_tecnocasa\\anuncio_27\\22.jpeg', 'imagenes_tecnocasa\\anuncio_27\\23.jpeg']",0,Media,1955,0,0,1,piso,2,Alcorcón,"Centro, Alcorcón",40.3492998,-3.8284295,27,3262.2950819672133,370.0,232.0,0.45,0.5,0.0,1.0,parquet,pintura,corredera,estándar (2.4-2.8m),nada,3.0,3.6,convencional,"['#FFFFFF', '#D2B48C', '#A0522D']",regular,False,convencional,limitado,ninguno,ninguno,estándar,básica,ninguno,6.2,6.4,ninguna,5
https://www.tecnocasa.es/venta/piso/madrid/madrid/568112.html,348000.0,3,69.0,1,"1ª Planta, reforma a estrenar, estancias independientes, terraza amplia, armarios empotrados, ventanas térmicas, A/Acond con bomba de calor, cocina amueblada. Cerca a C/ Alcala.
Nuestro departamento Kíron te consigue la mejor financiación personalizada del mercado.
C/ Juan Pascual. El salón es de buen tamaño, es exterior e independiente con acceso directo a una agradable y amplia terraza cuya orientación es sureste.
La cocina es totalmente nueva a estrenar, moderna y funcional, está amueblada y equipada con placa de inducción, horno, campana extractora, lavavajillas y nevera.
El dormitorio principal destaca por su amplitud, buena iluminación natural y un gran armario empotrado que optimiza el almacenamiento sin restar espacio.
Los dormitorios individuales son igualmente luminosos y cuentan con su armario empotrado correspondiente.
El baño ha sido renovado totalmente con un diseño actual y funcional, dispone de plato de ducha con mampara, mueble bajo lavabo y espejo con iluminación. El baño también tiene espacio para lavadora y un gran termo de agua de 80 litros..
Toda la vivienda cuenta con ventanas térmicas oscilobatientes, paredes lisas y suelo de tarima flotante. Cada estancia (dormitorios y salón) cuenta con un sistema de climatización que incluye aires acondicionados con bomba de calor y conectividad wifi, lo que permite su control remoto mediante aplicaciones móviles para mayor comodidad al regular la temperatura de cada estancia.
El edificio tiene la fachada de ladrillo visto y está en excelente estado de conservación.
La ITE está pasada del año 2018.
El inmueble está muy bien ubicado en zona tranquila y bien comunicada, cercano a supermercados (Mercadona, Ahorramas, Dia, etc..) y hay varias líneas de autobús y de metro, las más cercanas son las de Quintana (L-5), Pueblo Nuevo (L-5 y L-7)
Realizamos valoraciones gratuitas de viviendas, locales, garajes, etc. por si usted está interesado en vender o alquilar alguna propiedad.
Consulte sin compromiso a los líderes del mercado.
Nuestro departamento Kíron te consigue la mejor financiación personalizada del mercado.
Si desea concertar una visita o ampliar información puede contactarnos y le responderemos lo antes posible, estaremos encantados de atenderle.
Muchas gracias por su confianza.
La información de este anuncio, se muestra a título informativo, no es contractual ni vinculante y puede contener errores.
¡Contáctenos y gestionaremos su visita!
Puede encontrarnos en C/ EMILIO FERRARI Nº 33, <M> Pueblo Nuevo (L-5 y L-7)
Teléfono fijo (+34) 91 377 19 79 / Móvil y whatsapp (+34) 635 603 345.",1,0,1,1,1,1,1,1,1,1,"['https://cdn-media.medialabtc.it/es/agencies/mdaq3/estates/568112/images/8983151/gallery_media.jpeg', 'https://cdn-media.medialabtc.it/es/agencies/mdaq3/estates/568112/images/8990611/gallery_media.jpeg', 'https://cdn-media.medialabtc.it/es/agencies/mdaq3/estates/568112/images/8983165/gallery_media.jpeg', 'https://cdn-media.medialabtc.it/es/agencies/mdaq3/estates/568112/images/8990610/gallery_media.jpeg', 'https://cdn-media.medialabtc.it/es/agencies/mdaq3/estates/568112/images/8990612/gallery_media.jpeg', 'https://cdn-media.medialabtc.it/es/agencies/mdaq3/estates/568112/images/8983172/gallery_media.jpeg', 'https://cdn-media.medialabtc.it/es/agencies/mdaq3/estates/568112/images/8983168/gallery_media.jpeg', 'https://cdn-media.medialabtc.it/es/agencies/mdaq3/estates/568112/images/8983152/gallery_media.jpeg', 'https://cdn-media.medialabtc.it/es/agencies/mdaq3/estates/568112/images/8990607/gallery_media.jpeg', 'https://cdn-media.medialabtc.it/es/agencies/mdaq3/estates/568112/images/8983173/gallery_media.jpeg', 'https://cdn-media.medialabtc.it/es/agencies/mdaq3/estates/568112/images/8983169/gallery_media.jpeg', 'https://cdn-media.medialabtc.it/es/agencies/mdaq3/estates/568112/images/8983161/gallery_media.jpeg', 'https://cdn-media.medialabtc.it/es/agencies/mdaq3/estates/568112/images/8983167/gallery_media.jpeg', 'https://cdn-media.medialabtc.it/es/agencies/mdaq3/estates/568112/images/8983166/gallery_media.jpeg', 'https://cdn-media.medialabtc.it/es/agencies/mdaq3/estates/568112/images/8990609/gallery_media.jpeg', 'https://cdn-media.medialabtc.it/es/agencies/mdaq3/estates/568112/images/8983157/gallery_media.jpeg', 'https://cdn-media.medialabtc.it/es/agencies/mdaq3/estates/568112/images/8983170/gallery_media.jpeg', 'https://cdn-media.medialabtc.it/es/agencies/mdaq3/estates/568112/images/8990606/gallery_media.jpeg', 'https://cdn-media.medialabtc.it/es/agencies/mdaq3/estates/568112/images/8990608/gallery_media.jpeg', 'https://cdn-media.medialabtc.it/es/agencies/mdaq3/estates/568112/images/8983171/gallery_media.jpeg', 'https://cdn-media.medialabtc.it/es/agencies/mdaq3/estates/568112/images/8983159/gallery_media.jpeg', 'https://cdn-media.medialabtc.it/es/agencies/mdaq3/estates/568112/images/8983163/gallery_media.jpeg', 'https://cdn-media.medialabtc.it/es/agencies/mdaq3/estates/568112/images/8983150/gallery_media.jpeg', 'https://cdn-media.medialabtc.it/es/agencies/mdaq3/estates/568112/images/8983162/gallery_media.jpeg', 'https://cdn-media.medialabtc.it/es/agencies/mdaq3/estates/568112/images/8983160/gallery_media.jpeg']",0,Desconocido,0,0,0,1,0,Desconocida,0,1,"['imagenes_tecnocasa\\anuncio_31\\0.jpeg', 'imagenes_tecnocasa\\anuncio_31\\1.jpeg', 'imagenes_tecnocasa\\anuncio_31\\2.jpeg', 'imagenes_tecnocasa\\anuncio_31\\3.jpeg', 'imagenes_tecnocasa\\anuncio_31\\4.jpeg', 'imagenes_tecnocasa\\anuncio_31\\5.jpeg', 'imagenes_tecnocasa\\anuncio_31\\6.jpeg', 'imagenes_tecnocasa\\anuncio_31\\7.jpeg', 'imagenes_tecnocasa\\anuncio_31\\8.jpeg', 'imagenes_tecnocasa\\anuncio_31\\9.jpeg', 'imagenes_tecnocasa\\anuncio_31\\10.jpeg', 'imagenes_tecnocasa\\anuncio_31\\11.jpeg', 'imagenes_tecnocasa\\anuncio_31\\12.jpeg', 'imagenes_tecnocasa\\anuncio_31\\13.jpeg', 'imagenes_tecnocasa\\anuncio_31\\14.jpeg', 'imagenes_tecnocasa\\anuncio_31\\15.jpeg', 'imagenes_tecnocasa\\anuncio_31\\16.jpeg', 'imagenes_tecnocasa\\anuncio_31\\17.jpeg', 'imagenes_tecnocasa\\anuncio_31\\18.jpeg', 'imagenes_tecnocasa\\anuncio_31\\19.jpeg', 'imagenes_tecnocasa\\anuncio_31\\20.jpeg', 'imagenes_tecnocasa\\anuncio_31\\21.jpeg', 'imagenes_tecnocasa\\anuncio_31\\22.jpeg', 'imagenes_tecnocasa\\anuncio_31\\23.jpeg', 'imagenes_tecnocasa\\anuncio_31\\24.jpeg']",0,Media,1970,0,0,0,piso,1,Madrid,"Pueblo Nuevo, Madrid",40.4167047,-3.7035825,31,5043.478260869565,397.0,267.0,0.03333333333333333,0.1923076923076923,1.0,0.0,vinilo,pintura,ninguna,estándar (2.4-2.8m),nada,3.6,5.6,moderno,"['#FFFFFF', '#CC6600', '#A0522D']",buena,False,convencional,limitado,ninguno,ninguno,estándar,básica,ninguno,6.8,6.6,ninguna,5
https://www.tecnocasa.es/venta/piso/madrid/madrid/610684.html,242000.0,2,77.0,2,"Agencia inmobiliaria de MADRID - zona USERA - MOSCARDO - PLAZA ELÍPTICA
Vende vivienda en la calle San Nicomedes compuesta de 2 Dormitorios (ANTES 3), Salón, Cocina y Baño.

Tiene varios puntos a destacar:

- Finca a 4 minutos andando del metro de Plaza Elíptica.
- Finca a 6 minutos del metro de Usera.
- Vivienda luminosa.
- La cercanía a Madrid Río a 15 minutos andando.

Zona perfecta para las familias con zonas verdes en el entorno, bloque muy tranquilo
A 15 MINUTOS A PIE DE MADRID RÍO.
Fácil acceso a A42, M40, M30 Calle de Antonio López, Avenida de Andalucía, Hospital 12 de octubre, a 10 minutos del metro almendrales línea 3 (Villaverde - Moncloa), autobuses (47, 247 y 60 y búho Nº12 ). Zona con todos los servicios, supermercado próximo.",1,1,1,1,1,1,1,1,1,1,"['https://cdn-media.medialabtc.it/es/agencies/mdak3/estates/610684/images/8750206/gallery_media.jpeg', 'https://cdn-media.medialabtc.it/es/agencies/mdak3/estates/610684/images/8750204/gallery_media.jpeg', 'https://cdn-media.medialabtc.it/es/agencies/mdak3/estates/610684/images/8750221/gallery_media.jpeg', 'https://cdn-media.medialabtc.it/es/agencies/mdak3/estates/610684/images/8750198/gallery_media.jpeg', 'https://cdn-media.medialabtc.it/es/agencies/mdak3/estates/610684/images/8750189/gallery_media.jpeg', 'https://cdn-media.medialabtc.it/es/agencies/mdak3/estates/610684/images/8750199/gallery_media.jpeg', 'https://cdn-media.medialabtc.it/es/agencies/mdak3/estates/610684/images/8750224/gallery_media.jpeg', 'https://cdn-media.medialabtc.it/es/agencies/mdak3/estates/610684/images/8750195/gallery_media.jpeg', 'https://cdn-media.medialabtc.it/es/agencies/mdak3/estates/610684/images/8750209/gallery_media.jpeg', 'https://cdn-media.medialabtc.it/es/agencies/mdak3/estates/610684/images/8750208/gallery_media.jpeg', 'https://cdn-media.medialabtc.it/es/agencies/mdak3/estates/610684/images/8750203/gallery_media.jpeg', 'https://cdn-media.medialabtc.it/es/agencies/mdak3/estates/610684/images/8750222/gallery_media.jpeg', 'https://cdn-media.medialabtc.it/es/agencies/mdak3/estates/610684/images/8750191/gallery_media.jpeg', 'https://cdn-media.medialabtc.it/es/agencies/mdak3/estates/610684/images/8750207/gallery_media.jpeg', 'https://cdn-media.medialabtc.it/es/agencies/mdak3/estates/610684/images/8750202/gallery_media.jpeg', 'https://cdn-media.medialabtc.it/es/agencies/mdak3/estates/610684/images/8750194/gallery_media.jpeg', 'https://cdn-media.medialabtc.it/es/agencies/mdak3/estates/610684/images/8750218/gallery_media.jpeg', 'https://cdn-media.medialabtc.it/es/agencies/mdak3/estates/610684/images/8750201/gallery_media.jpeg', 'https://cdn-media.medialabtc.it/es/agencies/mdak3/estates/610684/images/8750210/gallery_media.jpeg', 'https://cdn-media.medialabtc.it/es/agencies/mdak3/estates/610684/images/8750225/gallery_media.jpeg', 'https://cdn-media.medialabtc.it/es/agencies/mdak3/estates/610684/images/8750219/gallery_media.jpeg', 'https://cdn-media.medialabtc.it/es/agencies/mdak3/estates/610684/images/8750220/gallery_media.jpeg', 'https://cdn-media.medialabtc.it/es/agencies/mdak3/estates/610684/images/8750223/gallery_media.jpeg', 'https://cdn-media.medialabtc.it/es/agencies/mdak3/estates/610684/images/8750214/gallery_media.jpeg', 'https://cdn-media.medialabtc.it/es/agencies/mdak3/estates/610684/images/8750211/gallery_media.jpeg', 'https://cdn-media.medialabtc.it/es/agencies/mdak3/estates/610684/images/8750217/gallery_media.jpeg', 'https://cdn-media.medialabtc.it/es/agencies/mdak3/estates/610684/images/8750196/gallery_media.jpeg', 'https://cdn-media.medialabtc.it/es/agencies/mdak3/estates/610684/images/8750200/gallery_media.jpeg']",0,Desconocido,0,0,0,0,0,E,0,0,"['imagenes_tecnocasa\\anuncio_33\\0.jpeg', 'imagenes_tecnocasa\\anuncio_33\\1.jpeg', 'imagenes_tecnocasa\\anuncio_33\\2.jpeg', 'imagenes_tecnocasa\\anuncio_33\\3.jpeg', 'imagenes_tecnocasa\\anuncio_33\\4.jpeg', 'imagenes_tecnocasa\\anuncio_33\\5.jpeg', 'imagenes_tecnocasa\\anuncio_33\\6.jpeg', 'imagenes_tecnocasa\\anuncio_33\\7.jpeg', 'imagenes_tecnocasa\\anuncio_33\\8.jpeg', 'imagenes_tecnocasa\\anuncio_33\\9.jpeg', 'imagenes_tecnocasa\\anuncio_33\\10.jpeg', 'imagenes_tecnocasa\\anuncio_33\\11.jpeg', 'imagenes_tecnocasa\\anuncio_33\\12.jpeg', 'imagenes_tecnocasa\\anuncio_33\\13.jpeg', 'imagenes_tecnocasa\\anuncio_33\\14.jpeg', 'imagenes_tecnocasa\\anuncio_33\\15.jpeg', 'imagenes_tecnocasa\\anuncio_33\\16.jpeg', 'imagenes_tecnocasa\\anuncio_33\\17.jpeg', 'imagenes_tecnocasa\\anuncio_33\\18.jpeg', 'imagenes_tecnocasa\\anuncio_33\\19.jpeg', 'imagenes_tecnocasa\\anuncio_33\\20.jpeg', 'imagenes_tecnocasa\\anuncio_33\\21.jpeg', 'imagenes_tecnocasa\\anuncio_33\\22.jpeg', 'imagenes_tecnocasa\\anuncio_33\\23.jpeg', 'imagenes_tecnocasa\\anuncio_33\\24.jpeg', 'imagenes_tecnocasa\\anuncio_33\\25.jpeg', 'imagenes_tecnocasa\\anuncio_33\\26.jpeg', 'imagenes_tecnocasa\\anuncio_33\\27.jpeg']",1,Popular,1971,1,0,0,piso,1,Madrid,"Moscardo - Antonio Lopez, Madrid",40.4167047,-3.7035825,33,3142.8571428571427,133.0,98.0,0.0,0.0,1.0,0.0,parquet,pintura,no visible,estándar (2.4-2.8m),nada,3.4,3.6,convencional,"['#F2E8CF', '#A0522D', '#D3D3D3']",regular,False,convencional,limitado,ninguno,ninguno,estándar,no visible,ninguno,6.2,5.6,ninguna,5
https://www.tecnocasa.es/venta/piso/madrid/madrid/616838.html,220000.0,3,77.0,1,"EN VENTA: Vivienda muy luminosa de 77m2 con 3 dormitorios. Salón muy amplio con acceso a terraza abierta y pasillo distribuidor. Vivienda totalmente exterior y entrada de luz natural.
A 6 minutos del metro de la Elipa (línea 2), 4 minutos del metro de Quintana (línea5) y a 5 minutos del metro de Ascao (línea 7). Zona consolidada con todos los servicios que cualquier persona pueda necesitar; supermercados, colegios, médicos, polideportivos, biblioteca etc. )
Zona consolidada con todos los servicios, comercios, supermercados, colegios, zonas verdes. Fácil acceso a M-30, A2, A3 y a 40 minutos andado del parque del retiro. Zona en auge por el soterramiento de la M-30, imitando a Madrid Rio y uniendo el barrio de Salamanca con el barrio de Ciudad Lineal y ampliación de la línea 11 de metro, la cual conectará el este de Madrid con Barajas. Dispondremos de parada de metro en el barrio de concepción a escasos minutos de la vivienda.",1,0,1,1,1,1,0,1,1,1,"['https://cdn-media.medialabtc.it/es/agencies/md055/estates/616838/images/8883977/gallery_media.jpeg', 'https://cdn-media.medialabtc.it/es/agencies/md055/estates/616838/images/8883972/gallery_media.jpeg', 'https://cdn-media.medialabtc.it/es/agencies/md055/estates/616838/images/8883976/gallery_media.jpeg', 'https://cdn-media.medialabtc.it/es/agencies/md055/estates/616838/images/8883971/gallery_media.jpeg', 'https://cdn-media.medialabtc.it/es/agencies/md055/estates/616838/images/8883970/gallery_media.jpeg', 'https://cdn-media.medialabtc.it/es/agencies/md055/estates/616838/images/8883974/gallery_media.jpeg', 'https://cdn-media.medialabtc.it/es/agencies/md055/estates/616838/images/8883968/gallery_media.jpeg', 'https://cdn-media.medialabtc.it/es/agencies/md055/estates/616838/images/8883969/gallery_media.jpeg', 'https://cdn-media.medialabtc.it/es/agencies/md055/estates/616838/images/8883979/gallery_media.jpeg', 'https://cdn-media.medialabtc.it/es/agencies/md055/estates/616838/images/8883975/gallery_media.jpeg', 'https://cdn-media.medialabtc.it/es/agencies/md055/estates/616838/images/8889694/gallery_media.jpeg', 'https://cdn-media.medialabtc.it/es/agencies/md055/estates/616838/images/8883978/gallery_media.jpeg', 'https://cdn-media.medialabtc.it/es/agencies/md055/estates/616838/images/8883973/gallery_media.jpeg', 'https://cdn-media.medialabtc.it/es/agencies/md055/estates/616838/images/8889695/gallery_media.jpeg']",0,Desconocido,0,0,0,1,0,E,0,0,"['imagenes_tecnocasa\\anuncio_34\\0.jpeg', 'imagenes_tecnocasa\\anuncio_34\\1.jpeg', 'imagenes_tecnocasa\\anuncio_34\\2.jpeg', 'imagenes_tecnocasa\\anuncio_34\\3.jpeg', 'imagenes_tecnocasa\\anuncio_34\\4.jpeg', 'imagenes_tecnocasa\\anuncio_34\\5.jpeg', 'imagenes_tecnocasa\\anuncio_34\\6.jpeg', 'imagenes_tecnocasa\\anuncio_34\\7.jpeg', 'imagenes_tecnocasa\\anuncio_34\\8.jpeg', 'imagenes_tecnocasa\\anuncio_34\\9.jpeg', 'imagenes_tecnocasa\\anuncio_34\\10.jpeg', 'imagenes_tecnocasa\\anuncio_34\\11.jpeg', 'imagenes_tecnocasa\\anuncio_34\\12.jpeg', 'imagenes_tecnocasa\\anuncio_34\\13.jpeg']",0,Popular,1960,0,0,0,piso,4,Ciudad Lineal,"Ciudad Lineal, Pueblo Nuevo, Madrid",40.4484305,-3.650495,34,2857.1428571428573,158.0,94.0,0.1,0.4,1.0,0.0,otro,pintura,corredera,estándar (2.4-2.8m),nada,3.4,3.6,convencional,"['#FFFFFF', '#D3D3D3', '#808080']",buena,False,convencional,normal,balcón,ninguno,estándar,básica,ninguno,5.4,6.0,ninguna,5
https://www.tecnocasa.es/venta/piso/madrid/madrid/582366.html,225000.0,3,110.0,1,"AGENCIA TECNOCASA- ESTUDIO PASEO ALBERTO PALACIOS VENDE EN EXCLUSIVA:

¡Increíble oportunidad en Villaverde Alto! Excelente piso de 110 mts2! cuenta con tres dormitorios (ANTES 4 DORMITORIOS), PUERTA ACORAZADA, amplias terrazas interna y externa, cocina, 2 baños completos, AMPLIO Y LUMINIOSO salón comedor y aire acondicionado. TOTALMENTE REFORMADO, cuenta también con calefacción individual de GAS NATURAL en todas las estancias.

Además, esta en un edificio bien ubicado en una zona rodeada de comercios y servicios. No pierdas la oportunidad de visitarlo y hacerlo tuyo. ¡Contáctanos ya para más información!

Ubicado en pleno centro de Villaverde Alto, este acogedor piso se encuentra cerca de paradas de autobús y transporte público, ideal para moverte con comodidad por la ciudad. Con una orientación norte, disfrutarás de luz natural en cada rincón. Aprovecha esta oportunidad única para adquirir un inmueble con potencial y haz de este piso tu nuevo hogar.

¡Llama ahora y agenda tu visita!
Haz un recorrido 360 guiado por el piso en el siguiente link:
.it/pss/da8ef82b-8593-4a25-bb7a-123eb03d34e8",1,1,1,1,1,1,0,1,1,1,"['https://cdn-media.medialabtc.it/es/agencies/md091/estates/582366/images/8867402/gallery_media.jpeg', 'https://cdn-media.medialabtc.it/es/agencies/md091/estates/582366/images/8867366/gallery_media.jpeg', 'https://cdn-media.medialabtc.it/es/agencies/md091/estates/582366/images/8867379/gallery_media.jpeg', 'https://cdn-media.medialabtc.it/es/agencies/md091/estates/582366/images/8867408/gallery_media.jpeg', 'https://cdn-media.medialabtc.it/es/agencies/md091/estates/582366/images/8867406/gallery_media.jpeg', 'https://cdn-media.medialabtc.it/es/agencies/md091/estates/582366/images/8867404/gallery_media.jpeg', 'https://cdn-media.medialabtc.it/es/agencies/md091/estates/582366/images/8867373/gallery_media.jpeg', 'https://cdn-media.medialabtc.it/es/agencies/md091/estates/582366/images/8867381/gallery_media.jpeg', 'https://cdn-media.medialabtc.it/es/agencies/md091/estates/582366/images/8867364/gallery_media.jpeg', 'https://cdn-media.medialabtc.it/es/agencies/md091/estates/582366/images/8867374/gallery_media.jpeg', 'https://cdn-media.medialabtc.it/es/agencies/md091/estates/582366/images/8867407/gallery_media.jpeg', 'https://cdn-media.medialabtc.it/es/agencies/md091/estates/582366/images/8867367/gallery_media.jpeg', 'https://cdn-media.medialabtc.it/es/agencies/md091/estates/582366/images/8867376/gallery_media.jpeg', 'https://cdn-media.medialabtc.it/es/agencies/md091/estates/582366/images/8867372/gallery_media.jpeg', 'https://cdn-media.medialabtc.it/es/agencies/md091/estates/582366/images/8867363/gallery_media.jpeg', 'https://cdn-media.medialabtc.it/es/agencies/md091/estates/582366/images/8867365/gallery_media.jpeg', 'https://cdn-media.medialabtc.it/es/agencies/md091/estates/582366/images/8867370/gallery_media.jpeg', 'https://cdn-media.medialabtc.it/es/agencies/md091/estates/582366/images/8867369/gallery_media.jpeg', 'https://cdn-media.medialabtc.it/es/agencies/md091/estates/582366/images/8867403/gallery_media.jpeg', 'https://cdn-media.medialabtc.it/es/agencies/md091/estates/582366/images/8867377/gallery_media.jpeg', 'https://cdn-media.medialabtc.it/es/agencies/md091/estates/582366/images/8867405/gallery_media.jpeg', 'https://cdn-media.medialabtc.it/es/agencies/md091/estates/582366/images/8867378/gallery_media.jpeg', 'https://cdn-media.medialabtc.it/es/agencies/md091/estates/582366/images/8867409/gallery_media.jpeg', 'https://cdn-media.medialabtc.it/es/agencies/md091/estates/582366/images/8867380/gallery_media.jpeg', 'https://cdn-media.medialabtc.it/es/agencies/md091/estates/582366/images/8867375/gallery_media.jpeg', 'https://cdn-media.medialabtc.it/es/agencies/md091/estates/582366/images/8867368/gallery_media.jpeg', 'https://cdn-media.medialabtc.it/es/agencies/md091/estates/582366/images/8867371/gallery_media.jpeg']",0,Reformado,0,0,0,0,0,E,0,0,"['imagenes_tecnocasa\\anuncio_35\\0.jpeg', 'imagenes_tecnocasa\\anuncio_35\\1.jpeg', 'imagenes_tecnocasa\\anuncio_35\\2.jpeg', 'imagenes_tecnocasa\\anuncio_35\\3.jpeg', 'imagenes_tecnocasa\\anuncio_35\\4.jpeg', 'imagenes_tecnocasa\\anuncio_35\\5.jpeg', 'imagenes_tecnocasa\\anuncio_35\\6.jpeg', 'imagenes_tecnocasa\\anuncio_35\\7.jpeg', 'imagenes_tecnocasa\\anuncio_35\\8.jpeg', 'imagenes_tecnocasa\\anuncio_35\\9.jpeg', 'imagenes_tecnocasa\\anuncio_35\\10.jpeg', 'imagenes_tecnocasa\\anuncio_35\\11.jpeg', 'imagenes_tecnocasa\\anuncio_35\\12.jpeg', 'imagenes_tecnocasa\\anuncio_35\\13.jpeg', 'imagenes_tecnocasa\\anuncio_35\\14.jpeg', 'imagenes_tecnocasa\\anuncio_35\\15.jpeg', 'imagenes_tecnocasa\\anuncio_35\\16.jpeg', 'imagenes_tecnocasa\\anuncio_35\\17.jpeg', 'imagenes_tecnocasa\\anuncio_35\\18.jpeg', 'imagenes_tecnocasa\\anuncio_35\\19.jpeg', 'imagenes_tecnocasa\\anuncio_35\\20.jpeg', 'imagenes_tecnocasa\\anuncio_35\\21.jpeg', 'imagenes_tecnocasa\\anuncio_35\\22.jpeg', 'imagenes_tecnocasa\\anuncio_35\\23.jpeg', 'imagenes_tecnocasa\\anuncio_35\\24.jpeg', 'imagenes_tecnocasa\\anuncio_35\\25.jpeg', 'imagenes_tecnocasa\\anuncio_35\\26.jpeg']",1,Popular,1950,1,0,0,piso,3,Madrid,"Villaverde Alto, Madrid",40.4167047,-3.7035825,35,2045.4545454545455,164.0,123.0,0.2875,0.55,2.0,1.0,parquet,pintura,ninguna,estándar (2.4-2.8m),nada,3.4,4.2,moderno,"['#DDA0DD', '#AFEEEE', '#FFFAF0']",regular,False,convencional,limitado,ninguno,ninguno,estándar,básica,ninguno,6.4,6.6,ninguna,5
https://www.tecnocasa.es/venta/piso/madrid/madrid/556085.html,149000.0,1,55.0,1,"Oficina de Madrid zona Villaverde Bajo - Los Rosales Tecnocasa Estudio Butarque Los Rosales SL vende piso reformado a estrenar con grandes calidades.
El inmueble se ubica en una planta baja, la cual se está reformando por completo con las mejores calidades. Lo único que queda es la separación por tabique del dormitorio.
Las características del inmueble son:
- Bomba de frío y calor.
- Patio de 12 metros cuadrados.
- Ventanas Climalit con aislamiento y puente térmico.
- Cocina de vitrocerámica con acceso al patio.
- Suelo de porcelánica.
- Paredes lisas blancas.
- Cocina con península.
- Electricidad nueva.
- Fontanería nueva.
- Inspección Técnica de Edificios (ITE) favorable en 2.017, y próxima en 2.027.
El inmueble está diseñado para que todas las estancias estén conectadas con el fin de no aislar ninguna de ellas al resto de la vivienda. Con la península situada en el centro de la misma, nos permite cocinar, sin tener que dejar abandonadas a las visitas que estén en el salón-comedor. Y por el otro lado, hacer la misma función con la terraza en días soleados.
Las imágenes que se muestran en el anuncio, son una simulación realizada a través de una plataforma de planos
Villaverde Bajo Renfe, perteneciente al barrio de Los Rosales, es una zona que ha vivido una mejora ostensible en los últimos tiempos, viéndose mejorada en cuanto a comunicación, contando con la Av de Andalucía como acceso directo tanto al centro de Madrid como a las autopistas M-30, M-40 y M-45. En cuanto a la RENFE, que se sitúa menos de una minuto de la vivienda, encontrará las líneas C3 y C4, uniendo al barrio con algunos municipios del Sur de Madrid (Aranjuez, Getafe, Parla... ), con el Centro de Madrid (Atocha, Sol, Nuevos Ministerios... ) y con el Norte de la Comunidad (San Sebastián, Las Rozas, Tres Cantos, Torrelodones... ). También esta presente la EMT, contando con las líneas 85 que finalizan en Atocha y la 123, finalizando en Legazpi.
Preguntar por condiciones de venta. La información contenida en este anuncio no tiene carácter contractual ni vinculante, ya que podría contener alguna incorreción. En el precio de venta expuesto no se hayan incluidos los gastos de formalización de la compraventa, tales como honorarios de notaria, honorarios de la inscripción registral, honorarios por la tramitación e inscripción registral de escrituras ni el ITP (Impuesto de Transmisiones Patrimoniales, siendo el tipo máximo en la Comunidad de Madrid del 6%). Del mismo modo, en el precio anunciado, no se incluyen los honorarios de agencia al comprador, que ascienden al 3%+IVA (tipo impositivo 21%) sobre el precio fijado en la promesa de compra suscrita por el mismo. Tampoco se encuentra incluidos en el precio anunciado de venta otros tributos y gastos que pudieran existir al suscribir una hipoteca, tales como gastos de tasación, comisión bancaria de apertura del préstamo, AJD (Impuesto de Actos Jurídicos Documentados), gastos de segundas copias...",1,1,1,1,0,1,0,1,1,1,"['https://cdn-media.medialabtc.it/es/agencies/md040/estates/556085/images/9009815/gallery_media.jpeg', 'https://cdn-media.medialabtc.it/es/agencies/md040/estates/556085/images/9009811/gallery_media.jpeg', 'https://cdn-media.medialabtc.it/es/agencies/md040/estates/556085/images/9009805/gallery_media.jpeg', 'https://cdn-media.medialabtc.it/es/agencies/md040/estates/556085/images/9009812/gallery_media.jpeg', 'https://cdn-media.medialabtc.it/es/agencies/md040/estates/556085/images/9009807/gallery_media.jpeg', 'https://cdn-media.medialabtc.it/es/agencies/md040/estates/556085/images/9009813/gallery_media.jpeg', 'https://cdn-media.medialabtc.it/es/agencies/md040/estates/556085/images/8912906/gallery_media.jpeg', 'https://cdn-media.medialabtc.it/es/agencies/md040/estates/556085/images/9009808/gallery_media.jpeg', 'https://cdn-media.medialabtc.it/es/agencies/md040/estates/556085/images/8912900/gallery_media.jpeg', 'https://cdn-media.medialabtc.it/es/agencies/md040/estates/556085/images/9009817/gallery_media.jpeg', 'https://cdn-media.medialabtc.it/es/agencies/md040/estates/556085/images/8912908/gallery_media.jpeg', 'https://cdn-media.medialabtc.it/es/agencies/md040/estates/556085/images/8912899/gallery_media.jpeg', 'https://cdn-media.medialabtc.it/es/agencies/md040/estates/556085/images/8912893/gallery_media.jpeg', 'https://cdn-media.medialabtc.it/es/agencies/md040/estates/556085/images/8912896/gallery_media.jpeg', 'https://cdn-media.medialabtc.it/es/agencies/md040/estates/556085/images/9009814/gallery_media.jpeg', 'https://cdn-media.medialabtc.it/es/agencies/md040/estates/556085/images/8912894/gallery_media.jpeg', 'https://cdn-media.medialabtc.it/es/agencies/md040/estates/556085/images/8912905/gallery_media.jpeg', 'https://cdn-media.medialabtc.it/es/agencies/md040/estates/556085/images/9009810/gallery_media.jpeg', 'https://cdn-media.medialabtc.it/es/agencies/md040/estates/556085/images/9009809/gallery_media.jpeg', 'https://cdn-media.medialabtc.it/es/agencies/md040/estates/556085/images/8912898/gallery_media.jpeg', 'https://cdn-media.medialabtc.it/es/agencies/md040/estates/556085/images/9009806/gallery_media.jpeg', 'https://cdn-media.medialabtc.it/es/agencies/md040/estates/556085/images/8912903/gallery_media.jpeg', 'https://cdn-media.medialabtc.it/es/agencies/md040/estates/556085/images/9009816/gallery_media.jpeg']",0,Reformado,0,0,0,1,0,E,0,0,"['imagenes_tecnocasa\\anuncio_36\\0.jpeg', 'imagenes_tecnocasa\\anuncio_36\\1.jpeg', 'imagenes_tecnocasa\\anuncio_36\\2.jpeg', 'imagenes_tecnocasa\\anuncio_36\\3.jpeg', 'imagenes_tecnocasa\\anuncio_36\\4.jpeg', 'imagenes_tecnocasa\\anuncio_36\\5.jpeg', 'imagenes_tecnocasa\\anuncio_36\\6.jpeg', 'imagenes_tecnocasa\\anuncio_36\\7.jpeg', 'imagenes_tecnocasa\\anuncio_36\\8.jpeg', 'imagenes_tecnocasa\\anuncio_36\\9.jpeg', 'imagenes_tecnocasa\\anuncio_36\\10.jpeg', 'imagenes_tecnocasa\\anuncio_36\\11.jpeg', 'imagenes_tecnocasa\\anuncio_36\\12.jpeg', 'imagenes_tecnocasa\\anuncio_36\\13.jpeg', 'imagenes_tecnocasa\\anuncio_36\\14.jpeg', 'imagenes_tecnocasa\\anuncio_36\\15.jpeg', 'imagenes_tecnocasa\\anuncio_36\\16.jpeg', 'imagenes_tecnocasa\\anuncio_36\\17.jpeg', 'imagenes_tecnocasa\\anuncio_36\\18.jpeg', 'imagenes_tecnocasa\\anuncio_36\\19.jpeg', 'imagenes_tecnocasa\\anuncio_36\\20.jpeg', 'imagenes_tecnocasa\\anuncio_36\\21.jpeg', 'imagenes_tecnocasa\\anuncio_36\\22.jpeg']",0,Popular,1968,0,0,0,piso,1,Madrid,"Villaverde Bajo - Oroquieta - Espinillo, Madrid",40.4167047,-3.7035825,36,2709.090909090909,487.0,279.0,0.0,0.0,1.0,0.0,cerámica,pintura,otro,estándar (2.4-2.8m),nada,2.6,4.0,convencional,"['#D2B48C', '#FFE4C4', '#A0522D']",regular,True,convencional,limitado,ninguno,ninguno,básico,básica,ninguno,5.8,5.8,ninguna,5
https://www.tecnocasa.es/venta/piso/madrid/madrid/617511.html,420000.0,2,65.0,1,"Agencia inmobiliaria de MADRID zona ANTÓN MARTÍN - LAVAPIÉS - LAS CORTES - REINA SOFÍA Oficina Tecnocasa
¡VENDE EN EXCLUSIVA! Bonito y acogedor piso en inmejorable ubicación: calle Zurita. Todo EXTERIOR, con ventanas en todas las estancias. Se distribuye en: salón comedor muy luminoso con gran mirador, dos habitaciones amplias con armarios empotrados y balcones, cocina totalmente equipada y amoblada, con balcón y baño completo. AIRE ACONDICIONADO. Trastero. Finca moderna con ASCENSOR. No dudes visitarlo sin compromiso, te va a encantar!
¡Excelente zona!
Antón Martín es sin dudas uno de los barrios más alternativos de Madrid. En él conviven comercios tradicionales con locales modernos de ambiente cosmopolita y pequeñas tiendas donde encontrar moda y objetos curiosos. Punto de encuentro de gente diferente de todas las edades que tienen en común el gusto por descubrir el encanto de los barrios peculiares. Centros culturales, teatros y museos, así como mercados, restaurantes y bares, ofrecen a visitantes y locales una variada propuesta cultural, de ocio y gastronómica.

Gracias por confiar en nosotros!
Nos avalan 20 años de experiencia en la zona, formando parte de esta gran empresa, líder en España y Europa en el sector de la intermediación inmobiliaria.

¿Quiere conocer el valor real de su inmueble?
Ofrecemos a nuestros vecinos VALORACIONES GRATUITAS y sin ningún compromiso de viviendas, locales y plazas de garaje.

Asesoramiento y gestión en: COMPRAVENTA, ARRENDAMIENTO, CAMBIO de VIVIENDA, HERENCIA, VENTA DE NUDA PROPIEDAD, VENTA DE PROINDIVISO, CAMBIO de USO, CERTIFICADO ENERGÉTICO.

Nuestro departamento KIRON, expertos en intermediación financiera, le ayudarán a encontrar la solución hipotecaria que mejor se adapte a sus necesidades.

Estamos a su disposición para cualquier",1,1,1,1,1,1,0,1,1,1,"['https://cdn-media.medialabtc.it/es/agencies/mdac4/estates/617511/images/8995025/gallery_media.jpeg', 'https://cdn-media.medialabtc.it/es/agencies/mdac4/estates/617511/images/8995017/gallery_media.jpeg', 'https://cdn-media.medialabtc.it/es/agencies/mdac4/estates/617511/images/8995014/gallery_media.jpeg', 'https://cdn-media.medialabtc.it/es/agencies/mdac4/estates/617511/images/8995024/gallery_media.jpeg', 'https://cdn-media.medialabtc.it/es/agencies/mdac4/estates/617511/images/8995026/gallery_media.jpeg', 'https://cdn-media.medialabtc.it/es/agencies/mdac4/estates/617511/images/8994974/gallery_media.jpeg', 'https://cdn-media.medialabtc.it/es/agencies/mdac4/estates/617511/images/8995018/gallery_media.jpeg', 'https://cdn-media.medialabtc.it/es/agencies/mdac4/estates/617511/images/8994975/gallery_media.jpeg', 'https://cdn-media.medialabtc.it/es/agencies/mdac4/estates/617511/images/8995016/gallery_media.jpeg', 'https://cdn-media.medialabtc.it/es/agencies/mdac4/estates/617511/images/8995023/gallery_media.jpeg', 'https://cdn-media.medialabtc.it/es/agencies/mdac4/estates/617511/images/8994973/gallery_media.jpeg', 'https://cdn-media.medialabtc.it/es/agencies/mdac4/estates/617511/images/8995021/gallery_media.jpeg', 'https://cdn-media.medialabtc.it/es/agencies/mdac4/estates/617511/images/8995019/gallery_media.jpeg', 'https://cdn-media.medialabtc.it/es/agencies/mdac4/estates/617511/images/8995015/gallery_media.jpeg', 'https://cdn-media.medialabtc.it/es/agencies/mdac4/estates/617511/images/8995028/gallery_media.jpeg', 'https://cdn-media.medialabtc.it/es/agencies/mdac4/estates/617511/images/8995020/gallery_media.jpeg', 'https://cdn-media.medialabtc.it/es/agencies/mdac4/estates/617511/images/8994976/gallery_media.jpeg', 'https://cdn-media.medialabtc.it/es/agencies/mdac4/estates/617511/images/8995022/gallery_media.jpeg', 'https://cdn-media.medialabtc.it/es/agencies/mdac4/estates/617511/images/8995027/gallery_media.jpeg']",1,Desconocido,1,1,0,1,0,E,0,0,"['imagenes_tecnocasa\\anuncio_37\\0.jpeg', 'imagenes_tecnocasa\\anuncio_37\\1.jpeg', 'imagenes_tecnocasa\\anuncio_37\\2.jpeg', 'imagenes_tecnocasa\\anuncio_37\\3.jpeg', 'imagenes_tecnocasa\\anuncio_37\\4.jpeg', 'imagenes_tecnocasa\\anuncio_37\\5.jpeg', 'imagenes_tecnocasa\\anuncio_37\\6.jpeg', 'imagenes_tecnocasa\\anuncio_37\\7.jpeg', 'imagenes_tecnocasa\\anuncio_37\\8.jpeg', 'imagenes_tecnocasa\\anuncio_37\\9.jpeg', 'imagenes_tecnocasa\\anuncio_37\\10.jpeg', 'imagenes_tecnocasa\\anuncio_37\\11.jpeg', 'imagenes_tecnocasa\\anuncio_37\\12.jpeg', 'imagenes_tecnocasa\\anuncio_37\\13.jpeg', 'imagenes_tecnocasa\\anuncio_37\\14.jpeg', 'imagenes_tecnocasa\\anuncio_37\\15.jpeg', 'imagenes_tecnocasa\\anuncio_37\\16.jpeg', 'imagenes_tecnocasa\\anuncio_37\\17.jpeg', 'imagenes_tecnocasa\\anuncio_37\\18.jpeg']",0,Popular,1989,0,0,1,piso,2,Embajadores,"Lavapiés - Embajadores, Madrid",40.4095856,-3.7029851,37,6461.538461538462,270.0,199.0,0.1625,0.2,2.0,0.0,parquet,pintura,fija,estándar (2.4-2.8m),nada,3.6,3.8,convencional,"['#F5F5DC', '#DEB887', '#FFFFE0']",regular,False,convencional,limitado,ninguno,ninguno,estándar,básica,ninguno,6.2,6.8,ninguna,5
https://www.tecnocasa.es/venta/piso/madrid/madrid/621248.html,249000.0,2,58.0,1,"Tecnocasa Estudio Moratalaz Fontarrón pone a tu disposición:
Especial Inversores, Contrato de alquiler en en vigor hasta EL 1 de diciembre de 2025.

Vivienda a la VENTA, en una segunda planta, piso reformado situado en la calle Encomienda De Palacios en Moratalaz, Madrid. Vivienda exterior de 58m2 construidos según catastro (55 de vivienda y 3 de elementos comunes), distribuidos en:

Entrada acogedora, amplio salón con pequeña terraza incorporada, cocina, área de lavado, baño completo, y 2 habitaciones.

Su ubicación es privilegiada, con varias líneas de autobús cercanas, además, ofrece una amplia gama de servicios cercanos disponibles, tales como farmacias, escuelas, centros de salud, centros deportivos.
El edificio, construido en 1970
La ITE es favorable hasta 2028.


Posibilidad de financiación hasta el 95% con nuestro equipo de intermediación financiera KIRON.

Gastos de formalización de la compraventa:
Honorarios de agencia al comprador del 3% + IVA, y otros posibles tributos y gastos al suscribir una hipoteca no incluidos en el precio anunciado.",1,1,1,1,1,1,0,1,1,1,"['https://cdn-media.medialabtc.it/es/agencies/md015/estates/621248/images/8999634/gallery_media.jpeg', 'https://cdn-media.medialabtc.it/es/agencies/md015/estates/621248/images/8999637/gallery_media.jpeg', 'https://cdn-media.medialabtc.it/es/agencies/md015/estates/621248/images/8999635/gallery_media.jpeg', 'https://cdn-media.medialabtc.it/es/agencies/md015/estates/621248/images/8999628/gallery_media.jpeg', 'https://cdn-media.medialabtc.it/es/agencies/md015/estates/621248/images/8999633/gallery_media.jpeg', 'https://cdn-media.medialabtc.it/es/agencies/md015/estates/621248/images/8999632/gallery_media.jpeg', 'https://cdn-media.medialabtc.it/es/agencies/md015/estates/621248/images/8999639/gallery_media.jpeg', 'https://cdn-media.medialabtc.it/es/agencies/md015/estates/621248/images/8999623/gallery_media.jpeg', 'https://cdn-media.medialabtc.it/es/agencies/md015/estates/621248/images/8999630/gallery_media.jpeg', 'https://cdn-media.medialabtc.it/es/agencies/md015/estates/621248/images/8999626/gallery_media.jpeg', 'https://cdn-media.medialabtc.it/es/agencies/md015/estates/621248/images/8999624/gallery_media.jpeg', 'https://cdn-media.medialabtc.it/es/agencies/md015/estates/621248/images/8999627/gallery_media.jpeg', 'https://cdn-media.medialabtc.it/es/agencies/md015/estates/621248/images/8999629/gallery_media.jpeg', 'https://cdn-media.medialabtc.it/es/agencies/md015/estates/621248/images/8999631/gallery_media.jpeg', 'https://cdn-media.medialabtc.it/es/agencies/md015/estates/621248/images/8999638/gallery_media.jpeg', 'https://cdn-media.medialabtc.it/es/agencies/md015/estates/621248/images/8999622/gallery_media.jpeg', 'https://cdn-media.medialabtc.it/es/agencies/md015/estates/621248/images/8999625/gallery_media.jpeg', 'https://cdn-media.medialabtc.it/es/agencies/md015/estates/621248/images/8999636/gallery_media.jpeg']",0,Reformado,0,0,0,1,0,Desconocida,0,0,"['imagenes_tecnocasa\\anuncio_38\\0.jpeg', 'imagenes_tecnocasa\\anuncio_38\\1.jpeg', 'imagenes_tecnocasa\\anuncio_38\\2.jpeg', 'imagenes_tecnocasa\\anuncio_38\\3.jpeg', 'imagenes_tecnocasa\\anuncio_38\\4.jpeg', 'imagenes_tecnocasa\\anuncio_38\\5.jpeg', 'imagenes_tecnocasa\\anuncio_38\\6.jpeg', 'imagenes_tecnocasa\\anuncio_38\\7.jpeg', 'imagenes_tecnocasa\\anuncio_38\\8.jpeg', 'imagenes_tecnocasa\\anuncio_38\\9.jpeg', 'imagenes_tecnocasa\\anuncio_38\\10.jpeg', 'imagenes_tecnocasa\\anuncio_38\\11.jpeg', 'imagenes_tecnocasa\\anuncio_38\\12.jpeg', 'imagenes_tecnocasa\\anuncio_38\\13.jpeg', 'imagenes_tecnocasa\\anuncio_38\\14.jpeg', 'imagenes_tecnocasa\\anuncio_38\\15.jpeg', 'imagenes_tecnocasa\\anuncio_38\\16.jpeg', 'imagenes_tecnocasa\\anuncio_38\\17.jpeg']",0,Señorial,1970,1,0,0,piso,3,Madrid,Madrid,40.4167047,-3.7035825,38,4293.103448275862,160.0,123.0,0.0,0.0,2.0,0.0,parquet,pintura,otro,estándar (2.4-2.8m),nada,3.2,4.4,convencional,"['#B2D1C9', '#F2F2F2', '#D2B48C']",regular,False,convencional,limitado,ninguno,ninguno,estándar,básica,ninguno,4.2,5.4,ninguna,5
https://www.tecnocasa.es/venta/piso/madrid/alcala-de-henares/621765.html,270000.0,3,101.0,2,"Agencia inmobiliaria de ALCALÁ DE HENARES zona JUAN DE AUSTRIA – EL VAL Oficina Tecnocasa ofrece:
DISPONIBLE EN VENTA EXCELENTE PISO DE 3 DORMITORIOS Y 2 BAÑOS CON ORIENTACIÓN SURESTE EN IVIASA EL VAL:
Tecnocasa Vende: En el Barrio Del Val, en zona tranquila y segura con buen aparcamiento y cerca del centro, un amplio piso de 3 dormitorios y 2 baños completos con Ascensor, Luminoso, para entrar a vivir y en una Ubicación inmejorable.
El Piso Cuenta con una superficie aproximada de 100 m2 distribuidos en: Hall de entrada con Armario Empotrado, cocina con terraza-tendedero anexo, gran salón-comedor independiente con una Amplísima terraza exterior orientada a un parque, sin edificios cercanos y orientación sureste, 3 dormitorios, 2 de ellos con Armarios Empotrados y 2 Cuartos de Baños completos con Ventana.
La vivienda cuenta con Calefacción y Agua Caliente Individuales por gas natural con caldera Vaillant moderna.
Existe la posibilidad de plaza de garaje a menos de 50m del portal por 20.000€.
El edificio cuenta con 2 Ascensores y un portal en perfecto estado accesible para sillas de ruedas o personas con movilidad reducida.
La Zona es inmejorable y está dotada de todos los servicios andando, Farmacia, Centro de Salud Juan de Austria, Colegios e Institutos, Guardia Civil, Centro Comercial El Val, Ahorra Más, Galería Comercial 'Juan De Austria', Bancos, Supermercados y Autobús.
Alrededor de la Vivienda encontramos parques, numerosas zonas verdes, la ribera del río Henares y la Ciudad Deportiva 'El Val' que incluye todos los poli-deportivos municipales, piscina municipal cubierta, piscina municipal descubierta de verano y el campo de fútbol de la R. S. D. Alcalá.
'VENGA A VISITARLO SIN COMPROMISO, Y RECUERDE QUE LE PODEMOS CONSEGUIR HASTA EL 100% DE FINANCIACIÓN CON NUESTRO DEPARTAMENTO FINANCIERO Y CONDICIONES DE FINANCIACIÓN A TIPO FIJO INFERIORES AL 2% Y OPCIONES MIXTAS Y VARIABLES CON LAS MEJORES CONDICIONES DEL MERCADO'.",0,1,1,1,1,1,0,1,1,1,"['https://cdn-media.medialabtc.it/es/agencies/md507/estates/621765/images/9005770/gallery_media.jpeg', 'https://cdn-media.medialabtc.it/es/agencies/md507/estates/621765/images/9005771/gallery_media.jpeg', 'https://cdn-media.medialabtc.it/es/agencies/md507/estates/621765/images/9005762/gallery_media.jpeg', 'https://cdn-media.medialabtc.it/es/agencies/md507/estates/621765/images/9005779/gallery_media.jpeg', 'https://cdn-media.medialabtc.it/es/agencies/md507/estates/621765/images/9005782/gallery_media.jpeg', 'https://cdn-media.medialabtc.it/es/agencies/md507/estates/621765/images/9005778/gallery_media.jpeg', 'https://cdn-media.medialabtc.it/es/agencies/md507/estates/621765/images/9005780/gallery_media.jpeg', 'https://cdn-media.medialabtc.it/es/agencies/md507/estates/621765/images/9005764/gallery_media.jpeg', 'https://cdn-media.medialabtc.it/es/agencies/md507/estates/621765/images/9005775/gallery_media.jpeg', 'https://cdn-media.medialabtc.it/es/agencies/md507/estates/621765/images/9005769/gallery_media.jpeg', 'https://cdn-media.medialabtc.it/es/agencies/md507/estates/621765/images/9005776/gallery_media.jpeg', 'https://cdn-media.medialabtc.it/es/agencies/md507/estates/621765/images/9005763/gallery_media.jpeg', 'https://cdn-media.medialabtc.it/es/agencies/md507/estates/621765/images/9005774/gallery_media.jpeg', 'https://cdn-media.medialabtc.it/es/agencies/md507/estates/621765/images/9005768/gallery_media.jpeg', 'https://cdn-media.medialabtc.it/es/agencies/md507/estates/621765/images/9005767/gallery_media.jpeg', 'https://cdn-media.medialabtc.it/es/agencies/md507/estates/621765/images/9005773/gallery_media.jpeg', 'https://cdn-media.medialabtc.it/es/agencies/md507/estates/621765/images/9005781/gallery_media.jpeg', 'https://cdn-media.medialabtc.it/es/agencies/md507/estates/621765/images/9005772/gallery_media.jpeg', 'https://cdn-media.medialabtc.it/es/agencies/md507/estates/621765/images/9005777/gallery_media.jpeg', 'https://cdn-media.medialabtc.it/es/agencies/md507/estates/621765/images/9005659/gallery_media.jpeg', 'https://cdn-media.medialabtc.it/es/agencies/md507/estates/621765/images/9005766/gallery_media.jpeg', 'https://cdn-media.medialabtc.it/es/agencies/md507/estates/621765/images/9005661/gallery_media.jpeg', 'https://cdn-media.medialabtc.it/es/agencies/md507/estates/621765/images/9005660/gallery_media.jpeg', 'https://cdn-media.medialabtc.it/es/agencies/md507/estates/621765/images/9005765/gallery_media.jpeg']",0,Desconocido,1,0,1,1,0,Desconocida,0,1,"['imagenes_tecnocasa\\anuncio_39\\0.jpeg', 'imagenes_tecnocasa\\anuncio_39\\1.jpeg', 'imagenes_tecnocasa\\anuncio_39\\2.jpeg', 'imagenes_tecnocasa\\anuncio_39\\3.jpeg', 'imagenes_tecnocasa\\anuncio_39\\4.jpeg', 'imagenes_tecnocasa\\anuncio_39\\5.jpeg', 'imagenes_tecnocasa\\anuncio_39\\6.jpeg', 'imagenes_tecnocasa\\anuncio_39\\7.jpeg', 'imagenes_tecnocasa\\anuncio_39\\8.jpeg', 'imagenes_tecnocasa\\anuncio_39\\9.jpeg', 'imagenes_tecnocasa\\anuncio_39\\10.jpeg', 'imagenes_tecnocasa\\anuncio_39\\11.jpeg', 'imagenes_tecnocasa\\anuncio_39\\12.jpeg', 'imagenes_tecnocasa\\anuncio_39\\13.jpeg', 'imagenes_tecnocasa\\anuncio_39\\14.jpeg', 'imagenes_tecnocasa\\anuncio_39\\15.jpeg', 'imagenes_tecnocasa\\anuncio_39\\16.jpeg', 'imagenes_tecnocasa\\anuncio_39\\17.jpeg', 'imagenes_tecnocasa\\anuncio_39\\18.jpeg', 'imagenes_tecnocasa\\anuncio_39\\19.jpeg', 'imagenes_tecnocasa\\anuncio_39\\20.jpeg', 'imagenes_tecnocasa\\anuncio_39\\21.jpeg', 'imagenes_tecnocasa\\anuncio_39\\22.jpeg', 'imagenes_tecnocasa\\anuncio_39\\23.jpeg']",0,Media,1988,1,0,1,piso,2,Alcalá de Henares,"El Val, Alcalá De Henares",40.481954,-3.363981,39,2673.267326732673,309.0,217.0,0.1,0.4,2.0,0.0,otro,pintura,corredera,estándar (2.4-2.8m),nada,4.2,4.2,clásico,"['#008000', '#808080', '#0000FF']",buena,False,convencional,normal,ninguno,ninguno,estándar,básica,ninguno,7.2,6.6,ninguna,5
https://www.tecnocasa.es/venta/piso/madrid/humanes-de-madrid/621326.html,219900.0,3,98.0,2,"AGENCIA INMOBILIARIA HUMANES- ZONA HUMANES DE MADRID- OFICINA TECNOCASA VENDE PISO
'Fantástico piso ubicado en Humanes de Madrid, compuesto por: salón, terraza, cocina, 3 dormitorios y 2 baños completos

Finca con ascensor
PARA SOLICITAR MAS INFORMACIÓN LLAME AL TELÉFONO 91 990 32 33
Está situado en una zona en expansión pero ya consolidada con fácil acceso a colegios, institutos, parques, comercios, supermercados, centros médicos y a la red de transportes del municipio.
No dude en llamarnos para concertar su cita para visitar el inmueble en la que además recibirá el asesoramiento gratuito de nuestro departamento financiero KÌRON.",0,1,1,1,0,1,0,1,1,1,"['https://cdn-media.medialabtc.it/es/agencies/md524/estates/621326/images/9000466/gallery_media.jpeg', 'https://cdn-media.medialabtc.it/es/agencies/md524/estates/621326/images/9000481/gallery_media.jpeg', 'https://cdn-media.medialabtc.it/es/agencies/md524/estates/621326/images/9000482/gallery_media.jpeg', 'https://cdn-media.medialabtc.it/es/agencies/md524/estates/621326/images/9000480/gallery_media.jpeg', 'https://cdn-media.medialabtc.it/es/agencies/md524/estates/621326/images/9000471/gallery_media.jpeg', 'https://cdn-media.medialabtc.it/es/agencies/md524/estates/621326/images/9000475/gallery_media.jpeg', 'https://cdn-media.medialabtc.it/es/agencies/md524/estates/621326/images/9000470/gallery_media.jpeg', 'https://cdn-media.medialabtc.it/es/agencies/md524/estates/621326/images/9000476/gallery_media.jpeg', 'https://cdn-media.medialabtc.it/es/agencies/md524/estates/621326/images/9000443/gallery_media.jpeg', 'https://cdn-media.medialabtc.it/es/agencies/md524/estates/621326/images/9000444/gallery_media.jpeg', 'https://cdn-media.medialabtc.it/es/agencies/md524/estates/621326/images/9000463/gallery_media.jpeg', 'https://cdn-media.medialabtc.it/es/agencies/md524/estates/621326/images/9000478/gallery_media.jpeg', 'https://cdn-media.medialabtc.it/es/agencies/md524/estates/621326/images/9000474/gallery_media.jpeg', 'https://cdn-media.medialabtc.it/es/agencies/md524/estates/621326/images/9000462/gallery_media.jpeg', 'https://cdn-media.medialabtc.it/es/agencies/md524/estates/621326/images/9000469/gallery_media.jpeg', 'https://cdn-media.medialabtc.it/es/agencies/md524/estates/621326/images/9000468/gallery_media.jpeg', 'https://cdn-media.medialabtc.it/es/agencies/md524/estates/621326/images/9000465/gallery_media.jpeg', 'https://cdn-media.medialabtc.it/es/agencies/md524/estates/621326/images/9000442/gallery_media.jpeg', 'https://cdn-media.medialabtc.it/es/agencies/md524/estates/621326/images/9000464/gallery_media.jpeg', 'https://cdn-media.medialabtc.it/es/agencies/md524/estates/621326/images/9000477/gallery_media.jpeg', 'https://cdn-media.medialabtc.it/es/agencies/md524/estates/621326/images/9000467/gallery_media.jpeg', 'https://cdn-media.medialabtc.it/es/agencies/md524/estates/621326/images/9000472/gallery_media.jpeg', 'https://cdn-media.medialabtc.it/es/agencies/md524/estates/621326/images/9000479/gallery_media.jpeg', 'https://cdn-media.medialabtc.it/es/agencies/md524/estates/621326/images/9000473/gallery_media.jpeg']",0,Desconocido,0,0,0,1,0,Desconocida,0,0,"['imagenes_tecnocasa\\anuncio_40\\0.jpeg', 'imagenes_tecnocasa\\anuncio_40\\1.jpeg', 'imagenes_tecnocasa\\anuncio_40\\2.jpeg', 'imagenes_tecnocasa\\anuncio_40\\3.jpeg', 'imagenes_tecnocasa\\anuncio_40\\4.jpeg', 'imagenes_tecnocasa\\anuncio_40\\5.jpeg', 'imagenes_tecnocasa\\anuncio_40\\6.jpeg', 'imagenes_tecnocasa\\anuncio_40\\7.jpeg', 'imagenes_tecnocasa\\anuncio_40\\8.jpeg', 'imagenes_tecnocasa\\anuncio_40\\9.jpeg', 'imagenes_tecnocasa\\anuncio_40\\10.jpeg', 'imagenes_tecnocasa\\anuncio_40\\11.jpeg', 'imagenes_tecnocasa\\anuncio_40\\12.jpeg', 'imagenes_tecnocasa\\anuncio_40\\13.jpeg', 'imagenes_tecnocasa\\anuncio_40\\14.jpeg', 'imagenes_tecnocasa\\anuncio_40\\15.jpeg', 'imagenes_tecnocasa\\anuncio_40\\16.jpeg', 'imagenes_tecnocasa\\anuncio_40\\17.jpeg', 'imagenes_tecnocasa\\anuncio_40\\18.jpeg', 'imagenes_tecnocasa\\anuncio_40\\19.jpeg', 'imagenes_tecnocasa\\anuncio_40\\20.jpeg', 'imagenes_tecnocasa\\anuncio_40\\21.jpeg', 'imagenes_tecnocasa\\anuncio_40\\22.jpeg', 'imagenes_tecnocasa\\anuncio_40\\23.jpeg']",0,Media,1996,1,0,1,piso,2,Madrid,Humanes De Madrid,40.4167047,-3.7035825,40,2243.877551020408,97.0,85.0,0.0,0.0,0.0,0.0,otro,pintura,corredera,estándar (2.4-2.8m),nada,3.0,3.2,convencional,"['#F5F5DC', '#FFFFFF', '#D2B48C']",regular,False,convencional,limitado,ninguno,ninguno,estándar,básica,ninguno,6.2,6.4,ninguna,5
https://www.tecnocasa.es/venta/piso/madrid/humanes-de-madrid/616687.html,77260.0,3,75.0,1,"'AGENCIA INMOBILIARIA HUMANES- ZONA HUMANES DE MADRID- OFICINA TECNOCASA VENDE PROINDIVISO DE PISO
PORCENTAJE DE LA TRANSMISIÓN 66,66% POSIBILIDAD DE VISITA FISICA AL INMUEBLE
El bien no está dividido físicamente, pero el proindiviso da derecho a usar y disfrutar de toda la propiedad en común, según la cuota de participación

Compuesto por: salón, cocina, 3 dormitorios y 1 baño y terraza. Finca con ascensor

PARA SOLICITAR MAS INFORMACIÓN LLAME AL TELÉFONO

Está situado en una zona en expansión pero ya consolidada con fácil acceso a colegios, institutos, parques, comercios, supermercados, centros médicos y a la red de transportes del municipio.

No dude en llamarnos para concertar su cita.",0,1,1,1,0,1,0,1,1,1,"['https://cdn-media.medialabtc.it/es/agencies/md524/estates/616687/images/9009563/gallery_media.jpeg', 'https://cdn-media.medialabtc.it/es/agencies/md524/estates/616687/images/9009555/gallery_media.jpeg', 'https://cdn-media.medialabtc.it/es/agencies/md524/estates/616687/images/9009552/gallery_media.jpeg', 'https://cdn-media.medialabtc.it/es/agencies/md524/estates/616687/images/9009560/gallery_media.jpeg', 'https://cdn-media.medialabtc.it/es/agencies/md524/estates/616687/images/9009554/gallery_media.jpeg', 'https://cdn-media.medialabtc.it/es/agencies/md524/estates/616687/images/9009558/gallery_media.jpeg', 'https://cdn-media.medialabtc.it/es/agencies/md524/estates/616687/images/9009567/gallery_media.jpeg', 'https://cdn-media.medialabtc.it/es/agencies/md524/estates/616687/images/9009553/gallery_media.jpeg', 'https://cdn-media.medialabtc.it/es/agencies/md524/estates/616687/images/9009562/gallery_media.jpeg', 'https://cdn-media.medialabtc.it/es/agencies/md524/estates/616687/images/9009565/gallery_media.jpeg', 'https://cdn-media.medialabtc.it/es/agencies/md524/estates/616687/images/9009559/gallery_media.jpeg', 'https://cdn-media.medialabtc.it/es/agencies/md524/estates/616687/images/9009564/gallery_media.jpeg', 'https://cdn-media.medialabtc.it/es/agencies/md524/estates/616687/images/9009556/gallery_media.jpeg', 'https://cdn-media.medialabtc.it/es/agencies/md524/estates/616687/images/9009557/gallery_media.jpeg', 'https://cdn-media.medialabtc.it/es/agencies/md524/estates/616687/images/9009568/gallery_media.jpeg', 'https://cdn-media.medialabtc.it/es/agencies/md524/estates/616687/images/9009566/gallery_media.jpeg']",0,Desconocido,0,0,0,1,0,Desconocida,0,0,"['imagenes_tecnocasa\\anuncio_41\\0.jpeg', 'imagenes_tecnocasa\\anuncio_41\\1.jpeg', 'imagenes_tecnocasa\\anuncio_41\\2.jpeg', 'imagenes_tecnocasa\\anuncio_41\\3.jpeg', 'imagenes_tecnocasa\\anuncio_41\\4.jpeg', 'imagenes_tecnocasa\\anuncio_41\\5.jpeg', 'imagenes_tecnocasa\\anuncio_41\\6.jpeg', 'imagenes_tecnocasa\\anuncio_41\\7.jpeg', 'imagenes_tecnocasa\\anuncio_41\\8.jpeg', 'imagenes_tecnocasa\\anuncio_41\\9.jpeg', 'imagenes_tecnocasa\\anuncio_41\\10.jpeg', 'imagenes_tecnocasa\\anuncio_41\\11.jpeg', 'imagenes_tecnocasa\\anuncio_41\\12.jpeg', 'imagenes_tecnocasa\\anuncio_41\\13.jpeg', 'imagenes_tecnocasa\\anuncio_41\\14.jpeg', 'imagenes_tecnocasa\\anuncio_41\\15.jpeg']",0,Popular,1978,0,0,0,piso,3,Madrid,Humanes De Madrid,40.4167047,-3.7035825,41,1030.1333333333334,108.0,90.0,0.0,0.0,0.0,0.0,otro,pintura,corredera,estándar (2.4-2.8m),nada,2.8,3.0,otro,"['#D7489C', '#FFFFFF', '#A0522D']",regular,False,convencional,limitado,ninguno,ninguno,básico,básica,ninguno,4.8,5.0,leve,5
https://www.tecnocasa.es/venta/casa/madrid/valdemoro/621345.html,524200.0,6,243.0,3,"Agencia inmobiliaria de Valdemoro, Tecnocasa Estudio Las Tres Erres SL.
FANTÁSTICO Chalet pareado en la zona HISPANOAMERICA
Dispone de 4 plantas:
Planta baja formada por patio delantero, entrada, salón- comedor con salida a un amplio patio trasero con barbacoa de obra, cocina amueblada muy luminosa, baño con plato de ducha, dormitorio en planta, desde la planta baja accedemos al garaje
Planta primera formada por tres dormitorios con armarios empotrados, una de las habitaciones da acceso a una terraza, dos baños ambos con plato de ducha (uno de ellos en suite.)
La buhardilla dispone de dos dormitorios con salida a la terraza.
El acceso al garaje se puede hacer desde la calle, cuenta también con una bodega.
La vivienda es muy luminosa y dispone de muy buenas calidades, suelos de tarima, aire acondicionado en el salón y en dormitorios, además la vivienda está en una zona en expansión, pero ya consolidada con acceso a multitud de servicios, como la facilidad de entrada y salida a la población a través de la autovía, así como bien comunicada por la red de transportes del municipio y con zonas verdes alrededor.",0,1,1,1,1,1,0,1,0,1,"['https://cdn-media.medialabtc.it/es/agencies/md607/estates/621345/images/8998483/gallery_media.jpeg', 'https://cdn-media.medialabtc.it/es/agencies/md607/estates/621345/images/8998498/gallery_media.jpeg', 'https://cdn-media.medialabtc.it/es/agencies/md607/estates/621345/images/8998506/gallery_media.jpeg', 'https://cdn-media.medialabtc.it/es/agencies/md607/estates/621345/images/8998507/gallery_media.jpeg', 'https://cdn-media.medialabtc.it/es/agencies/md607/estates/621345/images/8998494/gallery_media.jpeg', 'https://cdn-media.medialabtc.it/es/agencies/md607/estates/621345/images/8998496/gallery_media.jpeg', 'https://cdn-media.medialabtc.it/es/agencies/md607/estates/621345/images/8998480/gallery_media.jpeg', 'https://cdn-media.medialabtc.it/es/agencies/md607/estates/621345/images/8998482/gallery_media.jpeg', 'https://cdn-media.medialabtc.it/es/agencies/md607/estates/621345/images/8998488/gallery_media.jpeg', 'https://cdn-media.medialabtc.it/es/agencies/md607/estates/621345/images/8998495/gallery_media.jpeg', 'https://cdn-media.medialabtc.it/es/agencies/md607/estates/621345/images/8998505/gallery_media.jpeg', 'https://cdn-media.medialabtc.it/es/agencies/md607/estates/621345/images/8998493/gallery_media.jpeg', 'https://cdn-media.medialabtc.it/es/agencies/md607/estates/621345/images/8998501/gallery_media.jpeg', 'https://cdn-media.medialabtc.it/es/agencies/md607/estates/621345/images/8998486/gallery_media.jpeg', 'https://cdn-media.medialabtc.it/es/agencies/md607/estates/621345/images/8998485/gallery_media.jpeg', 'https://cdn-media.medialabtc.it/es/agencies/md607/estates/621345/images/8998478/gallery_media.jpeg', 'https://cdn-media.medialabtc.it/es/agencies/md607/estates/621345/images/8998502/gallery_media.jpeg', 'https://cdn-media.medialabtc.it/es/agencies/md607/estates/621345/images/8998500/gallery_media.jpeg', 'https://cdn-media.medialabtc.it/es/agencies/md607/estates/621345/images/8998487/gallery_media.jpeg', 'https://cdn-media.medialabtc.it/es/agencies/md607/estates/621345/images/8998490/gallery_media.jpeg', 'https://cdn-media.medialabtc.it/es/agencies/md607/estates/621345/images/8998497/gallery_media.jpeg', 'https://cdn-media.medialabtc.it/es/agencies/md607/estates/621345/images/8998489/gallery_media.jpeg', 'https://cdn-media.medialabtc.it/es/agencies/md607/estates/621345/images/8998481/gallery_media.jpeg', 'https://cdn-media.medialabtc.it/es/agencies/md607/estates/621345/images/8998491/gallery_media.jpeg', 'https://cdn-media.medialabtc.it/es/agencies/md607/estates/621345/images/8998492/gallery_media.jpeg', 'https://cdn-media.medialabtc.it/es/agencies/md607/estates/621345/images/8998504/gallery_media.jpeg', 'https://cdn-media.medialabtc.it/es/agencies/md607/estates/621345/images/8998503/gallery_media.jpeg', 'https://cdn-media.medialabtc.it/es/agencies/md607/estates/621345/images/8998484/gallery_media.jpeg', 'https://cdn-media.medialabtc.it/es/agencies/md607/estates/621345/images/8998479/gallery_media.jpeg']",0,Desconocido,1,0,0,1,0,Desconocida,0,0,"['imagenes_tecnocasa\\anuncio_42\\0.jpeg', 'imagenes_tecnocasa\\anuncio_42\\1.jpeg', 'imagenes_tecnocasa\\anuncio_42\\2.jpeg', 'imagenes_tecnocasa\\anuncio_42\\3.jpeg', 'imagenes_tecnocasa\\anuncio_42\\4.jpeg', 'imagenes_tecnocasa\\anuncio_42\\5.jpeg', 'imagenes_tecnocasa\\anuncio_42\\6.jpeg', 'imagenes_tecnocasa\\anuncio_42\\7.jpeg', 'imagenes_tecnocasa\\anuncio_42\\8.jpeg', 'imagenes_tecnocasa\\anuncio_42\\9.jpeg', 'imagenes_tecnocasa\\anuncio_42\\10.jpeg', 'imagenes_tecnocasa\\anuncio_42\\11.jpeg', 'imagenes_tecnocasa\\anuncio_42\\12.jpeg', 'imagenes_tecnocasa\\anuncio_42\\13.jpeg', 'imagenes_tecnocasa\\anuncio_42\\14.jpeg', 'imagenes_tecnocasa\\anuncio_42\\15.jpeg', 'imagenes_tecnocasa\\anuncio_42\\16.jpeg', 'imagenes_tecnocasa\\anuncio_42\\17.jpeg', 'imagenes_tecnocasa\\anuncio_42\\18.jpeg', 'imagenes_tecnocasa\\anuncio_42\\19.jpeg', 'imagenes_tecnocasa\\anuncio_42\\20.jpeg', 'imagenes_tecnocasa\\anuncio_42\\21.jpeg', 'imagenes_tecnocasa\\anuncio_42\\22.jpeg', 'imagenes_tecnocasa\\anuncio_42\\23.jpeg', 'imagenes_tecnocasa\\anuncio_42\\24.jpeg', 'imagenes_tecnocasa\\anuncio_42\\25.jpeg', 'imagenes_tecnocasa\\anuncio_42\\26.jpeg', 'imagenes_tecnocasa\\anuncio_42\\27.jpeg', 'imagenes_tecnocasa\\anuncio_42\\28.jpeg']",0,Popular,2002,0,0,0,casa,2,Valdemoro,Valdemoro,40.1888604,-3.67143,42,2157.201646090535,187.0,118.0,0.0,0.0,1.0,0.0,parquet,pintura,corredera,estándar (2.4-2.8m),nada,4.4,4.6,convencional,"['#FFA500', '#F5DEB3', '#FFFFFF']",buena,False,convencional,normal,ninguno,ninguno,estándar,básica,ninguno,7.2,6.6,ninguna,5
https://www.tecnocasa.es/venta/piso/madrid/madrid/619253.html,295000.0,5,128.0,2,"Tecnocasa Oficina Orcasitas
Agencia inmobiliaria de Madrid, zona Usera - Orcasitas - Orcasur, inscrita en RAIN 000240/2018 vende amplio piso en la zona de ORCASUR compuesto por 5 dormitorios, salón, cocina con despensa, 2 baños y 2 terrazas.
La vivienda cuenta con armarios empotrados, suelos de gres, ventanas de climalit, calefacción de gas natural y aire acondicionado, teniendo la finca un espacio para almacenaje y aparcamiento.
Puede concertar su visita llamando al 91 029 18 88 o visitenos en Calle Guetaria 72!!!",1,1,1,1,0,0,0,1,1,1,"['https://cdn-media.medialabtc.it/es/agencies/md004/estates/619253/images/9005097/gallery_media.jpeg', 'https://cdn-media.medialabtc.it/es/agencies/md004/estates/619253/images/9005127/gallery_media.jpeg', 'https://cdn-media.medialabtc.it/es/agencies/md004/estates/619253/images/9005136/gallery_media.jpeg', 'https://cdn-media.medialabtc.it/es/agencies/md004/estates/619253/images/9005131/gallery_media.jpeg', 'https://cdn-media.medialabtc.it/es/agencies/md004/estates/619253/images/9005100/gallery_media.jpeg', 'https://cdn-media.medialabtc.it/es/agencies/md004/estates/619253/images/9005141/gallery_media.jpeg', 'https://cdn-media.medialabtc.it/es/agencies/md004/estates/619253/images/9005135/gallery_media.jpeg', 'https://cdn-media.medialabtc.it/es/agencies/md004/estates/619253/images/9005099/gallery_media.jpeg', 'https://cdn-media.medialabtc.it/es/agencies/md004/estates/619253/images/9005130/gallery_media.jpeg', 'https://cdn-media.medialabtc.it/es/agencies/md004/estates/619253/images/9005128/gallery_media.jpeg', 'https://cdn-media.medialabtc.it/es/agencies/md004/estates/619253/images/9005101/gallery_media.jpeg', 'https://cdn-media.medialabtc.it/es/agencies/md004/estates/619253/images/9005137/gallery_media.jpeg', 'https://cdn-media.medialabtc.it/es/agencies/md004/estates/619253/images/9005138/gallery_media.jpeg', 'https://cdn-media.medialabtc.it/es/agencies/md004/estates/619253/images/9005098/gallery_media.jpeg', 'https://cdn-media.medialabtc.it/es/agencies/md004/estates/619253/images/9005140/gallery_media.jpeg', 'https://cdn-media.medialabtc.it/es/agencies/md004/estates/619253/images/9005125/gallery_media.jpeg', 'https://cdn-media.medialabtc.it/es/agencies/md004/estates/619253/images/9005139/gallery_media.jpeg', 'https://cdn-media.medialabtc.it/es/agencies/md004/estates/619253/images/9005122/gallery_media.jpeg', 'https://cdn-media.medialabtc.it/es/agencies/md004/estates/619253/images/9005134/gallery_media.jpeg', 'https://cdn-media.medialabtc.it/es/agencies/md004/estates/619253/images/9005123/gallery_media.jpeg', 'https://cdn-media.medialabtc.it/es/agencies/md004/estates/619253/images/9005142/gallery_media.jpeg', 'https://cdn-media.medialabtc.it/es/agencies/md004/estates/619253/images/9005126/gallery_media.jpeg', 'https://cdn-media.medialabtc.it/es/agencies/md004/estates/619253/images/9005124/gallery_media.jpeg', 'https://cdn-media.medialabtc.it/es/agencies/md004/estates/619253/images/9005133/gallery_media.jpeg', 'https://cdn-media.medialabtc.it/es/agencies/md004/estates/619253/images/9005132/gallery_media.jpeg', 'https://cdn-media.medialabtc.it/es/agencies/md004/estates/619253/images/9005129/gallery_media.jpeg']",0,Desconocido,1,0,0,0,0,E,0,0,"['imagenes_tecnocasa\\anuncio_43\\0.jpeg', 'imagenes_tecnocasa\\anuncio_43\\1.jpeg', 'imagenes_tecnocasa\\anuncio_43\\2.jpeg', 'imagenes_tecnocasa\\anuncio_43\\3.jpeg', 'imagenes_tecnocasa\\anuncio_43\\4.jpeg', 'imagenes_tecnocasa\\anuncio_43\\5.jpeg', 'imagenes_tecnocasa\\anuncio_43\\6.jpeg', 'imagenes_tecnocasa\\anuncio_43\\7.jpeg', 'imagenes_tecnocasa\\anuncio_43\\8.jpeg', 'imagenes_tecnocasa\\anuncio_43\\9.jpeg', 'imagenes_tecnocasa\\anuncio_43\\10.jpeg', 'imagenes_tecnocasa\\anuncio_43\\11.jpeg', 'imagenes_tecnocasa\\anuncio_43\\12.jpeg', 'imagenes_tecnocasa\\anuncio_43\\13.jpeg', 'imagenes_tecnocasa\\anuncio_43\\14.jpeg', 'imagenes_tecnocasa\\anuncio_43\\15.jpeg', 'imagenes_tecnocasa\\anuncio_43\\16.jpeg', 'imagenes_tecnocasa\\anuncio_43\\17.jpeg', 'imagenes_tecnocasa\\anuncio_43\\18.jpeg', 'imagenes_tecnocasa\\anuncio_43\\19.jpeg', 'imagenes_tecnocasa\\anuncio_43\\20.jpeg', 'imagenes_tecnocasa\\anuncio_43\\21.jpeg', 'imagenes_tecnocasa\\anuncio_43\\22.jpeg', 'imagenes_tecnocasa\\anuncio_43\\23.jpeg', 'imagenes_tecnocasa\\anuncio_43\\24.jpeg', 'imagenes_tecnocasa\\anuncio_43\\25.jpeg']",0,Media,1985,1,0,0,piso,1,Madrid,"Orcasitas - San Fermin, Madrid",40.4167047,-3.7035825,43,2304.6875,82.0,68.0,0.1953125,0.4,1.0,0.0,cerámica,pintura,ninguna,estándar (2.4-2.8m),nada,3.0,3.2,convencional,"['#D8BFD8', '#B0C4DE', '#FFF8DC']",regular,False,convencional,limitado,ninguno,ninguno,estándar,ninguna,ninguno,6.6,6.4,ninguna,5
https://www.tecnocasa.es/venta/piso/madrid/leganes/620261.html,160000.0,1,39.0,1,"Agencia inmobiliaria de Leganés zona Zarzaquemada, Tecnocasa Area Inmoleganes 2024 Slu
EN VENTA: Excelente vivienda completamente exterior muy luminosa en Leganés (Zarzaquemada)
Local en PANADES. planta baja de 39m2
Reformado completamente y a estrenar.
En tramites para CCAMBIO DE USO A VIVIENDA.
Tiene varios puntos a destacar:
- Finca muy tranquila
- Jardines cercanos.
- La cercanía del metro Julian Besteiro.
- La cercania de la renfe de Zarzaquemada.
Próxima a todos los servicios necesarios como colegios, supermercados, centro de salud, centro de día para mayores, zonas verdes.
Si precisa de más información no dude en contactar con nosotros
AVISO LEGAL: Recordamos a nuestros Señores clientes que la información facilitada no constituye una auténtica oferta vinculante ni contractual. Este anuncio publicitario es provisional, y las fotografías y datos en él incluidos están sujetos a posibles modificaciones, consecuencia de exigencias comerciales, jurídicas, técnicas o por mandato expreso de la propiedad. La información aquí contenida procura reflejar una orientación sobre los inmuebles a la fecha de su publicación. La totalidad del contenido que aparece tiene carácter meramente informativo y aproximado, no teniendo, en modo alguno, carácter contractual. Tanto los datos, como las imágenes y planos pueden estar sujetos a cambios, por lo que le invitamos a que, si precisa una información más exacta y detallada, contacte con nosotros y le atenderemos a la mayor brevedad posible. Los contenidos tienen únicamente finalidad informativa y bajo ninguna circunstancia deben usarse ni considerarse como oferta de venta o financiación, solicitud de una oferta de compra o financiación, ni recomendación para realizar cualquier otra transacción, salvo que así se indique expresamente. La información y documentación a ofrecer de acuerdo con lo dispuesto en el Real Decreto 515/1989 (de 21 de abril, relativa a la protección de los consumidores en cuanto a la información a suministrar en la compraventa y arrendamiento de viviendas), será puesta a disposición de los potenciales compradores en las respectivas delegaciones territoriales gestoras del inmueble.",1,1,1,1,1,1,0,1,1,1,"['https://cdn-media.medialabtc.it/es/agencies/mdbcd/estates/620261/images/8968325/gallery_media.jpeg', 'https://cdn-media.medialabtc.it/es/agencies/mdbcd/estates/620261/images/8968335/gallery_media.jpeg', 'https://cdn-media.medialabtc.it/es/agencies/mdbcd/estates/620261/images/8968322/gallery_media.jpeg', 'https://cdn-media.medialabtc.it/es/agencies/mdbcd/estates/620261/images/8968328/gallery_media.jpeg', 'https://cdn-media.medialabtc.it/es/agencies/mdbcd/estates/620261/images/8968323/gallery_media.jpeg', 'https://cdn-media.medialabtc.it/es/agencies/mdbcd/estates/620261/images/8968326/gallery_media.jpeg', 'https://cdn-media.medialabtc.it/es/agencies/mdbcd/estates/620261/images/8968327/gallery_media.jpeg', 'https://cdn-media.medialabtc.it/es/agencies/mdbcd/estates/620261/images/8968333/gallery_media.jpeg', 'https://cdn-media.medialabtc.it/es/agencies/mdbcd/estates/620261/images/8968331/gallery_media.jpeg', 'https://cdn-media.medialabtc.it/es/agencies/mdbcd/estates/620261/images/8968324/gallery_media.jpeg', 'https://cdn-media.medialabtc.it/es/agencies/mdbcd/estates/620261/images/8968340/gallery_media.jpeg', 'https://cdn-media.medialabtc.it/es/agencies/mdbcd/estates/620261/images/8968337/gallery_media.jpeg', 'https://cdn-media.medialabtc.it/es/agencies/mdbcd/estates/620261/images/8968332/gallery_media.jpeg']",0,Reformado,0,0,0,0,0,D,0,0,"['imagenes_tecnocasa\\anuncio_44\\0.jpeg', 'imagenes_tecnocasa\\anuncio_44\\1.jpeg', 'imagenes_tecnocasa\\anuncio_44\\2.jpeg', 'imagenes_tecnocasa\\anuncio_44\\3.jpeg', 'imagenes_tecnocasa\\anuncio_44\\4.jpeg', 'imagenes_tecnocasa\\anuncio_44\\5.jpeg', 'imagenes_tecnocasa\\anuncio_44\\6.jpeg', 'imagenes_tecnocasa\\anuncio_44\\7.jpeg', 'imagenes_tecnocasa\\anuncio_44\\8.jpeg', 'imagenes_tecnocasa\\anuncio_44\\9.jpeg', 'imagenes_tecnocasa\\anuncio_44\\10.jpeg', 'imagenes_tecnocasa\\anuncio_44\\11.jpeg', 'imagenes_tecnocasa\\anuncio_44\\12.jpeg']",1,Popular,1975,1,0,0,piso,1,Leganés,"Zarzaquemada, Leganés",40.3281942,-3.76527,44,4102.5641025641025,322.0,214.0,0.13333333333333333,0.16666666666666666,1.0,0.0,cerámica,pintura,fija,estándar (2.4-2.8m),nada,4.2,6.4,moderno,"['#FFFFFF', '#000000', '#999999']",buena,False,convencional,limitado,ninguno,ninguno,estándar,básica,ninguno,6.8,5.8,ninguna,5
https://www.tecnocasa.es/venta/piso/madrid/madrid/566102.html,269000.0,3,74.0,1,"TECNOCASA Estudio Moratalaz Fontarrón S. L. VENDE, estupenda vivienda de 3 dormitorios, muy luminoso. Cuenta con entrada, amplio salón con terraza incorporada, cocina con tendedero incorporado, 1 baño. La vivienda dispone de calefacción a gas natural individual. La finca rodeada de jardines, por lo que la zona es muy tranquila y silenciosa. La vivienda es completamente exterior, contando con doble orientación.

Tiene todos los servicios, como supermercados, bancos, tiendas, colegios, biblioteca, parques y jardines. A escasos metros de la vivienda disponemos de varías líneas de autobús. Parada de metro 'Artilleros' - Línea 9.

El barrio dispone muy buenas comunicaciones por carretera, teniendo muy buenos accesos a la M-30, la M-40, la Carretera de Valencia (A-3) y a la carretera de O´Donell (M-23).

La información de este anuncio no tiene carácter contractual ni vinculante, ya que podría contener alguna incorreción. En el precio de venta expuesto no se hayan incluidos los gastos de formalización de la compraventa, tales como honorarios de notaria, honorarios de la inscripción registral, honorarios por la tramitación e inscripción registral de escrituras ni el ITP (Tipo máximo en Madrid es del 6%). Del mismo modo, en el precio anunciado, no se incluyen los honorarios de la agencia al comprador, que ascienden al 3%+IVA (tipo impositivo 21%) que se abonarán por el sobre el precio fijado en la promesa de compra suscrita por el mismo. Tampoco se encuentra incluidos en el precio anunciado otros tributos y gastos que pudieran existir al suscribir una hipoteca, tales como gastos de tasación, comisión bancaria de apertura del préstamo, AJD (Impuesto por los Actos Jurídicos Documentados, gastos de segundas copias.

Moratalaz se caracteriza por su buena comunicación y cercanía a Madrid Centro-Retiro. Es el distrito con más metros destinados a zonas verdes, jardines y parques.",1,1,1,1,1,1,0,1,1,1,"['https://cdn-media.medialabtc.it/es/agencies/md015/estates/566102/images/8964473/gallery_media.jpeg', 'https://cdn-media.medialabtc.it/es/agencies/md015/estates/566102/images/8964470/gallery_media.jpeg', 'https://cdn-media.medialabtc.it/es/agencies/md015/estates/566102/images/8964483/gallery_media.jpeg', 'https://cdn-media.medialabtc.it/es/agencies/md015/estates/566102/images/8964477/gallery_media.jpeg', 'https://cdn-media.medialabtc.it/es/agencies/md015/estates/566102/images/8964475/gallery_media.jpeg', 'https://cdn-media.medialabtc.it/es/agencies/md015/estates/566102/images/8964671/gallery_media.jpeg', 'https://cdn-media.medialabtc.it/es/agencies/md015/estates/566102/images/8964478/gallery_media.jpeg', 'https://cdn-media.medialabtc.it/es/agencies/md015/estates/566102/images/8964471/gallery_media.jpeg', 'https://cdn-media.medialabtc.it/es/agencies/md015/estates/566102/images/8964480/gallery_media.jpeg', 'https://cdn-media.medialabtc.it/es/agencies/md015/estates/566102/images/8964467/gallery_media.jpeg', 'https://cdn-media.medialabtc.it/es/agencies/md015/estates/566102/images/8964479/gallery_media.jpeg', 'https://cdn-media.medialabtc.it/es/agencies/md015/estates/566102/images/8964472/gallery_media.jpeg', 'https://cdn-media.medialabtc.it/es/agencies/md015/estates/566102/images/8964481/gallery_media.jpeg', 'https://cdn-media.medialabtc.it/es/agencies/md015/estates/566102/images/8964468/gallery_media.jpeg', 'https://cdn-media.medialabtc.it/es/agencies/md015/estates/566102/images/8964476/gallery_media.jpeg', 'https://cdn-media.medialabtc.it/es/agencies/md015/estates/566102/images/8964469/gallery_media.jpeg', 'https://cdn-media.medialabtc.it/es/agencies/md015/estates/566102/images/8964474/gallery_media.jpeg']",0,Desconocido,0,0,0,1,0,F,0,0,"['imagenes_tecnocasa\\anuncio_45\\0.jpeg', 'imagenes_tecnocasa\\anuncio_45\\1.jpeg', 'imagenes_tecnocasa\\anuncio_45\\2.jpeg', 'imagenes_tecnocasa\\anuncio_45\\3.jpeg', 'imagenes_tecnocasa\\anuncio_45\\4.jpeg', 'imagenes_tecnocasa\\anuncio_45\\5.jpeg', 'imagenes_tecnocasa\\anuncio_45\\6.jpeg', 'imagenes_tecnocasa\\anuncio_45\\7.jpeg', 'imagenes_tecnocasa\\anuncio_45\\8.jpeg', 'imagenes_tecnocasa\\anuncio_45\\9.jpeg', 'imagenes_tecnocasa\\anuncio_45\\10.jpeg', 'imagenes_tecnocasa\\anuncio_45\\11.jpeg', 'imagenes_tecnocasa\\anuncio_45\\12.jpeg', 'imagenes_tecnocasa\\anuncio_45\\13.jpeg', 'imagenes_tecnocasa\\anuncio_45\\14.jpeg', 'imagenes_tecnocasa\\anuncio_45\\15.jpeg', 'imagenes_tecnocasa\\anuncio_45\\16.jpeg']",1,Popular,1962,1,0,0,piso,4,Madrid,Madrid,40.4167047,-3.7035825,45,3635.135135135135,293.0,188.0,0.05,0.4,2.0,0.0,cerámica,pintura,corredera,estándar (2.4-2.8m),nada,4.0,5.0,convencional,"['#FFFFFF', '#ADD8E6', '#6495ED']",buena,True,convencional,normal,ninguno,ninguno,estándar,parcialmente equipada,ninguno,6.8,6.4,ninguna,5
https://www.tecnocasa.es/venta/piso/madrid/madrid/622146.html,410000.0,4,93.0,2,"Agencia inmobiliaria de MADRID Oficina Tecnocasa Desarrollo inmobiliario Aluche-Los Yébenes . de MADRID VENDE LUMINOSA VIVIENDA EN URBANIZACIÓN PRIVADA. DISPONE DE ASCENSOR, PARKING Y GARAJE.
Vivienda ubicada en la 4ª planta de la finca, con doble orientación.
Distribuida en 4 dormitorios amplios, salón comedor, baño, aseo, cocina y terraza cerrada. Dispone de calefacción individual, parking comunitario y garaje.
El inmueble esta ubicado en urbanización privada con jardines.
El inmueble ocupa una cuota de participación de 7,41% sobre los elementos comunes del edificio. El último IBI está abonado. Actualmente la ITE de este es favorable.
Características:
- Calefacción individual.
- Urbanización privada.
- Habitaciones amplias.
- Suelo de Parquet.
- Ventanas climalit.
- Doble orientación
- Parking comunitario.
- Garaje.
- Terraza.
El barrio de Aluche (distrito Latina), zona muy bien comunicada con diferentes líneas de autobús con fácil y rápido acceso a autovías. Zona rodeada por el Parque de Aluche, el Parque de Cerro de Almodóvar y el Parque de Eugenia de Montijo.
A 7 minutos andando de nuestra oficina encontramos el metro Eugenia de Montijo y unos 15 minutos andando encontramos dos intercambiadores, el de Aluche hacia el sur y el de Laguna hacia el norte. En ambos encontramos Metro, Renfe y gran variedad de autobuses.
El nombre del barrio tiene su origen en el Arroyo Luche, afluente del Manzanares, que en su momento tenía su recorrido por donde ahora es el barrio. Una de sus más importantes calles es la Calle Yébenes, por su gran actividad comercial. Otra de ellas es la Calle Valmojado, en la actualidad es la que mayor tráfico tiene.
Aluche es un barrio administrativo de la ciudad de Madrid que pertenece al distrito de Latina. Limita con los barrios de Campamento, Las Águilas, Lucero, Los Cármenes y con el distrito de Carabanchel. Actualmente cuenta con un amplio plan de soterramiento de la carretera A-5, lo cual incrementará las zonas verdes y peatonales, eliminando polución ambiental y acústica.
Preguntar por condiciones de venta. La información contenida en este anuncio no tiene carácter contractual ni vinculante, ya que podría contener alguna incorreción. En el precio de venta expuesto no se hayan incluidos los gastos de formalización de la compraventa, tales como honorarios de notaria, honorarios de la inscripción registral, honorarios por la tramitación e inscripción registral de escrituras ni el ITP (Impuesto de Transmisiones Patrimoniales, siendo el tipo máximo en la Comunidad de Madrid del 6%). Del mismo modo, en el precio anunciado, no se incluyen los honorarios los honorarios de la agencia al comprador, que ascienden al 3%+IVA (tipo impositivo 21%) que se abonarán por el sobre el precio fijado en la promesa de compra suscrita por el mismo. Tampoco se encuentra incluidos en el precio anunciado de venta otros tributos y gastos que pudieran existir al suscribir una hipoteca, tales como gastos de tasación, comisión bancaria de apertura del préstamo, AJD (Impuesto por los Actos Jurídicos Documentados, gastos de segundas copias.",0,1,0,1,1,1,1,1,1,1,"['https://cdn-media.medialabtc.it/es/agencies/mdawd/estates/622146/images/9005369/gallery_media.jpeg', 'https://cdn-media.medialabtc.it/es/agencies/mdawd/estates/622146/images/9005362/gallery_media.jpeg', 'https://cdn-media.medialabtc.it/es/agencies/mdawd/estates/622146/images/9005371/gallery_media.jpeg', 'https://cdn-media.medialabtc.it/es/agencies/mdawd/estates/622146/images/9005383/gallery_media.jpeg', 'https://cdn-media.medialabtc.it/es/agencies/mdawd/estates/622146/images/9005379/gallery_media.jpeg', 'https://cdn-media.medialabtc.it/es/agencies/mdawd/estates/622146/images/9005375/gallery_media.jpeg', 'https://cdn-media.medialabtc.it/es/agencies/mdawd/estates/622146/images/9005366/gallery_media.jpeg', 'https://cdn-media.medialabtc.it/es/agencies/mdawd/estates/622146/images/9005385/gallery_media.jpeg', 'https://cdn-media.medialabtc.it/es/agencies/mdawd/estates/622146/images/9005376/gallery_media.jpeg', 'https://cdn-media.medialabtc.it/es/agencies/mdawd/estates/622146/images/9005367/gallery_media.jpeg', 'https://cdn-media.medialabtc.it/es/agencies/mdawd/estates/622146/images/9005380/gallery_media.jpeg', 'https://cdn-media.medialabtc.it/es/agencies/mdawd/estates/622146/images/9005372/gallery_media.jpeg', 'https://cdn-media.medialabtc.it/es/agencies/mdawd/estates/622146/images/9005377/gallery_media.jpeg', 'https://cdn-media.medialabtc.it/es/agencies/mdawd/estates/622146/images/9005364/gallery_media.jpeg', 'https://cdn-media.medialabtc.it/es/agencies/mdawd/estates/622146/images/9005374/gallery_media.jpeg', 'https://cdn-media.medialabtc.it/es/agencies/mdawd/estates/622146/images/9005368/gallery_media.jpeg', 'https://cdn-media.medialabtc.it/es/agencies/mdawd/estates/622146/images/9005384/gallery_media.jpeg', 'https://cdn-media.medialabtc.it/es/agencies/mdawd/estates/622146/images/9005382/gallery_media.jpeg', 'https://cdn-media.medialabtc.it/es/agencies/mdawd/estates/622146/images/9005365/gallery_media.jpeg', 'https://cdn-media.medialabtc.it/es/agencies/mdawd/estates/622146/images/9005363/gallery_media.jpeg', 'https://cdn-media.medialabtc.it/es/agencies/mdawd/estates/622146/images/9005378/gallery_media.jpeg', 'https://cdn-media.medialabtc.it/es/agencies/mdawd/estates/622146/images/9005360/gallery_media.jpeg', 'https://cdn-media.medialabtc.it/es/agencies/mdawd/estates/622146/images/9005370/gallery_media.jpeg', 'https://cdn-media.medialabtc.it/es/agencies/mdawd/estates/622146/images/9005361/gallery_media.jpeg', 'https://cdn-media.medialabtc.it/es/agencies/mdawd/estates/622146/images/9005381/gallery_media.jpeg', 'https://cdn-media.medialabtc.it/es/agencies/mdawd/estates/622146/images/9005386/gallery_media.jpeg', 'https://cdn-media.medialabtc.it/es/agencies/mdawd/estates/622146/images/9005373/gallery_media.jpeg']",0,Desconocido,1,0,0,1,0,Desconocida,0,0,"['imagenes_tecnocasa\\anuncio_46\\0.jpeg', 'imagenes_tecnocasa\\anuncio_46\\1.jpeg', 'imagenes_tecnocasa\\anuncio_46\\2.jpeg', 'imagenes_tecnocasa\\anuncio_46\\3.jpeg', 'imagenes_tecnocasa\\anuncio_46\\4.jpeg', 'imagenes_tecnocasa\\anuncio_46\\5.jpeg', 'imagenes_tecnocasa\\anuncio_46\\6.jpeg', 'imagenes_tecnocasa\\anuncio_46\\7.jpeg', 'imagenes_tecnocasa\\anuncio_46\\8.jpeg', 'imagenes_tecnocasa\\anuncio_46\\9.jpeg', 'imagenes_tecnocasa\\anuncio_46\\10.jpeg', 'imagenes_tecnocasa\\anuncio_46\\11.jpeg', 'imagenes_tecnocasa\\anuncio_46\\12.jpeg', 'imagenes_tecnocasa\\anuncio_46\\13.jpeg', 'imagenes_tecnocasa\\anuncio_46\\14.jpeg', 'imagenes_tecnocasa\\anuncio_46\\15.jpeg', 'imagenes_tecnocasa\\anuncio_46\\16.jpeg', 'imagenes_tecnocasa\\anuncio_46\\17.jpeg', 'imagenes_tecnocasa\\anuncio_46\\18.jpeg', 'imagenes_tecnocasa\\anuncio_46\\19.jpeg', 'imagenes_tecnocasa\\anuncio_46\\20.jpeg', 'imagenes_tecnocasa\\anuncio_46\\21.jpeg', 'imagenes_tecnocasa\\anuncio_46\\22.jpeg', 'imagenes_tecnocasa\\anuncio_46\\23.jpeg', 'imagenes_tecnocasa\\anuncio_46\\24.jpeg', 'imagenes_tecnocasa\\anuncio_46\\25.jpeg', 'imagenes_tecnocasa\\anuncio_46\\26.jpeg']",0,Media,1973,1,0,1,piso,2,Aluche,"Aluche, Madrid",40.392356,-3.7571096,46,4408.602150537635,487.0,294.0,0.0,0.4,1.0,0.0,cerámica,pintura,corredera,estándar (2.4-2.8m),nada,4.2,3.6,clásico,"['#FFE4E1', '#FFF0E3', '#F5F5DC']",regular,False,convencional,limitado,ninguno,ninguno,estándar,básica,ninguno,7.0,6.4,ninguna,5
https://www.tecnocasa.es/venta/piso/madrid/madrid/621828.html,299000.0,3,95.0,2,"Agencia inmobiliaria de Madrid zona Usera, Almendrales Tecnocasa Estudio Almendrales Sl, Vende, piso de 3 dormitorios en una 3ªplanta con ascensor y cuenta con elevador desde la entrada del portal hasta el ascensor. Consta de puerta principal blindada, amplio salón-comedor con acceso a una terraza, cocina con terraza, baño completo, aseo en tipo suite en el dormitorio principal, aire acondicionado frio/calor en el salón y dormitoios Daikin, dispone de calefacción individual por gas natural con Caldera Vaillant optimizada en e 2023.

Usera es un barrio consolidado con una ubicación inmejorable dentro Madrid con el Parque Madrid Rio, Centro Comercial Plaza Rio 2 Metro (Línea 6 y 3) y conexiones con las principales carreteras como M-30, M-40, A-42 y A4.

Con más de 25 años en el Barrio ofreciendo el mejor servicio y profesionalidad siendo especialistas en:

- COMPRAVENTA Y ALQUILERES
- VIVIENDA DE PROTECCIÓN OFICIAL (VPO) - HERENCIAS Y VENTA DE LA NUDA PROPIEDAD
- VALORACION GRATUITA DE SU INMUEBLE
- ASESORAMIENTO PERSONALIZADO PARA VENDEDORES Y COMPRADORES

Si quieres vender, comprar o alquilar en el barrio confié en Tecnocasa calle Marcelo Usera 42, Local.

AVISO LEGAL: Recordamos a nuestros Señores clientes que la información facilitada no constituye una auténtica oferta vinculante ni contractual. Este anuncio publicitario es provisional, y las fotografías y datos en él incluidos están sujetos a posibles modificaciones, consecuencia de exigencias comerciales, jurídicas, técnicas o por mandato expreso de la propiedad. La información aquí contenida procura reflejar una orientación sobre los inmuebles a la fecha de su publicación. La totalidad del contenido que aparece tiene carácter meramente informativo y aproximado, no teniendo, en modo alguno, carácter contractual. Tanto los datos, como las imágenes y planos pueden estar sujetos a cambios, por lo que le invitamos a que, si precisa una información más exacta y detallada, contacte con nosotros y le atenderemos a la mayor brevedad posible. Los contenidos tienen únicamente finalidad informativa y bajo ninguna circunstancia deben usarse ni considerarse como oferta de venta o financiación, solicitud de una oferta de compra o financiación, ni recomendación para realizar cualquier otra transacción, salvo que así se indique expresamente. La información y documentación a ofrecer de acuerdo con lo dispuesto en el Real Decreto 515/1989 (de 21 de abril, relativa a la protección de los consumidores en cuanto a la información a suministrar en la compraventa y arrendamiento de viviendas), será puesta a disposición de los potenciales compradores en las respectivas delegaciones territoriales gestoras del inmueble.",1,1,1,1,1,1,0,1,1,1,"['https://cdn-media.medialabtc.it/es/agencies/mdak1/estates/621828/images/8998099/gallery_media.jpeg', 'https://cdn-media.medialabtc.it/es/agencies/mdak1/estates/621828/images/8998097/gallery_media.jpeg', 'https://cdn-media.medialabtc.it/es/agencies/mdak1/estates/621828/images/8998095/gallery_media.jpeg', 'https://cdn-media.medialabtc.it/es/agencies/mdak1/estates/621828/images/8998106/gallery_media.jpeg', 'https://cdn-media.medialabtc.it/es/agencies/mdak1/estates/621828/images/8998102/gallery_media.jpeg', 'https://cdn-media.medialabtc.it/es/agencies/mdak1/estates/621828/images/8998105/gallery_media.jpeg', 'https://cdn-media.medialabtc.it/es/agencies/mdak1/estates/621828/images/8998093/gallery_media.jpeg', 'https://cdn-media.medialabtc.it/es/agencies/mdak1/estates/621828/images/8998086/gallery_media.jpeg', 'https://cdn-media.medialabtc.it/es/agencies/mdak1/estates/621828/images/8998085/gallery_media.jpeg', 'https://cdn-media.medialabtc.it/es/agencies/mdak1/estates/621828/images/8998090/gallery_media.jpeg', 'https://cdn-media.medialabtc.it/es/agencies/mdak1/estates/621828/images/8998101/gallery_media.jpeg', 'https://cdn-media.medialabtc.it/es/agencies/mdak1/estates/621828/images/8998098/gallery_media.jpeg', 'https://cdn-media.medialabtc.it/es/agencies/mdak1/estates/621828/images/8998087/gallery_media.jpeg', 'https://cdn-media.medialabtc.it/es/agencies/mdak1/estates/621828/images/8998104/gallery_media.jpeg', 'https://cdn-media.medialabtc.it/es/agencies/mdak1/estates/621828/images/8998082/gallery_media.jpeg', 'https://cdn-media.medialabtc.it/es/agencies/mdak1/estates/621828/images/8998100/gallery_media.jpeg', 'https://cdn-media.medialabtc.it/es/agencies/mdak1/estates/621828/images/8998084/gallery_media.jpeg', 'https://cdn-media.medialabtc.it/es/agencies/mdak1/estates/621828/images/8998083/gallery_media.jpeg', 'https://cdn-media.medialabtc.it/es/agencies/mdak1/estates/621828/images/8998088/gallery_media.jpeg', 'https://cdn-media.medialabtc.it/es/agencies/mdak1/estates/621828/images/8998103/gallery_media.jpeg', 'https://cdn-media.medialabtc.it/es/agencies/mdak1/estates/621828/images/8998091/gallery_media.jpeg', 'https://cdn-media.medialabtc.it/es/agencies/mdak1/estates/621828/images/8998081/gallery_media.jpeg', 'https://cdn-media.medialabtc.it/es/agencies/mdak1/estates/621828/images/8998096/gallery_media.jpeg', 'https://cdn-media.medialabtc.it/es/agencies/mdak1/estates/621828/images/8998089/gallery_media.jpeg', 'https://cdn-media.medialabtc.it/es/agencies/mdak1/estates/621828/images/8998092/gallery_media.jpeg', 'https://cdn-media.medialabtc.it/es/agencies/mdak1/estates/621828/images/8998094/gallery_media.jpeg']",0,Desconocido,0,0,0,1,0,E,0,0,"['imagenes_tecnocasa\\anuncio_47\\0.jpeg', 'imagenes_tecnocasa\\anuncio_47\\1.jpeg', 'imagenes_tecnocasa\\anuncio_47\\2.jpeg', 'imagenes_tecnocasa\\anuncio_47\\3.jpeg', 'imagenes_tecnocasa\\anuncio_47\\4.jpeg', 'imagenes_tecnocasa\\anuncio_47\\5.jpeg', 'imagenes_tecnocasa\\anuncio_47\\6.jpeg', 'imagenes_tecnocasa\\anuncio_47\\7.jpeg', 'imagenes_tecnocasa\\anuncio_47\\8.jpeg', 'imagenes_tecnocasa\\anuncio_47\\9.jpeg', 'imagenes_tecnocasa\\anuncio_47\\10.jpeg', 'imagenes_tecnocasa\\anuncio_47\\11.jpeg', 'imagenes_tecnocasa\\anuncio_47\\12.jpeg', 'imagenes_tecnocasa\\anuncio_47\\13.jpeg', 'imagenes_tecnocasa\\anuncio_47\\14.jpeg', 'imagenes_tecnocasa\\anuncio_47\\15.jpeg', 'imagenes_tecnocasa\\anuncio_47\\16.jpeg', 'imagenes_tecnocasa\\anuncio_47\\17.jpeg', 'imagenes_tecnocasa\\anuncio_47\\18.jpeg', 'imagenes_tecnocasa\\anuncio_47\\19.jpeg', 'imagenes_tecnocasa\\anuncio_47\\20.jpeg', 'imagenes_tecnocasa\\anuncio_47\\21.jpeg', 'imagenes_tecnocasa\\anuncio_47\\22.jpeg', 'imagenes_tecnocasa\\anuncio_47\\23.jpeg', 'imagenes_tecnocasa\\anuncio_47\\24.jpeg', 'imagenes_tecnocasa\\anuncio_47\\25.jpeg']",1,Media,1976,1,0,1,piso,1,Almendrales,"Almendrales - Pradolongo, Madrid",40.3843762,-3.6992931,47,3147.3684210526317,407.0,273.0,0.1,0.26,1.0,0.0,cerámica,pintura,ninguna visible,estándar (2.4-2.8m),nada,3.4,3.6,convencional,"['#F2F2F2', '#FFFFFF', '#D3D3D3']",regular,False,convencional,limitado,ninguno,ninguno,estándar,básica,ninguno,6.8,5.8,ninguna,5
https://www.tecnocasa.es/venta/piso/madrid/madrid/617196.html,225000.0,2,57.0,1,"INMUEBLE ACTUALMENTE ARRENDADO.
Descubre este acogedor piso en el corazón de Madrid, ideal para quienes buscan comodidad y funcionalidad. Situado en una planta alta, este hogar ofrece una vista despejada y una excelente iluminación natural. Con una superficie de 57 m², la propiedad cuenta con dos dormitorios bien distribuidos, perfectos para una familia o para quienes necesitan espacio adicional para una oficina en casa. El salón es un espacio versátil que se integra con la cocina, creando un ambiente práctico para el día a día. El baño está diseñado para ofrecer confort y eficiencia. Construido en 1960, el edificio mantiene el encanto de la época, combinado con las comodidades modernas necesarias para una vida urbana. Ubicado en una zona con fácil acceso a servicios, transporte público y áreas verdes, este piso es una oportunidad para disfrutar de la vida en Madrid con todas las facilidades a tu alcance.",1,1,1,1,1,1,0,1,1,1,"['https://cdn-media.medialabtc.it/es/agencies/mdae5/estates/617196/images/8888384/gallery_media.jpeg', 'https://cdn-media.medialabtc.it/es/agencies/mdae5/estates/617196/images/8888377/gallery_media.jpeg', 'https://cdn-media.medialabtc.it/es/agencies/mdae5/estates/617196/images/8888380/gallery_media.jpeg', 'https://cdn-media.medialabtc.it/es/agencies/mdae5/estates/617196/images/8888373/gallery_media.jpeg', 'https://cdn-media.medialabtc.it/es/agencies/mdae5/estates/617196/images/8888383/gallery_media.jpeg', 'https://cdn-media.medialabtc.it/es/agencies/mdae5/estates/617196/images/8888378/gallery_media.jpeg', 'https://cdn-media.medialabtc.it/es/agencies/mdae5/estates/617196/images/8888385/gallery_media.jpeg', 'https://cdn-media.medialabtc.it/es/agencies/mdae5/estates/617196/images/8888386/gallery_media.jpeg', 'https://cdn-media.medialabtc.it/es/agencies/mdae5/estates/617196/images/8888374/gallery_media.jpeg', 'https://cdn-media.medialabtc.it/es/agencies/mdae5/estates/617196/images/8888375/gallery_media.jpeg', 'https://cdn-media.medialabtc.it/es/agencies/mdae5/estates/617196/images/8888379/gallery_media.jpeg', 'https://cdn-media.medialabtc.it/es/agencies/mdae5/estates/617196/images/8888388/gallery_media.jpeg', 'https://cdn-media.medialabtc.it/es/agencies/mdae5/estates/617196/images/8888389/gallery_media.jpeg', 'https://cdn-media.medialabtc.it/es/agencies/mdae5/estates/617196/images/8888376/gallery_media.jpeg', 'https://cdn-media.medialabtc.it/es/agencies/mdae5/estates/617196/images/8888387/gallery_media.jpeg', 'https://cdn-media.medialabtc.it/es/agencies/mdae5/estates/617196/images/8888382/gallery_media.jpeg', 'https://cdn-media.medialabtc.it/es/agencies/mdae5/estates/617196/images/8888390/gallery_media.jpeg', 'https://cdn-media.medialabtc.it/es/agencies/mdae5/estates/617196/images/8888381/gallery_media.jpeg']",0,Desconocido,0,0,0,0,0,E,0,0,"['imagenes_tecnocasa\\anuncio_48\\0.jpeg', 'imagenes_tecnocasa\\anuncio_48\\1.jpeg', 'imagenes_tecnocasa\\anuncio_48\\2.jpeg', 'imagenes_tecnocasa\\anuncio_48\\3.jpeg', 'imagenes_tecnocasa\\anuncio_48\\4.jpeg', 'imagenes_tecnocasa\\anuncio_48\\5.jpeg', 'imagenes_tecnocasa\\anuncio_48\\6.jpeg', 'imagenes_tecnocasa\\anuncio_48\\7.jpeg', 'imagenes_tecnocasa\\anuncio_48\\8.jpeg', 'imagenes_tecnocasa\\anuncio_48\\9.jpeg', 'imagenes_tecnocasa\\anuncio_48\\10.jpeg', 'imagenes_tecnocasa\\anuncio_48\\11.jpeg', 'imagenes_tecnocasa\\anuncio_48\\12.jpeg', 'imagenes_tecnocasa\\anuncio_48\\13.jpeg', 'imagenes_tecnocasa\\anuncio_48\\14.jpeg', 'imagenes_tecnocasa\\anuncio_48\\15.jpeg', 'imagenes_tecnocasa\\anuncio_48\\16.jpeg', 'imagenes_tecnocasa\\anuncio_48\\17.jpeg']",0,Media,1960,1,0,0,piso,3,Madrid,"Valdezarza, Madrid",40.4167047,-3.7035825,48,3947.3684210526317,148.0,100.0,0.5,0.7,0.0,1.0,cerámica,pintura,corredera,estándar (2.4-2.8m),nada,3.6,4.2,convencional,"['#F2F2F2', '#D2B48C', '#FFFFFF']",buena,False,convencional,limitado,ninguno,ninguno,estándar,parcialmente equipada,ninguno,6.6,5.8,ninguna,5
https://www.tecnocasa.es/venta/piso/madrid/leganes/619734.html,195000.0,3,65.0,1,"Agencia inmobiliaria de MADRID - zona LEGANÉS - Oficina Tecnocasa VENDE.
3ª planta exterior en magnífica ubicación, cercana a 3 grandes avenidas de Leganés.
La vivienda se distribuye del siguiente modo: Amplio salón independiente con aire acondicionado y salida a una maravillosa terraza cerrada, 3 dormitorios muy luminosos y amplios, cocina totalmente amueblada y actualizada, cuarto de baño con ventana y calefacción por airer acondicionado.
Orientación SUR por lo que no le falta luz a ninguna de sus estancias, actualmente con ascensor.
La vivienda viene con parking incluido en el precio de la publicacion.
Muy bien comunicado, con rápido acceso por carretera, Cercanías línea C-5 (18 minutos a Atocha), Metro sur parada Casa del reloj a menos de 500m, Leganés central y Autobuses interurbanos directos a Aluche, Oporto entre otros. Cercano a la Universidad Carlos III y rodeado de Colegios, tanto de primaria como de secundaria. Zonas verdes. Cuenta con un Centro de Salud cercano.
No dude en ponerse en contacto con nuestros asesores para más información o para concertar una cita para ver la vivienda.
¡PREGUNTA POR LA FINANCIACIÓN CON KIRON!
NO SE REFLEJA DIRECCIÓN EXACTA DE LA VIVIENDA POR PRIVACIDAD, LA DIRECCIÓN REFLEJADA EN EL ANUNCIO ESTA A ESCASOS METROS DE ELLA PARA QUE PUEDAN TENER UN PUNTO DE REFERENCIA DE DONDE SE UBICA EXACTAMENTE.",1,1,1,1,1,1,0,1,1,1,"['https://cdn-media.medialabtc.it/es/agencies/md503/estates/619734/images/8951758/gallery_media.jpeg', 'https://cdn-media.medialabtc.it/es/agencies/md503/estates/619734/images/8951761/gallery_media.jpeg', 'https://cdn-media.medialabtc.it/es/agencies/md503/estates/619734/images/8951756/gallery_media.jpeg', 'https://cdn-media.medialabtc.it/es/agencies/md503/estates/619734/images/8951760/gallery_media.jpeg', 'https://cdn-media.medialabtc.it/es/agencies/md503/estates/619734/images/8952273/gallery_media.jpeg', 'https://cdn-media.medialabtc.it/es/agencies/md503/estates/619734/images/8951757/gallery_media.jpeg', 'https://cdn-media.medialabtc.it/es/agencies/md503/estates/619734/images/8951755/gallery_media.jpeg', 'https://cdn-media.medialabtc.it/es/agencies/md503/estates/619734/images/8951759/gallery_media.jpeg', 'https://cdn-media.medialabtc.it/es/agencies/md503/estates/619734/images/8951754/gallery_media.jpeg', 'https://cdn-media.medialabtc.it/es/agencies/md503/estates/619734/images/8951842/gallery_media.jpeg', 'https://cdn-media.medialabtc.it/es/agencies/md503/estates/619734/images/8951843/gallery_media.jpeg']",0,Desconocido,1,0,0,1,0,Desconocida,0,0,"['imagenes_tecnocasa\\anuncio_49\\0.jpeg', 'imagenes_tecnocasa\\anuncio_49\\1.jpeg', 'imagenes_tecnocasa\\anuncio_49\\2.jpeg', 'imagenes_tecnocasa\\anuncio_49\\3.jpeg', 'imagenes_tecnocasa\\anuncio_49\\4.jpeg', 'imagenes_tecnocasa\\anuncio_49\\5.jpeg', 'imagenes_tecnocasa\\anuncio_49\\6.jpeg', 'imagenes_tecnocasa\\anuncio_49\\7.jpeg', 'imagenes_tecnocasa\\anuncio_49\\8.jpeg', 'imagenes_tecnocasa\\anuncio_49\\9.jpeg', 'imagenes_tecnocasa\\anuncio_49\\10.jpeg']",0,Popular,1965,0,0,0,piso,3,Leganés,"Batallas, Leganés",40.3281942,-3.76527,49,3000.0,217.0,168.0,0.0,0.25,2.0,0.0,cerámica,pintura,corredera,estándar (2.4-2.8m),nada,4.4,3.8,clásico,"['#FFD700', '#A0522D', '#FFFFE0']",buena,False,convencional,normal,ninguno,ninguno,estándar,parcialmente equipada,ninguno,6.6,6.8,ninguna,5
https://www.tecnocasa.es/venta/piso/madrid/leganes/621288.html,179000.0,3,65.0,1,"Agencia inmobiliaria de MADRID - zona LEGANÉS - Oficina Tecnocasa VENDE.
3ª planta exterior en magnífica ubicación, cercana a 3 grandes avenidas de Leganés.
La vivienda se distribuye del siguiente modo: Amplio salón independiente con aire acondicionado y salida a una maravillosa terraza cerrada, 2 dormitorios muy luminosos y amplios, cocina totalmente amueblada y actualizada, cuarto de baño con ventana y calefacción por airer acondicionado.
Orientación SUR por lo que no le falta luz a ninguna de sus estancias, actualmente con ascensor.
La vivienda viene con parking incluido en el precio de la publicacion.
Muy bien comunicado, con rápido acceso por carretera, Cercanías línea C-5 (18 minutos a Atocha), Metro sur parada Casa del reloj a menos de 500m, Leganés central y Autobuses interurbanos directos a Aluche, Oporto entre otros. Cercano a la Universidad Carlos III y rodeado de Colegios, tanto de primaria como de secundaria. Zonas verdes. Cuenta con un Centro de Salud cercano.
No dude en ponerse en contacto con nuestros asesores para más información o para concertar una cita para ver la vivienda.
¡PREGUNTA POR LA FINANCIACIÓN CON KIRON!
NO SE REFLEJA DIRECCIÓN EXACTA DE LA VIVIENDA POR PRIVACIDAD, LA DIRECCIÓN REFLEJADA EN EL ANUNCIO ESTA A ESCASOS METROS DE ELLA PARA QUE PUEDAN TENER UN PUNTO DE REFERENCIA DE DONDE SE UBICA EXACTAMENTE.",0,1,1,1,1,1,0,1,1,1,"['https://cdn-media.medialabtc.it/es/agencies/md503/estates/621288/images/8995061/gallery_media.jpeg', 'https://cdn-media.medialabtc.it/es/agencies/md503/estates/621288/images/8995164/gallery_media.jpeg', 'https://cdn-media.medialabtc.it/es/agencies/md503/estates/621288/images/8995167/gallery_media.jpeg', 'https://cdn-media.medialabtc.it/es/agencies/md503/estates/621288/images/8995155/gallery_media.jpeg', 'https://cdn-media.medialabtc.it/es/agencies/md503/estates/621288/images/8995169/gallery_media.jpeg', 'https://cdn-media.medialabtc.it/es/agencies/md503/estates/621288/images/8995400/gallery_media.jpeg', 'https://cdn-media.medialabtc.it/es/agencies/md503/estates/621288/images/8995163/gallery_media.jpeg', 'https://cdn-media.medialabtc.it/es/agencies/md503/estates/621288/images/8995166/gallery_media.jpeg', 'https://cdn-media.medialabtc.it/es/agencies/md503/estates/621288/images/8995156/gallery_media.jpeg', 'https://cdn-media.medialabtc.it/es/agencies/md503/estates/621288/images/8995165/gallery_media.jpeg', 'https://cdn-media.medialabtc.it/es/agencies/md503/estates/621288/images/8995162/gallery_media.jpeg', 'https://cdn-media.medialabtc.it/es/agencies/md503/estates/621288/images/8995154/gallery_media.jpeg', 'https://cdn-media.medialabtc.it/es/agencies/md503/estates/621288/images/8995168/gallery_media.jpeg']",0,Desconocido,1,0,0,1,0,Desconocida,0,0,"['imagenes_tecnocasa\\anuncio_50\\0.jpeg', 'imagenes_tecnocasa\\anuncio_50\\1.jpeg', 'imagenes_tecnocasa\\anuncio_50\\2.jpeg', 'imagenes_tecnocasa\\anuncio_50\\3.jpeg', 'imagenes_tecnocasa\\anuncio_50\\4.jpeg', 'imagenes_tecnocasa\\anuncio_50\\5.jpeg', 'imagenes_tecnocasa\\anuncio_50\\6.jpeg', 'imagenes_tecnocasa\\anuncio_50\\7.jpeg', 'imagenes_tecnocasa\\anuncio_50\\8.jpeg', 'imagenes_tecnocasa\\anuncio_50\\9.jpeg', 'imagenes_tecnocasa\\anuncio_50\\10.jpeg', 'imagenes_tecnocasa\\anuncio_50\\11.jpeg', 'imagenes_tecnocasa\\anuncio_50\\12.jpeg']",0,Popular,1970,0,0,0,piso,3,Leganés,"Santos, Leganés",40.3281942,-3.76527,50,2753.846153846154,217.0,169.0,0.0,0.25,2.0,0.0,cerámica,pintura,corredera,estándar (2.4-2.8m),nada,3.4,3.8,convencional,"['#F5F5DC', '#FFE4C4', '#A0522D']",regular,False,convencional,limitado,ninguno,ninguno,estándar,básica,ninguno,6.2,6.0,ninguna,5
https://www.tecnocasa.es/venta/piso/madrid/madrid/620714.html,295000.0,2,55.0,1,"Tecnocasa Estudio Betanzos vende piso en el Barrio del Pilar-Peñagrande. Piso situado en la calle Sarria con orientación norte. Luminoso, en zona muy tranquila y bien comunicado tanto del metro Peñagrande (línea 7) como autobuses(líneas 126-128-128-132-82-147). Rodeado de todo tipo de comercios de todo tipo, tanto grandes superficies (MaxiDia y AhorraMas), como comercios tradicionales de toda la vida. Colegios, ambulatorio, ayuntamiento, farmacias, etc muy accesibles y a 5 minutos andando del centro Comercial la Vaguada.
La vivienda, tiene una buena distribución y esta compuesta de dos dormitorios, salón comedor, terraza, cocina y baño. Su estado es para actualizar y dispone de calefacción por gas natural. Mejor ver.
Pida información sin compromiso.
Con KIRON y sus asesores financieros podrá encontrar la hipoteca que mejor se adapte a sus necesidades de financiación. Puede beneficiarse de los convenios que tiene el Grupo Tecnocasa con diferentes entidades bancarias, con posibilidad de financiación hasta 100%. Solicite un estudio gratis y sin compromiso.",1,1,1,1,1,1,0,1,1,1,"['https://cdn-media.medialabtc.it/es/agencies/mdai6/estates/620714/images/8973827/gallery_media.jpeg', 'https://cdn-media.medialabtc.it/es/agencies/mdai6/estates/620714/images/8973836/gallery_media.jpeg', 'https://cdn-media.medialabtc.it/es/agencies/mdai6/estates/620714/images/8973825/gallery_media.jpeg', 'https://cdn-media.medialabtc.it/es/agencies/mdai6/estates/620714/images/8973834/gallery_media.jpeg', 'https://cdn-media.medialabtc.it/es/agencies/mdai6/estates/620714/images/8973832/gallery_media.jpeg', 'https://cdn-media.medialabtc.it/es/agencies/mdai6/estates/620714/images/8973835/gallery_media.jpeg', 'https://cdn-media.medialabtc.it/es/agencies/mdai6/estates/620714/images/8973837/gallery_media.jpeg', 'https://cdn-media.medialabtc.it/es/agencies/mdai6/estates/620714/images/8973838/gallery_media.jpeg', 'https://cdn-media.medialabtc.it/es/agencies/mdai6/estates/620714/images/8973833/gallery_media.jpeg', 'https://cdn-media.medialabtc.it/es/agencies/mdai6/estates/620714/images/8973824/gallery_media.jpeg', 'https://cdn-media.medialabtc.it/es/agencies/mdai6/estates/620714/images/8973829/gallery_media.jpeg', 'https://cdn-media.medialabtc.it/es/agencies/mdai6/estates/620714/images/8973826/gallery_media.jpeg', 'https://cdn-media.medialabtc.it/es/agencies/mdai6/estates/620714/images/8973839/gallery_media.jpeg', 'https://cdn-media.medialabtc.it/es/agencies/mdai6/estates/620714/images/8973828/gallery_media.jpeg', 'https://cdn-media.medialabtc.it/es/agencies/mdai6/estates/620714/images/8973830/gallery_media.jpeg', 'https://cdn-media.medialabtc.it/es/agencies/mdai6/estates/620714/images/8973831/gallery_media.jpeg']",0,Desconocido,0,0,0,1,0,Desconocida,0,0,"['imagenes_tecnocasa\\anuncio_51\\0.jpeg', 'imagenes_tecnocasa\\anuncio_51\\1.jpeg', 'imagenes_tecnocasa\\anuncio_51\\2.jpeg', 'imagenes_tecnocasa\\anuncio_51\\3.jpeg', 'imagenes_tecnocasa\\anuncio_51\\4.jpeg', 'imagenes_tecnocasa\\anuncio_51\\5.jpeg', 'imagenes_tecnocasa\\anuncio_51\\6.jpeg', 'imagenes_tecnocasa\\anuncio_51\\7.jpeg', 'imagenes_tecnocasa\\anuncio_51\\8.jpeg', 'imagenes_tecnocasa\\anuncio_51\\9.jpeg', 'imagenes_tecnocasa\\anuncio_51\\10.jpeg', 'imagenes_tecnocasa\\anuncio_51\\11.jpeg', 'imagenes_tecnocasa\\anuncio_51\\12.jpeg', 'imagenes_tecnocasa\\anuncio_51\\13.jpeg', 'imagenes_tecnocasa\\anuncio_51\\14.jpeg', 'imagenes_tecnocasa\\anuncio_51\\15.jpeg']",0,Popular,1950,1,0,1,piso,2,Madrid,"Peñagrande, Madrid",40.4167047,-3.7035825,51,5363.636363636364,157.0,120.0,0.1,0.4,1.0,0.0,cerámica,pintura,corredera,estándar (2.4-2.8m),nada,3.2,2.6,convencional,"['#FFFFFF', '#A0A0A0', '#505050']",regular,False,convencional,limitado,ninguno,ninguno,estándar,básica,ninguno,6.0,6.6,ninguna,5
https://www.tecnocasa.es/venta/piso/madrid/madrid/620446.html,470000.0,4,130.0,2,"Inmobiliaria en Virgen de Begoña-Fuencarral Madrid - Tecnocasa Estudio Virgen De Begoña-Fuencarral Sl (REGISTRO DE AGENTES PROFESIONALES INMOBILIARIOS; RAIN Nº752/22).
Vende vivienda en la Avda. Llano Castellano, compuesta por 4 dormitorios (anteriormente 5), 1 cuarto de baño y 1 aseo, amplia cocina y salón, ambos con terraza. Vivienda completamente exterior, MUY LUMINOSO. Orientación Sur y Oeste.
Ubicado en la tercera planta del edificio, con doble ascensor. Para entrar a vivir. Posee calefacción central, con gastos individualizados.
La finca cuenta con portero físico. En el precio se inlcuye cuarto de trastero.
La vivienda se encuentra cerca del ámbito de actuación del Proyecto Madrid Nuevo Norte, una de las mayores transformaciones urbanísticas de Europa. Este proyecto contempla nuevas zonas residenciales, empresariales y amplias áreas verdes, además de la modernización de infraestructuras y transporte. Vivir junto a este desarrollo no solo garantiza un entorno moderno y revitalizado en el futuro cercano, sino que representa una inversión estratégica con gran potencial de revalorización a medio y largo plazo.
Está muy bien situado al norte de Madrid, cercano al centro comercial La Vaguada y con buenas comunicaciones para vehículo propio, con acceso a M-30 por la calle San Modesto, cercano a la Avenida ilustración y M-11; transporte público con varias líneas de autobús (137, 124, 175, 178, N24,), metro línea 10 (BEGOÑA) y estación renfe cercanías Ramon y Cajal.",1,1,1,1,1,1,1,1,1,1,"['https://cdn-media.medialabtc.it/es/agencies/md072/estates/620446/images/8976222/gallery_media.jpeg', 'https://cdn-media.medialabtc.it/es/agencies/md072/estates/620446/images/8976240/gallery_media.jpeg', 'https://cdn-media.medialabtc.it/es/agencies/md072/estates/620446/images/8976158/gallery_media.jpeg', 'https://cdn-media.medialabtc.it/es/agencies/md072/estates/620446/images/8976228/gallery_media.jpeg', 'https://cdn-media.medialabtc.it/es/agencies/md072/estates/620446/images/8976225/gallery_media.jpeg', 'https://cdn-media.medialabtc.it/es/agencies/md072/estates/620446/images/8976227/gallery_media.jpeg', 'https://cdn-media.medialabtc.it/es/agencies/md072/estates/620446/images/8976230/gallery_media.jpeg', 'https://cdn-media.medialabtc.it/es/agencies/md072/estates/620446/images/8976229/gallery_media.jpeg', 'https://cdn-media.medialabtc.it/es/agencies/md072/estates/620446/images/8976233/gallery_media.jpeg', 'https://cdn-media.medialabtc.it/es/agencies/md072/estates/620446/images/8976223/gallery_media.jpeg', 'https://cdn-media.medialabtc.it/es/agencies/md072/estates/620446/images/8976237/gallery_media.jpeg', 'https://cdn-media.medialabtc.it/es/agencies/md072/estates/620446/images/8976156/gallery_media.jpeg', 'https://cdn-media.medialabtc.it/es/agencies/md072/estates/620446/images/8976239/gallery_media.jpeg', 'https://cdn-media.medialabtc.it/es/agencies/md072/estates/620446/images/8976234/gallery_media.jpeg', 'https://cdn-media.medialabtc.it/es/agencies/md072/estates/620446/images/8976157/gallery_media.jpeg', 'https://cdn-media.medialabtc.it/es/agencies/md072/estates/620446/images/8976161/gallery_media.jpeg', 'https://cdn-media.medialabtc.it/es/agencies/md072/estates/620446/images/8976160/gallery_media.jpeg', 'https://cdn-media.medialabtc.it/es/agencies/md072/estates/620446/images/8976232/gallery_media.jpeg', 'https://cdn-media.medialabtc.it/es/agencies/md072/estates/620446/images/8976236/gallery_media.jpeg', 'https://cdn-media.medialabtc.it/es/agencies/md072/estates/620446/images/8976231/gallery_media.jpeg', 'https://cdn-media.medialabtc.it/es/agencies/md072/estates/620446/images/8976224/gallery_media.jpeg', 'https://cdn-media.medialabtc.it/es/agencies/md072/estates/620446/images/8976226/gallery_media.jpeg', 'https://cdn-media.medialabtc.it/es/agencies/md072/estates/620446/images/8976159/gallery_media.jpeg', 'https://cdn-media.medialabtc.it/es/agencies/md072/estates/620446/images/8976238/gallery_media.jpeg', 'https://cdn-media.medialabtc.it/es/agencies/md072/estates/620446/images/8976235/gallery_media.jpeg']",0,Desconocido,0,1,0,1,1,E,0,0,"['imagenes_tecnocasa\\anuncio_53\\0.jpeg', 'imagenes_tecnocasa\\anuncio_53\\1.jpeg', 'imagenes_tecnocasa\\anuncio_53\\2.jpeg', 'imagenes_tecnocasa\\anuncio_53\\3.jpeg', 'imagenes_tecnocasa\\anuncio_53\\4.jpeg', 'imagenes_tecnocasa\\anuncio_53\\5.jpeg', 'imagenes_tecnocasa\\anuncio_53\\6.jpeg', 'imagenes_tecnocasa\\anuncio_53\\7.jpeg', 'imagenes_tecnocasa\\anuncio_53\\8.jpeg', 'imagenes_tecnocasa\\anuncio_53\\9.jpeg', 'imagenes_tecnocasa\\anuncio_53\\10.jpeg', 'imagenes_tecnocasa\\anuncio_53\\11.jpeg', 'imagenes_tecnocasa\\anuncio_53\\12.jpeg', 'imagenes_tecnocasa\\anuncio_53\\13.jpeg', 'imagenes_tecnocasa\\anuncio_53\\14.jpeg', 'imagenes_tecnocasa\\anuncio_53\\15.jpeg', 'imagenes_tecnocasa\\anuncio_53\\16.jpeg', 'imagenes_tecnocasa\\anuncio_53\\17.jpeg', 'imagenes_tecnocasa\\anuncio_53\\18.jpeg', 'imagenes_tecnocasa\\anuncio_53\\19.jpeg', 'imagenes_tecnocasa\\anuncio_53\\20.jpeg', 'imagenes_tecnocasa\\anuncio_53\\21.jpeg', 'imagenes_tecnocasa\\anuncio_53\\22.jpeg', 'imagenes_tecnocasa\\anuncio_53\\23.jpeg', 'imagenes_tecnocasa\\anuncio_53\\24.jpeg']",0,Popular,1960,0,0,1,piso,3,Fuencarral,"Fuencarral - Tres Olivos - Virgen De Begoña, Madrid",40.426213,-3.7009931,53,3615.3846153846152,224.0,170.0,0.0,0.25,2.0,0.0,parquet,pintura,corredera,estándar (2.4-2.8m),nada,4.4,3.6,clásico,"['#FFFFFF', '#D2B48C', '#A9A9A9']",buena,False,convencional,normal,ninguno,ninguno,estándar,básica,ninguno,7.6,6.6,ninguna,5
https://www.tecnocasa.es/venta/piso/madrid/madrid/621324.html,648900.0,3,95.0,1,"Inmobiliaria en La latina - Puerta de Toledo - El Rastro - Palacio - Madrid - Tecnocasa Consulting Estudio Puerta de Toledo SL
Te presentamos esta encantadora y amplia vivienda de 95 m² construidos, situada en una de las zonas más auténticas, vibrantes y con mayor valor histórico y cultural de Madrid: el barrio de La Latina, junto a la Plaza de Cascorro, a pocos pasos de la Puerta de Toledo y muy cerca de la Calle Mayor, Plaza Mayor y Madrid Río.
La propiedad se encuentra en plena Ribera de Curtidores, eje principal del famoso Rastro madrileño, un lugar lleno de vida los domingos, pero tranquilo entre semana. Un entorno con sabor castizo, lleno de historia y con un gran dinamismo cultural, comercial y gastronómico.
Distribución y características principales:
3 dormitorios (luminosos y de buen tamaño)
Salón principal y sala de estar independientes
Cocina independiente con ventana exterior
1 baño completo con ventilación natural
2 balcones exteriores, con vistas despejadas a la Ribera de Curtidores
Todas las estancias cuentan con ventana, lo que proporciona excelente ventilación cruzada y abundante luz natural durante todo el día.
Detalles de confort y conservación:
Suelos de parquet.
Calefacción individual de gas natural.
Buena distribución, con estancias amplias y posibilidad de adaptar espacios según necesidades
Entorno y servicios:
Vivir en esta vivienda es disfrutar del verdadero espíritu madrileño:
A pocos pasos de La Latina, el Mercado de la Cebada, Madrid Río, y monumentos históricos como la Basílica de San Francisco el Grande
Rodeado de una amplísima oferta gastronómica y cultural: bares de tapas, tabernas históricas, restaurantes modernos, galerías de arte, teatros alternativos
Excelente conexión con transporte público: metro La Latina, Puerta de Toledo, autobuses y fácil acceso a la M-30
Zonas verdes y de esparcimiento como Madrid Río a escasa distancia a pie.",1,1,1,1,1,1,1,1,1,1,"['https://cdn-media.medialabtc.it/es/agencies/md065/estates/621324/images/9008425/gallery_media.jpeg', 'https://cdn-media.medialabtc.it/es/agencies/md065/estates/621324/images/9008422/gallery_media.jpeg', 'https://cdn-media.medialabtc.it/es/agencies/md065/estates/621324/images/9008420/gallery_media.jpeg', 'https://cdn-media.medialabtc.it/es/agencies/md065/estates/621324/images/9008399/gallery_media.jpeg', 'https://cdn-media.medialabtc.it/es/agencies/md065/estates/621324/images/9008414/gallery_media.jpeg', 'https://cdn-media.medialabtc.it/es/agencies/md065/estates/621324/images/9008413/gallery_media.jpeg', 'https://cdn-media.medialabtc.it/es/agencies/md065/estates/621324/images/9008418/gallery_media.jpeg', 'https://cdn-media.medialabtc.it/es/agencies/md065/estates/621324/images/9008426/gallery_media.jpeg', 'https://cdn-media.medialabtc.it/es/agencies/md065/estates/621324/images/9008419/gallery_media.jpeg', 'https://cdn-media.medialabtc.it/es/agencies/md065/estates/621324/images/9008427/gallery_media.jpeg', 'https://cdn-media.medialabtc.it/es/agencies/md065/estates/621324/images/9008424/gallery_media.jpeg', 'https://cdn-media.medialabtc.it/es/agencies/md065/estates/621324/images/9008395/gallery_media.jpeg', 'https://cdn-media.medialabtc.it/es/agencies/md065/estates/621324/images/9008397/gallery_media.jpeg', 'https://cdn-media.medialabtc.it/es/agencies/md065/estates/621324/images/9008406/gallery_media.jpeg', 'https://cdn-media.medialabtc.it/es/agencies/md065/estates/621324/images/9008423/gallery_media.jpeg', 'https://cdn-media.medialabtc.it/es/agencies/md065/estates/621324/images/9008396/gallery_media.jpeg', 'https://cdn-media.medialabtc.it/es/agencies/md065/estates/621324/images/9008409/gallery_media.jpeg', 'https://cdn-media.medialabtc.it/es/agencies/md065/estates/621324/images/9008402/gallery_media.jpeg', 'https://cdn-media.medialabtc.it/es/agencies/md065/estates/621324/images/9008400/gallery_media.jpeg', 'https://cdn-media.medialabtc.it/es/agencies/md065/estates/621324/images/9008415/gallery_media.jpeg', 'https://cdn-media.medialabtc.it/es/agencies/md065/estates/621324/images/9008407/gallery_media.jpeg', 'https://cdn-media.medialabtc.it/es/agencies/md065/estates/621324/images/9008398/gallery_media.jpeg', 'https://cdn-media.medialabtc.it/es/agencies/md065/estates/621324/images/9008416/gallery_media.jpeg', 'https://cdn-media.medialabtc.it/es/agencies/md065/estates/621324/images/9008433/gallery_media.jpeg', 'https://cdn-media.medialabtc.it/es/agencies/md065/estates/621324/images/9008404/gallery_media.jpeg', 'https://cdn-media.medialabtc.it/es/agencies/md065/estates/621324/images/9008408/gallery_media.jpeg', 'https://cdn-media.medialabtc.it/es/agencies/md065/estates/621324/images/9008405/gallery_media.jpeg', 'https://cdn-media.medialabtc.it/es/agencies/md065/estates/621324/images/9008410/gallery_media.jpeg', 'https://cdn-media.medialabtc.it/es/agencies/md065/estates/621324/images/9008417/gallery_media.jpeg', 'https://cdn-media.medialabtc.it/es/agencies/md065/estates/621324/images/9008431/gallery_media.jpeg']",1,Desconocido,0,0,0,0,0,E,0,0,"['imagenes_tecnocasa\\anuncio_54\\0.jpeg', 'imagenes_tecnocasa\\anuncio_54\\1.jpeg', 'imagenes_tecnocasa\\anuncio_54\\2.jpeg', 'imagenes_tecnocasa\\anuncio_54\\3.jpeg', 'imagenes_tecnocasa\\anuncio_54\\4.jpeg', 'imagenes_tecnocasa\\anuncio_54\\5.jpeg', 'imagenes_tecnocasa\\anuncio_54\\6.jpeg', 'imagenes_tecnocasa\\anuncio_54\\7.jpeg', 'imagenes_tecnocasa\\anuncio_54\\8.jpeg', 'imagenes_tecnocasa\\anuncio_54\\9.jpeg', 'imagenes_tecnocasa\\anuncio_54\\10.jpeg', 'imagenes_tecnocasa\\anuncio_54\\11.jpeg', 'imagenes_tecnocasa\\anuncio_54\\12.jpeg', 'imagenes_tecnocasa\\anuncio_54\\13.jpeg', 'imagenes_tecnocasa\\anuncio_54\\14.jpeg', 'imagenes_tecnocasa\\anuncio_54\\15.jpeg', 'imagenes_tecnocasa\\anuncio_54\\16.jpeg', 'imagenes_tecnocasa\\anuncio_54\\17.jpeg', 'imagenes_tecnocasa\\anuncio_54\\18.jpeg', 'imagenes_tecnocasa\\anuncio_54\\19.jpeg', 'imagenes_tecnocasa\\anuncio_54\\20.jpeg', 'imagenes_tecnocasa\\anuncio_54\\21.jpeg', 'imagenes_tecnocasa\\anuncio_54\\22.jpeg', 'imagenes_tecnocasa\\anuncio_54\\23.jpeg', 'imagenes_tecnocasa\\anuncio_54\\24.jpeg', 'imagenes_tecnocasa\\anuncio_54\\25.jpeg', 'imagenes_tecnocasa\\anuncio_54\\26.jpeg', 'imagenes_tecnocasa\\anuncio_54\\27.jpeg', 'imagenes_tecnocasa\\anuncio_54\\28.jpeg', 'imagenes_tecnocasa\\anuncio_54\\29.jpeg']",0,Señorial,1950,0,0,0,piso,3,Embajadores,"Lavapiés - Embajadores, Madrid",40.4095856,-3.7029851,54,6830.526315789473,299.0,195.0,0.13749999999999998,0.3625,3.0,0.0,parquet,pintura,abatible,estándar (2.4-2.8m),nada,3.2,2.2,clásico,"['#ADD8E6', '#F5F5DC', '#DEB887']",regular,False,convencional,limitado,ninguno,ninguno,básico,básica,ninguno,7.4,6.4,ninguna,5
https://www.tecnocasa.es/venta/piso/madrid/madrid/622033.html,650000.0,3,116.0,2,"Estudio Tecnocasa Nuevo Canillas 2023 S. L. VENDE EN EXCLUSIVA

Este piso en C/Alcorisa, construido en el año 1977 por la empresa Leonar. Está situado en la 1º planta del edificio, el cuál cuanta con ascensor. Ofrece una superficie de 120m² distribuidos en una planta. El inmueble cuenta con cuatro amplios dormitorios con armarios empotrados y dos baños completos. La cocina se encuentra completamente equipada. Además, dispone de dos terrazas luminosas con vistas a zonas ajardinadas. Su orientación es noreste/noroeste .
Zona muy tranquila con privacidad de zona peatonal y aparcamientos. Instalación de calefacción de gas natural y aire acondicionado en todas las estancias. Vivienda con mucha luz y buena distribución.

Ubicada en una zona privilegiada, esta vivienda está cercana a supermercados, comercios, zonas verdes y parques infantiles. Además, se encuentra a poca distancia del metro Canillas (L4), facilitando el acceso al transporte público.

No dude en llamarnos para concertar su cita y visitar el inmueble, en la que además recibirá el asesoramiento gratuito de nuestro departamento financiero KÌRON. FINANCIACIÓN 100%.",1,1,1,1,1,1,1,1,1,1,"['https://cdn-media.medialabtc.it/es/agencies/md096/estates/622033/images/9000797/gallery_media.jpeg', 'https://cdn-media.medialabtc.it/es/agencies/md096/estates/622033/images/9000799/gallery_media.jpeg', 'https://cdn-media.medialabtc.it/es/agencies/md096/estates/622033/images/9000806/gallery_media.jpeg', 'https://cdn-media.medialabtc.it/es/agencies/md096/estates/622033/images/9000807/gallery_media.jpeg', 'https://cdn-media.medialabtc.it/es/agencies/md096/estates/622033/images/9000802/gallery_media.jpeg', 'https://cdn-media.medialabtc.it/es/agencies/md096/estates/622033/images/9009046/gallery_media.jpeg', 'https://cdn-media.medialabtc.it/es/agencies/md096/estates/622033/images/9000924/gallery_media.jpeg', 'https://cdn-media.medialabtc.it/es/agencies/md096/estates/622033/images/9000801/gallery_media.jpeg', 'https://cdn-media.medialabtc.it/es/agencies/md096/estates/622033/images/9000808/gallery_media.jpeg', 'https://cdn-media.medialabtc.it/es/agencies/md096/estates/622033/images/9000804/gallery_media.jpeg', 'https://cdn-media.medialabtc.it/es/agencies/md096/estates/622033/images/9000805/gallery_media.jpeg', 'https://cdn-media.medialabtc.it/es/agencies/md096/estates/622033/images/9000800/gallery_media.jpeg', 'https://cdn-media.medialabtc.it/es/agencies/md096/estates/622033/images/9000803/gallery_media.jpeg', 'https://cdn-media.medialabtc.it/es/agencies/md096/estates/622033/images/9000809/gallery_media.jpeg', 'https://cdn-media.medialabtc.it/es/agencies/md096/estates/622033/images/9000798/gallery_media.jpeg', 'https://cdn-media.medialabtc.it/es/agencies/md096/estates/622033/images/9000796/gallery_media.jpeg']",1,Desconocido,0,0,0,0,0,D,0,0,"['imagenes_tecnocasa\\anuncio_55\\0.jpeg', 'imagenes_tecnocasa\\anuncio_55\\1.jpeg', 'imagenes_tecnocasa\\anuncio_55\\2.jpeg', 'imagenes_tecnocasa\\anuncio_55\\3.jpeg', 'imagenes_tecnocasa\\anuncio_55\\4.jpeg', 'imagenes_tecnocasa\\anuncio_55\\5.jpeg', 'imagenes_tecnocasa\\anuncio_55\\6.jpeg', 'imagenes_tecnocasa\\anuncio_55\\7.jpeg', 'imagenes_tecnocasa\\anuncio_55\\8.jpeg', 'imagenes_tecnocasa\\anuncio_55\\9.jpeg', 'imagenes_tecnocasa\\anuncio_55\\10.jpeg', 'imagenes_tecnocasa\\anuncio_55\\11.jpeg', 'imagenes_tecnocasa\\anuncio_55\\12.jpeg', 'imagenes_tecnocasa\\anuncio_55\\13.jpeg', 'imagenes_tecnocasa\\anuncio_55\\14.jpeg', 'imagenes_tecnocasa\\anuncio_55\\15.jpeg']",1,Media,1956,1,0,1,piso,1,Madrid,"Canillas, Madrid",40.4167047,-3.7035825,55,5603.448275862069,171.0,131.0,0.1,0.4,1.0,0.0,otro,pintura,corredera,estándar (2.4-2.8m),nada,4.0,4.6,moderno,"['#FFFFFF', '#EEEEEE', '#DDDDDD']",buena,False,convencional,normal,ninguno,ninguno,estándar,básica,ninguno,6.6,6.4,ninguna,5
https://www.tecnocasa.es/venta/piso/madrid/madrid/621299.html,242000.0,3,90.0,1,"Agencia inmobiliaria de MADRID vende piso en la zona de CARABANCHEL ALTO - BUENAVISTA.
Piso de 90 m2 en venta en Carabanchel Buenavista
Situado en el codiciado barrio de Carabanchel Buenavista, este piso es una oportunidad fantástica para quienes buscan un lugar animado y cómodo al que llamar hogar. Con un precio de solo 242 000 , ofrece una relación calidad-precio increíble por su tamaño, características y ubicación privilegiada.
En el interior, encontrarás un amplio dormitorio principal con acceso directo a una terraza. También hay dos dormitorios adicionales, lo que hace que esta vivienda sea ideal para familias o para quienes desean disponer de espacio extra para invitados. El piso cuenta con un cuarto de baño bien equipado.
El corazón de la vivienda es la cocina de estilo americano, renovada hace solo tres años, que ofrece un espacio moderno y abierto para cocinar y recibir invitados. Las recientes actualizaciones de las instalaciones de fontanería y electricidad garantizan que todo esté en perfectas condiciones, lo que le dará tranquilidad como nuevo propietario.
Las grandes ventanas Climalit llenan el piso de luz natural, creando un ambiente luminoso y aireado, mientras que los techos altos aumentan la sensación de espacio y amplitud. Una de las características más destacadas es el amplio patio exterior de 70 m2, algo poco habitual y perfecto para relajarse, recibir a amigos o simplemente disfrutar del aire libre.
El barrio es seguro y familiar, con excelentes conexiones de transporte: a solo cinco minutos a pie de la estación de metro más cercana y a dos minutos a pie de la parada de autobús más cercana. Además, está a solo 20 minutos en coche del centro de Madrid. Te encantará la comodidad de tener todo a poca distancia, incluyendo supermercados, un hospital, una clínica veterinaria, una farmacia, colegios, bares, restaurantes y mucho más.
Financiación HASTA 100% a través del departamento financiero de Tecnocasa (Kiron). La obtención de la financiación está sujeta a las condiciones de la entidad financiera y tendrá en cuenta el perfil y solvencia del cliente.
De acuerdo con el RD 515/1989, del 21 de Abril, se informa al cliente que los gastos notariales, registrales, I. T. P. o equivalente, gastos financieros y otros gastos inherentes a la compraventa no están incluidos en el precio de venta de la vivienda.
Ponte en contacto con nosotros hoy mismo para obtener más información o concertar una visita.",1,1,1,1,1,1,0,1,1,1,"['https://cdn-media.medialabtc.it/es/agencies/mdawf/estates/621299/images/9000308/gallery_media.jpeg', 'https://cdn-media.medialabtc.it/es/agencies/mdawf/estates/621299/images/9000311/gallery_media.jpeg', 'https://cdn-media.medialabtc.it/es/agencies/mdawf/estates/621299/images/9000313/gallery_media.jpeg', 'https://cdn-media.medialabtc.it/es/agencies/mdawf/estates/621299/images/9000310/gallery_media.jpeg', 'https://cdn-media.medialabtc.it/es/agencies/mdawf/estates/621299/images/9000221/gallery_media.jpeg', 'https://cdn-media.medialabtc.it/es/agencies/mdawf/estates/621299/images/9000307/gallery_media.jpeg', 'https://cdn-media.medialabtc.it/es/agencies/mdawf/estates/621299/images/9000303/gallery_media.jpeg', 'https://cdn-media.medialabtc.it/es/agencies/mdawf/estates/621299/images/9000321/gallery_media.jpeg', 'https://cdn-media.medialabtc.it/es/agencies/mdawf/estates/621299/images/9000302/gallery_media.jpeg', 'https://cdn-media.medialabtc.it/es/agencies/mdawf/estates/621299/images/9000306/gallery_media.jpeg', 'https://cdn-media.medialabtc.it/es/agencies/mdawf/estates/621299/images/9000304/gallery_media.jpeg', 'https://cdn-media.medialabtc.it/es/agencies/mdawf/estates/621299/images/9000220/gallery_media.jpeg', 'https://cdn-media.medialabtc.it/es/agencies/mdawf/estates/621299/images/9000315/gallery_media.jpeg', 'https://cdn-media.medialabtc.it/es/agencies/mdawf/estates/621299/images/9000317/gallery_media.jpeg', 'https://cdn-media.medialabtc.it/es/agencies/mdawf/estates/621299/images/9000318/gallery_media.jpeg', 'https://cdn-media.medialabtc.it/es/agencies/mdawf/estates/621299/images/9000299/gallery_media.jpeg', 'https://cdn-media.medialabtc.it/es/agencies/mdawf/estates/621299/images/9000319/gallery_media.jpeg', 'https://cdn-media.medialabtc.it/es/agencies/mdawf/estates/621299/images/9000314/gallery_media.jpeg', 'https://cdn-media.medialabtc.it/es/agencies/mdawf/estates/621299/images/9000320/gallery_media.jpeg', 'https://cdn-media.medialabtc.it/es/agencies/mdawf/estates/621299/images/9000305/gallery_media.jpeg', 'https://cdn-media.medialabtc.it/es/agencies/mdawf/estates/621299/images/9000300/gallery_media.jpeg', 'https://cdn-media.medialabtc.it/es/agencies/mdawf/estates/621299/images/9000219/gallery_media.jpeg', 'https://cdn-media.medialabtc.it/es/agencies/mdawf/estates/621299/images/9000316/gallery_media.jpeg', 'https://cdn-media.medialabtc.it/es/agencies/mdawf/estates/621299/images/9000322/gallery_media.jpeg', 'https://cdn-media.medialabtc.it/es/agencies/mdawf/estates/621299/images/9000301/gallery_media.jpeg', 'https://cdn-media.medialabtc.it/es/agencies/mdawf/estates/621299/images/9000309/gallery_media.jpeg', 'https://cdn-media.medialabtc.it/es/agencies/mdawf/estates/621299/images/9000312/gallery_media.jpeg']",0,Desconocido,0,0,0,1,0,D,1,0,"['imagenes_tecnocasa\\anuncio_56\\0.jpeg', 'imagenes_tecnocasa\\anuncio_56\\1.jpeg', 'imagenes_tecnocasa\\anuncio_56\\2.jpeg', 'imagenes_tecnocasa\\anuncio_56\\3.jpeg', 'imagenes_tecnocasa\\anuncio_56\\4.jpeg', 'imagenes_tecnocasa\\anuncio_56\\5.jpeg', 'imagenes_tecnocasa\\anuncio_56\\6.jpeg', 'imagenes_tecnocasa\\anuncio_56\\7.jpeg', 'imagenes_tecnocasa\\anuncio_56\\8.jpeg', 'imagenes_tecnocasa\\anuncio_56\\9.jpeg', 'imagenes_tecnocasa\\anuncio_56\\10.jpeg', 'imagenes_tecnocasa\\anuncio_56\\11.jpeg', 'imagenes_tecnocasa\\anuncio_56\\12.jpeg', 'imagenes_tecnocasa\\anuncio_56\\13.jpeg', 'imagenes_tecnocasa\\anuncio_56\\14.jpeg', 'imagenes_tecnocasa\\anuncio_56\\15.jpeg', 'imagenes_tecnocasa\\anuncio_56\\16.jpeg', 'imagenes_tecnocasa\\anuncio_56\\17.jpeg', 'imagenes_tecnocasa\\anuncio_56\\18.jpeg', 'imagenes_tecnocasa\\anuncio_56\\19.jpeg', 'imagenes_tecnocasa\\anuncio_56\\20.jpeg', 'imagenes_tecnocasa\\anuncio_56\\21.jpeg', 'imagenes_tecnocasa\\anuncio_56\\22.jpeg', 'imagenes_tecnocasa\\anuncio_56\\23.jpeg', 'imagenes_tecnocasa\\anuncio_56\\24.jpeg', 'imagenes_tecnocasa\\anuncio_56\\25.jpeg', 'imagenes_tecnocasa\\anuncio_56\\26.jpeg']",0,Popular,1972,0,0,0,piso,1,Carabanchel,"Carabanchel Alto - Buena Vista, Madrid",40.3742112,-3.744676,56,2688.8888888888887,397.0,245.0,0.34375,0.5,3.0,1.0,otro,pintura,otro,estándar (2.4-2.8m),nada,3.6,5.0,moderno,"['#d2b48c', '#a0522d', '#808080']",buena,True,convencional,limitado,ninguno,ninguno,estándar,otro,ninguno,7.2,6.2,ninguna,5
https://www.tecnocasa.es/venta/piso/madrid/collado-mediano/618663.html,179000.0,3,68.0,1,"Agencia inmobiliaria Tecnocasa de Becerril de la Sierra vende en exclusiva: este maravilloso piso situado en pleno corazon del Pueblo COLLADO presentamos esta magnífica vivienda situada en una de las zonas más céntricas y cotizadas, rodeada de todos los servicios: supermercados, centros educativos y transporte público.
La vivienda, con una superficie útil de 68m², se distribuye de forma práctica y confortable. Dispone de 2 amplias habitaciones, todas con gran luminosidad natural, el salón-comedor, espacioso y muy luminoso ideal para compartir momentos con familia y amigos, La cocina es independiente, el baño es completo, de buen tamaño, con posibilidad de reforma para incorporar ducha y bañera o actualizar al gusto.
El piso se entrega vacío, lo que brinda la oportunidad perfecta para decorarlo y adaptarlo completamente al estilo y necesidades del comprador.
POSIBILIDAD DE FINANCIACIÓN AL 100% DE TU PRÉSTAMO HIPOTECARIO.",0,1,1,1,0,1,0,0,1,1,"['https://cdn-media.medialabtc.it/es/agencies/md634/estates/618663/images/8922103/gallery_media.jpeg', 'https://cdn-media.medialabtc.it/es/agencies/md634/estates/618663/images/8922102/gallery_media.jpeg', 'https://cdn-media.medialabtc.it/es/agencies/md634/estates/618663/images/8922105/gallery_media.jpeg', 'https://cdn-media.medialabtc.it/es/agencies/md634/estates/618663/images/8923814/gallery_media.jpeg', 'https://cdn-media.medialabtc.it/es/agencies/md634/estates/618663/images/8922109/gallery_media.jpeg', 'https://cdn-media.medialabtc.it/es/agencies/md634/estates/618663/images/8923810/gallery_media.jpeg', 'https://cdn-media.medialabtc.it/es/agencies/md634/estates/618663/images/8922104/gallery_media.jpeg', 'https://cdn-media.medialabtc.it/es/agencies/md634/estates/618663/images/8923809/gallery_media.jpeg', 'https://cdn-media.medialabtc.it/es/agencies/md634/estates/618663/images/8922100/gallery_media.jpeg', 'https://cdn-media.medialabtc.it/es/agencies/md634/estates/618663/images/8923816/gallery_media.jpeg', 'https://cdn-media.medialabtc.it/es/agencies/md634/estates/618663/images/8923813/gallery_media.jpeg', 'https://cdn-media.medialabtc.it/es/agencies/md634/estates/618663/images/8922107/gallery_media.jpeg', 'https://cdn-media.medialabtc.it/es/agencies/md634/estates/618663/images/8923812/gallery_media.jpeg', 'https://cdn-media.medialabtc.it/es/agencies/md634/estates/618663/images/8923811/gallery_media.jpeg', 'https://cdn-media.medialabtc.it/es/agencies/md634/estates/618663/images/8922106/gallery_media.jpeg']",0,Desconocido,0,0,0,0,0,G,0,0,"['imagenes_tecnocasa\\anuncio_57\\0.jpeg', 'imagenes_tecnocasa\\anuncio_57\\1.jpeg', 'imagenes_tecnocasa\\anuncio_57\\2.jpeg', 'imagenes_tecnocasa\\anuncio_57\\3.jpeg', 'imagenes_tecnocasa\\anuncio_57\\4.jpeg', 'imagenes_tecnocasa\\anuncio_57\\5.jpeg', 'imagenes_tecnocasa\\anuncio_57\\6.jpeg', 'imagenes_tecnocasa\\anuncio_57\\7.jpeg', 'imagenes_tecnocasa\\anuncio_57\\8.jpeg', 'imagenes_tecnocasa\\anuncio_57\\9.jpeg', 'imagenes_tecnocasa\\anuncio_57\\10.jpeg', 'imagenes_tecnocasa\\anuncio_57\\11.jpeg', 'imagenes_tecnocasa\\anuncio_57\\12.jpeg', 'imagenes_tecnocasa\\anuncio_57\\13.jpeg', 'imagenes_tecnocasa\\anuncio_57\\14.jpeg']",0,Popular,1970,1,0,0,piso,2,Collado Mediano,Collado Mediano,40.6943707,-4.0247212,57,2632.3529411764707,140.0,108.0,0.5,0.7,1.0,1.0,cerámica,pintura,ninguna visible,estándar (2.4-2.8m),nada,3.6,4.2,convencional,"['#D2B48C', '#A0522D', '#FFF8DC']",buena,False,convencional,limitado,ninguno,ninguno,estándar,básica,ninguno,6.6,6.8,ninguna,5
https://www.tecnocasa.es/venta/casa/madrid/ciempozuelos/617533.html,199000.0,5,192.0,2,"Agencia inmobiliaria de Ciempozuelos-zona Ciempozuelos-oficina Tecnocasa
¡VENDE CASA de 192 m2 CONSTRUIDOS!
Distribuida en 2 plantas: En la planta baja encontramos, salón-comedor independiente, un dormitorio y una cocina desde la que podemos acceder al patio. La parte superior de la vivienda consta de 4 habitaciones, un aseo y un baño completo con bañera.

La vivienda se encuentra ubicada en una zona tranquila, a 10 minutos de la plaza del pueblo y a 20 minutos de la renfe a pie.
No dude en llamarnos para concretar su visita, en la que estará a su disposición el asesoramiento gratuito de nuestro departamento financiero Kiron.",0,1,1,0,1,0,1,1,0,1,"['https://cdn-media.medialabtc.it/es/agencies/mdbe6/estates/617533/images/8904052/gallery_media.jpeg', 'https://cdn-media.medialabtc.it/es/agencies/mdbe6/estates/617533/images/8904137/gallery_media.jpeg', 'https://cdn-media.medialabtc.it/es/agencies/mdbe6/estates/617533/images/8904141/gallery_media.jpeg', 'https://cdn-media.medialabtc.it/es/agencies/mdbe6/estates/617533/images/8904054/gallery_media.jpeg', 'https://cdn-media.medialabtc.it/es/agencies/mdbe6/estates/617533/images/8904138/gallery_media.jpeg', 'https://cdn-media.medialabtc.it/es/agencies/mdbe6/estates/617533/images/8904132/gallery_media.jpeg', 'https://cdn-media.medialabtc.it/es/agencies/mdbe6/estates/617533/images/8904061/gallery_media.jpeg', 'https://cdn-media.medialabtc.it/es/agencies/mdbe6/estates/617533/images/8904139/gallery_media.jpeg', 'https://cdn-media.medialabtc.it/es/agencies/mdbe6/estates/617533/images/8904060/gallery_media.jpeg', 'https://cdn-media.medialabtc.it/es/agencies/mdbe6/estates/617533/images/8904130/gallery_media.jpeg', 'https://cdn-media.medialabtc.it/es/agencies/mdbe6/estates/617533/images/8904129/gallery_media.jpeg', 'https://cdn-media.medialabtc.it/es/agencies/mdbe6/estates/617533/images/8904134/gallery_media.jpeg', 'https://cdn-media.medialabtc.it/es/agencies/mdbe6/estates/617533/images/8904131/gallery_media.jpeg', 'https://cdn-media.medialabtc.it/es/agencies/mdbe6/estates/617533/images/8904057/gallery_media.jpeg', 'https://cdn-media.medialabtc.it/es/agencies/mdbe6/estates/617533/images/8904143/gallery_media.jpeg', 'https://cdn-media.medialabtc.it/es/agencies/mdbe6/estates/617533/images/8904055/gallery_media.jpeg', 'https://cdn-media.medialabtc.it/es/agencies/mdbe6/estates/617533/images/8904128/gallery_media.jpeg', 'https://cdn-media.medialabtc.it/es/agencies/mdbe6/estates/617533/images/8904136/gallery_media.jpeg', 'https://cdn-media.medialabtc.it/es/agencies/mdbe6/estates/617533/images/8904125/gallery_media.jpeg', 'https://cdn-media.medialabtc.it/es/agencies/mdbe6/estates/617533/images/8904140/gallery_media.jpeg', 'https://cdn-media.medialabtc.it/es/agencies/mdbe6/estates/617533/images/8904056/gallery_media.jpeg', 'https://cdn-media.medialabtc.it/es/agencies/mdbe6/estates/617533/images/8904059/gallery_media.jpeg', 'https://cdn-media.medialabtc.it/es/agencies/mdbe6/estates/617533/images/8904126/gallery_media.jpeg', 'https://cdn-media.medialabtc.it/es/agencies/mdbe6/estates/617533/images/8904053/gallery_media.jpeg', 'https://cdn-media.medialabtc.it/es/agencies/mdbe6/estates/617533/images/8904135/gallery_media.jpeg', 'https://cdn-media.medialabtc.it/es/agencies/mdbe6/estates/617533/images/8904058/gallery_media.jpeg', 'https://cdn-media.medialabtc.it/es/agencies/mdbe6/estates/617533/images/8904127/gallery_media.jpeg', 'https://cdn-media.medialabtc.it/es/agencies/mdbe6/estates/617533/images/8904124/gallery_media.jpeg', 'https://cdn-media.medialabtc.it/es/agencies/mdbe6/estates/617533/images/8904142/gallery_media.jpeg']",0,Desconocido,0,0,0,0,0,Desconocida,0,1,"['imagenes_tecnocasa\\anuncio_58\\0.jpeg', 'imagenes_tecnocasa\\anuncio_58\\1.jpeg', 'imagenes_tecnocasa\\anuncio_58\\2.jpeg', 'imagenes_tecnocasa\\anuncio_58\\3.jpeg', 'imagenes_tecnocasa\\anuncio_58\\4.jpeg', 'imagenes_tecnocasa\\anuncio_58\\5.jpeg', 'imagenes_tecnocasa\\anuncio_58\\6.jpeg', 'imagenes_tecnocasa\\anuncio_58\\7.jpeg', 'imagenes_tecnocasa\\anuncio_58\\8.jpeg', 'imagenes_tecnocasa\\anuncio_58\\9.jpeg', 'imagenes_tecnocasa\\anuncio_58\\10.jpeg', 'imagenes_tecnocasa\\anuncio_58\\11.jpeg', 'imagenes_tecnocasa\\anuncio_58\\12.jpeg', 'imagenes_tecnocasa\\anuncio_58\\13.jpeg', 'imagenes_tecnocasa\\anuncio_58\\14.jpeg', 'imagenes_tecnocasa\\anuncio_58\\15.jpeg', 'imagenes_tecnocasa\\anuncio_58\\16.jpeg', 'imagenes_tecnocasa\\anuncio_58\\17.jpeg', 'imagenes_tecnocasa\\anuncio_58\\18.jpeg', 'imagenes_tecnocasa\\anuncio_58\\19.jpeg', 'imagenes_tecnocasa\\anuncio_58\\20.jpeg', 'imagenes_tecnocasa\\anuncio_58\\21.jpeg', 'imagenes_tecnocasa\\anuncio_58\\22.jpeg', 'imagenes_tecnocasa\\anuncio_58\\23.jpeg', 'imagenes_tecnocasa\\anuncio_58\\24.jpeg', 'imagenes_tecnocasa\\anuncio_58\\25.jpeg', 'imagenes_tecnocasa\\anuncio_58\\26.jpeg', 'imagenes_tecnocasa\\anuncio_58\\27.jpeg', 'imagenes_tecnocasa\\anuncio_58\\28.jpeg']",0,Media,1985,0,0,0,casa,2,Ciempozuelos,Ciempozuelos,40.1580087,-3.6205514,58,1036.4583333333333,102.0,75.0,0.7,0.9,0.0,0.0,cerámica,pintura,ninguna visible,estándar (2.4-2.8m),nada,3.2,3.4,convencional,"['#F5F5DC', '#FFE4C4', '#A0522D']",regular,False,convencional,limitado,ninguno,ninguno,estándar,básica,ninguno,5.0,6.0,ninguna,5
https://www.tecnocasa.es/venta/piso/madrid/las-rozas-de-madrid/621711.html,360000.0,1,65.0,1,"Inmobiliaria en Las Rozas De Madrid - Tecnocasa Estudio Las Rozas Estación Slu vende magnífico ático de 4 dormitorios, 1 cuarto de baño y una amplia terraza en pleno corazón de Las Rozas de Madrid: a menos de 50 metros de la Calle Real.
La vivienda cuenta con un recibidor/distribuidor con acceso directo al salón luminoso y acceso a una amplia terraza. La cocina dispone de un gran espacio de trabajo y almacenamiento, distribuyéndose en dos encimeras y con mucho espacio de cajonera y de armarios.

Cruzando el salón nos lleva directos al dormitorio principal, muy amplio y luminoso, y dos grandes armarios empotrados de 3 cuerpos completos + maleteros superiores. Un cuarto de baño con bañera, actualizado de forma íntegra.
La casa dispone de un gran salón comedor con espacio para sala de estar y una mesa amplia, dando acceso también a una de las mejores terrazas con espacio de sobra para una mesa y unas sillas y con una visión y luminosidad inmejorables dentro de la zona del centro de Las Rozas. Finalmente, el piso cuenta con un segundo dormitorio, también con armarios empotrados, que nos conduce a la zona de tendedero y a las otras dos habitaciones.
Gracias a su céntrica ubicación, la vivienda es un enclave privilegiado que se encuentra a 1 minuto a pie de la Calle Real, el centro neurálgico de la ciudad, contando con todos los servicios y comodidades a pocos minutos andando: supermercados, amplia oferta de restauración y ocio, paradas de autobús y proximidad a la estación de RENFE. Además, por su localización, nos encontramos a pocos minutos en vehículo de grandes centros comerciales de la zona (como el . Gran Plaza 2, el . Heron City, el . Burgo Centro o Las Rozas Village); todo ello sin olvidar su proximidad a las principales vías y carreteras de circunvalación (como la A-6 o la M-40).
POSIBILIDAD DE FINANCIACION CON NUESTRO DEPARTAMENTO FINANCIERO: KIRON. No lo dudes y contáctanos para venir a visitarlo",0,1,1,1,1,1,0,1,1,1,"['https://cdn-media.medialabtc.it/es/agencies/md591/estates/621711/images/9008881/gallery_media.jpeg', 'https://cdn-media.medialabtc.it/es/agencies/md591/estates/621711/images/9008878/gallery_media.jpeg', 'https://cdn-media.medialabtc.it/es/agencies/md591/estates/621711/images/9008876/gallery_media.jpeg', 'https://cdn-media.medialabtc.it/es/agencies/md591/estates/621711/images/9008872/gallery_media.jpeg', 'https://cdn-media.medialabtc.it/es/agencies/md591/estates/621711/images/9008904/gallery_media.jpeg', 'https://cdn-media.medialabtc.it/es/agencies/md591/estates/621711/images/9008914/gallery_media.jpeg', 'https://cdn-media.medialabtc.it/es/agencies/md591/estates/621711/images/9008877/gallery_media.jpeg', 'https://cdn-media.medialabtc.it/es/agencies/md591/estates/621711/images/9008902/gallery_media.jpeg', 'https://cdn-media.medialabtc.it/es/agencies/md591/estates/621711/images/9008879/gallery_media.jpeg', 'https://cdn-media.medialabtc.it/es/agencies/md591/estates/621711/images/9008875/gallery_media.jpeg', 'https://cdn-media.medialabtc.it/es/agencies/md591/estates/621711/images/9008880/gallery_media.jpeg', 'https://cdn-media.medialabtc.it/es/agencies/md591/estates/621711/images/9008912/gallery_media.jpeg', 'https://cdn-media.medialabtc.it/es/agencies/md591/estates/621711/images/9008911/gallery_media.jpeg', 'https://cdn-media.medialabtc.it/es/agencies/md591/estates/621711/images/9008915/gallery_media.jpeg', 'https://cdn-media.medialabtc.it/es/agencies/md591/estates/621711/images/9008908/gallery_media.jpeg', 'https://cdn-media.medialabtc.it/es/agencies/md591/estates/621711/images/9008907/gallery_media.jpeg', 'https://cdn-media.medialabtc.it/es/agencies/md591/estates/621711/images/9008910/gallery_media.jpeg', 'https://cdn-media.medialabtc.it/es/agencies/md591/estates/621711/images/9008873/gallery_media.jpeg', 'https://cdn-media.medialabtc.it/es/agencies/md591/estates/621711/images/9008871/gallery_media.jpeg', 'https://cdn-media.medialabtc.it/es/agencies/md591/estates/621711/images/9008874/gallery_media.jpeg', 'https://cdn-media.medialabtc.it/es/agencies/md591/estates/621711/images/9008909/gallery_media.jpeg', 'https://cdn-media.medialabtc.it/es/agencies/md591/estates/621711/images/9008906/gallery_media.jpeg', 'https://cdn-media.medialabtc.it/es/agencies/md591/estates/621711/images/9008916/gallery_media.jpeg', 'https://cdn-media.medialabtc.it/es/agencies/md591/estates/621711/images/9008905/gallery_media.jpeg', 'https://cdn-media.medialabtc.it/es/agencies/md591/estates/621711/images/9008903/gallery_media.jpeg', 'https://cdn-media.medialabtc.it/es/agencies/md591/estates/621711/images/9008870/gallery_media.jpeg', 'https://cdn-media.medialabtc.it/es/agencies/md591/estates/621711/images/9008913/gallery_media.jpeg']",0,Desconocido,0,0,0,1,0,Desconocida,0,0,"['imagenes_tecnocasa\\anuncio_59\\0.jpeg', 'imagenes_tecnocasa\\anuncio_59\\1.jpeg', 'imagenes_tecnocasa\\anuncio_59\\2.jpeg', 'imagenes_tecnocasa\\anuncio_59\\3.jpeg', 'imagenes_tecnocasa\\anuncio_59\\4.jpeg', 'imagenes_tecnocasa\\anuncio_59\\5.jpeg', 'imagenes_tecnocasa\\anuncio_59\\6.jpeg', 'imagenes_tecnocasa\\anuncio_59\\7.jpeg', 'imagenes_tecnocasa\\anuncio_59\\8.jpeg', 'imagenes_tecnocasa\\anuncio_59\\9.jpeg', 'imagenes_tecnocasa\\anuncio_59\\10.jpeg', 'imagenes_tecnocasa\\anuncio_59\\11.jpeg', 'imagenes_tecnocasa\\anuncio_59\\12.jpeg', 'imagenes_tecnocasa\\anuncio_59\\13.jpeg', 'imagenes_tecnocasa\\anuncio_59\\14.jpeg', 'imagenes_tecnocasa\\anuncio_59\\15.jpeg', 'imagenes_tecnocasa\\anuncio_59\\16.jpeg', 'imagenes_tecnocasa\\anuncio_59\\17.jpeg', 'imagenes_tecnocasa\\anuncio_59\\18.jpeg', 'imagenes_tecnocasa\\anuncio_59\\19.jpeg', 'imagenes_tecnocasa\\anuncio_59\\20.jpeg', 'imagenes_tecnocasa\\anuncio_59\\21.jpeg', 'imagenes_tecnocasa\\anuncio_59\\22.jpeg', 'imagenes_tecnocasa\\anuncio_59\\23.jpeg', 'imagenes_tecnocasa\\anuncio_59\\24.jpeg', 'imagenes_tecnocasa\\anuncio_59\\25.jpeg', 'imagenes_tecnocasa\\anuncio_59\\26.jpeg']",1,De época,1970,1,0,0,piso,5,Las Rozas De Madrid,Las Rozas De Madrid,40.4933095,-3.8758396,59,5538.461538461538,330.0,188.0,0.2,0.30000000000000004,2.0,0.0,otro,pintura,corredera,estándar (2.4-2.8m),nada,3.6,3.4,clásico,"['#D2691E', '#FFFFFF', '#B0C4DE']",buena,False,convencional,limitado,ninguno,ninguno,estándar,básica,ninguno,7.6,6.6,ninguna,5
https://www.tecnocasa.es/venta/piso/madrid/madrid/622276.html,390000.0,3,100.0,2,"¡Vive en las alturas con las mejores vistas de Madrid!
Tecnocasa San Fermín te presenta en exclusiva este espectacular piso en 9ª planta dentro de una urbanización privada en el barrio de San Fermín, con unas vistas panorámicas únicas al skyline de la ciudad.

La vivienda cuenta con 3 dormitorios con calefacción individual, 2 baños interiores, y una cocina con acceso a terraza interior.
Pero lo mejor está en su amplio salón-comedor, que se abre a una terraza exterior perfecta para disfrutar del atardecer madrileño.

¡Una oportunidad irrepetible para vivir con altura, luz y vistas de infarto!

El inmueble dispone de plaza de garaje y trastero incluidos en el precio, tiene acceso al bloque adaptado a personas con movilidad reducida y una comunidad con portero y seguridad 24h.

Cercano al Metro San Fermin-Orcasur y Metro del 12 de Octubre (Linea 3) y Cercanías ( 12 de Octubre) SALIDAS DIRECTAS A ( M-30, M-40 y A-4 ). AUTOBUSES (LINEAS 22, 23, 59 N12, N13, N14). Cercano a todo tipo de servicios: colegios, farmacia, mercados (Mercadona, Lidl, día), bancos (Caixa, Santander), guarderías, etc.

Inmobiliaria en Usera, San Fermín Madrid - Tecnocasa Estudio Inmobiliario San Fermin SL.",1,1,1,1,1,1,1,1,1,1,"['https://cdn-media.medialabtc.it/es/agencies/md008/estates/622276/images/9007007/gallery_media.jpeg', 'https://cdn-media.medialabtc.it/es/agencies/md008/estates/622276/images/9006978/gallery_media.jpeg', 'https://cdn-media.medialabtc.it/es/agencies/md008/estates/622276/images/9007004/gallery_media.jpeg', 'https://cdn-media.medialabtc.it/es/agencies/md008/estates/622276/images/9007006/gallery_media.jpeg', 'https://cdn-media.medialabtc.it/es/agencies/md008/estates/622276/images/9007005/gallery_media.jpeg', 'https://cdn-media.medialabtc.it/es/agencies/md008/estates/622276/images/9006992/gallery_media.jpeg', 'https://cdn-media.medialabtc.it/es/agencies/md008/estates/622276/images/9007003/gallery_media.jpeg', 'https://cdn-media.medialabtc.it/es/agencies/md008/estates/622276/images/9006989/gallery_media.jpeg', 'https://cdn-media.medialabtc.it/es/agencies/md008/estates/622276/images/9006981/gallery_media.jpeg', 'https://cdn-media.medialabtc.it/es/agencies/md008/estates/622276/images/9007008/gallery_media.jpeg', 'https://cdn-media.medialabtc.it/es/agencies/md008/estates/622276/images/9006988/gallery_media.jpeg', 'https://cdn-media.medialabtc.it/es/agencies/md008/estates/622276/images/9006990/gallery_media.jpeg', 'https://cdn-media.medialabtc.it/es/agencies/md008/estates/622276/images/9006994/gallery_media.jpeg', 'https://cdn-media.medialabtc.it/es/agencies/md008/estates/622276/images/9007002/gallery_media.jpeg', 'https://cdn-media.medialabtc.it/es/agencies/md008/estates/622276/images/9006974/gallery_media.jpeg', 'https://cdn-media.medialabtc.it/es/agencies/md008/estates/622276/images/9006972/gallery_media.jpeg', 'https://cdn-media.medialabtc.it/es/agencies/md008/estates/622276/images/9006991/gallery_media.jpeg', 'https://cdn-media.medialabtc.it/es/agencies/md008/estates/622276/images/9006975/gallery_media.jpeg', 'https://cdn-media.medialabtc.it/es/agencies/md008/estates/622276/images/9006997/gallery_media.jpeg', 'https://cdn-media.medialabtc.it/es/agencies/md008/estates/622276/images/9006973/gallery_media.jpeg', 'https://cdn-media.medialabtc.it/es/agencies/md008/estates/622276/images/9006979/gallery_media.jpeg', 'https://cdn-media.medialabtc.it/es/agencies/md008/estates/622276/images/9006987/gallery_media.jpeg', 'https://cdn-media.medialabtc.it/es/agencies/md008/estates/622276/images/9006993/gallery_media.jpeg', 'https://cdn-media.medialabtc.it/es/agencies/md008/estates/622276/images/9006986/gallery_media.jpeg', 'https://cdn-media.medialabtc.it/es/agencies/md008/estates/622276/images/9006980/gallery_media.jpeg', 'https://cdn-media.medialabtc.it/es/agencies/md008/estates/622276/images/9006977/gallery_media.jpeg']",1,Desconocido,1,1,0,1,1,Desconocida,0,0,"['imagenes_tecnocasa\\anuncio_60\\0.jpeg', 'imagenes_tecnocasa\\anuncio_60\\1.jpeg', 'imagenes_tecnocasa\\anuncio_60\\2.jpeg', 'imagenes_tecnocasa\\anuncio_60\\3.jpeg', 'imagenes_tecnocasa\\anuncio_60\\4.jpeg', 'imagenes_tecnocasa\\anuncio_60\\5.jpeg', 'imagenes_tecnocasa\\anuncio_60\\6.jpeg', 'imagenes_tecnocasa\\anuncio_60\\7.jpeg', 'imagenes_tecnocasa\\anuncio_60\\8.jpeg', 'imagenes_tecnocasa\\anuncio_60\\9.jpeg', 'imagenes_tecnocasa\\anuncio_60\\10.jpeg', 'imagenes_tecnocasa\\anuncio_60\\11.jpeg', 'imagenes_tecnocasa\\anuncio_60\\12.jpeg', 'imagenes_tecnocasa\\anuncio_60\\13.jpeg', 'imagenes_tecnocasa\\anuncio_60\\14.jpeg', 'imagenes_tecnocasa\\anuncio_60\\15.jpeg', 'imagenes_tecnocasa\\anuncio_60\\16.jpeg', 'imagenes_tecnocasa\\anuncio_60\\17.jpeg', 'imagenes_tecnocasa\\anuncio_60\\18.jpeg', 'imagenes_tecnocasa\\anuncio_60\\19.jpeg', 'imagenes_tecnocasa\\anuncio_60\\20.jpeg', 'imagenes_tecnocasa\\anuncio_60\\21.jpeg', 'imagenes_tecnocasa\\anuncio_60\\22.jpeg', 'imagenes_tecnocasa\\anuncio_60\\23.jpeg', 'imagenes_tecnocasa\\anuncio_60\\24.jpeg', 'imagenes_tecnocasa\\anuncio_60\\25.jpeg']",0,Media,1985,0,0,0,piso,2,Madrid,"Orcasitas - San Fermin, Madrid",40.4167047,-3.7035825,60,3900.0,194.0,139.0,0.0,0.4,1.0,0.0,cerámica,pintura,corredera,estándar (2.4-2.8m),nada,3.6,4.0,convencional,"['#F2F2F2', '#FFFFFF', '#A9A9A9']",regular,False,convencional,limitado,ninguno,ninguno,estándar,básica,ninguno,6.4,5.8,leve,5
https://www.tecnocasa.es/venta/piso/madrid/madrid/617735.html,360000.0,2,48.0,1,"Agencia inmobiliaria de Madrid-Tecnocasa Consulting Estudio Puerta de Toledo vende
vivienda en el conocido del barrio de PUERTA DE TOLEDO en el distrito de Arganzuela.
Se vende luminosa vivienda exterior de 48 m2 construidos, ubicada en una cuarta planta sin ascensor, en el emblemático barrio de La Latina. Este acogedor piso cuenta con una excelente distribución: dos dormitorios, amplio salón con cocina integrada y un baño completo. Todas las estancias disponen de ventana, lo que garantiza una fantástica ventilación cruzada y gran luminosidad durante todo el día.
Los dos dormitorios son completamente exteriores y destacan por sus grandes ventanales que ofrecen vistas despejadas y una agradable entrada de luz natural.
Ubicada a escasos metros del famoso Rastro de Madrid y de la calle Toledo, esta vivienda goza de una localización inmejorable. Muy bien comunicada por transporte público, se encuentra entre las estaciones de metro de Puerta de Toledo y La Latina, además de contar con varias líneas de autobuses en la zona.
En los alrededores, disfrutarás de una amplia oferta gastronómica con restaurantes, bares y cafeterías con encanto, así como del tradicional Mercado de la Cebada. También encontrarás supermercados, tiendas de alimentación y todo tipo de servicios a tan solo unos pasos.
A menos de 15 minutos caminando de la Plaza Mayor, la Puerta de Toledo y Madrid Río, esta propiedad es perfecta para quienes desean vivir la auténtica esencia madrileña desde dentro.",1,1,1,1,1,1,1,1,1,1,"['https://cdn-media.medialabtc.it/es/agencies/md065/estates/617735/images/8900303/gallery_media.jpeg', 'https://cdn-media.medialabtc.it/es/agencies/md065/estates/617735/images/8900315/gallery_media.jpeg', 'https://cdn-media.medialabtc.it/es/agencies/md065/estates/617735/images/8900323/gallery_media.jpeg', 'https://cdn-media.medialabtc.it/es/agencies/md065/estates/617735/images/8900314/gallery_media.jpeg', 'https://cdn-media.medialabtc.it/es/agencies/md065/estates/617735/images/8900307/gallery_media.jpeg', 'https://cdn-media.medialabtc.it/es/agencies/md065/estates/617735/images/8900313/gallery_media.jpeg', 'https://cdn-media.medialabtc.it/es/agencies/md065/estates/617735/images/8900318/gallery_media.jpeg', 'https://cdn-media.medialabtc.it/es/agencies/md065/estates/617735/images/8900237/gallery_media.jpeg', 'https://cdn-media.medialabtc.it/es/agencies/md065/estates/617735/images/8900304/gallery_media.jpeg', 'https://cdn-media.medialabtc.it/es/agencies/md065/estates/617735/images/8900321/gallery_media.jpeg', 'https://cdn-media.medialabtc.it/es/agencies/md065/estates/617735/images/8900311/gallery_media.jpeg', 'https://cdn-media.medialabtc.it/es/agencies/md065/estates/617735/images/8900306/gallery_media.jpeg', 'https://cdn-media.medialabtc.it/es/agencies/md065/estates/617735/images/8900322/gallery_media.jpeg', 'https://cdn-media.medialabtc.it/es/agencies/md065/estates/617735/images/8900309/gallery_media.jpeg', 'https://cdn-media.medialabtc.it/es/agencies/md065/estates/617735/images/8900320/gallery_media.jpeg', 'https://cdn-media.medialabtc.it/es/agencies/md065/estates/617735/images/8900317/gallery_media.jpeg', 'https://cdn-media.medialabtc.it/es/agencies/md065/estates/617735/images/8900302/gallery_media.jpeg', 'https://cdn-media.medialabtc.it/es/agencies/md065/estates/617735/images/8900240/gallery_media.jpeg', 'https://cdn-media.medialabtc.it/es/agencies/md065/estates/617735/images/8900319/gallery_media.jpeg', 'https://cdn-media.medialabtc.it/es/agencies/md065/estates/617735/images/8900236/gallery_media.jpeg', 'https://cdn-media.medialabtc.it/es/agencies/md065/estates/617735/images/8900310/gallery_media.jpeg', 'https://cdn-media.medialabtc.it/es/agencies/md065/estates/617735/images/8900312/gallery_media.jpeg', 'https://cdn-media.medialabtc.it/es/agencies/md065/estates/617735/images/8900324/gallery_media.jpeg', 'https://cdn-media.medialabtc.it/es/agencies/md065/estates/617735/images/8900241/gallery_media.jpeg', 'https://cdn-media.medialabtc.it/es/agencies/md065/estates/617735/images/8900308/gallery_media.jpeg', 'https://cdn-media.medialabtc.it/es/agencies/md065/estates/617735/images/8900316/gallery_media.jpeg', 'https://cdn-media.medialabtc.it/es/agencies/md065/estates/617735/images/8900239/gallery_media.jpeg', 'https://cdn-media.medialabtc.it/es/agencies/md065/estates/617735/images/8900305/gallery_media.jpeg', 'https://cdn-media.medialabtc.it/es/agencies/md065/estates/617735/images/8900238/gallery_media.jpeg']",1,Desconocido,0,0,0,0,0,Desconocida,0,0,"['imagenes_tecnocasa\\anuncio_61\\0.jpeg', 'imagenes_tecnocasa\\anuncio_61\\1.jpeg', 'imagenes_tecnocasa\\anuncio_61\\2.jpeg', 'imagenes_tecnocasa\\anuncio_61\\3.jpeg', 'imagenes_tecnocasa\\anuncio_61\\4.jpeg', 'imagenes_tecnocasa\\anuncio_61\\5.jpeg', 'imagenes_tecnocasa\\anuncio_61\\6.jpeg', 'imagenes_tecnocasa\\anuncio_61\\7.jpeg', 'imagenes_tecnocasa\\anuncio_61\\8.jpeg', 'imagenes_tecnocasa\\anuncio_61\\9.jpeg', 'imagenes_tecnocasa\\anuncio_61\\10.jpeg', 'imagenes_tecnocasa\\anuncio_61\\11.jpeg', 'imagenes_tecnocasa\\anuncio_61\\12.jpeg', 'imagenes_tecnocasa\\anuncio_61\\13.jpeg', 'imagenes_tecnocasa\\anuncio_61\\14.jpeg', 'imagenes_tecnocasa\\anuncio_61\\15.jpeg', 'imagenes_tecnocasa\\anuncio_61\\16.jpeg', 'imagenes_tecnocasa\\anuncio_61\\17.jpeg', 'imagenes_tecnocasa\\anuncio_61\\18.jpeg', 'imagenes_tecnocasa\\anuncio_61\\19.jpeg', 'imagenes_tecnocasa\\anuncio_61\\20.jpeg', 'imagenes_tecnocasa\\anuncio_61\\21.jpeg', 'imagenes_tecnocasa\\anuncio_61\\22.jpeg', 'imagenes_tecnocasa\\anuncio_61\\23.jpeg', 'imagenes_tecnocasa\\anuncio_61\\24.jpeg', 'imagenes_tecnocasa\\anuncio_61\\25.jpeg', 'imagenes_tecnocasa\\anuncio_61\\26.jpeg', 'imagenes_tecnocasa\\anuncio_61\\27.jpeg', 'imagenes_tecnocasa\\anuncio_61\\28.jpeg']",1,De época,1905,0,0,0,piso,2,Embajadores,"Lavapiés - Embajadores, Madrid",40.4095856,-3.7029851,61,7500.0,233.0,163.0,0.1,0.4,1.0,0.0,otro,pintura,corredera,estándar (2.4-2.8m),nada,3.0,2.6,clásico,"['#FFD700', '#FFFFE0', '#FFFFFF']",buena,False,convencional,normal,ninguno,ninguno,estándar,básica,ninguno,7.4,6.4,ninguna,5
https://www.tecnocasa.es/venta/piso/madrid/madrid/622223.html,750000.0,3,91.0,1,"ESTUDIO CHAMARTÍN DE LA ROSA S. L. VENDE PISO EN CHAMARTÍN:

MAGNÍFICA VIVIENDA DE TRES DORMITORIOS EN HISPANOAMÉRICA

- Salón comedor con terraza
- Cocina con terraza tendedero
- Tres dormitorios
- Un baño completo

En el precio se incluye una plaza de garaje en el edificio contiguo.
La finca dispone de rampas para facilitar el acceso, ascensor y zonas ajardinadas.

El distrito de Chamartín es una zona residencial, muy tranquila y con muchas áreas ajardinadas, rodeada de parques, comercios, colegios, farmacias, cafeterías y restaurantes. Muy bien comunicada con autobuses y metro. Fácil acceso a la M-30 o al Paseo de la Castellana.

¡Reserva tu visita!",1,1,1,1,1,1,1,1,1,1,"['https://cdn-media.medialabtc.it/es/agencies/md114/estates/622223/images/9005277/gallery_media.jpeg', 'https://cdn-media.medialabtc.it/es/agencies/md114/estates/622223/images/9005262/gallery_media.jpeg', 'https://cdn-media.medialabtc.it/es/agencies/md114/estates/622223/images/9005275/gallery_media.jpeg', 'https://cdn-media.medialabtc.it/es/agencies/md114/estates/622223/images/9005278/gallery_media.jpeg', 'https://cdn-media.medialabtc.it/es/agencies/md114/estates/622223/images/9005279/gallery_media.jpeg', 'https://cdn-media.medialabtc.it/es/agencies/md114/estates/622223/images/9005268/gallery_media.jpeg', 'https://cdn-media.medialabtc.it/es/agencies/md114/estates/622223/images/9005272/gallery_media.jpeg', 'https://cdn-media.medialabtc.it/es/agencies/md114/estates/622223/images/9005269/gallery_media.jpeg', 'https://cdn-media.medialabtc.it/es/agencies/md114/estates/622223/images/9005264/gallery_media.jpeg', 'https://cdn-media.medialabtc.it/es/agencies/md114/estates/622223/images/9005239/gallery_media.jpeg', 'https://cdn-media.medialabtc.it/es/agencies/md114/estates/622223/images/9005240/gallery_media.jpeg', 'https://cdn-media.medialabtc.it/es/agencies/md114/estates/622223/images/9005274/gallery_media.jpeg', 'https://cdn-media.medialabtc.it/es/agencies/md114/estates/622223/images/9005265/gallery_media.jpeg', 'https://cdn-media.medialabtc.it/es/agencies/md114/estates/622223/images/9005241/gallery_media.jpeg', 'https://cdn-media.medialabtc.it/es/agencies/md114/estates/622223/images/9005236/gallery_media.jpeg', 'https://cdn-media.medialabtc.it/es/agencies/md114/estates/622223/images/9005276/gallery_media.jpeg', 'https://cdn-media.medialabtc.it/es/agencies/md114/estates/622223/images/9005238/gallery_media.jpeg', 'https://cdn-media.medialabtc.it/es/agencies/md114/estates/622223/images/9005270/gallery_media.jpeg', 'https://cdn-media.medialabtc.it/es/agencies/md114/estates/622223/images/9005273/gallery_media.jpeg', 'https://cdn-media.medialabtc.it/es/agencies/md114/estates/622223/images/9005266/gallery_media.jpeg', 'https://cdn-media.medialabtc.it/es/agencies/md114/estates/622223/images/9005237/gallery_media.jpeg', 'https://cdn-media.medialabtc.it/es/agencies/md114/estates/622223/images/9005267/gallery_media.jpeg', 'https://cdn-media.medialabtc.it/es/agencies/md114/estates/622223/images/9005263/gallery_media.jpeg', 'https://cdn-media.medialabtc.it/es/agencies/md114/estates/622223/images/9005271/gallery_media.jpeg']",0,Desconocido,1,0,0,1,0,E,0,0,"['imagenes_tecnocasa\\anuncio_62\\0.jpeg', 'imagenes_tecnocasa\\anuncio_62\\1.jpeg', 'imagenes_tecnocasa\\anuncio_62\\2.jpeg', 'imagenes_tecnocasa\\anuncio_62\\3.jpeg', 'imagenes_tecnocasa\\anuncio_62\\4.jpeg', 'imagenes_tecnocasa\\anuncio_62\\5.jpeg', 'imagenes_tecnocasa\\anuncio_62\\6.jpeg', 'imagenes_tecnocasa\\anuncio_62\\7.jpeg', 'imagenes_tecnocasa\\anuncio_62\\8.jpeg', 'imagenes_tecnocasa\\anuncio_62\\9.jpeg', 'imagenes_tecnocasa\\anuncio_62\\10.jpeg', 'imagenes_tecnocasa\\anuncio_62\\11.jpeg', 'imagenes_tecnocasa\\anuncio_62\\12.jpeg', 'imagenes_tecnocasa\\anuncio_62\\13.jpeg', 'imagenes_tecnocasa\\anuncio_62\\14.jpeg', 'imagenes_tecnocasa\\anuncio_62\\15.jpeg', 'imagenes_tecnocasa\\anuncio_62\\16.jpeg', 'imagenes_tecnocasa\\anuncio_62\\17.jpeg', 'imagenes_tecnocasa\\anuncio_62\\18.jpeg', 'imagenes_tecnocasa\\anuncio_62\\19.jpeg', 'imagenes_tecnocasa\\anuncio_62\\20.jpeg', 'imagenes_tecnocasa\\anuncio_62\\21.jpeg', 'imagenes_tecnocasa\\anuncio_62\\22.jpeg', 'imagenes_tecnocasa\\anuncio_62\\23.jpeg']",0,Popular,1966,1,0,0,piso,3,Madrid,"Prosperidad, Madrid",40.4167047,-3.7035825,62,8241.758241758242,106.0,86.0,0.0,0.0,0.0,0.0,parquet,pintura,corredera,estándar (2.4-2.8m),nada,4.4,3.6,clásico,"['#F2E8E8', '#D2B48C', '#FFFFFF']",buena,False,convencional,normal,ninguno,ninguno,estándar,básica,ninguno,7.8,6.8,ninguna,5
https://www.tecnocasa.es/venta/piso/madrid/madrid/620395.html,570000.0,3,114.0,2,"TECNOCASA VENDE EXCLUSIVA VIVIENDA EN PASEO VIRGEN DEL PUERTO
Te presentamos esta magnifica vivienda situada en una sexta planta con ascensor y portero fisico, ubicada en el codiciado Paseo de la Virgen del Puerto, en el corazón del Barrio Imperial.
Una propiedad versátil, luminosa y con muchas posibilidades, ideal tanto para quien busca una vivienda para vivir como para inversores que desean rentabilidad desde el primer día.
La vivienda cuenta con 114m2 construidos y 96m2 útiles, perfectamente distribuidos para aprovechar al máximo cada estancia. Se compone de tres dormitorios, de buen tamaño, dos de ellos dobles y uno individual que gozan de luz natural durante todo el dia. Cuenta con dos baños completos, uno de ellos reformado hace 4 años. Por el otro lado, el salón-comedor es amplio, luminoso, tranquilo, y ha ganado mas espacio gracias a la incorporacion de una parte de la tarraza a la vivienda. La cocina es independiente y cuenta con office, ideal para comidas informales o trabajar desde casa.
Además se incluye un trastero anexo de uso privativo de 7m2, perfecto para almacenar pertenencias sin restar espacio util a la vivienda. Por último uno de los mayores beneficios de esta casa es que dispone de una cesion de una plaza de garaje otorgada por el Ayuntamiento con vigencia hasta el año 2043, una ventaja excepcional en esta zona de Madrid donde el aparcamiento es muy limitado.
La vivienda se encuentra actualmente alquilada por habitaciones, una modalidad en auge en Madrid y altamente rentable. Una de las habitaciones quedará libre este verano, mientras que las otras dos estarán alquiladas hasta finales del mes de Noviembre, lo que permite obtener ingresos inmediatos desde el primer dia de compra y, a la vez, planificar una posible modificacion, entrada a vivir o nuevo proyecto de inversión.
El edificio dispone de ascensor, portero fisico, acceso adaptado y zonas comunes cuidadas. La sexta planta asegura tranquilidad y un gran entrada de luz natural durante todo el dia.
Una ubicacion que permite disfrutar de un entorno tranquilo y residencial, pero con acceso inmediato a todo tipo de servicios: supermercados, centros deportivos, colegios, restauración, zonas verdes y una excelente comunicación por transporte público y salidas rápidas a la M-30.
En resumen, esta vivienda, reúne las características mas buscadas: altura, luz, espacio, garaje, trastero, portero fisico y una ubicacion excepcional. Ya sea para vivir en ella o para inversión, es una oportunidad única en una zona con alta demanda.
Contactanos para mas informacion o para concertar una visita.
¡Estaremos encantados de ayudarte a descubrir su enorme portencial!",1,1,1,1,1,1,1,1,1,1,"['https://cdn-media.medialabtc.it/es/agencies/md005/estates/620395/images/8974627/gallery_media.jpeg', 'https://cdn-media.medialabtc.it/es/agencies/md005/estates/620395/images/8974608/gallery_media.jpeg', 'https://cdn-media.medialabtc.it/es/agencies/md005/estates/620395/images/8974610/gallery_media.jpeg', 'https://cdn-media.medialabtc.it/es/agencies/md005/estates/620395/images/8974600/gallery_media.jpeg', 'https://cdn-media.medialabtc.it/es/agencies/md005/estates/620395/images/8974611/gallery_media.jpeg', 'https://cdn-media.medialabtc.it/es/agencies/md005/estates/620395/images/8974603/gallery_media.jpeg', 'https://cdn-media.medialabtc.it/es/agencies/md005/estates/620395/images/8974601/gallery_media.jpeg', 'https://cdn-media.medialabtc.it/es/agencies/md005/estates/620395/images/8974602/gallery_media.jpeg', 'https://cdn-media.medialabtc.it/es/agencies/md005/estates/620395/images/8974617/gallery_media.jpeg', 'https://cdn-media.medialabtc.it/es/agencies/md005/estates/620395/images/8974614/gallery_media.jpeg', 'https://cdn-media.medialabtc.it/es/agencies/md005/estates/620395/images/8974607/gallery_media.jpeg', 'https://cdn-media.medialabtc.it/es/agencies/md005/estates/620395/images/8974625/gallery_media.jpeg', 'https://cdn-media.medialabtc.it/es/agencies/md005/estates/620395/images/8974612/gallery_media.jpeg', 'https://cdn-media.medialabtc.it/es/agencies/md005/estates/620395/images/8974605/gallery_media.jpeg', 'https://cdn-media.medialabtc.it/es/agencies/md005/estates/620395/images/8974618/gallery_media.jpeg', 'https://cdn-media.medialabtc.it/es/agencies/md005/estates/620395/images/8974629/gallery_media.jpeg', 'https://cdn-media.medialabtc.it/es/agencies/md005/estates/620395/images/8974621/gallery_media.jpeg', 'https://cdn-media.medialabtc.it/es/agencies/md005/estates/620395/images/8974615/gallery_media.jpeg', 'https://cdn-media.medialabtc.it/es/agencies/md005/estates/620395/images/8974623/gallery_media.jpeg', 'https://cdn-media.medialabtc.it/es/agencies/md005/estates/620395/images/8974616/gallery_media.jpeg', 'https://cdn-media.medialabtc.it/es/agencies/md005/estates/620395/images/8974622/gallery_media.jpeg', 'https://cdn-media.medialabtc.it/es/agencies/md005/estates/620395/images/8974609/gallery_media.jpeg', 'https://cdn-media.medialabtc.it/es/agencies/md005/estates/620395/images/8974604/gallery_media.jpeg', 'https://cdn-media.medialabtc.it/es/agencies/md005/estates/620395/images/8974619/gallery_media.jpeg', 'https://cdn-media.medialabtc.it/es/agencies/md005/estates/620395/images/8974628/gallery_media.jpeg', 'https://cdn-media.medialabtc.it/es/agencies/md005/estates/620395/images/8974626/gallery_media.jpeg', 'https://cdn-media.medialabtc.it/es/agencies/md005/estates/620395/images/8974624/gallery_media.jpeg', 'https://cdn-media.medialabtc.it/es/agencies/md005/estates/620395/images/8974620/gallery_media.jpeg', 'https://cdn-media.medialabtc.it/es/agencies/md005/estates/620395/images/8974606/gallery_media.jpeg', 'https://cdn-media.medialabtc.it/es/agencies/md005/estates/620395/images/8974613/gallery_media.jpeg']",0,Reformado,1,1,0,0,1,Desconocida,0,0,"['imagenes_tecnocasa\\anuncio_63\\0.jpeg', 'imagenes_tecnocasa\\anuncio_63\\1.jpeg', 'imagenes_tecnocasa\\anuncio_63\\2.jpeg', 'imagenes_tecnocasa\\anuncio_63\\3.jpeg', 'imagenes_tecnocasa\\anuncio_63\\4.jpeg', 'imagenes_tecnocasa\\anuncio_63\\5.jpeg', 'imagenes_tecnocasa\\anuncio_63\\6.jpeg', 'imagenes_tecnocasa\\anuncio_63\\7.jpeg', 'imagenes_tecnocasa\\anuncio_63\\8.jpeg', 'imagenes_tecnocasa\\anuncio_63\\9.jpeg', 'imagenes_tecnocasa\\anuncio_63\\10.jpeg', 'imagenes_tecnocasa\\anuncio_63\\11.jpeg', 'imagenes_tecnocasa\\anuncio_63\\12.jpeg', 'imagenes_tecnocasa\\anuncio_63\\13.jpeg', 'imagenes_tecnocasa\\anuncio_63\\14.jpeg', 'imagenes_tecnocasa\\anuncio_63\\15.jpeg', 'imagenes_tecnocasa\\anuncio_63\\16.jpeg', 'imagenes_tecnocasa\\anuncio_63\\17.jpeg', 'imagenes_tecnocasa\\anuncio_63\\18.jpeg', 'imagenes_tecnocasa\\anuncio_63\\19.jpeg', 'imagenes_tecnocasa\\anuncio_63\\20.jpeg', 'imagenes_tecnocasa\\anuncio_63\\21.jpeg', 'imagenes_tecnocasa\\anuncio_63\\22.jpeg', 'imagenes_tecnocasa\\anuncio_63\\23.jpeg', 'imagenes_tecnocasa\\anuncio_63\\24.jpeg', 'imagenes_tecnocasa\\anuncio_63\\25.jpeg', 'imagenes_tecnocasa\\anuncio_63\\26.jpeg', 'imagenes_tecnocasa\\anuncio_63\\27.jpeg', 'imagenes_tecnocasa\\anuncio_63\\28.jpeg', 'imagenes_tecnocasa\\anuncio_63\\29.jpeg']",1,Señorial,1960,1,0,1,piso,3,Madrid,"Imperial, Madrid",40.4167047,-3.7035825,63,5000.0,423.0,260.0,0.40499999999999997,0.6399999999999999,4.0,1.0,parquet,pintura,corredera,estándar (2.4-2.8m),nada,4.8,5.4,moderno,"['#FFFFFF', '#F2E8CF', '#A0522D']",buena,False,convencional,limitado,ninguno,ninguno,estándar,básica,ninguno,8.0,7.0,ninguna,5
https://www.tecnocasa.es/venta/casa/madrid/madrid/596097.html,150000.0,2,79.0,1,"'OFICINA TECNOCASA - BARAJAS - MADRID vende casa en Calle Poderosas.

SE VENDE CASA CON INQUILINO DE RENTA ANTIGUA
Vivienda distribuida en dos habitaciones, salón, cocina, cuarto de baño, almacén y jardín. Ubicada en el centro del casco histórico de Barajas.
La vivienda cuenta con 41m2 y el almacén 38m2.
La superficie grafica es de 179m2
Cerca tiene todos los servicios como la parada de metro, restaurantes, farmacias, colegios y el centro de salud.
El inmueble se localiza en el casco histórico de Barajas, con muy buenas comunicaciones tales como paradas de Autobús (Líneas 101, 105, 115, 151, 166, 212 y 827) y parada de metro (Línea 8).
Financiación de hasta el 100% con nuestro departamento financiero, Kiron. Asesoramiento gratuito y sin compromiso, no dude en consultarnos.
30 años en Madrid, ¡Gracias por la confianza!.",1,1,1,1,1,1,0,1,1,1,"['https://cdn-media.medialabtc.it/es/agencies/md051/estates/596097/images/8455409/gallery_media.jpeg', 'https://cdn-media.medialabtc.it/es/agencies/md051/estates/596097/images/8455521/gallery_media.jpeg', 'https://cdn-media.medialabtc.it/es/agencies/md051/estates/596097/images/8455412/gallery_media.jpeg', 'https://cdn-media.medialabtc.it/es/agencies/md051/estates/596097/images/8455501/gallery_media.jpeg', 'https://cdn-media.medialabtc.it/es/agencies/md051/estates/596097/images/8455516/gallery_media.jpeg', 'https://cdn-media.medialabtc.it/es/agencies/md051/estates/596097/images/8455408/gallery_media.jpeg', 'https://cdn-media.medialabtc.it/es/agencies/md051/estates/596097/images/8455514/gallery_media.jpeg', 'https://cdn-media.medialabtc.it/es/agencies/md051/estates/596097/images/8455517/gallery_media.jpeg', 'https://cdn-media.medialabtc.it/es/agencies/md051/estates/596097/images/8455410/gallery_media.jpeg', 'https://cdn-media.medialabtc.it/es/agencies/md051/estates/596097/images/8455411/gallery_media.jpeg', 'https://cdn-media.medialabtc.it/es/agencies/md051/estates/596097/images/8455513/gallery_media.jpeg', 'https://cdn-media.medialabtc.it/es/agencies/md051/estates/596097/images/8455519/gallery_media.jpeg', 'https://cdn-media.medialabtc.it/es/agencies/md051/estates/596097/images/8455498/gallery_media.jpeg', 'https://cdn-media.medialabtc.it/es/agencies/md051/estates/596097/images/8455515/gallery_media.jpeg', 'https://cdn-media.medialabtc.it/es/agencies/md051/estates/596097/images/8455499/gallery_media.jpeg', 'https://cdn-media.medialabtc.it/es/agencies/md051/estates/596097/images/8455407/gallery_media.jpeg', 'https://cdn-media.medialabtc.it/es/agencies/md051/estates/596097/images/8455518/gallery_media.jpeg', 'https://cdn-media.medialabtc.it/es/agencies/md051/estates/596097/images/8455406/gallery_media.jpeg', 'https://cdn-media.medialabtc.it/es/agencies/md051/estates/596097/images/8455500/gallery_media.jpeg', 'https://cdn-media.medialabtc.it/es/agencies/md051/estates/596097/images/8455520/gallery_media.jpeg', 'https://cdn-media.medialabtc.it/es/agencies/md051/estates/596097/images/8455502/gallery_media.jpeg']",0,Desconocido,0,1,0,0,0,E,0,0,"['imagenes_tecnocasa\\anuncio_64\\0.jpeg', 'imagenes_tecnocasa\\anuncio_64\\1.jpeg', 'imagenes_tecnocasa\\anuncio_64\\2.jpeg', 'imagenes_tecnocasa\\anuncio_64\\3.jpeg', 'imagenes_tecnocasa\\anuncio_64\\4.jpeg', 'imagenes_tecnocasa\\anuncio_64\\5.jpeg', 'imagenes_tecnocasa\\anuncio_64\\6.jpeg', 'imagenes_tecnocasa\\anuncio_64\\7.jpeg', 'imagenes_tecnocasa\\anuncio_64\\8.jpeg', 'imagenes_tecnocasa\\anuncio_64\\9.jpeg', 'imagenes_tecnocasa\\anuncio_64\\10.jpeg', 'imagenes_tecnocasa\\anuncio_64\\11.jpeg', 'imagenes_tecnocasa\\anuncio_64\\12.jpeg', 'imagenes_tecnocasa\\anuncio_64\\13.jpeg', 'imagenes_tecnocasa\\anuncio_64\\14.jpeg', 'imagenes_tecnocasa\\anuncio_64\\15.jpeg', 'imagenes_tecnocasa\\anuncio_64\\16.jpeg', 'imagenes_tecnocasa\\anuncio_64\\17.jpeg', 'imagenes_tecnocasa\\anuncio_64\\18.jpeg', 'imagenes_tecnocasa\\anuncio_64\\19.jpeg', 'imagenes_tecnocasa\\anuncio_64\\20.jpeg']",1,Señorial,1900,0,0,0,casa,3,Madrid,"Barajas, Alameda De Osuna, Madrid",40.4167047,-3.7035825,64,1898.73417721519,135.0,102.0,0.625,1.0,0.0,0.0,otro,pintura,otro,estándar (2.4-2.8m),nada,2.0,1.8,clásico,"['#000000', '#000000', '#000000']",otro,False,convencional,otro,ninguno,ninguno,otro,básica,ninguno,6.0,5.6,ninguna,5
https://www.tecnocasa.es/venta/piso/madrid/madrid/621086.html,329000.0,3,72.0,1,"TECNOCASA Estudio Moratalaz Fontarrón S. L. VENDE, estupenda vivienda de 3 dormitorios, muy luminoso. Cuenta con entrada, amplio salón con terraza incorporada, cocina con tendedero incorporado, 1 baño. La vivienda dispone de calefacción a gas natural individual. Plaza de garaje doble. La finca rodeada de jardines, por lo que la zona es muy tranquila y silenciosa. La vivienda es completamente exterior, contando con doble orientación.

Tiene todos los servicios, como supermercados, bancos, tiendas, colegios, biblioteca, parques y jardines. A escasos metros de la vivienda disponemos de varías líneas de autobús. Parada de metro 'Artilleros' - Línea 9.

El barrio dispone muy buenas comunicaciones por carretera, teniendo muy buenos accesos a la M-30, la M-40, la Carretera de Valencia (A-3) y a la carretera de O´Donell (M-23).

La información de este anuncio no tiene carácter contractual ni vinculante, ya que podría contener alguna incorreción. En el precio de venta expuesto no se hayan incluidos los gastos de formalización de la compraventa, tales como honorarios de notaria, honorarios de la inscripción registral, honorarios por la tramitación e inscripción registral de escrituras ni el ITP (Tipo máximo en Madrid es del 6%). Del mismo modo, en el precio anunciado, no se incluyen los honorarios de la agencia al comprador, que ascienden al 3%+IVA (tipo impositivo 21%) que se abonarán por el sobre el precio fijado en la promesa de compra suscrita por el mismo. Tampoco se encuentra incluidos en el precio anunciado otros tributos y gastos que pudieran existir al suscribir una hipoteca, tales como gastos de tasación, comisión bancaria de apertura del préstamo, AJD (Impuesto por los Actos Jurídicos Documentados, gastos de segundas copias.

Moratalaz se caracteriza por su buena comunicación y cercanía a Madrid Centro-Retiro. Es el distrito con más metros destinados a zonas verdes, jardines y parques.",1,1,1,1,1,1,0,1,1,1,"['https://cdn-media.medialabtc.it/es/agencies/md015/estates/621086/images/8995660/gallery_media.jpeg', 'https://cdn-media.medialabtc.it/es/agencies/md015/estates/621086/images/8995667/gallery_media.jpeg', 'https://cdn-media.medialabtc.it/es/agencies/md015/estates/621086/images/8995674/gallery_media.jpeg', 'https://cdn-media.medialabtc.it/es/agencies/md015/estates/621086/images/8995676/gallery_media.jpeg', 'https://cdn-media.medialabtc.it/es/agencies/md015/estates/621086/images/8995725/gallery_media.jpeg', 'https://cdn-media.medialabtc.it/es/agencies/md015/estates/621086/images/8995670/gallery_media.jpeg', 'https://cdn-media.medialabtc.it/es/agencies/md015/estates/621086/images/8995666/gallery_media.jpeg', 'https://cdn-media.medialabtc.it/es/agencies/md015/estates/621086/images/8995727/gallery_media.jpeg', 'https://cdn-media.medialabtc.it/es/agencies/md015/estates/621086/images/8995675/gallery_media.jpeg', 'https://cdn-media.medialabtc.it/es/agencies/md015/estates/621086/images/8995728/gallery_media.jpeg', 'https://cdn-media.medialabtc.it/es/agencies/md015/estates/621086/images/8995665/gallery_media.jpeg', 'https://cdn-media.medialabtc.it/es/agencies/md015/estates/621086/images/8995664/gallery_media.jpeg', 'https://cdn-media.medialabtc.it/es/agencies/md015/estates/621086/images/8995661/gallery_media.jpeg', 'https://cdn-media.medialabtc.it/es/agencies/md015/estates/621086/images/8995663/gallery_media.jpeg', 'https://cdn-media.medialabtc.it/es/agencies/md015/estates/621086/images/8995668/gallery_media.jpeg', 'https://cdn-media.medialabtc.it/es/agencies/md015/estates/621086/images/8995726/gallery_media.jpeg', 'https://cdn-media.medialabtc.it/es/agencies/md015/estates/621086/images/8995672/gallery_media.jpeg', 'https://cdn-media.medialabtc.it/es/agencies/md015/estates/621086/images/8995658/gallery_media.jpeg', 'https://cdn-media.medialabtc.it/es/agencies/md015/estates/621086/images/8995659/gallery_media.jpeg', 'https://cdn-media.medialabtc.it/es/agencies/md015/estates/621086/images/8995662/gallery_media.jpeg', 'https://cdn-media.medialabtc.it/es/agencies/md015/estates/621086/images/8995673/gallery_media.jpeg', 'https://cdn-media.medialabtc.it/es/agencies/md015/estates/621086/images/9008558/gallery_media.jpeg', 'https://cdn-media.medialabtc.it/es/agencies/md015/estates/621086/images/8995793/gallery_media.jpeg', 'https://cdn-media.medialabtc.it/es/agencies/md015/estates/621086/images/8995669/gallery_media.jpeg', 'https://cdn-media.medialabtc.it/es/agencies/md015/estates/621086/images/8995671/gallery_media.jpeg', 'https://cdn-media.medialabtc.it/es/agencies/md015/estates/621086/images/9008557/gallery_media.jpeg']",0,Desconocido,1,0,0,1,0,E,0,0,"['imagenes_tecnocasa\\anuncio_65\\0.jpeg', 'imagenes_tecnocasa\\anuncio_65\\1.jpeg', 'imagenes_tecnocasa\\anuncio_65\\2.jpeg', 'imagenes_tecnocasa\\anuncio_65\\3.jpeg', 'imagenes_tecnocasa\\anuncio_65\\4.jpeg', 'imagenes_tecnocasa\\anuncio_65\\5.jpeg', 'imagenes_tecnocasa\\anuncio_65\\6.jpeg', 'imagenes_tecnocasa\\anuncio_65\\7.jpeg', 'imagenes_tecnocasa\\anuncio_65\\8.jpeg', 'imagenes_tecnocasa\\anuncio_65\\9.jpeg', 'imagenes_tecnocasa\\anuncio_65\\10.jpeg', 'imagenes_tecnocasa\\anuncio_65\\11.jpeg', 'imagenes_tecnocasa\\anuncio_65\\12.jpeg', 'imagenes_tecnocasa\\anuncio_65\\13.jpeg', 'imagenes_tecnocasa\\anuncio_65\\14.jpeg', 'imagenes_tecnocasa\\anuncio_65\\15.jpeg', 'imagenes_tecnocasa\\anuncio_65\\16.jpeg', 'imagenes_tecnocasa\\anuncio_65\\17.jpeg', 'imagenes_tecnocasa\\anuncio_65\\18.jpeg', 'imagenes_tecnocasa\\anuncio_65\\19.jpeg', 'imagenes_tecnocasa\\anuncio_65\\20.jpeg', 'imagenes_tecnocasa\\anuncio_65\\21.jpeg', 'imagenes_tecnocasa\\anuncio_65\\22.jpeg', 'imagenes_tecnocasa\\anuncio_65\\23.jpeg', 'imagenes_tecnocasa\\anuncio_65\\24.jpeg', 'imagenes_tecnocasa\\anuncio_65\\25.jpeg']",1,Popular,1962,0,0,0,piso,2,Madrid,Madrid,40.4167047,-3.7035825,65,4569.444444444444,297.0,191.0,0.05,0.4,2.0,0.0,parquet,pintura,otro,estándar (2.4-2.8m),nada,2.8,3.4,convencional,"['#FFFFFF', '#F2F2F2', '#CECECE']",buena,False,convencional,limitado,ninguno,ninguno,estándar,básica,ninguno,6.2,6.4,ninguna,5
https://www.tecnocasa.es/venta/piso/madrid/ciempozuelos/595696.html,127000.0,3,68.0,1,"Agencia inmobiliaria de Ciempozuelos-zona Ciempozuelos-oficina Tecnocasa
Se VENDE PISO en CIEMPOZUELOS exterior con 68 m2 CONSTRUIDOS.
Distribuido en hall con acceso a amplia cocina, un amplio salón con terraza, cuenta con un pequeño pasillo que comunica con 3 habitaciones amplias y un baño completo. La vivienda cuenta con ventanas climalit de doble puente térmico y oscilobatientes. Es un tercero SIN ascensor.
Ubicado en una de las mejores zonas de Ciempozuelos, este piso te brinda la tranquilidad de un barrio consolidado y todos los servicios a tu alcance. A pocos minutos andando de la plaza del pueblo y perfectamente comunicado por transporte público, tendrás todo lo que necesitas a tu alrededor.
No dude en llamarnos para concretar su cita para visitar el inmueble, en la que además recibirá el asesoramiento gratuito de nuestro departamento financiero Kiron.",0,1,1,0,0,0,0,1,0,1,"['https://cdn-media.medialabtc.it/es/agencies/mdbe6/estates/595696/images/8412302/gallery_media.jpeg', 'https://cdn-media.medialabtc.it/es/agencies/mdbe6/estates/595696/images/8412306/gallery_media.jpeg', 'https://cdn-media.medialabtc.it/es/agencies/mdbe6/estates/595696/images/8412305/gallery_media.jpeg', 'https://cdn-media.medialabtc.it/es/agencies/mdbe6/estates/595696/images/8412304/gallery_media.jpeg', 'https://cdn-media.medialabtc.it/es/agencies/mdbe6/estates/595696/images/8412334/gallery_media.jpeg', 'https://cdn-media.medialabtc.it/es/agencies/mdbe6/estates/595696/images/8412308/gallery_media.jpeg', 'https://cdn-media.medialabtc.it/es/agencies/mdbe6/estates/595696/images/8412303/gallery_media.jpeg', 'https://cdn-media.medialabtc.it/es/agencies/mdbe6/estates/595696/images/8412311/gallery_media.jpeg', 'https://cdn-media.medialabtc.it/es/agencies/mdbe6/estates/595696/images/8412309/gallery_media.jpeg', 'https://cdn-media.medialabtc.it/es/agencies/mdbe6/estates/595696/images/8412297/gallery_media.jpeg', 'https://cdn-media.medialabtc.it/es/agencies/mdbe6/estates/595696/images/8412310/gallery_media.jpeg', 'https://cdn-media.medialabtc.it/es/agencies/mdbe6/estates/595696/images/8412333/gallery_media.jpeg', 'https://cdn-media.medialabtc.it/es/agencies/mdbe6/estates/595696/images/8412296/gallery_media.jpeg', 'https://cdn-media.medialabtc.it/es/agencies/mdbe6/estates/595696/images/8412301/gallery_media.jpeg', 'https://cdn-media.medialabtc.it/es/agencies/mdbe6/estates/595696/images/8412298/gallery_media.jpeg', 'https://cdn-media.medialabtc.it/es/agencies/mdbe6/estates/595696/images/8412335/gallery_media.jpeg', 'https://cdn-media.medialabtc.it/es/agencies/mdbe6/estates/595696/images/8412307/gallery_media.jpeg', 'https://cdn-media.medialabtc.it/es/agencies/mdbe6/estates/595696/images/8412300/gallery_media.jpeg', 'https://cdn-media.medialabtc.it/es/agencies/mdbe6/estates/595696/images/8412299/gallery_media.jpeg']",0,Desconocido,0,0,0,1,0,Desconocida,0,0,"['imagenes_tecnocasa\\anuncio_66\\0.jpeg', 'imagenes_tecnocasa\\anuncio_66\\1.jpeg', 'imagenes_tecnocasa\\anuncio_66\\2.jpeg', 'imagenes_tecnocasa\\anuncio_66\\3.jpeg', 'imagenes_tecnocasa\\anuncio_66\\4.jpeg', 'imagenes_tecnocasa\\anuncio_66\\5.jpeg', 'imagenes_tecnocasa\\anuncio_66\\6.jpeg', 'imagenes_tecnocasa\\anuncio_66\\7.jpeg', 'imagenes_tecnocasa\\anuncio_66\\8.jpeg', 'imagenes_tecnocasa\\anuncio_66\\9.jpeg', 'imagenes_tecnocasa\\anuncio_66\\10.jpeg', 'imagenes_tecnocasa\\anuncio_66\\11.jpeg', 'imagenes_tecnocasa\\anuncio_66\\12.jpeg', 'imagenes_tecnocasa\\anuncio_66\\13.jpeg', 'imagenes_tecnocasa\\anuncio_66\\14.jpeg', 'imagenes_tecnocasa\\anuncio_66\\15.jpeg', 'imagenes_tecnocasa\\anuncio_66\\16.jpeg', 'imagenes_tecnocasa\\anuncio_66\\17.jpeg', 'imagenes_tecnocasa\\anuncio_66\\18.jpeg']",0,Popular,1974,0,0,0,piso,3,Ciempozuelos,Ciempozuelos,40.1580087,-3.6205514,66,1867.6470588235295,135.0,103.0,0.0,0.0,1.0,0.0,cerámica,pintura,corredera,estándar (2.4-2.8m),nada,4.2,3.0,clásico,"['#A0522D', '#8B4513', '#D2691E']",regular,False,convencional,normal,ninguno,ninguno,estándar,básica,ninguno,6.0,7.0,ninguna,5
https://www.tecnocasa.es/venta/piso/madrid/ciempozuelos/615359.html,210000.0,3,121.0,2,"Agencia inmobiliaria de Ciempozuelos, Tecnocasa Estudio Ciempozuelos SL.
La vivienda se encuentra distribuida en recibidor, cocina con acceso a una terraza, amplio salón-comedor, un pasillo desde el que accedemos a 3 habitaciones con armarios empotrados, y dos baño completos, uno de ellos en suite. Incluye trastero.
Ubicado en una de las mejores zonas de Ciempozuelos, este piso te brinda la tranquilidad de un barrio consolidado y todos los servicios a tu alcance. A 10 minutos andando de la plaza del pueblo y perfectamente comunicado por transporte público, tendrás todo lo que necesitas a tu alrededor.
No dude en llamarnos para concretar su cita para visitar el inmueble, en la que además recibirá el asesoramiento gratuito de nuestro departamento financiero Kiron.",0,1,1,0,0,0,0,1,0,1,"['https://cdn-media.medialabtc.it/es/agencies/mdbe6/estates/615359/images/8958857/gallery_media.jpeg', 'https://cdn-media.medialabtc.it/es/agencies/mdbe6/estates/615359/images/8958862/gallery_media.jpeg', 'https://cdn-media.medialabtc.it/es/agencies/mdbe6/estates/615359/images/8958806/gallery_media.jpeg', 'https://cdn-media.medialabtc.it/es/agencies/mdbe6/estates/615359/images/8958842/gallery_media.jpeg', 'https://cdn-media.medialabtc.it/es/agencies/mdbe6/estates/615359/images/8958850/gallery_media.jpeg', 'https://cdn-media.medialabtc.it/es/agencies/mdbe6/estates/615359/images/8958843/gallery_media.jpeg', 'https://cdn-media.medialabtc.it/es/agencies/mdbe6/estates/615359/images/8958863/gallery_media.jpeg', 'https://cdn-media.medialabtc.it/es/agencies/mdbe6/estates/615359/images/8958811/gallery_media.jpeg', 'https://cdn-media.medialabtc.it/es/agencies/mdbe6/estates/615359/images/8958861/gallery_media.jpeg', 'https://cdn-media.medialabtc.it/es/agencies/mdbe6/estates/615359/images/8958845/gallery_media.jpeg', 'https://cdn-media.medialabtc.it/es/agencies/mdbe6/estates/615359/images/8958808/gallery_media.jpeg', 'https://cdn-media.medialabtc.it/es/agencies/mdbe6/estates/615359/images/8958976/gallery_media.jpeg', 'https://cdn-media.medialabtc.it/es/agencies/mdbe6/estates/615359/images/8958851/gallery_media.jpeg', 'https://cdn-media.medialabtc.it/es/agencies/mdbe6/estates/615359/images/8958846/gallery_media.jpeg', 'https://cdn-media.medialabtc.it/es/agencies/mdbe6/estates/615359/images/8958859/gallery_media.jpeg', 'https://cdn-media.medialabtc.it/es/agencies/mdbe6/estates/615359/images/8958841/gallery_media.jpeg', 'https://cdn-media.medialabtc.it/es/agencies/mdbe6/estates/615359/images/8958812/gallery_media.jpeg', 'https://cdn-media.medialabtc.it/es/agencies/mdbe6/estates/615359/images/8958807/gallery_media.jpeg', 'https://cdn-media.medialabtc.it/es/agencies/mdbe6/estates/615359/images/8958977/gallery_media.jpeg', 'https://cdn-media.medialabtc.it/es/agencies/mdbe6/estates/615359/images/8958854/gallery_media.jpeg', 'https://cdn-media.medialabtc.it/es/agencies/mdbe6/estates/615359/images/8958978/gallery_media.jpeg', 'https://cdn-media.medialabtc.it/es/agencies/mdbe6/estates/615359/images/8958973/gallery_media.jpeg', 'https://cdn-media.medialabtc.it/es/agencies/mdbe6/estates/615359/images/8958860/gallery_media.jpeg', 'https://cdn-media.medialabtc.it/es/agencies/mdbe6/estates/615359/images/8958858/gallery_media.jpeg', 'https://cdn-media.medialabtc.it/es/agencies/mdbe6/estates/615359/images/8958844/gallery_media.jpeg']",0,Desconocido,0,1,0,1,0,Desconocida,0,0,"['imagenes_tecnocasa\\anuncio_67\\0.jpeg', 'imagenes_tecnocasa\\anuncio_67\\1.jpeg', 'imagenes_tecnocasa\\anuncio_67\\2.jpeg', 'imagenes_tecnocasa\\anuncio_67\\3.jpeg', 'imagenes_tecnocasa\\anuncio_67\\4.jpeg', 'imagenes_tecnocasa\\anuncio_67\\5.jpeg', 'imagenes_tecnocasa\\anuncio_67\\6.jpeg', 'imagenes_tecnocasa\\anuncio_67\\7.jpeg', 'imagenes_tecnocasa\\anuncio_67\\8.jpeg', 'imagenes_tecnocasa\\anuncio_67\\9.jpeg', 'imagenes_tecnocasa\\anuncio_67\\10.jpeg', 'imagenes_tecnocasa\\anuncio_67\\11.jpeg', 'imagenes_tecnocasa\\anuncio_67\\12.jpeg', 'imagenes_tecnocasa\\anuncio_67\\13.jpeg', 'imagenes_tecnocasa\\anuncio_67\\14.jpeg', 'imagenes_tecnocasa\\anuncio_67\\15.jpeg', 'imagenes_tecnocasa\\anuncio_67\\16.jpeg', 'imagenes_tecnocasa\\anuncio_67\\17.jpeg', 'imagenes_tecnocasa\\anuncio_67\\18.jpeg', 'imagenes_tecnocasa\\anuncio_67\\19.jpeg', 'imagenes_tecnocasa\\anuncio_67\\20.jpeg', 'imagenes_tecnocasa\\anuncio_67\\21.jpeg', 'imagenes_tecnocasa\\anuncio_67\\22.jpeg', 'imagenes_tecnocasa\\anuncio_67\\23.jpeg', 'imagenes_tecnocasa\\anuncio_67\\24.jpeg']",0,Media,2001,0,0,0,piso,1,Ciempozuelos,Ciempozuelos,40.1580087,-3.6205514,67,1735.5371900826447,120.0,93.0,0.0,0.0,1.0,0.0,cerámica,pintura,corredera,estándar (2.4-2.8m),nada,3.8,4.4,convencional,"['#A0522D', '#008080', '#FFF8DC']",regular,False,convencional,limitado,ninguno,ninguno,estándar,parcialmente equipada,ninguno,6.2,6.8,leve,5
https://www.tecnocasa.es/venta/casa/madrid/torres-de-la-alameda/621634.html,395000.0,4,243.0,2,"TECNOCASA VENDE FANTÁSTICO CHALET INDEPENDIENTE
¡Descubre esta luminosa y espaciosa vivienda! Ubicada en una tranquila urbanización con piscina comunitaria y amplias zonas verdes.

Distribución:
- Planta principal:

Luminoso salón con chimenea y zona de comedor.

Cocina independiente.

4 dormitorios (3 con armarios empotrados).

2 baños completos.

- Segunda planta:

Habitación muy amplia con salida a una terraza privada.

- Sótano:

Espacio diáfano con múltiples posibilidades.

- Extras:
Piscina comunitaria.

Pozo de uso privado en la vivienda.

Riego automatico.

Zonas verdes comunes.

NO DUDES EN CONTACTAR CON NOSOTROS PARA MAS INFORMACIÓN.
CONSULTA CON NUESTRO DEPARTAMENTO FINANCIERO LAS MEJORES OPCIONES PARA TU HIPOTECA AL 100%.",0,0,1,0,0,0,0,0,0,0,"['https://cdn-media.medialabtc.it/es/agencies/md553/estates/621634/images/9008457/gallery_media.jpeg', 'https://cdn-media.medialabtc.it/es/agencies/md553/estates/621634/images/9008451/gallery_media.jpeg', 'https://cdn-media.medialabtc.it/es/agencies/md553/estates/621634/images/9008513/gallery_media.jpeg', 'https://cdn-media.medialabtc.it/es/agencies/md553/estates/621634/images/9008518/gallery_media.jpeg', 'https://cdn-media.medialabtc.it/es/agencies/md553/estates/621634/images/9008453/gallery_media.jpeg', 'https://cdn-media.medialabtc.it/es/agencies/md553/estates/621634/images/9008522/gallery_media.jpeg', 'https://cdn-media.medialabtc.it/es/agencies/md553/estates/621634/images/9008510/gallery_media.jpeg', 'https://cdn-media.medialabtc.it/es/agencies/md553/estates/621634/images/9008520/gallery_media.jpeg', 'https://cdn-media.medialabtc.it/es/agencies/md553/estates/621634/images/9008461/gallery_media.jpeg', 'https://cdn-media.medialabtc.it/es/agencies/md553/estates/621634/images/9008511/gallery_media.jpeg', 'https://cdn-media.medialabtc.it/es/agencies/md553/estates/621634/images/9008455/gallery_media.jpeg', 'https://cdn-media.medialabtc.it/es/agencies/md553/estates/621634/images/9008460/gallery_media.jpeg', 'https://cdn-media.medialabtc.it/es/agencies/md553/estates/621634/images/9008519/gallery_media.jpeg', 'https://cdn-media.medialabtc.it/es/agencies/md553/estates/621634/images/9008452/gallery_media.jpeg', 'https://cdn-media.medialabtc.it/es/agencies/md553/estates/621634/images/9008459/gallery_media.jpeg', 'https://cdn-media.medialabtc.it/es/agencies/md553/estates/621634/images/9008454/gallery_media.jpeg', 'https://cdn-media.medialabtc.it/es/agencies/md553/estates/621634/images/9008509/gallery_media.jpeg', 'https://cdn-media.medialabtc.it/es/agencies/md553/estates/621634/images/9008521/gallery_media.jpeg', 'https://cdn-media.medialabtc.it/es/agencies/md553/estates/621634/images/9008458/gallery_media.jpeg', 'https://cdn-media.medialabtc.it/es/agencies/md553/estates/621634/images/9008517/gallery_media.jpeg', 'https://cdn-media.medialabtc.it/es/agencies/md553/estates/621634/images/9008514/gallery_media.jpeg', 'https://cdn-media.medialabtc.it/es/agencies/md553/estates/621634/images/9008515/gallery_media.jpeg', 'https://cdn-media.medialabtc.it/es/agencies/md553/estates/621634/images/9008512/gallery_media.jpeg', 'https://cdn-media.medialabtc.it/es/agencies/md553/estates/621634/images/9008516/gallery_media.jpeg', 'https://cdn-media.medialabtc.it/es/agencies/md553/estates/621634/images/9008508/gallery_media.jpeg']",0,Desconocido,0,0,1,1,0,Desconocida,0,0,"['imagenes_tecnocasa\\anuncio_68\\0.jpeg', 'imagenes_tecnocasa\\anuncio_68\\1.jpeg', 'imagenes_tecnocasa\\anuncio_68\\2.jpeg', 'imagenes_tecnocasa\\anuncio_68\\3.jpeg', 'imagenes_tecnocasa\\anuncio_68\\4.jpeg', 'imagenes_tecnocasa\\anuncio_68\\5.jpeg', 'imagenes_tecnocasa\\anuncio_68\\6.jpeg', 'imagenes_tecnocasa\\anuncio_68\\7.jpeg', 'imagenes_tecnocasa\\anuncio_68\\8.jpeg', 'imagenes_tecnocasa\\anuncio_68\\9.jpeg', 'imagenes_tecnocasa\\anuncio_68\\10.jpeg', 'imagenes_tecnocasa\\anuncio_68\\11.jpeg', 'imagenes_tecnocasa\\anuncio_68\\12.jpeg', 'imagenes_tecnocasa\\anuncio_68\\13.jpeg', 'imagenes_tecnocasa\\anuncio_68\\14.jpeg', 'imagenes_tecnocasa\\anuncio_68\\15.jpeg', 'imagenes_tecnocasa\\anuncio_68\\16.jpeg', 'imagenes_tecnocasa\\anuncio_68\\17.jpeg', 'imagenes_tecnocasa\\anuncio_68\\18.jpeg', 'imagenes_tecnocasa\\anuncio_68\\19.jpeg', 'imagenes_tecnocasa\\anuncio_68\\20.jpeg', 'imagenes_tecnocasa\\anuncio_68\\21.jpeg', 'imagenes_tecnocasa\\anuncio_68\\22.jpeg', 'imagenes_tecnocasa\\anuncio_68\\23.jpeg', 'imagenes_tecnocasa\\anuncio_68\\24.jpeg']",0,De época,1975,0,1,0,casa,1,Torres de la Alameda,Torres De La Alameda,40.4021516,-3.360625,68,1625.514403292181,103.0,89.0,0.0,0.0,1.0,0.0,otro,pintura,otro,estándar (2.4-2.8m),nada,2.8,2.8,otro,"['#808080', '#008000', '#FFFFFF']",regular,False,convencional,otro,ninguno,ninguno,estándar,básica,ninguno,6.0,6.2,ninguna,5
https://www.tecnocasa.es/venta/piso/madrid/madrid/619053.html,339999.0,3,65.0,1,"Inmobiliaria en Tetuán, Valdeacederas - Tecnocasa OFICINA VALDEACEDERAS SL vende piso exterior, en el corazón del municipio de Madrid a pocos metros de la calle de Bravo Murillo y del metro. Es ideal para quienes buscan comodidad y funcionalidad, esta vivienda ofrece tres dormitorios, perfectos para una familia o para quienes necesitan espacio adicional para una oficina en casa. El salón es luminoso y se conecta con una terraza privada, un rincón perfecto para disfrutar del aire libre. Además, en el precio se incluye una plaza de aparcamiento, en una finca cercana, una ventaja significativa en el centro la ciudad. El inmueble cuenta con aire acondicionado y calefacción de gas natural. Se encuentra para reformar y la finca no cuenta con ascensor. Su ubicación en Madrid permite un fácil acceso a servicios, transporte y áreas de ocio, haciendo de esta propiedad una opción atractiva para vivir. Mucha posibilidades. Ideal inversión.",1,1,1,1,1,1,0,1,1,1,"['https://cdn-media.medialabtc.it/es/agencies/mdai7/estates/619053/images/9003390/gallery_media.jpeg', 'https://cdn-media.medialabtc.it/es/agencies/mdai7/estates/619053/images/9003374/gallery_media.jpeg', 'https://cdn-media.medialabtc.it/es/agencies/mdai7/estates/619053/images/9003387/gallery_media.jpeg', 'https://cdn-media.medialabtc.it/es/agencies/mdai7/estates/619053/images/9003380/gallery_media.jpeg', 'https://cdn-media.medialabtc.it/es/agencies/mdai7/estates/619053/images/9003383/gallery_media.jpeg', 'https://cdn-media.medialabtc.it/es/agencies/mdai7/estates/619053/images/9003379/gallery_media.jpeg', 'https://cdn-media.medialabtc.it/es/agencies/mdai7/estates/619053/images/9003370/gallery_media.jpeg', 'https://cdn-media.medialabtc.it/es/agencies/mdai7/estates/619053/images/9003378/gallery_media.jpeg', 'https://cdn-media.medialabtc.it/es/agencies/mdai7/estates/619053/images/9003372/gallery_media.jpeg', 'https://cdn-media.medialabtc.it/es/agencies/mdai7/estates/619053/images/9003388/gallery_media.jpeg', 'https://cdn-media.medialabtc.it/es/agencies/mdai7/estates/619053/images/9003375/gallery_media.jpeg', 'https://cdn-media.medialabtc.it/es/agencies/mdai7/estates/619053/images/9003376/gallery_media.jpeg', 'https://cdn-media.medialabtc.it/es/agencies/mdai7/estates/619053/images/9003386/gallery_media.jpeg', 'https://cdn-media.medialabtc.it/es/agencies/mdai7/estates/619053/images/9003389/gallery_media.jpeg', 'https://cdn-media.medialabtc.it/es/agencies/mdai7/estates/619053/images/9003391/gallery_media.jpeg']",0,Desconocido,1,0,0,1,0,Desconocida,0,0,"['imagenes_tecnocasa\\anuncio_70\\0.jpeg', 'imagenes_tecnocasa\\anuncio_70\\1.jpeg', 'imagenes_tecnocasa\\anuncio_70\\2.jpeg', 'imagenes_tecnocasa\\anuncio_70\\3.jpeg', 'imagenes_tecnocasa\\anuncio_70\\4.jpeg', 'imagenes_tecnocasa\\anuncio_70\\5.jpeg', 'imagenes_tecnocasa\\anuncio_70\\6.jpeg', 'imagenes_tecnocasa\\anuncio_70\\7.jpeg', 'imagenes_tecnocasa\\anuncio_70\\8.jpeg', 'imagenes_tecnocasa\\anuncio_70\\9.jpeg', 'imagenes_tecnocasa\\anuncio_70\\10.jpeg', 'imagenes_tecnocasa\\anuncio_70\\11.jpeg', 'imagenes_tecnocasa\\anuncio_70\\12.jpeg', 'imagenes_tecnocasa\\anuncio_70\\13.jpeg', 'imagenes_tecnocasa\\anuncio_70\\14.jpeg']",1,Popular,1958,1,0,0,piso,2,Madrid,"Valdeacederas, Madrid",40.4167047,-3.7035825,70,5230.753846153846,150.0,103.0,0.6333333333333333,0.7999999999999999,1.0,1.0,cerámica,pintura,corredera,estándar (2.4-2.8m),nada,4.0,4.4,convencional,"['#FFFFFF', '#F2F2F2', '#D3D3D3']",regular,False,convencional,limitado,ninguno,ninguno,estándar,básica,ninguno,6.0,7.0,ninguna,5
https://www.tecnocasa.es/venta/piso/madrid/getafe/610647.html,180000.0,3,69.0,1,"Somos la Agencia inmobiliaria de Getafe zona calle Toledo Estudio Villa De Getafe S. L. U.
En venta piso en Getafe en zona de La alhondiga muy proximo a San Isidro, de 69 m² de vivienda.
Fachada recien rehablitada.
Piso con electricidad y fontanería actualizado en una de las calles mas tranquilas de Getafe, a escasos metros del metro de Alonso de Mendoza, cerca de paradas de autobús que conecta con la lineal Madrid-Sur, muy cerca de calle Toledo.
La vivienda cuenta con las siguientes estancias:
- Tres dormitorios.
- Cuarto de baño con plato de ducha.
- Salón muy luminoso.
- Cocina amueblada.
- Hall recibidor.
Las calidades de las que dispone son:
- Suelo de gress.
- Ventanas de aluminio.
- Caldera de gas.
vivienda de 69 metros cuadrados, compuesto por un amplio salón, cocina, 3 dormitorios, baño completo.
Excelente conexión con la A-42, a escasos metros del metro Alonso de Mendoza y Getafe central, parada de autobús de calle Toledo, uno de los barrios distinguidos de Getafe con todos los servicios esenciales y de ocio a escasos metros, como parque, colegios, supermercados, centro de salud, farmacia, tiendas, bares, restaurantes y una estupenda comunicación con la línea de autobuses urbanos que comunica con todo Getafe",1,1,1,1,1,1,1,1,1,1,"['https://cdn-media.medialabtc.it/es/agencies/md560/estates/610647/images/9008361/gallery_media.jpeg', 'https://cdn-media.medialabtc.it/es/agencies/md560/estates/610647/images/9008448/gallery_media.jpeg', 'https://cdn-media.medialabtc.it/es/agencies/md560/estates/610647/images/9008360/gallery_media.jpeg', 'https://cdn-media.medialabtc.it/es/agencies/md560/estates/610647/images/9008445/gallery_media.jpeg', 'https://cdn-media.medialabtc.it/es/agencies/md560/estates/610647/images/9008442/gallery_media.jpeg', 'https://cdn-media.medialabtc.it/es/agencies/md560/estates/610647/images/9008444/gallery_media.jpeg', 'https://cdn-media.medialabtc.it/es/agencies/md560/estates/610647/images/9008446/gallery_media.jpeg', 'https://cdn-media.medialabtc.it/es/agencies/md560/estates/610647/images/9008447/gallery_media.jpeg', 'https://cdn-media.medialabtc.it/es/agencies/md560/estates/610647/images/9008443/gallery_media.jpeg']",0,Desconocido,0,0,0,0,0,Desconocida,0,0,"['imagenes_tecnocasa\\anuncio_71\\0.jpeg', 'imagenes_tecnocasa\\anuncio_71\\1.jpeg', 'imagenes_tecnocasa\\anuncio_71\\2.jpeg', 'imagenes_tecnocasa\\anuncio_71\\3.jpeg', 'imagenes_tecnocasa\\anuncio_71\\4.jpeg', 'imagenes_tecnocasa\\anuncio_71\\5.jpeg', 'imagenes_tecnocasa\\anuncio_71\\6.jpeg', 'imagenes_tecnocasa\\anuncio_71\\7.jpeg', 'imagenes_tecnocasa\\anuncio_71\\8.jpeg']",0,Media,1972,0,0,0,piso,2,Getafe,"La Alhondiga, Getafe",40.3070639,-3.7331808,71,2608.695652173913,207.0,128.0,0.0,0.25,2.0,0.0,otro,pintura,corredera,estándar (2.4-2.8m),nada,2.2,2.2,convencional,"['#F2E8CF', '#D2B48C', '#A0522D']",regular,False,convencional,limitado,ninguno,ninguno,básico,básica,ninguno,5.4,4.6,ninguna,5
https://www.tecnocasa.es/venta/piso/madrid/fuenlabrada/622347.html,224000.0,3,92.0,1,"¡TECNOCASA EL NARANJO, vende increíble vivienda de 92m2! .

Ubicada en una 5ª planta con ascensor, FACHADA REHABILITADA que consta de 3 Amplios dormitorios, baño con ventana, cocina, salón, calefacción individual, y terraza abierta.

Situada en una zona tranquila y rodeada de espacios verdes, a pocos minutos del Parque de La Paz, el Centro Comercial Alcampo y con excelentes conexiones: a tan solo 5 minutos de la estación de Renfe La Serna y paradas de autobús cercanas.

Además, con KIRON, nuestro departamento financiero, te ayudamos a conseguir la mejor hipoteca del mercado.
¡No lo dudes más y ven a visitarlo sin compromiso!",1,1,1,1,0,1,0,1,1,1,"['https://cdn-media.medialabtc.it/es/agencies/mdbf6/estates/622347/images/9007497/gallery_media.jpeg', 'https://cdn-media.medialabtc.it/es/agencies/mdbf6/estates/622347/images/9007496/gallery_media.jpeg', 'https://cdn-media.medialabtc.it/es/agencies/mdbf6/estates/622347/images/9007589/gallery_media.jpeg', 'https://cdn-media.medialabtc.it/es/agencies/mdbf6/estates/622347/images/9007501/gallery_media.jpeg', 'https://cdn-media.medialabtc.it/es/agencies/mdbf6/estates/622347/images/9007492/gallery_media.jpeg', 'https://cdn-media.medialabtc.it/es/agencies/mdbf6/estates/622347/images/9007498/gallery_media.jpeg', 'https://cdn-media.medialabtc.it/es/agencies/mdbf6/estates/616314/images/8866425/gallery_media.jpeg', 'https://cdn-media.medialabtc.it/es/agencies/mdbf6/estates/622347/images/9007500/gallery_media.jpeg', 'https://cdn-media.medialabtc.it/es/agencies/mdbf6/estates/622347/images/9007493/gallery_media.jpeg', 'https://cdn-media.medialabtc.it/es/agencies/mdbf6/estates/622347/images/9007491/gallery_media.jpeg', 'https://cdn-media.medialabtc.it/es/agencies/mdbf6/estates/622347/images/9007590/gallery_media.jpeg', 'https://cdn-media.medialabtc.it/es/agencies/mdbf6/estates/622347/images/9007587/gallery_media.jpeg', 'https://cdn-media.medialabtc.it/es/agencies/mdbf6/estates/622347/images/9007494/gallery_media.jpeg', 'https://cdn-media.medialabtc.it/es/agencies/mdbf6/estates/622347/images/9007562/gallery_media.jpeg', 'https://cdn-media.medialabtc.it/es/agencies/mdbf6/estates/622347/images/9007495/gallery_media.jpeg', 'https://cdn-media.medialabtc.it/es/agencies/mdbf6/estates/622347/images/9007499/gallery_media.jpeg', 'https://cdn-media.medialabtc.it/es/agencies/mdbf6/estates/622347/images/9007591/gallery_media.jpeg', 'https://cdn-media.medialabtc.it/es/agencies/mdbf6/estates/622347/images/9007588/gallery_media.jpeg']",0,Desconocido,0,0,0,1,0,E,0,1,"['imagenes_tecnocasa\\anuncio_73\\0.jpeg', 'imagenes_tecnocasa\\anuncio_73\\1.jpeg', 'imagenes_tecnocasa\\anuncio_73\\2.jpeg', 'imagenes_tecnocasa\\anuncio_73\\3.jpeg', 'imagenes_tecnocasa\\anuncio_73\\4.jpeg', 'imagenes_tecnocasa\\anuncio_73\\5.jpeg', 'imagenes_tecnocasa\\anuncio_73\\6.jpeg', 'imagenes_tecnocasa\\anuncio_73\\7.jpeg', 'imagenes_tecnocasa\\anuncio_73\\8.jpeg', 'imagenes_tecnocasa\\anuncio_73\\9.jpeg', 'imagenes_tecnocasa\\anuncio_73\\10.jpeg', 'imagenes_tecnocasa\\anuncio_73\\11.jpeg', 'imagenes_tecnocasa\\anuncio_73\\12.jpeg', 'imagenes_tecnocasa\\anuncio_73\\13.jpeg', 'imagenes_tecnocasa\\anuncio_73\\14.jpeg', 'imagenes_tecnocasa\\anuncio_73\\15.jpeg', 'imagenes_tecnocasa\\anuncio_73\\16.jpeg', 'imagenes_tecnocasa\\anuncio_73\\17.jpeg']",0,Popular,1981,1,0,1,piso,2,Fuenlabrada,"La Serna, Fuenlabrada",40.282476,-3.7923422,73,2434.782608695652,102.0,80.0,0.0,0.4,1.0,0.0,cerámica,pintura,otro,estándar (2.4-2.8m),nada,3.2,4.6,convencional,"['#B0C4DE', '#FFFFFF', '#6495ED']",regular,False,convencional,limitado,ninguno,ninguno,estándar,básica,ninguno,7.4,6.4,ninguna,5
https://www.tecnocasa.es/venta/piso/madrid/madrid/617612.html,188000.0,2,52.0,1,"Descubre este encantador piso en exclusiva, ubicado en el municipio de Madrid. Con una superficie de 52 m², esta propiedad ofrece un ambiente acogedor y luminoso. Reformado recientemente, cuenta con dos habitaciones bien distribuidas que garantizan comodidad y funcionalidad. La cocina americana se integra perfectamente con el espacio, ideal para quienes disfrutan de un estilo de vida práctico y moderno.
El baño está equipado con un plato de ducha e hidromasaje, proporcionando un espacio de relajación personal. Una de las características más atractivas de este piso es su terraza privada de 9,6 m2, un rincón perfecto para disfrutar del aire libre y momentos de tranquilidad.
Situado en una finca del año 2001, este hogar combina modernidad y confort en una ubicación privilegiada.
No pierdas la oportunidad de conocer este espacio que puede convertirse en tu próximo hogar.
AGENDA TU VISITA CON NOSOTROS!
Te ayudamos con la financiacion,gracias a los compañeros de Kiron",1,1,1,1,1,1,0,1,1,1,"['https://cdn-media.medialabtc.it/es/agencies/md107/estates/617612/images/8936959/gallery_media.jpeg', 'https://cdn-media.medialabtc.it/es/agencies/md107/estates/617612/images/8937002/gallery_media.jpeg', 'https://cdn-media.medialabtc.it/es/agencies/md107/estates/617612/images/8937007/gallery_media.jpeg', 'https://cdn-media.medialabtc.it/es/agencies/md107/estates/617612/images/8936957/gallery_media.jpeg', 'https://cdn-media.medialabtc.it/es/agencies/md107/estates/617612/images/8936989/gallery_media.jpeg', 'https://cdn-media.medialabtc.it/es/agencies/md107/estates/617612/images/8936995/gallery_media.jpeg', 'https://cdn-media.medialabtc.it/es/agencies/md107/estates/617612/images/8936988/gallery_media.jpeg', 'https://cdn-media.medialabtc.it/es/agencies/md107/estates/617612/images/8936958/gallery_media.jpeg', 'https://cdn-media.medialabtc.it/es/agencies/md107/estates/617612/images/8937004/gallery_media.jpeg', 'https://cdn-media.medialabtc.it/es/agencies/md107/estates/617612/images/8936983/gallery_media.jpeg', 'https://cdn-media.medialabtc.it/es/agencies/md107/estates/617612/images/8936987/gallery_media.jpeg', 'https://cdn-media.medialabtc.it/es/agencies/md107/estates/617612/images/8936999/gallery_media.jpeg', 'https://cdn-media.medialabtc.it/es/agencies/md107/estates/617612/images/8936991/gallery_media.jpeg', 'https://cdn-media.medialabtc.it/es/agencies/md107/estates/617612/images/8936993/gallery_media.jpeg', 'https://cdn-media.medialabtc.it/es/agencies/md107/estates/617612/images/8936985/gallery_media.jpeg', 'https://cdn-media.medialabtc.it/es/agencies/md107/estates/617612/images/8936986/gallery_media.jpeg', 'https://cdn-media.medialabtc.it/es/agencies/md107/estates/617612/images/8936992/gallery_media.jpeg', 'https://cdn-media.medialabtc.it/es/agencies/md107/estates/617612/images/8936997/gallery_media.jpeg', 'https://cdn-media.medialabtc.it/es/agencies/md107/estates/617612/images/8937006/gallery_media.jpeg', 'https://cdn-media.medialabtc.it/es/agencies/md107/estates/617612/images/8937001/gallery_media.jpeg', 'https://cdn-media.medialabtc.it/es/agencies/md107/estates/617612/images/8936998/gallery_media.jpeg', 'https://cdn-media.medialabtc.it/es/agencies/md107/estates/617612/images/8937008/gallery_media.jpeg', 'https://cdn-media.medialabtc.it/es/agencies/md107/estates/617612/images/8936960/gallery_media.jpeg', 'https://cdn-media.medialabtc.it/es/agencies/md107/estates/617612/images/8936990/gallery_media.jpeg', 'https://cdn-media.medialabtc.it/es/agencies/md107/estates/617612/images/8936984/gallery_media.jpeg', 'https://cdn-media.medialabtc.it/es/agencies/md107/estates/617612/images/8936996/gallery_media.jpeg', 'https://cdn-media.medialabtc.it/es/agencies/md107/estates/617612/images/8936961/gallery_media.jpeg', 'https://cdn-media.medialabtc.it/es/agencies/md107/estates/617612/images/8936956/gallery_media.jpeg', 'https://cdn-media.medialabtc.it/es/agencies/md107/estates/617612/images/8937005/gallery_media.jpeg', 'https://cdn-media.medialabtc.it/es/agencies/md107/estates/617612/images/8936994/gallery_media.jpeg']",0,Reformado,0,0,0,1,0,Desconocida,1,0,"['imagenes_tecnocasa\\anuncio_74\\0.jpeg', 'imagenes_tecnocasa\\anuncio_74\\1.jpeg', 'imagenes_tecnocasa\\anuncio_74\\2.jpeg', 'imagenes_tecnocasa\\anuncio_74\\3.jpeg', 'imagenes_tecnocasa\\anuncio_74\\4.jpeg', 'imagenes_tecnocasa\\anuncio_74\\5.jpeg', 'imagenes_tecnocasa\\anuncio_74\\6.jpeg', 'imagenes_tecnocasa\\anuncio_74\\7.jpeg', 'imagenes_tecnocasa\\anuncio_74\\8.jpeg', 'imagenes_tecnocasa\\anuncio_74\\9.jpeg', 'imagenes_tecnocasa\\anuncio_74\\10.jpeg', 'imagenes_tecnocasa\\anuncio_74\\11.jpeg', 'imagenes_tecnocasa\\anuncio_74\\12.jpeg', 'imagenes_tecnocasa\\anuncio_74\\13.jpeg', 'imagenes_tecnocasa\\anuncio_74\\14.jpeg', 'imagenes_tecnocasa\\anuncio_74\\15.jpeg', 'imagenes_tecnocasa\\anuncio_74\\16.jpeg', 'imagenes_tecnocasa\\anuncio_74\\17.jpeg', 'imagenes_tecnocasa\\anuncio_74\\18.jpeg', 'imagenes_tecnocasa\\anuncio_74\\19.jpeg', 'imagenes_tecnocasa\\anuncio_74\\20.jpeg', 'imagenes_tecnocasa\\anuncio_74\\21.jpeg', 'imagenes_tecnocasa\\anuncio_74\\22.jpeg', 'imagenes_tecnocasa\\anuncio_74\\23.jpeg', 'imagenes_tecnocasa\\anuncio_74\\24.jpeg', 'imagenes_tecnocasa\\anuncio_74\\25.jpeg', 'imagenes_tecnocasa\\anuncio_74\\26.jpeg', 'imagenes_tecnocasa\\anuncio_74\\27.jpeg', 'imagenes_tecnocasa\\anuncio_74\\28.jpeg', 'imagenes_tecnocasa\\anuncio_74\\29.jpeg']",0,Media,2001,1,0,0,piso,1,Madrid,"San Diego, Madrid",40.4167047,-3.7035825,74,3615.3846153846152,152.0,114.0,0.45,0.65,3.0,1.0,parquet,pintura,corredera,estándar (2.4-2.8m),nada,3.4,4.8,moderno,"['#008080', '#D3D3D3', '#A0522D']",regular,True,convencional,limitado,ninguno,ninguno,estándar,básica,ninguno,6.0,6.6,ninguna,5
https://www.tecnocasa.es/venta/casa/madrid/torrelodones/622278.html,739000.0,5,372.0,3,"TECNOCASA TORRELODONES VENDE EN EXCLUSIVA:
¡Descubre esta fantástica casa adosada en Torrelodones Colonia! Distribuida en tres plantas, esta vivienda ofrece comodidad, amplitud y excelentes servicios en una ubicación privilegiada, cerca de la estación.
En la primera planta, encontrarás un amplio salón y una moderna cocina, perfecta para disfrutar en familia. Además, cuenta con un cuarto de lavadoras, un aseo y un hermoso jardín donde podrás relajarte o recibir a tus invitados.
La segunda planta alberga cuatro dormitorios luminosos y espaciosos, ideales para toda la familia, junto con dos baños completos que garantizan comodidad y privacidad.
En la tercera planta, dispones de un dormitorio adicional, una buhardilla que puede adaptarse a tus necesidades y un aseo sin construir, brindando potencial para personalizarla a tu gusto.
La vivienda también incluye un garaje con capacidad para dos coches, un cuarto de calderas y un trastero para mayor almacenamiento.
La urbanización ofrece zonas comunes como una piscina comunitaria, pista de tenis y de baloncesto, perfectas para disfrutar del tiempo libre y mantener un estilo de vida activo.
Se ubica en una zona tranquila, a escasos 5 minutos a pie de la zona de supermercados, farmacias, ocio, etc.
¡No pierdas la oportunidad de vivir en un entorno cómodo, bien equipado y con todas las comodidades!
POSIBILIDAD DE FINANCIACIÓN AL 100% DE SU HIPOTECA.

La información contenida en este anuncio es meramente informativa, no contractual ni vinculante, y puede estar sujeta a errores.

SOLICITA TU VISITA!",0,1,1,1,1,1,0,1,1,1,"['https://cdn-media.medialabtc.it/es/agencies/md601/estates/622278/images/9006684/gallery_media.jpeg', 'https://cdn-media.medialabtc.it/es/agencies/md601/estates/622278/images/9006685/gallery_media.jpeg', 'https://cdn-media.medialabtc.it/es/agencies/md601/estates/622278/images/9006677/gallery_media.jpeg', 'https://cdn-media.medialabtc.it/es/agencies/md601/estates/622278/images/9006679/gallery_media.jpeg', 'https://cdn-media.medialabtc.it/es/agencies/md601/estates/622278/images/9006665/gallery_media.jpeg', 'https://cdn-media.medialabtc.it/es/agencies/md601/estates/622278/images/9006667/gallery_media.jpeg', 'https://cdn-media.medialabtc.it/es/agencies/md601/estates/622278/images/9006668/gallery_media.jpeg', 'https://cdn-media.medialabtc.it/es/agencies/md601/estates/622278/images/9006664/gallery_media.jpeg', 'https://cdn-media.medialabtc.it/es/agencies/md601/estates/622278/images/9006660/gallery_media.jpeg', 'https://cdn-media.medialabtc.it/es/agencies/md601/estates/622278/images/9006688/gallery_media.jpeg', 'https://cdn-media.medialabtc.it/es/agencies/md601/estates/622278/images/9006673/gallery_media.jpeg', 'https://cdn-media.medialabtc.it/es/agencies/md601/estates/622278/images/9006672/gallery_media.jpeg', 'https://cdn-media.medialabtc.it/es/agencies/md601/estates/622278/images/9006682/gallery_media.jpeg', 'https://cdn-media.medialabtc.it/es/agencies/md601/estates/622278/images/9006659/gallery_media.jpeg', 'https://cdn-media.medialabtc.it/es/agencies/md601/estates/622278/images/9006686/gallery_media.jpeg', 'https://cdn-media.medialabtc.it/es/agencies/md601/estates/622278/images/9006663/gallery_media.jpeg', 'https://cdn-media.medialabtc.it/es/agencies/md601/estates/622278/images/9006669/gallery_media.jpeg', 'https://cdn-media.medialabtc.it/es/agencies/md601/estates/622278/images/9006676/gallery_media.jpeg', 'https://cdn-media.medialabtc.it/es/agencies/md601/estates/622278/images/9006681/gallery_media.jpeg', 'https://cdn-media.medialabtc.it/es/agencies/md601/estates/622278/images/9006666/gallery_media.jpeg', 'https://cdn-media.medialabtc.it/es/agencies/md601/estates/622278/images/9006670/gallery_media.jpeg', 'https://cdn-media.medialabtc.it/es/agencies/md601/estates/622278/images/9006678/gallery_media.jpeg', 'https://cdn-media.medialabtc.it/es/agencies/md601/estates/622278/images/9006674/gallery_media.jpeg', 'https://cdn-media.medialabtc.it/es/agencies/md601/estates/622278/images/9006662/gallery_media.jpeg', 'https://cdn-media.medialabtc.it/es/agencies/md601/estates/622278/images/9006661/gallery_media.jpeg', 'https://cdn-media.medialabtc.it/es/agencies/md601/estates/622278/images/9006687/gallery_media.jpeg', 'https://cdn-media.medialabtc.it/es/agencies/md601/estates/622278/images/9006675/gallery_media.jpeg', 'https://cdn-media.medialabtc.it/es/agencies/md601/estates/622278/images/9006680/gallery_media.jpeg', 'https://cdn-media.medialabtc.it/es/agencies/md601/estates/622278/images/9006683/gallery_media.jpeg', 'https://cdn-media.medialabtc.it/es/agencies/md601/estates/622278/images/9006671/gallery_media.jpeg']",0,Desconocido,1,1,1,0,0,E,1,1,"['imagenes_tecnocasa\\anuncio_75\\0.jpeg', 'imagenes_tecnocasa\\anuncio_75\\1.jpeg', 'imagenes_tecnocasa\\anuncio_75\\2.jpeg', 'imagenes_tecnocasa\\anuncio_75\\3.jpeg', 'imagenes_tecnocasa\\anuncio_75\\4.jpeg', 'imagenes_tecnocasa\\anuncio_75\\5.jpeg', 'imagenes_tecnocasa\\anuncio_75\\6.jpeg', 'imagenes_tecnocasa\\anuncio_75\\7.jpeg', 'imagenes_tecnocasa\\anuncio_75\\8.jpeg', 'imagenes_tecnocasa\\anuncio_75\\9.jpeg', 'imagenes_tecnocasa\\anuncio_75\\10.jpeg', 'imagenes_tecnocasa\\anuncio_75\\11.jpeg', 'imagenes_tecnocasa\\anuncio_75\\12.jpeg', 'imagenes_tecnocasa\\anuncio_75\\13.jpeg', 'imagenes_tecnocasa\\anuncio_75\\14.jpeg', 'imagenes_tecnocasa\\anuncio_75\\15.jpeg', 'imagenes_tecnocasa\\anuncio_75\\16.jpeg', 'imagenes_tecnocasa\\anuncio_75\\17.jpeg', 'imagenes_tecnocasa\\anuncio_75\\18.jpeg', 'imagenes_tecnocasa\\anuncio_75\\19.jpeg', 'imagenes_tecnocasa\\anuncio_75\\20.jpeg', 'imagenes_tecnocasa\\anuncio_75\\21.jpeg', 'imagenes_tecnocasa\\anuncio_75\\22.jpeg', 'imagenes_tecnocasa\\anuncio_75\\23.jpeg', 'imagenes_tecnocasa\\anuncio_75\\24.jpeg', 'imagenes_tecnocasa\\anuncio_75\\25.jpeg', 'imagenes_tecnocasa\\anuncio_75\\26.jpeg', 'imagenes_tecnocasa\\anuncio_75\\27.jpeg', 'imagenes_tecnocasa\\anuncio_75\\28.jpeg', 'imagenes_tecnocasa\\anuncio_75\\29.jpeg']",0,Media,1993,1,1,0,casa,1,Torrelodones,Torrelodones,40.5762809,-3.928603,75,1986.5591397849462,240.0,166.0,0.0,0.0,2.0,0.0,mármol,pintura,fija,estándar (2.4-2.8m),nada,4.8,4.2,clásico,"['#F2F2F2', '#A0522D', '#808080']",buena,False,convencional,limitado,ninguno,ninguno,estándar,básica,ninguno,8.0,7.0,ninguna,5
https://www.tecnocasa.es/venta/piso/madrid/leganes/490059.html,197000.0,3,80.0,1,"PISO EN VENTA RECIEN REFORMADO CON TERRAZA en San Nicasio en muy buena zona, tiene buena distribución, con entrada, salón, cocina, baño, 3 dormitorios y terraza. La vivienda se encuentra muy cerca de Renfe Leganés-Central y Metrosur estación San Nicasio, universidad y centro de Leganés.
La vivienda es una cuarta planta sin ascensor.
DETALLE DE CALIDADES
- Ventanas de climalit oscilovatientes - Cocina reformada amueblada - Baño reformado con plato de ducha - Calefacción eléctrica radiadores de bajo consumo - Puertas lacadas blancas - Suelos de tarima - Pintura lisa - Electricidad y tuberias cambiadas - Puerta blindada.


Asesoramiento financiero sin compromiso, Te ayudamos a conseguir las mejores condiciones con las entidades bancarias, te buscamos financiación hasta el 100% del valor del piso.

Tecnocasa a su servicio en San Nicasio desde el año 1999.
LLÁMANOS 91 6808091.",1,1,1,1,1,1,0,1,1,1,"['https://cdn-media.medialabtc.it/es/agencies/mdbc5/estates/490059/images/9007921/gallery_media.jpeg', 'https://cdn-media.medialabtc.it/es/agencies/mdbc5/estates/490059/images/9007922/gallery_media.jpeg', 'https://cdn-media.medialabtc.it/es/agencies/mdbc5/estates/490059/images/9007974/gallery_media.jpeg', 'https://cdn-media.medialabtc.it/es/agencies/mdbc5/estates/490059/images/9007976/gallery_media.jpeg', 'https://cdn-media.medialabtc.it/es/agencies/mdbc5/estates/490059/images/9007975/gallery_media.jpeg', 'https://cdn-media.medialabtc.it/es/agencies/mdbc5/estates/490059/images/9007916/gallery_media.jpeg', 'https://cdn-media.medialabtc.it/es/agencies/mdbc5/estates/490059/images/9007979/gallery_media.jpeg', 'https://cdn-media.medialabtc.it/es/agencies/mdbc5/estates/490059/images/9007971/gallery_media.jpeg', 'https://cdn-media.medialabtc.it/es/agencies/mdbc5/estates/490059/images/9007973/gallery_media.jpeg', 'https://cdn-media.medialabtc.it/es/agencies/mdbc5/estates/490059/images/9007917/gallery_media.jpeg', 'https://cdn-media.medialabtc.it/es/agencies/mdbc5/estates/490059/images/9007919/gallery_media.jpeg', 'https://cdn-media.medialabtc.it/es/agencies/mdbc5/estates/490059/images/9007970/gallery_media.jpeg', 'https://cdn-media.medialabtc.it/es/agencies/mdbc5/estates/490059/images/9007977/gallery_media.jpeg', 'https://cdn-media.medialabtc.it/es/agencies/mdbc5/estates/490059/images/9007918/gallery_media.jpeg', 'https://cdn-media.medialabtc.it/es/agencies/mdbc5/estates/490059/images/9007915/gallery_media.jpeg', 'https://cdn-media.medialabtc.it/es/agencies/mdbc5/estates/490059/images/9007978/gallery_media.jpeg', 'https://cdn-media.medialabtc.it/es/agencies/mdbc5/estates/490059/images/9007972/gallery_media.jpeg']",0,Reformado,0,0,0,1,0,Desconocida,0,0,"['imagenes_tecnocasa\\anuncio_77\\0.jpeg', 'imagenes_tecnocasa\\anuncio_77\\1.jpeg', 'imagenes_tecnocasa\\anuncio_77\\2.jpeg', 'imagenes_tecnocasa\\anuncio_77\\3.jpeg', 'imagenes_tecnocasa\\anuncio_77\\4.jpeg', 'imagenes_tecnocasa\\anuncio_77\\5.jpeg', 'imagenes_tecnocasa\\anuncio_77\\6.jpeg', 'imagenes_tecnocasa\\anuncio_77\\7.jpeg', 'imagenes_tecnocasa\\anuncio_77\\8.jpeg', 'imagenes_tecnocasa\\anuncio_77\\9.jpeg', 'imagenes_tecnocasa\\anuncio_77\\10.jpeg', 'imagenes_tecnocasa\\anuncio_77\\11.jpeg', 'imagenes_tecnocasa\\anuncio_77\\12.jpeg', 'imagenes_tecnocasa\\anuncio_77\\13.jpeg', 'imagenes_tecnocasa\\anuncio_77\\14.jpeg', 'imagenes_tecnocasa\\anuncio_77\\15.jpeg', 'imagenes_tecnocasa\\anuncio_77\\16.jpeg']",0,Señorial,1970,0,0,0,piso,2,Leganés,"San Nicasio, Leganés",40.3281942,-3.76527,77,2462.5,137.0,105.0,0.0,0.0,1.0,0.0,otro,otro,otro,estándar (2.4-2.8m),nada,4.0,5.4,moderno,"['#D3D3D3', '#808080', '#FFFFFF']",buena,False,convencional,normal,ninguno,ninguno,estándar,básica,ninguno,6.4,6.6,ninguna,5
https://www.tecnocasa.es/venta/piso/madrid/madrid/619579.html,399000.0,2,49.0,1,"Agencia inmobiliaria de MADRID zona ARGUELLES - PLAZA ESPAÑA - CONDE DUQUE Oficina Tecnocasa
EN VENTA:
Vivienda en buen estado en C/Arriaza. Situado en la primera planta del edificio en finca con portero físico y ascensor. Se trata de un inmueble de 55m2 distribuidos en dos dormitorios, salón, cocina independiente y baño con bañera.
Totas las estancias tienen ventana.
Es interior a dos patios, uno de los cuales es patio de manzana grande, garantizando así una excelente luz natural en la vivienda.
La finca tiene la ITE favorable del año 2022.
En zona con muy buenas comunicaciones, a 2 minutos del intercambiador de Príncipe Pio con metro, líneas 6 y 10 y ramal a Ópera. Cercanías Renfe y autobuses urbanos e interurbanos a todo Madrid y provincia.",1,1,1,1,1,1,0,1,1,1,"['https://cdn-media.medialabtc.it/es/agencies/mdaea/estates/619579/images/8956229/gallery_media.jpeg', 'https://cdn-media.medialabtc.it/es/agencies/mdaea/estates/619579/images/8956232/gallery_media.jpeg', 'https://cdn-media.medialabtc.it/es/agencies/mdaea/estates/619579/images/8956228/gallery_media.jpeg', 'https://cdn-media.medialabtc.it/es/agencies/mdaea/estates/619579/images/8956175/gallery_media.jpeg', 'https://cdn-media.medialabtc.it/es/agencies/mdaea/estates/619579/images/8956230/gallery_media.jpeg', 'https://cdn-media.medialabtc.it/es/agencies/mdaea/estates/619579/images/8956181/gallery_media.jpeg', 'https://cdn-media.medialabtc.it/es/agencies/mdaea/estates/619579/images/8956177/gallery_media.jpeg', 'https://cdn-media.medialabtc.it/es/agencies/mdaea/estates/619579/images/8956174/gallery_media.jpeg', 'https://cdn-media.medialabtc.it/es/agencies/mdaea/estates/619579/images/8956237/gallery_media.jpeg', 'https://cdn-media.medialabtc.it/es/agencies/mdaea/estates/619579/images/8956225/gallery_media.jpeg', 'https://cdn-media.medialabtc.it/es/agencies/mdaea/estates/619579/images/8956178/gallery_media.jpeg', 'https://cdn-media.medialabtc.it/es/agencies/mdaea/estates/619579/images/8956170/gallery_media.jpeg', 'https://cdn-media.medialabtc.it/es/agencies/mdaea/estates/619579/images/8956227/gallery_media.jpeg', 'https://cdn-media.medialabtc.it/es/agencies/mdaea/estates/619579/images/8956180/gallery_media.jpeg', 'https://cdn-media.medialabtc.it/es/agencies/mdaea/estates/619579/images/8956235/gallery_media.jpeg', 'https://cdn-media.medialabtc.it/es/agencies/mdaea/estates/619579/images/8956171/gallery_media.jpeg', 'https://cdn-media.medialabtc.it/es/agencies/mdaea/estates/619579/images/8956236/gallery_media.jpeg', 'https://cdn-media.medialabtc.it/es/agencies/mdaea/estates/619579/images/8956231/gallery_media.jpeg', 'https://cdn-media.medialabtc.it/es/agencies/mdaea/estates/619579/images/8956226/gallery_media.jpeg', 'https://cdn-media.medialabtc.it/es/agencies/mdaea/estates/619579/images/8956173/gallery_media.jpeg', 'https://cdn-media.medialabtc.it/es/agencies/mdaea/estates/619579/images/8956234/gallery_media.jpeg', 'https://cdn-media.medialabtc.it/es/agencies/mdaea/estates/619579/images/8956233/gallery_media.jpeg', 'https://cdn-media.medialabtc.it/es/agencies/mdaea/estates/619579/images/8956224/gallery_media.jpeg', 'https://cdn-media.medialabtc.it/es/agencies/mdaea/estates/619579/images/8956172/gallery_media.jpeg', 'https://cdn-media.medialabtc.it/es/agencies/mdaea/estates/619579/images/8956222/gallery_media.jpeg', 'https://cdn-media.medialabtc.it/es/agencies/mdaea/estates/619579/images/8956179/gallery_media.jpeg', 'https://cdn-media.medialabtc.it/es/agencies/mdaea/estates/619579/images/8956176/gallery_media.jpeg', 'https://cdn-media.medialabtc.it/es/agencies/mdaea/estates/619579/images/8956223/gallery_media.jpeg', 'https://cdn-media.medialabtc.it/es/agencies/mdaea/estates/619579/images/8955711/gallery_media.jpeg']",0,Buen estado,0,0,0,0,1,E,0,0,"['imagenes_tecnocasa\\anuncio_78\\0.jpeg', 'imagenes_tecnocasa\\anuncio_78\\1.jpeg', 'imagenes_tecnocasa\\anuncio_78\\2.jpeg', 'imagenes_tecnocasa\\anuncio_78\\3.jpeg', 'imagenes_tecnocasa\\anuncio_78\\4.jpeg', 'imagenes_tecnocasa\\anuncio_78\\5.jpeg', 'imagenes_tecnocasa\\anuncio_78\\6.jpeg', 'imagenes_tecnocasa\\anuncio_78\\7.jpeg', 'imagenes_tecnocasa\\anuncio_78\\8.jpeg', 'imagenes_tecnocasa\\anuncio_78\\9.jpeg', 'imagenes_tecnocasa\\anuncio_78\\10.jpeg', 'imagenes_tecnocasa\\anuncio_78\\11.jpeg', 'imagenes_tecnocasa\\anuncio_78\\12.jpeg', 'imagenes_tecnocasa\\anuncio_78\\13.jpeg', 'imagenes_tecnocasa\\anuncio_78\\14.jpeg', 'imagenes_tecnocasa\\anuncio_78\\15.jpeg', 'imagenes_tecnocasa\\anuncio_78\\16.jpeg', 'imagenes_tecnocasa\\anuncio_78\\17.jpeg', 'imagenes_tecnocasa\\anuncio_78\\18.jpeg', 'imagenes_tecnocasa\\anuncio_78\\19.jpeg', 'imagenes_tecnocasa\\anuncio_78\\20.jpeg', 'imagenes_tecnocasa\\anuncio_78\\21.jpeg', 'imagenes_tecnocasa\\anuncio_78\\22.jpeg', 'imagenes_tecnocasa\\anuncio_78\\23.jpeg', 'imagenes_tecnocasa\\anuncio_78\\24.jpeg', 'imagenes_tecnocasa\\anuncio_78\\25.jpeg', 'imagenes_tecnocasa\\anuncio_78\\26.jpeg', 'imagenes_tecnocasa\\anuncio_78\\27.jpeg', 'imagenes_tecnocasa\\anuncio_78\\28.jpeg']",0,Media,1930,1,0,1,piso,1,Aravaca,"Moncloa - Aravaca, Argüelles - Casa De Campo, Madrid",40.457749,-3.7827941,78,8142.857142857143,127.0,98.0,0.1,0.4,0.0,0.0,parquet,pintura,corredera,estándar (2.4-2.8m),nada,4.2,3.6,convencional,"['#F2E9E1', '#A0522D', '#FFFFFF']",buena,False,convencional,normal,ninguno,ninguno,estándar,básica,ninguno,7.6,6.6,ninguna,5
https://www.tecnocasa.es/venta/piso/madrid/madrid/616789.html,315000.0,2,57.0,1,"Agencia inmobiliaria de MADRID zona ARGUELLES - PLAZA ESPAÑA - CONDE DUQUE Oficina Tecnocasa
EN VENTA:
Apartamento reformado de dos dormitorios, salón, cocina americana y cuarto de baño con plato de ducha. Cuenta con un amplio patio uso y disfrute exclusivo, que es un complemento perfecto para este tipo de vivienda.
La vivienda es ideal, por su tipología y ubicación, para inversión en la zona, que cuenta con perfiles de estudiantes y jóvenes trabajadores.
La finca tiene portero físico y la vivienda cuenta con gas natural.
Se ubica en el barrio de Argüelles, distrito Moncloa, en un enclave privilegiado junto a la Plaza de España y el intercambiador de Príncipe Pio, con Cercanías Renfe, líneas de metro 6 y 10, y ramal Ópera-Príncipe Pi. A un extremo de la calle, tenemos el Templo de Debod y el parque del Oeste. Al otro, salimos a los Jardines del Campo del Moro y el Palacio Real. La comunicaciones y servicios de la zona son inmejorables.",1,1,1,1,1,1,0,1,1,1,"['https://cdn-media.medialabtc.it/es/agencies/mdaea/estates/616789/images/8879511/gallery_media.jpeg', 'https://cdn-media.medialabtc.it/es/agencies/mdaea/estates/616789/images/8879506/gallery_media.jpeg', 'https://cdn-media.medialabtc.it/es/agencies/mdaea/estates/616789/images/8879504/gallery_media.jpeg', 'https://cdn-media.medialabtc.it/es/agencies/mdaea/estates/616789/images/8879507/gallery_media.jpeg', 'https://cdn-media.medialabtc.it/es/agencies/mdaea/estates/616789/images/8879505/gallery_media.jpeg', 'https://cdn-media.medialabtc.it/es/agencies/mdaea/estates/616789/images/8879512/gallery_media.jpeg', 'https://cdn-media.medialabtc.it/es/agencies/mdaea/estates/616789/images/8879488/gallery_media.jpeg', 'https://cdn-media.medialabtc.it/es/agencies/mdaea/estates/616789/images/8881428/gallery_media.jpeg', 'https://cdn-media.medialabtc.it/es/agencies/mdaea/estates/616789/images/8879498/gallery_media.jpeg', 'https://cdn-media.medialabtc.it/es/agencies/mdaea/estates/616789/images/8879500/gallery_media.jpeg', 'https://cdn-media.medialabtc.it/es/agencies/mdaea/estates/616789/images/8879491/gallery_media.jpeg', 'https://cdn-media.medialabtc.it/es/agencies/mdaea/estates/616789/images/8879489/gallery_media.jpeg', 'https://cdn-media.medialabtc.it/es/agencies/mdaea/estates/616789/images/8879502/gallery_media.jpeg', 'https://cdn-media.medialabtc.it/es/agencies/mdaea/estates/616789/images/8879497/gallery_media.jpeg', 'https://cdn-media.medialabtc.it/es/agencies/mdaea/estates/616789/images/8879508/gallery_media.jpeg', 'https://cdn-media.medialabtc.it/es/agencies/mdaea/estates/616789/images/8879499/gallery_media.jpeg', 'https://cdn-media.medialabtc.it/es/agencies/mdaea/estates/616789/images/8879501/gallery_media.jpeg', 'https://cdn-media.medialabtc.it/es/agencies/mdaea/estates/616789/images/8879509/gallery_media.jpeg', 'https://cdn-media.medialabtc.it/es/agencies/mdaea/estates/616789/images/8879493/gallery_media.jpeg', 'https://cdn-media.medialabtc.it/es/agencies/mdaea/estates/616789/images/8879495/gallery_media.jpeg', 'https://cdn-media.medialabtc.it/es/agencies/mdaea/estates/616789/images/8879513/gallery_media.jpeg', 'https://cdn-media.medialabtc.it/es/agencies/mdaea/estates/616789/images/8879510/gallery_media.jpeg', 'https://cdn-media.medialabtc.it/es/agencies/mdaea/estates/616789/images/8879503/gallery_media.jpeg', 'https://cdn-media.medialabtc.it/es/agencies/mdaea/estates/616789/images/8879496/gallery_media.jpeg', 'https://cdn-media.medialabtc.it/es/agencies/mdaea/estates/616789/images/8879494/gallery_media.jpeg', 'https://cdn-media.medialabtc.it/es/agencies/mdaea/estates/616789/images/8879492/gallery_media.jpeg']",0,Reformado,0,0,0,0,1,E,0,0,"['imagenes_tecnocasa\\anuncio_79\\0.jpeg', 'imagenes_tecnocasa\\anuncio_79\\1.jpeg', 'imagenes_tecnocasa\\anuncio_79\\2.jpeg', 'imagenes_tecnocasa\\anuncio_79\\3.jpeg', 'imagenes_tecnocasa\\anuncio_79\\4.jpeg', 'imagenes_tecnocasa\\anuncio_79\\5.jpeg', 'imagenes_tecnocasa\\anuncio_79\\6.jpeg', 'imagenes_tecnocasa\\anuncio_79\\7.jpeg', 'imagenes_tecnocasa\\anuncio_79\\8.jpeg', 'imagenes_tecnocasa\\anuncio_79\\9.jpeg', 'imagenes_tecnocasa\\anuncio_79\\10.jpeg', 'imagenes_tecnocasa\\anuncio_79\\11.jpeg', 'imagenes_tecnocasa\\anuncio_79\\12.jpeg', 'imagenes_tecnocasa\\anuncio_79\\13.jpeg', 'imagenes_tecnocasa\\anuncio_79\\14.jpeg', 'imagenes_tecnocasa\\anuncio_79\\15.jpeg', 'imagenes_tecnocasa\\anuncio_79\\16.jpeg', 'imagenes_tecnocasa\\anuncio_79\\17.jpeg', 'imagenes_tecnocasa\\anuncio_79\\18.jpeg', 'imagenes_tecnocasa\\anuncio_79\\19.jpeg', 'imagenes_tecnocasa\\anuncio_79\\20.jpeg', 'imagenes_tecnocasa\\anuncio_79\\21.jpeg', 'imagenes_tecnocasa\\anuncio_79\\22.jpeg', 'imagenes_tecnocasa\\anuncio_79\\23.jpeg', 'imagenes_tecnocasa\\anuncio_79\\24.jpeg', 'imagenes_tecnocasa\\anuncio_79\\25.jpeg']",1,Media,1930,0,0,0,piso,0,Aravaca,"Moncloa - Aravaca, Argüelles - Casa De Campo, Madrid",40.457749,-3.7827941,79,5526.315789473684,163.0,112.0,0.39999999999999997,0.5666666666666667,3.0,0.0,parquet,pintura,corredera,estándar (2.4-2.8m),nada,4.2,4.8,moderno,"['#F2F2F2', '#A9A9A9', '#FFFFFF']",regular,True,convencional,limitado,ninguno,ninguno,estándar,básica,ninguno,7.8,6.8,ninguna,5
https://www.tecnocasa.es/venta/piso/madrid/madrid/616787.html,240000.0,2,50.0,1,"Agencia inmobiliaria de MADRID zona ARGUELLES - PLAZA ESPAÑA - CONDE DUQUE Oficina Tecnocasa
EN VENTA:
RESERVADO. OPORTUNIDAD DE INVERSIÓN. Vivienda en la C/Arriaza, de 50m2 de dos dormitorios, salón, cocina independiente, cuarto de baño y patio privado.
La vivienda se encuentra a reformar con grandes posibilidades de redistribución gracias a la ausencia de muros de carga.
Destacamos de la vivienda su ubicación y el alto grado de demanda en arrendamiento, debido a la cercanía a la Estación de Principe Pío y del centro de la ciudad (junto a C/Gran Vía, C/Princesa, Plaza España. )
Todas las estancias tienen ventana.
Finca en muy buen estado, con portero físico, sin derramas.
Se ubica en el barrio de Argüelles, distrito Moncloa, en un enclave privilegiado junto a la Plaza de España y el intercambiador de Príncipe Pio, con Cercanías Renfe, líneas de metro 6 y 10, y ramal Ópera-Príncipe Pi. A un extremo de la calle, tenemos el Templo de Debod y el parque del Oeste. Al otro, salimos a los Jardines del Campo del Moro y el Palacio Real. La comunicaciones y servicios de la zona son inmejorables.",1,1,1,1,1,1,0,1,1,1,"['https://cdn-media.medialabtc.it/es/agencies/mdaea/estates/616787/images/8879310/gallery_media.jpeg', 'https://cdn-media.medialabtc.it/es/agencies/mdaea/estates/616787/images/8879301/gallery_media.jpeg', 'https://cdn-media.medialabtc.it/es/agencies/mdaea/estates/616787/images/8879294/gallery_media.jpeg', 'https://cdn-media.medialabtc.it/es/agencies/mdaea/estates/616787/images/8879286/gallery_media.jpeg', 'https://cdn-media.medialabtc.it/es/agencies/mdaea/estates/616787/images/8879305/gallery_media.jpeg', 'https://cdn-media.medialabtc.it/es/agencies/mdaea/estates/616787/images/8879288/gallery_media.jpeg', 'https://cdn-media.medialabtc.it/es/agencies/mdaea/estates/616787/images/8879287/gallery_media.jpeg', 'https://cdn-media.medialabtc.it/es/agencies/mdaea/estates/616787/images/8879308/gallery_media.jpeg', 'https://cdn-media.medialabtc.it/es/agencies/mdaea/estates/616787/images/8879282/gallery_media.jpeg', 'https://cdn-media.medialabtc.it/es/agencies/mdaea/estates/616787/images/8879283/gallery_media.jpeg', 'https://cdn-media.medialabtc.it/es/agencies/mdaea/estates/616787/images/8879299/gallery_media.jpeg', 'https://cdn-media.medialabtc.it/es/agencies/mdaea/estates/616787/images/8879306/gallery_media.jpeg', 'https://cdn-media.medialabtc.it/es/agencies/mdaea/estates/616787/images/8879291/gallery_media.jpeg', 'https://cdn-media.medialabtc.it/es/agencies/mdaea/estates/616787/images/8879297/gallery_media.jpeg', 'https://cdn-media.medialabtc.it/es/agencies/mdaea/estates/616787/images/8879304/gallery_media.jpeg', 'https://cdn-media.medialabtc.it/es/agencies/mdaea/estates/616787/images/8879307/gallery_media.jpeg', 'https://cdn-media.medialabtc.it/es/agencies/mdaea/estates/616787/images/8879284/gallery_media.jpeg', 'https://cdn-media.medialabtc.it/es/agencies/mdaea/estates/616787/images/8879300/gallery_media.jpeg', 'https://cdn-media.medialabtc.it/es/agencies/mdaea/estates/616787/images/8881370/gallery_media.jpeg', 'https://cdn-media.medialabtc.it/es/agencies/mdaea/estates/616787/images/8879289/gallery_media.jpeg', 'https://cdn-media.medialabtc.it/es/agencies/mdaea/estates/616787/images/8879298/gallery_media.jpeg', 'https://cdn-media.medialabtc.it/es/agencies/mdaea/estates/616787/images/8879303/gallery_media.jpeg', 'https://cdn-media.medialabtc.it/es/agencies/mdaea/estates/616787/images/8879285/gallery_media.jpeg', 'https://cdn-media.medialabtc.it/es/agencies/mdaea/estates/616787/images/8879309/gallery_media.jpeg', 'https://cdn-media.medialabtc.it/es/agencies/mdaea/estates/616787/images/8879293/gallery_media.jpeg', 'https://cdn-media.medialabtc.it/es/agencies/mdaea/estates/616787/images/8879302/gallery_media.jpeg', 'https://cdn-media.medialabtc.it/es/agencies/mdaea/estates/616787/images/8879292/gallery_media.jpeg', 'https://cdn-media.medialabtc.it/es/agencies/mdaea/estates/616787/images/8879295/gallery_media.jpeg', 'https://cdn-media.medialabtc.it/es/agencies/mdaea/estates/616787/images/8879296/gallery_media.jpeg']",0,A reformar,0,0,0,0,1,E,0,0,"['imagenes_tecnocasa\\anuncio_80\\0.jpeg', 'imagenes_tecnocasa\\anuncio_80\\1.jpeg', 'imagenes_tecnocasa\\anuncio_80\\2.jpeg', 'imagenes_tecnocasa\\anuncio_80\\3.jpeg', 'imagenes_tecnocasa\\anuncio_80\\4.jpeg', 'imagenes_tecnocasa\\anuncio_80\\5.jpeg', 'imagenes_tecnocasa\\anuncio_80\\6.jpeg', 'imagenes_tecnocasa\\anuncio_80\\7.jpeg', 'imagenes_tecnocasa\\anuncio_80\\8.jpeg', 'imagenes_tecnocasa\\anuncio_80\\9.jpeg', 'imagenes_tecnocasa\\anuncio_80\\10.jpeg', 'imagenes_tecnocasa\\anuncio_80\\11.jpeg', 'imagenes_tecnocasa\\anuncio_80\\12.jpeg', 'imagenes_tecnocasa\\anuncio_80\\13.jpeg', 'imagenes_tecnocasa\\anuncio_80\\14.jpeg', 'imagenes_tecnocasa\\anuncio_80\\15.jpeg', 'imagenes_tecnocasa\\anuncio_80\\16.jpeg', 'imagenes_tecnocasa\\anuncio_80\\17.jpeg', 'imagenes_tecnocasa\\anuncio_80\\18.jpeg', 'imagenes_tecnocasa\\anuncio_80\\19.jpeg', 'imagenes_tecnocasa\\anuncio_80\\20.jpeg', 'imagenes_tecnocasa\\anuncio_80\\21.jpeg', 'imagenes_tecnocasa\\anuncio_80\\22.jpeg', 'imagenes_tecnocasa\\anuncio_80\\23.jpeg', 'imagenes_tecnocasa\\anuncio_80\\24.jpeg', 'imagenes_tecnocasa\\anuncio_80\\25.jpeg', 'imagenes_tecnocasa\\anuncio_80\\26.jpeg', 'imagenes_tecnocasa\\anuncio_80\\27.jpeg', 'imagenes_tecnocasa\\anuncio_80\\28.jpeg']",0,Popular,1929,1,0,1,piso,0,Aravaca,"Moncloa - Aravaca, Argüelles - Casa De Campo, Madrid",40.457749,-3.7827941,80,4800.0,187.0,128.0,0.2,0.30000000000000004,0.0,0.0,cerámica,pintura,corredera,estándar (2.4-2.8m),nada,3.4,2.8,clásico,"['#F5F5DC', '#FFFFFF', '#D3D3D3']",regular,False,convencional,limitado,ninguno,ninguno,básico,básica,ninguno,7.4,6.4,ninguna,5
https://www.tecnocasa.es/venta/piso/madrid/madrid/616182.html,850000.0,3,133.0,2,"Agencia inmobiliaria de MADRID zona ARGUELLES - PLAZA ESPAÑA - CONDE DUQUE Oficina Tecnocasa
EN VENTA:
Piso muy luminoso en primera planta exterior en un edificio señorial junto a Plaza de España, en la residencial C/Cadarso.
El inmueble necesita una reforma integral y actualmente consta de tres dormitorios, espacioso salón, cocina independiente, dos cuartos de baño, amplio hall y patio de uso privativo.
No tiene muros de carga por lo que las posibilidades de redistribución son muy amplias
La finca cuenta con ascensor, portero físico y calefacción central.
Está situado en una zona excepcional, junto al Templo de Debod, Parque del Oeste, Palacio Real y Jardines de Sabatini.
Calle muy tranquila, sin ruidos, bien comunicado por varias líneas de autobuses, estación de Cercanías Renfe Príncipe Pío a 3 minutos, Metro Plaza de España, Gran Vía y Princesa muy próximos.
Gran oferta de ocio en la zona, todo tipo de Comercios, Restaurantes, Cines y Teatros. Centro de Salud y Hospital cercanos.",1,1,1,1,1,1,0,1,1,1,"['https://cdn-media.medialabtc.it/es/agencies/mdaea/estates/616182/images/8863255/gallery_media.jpeg', 'https://cdn-media.medialabtc.it/es/agencies/mdaea/estates/616182/images/8863265/gallery_media.jpeg', 'https://cdn-media.medialabtc.it/es/agencies/mdaea/estates/616182/images/8863260/gallery_media.jpeg', 'https://cdn-media.medialabtc.it/es/agencies/mdaea/estates/616182/images/8863274/gallery_media.jpeg', 'https://cdn-media.medialabtc.it/es/agencies/mdaea/estates/616182/images/8863256/gallery_media.jpeg', 'https://cdn-media.medialabtc.it/es/agencies/mdaea/estates/616182/images/8863270/gallery_media.jpeg', 'https://cdn-media.medialabtc.it/es/agencies/mdaea/estates/616182/images/8863250/gallery_media.jpeg', 'https://cdn-media.medialabtc.it/es/agencies/mdaea/estates/616182/images/8863268/gallery_media.jpeg', 'https://cdn-media.medialabtc.it/es/agencies/mdaea/estates/616182/images/8863266/gallery_media.jpeg', 'https://cdn-media.medialabtc.it/es/agencies/mdaea/estates/616182/images/8863249/gallery_media.jpeg', 'https://cdn-media.medialabtc.it/es/agencies/mdaea/estates/616182/images/8863264/gallery_media.jpeg', 'https://cdn-media.medialabtc.it/es/agencies/mdaea/estates/616182/images/8863251/gallery_media.jpeg', 'https://cdn-media.medialabtc.it/es/agencies/mdaea/estates/616182/images/8863261/gallery_media.jpeg', 'https://cdn-media.medialabtc.it/es/agencies/mdaea/estates/616182/images/8863271/gallery_media.jpeg', 'https://cdn-media.medialabtc.it/es/agencies/mdaea/estates/616182/images/8863273/gallery_media.jpeg', 'https://cdn-media.medialabtc.it/es/agencies/mdaea/estates/616182/images/8863259/gallery_media.jpeg', 'https://cdn-media.medialabtc.it/es/agencies/mdaea/estates/616182/images/8863263/gallery_media.jpeg', 'https://cdn-media.medialabtc.it/es/agencies/mdaea/estates/616182/images/8863254/gallery_media.jpeg', 'https://cdn-media.medialabtc.it/es/agencies/mdaea/estates/616182/images/8863262/gallery_media.jpeg', 'https://cdn-media.medialabtc.it/es/agencies/mdaea/estates/616182/images/8863252/gallery_media.jpeg', 'https://cdn-media.medialabtc.it/es/agencies/mdaea/estates/616182/images/8863267/gallery_media.jpeg', 'https://cdn-media.medialabtc.it/es/agencies/mdaea/estates/616182/images/8863272/gallery_media.jpeg', 'https://cdn-media.medialabtc.it/es/agencies/mdaea/estates/616182/images/8863247/gallery_media.jpeg', 'https://cdn-media.medialabtc.it/es/agencies/mdaea/estates/616182/images/8863275/gallery_media.jpeg', 'https://cdn-media.medialabtc.it/es/agencies/mdaea/estates/616182/images/8863248/gallery_media.jpeg', 'https://cdn-media.medialabtc.it/es/agencies/mdaea/estates/616182/images/8863257/gallery_media.jpeg', 'https://cdn-media.medialabtc.it/es/agencies/mdaea/estates/616182/images/8863269/gallery_media.jpeg', 'https://cdn-media.medialabtc.it/es/agencies/mdaea/estates/616182/images/8863258/gallery_media.jpeg', 'https://cdn-media.medialabtc.it/es/agencies/mdaea/estates/616182/images/8863253/gallery_media.jpeg']",0,Desconocido,0,0,0,0,1,D,0,0,"['imagenes_tecnocasa\\anuncio_81\\0.jpeg', 'imagenes_tecnocasa\\anuncio_81\\1.jpeg', 'imagenes_tecnocasa\\anuncio_81\\2.jpeg', 'imagenes_tecnocasa\\anuncio_81\\3.jpeg', 'imagenes_tecnocasa\\anuncio_81\\4.jpeg', 'imagenes_tecnocasa\\anuncio_81\\5.jpeg', 'imagenes_tecnocasa\\anuncio_81\\6.jpeg', 'imagenes_tecnocasa\\anuncio_81\\7.jpeg', 'imagenes_tecnocasa\\anuncio_81\\8.jpeg', 'imagenes_tecnocasa\\anuncio_81\\9.jpeg', 'imagenes_tecnocasa\\anuncio_81\\10.jpeg', 'imagenes_tecnocasa\\anuncio_81\\11.jpeg', 'imagenes_tecnocasa\\anuncio_81\\12.jpeg', 'imagenes_tecnocasa\\anuncio_81\\13.jpeg', 'imagenes_tecnocasa\\anuncio_81\\14.jpeg', 'imagenes_tecnocasa\\anuncio_81\\15.jpeg', 'imagenes_tecnocasa\\anuncio_81\\16.jpeg', 'imagenes_tecnocasa\\anuncio_81\\17.jpeg', 'imagenes_tecnocasa\\anuncio_81\\18.jpeg', 'imagenes_tecnocasa\\anuncio_81\\19.jpeg', 'imagenes_tecnocasa\\anuncio_81\\20.jpeg', 'imagenes_tecnocasa\\anuncio_81\\21.jpeg', 'imagenes_tecnocasa\\anuncio_81\\22.jpeg', 'imagenes_tecnocasa\\anuncio_81\\23.jpeg', 'imagenes_tecnocasa\\anuncio_81\\24.jpeg', 'imagenes_tecnocasa\\anuncio_81\\25.jpeg', 'imagenes_tecnocasa\\anuncio_81\\26.jpeg', 'imagenes_tecnocasa\\anuncio_81\\27.jpeg', 'imagenes_tecnocasa\\anuncio_81\\28.jpeg']",0,Media,1955,1,0,1,piso,1,Aravaca,"Moncloa - Aravaca, Argüelles - Casa De Campo, Madrid",40.457749,-3.7827941,81,6390.977443609023,160.0,123.0,0.1,0.275,2.0,0.0,parquet,pintura,corredera,estándar (2.4-2.8m),nada,4.6,2.6,clásico,"['#F2E9E1', '#A0522D', '#8B4513']",buena,False,convencional,normal,ninguno,ninguno,estándar,básica,ninguno,7.6,6.6,ninguna,5
https://www.tecnocasa.es/venta/piso/madrid/madrid/611829.html,399999.0,1,53.0,1,"Agencia inmobiliaria de MADRID zona ARGUELLES - PLAZA ESPAÑA - CONDE DUQUE Oficina Tecnocasa
EN VENTA:
RESERVADO. Ático exterior con terraza en Argüelles, junto a Plaza de España, Palacio Real y Príncipe Pio
La vivienda se sitúa en la sexta planta de un edificio moderno, en pleno Argüelles, con ascensor. Tiene un dormitorio, salón, cocina independiente y cuarto de baño, y una terraza de buen tamaño, con vista despejada.
Muy luminoso a prácticamente cualquier hora del día, al ser la última planta del edificio, exterior y con orientación suroeste.
Tiene calefacción central y aire acondicionado. Si se le hace una reforma integral, se puede redistribuir por completo, pero solo necesita un lavado de cara si no se quiere hacer una gran inversión.",1,1,1,1,1,1,0,1,1,1,"['https://cdn-media.medialabtc.it/es/agencies/mdaea/estates/611829/images/8776260/gallery_media.jpeg', 'https://cdn-media.medialabtc.it/es/agencies/mdaea/estates/611829/images/8776272/gallery_media.jpeg', 'https://cdn-media.medialabtc.it/es/agencies/mdaea/estates/611829/images/8776264/gallery_media.jpeg', 'https://cdn-media.medialabtc.it/es/agencies/mdaea/estates/611829/images/8776275/gallery_media.jpeg', 'https://cdn-media.medialabtc.it/es/agencies/mdaea/estates/611829/images/8776278/gallery_media.jpeg', 'https://cdn-media.medialabtc.it/es/agencies/mdaea/estates/611829/images/8776259/gallery_media.jpeg', 'https://cdn-media.medialabtc.it/es/agencies/mdaea/estates/611829/images/8776276/gallery_media.jpeg', 'https://cdn-media.medialabtc.it/es/agencies/mdaea/estates/611829/images/8776268/gallery_media.jpeg', 'https://cdn-media.medialabtc.it/es/agencies/mdaea/estates/611829/images/8776257/gallery_media.jpeg', 'https://cdn-media.medialabtc.it/es/agencies/mdaea/estates/611829/images/8776261/gallery_media.jpeg', 'https://cdn-media.medialabtc.it/es/agencies/mdaea/estates/611829/images/8776266/gallery_media.jpeg', 'https://cdn-media.medialabtc.it/es/agencies/mdaea/estates/611829/images/8767143/gallery_media.jpeg', 'https://cdn-media.medialabtc.it/es/agencies/mdaea/estates/611829/images/8776273/gallery_media.jpeg', 'https://cdn-media.medialabtc.it/es/agencies/mdaea/estates/611829/images/8776269/gallery_media.jpeg', 'https://cdn-media.medialabtc.it/es/agencies/mdaea/estates/611829/images/8776270/gallery_media.jpeg', 'https://cdn-media.medialabtc.it/es/agencies/mdaea/estates/611829/images/8776262/gallery_media.jpeg', 'https://cdn-media.medialabtc.it/es/agencies/mdaea/estates/611829/images/8776256/gallery_media.jpeg', 'https://cdn-media.medialabtc.it/es/agencies/mdaea/estates/611829/images/8776281/gallery_media.jpeg', 'https://cdn-media.medialabtc.it/es/agencies/mdaea/estates/611829/images/8776277/gallery_media.jpeg', 'https://cdn-media.medialabtc.it/es/agencies/mdaea/estates/611829/images/8776258/gallery_media.jpeg', 'https://cdn-media.medialabtc.it/es/agencies/mdaea/estates/611829/images/8776279/gallery_media.jpeg', 'https://cdn-media.medialabtc.it/es/agencies/mdaea/estates/611829/images/8767139/gallery_media.jpeg', 'https://cdn-media.medialabtc.it/es/agencies/mdaea/estates/611829/images/8776274/gallery_media.jpeg', 'https://cdn-media.medialabtc.it/es/agencies/mdaea/estates/611829/images/8776263/gallery_media.jpeg', 'https://cdn-media.medialabtc.it/es/agencies/mdaea/estates/611829/images/8776271/gallery_media.jpeg', 'https://cdn-media.medialabtc.it/es/agencies/mdaea/estates/611829/images/8776280/gallery_media.jpeg', 'https://cdn-media.medialabtc.it/es/agencies/mdaea/estates/611829/images/8776265/gallery_media.jpeg', 'https://cdn-media.medialabtc.it/es/agencies/mdaea/estates/611829/images/8776267/gallery_media.jpeg']",0,Desconocido,0,0,0,1,0,E,0,0,"['imagenes_tecnocasa\\anuncio_82\\0.jpeg', 'imagenes_tecnocasa\\anuncio_82\\1.jpeg', 'imagenes_tecnocasa\\anuncio_82\\2.jpeg', 'imagenes_tecnocasa\\anuncio_82\\3.jpeg', 'imagenes_tecnocasa\\anuncio_82\\4.jpeg', 'imagenes_tecnocasa\\anuncio_82\\5.jpeg', 'imagenes_tecnocasa\\anuncio_82\\6.jpeg', 'imagenes_tecnocasa\\anuncio_82\\7.jpeg', 'imagenes_tecnocasa\\anuncio_82\\8.jpeg', 'imagenes_tecnocasa\\anuncio_82\\9.jpeg', 'imagenes_tecnocasa\\anuncio_82\\10.jpeg', 'imagenes_tecnocasa\\anuncio_82\\11.jpeg', 'imagenes_tecnocasa\\anuncio_82\\12.jpeg', 'imagenes_tecnocasa\\anuncio_82\\13.jpeg', 'imagenes_tecnocasa\\anuncio_82\\14.jpeg', 'imagenes_tecnocasa\\anuncio_82\\15.jpeg', 'imagenes_tecnocasa\\anuncio_82\\16.jpeg', 'imagenes_tecnocasa\\anuncio_82\\17.jpeg', 'imagenes_tecnocasa\\anuncio_82\\18.jpeg', 'imagenes_tecnocasa\\anuncio_82\\19.jpeg', 'imagenes_tecnocasa\\anuncio_82\\20.jpeg', 'imagenes_tecnocasa\\anuncio_82\\21.jpeg', 'imagenes_tecnocasa\\anuncio_82\\22.jpeg', 'imagenes_tecnocasa\\anuncio_82\\23.jpeg', 'imagenes_tecnocasa\\anuncio_82\\24.jpeg', 'imagenes_tecnocasa\\anuncio_82\\25.jpeg', 'imagenes_tecnocasa\\anuncio_82\\26.jpeg', 'imagenes_tecnocasa\\anuncio_82\\27.jpeg']",1,Media,1920,1,0,1,piso,4,Aravaca,"Moncloa - Aravaca, Argüelles - Casa De Campo, Madrid",40.457749,-3.7827941,82,7547.1509433962265,122.0,92.0,0.1,0.275,2.0,0.0,otro,pintura,corredera,estándar (2.4-2.8m),nada,3.6,3.6,clásico,"['#A0522D', '#556B2F', '#D2B48C']",regular,False,convencional,limitado,ninguno,ninguno,estándar,básica,ninguno,7.6,6.6,ninguna,5
https://www.tecnocasa.es/venta/piso/madrid/madrid/583928.html,1000000.0,8,229.0,2,"Agencia inmobiliaria de MADRID zona ARGUELLES - PLAZA ESPAÑA - CONDE DUQUE Oficina Tecnocasa
EN VENTA:
Inmueble con cambio de uso a vivienda realizado. Anteriormente era un local comercial, actualmente el uso es de vivienda.
La propiedad en este momento se encuentra en bruto por lo que podrás dejar volar su imaginación y diseñar dos viviendas de principio a fin, controlando y gestionando todo el proceso. Ambas completamente ajustadas a sus necesidades y con un estilo y carácte únicos.
El inmueble cuenta con 229 m2 construidos, y dispone de acceso directo desde la calle y se distribuye en una planta baja, que conformaría la primera de las viviendas; y en una entreplanta que se convertiría en una segunda vivienda. La altura total del inmueble es de 5’22 m.
Ambas viviendas contarían con amplios y numerosos ventanales lo que las otorgaría de una gran luminosidad, además de una muy buena ventilación gracias a éstos. La distribución que se le podría otorgar a ambas viviendas constaría de espacios que gozarían de gran amplitud, debido a que la propiedad tiene varias columnas, pero no cuenta con muros de carga de por medio que dividan espacios.
Además la vivienda entreplanta contaría con acceso desde la vivienda a un amplio patio, al que podría acceder desde esta vivienda.
Se ubica en pleno distrito de Malasaña-Universidad, junto a calle Conde Duque y Plaza de España. Cercano a todo tipo de comunicaciones, como metros, autobuses urbanos e interurbanos, así como cercanías Renfe, en los intercambiadores de la zona.",1,1,1,1,1,1,1,1,1,1,"['https://cdn-media.medialabtc.it/es/agencies/mdaea/estates/583928/images/8145016/gallery_media.jpeg', 'https://cdn-media.medialabtc.it/es/agencies/mdaea/estates/583928/images/8145038/gallery_media.jpeg', 'https://cdn-media.medialabtc.it/es/agencies/mdaea/estates/583928/images/8139013/gallery_media.jpeg', 'https://cdn-media.medialabtc.it/es/agencies/mdaea/estates/583928/images/8145024/gallery_media.jpeg', 'https://cdn-media.medialabtc.it/es/agencies/mdaea/estates/583928/images/8139008/gallery_media.jpeg', 'https://cdn-media.medialabtc.it/es/agencies/mdaea/estates/583928/images/8145014/gallery_media.jpeg', 'https://cdn-media.medialabtc.it/es/agencies/mdaea/estates/583928/images/8145043/gallery_media.jpeg', 'https://cdn-media.medialabtc.it/es/agencies/mdaea/estates/583928/images/8145015/gallery_media.jpeg', 'https://cdn-media.medialabtc.it/es/agencies/mdaea/estates/583928/images/8145042/gallery_media.jpeg', 'https://cdn-media.medialabtc.it/es/agencies/mdaea/estates/583928/images/8139011/gallery_media.jpeg', 'https://cdn-media.medialabtc.it/es/agencies/mdaea/estates/583928/images/8145039/gallery_media.jpeg', 'https://cdn-media.medialabtc.it/es/agencies/mdaea/estates/583928/images/8145013/gallery_media.jpeg', 'https://cdn-media.medialabtc.it/es/agencies/mdaea/estates/583928/images/8145012/gallery_media.jpeg', 'https://cdn-media.medialabtc.it/es/agencies/mdaea/estates/583928/images/8139009/gallery_media.jpeg', 'https://cdn-media.medialabtc.it/es/agencies/mdaea/estates/583928/images/8145040/gallery_media.jpeg', 'https://cdn-media.medialabtc.it/es/agencies/mdaea/estates/583928/images/8145037/gallery_media.jpeg', 'https://cdn-media.medialabtc.it/es/agencies/mdaea/estates/583928/images/8139010/gallery_media.jpeg', 'https://cdn-media.medialabtc.it/es/agencies/mdaea/estates/583928/images/8139007/gallery_media.jpeg', 'https://cdn-media.medialabtc.it/es/agencies/mdaea/estates/583928/images/8145025/gallery_media.jpeg', 'https://cdn-media.medialabtc.it/es/agencies/mdaea/estates/583928/images/8139012/gallery_media.jpeg', 'https://cdn-media.medialabtc.it/es/agencies/mdaea/estates/583928/images/8145041/gallery_media.jpeg']",0,Desconocido,0,0,0,0,0,Desconocida,0,0,"['imagenes_tecnocasa\\anuncio_84\\0.jpeg', 'imagenes_tecnocasa\\anuncio_84\\1.jpeg', 'imagenes_tecnocasa\\anuncio_84\\2.jpeg', 'imagenes_tecnocasa\\anuncio_84\\3.jpeg', 'imagenes_tecnocasa\\anuncio_84\\4.jpeg', 'imagenes_tecnocasa\\anuncio_84\\5.jpeg', 'imagenes_tecnocasa\\anuncio_84\\6.jpeg', 'imagenes_tecnocasa\\anuncio_84\\7.jpeg', 'imagenes_tecnocasa\\anuncio_84\\8.jpeg', 'imagenes_tecnocasa\\anuncio_84\\9.jpeg', 'imagenes_tecnocasa\\anuncio_84\\10.jpeg', 'imagenes_tecnocasa\\anuncio_84\\11.jpeg', 'imagenes_tecnocasa\\anuncio_84\\12.jpeg', 'imagenes_tecnocasa\\anuncio_84\\13.jpeg', 'imagenes_tecnocasa\\anuncio_84\\14.jpeg', 'imagenes_tecnocasa\\anuncio_84\\15.jpeg', 'imagenes_tecnocasa\\anuncio_84\\16.jpeg', 'imagenes_tecnocasa\\anuncio_84\\17.jpeg', 'imagenes_tecnocasa\\anuncio_84\\18.jpeg', 'imagenes_tecnocasa\\anuncio_84\\19.jpeg', 'imagenes_tecnocasa\\anuncio_84\\20.jpeg']",0,Popular,1969,0,0,1,piso,0,Aravaca,"Moncloa - Aravaca, Argüelles - Casa De Campo, Madrid",40.457749,-3.7827941,84,4366.812227074236,251.0,158.0,0.0,0.375,1.0,0.0,otro,pintura,fija,estándar (2.4-2.8m),nada,3.0,2.0,otro,"['#000000', '#808080', '#555555']",regular,False,convencional,limitado,ninguno,ninguno,básico,básica,ninguno,6.0,6.0,ninguna,5
https://www.tecnocasa.es/venta/piso/madrid/alcala-de-henares/608332.html,310000.0,4,123.0,2,"AGENCIA INMOBILIARIA DE ALCALÁ DE HENARES, OFICINA DE TECNOCASA VENDE EXCELENTE PISO REFORMADO EN IVIASA - CHORRILLO.

La zona destaca por su cómoda accesibilidad desde la Nacional A-2, además cuenta con numerosas paradas de autobús urbano e interurbano, y la estación de Alcalá de henares a sólo 15 minutos andando.

La vivienda cuenta con una superficie de 123 m2 aproximadamente, y está distribuida en:

Hall de entrada con armarios empotrados, cocina amueblada y equipada con la terraza tendedero acristalada e incluida a la cocina, gran salón comedor independiente con acceso a una amplia y agradable terraza, cuatro dormitorios amplios, todos ellos con armarios empotrados y dos baños completos, con plato de ducha y uno en suite con el dormitorio principal con bañera.

La vivienda está recientemente reformada, contando con numerosas mejoras, como la carpintería exterior de aluminio climalit, suelos de tarima, cocina y baños reformados completamente, contando también con varias zonas de iluminación personalizada. La vivienda cuenta con toldos en la terraza exterior.

La finca cuenta con ascensor y calefacción central.

Además tiene posibilidad de acceso a zonas deportivas y PISCINA DE IVIASA.

NO LO DUDE Y LLÁMENOS PARA VISITARLO!

Y RECUERDE QUE PODEMOS CONSEGUIR HASTA EL 100% DE FINANCIACIÓN CON NUESTRO DEPARTAMENTO FINANCIERO KIRON.",0,1,1,1,0,1,0,1,1,1,"['https://cdn-media.medialabtc.it/es/agencies/md527/estates/608332/images/8704618/gallery_media.jpeg', 'https://cdn-media.medialabtc.it/es/agencies/md527/estates/608332/images/8704378/gallery_media.jpeg', 'https://cdn-media.medialabtc.it/es/agencies/md527/estates/608332/images/8704616/gallery_media.jpeg', 'https://cdn-media.medialabtc.it/es/agencies/md527/estates/608332/images/8704409/gallery_media.jpeg', 'https://cdn-media.medialabtc.it/es/agencies/md527/estates/608332/images/8704417/gallery_media.jpeg', 'https://cdn-media.medialabtc.it/es/agencies/md527/estates/608332/images/8704375/gallery_media.jpeg', 'https://cdn-media.medialabtc.it/es/agencies/md527/estates/608332/images/8704370/gallery_media.jpeg', 'https://cdn-media.medialabtc.it/es/agencies/md527/estates/608332/images/8704380/gallery_media.jpeg', 'https://cdn-media.medialabtc.it/es/agencies/md527/estates/608332/images/8704416/gallery_media.jpeg', 'https://cdn-media.medialabtc.it/es/agencies/md527/estates/608332/images/8704381/gallery_media.jpeg', 'https://cdn-media.medialabtc.it/es/agencies/md527/estates/608332/images/8704406/gallery_media.jpeg', 'https://cdn-media.medialabtc.it/es/agencies/md527/estates/608332/images/8704407/gallery_media.jpeg', 'https://cdn-media.medialabtc.it/es/agencies/md527/estates/608332/images/8704369/gallery_media.jpeg', 'https://cdn-media.medialabtc.it/es/agencies/md527/estates/608332/images/8704379/gallery_media.jpeg', 'https://cdn-media.medialabtc.it/es/agencies/md527/estates/608332/images/8704376/gallery_media.jpeg', 'https://cdn-media.medialabtc.it/es/agencies/md527/estates/608332/images/8704368/gallery_media.jpeg', 'https://cdn-media.medialabtc.it/es/agencies/md527/estates/608332/images/8704402/gallery_media.jpeg', 'https://cdn-media.medialabtc.it/es/agencies/md527/estates/608332/images/8704405/gallery_media.jpeg', 'https://cdn-media.medialabtc.it/es/agencies/md527/estates/608332/images/8704412/gallery_media.jpeg', 'https://cdn-media.medialabtc.it/es/agencies/md527/estates/608332/images/8704415/gallery_media.jpeg', 'https://cdn-media.medialabtc.it/es/agencies/md527/estates/608332/images/8704410/gallery_media.jpeg', 'https://cdn-media.medialabtc.it/es/agencies/md527/estates/608332/images/8704372/gallery_media.jpeg', 'https://cdn-media.medialabtc.it/es/agencies/md527/estates/608332/images/8704411/gallery_media.jpeg', 'https://cdn-media.medialabtc.it/es/agencies/md527/estates/608332/images/8704377/gallery_media.jpeg', 'https://cdn-media.medialabtc.it/es/agencies/md527/estates/608332/images/8704373/gallery_media.jpeg', 'https://cdn-media.medialabtc.it/es/agencies/md527/estates/608332/images/8704403/gallery_media.jpeg', 'https://cdn-media.medialabtc.it/es/agencies/md527/estates/608332/images/8704413/gallery_media.jpeg', 'https://cdn-media.medialabtc.it/es/agencies/md527/estates/608332/images/8704414/gallery_media.jpeg', 'https://cdn-media.medialabtc.it/es/agencies/md527/estates/608332/images/8704408/gallery_media.jpeg', 'https://cdn-media.medialabtc.it/es/agencies/md527/estates/608332/images/8704374/gallery_media.jpeg']",0,Reformado,0,0,1,1,0,E,0,0,"['imagenes_tecnocasa\\anuncio_86\\0.jpeg', 'imagenes_tecnocasa\\anuncio_86\\1.jpeg', 'imagenes_tecnocasa\\anuncio_86\\2.jpeg', 'imagenes_tecnocasa\\anuncio_86\\3.jpeg', 'imagenes_tecnocasa\\anuncio_86\\4.jpeg', 'imagenes_tecnocasa\\anuncio_86\\5.jpeg', 'imagenes_tecnocasa\\anuncio_86\\6.jpeg', 'imagenes_tecnocasa\\anuncio_86\\7.jpeg', 'imagenes_tecnocasa\\anuncio_86\\8.jpeg', 'imagenes_tecnocasa\\anuncio_86\\9.jpeg', 'imagenes_tecnocasa\\anuncio_86\\10.jpeg', 'imagenes_tecnocasa\\anuncio_86\\11.jpeg', 'imagenes_tecnocasa\\anuncio_86\\12.jpeg', 'imagenes_tecnocasa\\anuncio_86\\13.jpeg', 'imagenes_tecnocasa\\anuncio_86\\14.jpeg', 'imagenes_tecnocasa\\anuncio_86\\15.jpeg', 'imagenes_tecnocasa\\anuncio_86\\16.jpeg', 'imagenes_tecnocasa\\anuncio_86\\17.jpeg', 'imagenes_tecnocasa\\anuncio_86\\18.jpeg', 'imagenes_tecnocasa\\anuncio_86\\19.jpeg', 'imagenes_tecnocasa\\anuncio_86\\20.jpeg', 'imagenes_tecnocasa\\anuncio_86\\21.jpeg', 'imagenes_tecnocasa\\anuncio_86\\22.jpeg', 'imagenes_tecnocasa\\anuncio_86\\23.jpeg', 'imagenes_tecnocasa\\anuncio_86\\24.jpeg', 'imagenes_tecnocasa\\anuncio_86\\25.jpeg', 'imagenes_tecnocasa\\anuncio_86\\26.jpeg', 'imagenes_tecnocasa\\anuncio_86\\27.jpeg', 'imagenes_tecnocasa\\anuncio_86\\28.jpeg', 'imagenes_tecnocasa\\anuncio_86\\29.jpeg']",1,Media,1979,0,0,0,piso,3,Alcalá de Henares,"Chorrillo, Alcalá De Henares",40.481954,-3.363981,86,2520.3252032520327,205.0,142.0,0.0,0.25,2.0,0.0,parquet,pintura,corredera,estándar (2.4-2.8m),nada,3.6,4.2,convencional,"['#A0522D', '#D3D3D3', '#808080']",regular,False,convencional,normal,ninguno,ninguno,estándar,básica,ninguno,7.0,6.0,ninguna,5
https://www.tecnocasa.es/venta/piso/madrid/ciempozuelos/622117.html,220500.0,4,115.0,2,"Agencia inmobiliaria de Ciempozuelos, Tecnocasa Estudio Ciempozuelos SL.
La vivienda se encuentra distribuida en recibidor, cocina, salón-comedor con acceso a una amplia terraza y a un dormitorio, un pasillo desde el que accedemos a 3 habitaciones, dos de ellas con armarios empotrados, y dos baño completos, uno de ellos en suite.
Ubicado en una de las mejores zonas de Ciempozuelos, este piso te brinda la tranquilidad de un barrio consolidado y todos los servicios a tu alcance. A menos de 5 minutos andando de la plaza del pueblo y de la renfe, perfectamente comunicado por transporte público, tendrás todo lo que necesitas a tu alrededor.

No dude en llamarnos para concretar su cita para visitar el inmueble, en la que además recibirá el asesoramiento gratuito de nuestro departamento financiero Kiron.",0,1,1,1,1,1,0,1,1,1,"['https://cdn-media.medialabtc.it/es/agencies/mdbe6/estates/622117/images/9007469/gallery_media.jpeg', 'https://cdn-media.medialabtc.it/es/agencies/mdbe6/estates/622117/images/9007502/gallery_media.jpeg', 'https://cdn-media.medialabtc.it/es/agencies/mdbe6/estates/622117/images/9007465/gallery_media.jpeg', 'https://cdn-media.medialabtc.it/es/agencies/mdbe6/estates/622117/images/9007474/gallery_media.jpeg', 'https://cdn-media.medialabtc.it/es/agencies/mdbe6/estates/622117/images/9007507/gallery_media.jpeg', 'https://cdn-media.medialabtc.it/es/agencies/mdbe6/estates/622117/images/9007481/gallery_media.jpeg', 'https://cdn-media.medialabtc.it/es/agencies/mdbe6/estates/622117/images/9007468/gallery_media.jpeg', 'https://cdn-media.medialabtc.it/es/agencies/mdbe6/estates/622117/images/9007476/gallery_media.jpeg', 'https://cdn-media.medialabtc.it/es/agencies/mdbe6/estates/622117/images/9007503/gallery_media.jpeg', 'https://cdn-media.medialabtc.it/es/agencies/mdbe6/estates/622117/images/9007479/gallery_media.jpeg', 'https://cdn-media.medialabtc.it/es/agencies/mdbe6/estates/622117/images/9007473/gallery_media.jpeg', 'https://cdn-media.medialabtc.it/es/agencies/mdbe6/estates/622117/images/9007471/gallery_media.jpeg', 'https://cdn-media.medialabtc.it/es/agencies/mdbe6/estates/622117/images/9007504/gallery_media.jpeg', 'https://cdn-media.medialabtc.it/es/agencies/mdbe6/estates/622117/images/9007480/gallery_media.jpeg', 'https://cdn-media.medialabtc.it/es/agencies/mdbe6/estates/622117/images/9007475/gallery_media.jpeg', 'https://cdn-media.medialabtc.it/es/agencies/mdbe6/estates/622117/images/9007470/gallery_media.jpeg', 'https://cdn-media.medialabtc.it/es/agencies/mdbe6/estates/622117/images/9007505/gallery_media.jpeg', 'https://cdn-media.medialabtc.it/es/agencies/mdbe6/estates/622117/images/9007477/gallery_media.jpeg', 'https://cdn-media.medialabtc.it/es/agencies/mdbe6/estates/622117/images/9007508/gallery_media.jpeg', 'https://cdn-media.medialabtc.it/es/agencies/mdbe6/estates/622117/images/9007509/gallery_media.jpeg', 'https://cdn-media.medialabtc.it/es/agencies/mdbe6/estates/622117/images/9007510/gallery_media.jpeg', 'https://cdn-media.medialabtc.it/es/agencies/mdbe6/estates/622117/images/9007511/gallery_media.jpeg', 'https://cdn-media.medialabtc.it/es/agencies/mdbe6/estates/622117/images/9007472/gallery_media.jpeg', 'https://cdn-media.medialabtc.it/es/agencies/mdbe6/estates/622117/images/9007478/gallery_media.jpeg', 'https://cdn-media.medialabtc.it/es/agencies/mdbe6/estates/622117/images/9007466/gallery_media.jpeg', 'https://cdn-media.medialabtc.it/es/agencies/mdbe6/estates/622117/images/9007467/gallery_media.jpeg', 'https://cdn-media.medialabtc.it/es/agencies/mdbe6/estates/622117/images/9007506/gallery_media.jpeg']",0,Desconocido,0,0,0,1,0,Desconocida,0,0,"['imagenes_tecnocasa\\anuncio_89\\0.jpeg', 'imagenes_tecnocasa\\anuncio_89\\1.jpeg', 'imagenes_tecnocasa\\anuncio_89\\2.jpeg', 'imagenes_tecnocasa\\anuncio_89\\3.jpeg', 'imagenes_tecnocasa\\anuncio_89\\4.jpeg', 'imagenes_tecnocasa\\anuncio_89\\5.jpeg', 'imagenes_tecnocasa\\anuncio_89\\6.jpeg', 'imagenes_tecnocasa\\anuncio_89\\7.jpeg', 'imagenes_tecnocasa\\anuncio_89\\8.jpeg', 'imagenes_tecnocasa\\anuncio_89\\9.jpeg', 'imagenes_tecnocasa\\anuncio_89\\10.jpeg', 'imagenes_tecnocasa\\anuncio_89\\11.jpeg', 'imagenes_tecnocasa\\anuncio_89\\12.jpeg', 'imagenes_tecnocasa\\anuncio_89\\13.jpeg', 'imagenes_tecnocasa\\anuncio_89\\14.jpeg', 'imagenes_tecnocasa\\anuncio_89\\15.jpeg', 'imagenes_tecnocasa\\anuncio_89\\16.jpeg', 'imagenes_tecnocasa\\anuncio_89\\17.jpeg', 'imagenes_tecnocasa\\anuncio_89\\18.jpeg', 'imagenes_tecnocasa\\anuncio_89\\19.jpeg', 'imagenes_tecnocasa\\anuncio_89\\20.jpeg', 'imagenes_tecnocasa\\anuncio_89\\21.jpeg', 'imagenes_tecnocasa\\anuncio_89\\22.jpeg', 'imagenes_tecnocasa\\anuncio_89\\23.jpeg', 'imagenes_tecnocasa\\anuncio_89\\24.jpeg', 'imagenes_tecnocasa\\anuncio_89\\25.jpeg', 'imagenes_tecnocasa\\anuncio_89\\26.jpeg']",0,Media,1994,0,0,0,piso,2,Ciempozuelos,Ciempozuelos,40.1580087,-3.6205514,89,1917.391304347826,130.0,95.0,0.0,0.0,0.0,0.0,cerámica,pintura,no visible,estándar (2.4-2.8m),nada,2.8,3.8,convencional,"['#F5F5DC', '#FFF8DC', '#FFFFE0']",regular,False,convencional,limitado,ninguno,ninguno,estándar,parcialmente equipada,ninguno,6.4,6.2,ninguna,5
https://www.tecnocasa.es/venta/piso/madrid/leganes/569661.html,180000.0,3,72.0,1,"INMOBILIARIA EN SAN NICASIO - TECNOCASA ESTUDIO RÍO DUERO S. L
¡SEGUNDA PLANTA CON ASCENSOR EN BUEN ESTADO! Esta situado en muy buena zona cerca de metrosur San Nicasio, Renfe Leganés-Central, universidad Carlos III y centro de Leganés.
El piso consta de entrada amplia, salón independiente, cocina, 3 dormitorios, baño y terraza. Calefacción de gas natural y baño totalmente reformado.
La vivienda es muy luminosa con orientación SUR.
Te ofrecemos asesoramiento financiero sin compromiso, te ayudamos a conseguir las mejores condiciones con las entidades bancarias.",1,1,1,1,1,1,1,1,1,1,"['https://cdn-media.medialabtc.it/es/agencies/mdbc5/estates/569661/images/8997111/gallery_media.jpeg', 'https://cdn-media.medialabtc.it/es/agencies/mdbc5/estates/569661/images/8997113/gallery_media.jpeg', 'https://cdn-media.medialabtc.it/es/agencies/mdbc5/estates/569661/images/8997117/gallery_media.jpeg', 'https://cdn-media.medialabtc.it/es/agencies/mdbc5/estates/569661/images/8997123/gallery_media.jpeg', 'https://cdn-media.medialabtc.it/es/agencies/mdbc5/estates/569661/images/8997114/gallery_media.jpeg', 'https://cdn-media.medialabtc.it/es/agencies/mdbc5/estates/569661/images/8997115/gallery_media.jpeg', 'https://cdn-media.medialabtc.it/es/agencies/mdbc5/estates/569661/images/8997054/gallery_media.jpeg', 'https://cdn-media.medialabtc.it/es/agencies/mdbc5/estates/569661/images/8997112/gallery_media.jpeg', 'https://cdn-media.medialabtc.it/es/agencies/mdbc5/estates/569661/images/8997116/gallery_media.jpeg', 'https://cdn-media.medialabtc.it/es/agencies/mdbc5/estates/569661/images/8997121/gallery_media.jpeg', 'https://cdn-media.medialabtc.it/es/agencies/mdbc5/estates/569661/images/8997055/gallery_media.jpeg', 'https://cdn-media.medialabtc.it/es/agencies/mdbc5/estates/569661/images/8997119/gallery_media.jpeg', 'https://cdn-media.medialabtc.it/es/agencies/mdbc5/estates/569661/images/8997120/gallery_media.jpeg', 'https://cdn-media.medialabtc.it/es/agencies/mdbc5/estates/569661/images/8997053/gallery_media.jpeg', 'https://cdn-media.medialabtc.it/es/agencies/mdbc5/estates/569661/images/8997124/gallery_media.jpeg', 'https://cdn-media.medialabtc.it/es/agencies/mdbc5/estates/569661/images/8997122/gallery_media.jpeg', 'https://cdn-media.medialabtc.it/es/agencies/mdbc5/estates/569661/images/8997110/gallery_media.jpeg', 'https://cdn-media.medialabtc.it/es/agencies/mdbc5/estates/569661/images/8997118/gallery_media.jpeg', 'https://cdn-media.medialabtc.it/es/agencies/mdbc5/estates/569661/images/9007545/gallery_media.jpeg']",0,Buen estado,0,0,0,1,0,Desconocida,0,0,"['imagenes_tecnocasa\\anuncio_90\\0.jpeg', 'imagenes_tecnocasa\\anuncio_90\\1.jpeg', 'imagenes_tecnocasa\\anuncio_90\\2.jpeg', 'imagenes_tecnocasa\\anuncio_90\\3.jpeg', 'imagenes_tecnocasa\\anuncio_90\\4.jpeg', 'imagenes_tecnocasa\\anuncio_90\\5.jpeg', 'imagenes_tecnocasa\\anuncio_90\\6.jpeg', 'imagenes_tecnocasa\\anuncio_90\\7.jpeg', 'imagenes_tecnocasa\\anuncio_90\\8.jpeg', 'imagenes_tecnocasa\\anuncio_90\\9.jpeg', 'imagenes_tecnocasa\\anuncio_90\\10.jpeg', 'imagenes_tecnocasa\\anuncio_90\\11.jpeg', 'imagenes_tecnocasa\\anuncio_90\\12.jpeg', 'imagenes_tecnocasa\\anuncio_90\\13.jpeg', 'imagenes_tecnocasa\\anuncio_90\\14.jpeg', 'imagenes_tecnocasa\\anuncio_90\\15.jpeg', 'imagenes_tecnocasa\\anuncio_90\\16.jpeg', 'imagenes_tecnocasa\\anuncio_90\\17.jpeg', 'imagenes_tecnocasa\\anuncio_90\\18.jpeg']",0,Popular,1970,0,0,1,piso,2,Leganés,"San Nicasio, Leganés",40.3281942,-3.76527,90,2500.0,85.0,75.0,0.1,0.4,1.0,0.0,otro,pintura,otro,estándar (2.4-2.8m),nada,2.8,3.6,convencional,"['#D2B48C', '#A0522D', '#F5F5DC']",buena,False,convencional,normal,ninguno,ninguno,estándar,básica,ninguno,6.2,7.2,ninguna,5
https://www.tecnocasa.es/venta/piso/madrid/ciempozuelos/621530.html,174000.0,3,98.0,1,"Agencia inmobiliaria de Ciempozuelos-zona Ciempozuelos-oficina Tecnocasa
Se VENDE piso de 98m2 construidos.
La vivienda se encuentra distribuida en recibidor, cocina con acceso a una pequeña terraza, amplio salón-comedor con salida a otra terraza, un pasillo desde el que accedemos a 3 habitaciones, dos de ellas con armarios empotrados, y un baño completo con bañera. Incluye plaza de garaje.

La vivienda se encuentra ubicada cerca de paradas de bus, zonas verdes, colegios y diversos comercios.
No dude en llamarnos para concretar su cita para visitar el inmueble, en la que además recibirá el asesoramiento gratuito de nuestro departamento financiero Kiron.",0,1,1,0,0,0,0,1,0,1,"['https://cdn-media.medialabtc.it/es/agencies/mdbe6/estates/621530/images/8996285/gallery_media.jpeg', 'https://cdn-media.medialabtc.it/es/agencies/mdbe6/estates/621530/images/8996286/gallery_media.jpeg', 'https://cdn-media.medialabtc.it/es/agencies/mdbe6/estates/621530/images/8996250/gallery_media.jpeg', 'https://cdn-media.medialabtc.it/es/agencies/mdbe6/estates/621530/images/8996258/gallery_media.jpeg', 'https://cdn-media.medialabtc.it/es/agencies/mdbe6/estates/621530/images/8996251/gallery_media.jpeg', 'https://cdn-media.medialabtc.it/es/agencies/mdbe6/estates/621530/images/8996260/gallery_media.jpeg', 'https://cdn-media.medialabtc.it/es/agencies/mdbe6/estates/621530/images/8996256/gallery_media.jpeg', 'https://cdn-media.medialabtc.it/es/agencies/mdbe6/estates/621530/images/8996255/gallery_media.jpeg', 'https://cdn-media.medialabtc.it/es/agencies/mdbe6/estates/621530/images/8996257/gallery_media.jpeg', 'https://cdn-media.medialabtc.it/es/agencies/mdbe6/estates/621530/images/8996254/gallery_media.jpeg', 'https://cdn-media.medialabtc.it/es/agencies/mdbe6/estates/621530/images/8996287/gallery_media.jpeg', 'https://cdn-media.medialabtc.it/es/agencies/mdbe6/estates/621530/images/8996252/gallery_media.jpeg', 'https://cdn-media.medialabtc.it/es/agencies/mdbe6/estates/621530/images/8996289/gallery_media.jpeg', 'https://cdn-media.medialabtc.it/es/agencies/mdbe6/estates/621530/images/8996283/gallery_media.jpeg', 'https://cdn-media.medialabtc.it/es/agencies/mdbe6/estates/621530/images/8996261/gallery_media.jpeg', 'https://cdn-media.medialabtc.it/es/agencies/mdbe6/estates/621530/images/8996253/gallery_media.jpeg', 'https://cdn-media.medialabtc.it/es/agencies/mdbe6/estates/621530/images/8996282/gallery_media.jpeg', 'https://cdn-media.medialabtc.it/es/agencies/mdbe6/estates/621530/images/8996288/gallery_media.jpeg', 'https://cdn-media.medialabtc.it/es/agencies/mdbe6/estates/621530/images/8996290/gallery_media.jpeg', 'https://cdn-media.medialabtc.it/es/agencies/mdbe6/estates/621530/images/8996249/gallery_media.jpeg', 'https://cdn-media.medialabtc.it/es/agencies/mdbe6/estates/621530/images/8996284/gallery_media.jpeg', 'https://cdn-media.medialabtc.it/es/agencies/mdbe6/estates/621530/images/8996259/gallery_media.jpeg']",0,Desconocido,1,0,0,1,0,E,0,0,"['imagenes_tecnocasa\\anuncio_93\\0.jpeg', 'imagenes_tecnocasa\\anuncio_93\\1.jpeg', 'imagenes_tecnocasa\\anuncio_93\\2.jpeg', 'imagenes_tecnocasa\\anuncio_93\\3.jpeg', 'imagenes_tecnocasa\\anuncio_93\\4.jpeg', 'imagenes_tecnocasa\\anuncio_93\\5.jpeg', 'imagenes_tecnocasa\\anuncio_93\\6.jpeg', 'imagenes_tecnocasa\\anuncio_93\\7.jpeg', 'imagenes_tecnocasa\\anuncio_93\\8.jpeg', 'imagenes_tecnocasa\\anuncio_93\\9.jpeg', 'imagenes_tecnocasa\\anuncio_93\\10.jpeg', 'imagenes_tecnocasa\\anuncio_93\\11.jpeg', 'imagenes_tecnocasa\\anuncio_93\\12.jpeg', 'imagenes_tecnocasa\\anuncio_93\\13.jpeg', 'imagenes_tecnocasa\\anuncio_93\\14.jpeg', 'imagenes_tecnocasa\\anuncio_93\\15.jpeg', 'imagenes_tecnocasa\\anuncio_93\\16.jpeg', 'imagenes_tecnocasa\\anuncio_93\\17.jpeg', 'imagenes_tecnocasa\\anuncio_93\\18.jpeg', 'imagenes_tecnocasa\\anuncio_93\\19.jpeg', 'imagenes_tecnocasa\\anuncio_93\\20.jpeg', 'imagenes_tecnocasa\\anuncio_93\\21.jpeg']",0,Media,2000,0,0,0,piso,2,Ciempozuelos,Ciempozuelos,40.1580087,-3.6205514,93,1775.5102040816328,99.0,75.0,0.0,0.0,1.0,0.0,otro,pintura,corredera,estándar (2.4-2.8m),nada,2.0,2.2,otro,"['#007bff', '#ffffff', '#000000']",regular,False,convencional,limitado,ninguno,ninguno,básico,básica,ninguno,5.6,4.8,ninguna,5
https://www.tecnocasa.es/venta/piso/madrid/madrid/601739.html,1350000.0,5,205.0,4,"Tu inmobiliaria en la zona Fuencarral - El Pardo, Mirasierra, Madrid. Si quieres vender un piso o comprar una casa es la mejor opción. ¡No lo dudes, contacta con nosotros!

En alquiler: Piso totalmente exterior con 5 dormitorios y 4 baños en URBANIZACIÓN MONTELAGO, con la siguiente distribución: Amplio salón-comedor con terraza, cocina amueblada con terraza y tendedero, cinco dormitorios, cuatro baños (tres de ellos en suite), y recibidor. El acceso a la vivienda y al edificio sin barreras arquitectónicas.

Se entrega con 2 PLAZAS DE GARAJE y trastero bajo la finca.

La urbanización; situada en Ventisquero de la Condesa, entre Mirasierra y Arroyo del fresno, es una urbanización cerrada que dispone de amplias zonas ajardinadas, piscina, zona infantil, portería y seguridad 24 horas.

La zona cuenta con excelentes comunicaciones tanto por líneas de la EMT, así como Metro de Madrid (Línea 9 / Mirasierra, línea 7 / Lacoma). A 3 minutos en coche del C. C La Vaguada por túnel de Ventisquero de la condesa.

Muchos centros educativos tanto públicos, como concertados y privados. Multitud de pequeño comercio, supermercados, sucursales bancarias y centros deportivos, tales como La Masó. Junto al Monte de El Pardo.

TECNOCASA, 30 años creando historias, ¡Gracias por su confianza! .

Agente inmobiliario inscrito en el RAIN.

Mascotas a consultar.",1,1,1,1,1,1,1,1,1,1,"['https://cdn-media.medialabtc.it/es/agencies/mdale/estates/601739/images/8856807/gallery_media.jpeg', 'https://cdn-media.medialabtc.it/es/agencies/mdale/estates/601739/images/8856818/gallery_media.jpeg', 'https://cdn-media.medialabtc.it/es/agencies/mdale/estates/601739/images/8856806/gallery_media.jpeg', 'https://cdn-media.medialabtc.it/es/agencies/mdale/estates/601739/images/8856809/gallery_media.jpeg', 'https://cdn-media.medialabtc.it/es/agencies/mdale/estates/601739/images/8856820/gallery_media.jpeg', 'https://cdn-media.medialabtc.it/es/agencies/mdale/estates/601739/images/8856813/gallery_media.jpeg', 'https://cdn-media.medialabtc.it/es/agencies/mdale/estates/601739/images/8856825/gallery_media.jpeg', 'https://cdn-media.medialabtc.it/es/agencies/mdale/estates/601739/images/8856814/gallery_media.jpeg', 'https://cdn-media.medialabtc.it/es/agencies/mdale/estates/601739/images/8856798/gallery_media.jpeg', 'https://cdn-media.medialabtc.it/es/agencies/mdale/estates/601739/images/8856824/gallery_media.jpeg', 'https://cdn-media.medialabtc.it/es/agencies/mdale/estates/601739/images/8856797/gallery_media.jpeg', 'https://cdn-media.medialabtc.it/es/agencies/mdale/estates/601739/images/8856819/gallery_media.jpeg', 'https://cdn-media.medialabtc.it/es/agencies/mdale/estates/601739/images/8856808/gallery_media.jpeg', 'https://cdn-media.medialabtc.it/es/agencies/mdale/estates/601739/images/8856799/gallery_media.jpeg', 'https://cdn-media.medialabtc.it/es/agencies/mdale/estates/601739/images/8856803/gallery_media.jpeg', 'https://cdn-media.medialabtc.it/es/agencies/mdale/estates/601739/images/8856812/gallery_media.jpeg', 'https://cdn-media.medialabtc.it/es/agencies/mdale/estates/601739/images/8856815/gallery_media.jpeg', 'https://cdn-media.medialabtc.it/es/agencies/mdale/estates/601739/images/8856823/gallery_media.jpeg', 'https://cdn-media.medialabtc.it/es/agencies/mdale/estates/601739/images/8856817/gallery_media.jpeg', 'https://cdn-media.medialabtc.it/es/agencies/mdale/estates/601739/images/8856802/gallery_media.jpeg', 'https://cdn-media.medialabtc.it/es/agencies/mdale/estates/601739/images/8856810/gallery_media.jpeg', 'https://cdn-media.medialabtc.it/es/agencies/mdale/estates/601739/images/8856805/gallery_media.jpeg', 'https://cdn-media.medialabtc.it/es/agencies/mdale/estates/601739/images/8856816/gallery_media.jpeg', 'https://cdn-media.medialabtc.it/es/agencies/mdale/estates/601739/images/8564136/gallery_media.jpeg', 'https://cdn-media.medialabtc.it/es/agencies/mdale/estates/601739/images/8856800/gallery_media.jpeg', 'https://cdn-media.medialabtc.it/es/agencies/mdale/estates/601739/images/8856811/gallery_media.jpeg', 'https://cdn-media.medialabtc.it/es/agencies/mdale/estates/601739/images/8856821/gallery_media.jpeg', 'https://cdn-media.medialabtc.it/es/agencies/mdale/estates/601739/images/8856796/gallery_media.jpeg']",0,Desconocido,1,1,1,1,1,D,0,0,"['imagenes_tecnocasa\\anuncio_94\\0.jpeg', 'imagenes_tecnocasa\\anuncio_94\\1.jpeg', 'imagenes_tecnocasa\\anuncio_94\\2.jpeg', 'imagenes_tecnocasa\\anuncio_94\\3.jpeg', 'imagenes_tecnocasa\\anuncio_94\\4.jpeg', 'imagenes_tecnocasa\\anuncio_94\\5.jpeg', 'imagenes_tecnocasa\\anuncio_94\\6.jpeg', 'imagenes_tecnocasa\\anuncio_94\\7.jpeg', 'imagenes_tecnocasa\\anuncio_94\\8.jpeg', 'imagenes_tecnocasa\\anuncio_94\\9.jpeg', 'imagenes_tecnocasa\\anuncio_94\\10.jpeg', 'imagenes_tecnocasa\\anuncio_94\\11.jpeg', 'imagenes_tecnocasa\\anuncio_94\\12.jpeg', 'imagenes_tecnocasa\\anuncio_94\\13.jpeg', 'imagenes_tecnocasa\\anuncio_94\\14.jpeg', 'imagenes_tecnocasa\\anuncio_94\\15.jpeg', 'imagenes_tecnocasa\\anuncio_94\\16.jpeg', 'imagenes_tecnocasa\\anuncio_94\\17.jpeg', 'imagenes_tecnocasa\\anuncio_94\\18.jpeg', 'imagenes_tecnocasa\\anuncio_94\\19.jpeg', 'imagenes_tecnocasa\\anuncio_94\\20.jpeg', 'imagenes_tecnocasa\\anuncio_94\\21.jpeg', 'imagenes_tecnocasa\\anuncio_94\\22.jpeg', 'imagenes_tecnocasa\\anuncio_94\\23.jpeg', 'imagenes_tecnocasa\\anuncio_94\\24.jpeg', 'imagenes_tecnocasa\\anuncio_94\\25.jpeg', 'imagenes_tecnocasa\\anuncio_94\\26.jpeg', 'imagenes_tecnocasa\\anuncio_94\\27.jpeg']",1,Señorial,1980,1,0,1,piso,3,Arroyo Del Fresno,"Arroyo Del Fresno, Madrid",40.4895829,-3.7302946,94,6585.365853658536,214.0,158.0,0.0,0.0,1.0,0.0,parquet,pintura,otro,estándar (2.4-2.8m),nada,5.6,4.4,clásico,"['#FFA500', '#FF6347', '#FFFFFF']",buena,False,convencional,normal,ninguno,ninguno,estándar,parcialmente equipada,ninguno,7.6,6.6,ninguna,5
https://www.tecnocasa.es/venta/piso/madrid/madrid/621211.html,180000.0,1,38.0,1,"Piso en venta en Cuatro Caminos – ¡Oportunidad para reformar!
Tecnocasa CONSULTING CUATRO CAMINOS – 2022 . ofrece piso para reformar, ubicado en la zona de Cuatro Caminos-Bellas Vistas, en pleno corazón de Madrid.
La vivienda, con una superficie de 38 m², se sitúa en planta sótano y está distribuida en:
1 dormitorio
1 baño completo
Salón
Cocina
Una opción perfecta para quienes buscan personalizar su hogar desde cero, adaptándolo a su estilo y necesidades. Ideal como primera vivienda, inversión o como proyecto para alquilar en una zona con alta demanda.
Ubicación inmejorable: a tan solo 3 minutos a pie de la estación de metro Estrecho (Líneas 1). Rodeado de todo tipo de servicios: supermercados, farmacias, tiendas, bares y restaurantes.
Además, gracias a nuestro departamento financiero KIRON, podemos ayudarte a encontrar la mejor hipoteca adaptada a ti.
¡No dejes pasar esta oportunidad de inversión en una de las zonas más dinámicas de Madrid!

Contáctanos para más información y agenda tu visita sin compromiso.",1,1,1,1,1,1,1,1,1,1,"['https://cdn-media.medialabtc.it/es/agencies/md075/estates/621211/images/8984298/gallery_media.jpeg', 'https://cdn-media.medialabtc.it/es/agencies/md075/estates/621211/images/8983942/gallery_media.jpeg', 'https://cdn-media.medialabtc.it/es/agencies/md075/estates/621211/images/8984290/gallery_media.jpeg', 'https://cdn-media.medialabtc.it/es/agencies/md075/estates/621211/images/8983941/gallery_media.jpeg', 'https://cdn-media.medialabtc.it/es/agencies/md075/estates/621211/images/8984295/gallery_media.jpeg', 'https://cdn-media.medialabtc.it/es/agencies/md075/estates/621211/images/8983935/gallery_media.jpeg', 'https://cdn-media.medialabtc.it/es/agencies/md075/estates/621211/images/8983939/gallery_media.jpeg', 'https://cdn-media.medialabtc.it/es/agencies/md075/estates/621211/images/8983907/gallery_media.jpeg', 'https://cdn-media.medialabtc.it/es/agencies/md075/estates/621211/images/8984297/gallery_media.jpeg', 'https://cdn-media.medialabtc.it/es/agencies/md075/estates/621211/images/8984243/gallery_media.jpeg', 'https://cdn-media.medialabtc.it/es/agencies/md075/estates/621211/images/8983937/gallery_media.jpeg', 'https://cdn-media.medialabtc.it/es/agencies/md075/estates/621211/images/8983946/gallery_media.jpeg', 'https://cdn-media.medialabtc.it/es/agencies/md075/estates/621211/images/8983938/gallery_media.jpeg', 'https://cdn-media.medialabtc.it/es/agencies/md075/estates/621211/images/8984296/gallery_media.jpeg', 'https://cdn-media.medialabtc.it/es/agencies/md075/estates/621211/images/8983936/gallery_media.jpeg', 'https://cdn-media.medialabtc.it/es/agencies/md075/estates/621211/images/8983908/gallery_media.jpeg', 'https://cdn-media.medialabtc.it/es/agencies/md075/estates/621211/images/8984291/gallery_media.jpeg', 'https://cdn-media.medialabtc.it/es/agencies/md075/estates/621211/images/8984292/gallery_media.jpeg', 'https://cdn-media.medialabtc.it/es/agencies/md075/estates/621211/images/8984293/gallery_media.jpeg', 'https://cdn-media.medialabtc.it/es/agencies/md075/estates/621211/images/8983909/gallery_media.jpeg', 'https://cdn-media.medialabtc.it/es/agencies/md075/estates/621211/images/8983948/gallery_media.jpeg', 'https://cdn-media.medialabtc.it/es/agencies/md075/estates/621211/images/8983945/gallery_media.jpeg', 'https://cdn-media.medialabtc.it/es/agencies/md075/estates/621211/images/8983940/gallery_media.jpeg']",0,Desconocido,0,0,0,0,0,E,0,0,"['imagenes_tecnocasa\\anuncio_95\\0.jpeg', 'imagenes_tecnocasa\\anuncio_95\\1.jpeg', 'imagenes_tecnocasa\\anuncio_95\\2.jpeg', 'imagenes_tecnocasa\\anuncio_95\\3.jpeg', 'imagenes_tecnocasa\\anuncio_95\\4.jpeg', 'imagenes_tecnocasa\\anuncio_95\\5.jpeg', 'imagenes_tecnocasa\\anuncio_95\\6.jpeg', 'imagenes_tecnocasa\\anuncio_95\\7.jpeg', 'imagenes_tecnocasa\\anuncio_95\\8.jpeg', 'imagenes_tecnocasa\\anuncio_95\\9.jpeg', 'imagenes_tecnocasa\\anuncio_95\\10.jpeg', 'imagenes_tecnocasa\\anuncio_95\\11.jpeg', 'imagenes_tecnocasa\\anuncio_95\\12.jpeg', 'imagenes_tecnocasa\\anuncio_95\\13.jpeg', 'imagenes_tecnocasa\\anuncio_95\\14.jpeg', 'imagenes_tecnocasa\\anuncio_95\\15.jpeg', 'imagenes_tecnocasa\\anuncio_95\\16.jpeg', 'imagenes_tecnocasa\\anuncio_95\\17.jpeg', 'imagenes_tecnocasa\\anuncio_95\\18.jpeg', 'imagenes_tecnocasa\\anuncio_95\\19.jpeg', 'imagenes_tecnocasa\\anuncio_95\\20.jpeg', 'imagenes_tecnocasa\\anuncio_95\\21.jpeg', 'imagenes_tecnocasa\\anuncio_95\\22.jpeg']",0,Popular,1960,0,0,0,piso,2,Bellas Vistas,"Bellas Vistas, Madrid",40.4526848,-3.7072396,95,4736.8421052631575,163.0,122.0,1.0,1.0,0.0,0.0,otro,pintura,otro,estándar (2.4-2.8m),nada,3.4,3.2,convencional,"['#D2691E', '#FFFFFF', '#A0522D']",regular,False,convencional,limitado,ninguno,ninguno,estándar,básica,ninguno,6.6,6.8,ninguna,5
https://www.tecnocasa.es/venta/piso/madrid/madrid/599678.html,1100000.0,4,149.0,3,"Tu inmobiliaria en la zona Fuencarral - El Pardo, Mirasierra, Madrid. Si quieres vender un piso o comprar una casa es la mejor opción. ¡No lo dudes, contacta con nosotros!

En venta: Ático dúplex compuesto de 4 dormitorios y 2 baños completos en planta baja, y cocina, salón comedor, aseo y terraza en planta alta, además de trastero de gran amplitud y plaza de garaje, ubicado en la URBANIZACIÓN MONTEVALLE, GRUPO CP.

Consta de 129 m² útiles más terraza, cocina reformada, caldera cambiada, paredes en liso, parquet en buen estado, ventanas con persianas motorizadas y carpintería de aluminio con rotura de puente térmico en salón comedor, sistema de riego y habitación auxiliar en terraza.

La urbanización; situada en Ventisquero de la Condesa, entre Mirasierra y Arroyo del fresno, es una urbanización cerrada que dispone de amplias zonas ajardinadas, zona infantil, piscina, portería y video vigilancia 24 horas.

La zona cuenta con excelentes comunicaciones tanto por líneas de la EMT, así como Metro de Madrid (Línea 9 / Mirasierra, línea 7 / Lacoma). A 3 minutos en coche de la vaguada por túnel de Ventisquero de la condesa.

Muchos centros educativos tanto públicos, como concertados y privados. Multitud de pequeño comercio, supermercados, sucursales bancarias y centros deportivos tales como La Masó. Junto al Monte de El Pardo.

TECNOCASA, 30 años creando historias, ¡Gracias por su confianza! .
Agente inmobiliario inscrito en el RAIN.",1,1,1,1,1,1,1,1,1,1,"['https://cdn-media.medialabtc.it/es/agencies/mdale/estates/599678/images/8522258/gallery_media.jpeg', 'https://cdn-media.medialabtc.it/es/agencies/mdale/estates/599678/images/8522231/gallery_media.jpeg', 'https://cdn-media.medialabtc.it/es/agencies/mdale/estates/599678/images/8522254/gallery_media.jpeg', 'https://cdn-media.medialabtc.it/es/agencies/mdale/estates/599678/images/8522229/gallery_media.jpeg', 'https://cdn-media.medialabtc.it/es/agencies/mdale/estates/599678/images/8522239/gallery_media.jpeg', 'https://cdn-media.medialabtc.it/es/agencies/mdale/estates/599678/images/8522241/gallery_media.jpeg', 'https://cdn-media.medialabtc.it/es/agencies/mdale/estates/599678/images/8522251/gallery_media.jpeg', 'https://cdn-media.medialabtc.it/es/agencies/mdale/estates/599678/images/8522246/gallery_media.jpeg', 'https://cdn-media.medialabtc.it/es/agencies/mdale/estates/599678/images/8522235/gallery_media.jpeg', 'https://cdn-media.medialabtc.it/es/agencies/mdale/estates/599678/images/8522226/gallery_media.jpeg', 'https://cdn-media.medialabtc.it/es/agencies/mdale/estates/599678/images/8522236/gallery_media.jpeg', 'https://cdn-media.medialabtc.it/es/agencies/mdale/estates/599678/images/8522238/gallery_media.jpeg', 'https://cdn-media.medialabtc.it/es/agencies/mdale/estates/599678/images/8522240/gallery_media.jpeg', 'https://cdn-media.medialabtc.it/es/agencies/mdale/estates/599678/images/8522244/gallery_media.jpeg', 'https://cdn-media.medialabtc.it/es/agencies/mdale/estates/599678/images/8522247/gallery_media.jpeg', 'https://cdn-media.medialabtc.it/es/agencies/mdale/estates/599678/images/8677754/gallery_media.jpeg', 'https://cdn-media.medialabtc.it/es/agencies/mdale/estates/599678/images/8677755/gallery_media.jpeg', 'https://cdn-media.medialabtc.it/es/agencies/mdale/estates/599678/images/8677753/gallery_media.jpeg', 'https://cdn-media.medialabtc.it/es/agencies/mdale/estates/599678/images/8522237/gallery_media.jpeg', 'https://cdn-media.medialabtc.it/es/agencies/mdale/estates/599678/images/8522260/gallery_media.jpeg', 'https://cdn-media.medialabtc.it/es/agencies/mdale/estates/599678/images/8522234/gallery_media.jpeg', 'https://cdn-media.medialabtc.it/es/agencies/mdale/estates/599678/images/8522257/gallery_media.jpeg', 'https://cdn-media.medialabtc.it/es/agencies/mdale/estates/599678/images/8522250/gallery_media.jpeg', 'https://cdn-media.medialabtc.it/es/agencies/mdale/estates/599678/images/8522228/gallery_media.jpeg', 'https://cdn-media.medialabtc.it/es/agencies/mdale/estates/599678/images/8522259/gallery_media.jpeg', 'https://cdn-media.medialabtc.it/es/agencies/mdale/estates/599678/images/8522249/gallery_media.jpeg', 'https://cdn-media.medialabtc.it/es/agencies/mdale/estates/599678/images/8522243/gallery_media.jpeg', 'https://cdn-media.medialabtc.it/es/agencies/mdale/estates/599678/images/8522233/gallery_media.jpeg', 'https://cdn-media.medialabtc.it/es/agencies/mdale/estates/599678/images/8677752/gallery_media.jpeg', 'https://cdn-media.medialabtc.it/es/agencies/mdale/estates/599678/images/8522245/gallery_media.jpeg']",0,Buen estado,1,1,1,1,1,E,0,0,"['imagenes_tecnocasa\\anuncio_96\\0.jpeg', 'imagenes_tecnocasa\\anuncio_96\\1.jpeg', 'imagenes_tecnocasa\\anuncio_96\\2.jpeg', 'imagenes_tecnocasa\\anuncio_96\\3.jpeg', 'imagenes_tecnocasa\\anuncio_96\\4.jpeg', 'imagenes_tecnocasa\\anuncio_96\\5.jpeg', 'imagenes_tecnocasa\\anuncio_96\\6.jpeg', 'imagenes_tecnocasa\\anuncio_96\\7.jpeg', 'imagenes_tecnocasa\\anuncio_96\\8.jpeg', 'imagenes_tecnocasa\\anuncio_96\\9.jpeg', 'imagenes_tecnocasa\\anuncio_96\\10.jpeg', 'imagenes_tecnocasa\\anuncio_96\\11.jpeg', 'imagenes_tecnocasa\\anuncio_96\\12.jpeg', 'imagenes_tecnocasa\\anuncio_96\\13.jpeg', 'imagenes_tecnocasa\\anuncio_96\\14.jpeg', 'imagenes_tecnocasa\\anuncio_96\\15.jpeg', 'imagenes_tecnocasa\\anuncio_96\\16.jpeg', 'imagenes_tecnocasa\\anuncio_96\\17.jpeg', 'imagenes_tecnocasa\\anuncio_96\\18.jpeg', 'imagenes_tecnocasa\\anuncio_96\\19.jpeg', 'imagenes_tecnocasa\\anuncio_96\\20.jpeg', 'imagenes_tecnocasa\\anuncio_96\\21.jpeg', 'imagenes_tecnocasa\\anuncio_96\\22.jpeg', 'imagenes_tecnocasa\\anuncio_96\\23.jpeg', 'imagenes_tecnocasa\\anuncio_96\\24.jpeg', 'imagenes_tecnocasa\\anuncio_96\\25.jpeg', 'imagenes_tecnocasa\\anuncio_96\\26.jpeg', 'imagenes_tecnocasa\\anuncio_96\\27.jpeg', 'imagenes_tecnocasa\\anuncio_96\\28.jpeg', 'imagenes_tecnocasa\\anuncio_96\\29.jpeg']",1,Señorial,1955,1,0,1,piso,3,Arroyo Del Fresno,"Arroyo Del Fresno, Madrid",40.4895829,-3.7302946,96,7382.5503355704695,232.0,169.0,0.0,0.0,0.0,0.0,otro,pintura,otro,estándar (2.4-2.8m),nada,5.6,6.4,moderno,"['#FFFFFF', '#A7C4BC', '#827397']",buena,False,eficiente,normal,ninguno,ninguno,estándar,parcialmente equipada,ninguno,8.0,7.4,ninguna,5
https://www.tecnocasa.es/venta/piso/madrid/madrid/621180.html,1145000.0,4,175.0,3,"Descubre las propuestas inmobiliarias de la oficina de Madrid en zona Mirasierra - Arroyofresno - Fuentelareyna.
TECNOCASA ESTUDIO ARROYOFRESNO VENDE:
Piso totalmente EXTERIOR compuesto de 4 dormitorios, 3 baños, 2 terrazas, tendedero, plaza de garaje y trastero en urbanización MONTELAGO, GRUPO CP, con la siguiente distribución: Amplio salón-comedor con terraza, amplia cocina con terraza y tendedero, cuatro dormitorios los cuales dos de ellos cuentan con vestidor en suite, tres baños completos siendo dos en suite y amplio recibidor.
Calefacción individual por gas natural y bomba de aire frío y calor.
Se entrega con plaza de garaje y trastero bajo la finca.
El acceso a la vivienda y al edificio sin barreras arquitectónicas.
La urbanización; situada en Ventisquero de la Condesa, entre Mirasierra y Arroyo del fresno, es una urbanización cerrada que dispone de amplias zonas ajardinadas, piscina, ZONA INFANTIL, PORTERÍA Y SEGURIDAD 24 HORAS.
La zona cuenta con excelentes comunicaciones tanto por líneas de la EMT, así como Metro de Madrid (Línea 9 / Mirasierra, línea 7 / Lacoma). A 3 minutos en coche del C. C La Vaguada por túnel de Ventisquero de la condesa.
Muchos centros educativos tanto públicos, como concertados y privados. Multitud de pequeño comercio, supermercados, sucursales bancarias y centros deportivos, tales como La Masó. Junto al Monte de El Pardo.
TECNOCASA, 30 años creando historias, ¡Gracias por su confianza! .
Agente inmobiliario inscrito en el RAIN.",1,1,1,1,1,1,1,1,1,1,"['https://cdn-media.medialabtc.it/es/agencies/mdale/estates/621180/images/8984175/gallery_media.jpeg', 'https://cdn-media.medialabtc.it/es/agencies/mdale/estates/621180/images/8984178/gallery_media.jpeg', 'https://cdn-media.medialabtc.it/es/agencies/mdale/estates/621180/images/8984176/gallery_media.jpeg', 'https://cdn-media.medialabtc.it/es/agencies/mdale/estates/621180/images/8984171/gallery_media.jpeg', 'https://cdn-media.medialabtc.it/es/agencies/mdale/estates/621180/images/8984185/gallery_media.jpeg', 'https://cdn-media.medialabtc.it/es/agencies/mdale/estates/621180/images/8984162/gallery_media.jpeg', 'https://cdn-media.medialabtc.it/es/agencies/mdale/estates/621180/images/8984187/gallery_media.jpeg', 'https://cdn-media.medialabtc.it/es/agencies/mdale/estates/621180/images/8984179/gallery_media.jpeg', 'https://cdn-media.medialabtc.it/es/agencies/mdale/estates/621180/images/8984177/gallery_media.jpeg', 'https://cdn-media.medialabtc.it/es/agencies/mdale/estates/621180/images/8984167/gallery_media.jpeg', 'https://cdn-media.medialabtc.it/es/agencies/mdale/estates/621180/images/8984172/gallery_media.jpeg', 'https://cdn-media.medialabtc.it/es/agencies/mdale/estates/621180/images/8984186/gallery_media.jpeg', 'https://cdn-media.medialabtc.it/es/agencies/mdale/estates/621180/images/8984149/gallery_media.jpeg', 'https://cdn-media.medialabtc.it/es/agencies/mdale/estates/621180/images/8984166/gallery_media.jpeg', 'https://cdn-media.medialabtc.it/es/agencies/mdale/estates/621180/images/8984168/gallery_media.jpeg', 'https://cdn-media.medialabtc.it/es/agencies/mdale/estates/621180/images/8984169/gallery_media.jpeg', 'https://cdn-media.medialabtc.it/es/agencies/mdale/estates/621180/images/8984150/gallery_media.jpeg', 'https://cdn-media.medialabtc.it/es/agencies/mdale/estates/621180/images/8984173/gallery_media.jpeg', 'https://cdn-media.medialabtc.it/es/agencies/mdale/estates/621180/images/8984174/gallery_media.jpeg', 'https://cdn-media.medialabtc.it/es/agencies/mdale/estates/621180/images/8984170/gallery_media.jpeg', 'https://cdn-media.medialabtc.it/es/agencies/mdale/estates/621180/images/8984164/gallery_media.jpeg', 'https://cdn-media.medialabtc.it/es/agencies/mdale/estates/621180/images/8984180/gallery_media.jpeg', 'https://cdn-media.medialabtc.it/es/agencies/mdale/estates/621180/images/8984181/gallery_media.jpeg', 'https://cdn-media.medialabtc.it/es/agencies/mdale/estates/621180/images/8984184/gallery_media.jpeg', 'https://cdn-media.medialabtc.it/es/agencies/mdale/estates/621180/images/8984165/gallery_media.jpeg', 'https://cdn-media.medialabtc.it/es/agencies/mdale/estates/621180/images/8984151/gallery_media.jpeg', 'https://cdn-media.medialabtc.it/es/agencies/mdale/estates/621180/images/8984183/gallery_media.jpeg', 'https://cdn-media.medialabtc.it/es/agencies/mdale/estates/621180/images/8984163/gallery_media.jpeg', 'https://cdn-media.medialabtc.it/es/agencies/mdale/estates/621180/images/8984182/gallery_media.jpeg', 'https://cdn-media.medialabtc.it/es/agencies/mdale/estates/621180/images/8984152/gallery_media.jpeg']",0,Desconocido,1,1,1,1,1,D,0,0,"['imagenes_tecnocasa\\anuncio_97\\0.jpeg', 'imagenes_tecnocasa\\anuncio_97\\1.jpeg', 'imagenes_tecnocasa\\anuncio_97\\2.jpeg', 'imagenes_tecnocasa\\anuncio_97\\3.jpeg', 'imagenes_tecnocasa\\anuncio_97\\4.jpeg', 'imagenes_tecnocasa\\anuncio_97\\5.jpeg', 'imagenes_tecnocasa\\anuncio_97\\6.jpeg', 'imagenes_tecnocasa\\anuncio_97\\7.jpeg', 'imagenes_tecnocasa\\anuncio_97\\8.jpeg', 'imagenes_tecnocasa\\anuncio_97\\9.jpeg', 'imagenes_tecnocasa\\anuncio_97\\10.jpeg', 'imagenes_tecnocasa\\anuncio_97\\11.jpeg', 'imagenes_tecnocasa\\anuncio_97\\12.jpeg', 'imagenes_tecnocasa\\anuncio_97\\13.jpeg', 'imagenes_tecnocasa\\anuncio_97\\14.jpeg', 'imagenes_tecnocasa\\anuncio_97\\15.jpeg', 'imagenes_tecnocasa\\anuncio_97\\16.jpeg', 'imagenes_tecnocasa\\anuncio_97\\17.jpeg', 'imagenes_tecnocasa\\anuncio_97\\18.jpeg', 'imagenes_tecnocasa\\anuncio_97\\19.jpeg', 'imagenes_tecnocasa\\anuncio_97\\20.jpeg', 'imagenes_tecnocasa\\anuncio_97\\21.jpeg', 'imagenes_tecnocasa\\anuncio_97\\22.jpeg', 'imagenes_tecnocasa\\anuncio_97\\23.jpeg', 'imagenes_tecnocasa\\anuncio_97\\24.jpeg', 'imagenes_tecnocasa\\anuncio_97\\25.jpeg', 'imagenes_tecnocasa\\anuncio_97\\26.jpeg', 'imagenes_tecnocasa\\anuncio_97\\27.jpeg', 'imagenes_tecnocasa\\anuncio_97\\28.jpeg', 'imagenes_tecnocasa\\anuncio_97\\29.jpeg']",1,Señorial,2000,1,0,1,piso,3,Arroyo Del Fresno,"Arroyo Del Fresno, Madrid",40.4895829,-3.7302946,97,6542.857142857143,231.0,165.0,0.0625,0.4,1.0,0.0,parquet,pintura,no visible,estándar (2.4-2.8m),nada,5.0,3.6,clásico,"['#F5F5DC', '#A0522D', '#FFF8DC']",buena,True,convencional,normal,ninguno,ninguno,estándar,parcialmente equipada,ninguno,7.2,6.6,ninguna,5
https://www.tecnocasa.es/venta/piso/madrid/madrid/619232.html,153000.0,1,30.0,1,"Agencia inmobiliaria de Madrid - zona Carabanchel, Vista Alegre - Tecnocasa Estudio Carabanchel - Vista Alegre Sl
Estudio en venta en la Calle General Ricardos.
Consta de dormitorio-salón-cocina y baño.
Dispone de Calefacción central.
Piso en tramitación de cambio de uso, reformado en el año 2025.
Zona con variedad de servicios (supermercados, colegios, transporte público...)
Muy cerca de calles principales como Avenida de Oporto.
A escasos metros del metro de Vista Alegre (L5) y muy cerca del metro de Oporto (L5-L6).",1,1,1,1,1,1,0,1,1,1,"['https://cdn-media.medialabtc.it/es/agencies/mdab0/estates/619232/images/8974670/gallery_media.jpeg', 'https://cdn-media.medialabtc.it/es/agencies/mdab0/estates/619232/images/8974678/gallery_media.jpeg', 'https://cdn-media.medialabtc.it/es/agencies/mdab0/estates/619232/images/8974680/gallery_media.jpeg', 'https://cdn-media.medialabtc.it/es/agencies/mdab0/estates/619232/images/8974668/gallery_media.jpeg', 'https://cdn-media.medialabtc.it/es/agencies/mdab0/estates/619232/images/8974679/gallery_media.jpeg', 'https://cdn-media.medialabtc.it/es/agencies/mdab0/estates/619232/images/8937532/gallery_media.jpeg', 'https://cdn-media.medialabtc.it/es/agencies/mdab0/estates/619232/images/8974677/gallery_media.jpeg', 'https://cdn-media.medialabtc.it/es/agencies/mdab0/estates/619232/images/8974667/gallery_media.jpeg', 'https://cdn-media.medialabtc.it/es/agencies/mdab0/estates/619232/images/8974669/gallery_media.jpeg', 'https://cdn-media.medialabtc.it/es/agencies/mdab0/estates/619232/images/8974674/gallery_media.jpeg', 'https://cdn-media.medialabtc.it/es/agencies/mdab0/estates/619232/images/8974673/gallery_media.jpeg', 'https://cdn-media.medialabtc.it/es/agencies/mdab0/estates/619232/images/8974681/gallery_media.jpeg', 'https://cdn-media.medialabtc.it/es/agencies/mdab0/estates/619232/images/8974672/gallery_media.jpeg', 'https://cdn-media.medialabtc.it/es/agencies/mdab0/estates/619232/images/8974666/gallery_media.jpeg', 'https://cdn-media.medialabtc.it/es/agencies/mdab0/estates/619232/images/8974671/gallery_media.jpeg', 'https://cdn-media.medialabtc.it/es/agencies/mdab0/estates/619232/images/8937533/gallery_media.jpeg', 'https://cdn-media.medialabtc.it/es/agencies/mdab0/estates/619232/images/8974675/gallery_media.jpeg', 'https://cdn-media.medialabtc.it/es/agencies/mdab0/estates/619232/images/8974676/gallery_media.jpeg']",0,Reformado,0,0,0,0,0,E,0,0,"['imagenes_tecnocasa\\anuncio_98\\0.jpeg', 'imagenes_tecnocasa\\anuncio_98\\1.jpeg', 'imagenes_tecnocasa\\anuncio_98\\2.jpeg', 'imagenes_tecnocasa\\anuncio_98\\3.jpeg', 'imagenes_tecnocasa\\anuncio_98\\4.jpeg', 'imagenes_tecnocasa\\anuncio_98\\5.jpeg', 'imagenes_tecnocasa\\anuncio_98\\6.jpeg', 'imagenes_tecnocasa\\anuncio_98\\7.jpeg', 'imagenes_tecnocasa\\anuncio_98\\8.jpeg', 'imagenes_tecnocasa\\anuncio_98\\9.jpeg', 'imagenes_tecnocasa\\anuncio_98\\10.jpeg', 'imagenes_tecnocasa\\anuncio_98\\11.jpeg', 'imagenes_tecnocasa\\anuncio_98\\12.jpeg', 'imagenes_tecnocasa\\anuncio_98\\13.jpeg', 'imagenes_tecnocasa\\anuncio_98\\14.jpeg', 'imagenes_tecnocasa\\anuncio_98\\15.jpeg', 'imagenes_tecnocasa\\anuncio_98\\16.jpeg', 'imagenes_tecnocasa\\anuncio_98\\17.jpeg']",0,Popular,1957,1,0,0,piso,1,Madrid,"Vista Alegre, Madrid",40.4167047,-3.7035825,98,5100.0,81.0,58.0,0.02500000000000001,0.375,1.0,0.0,cerámica,pintura,corredera,estándar (2.4-2.8m),nada,3.8,5.2,moderno,"['#F2F2F2', '#808080', '#FFFFFF']",buena,False,convencional,normal,ninguno,ninguno,estándar,básica,ninguno,7.0,7.4,ninguna,5
https://www.tecnocasa.es/venta/piso/madrid/madrid/621147.html,170000.0,1,47.0,1,"Agencia inmobiliaria de Madrid - zona Carabanchel, Vista Alegre - Tecnocasa Estudio Carabanchel - Vista Alegre Sl
Piso en venta en la Calle Álvarez Abellán.
Consta de 1 dormitorio (antes 2 dormitorios), salón independiente, cocina y baño.
Dispone de preinstalación de Calefacción de Gas Natural y Aire Acondicionado.
Piso exterior para entrar a vivir.
Zona con variedad de servicios (supermercados, colegios, transporte público.. . )
Muy cerca de calles principales como General Ricardos y Avenida de Oporto.
Muy cerca del metro de Vista Alegre (L5) y del metro de Oporto (L5-L6).",1,1,1,1,1,1,0,1,1,1,"['https://cdn-media.medialabtc.it/es/agencies/mdab0/estates/621147/images/8997375/gallery_media.jpeg', 'https://cdn-media.medialabtc.it/es/agencies/mdab0/estates/621147/images/8997376/gallery_media.jpeg', 'https://cdn-media.medialabtc.it/es/agencies/mdab0/estates/621147/images/8997408/gallery_media.jpeg', 'https://cdn-media.medialabtc.it/es/agencies/mdab0/estates/621147/images/8997370/gallery_media.jpeg', 'https://cdn-media.medialabtc.it/es/agencies/mdab0/estates/621147/images/8997369/gallery_media.jpeg', 'https://cdn-media.medialabtc.it/es/agencies/mdab0/estates/621147/images/8997406/gallery_media.jpeg', 'https://cdn-media.medialabtc.it/es/agencies/mdab0/estates/621147/images/8997407/gallery_media.jpeg', 'https://cdn-media.medialabtc.it/es/agencies/mdab0/estates/621147/images/8997402/gallery_media.jpeg', 'https://cdn-media.medialabtc.it/es/agencies/mdab0/estates/621147/images/8997404/gallery_media.jpeg', 'https://cdn-media.medialabtc.it/es/agencies/mdab0/estates/621147/images/8997381/gallery_media.jpeg', 'https://cdn-media.medialabtc.it/es/agencies/mdab0/estates/621147/images/8997379/gallery_media.jpeg', 'https://cdn-media.medialabtc.it/es/agencies/mdab0/estates/621147/images/8997377/gallery_media.jpeg', 'https://cdn-media.medialabtc.it/es/agencies/mdab0/estates/621147/images/8997403/gallery_media.jpeg', 'https://cdn-media.medialabtc.it/es/agencies/mdab0/estates/621147/images/8997373/gallery_media.jpeg', 'https://cdn-media.medialabtc.it/es/agencies/mdab0/estates/621147/images/8997372/gallery_media.jpeg', 'https://cdn-media.medialabtc.it/es/agencies/mdab0/estates/621147/images/8997368/gallery_media.jpeg', 'https://cdn-media.medialabtc.it/es/agencies/mdab0/estates/621147/images/8992377/gallery_media.jpeg', 'https://cdn-media.medialabtc.it/es/agencies/mdab0/estates/621147/images/8997371/gallery_media.jpeg', 'https://cdn-media.medialabtc.it/es/agencies/mdab0/estates/621147/images/8992376/gallery_media.jpeg', 'https://cdn-media.medialabtc.it/es/agencies/mdab0/estates/621147/images/8992374/gallery_media.jpeg', 'https://cdn-media.medialabtc.it/es/agencies/mdab0/estates/621147/images/8997380/gallery_media.jpeg', 'https://cdn-media.medialabtc.it/es/agencies/mdab0/estates/621147/images/8992373/gallery_media.jpeg', 'https://cdn-media.medialabtc.it/es/agencies/mdab0/estates/621147/images/8997378/gallery_media.jpeg', 'https://cdn-media.medialabtc.it/es/agencies/mdab0/estates/621147/images/8992375/gallery_media.jpeg', 'https://cdn-media.medialabtc.it/es/agencies/mdab0/estates/621147/images/8997405/gallery_media.jpeg', 'https://cdn-media.medialabtc.it/es/agencies/mdab0/estates/621147/images/8997374/gallery_media.jpeg']",0,Desconocido,0,0,0,0,0,E,0,0,"['imagenes_tecnocasa\\anuncio_99\\0.jpeg', 'imagenes_tecnocasa\\anuncio_99\\1.jpeg', 'imagenes_tecnocasa\\anuncio_99\\2.jpeg', 'imagenes_tecnocasa\\anuncio_99\\3.jpeg', 'imagenes_tecnocasa\\anuncio_99\\4.jpeg', 'imagenes_tecnocasa\\anuncio_99\\5.jpeg', 'imagenes_tecnocasa\\anuncio_99\\6.jpeg', 'imagenes_tecnocasa\\anuncio_99\\7.jpeg', 'imagenes_tecnocasa\\anuncio_99\\8.jpeg', 'imagenes_tecnocasa\\anuncio_99\\9.jpeg', 'imagenes_tecnocasa\\anuncio_99\\10.jpeg', 'imagenes_tecnocasa\\anuncio_99\\11.jpeg', 'imagenes_tecnocasa\\anuncio_99\\12.jpeg', 'imagenes_tecnocasa\\anuncio_99\\13.jpeg', 'imagenes_tecnocasa\\anuncio_99\\14.jpeg', 'imagenes_tecnocasa\\anuncio_99\\15.jpeg', 'imagenes_tecnocasa\\anuncio_99\\16.jpeg', 'imagenes_tecnocasa\\anuncio_99\\17.jpeg', 'imagenes_tecnocasa\\anuncio_99\\18.jpeg', 'imagenes_tecnocasa\\anuncio_99\\19.jpeg', 'imagenes_tecnocasa\\anuncio_99\\20.jpeg', 'imagenes_tecnocasa\\anuncio_99\\21.jpeg', 'imagenes_tecnocasa\\anuncio_99\\22.jpeg', 'imagenes_tecnocasa\\anuncio_99\\23.jpeg', 'imagenes_tecnocasa\\anuncio_99\\24.jpeg', 'imagenes_tecnocasa\\anuncio_99\\25.jpeg']",1,Popular,1963,1,0,0,piso,2,Madrid,"Vista Alegre, Madrid",40.4167047,-3.7035825,99,3617.021276595745,91.0,67.0,0.07500000000000001,0.45,0.0,0.0,parquet,pintura,corredera,estándar (2.4-2.8m),nada,4.2,3.2,clásico,"['#D2B48C', '#F5F5DC', '#8B4513']",regular,False,convencional,amplio,ninguno,ninguno,estándar,básica,ninguno,7.2,6.2,ninguna,5
https://www.tecnocasa.es/venta/piso/madrid/madrid/621148.html,180000.0,3,48.0,1,"Agencia inmobiliaria de Madrid - zona Carabanchel, Vista Alegre - Tecnocasa Estudio Carabanchel - Vista Alegre Sl
Piso en venta en la Calle Álvarez Abellán.
Consta de 3 dormitorios, cocina para reformar y baño.
Dispone de Calefacción de Gas Natural y Aire Acondicionado.
Piso exterior para reformar.
Zona con variedad de servicios (supermercados, colegios, transporte público.. . )
Muy cerca de calles principales como General Ricardos y Avenida de Oporto.
Muy cerca del metro de Vista Alegre (L5) y del metro de Oporto (L5-L6).",1,1,1,1,1,1,0,1,1,1,"['https://cdn-media.medialabtc.it/es/agencies/mdab0/estates/621148/images/8992380/gallery_media.jpeg', 'https://cdn-media.medialabtc.it/es/agencies/mdab0/estates/621148/images/8997426/gallery_media.jpeg', 'https://cdn-media.medialabtc.it/es/agencies/mdab0/estates/621148/images/8997423/gallery_media.jpeg', 'https://cdn-media.medialabtc.it/es/agencies/mdab0/estates/621148/images/8997425/gallery_media.jpeg', 'https://cdn-media.medialabtc.it/es/agencies/mdab0/estates/621148/images/8997397/gallery_media.jpeg', 'https://cdn-media.medialabtc.it/es/agencies/mdab0/estates/621148/images/8997399/gallery_media.jpeg', 'https://cdn-media.medialabtc.it/es/agencies/mdab0/estates/621148/images/8997392/gallery_media.jpeg', 'https://cdn-media.medialabtc.it/es/agencies/mdab0/estates/621148/images/8997424/gallery_media.jpeg', 'https://cdn-media.medialabtc.it/es/agencies/mdab0/estates/621148/images/8997390/gallery_media.jpeg', 'https://cdn-media.medialabtc.it/es/agencies/mdab0/estates/621148/images/8997391/gallery_media.jpeg', 'https://cdn-media.medialabtc.it/es/agencies/mdab0/estates/621148/images/8997389/gallery_media.jpeg', 'https://cdn-media.medialabtc.it/es/agencies/mdab0/estates/621148/images/8997387/gallery_media.jpeg', 'https://cdn-media.medialabtc.it/es/agencies/mdab0/estates/621148/images/8997401/gallery_media.jpeg', 'https://cdn-media.medialabtc.it/es/agencies/mdab0/estates/621148/images/8997422/gallery_media.jpeg', 'https://cdn-media.medialabtc.it/es/agencies/mdab0/estates/621148/images/8992381/gallery_media.jpeg', 'https://cdn-media.medialabtc.it/es/agencies/mdab0/estates/621148/images/8997393/gallery_media.jpeg', 'https://cdn-media.medialabtc.it/es/agencies/mdab0/estates/621148/images/8997398/gallery_media.jpeg', 'https://cdn-media.medialabtc.it/es/agencies/mdab0/estates/621148/images/8997394/gallery_media.jpeg', 'https://cdn-media.medialabtc.it/es/agencies/mdab0/estates/621148/images/8992379/gallery_media.jpeg', 'https://cdn-media.medialabtc.it/es/agencies/mdab0/estates/621148/images/8992382/gallery_media.jpeg', 'https://cdn-media.medialabtc.it/es/agencies/mdab0/estates/621148/images/8997400/gallery_media.jpeg', 'https://cdn-media.medialabtc.it/es/agencies/mdab0/estates/621148/images/8997395/gallery_media.jpeg', 'https://cdn-media.medialabtc.it/es/agencies/mdab0/estates/621148/images/8992378/gallery_media.jpeg', 'https://cdn-media.medialabtc.it/es/agencies/mdab0/estates/621148/images/8997388/gallery_media.jpeg', 'https://cdn-media.medialabtc.it/es/agencies/mdab0/estates/621148/images/8997396/gallery_media.jpeg']",0,Desconocido,0,0,0,0,0,E,0,0,"['imagenes_tecnocasa\\anuncio_100\\0.jpeg', 'imagenes_tecnocasa\\anuncio_100\\1.jpeg', 'imagenes_tecnocasa\\anuncio_100\\2.jpeg', 'imagenes_tecnocasa\\anuncio_100\\3.jpeg', 'imagenes_tecnocasa\\anuncio_100\\4.jpeg', 'imagenes_tecnocasa\\anuncio_100\\5.jpeg', 'imagenes_tecnocasa\\anuncio_100\\6.jpeg', 'imagenes_tecnocasa\\anuncio_100\\7.jpeg', 'imagenes_tecnocasa\\anuncio_100\\8.jpeg', 'imagenes_tecnocasa\\anuncio_100\\9.jpeg', 'imagenes_tecnocasa\\anuncio_100\\10.jpeg', 'imagenes_tecnocasa\\anuncio_100\\11.jpeg', 'imagenes_tecnocasa\\anuncio_100\\12.jpeg', 'imagenes_tecnocasa\\anuncio_100\\13.jpeg', 'imagenes_tecnocasa\\anuncio_100\\14.jpeg', 'imagenes_tecnocasa\\anuncio_100\\15.jpeg', 'imagenes_tecnocasa\\anuncio_100\\16.jpeg', 'imagenes_tecnocasa\\anuncio_100\\17.jpeg', 'imagenes_tecnocasa\\anuncio_100\\18.jpeg', 'imagenes_tecnocasa\\anuncio_100\\19.jpeg', 'imagenes_tecnocasa\\anuncio_100\\20.jpeg', 'imagenes_tecnocasa\\anuncio_100\\21.jpeg', 'imagenes_tecnocasa\\anuncio_100\\22.jpeg', 'imagenes_tecnocasa\\anuncio_100\\23.jpeg', 'imagenes_tecnocasa\\anuncio_100\\24.jpeg']",1,Popular,1963,1,0,0,piso,2,Madrid,"Vista Alegre, Madrid",40.4167047,-3.7035825,100,3750.0,84.0,60.0,0.07500000000000001,0.45,0.0,0.0,parquet,pintura,otro,estándar (2.4-2.8m),nada,3.4,3.2,convencional,"['#F2E9E1', '#A0522D', '#DEB887']",regular,False,convencional,limitado,ninguno,ninguno,estándar,básica,ninguno,7.2,6.0,ninguna,5
https://www.tecnocasa.es/venta/piso/madrid/madrid/620019.html,235000.0,4,73.0,1,"Agencia inmobiliaria de Madrid - zona Carabanchel, Vista Alegre - Tecnocasa Estudio Carabanchel - Vista Alegre Sl
Piso en venta en la Calle Álvarez Abellán.
Consta de 4 dormitorios, salón independiente, cocina y baño.
Dispone de Calefacción Gas Natural.
Piso exterior reformado en el año 2024 (incluida fontanería y electricidad).
Zona con variedad de servicios (supermercados, colegios, transporte público.. . )
Muy cerca de calles principales como General Ricardos y Avenida de Oporto.
Muy cerca del metro de Oporto (L5-L6) y del metro de Vista Alegre (L5).",1,1,1,1,1,1,0,1,1,1,"['https://cdn-media.medialabtc.it/es/agencies/mdab0/estates/620019/images/8965961/gallery_media.jpeg', 'https://cdn-media.medialabtc.it/es/agencies/mdab0/estates/620019/images/8965955/gallery_media.jpeg', 'https://cdn-media.medialabtc.it/es/agencies/mdab0/estates/620019/images/8965926/gallery_media.jpeg', 'https://cdn-media.medialabtc.it/es/agencies/mdab0/estates/620019/images/8965976/gallery_media.jpeg', 'https://cdn-media.medialabtc.it/es/agencies/mdab0/estates/620019/images/8965963/gallery_media.jpeg', 'https://cdn-media.medialabtc.it/es/agencies/mdab0/estates/620019/images/8965957/gallery_media.jpeg', 'https://cdn-media.medialabtc.it/es/agencies/mdab0/estates/620019/images/8965965/gallery_media.jpeg', 'https://cdn-media.medialabtc.it/es/agencies/mdab0/estates/620019/images/8965969/gallery_media.jpeg', 'https://cdn-media.medialabtc.it/es/agencies/mdab0/estates/620019/images/8965962/gallery_media.jpeg', 'https://cdn-media.medialabtc.it/es/agencies/mdab0/estates/620019/images/8965958/gallery_media.jpeg', 'https://cdn-media.medialabtc.it/es/agencies/mdab0/estates/620019/images/8965967/gallery_media.jpeg', 'https://cdn-media.medialabtc.it/es/agencies/mdab0/estates/620019/images/8965968/gallery_media.jpeg', 'https://cdn-media.medialabtc.it/es/agencies/mdab0/estates/620019/images/8965974/gallery_media.jpeg', 'https://cdn-media.medialabtc.it/es/agencies/mdab0/estates/620019/images/8965979/gallery_media.jpeg', 'https://cdn-media.medialabtc.it/es/agencies/mdab0/estates/620019/images/8965978/gallery_media.jpeg', 'https://cdn-media.medialabtc.it/es/agencies/mdab0/estates/620019/images/8965964/gallery_media.jpeg', 'https://cdn-media.medialabtc.it/es/agencies/mdab0/estates/620019/images/8965960/gallery_media.jpeg', 'https://cdn-media.medialabtc.it/es/agencies/mdab0/estates/620019/images/8965973/gallery_media.jpeg', 'https://cdn-media.medialabtc.it/es/agencies/mdab0/estates/620019/images/8965959/gallery_media.jpeg', 'https://cdn-media.medialabtc.it/es/agencies/mdab0/estates/620019/images/8965966/gallery_media.jpeg', 'https://cdn-media.medialabtc.it/es/agencies/mdab0/estates/620019/images/8965954/gallery_media.jpeg', 'https://cdn-media.medialabtc.it/es/agencies/mdab0/estates/620019/images/8965975/gallery_media.jpeg', 'https://cdn-media.medialabtc.it/es/agencies/mdab0/estates/620019/images/8965971/gallery_media.jpeg', 'https://cdn-media.medialabtc.it/es/agencies/mdab0/estates/620019/images/8965956/gallery_media.jpeg', 'https://cdn-media.medialabtc.it/es/agencies/mdab0/estates/620019/images/8965972/gallery_media.jpeg', 'https://cdn-media.medialabtc.it/es/agencies/mdab0/estates/620019/images/8965977/gallery_media.jpeg', 'https://cdn-media.medialabtc.it/es/agencies/mdab0/estates/620019/images/8965970/gallery_media.jpeg']",0,Reformado,0,0,0,0,0,E,0,0,"['imagenes_tecnocasa\\anuncio_101\\0.jpeg', 'imagenes_tecnocasa\\anuncio_101\\1.jpeg', 'imagenes_tecnocasa\\anuncio_101\\2.jpeg', 'imagenes_tecnocasa\\anuncio_101\\3.jpeg', 'imagenes_tecnocasa\\anuncio_101\\4.jpeg', 'imagenes_tecnocasa\\anuncio_101\\5.jpeg', 'imagenes_tecnocasa\\anuncio_101\\6.jpeg', 'imagenes_tecnocasa\\anuncio_101\\7.jpeg', 'imagenes_tecnocasa\\anuncio_101\\8.jpeg', 'imagenes_tecnocasa\\anuncio_101\\9.jpeg', 'imagenes_tecnocasa\\anuncio_101\\10.jpeg', 'imagenes_tecnocasa\\anuncio_101\\11.jpeg', 'imagenes_tecnocasa\\anuncio_101\\12.jpeg', 'imagenes_tecnocasa\\anuncio_101\\13.jpeg', 'imagenes_tecnocasa\\anuncio_101\\14.jpeg', 'imagenes_tecnocasa\\anuncio_101\\15.jpeg', 'imagenes_tecnocasa\\anuncio_101\\16.jpeg', 'imagenes_tecnocasa\\anuncio_101\\17.jpeg', 'imagenes_tecnocasa\\anuncio_101\\18.jpeg', 'imagenes_tecnocasa\\anuncio_101\\19.jpeg', 'imagenes_tecnocasa\\anuncio_101\\20.jpeg', 'imagenes_tecnocasa\\anuncio_101\\21.jpeg', 'imagenes_tecnocasa\\anuncio_101\\22.jpeg', 'imagenes_tecnocasa\\anuncio_101\\23.jpeg', 'imagenes_tecnocasa\\anuncio_101\\24.jpeg', 'imagenes_tecnocasa\\anuncio_101\\25.jpeg', 'imagenes_tecnocasa\\anuncio_101\\26.jpeg']",0,Popular,1955,1,0,0,piso,1,Madrid,"Vista Alegre, Madrid",40.4167047,-3.7035825,101,3219.178082191781,87.0,64.0,0.07500000000000001,0.45,1.0,0.0,otro,pintura,corredera,estándar (2.4-2.8m),nada,4.2,4.6,convencional,"['#D3D3D3', '#F0F0F0', '#C0C0C0']",buena,True,convencional,limitado,ninguno,ninguno,estándar,básica,ninguno,7.4,6.4,ninguna,5
https://www.tecnocasa.es/venta/piso/madrid/madrid/622028.html,435000.0,2,81.0,1,"Agencia inmobiliaria de MADRID - ZONA SALAMANCA - FUENTE DEL BERRO - GOYA- Vende vivienda en Calle Marqués de Zafra.
Estupenda vivienda en una 2ª planta, muy luminosa. Compuesta por salón, cocina independiente completamente equipada, dos dormitorios con armario empotrado y un cuarto de baño completo con plato de
Terraza comunitaria de libre acceso para los vecinos.
La vivienda cuenta con calefacción central con individualizadores y finca con ascensor.
Ubicada a escasos metros de la calle Alcalá y la plaza de Manuel Becerra, cuenta con todo tipo de servicios en los alrededores, como, farmacias, colegios, supermercados, hospitales, zonas ajardinadas, centros deportivos, culturales y una gran red de transporte público.
Tecnocasa dispone de un servicio financiero de consulta gratuita para nuestros clientes.",1,1,1,1,1,1,0,1,1,1,"['https://cdn-media.medialabtc.it/es/agencies/mdas1/estates/622028/images/9007172/gallery_media.jpeg', 'https://cdn-media.medialabtc.it/es/agencies/mdas1/estates/622028/images/9007176/gallery_media.jpeg', 'https://cdn-media.medialabtc.it/es/agencies/mdas1/estates/622028/images/9007206/gallery_media.jpeg', 'https://cdn-media.medialabtc.it/es/agencies/mdas1/estates/622028/images/9007208/gallery_media.jpeg', 'https://cdn-media.medialabtc.it/es/agencies/mdas1/estates/622028/images/9007204/gallery_media.jpeg', 'https://cdn-media.medialabtc.it/es/agencies/mdas1/estates/622028/images/9007212/gallery_media.jpeg', 'https://cdn-media.medialabtc.it/es/agencies/mdas1/estates/622028/images/9007178/gallery_media.jpeg', 'https://cdn-media.medialabtc.it/es/agencies/mdas1/estates/622028/images/9007209/gallery_media.jpeg', 'https://cdn-media.medialabtc.it/es/agencies/mdas1/estates/622028/images/9007179/gallery_media.jpeg', 'https://cdn-media.medialabtc.it/es/agencies/mdas1/estates/622028/images/9007213/gallery_media.jpeg', 'https://cdn-media.medialabtc.it/es/agencies/mdas1/estates/622028/images/9007180/gallery_media.jpeg', 'https://cdn-media.medialabtc.it/es/agencies/mdas1/estates/622028/images/9007171/gallery_media.jpeg', 'https://cdn-media.medialabtc.it/es/agencies/mdas1/estates/622028/images/9007173/gallery_media.jpeg', 'https://cdn-media.medialabtc.it/es/agencies/mdas1/estates/622028/images/9007181/gallery_media.jpeg', 'https://cdn-media.medialabtc.it/es/agencies/mdas1/estates/622028/images/9007207/gallery_media.jpeg', 'https://cdn-media.medialabtc.it/es/agencies/mdas1/estates/622028/images/9007177/gallery_media.jpeg', 'https://cdn-media.medialabtc.it/es/agencies/mdas1/estates/622028/images/9007175/gallery_media.jpeg', 'https://cdn-media.medialabtc.it/es/agencies/mdas1/estates/622028/images/9007211/gallery_media.jpeg', 'https://cdn-media.medialabtc.it/es/agencies/mdas1/estates/622028/images/9007205/gallery_media.jpeg', 'https://cdn-media.medialabtc.it/es/agencies/mdas1/estates/622028/images/9007202/gallery_media.jpeg', 'https://cdn-media.medialabtc.it/es/agencies/mdas1/estates/622028/images/9007210/gallery_media.jpeg', 'https://cdn-media.medialabtc.it/es/agencies/mdas1/estates/622028/images/9007174/gallery_media.jpeg', 'https://cdn-media.medialabtc.it/es/agencies/mdas1/estates/622028/images/9007203/gallery_media.jpeg', 'https://cdn-media.medialabtc.it/es/agencies/mdas1/estates/622028/images/9007170/gallery_media.jpeg']",0,Desconocido,0,0,0,1,0,E,0,0,"['imagenes_tecnocasa\\anuncio_103\\0.jpeg', 'imagenes_tecnocasa\\anuncio_103\\1.jpeg', 'imagenes_tecnocasa\\anuncio_103\\2.jpeg', 'imagenes_tecnocasa\\anuncio_103\\3.jpeg', 'imagenes_tecnocasa\\anuncio_103\\4.jpeg', 'imagenes_tecnocasa\\anuncio_103\\5.jpeg', 'imagenes_tecnocasa\\anuncio_103\\6.jpeg', 'imagenes_tecnocasa\\anuncio_103\\7.jpeg', 'imagenes_tecnocasa\\anuncio_103\\8.jpeg', 'imagenes_tecnocasa\\anuncio_103\\9.jpeg', 'imagenes_tecnocasa\\anuncio_103\\10.jpeg', 'imagenes_tecnocasa\\anuncio_103\\11.jpeg', 'imagenes_tecnocasa\\anuncio_103\\12.jpeg', 'imagenes_tecnocasa\\anuncio_103\\13.jpeg', 'imagenes_tecnocasa\\anuncio_103\\14.jpeg', 'imagenes_tecnocasa\\anuncio_103\\15.jpeg', 'imagenes_tecnocasa\\anuncio_103\\16.jpeg', 'imagenes_tecnocasa\\anuncio_103\\17.jpeg', 'imagenes_tecnocasa\\anuncio_103\\18.jpeg', 'imagenes_tecnocasa\\anuncio_103\\19.jpeg', 'imagenes_tecnocasa\\anuncio_103\\20.jpeg', 'imagenes_tecnocasa\\anuncio_103\\21.jpeg', 'imagenes_tecnocasa\\anuncio_103\\22.jpeg', 'imagenes_tecnocasa\\anuncio_103\\23.jpeg']",0,Media,1967,1,0,1,piso,2,Fuente del Berro,"Fuente Del Berro, Madrid",40.424977,-3.6636998,103,5370.37037037037,121.0,91.0,0.0,0.125,0.0,0.0,otro,otro,otro,otro,nada,3.2,3.2,moderno,"['#A7D1AB', '#D3D3D3', '#FFFFFF']",regular,False,otro,otro,ninguno,ninguno,otro,otro,ninguno,6.0,6.8,ninguna,5
https://www.tecnocasa.es/venta/piso/madrid/coslada/620259.html,189900.0,2,72.0,1,"Agencia inmobiliaria Tecnocasa de COSLADA. Zona CIUDAD 70, LA ESPINILLA, PARQUE BLANCO.
RESERVADO: Descubre esta acogedora vivienda con una ubicación inmejorable en el centro de ciudad 70. La vivienda se encuentra en la calle SANTIAGO. Ideal para quienes buscan un hogar cómodo y bien ubicado. Este piso de 75 m2 REFORMADO ofrece un espacio funcional con dos dormitorios. La propiedad cuenta con un baño completo, cocina equipada. Cuenta con una GRAN TERRAZA cerrada. Construido en 1975, este hogar combina el encanto de su época con las comodidades modernas. La distribución del piso permite aprovechar al máximo cada metro cuadrado, ofreciendo un ambiente cálido y acogedor. Su ubicación en Coslada proporciona fácil acceso a servicios, transporte público y áreas comerciales, haciendo de esta propiedad una opción práctica para el día a día. No pierdas la oportunidad de visitar este piso y descubrir todo lo que tiene para ofrecer. Contáctanos para más información y para agendar una visita.",1,1,1,1,1,1,1,1,1,1,"['https://cdn-media.medialabtc.it/es/agencies/md578/estates/620259/images/8958147/gallery_media.jpeg', 'https://cdn-media.medialabtc.it/es/agencies/md578/estates/620259/images/8958043/gallery_media.jpeg', 'https://cdn-media.medialabtc.it/es/agencies/md578/estates/620259/images/8958049/gallery_media.jpeg', 'https://cdn-media.medialabtc.it/es/agencies/md578/estates/620259/images/8958047/gallery_media.jpeg', 'https://cdn-media.medialabtc.it/es/agencies/md578/estates/620259/images/9007243/gallery_media.jpeg', 'https://cdn-media.medialabtc.it/es/agencies/md578/estates/620259/images/8958318/gallery_media.jpeg', 'https://cdn-media.medialabtc.it/es/agencies/md578/estates/620259/images/8958463/gallery_media.jpeg', 'https://cdn-media.medialabtc.it/es/agencies/md578/estates/620259/images/8958228/gallery_media.jpeg', 'https://cdn-media.medialabtc.it/es/agencies/md578/estates/620259/images/8958229/gallery_media.jpeg', 'https://cdn-media.medialabtc.it/es/agencies/md578/estates/620259/images/8958230/gallery_media.jpeg', 'https://cdn-media.medialabtc.it/es/agencies/md578/estates/620259/images/8958044/gallery_media.jpeg', 'https://cdn-media.medialabtc.it/es/agencies/md578/estates/620259/images/8958050/gallery_media.jpeg', 'https://cdn-media.medialabtc.it/es/agencies/md578/estates/620259/images/8958045/gallery_media.jpeg', 'https://cdn-media.medialabtc.it/es/agencies/md578/estates/620259/images/8958048/gallery_media.jpeg', 'https://cdn-media.medialabtc.it/es/agencies/md578/estates/620259/images/8958146/gallery_media.jpeg']",0,Reformado,0,0,0,1,0,E,0,0,"['imagenes_tecnocasa\\anuncio_104\\0.jpeg', 'imagenes_tecnocasa\\anuncio_104\\1.jpeg', 'imagenes_tecnocasa\\anuncio_104\\2.jpeg', 'imagenes_tecnocasa\\anuncio_104\\3.jpeg', 'imagenes_tecnocasa\\anuncio_104\\4.jpeg', 'imagenes_tecnocasa\\anuncio_104\\5.jpeg', 'imagenes_tecnocasa\\anuncio_104\\6.jpeg', 'imagenes_tecnocasa\\anuncio_104\\7.jpeg', 'imagenes_tecnocasa\\anuncio_104\\8.jpeg', 'imagenes_tecnocasa\\anuncio_104\\9.jpeg', 'imagenes_tecnocasa\\anuncio_104\\10.jpeg', 'imagenes_tecnocasa\\anuncio_104\\11.jpeg', 'imagenes_tecnocasa\\anuncio_104\\12.jpeg', 'imagenes_tecnocasa\\anuncio_104\\13.jpeg', 'imagenes_tecnocasa\\anuncio_104\\14.jpeg']",1,Popular,1975,1,0,0,piso,1,Coslada,Coslada,40.423802,-3.5552882,104,2637.5,156.0,116.0,0.9,1.0,1.0,1.0,otro,pintura,otro,estándar (2.4-2.8m),nada,3.4,3.8,moderno,"['#FFC0CB', '#800080', '#008080']",regular,False,convencional,otro,ninguno,ninguno,otro,otro,ninguno,6.4,6.4,ninguna,5
https://www.tecnocasa.es/venta/piso/madrid/mostoles/620959.html,199000.0,4,111.0,2,"TECNOCASA ESTORIL II, VENDE: Actualmente ALQUILADO como RENTA ANTIGUA. LOS INQUILINOS TIENEN DERECHO A PERMANECER EN LA VIVIENDA DESPUES DE SU VENTA. Piso de Centro en la zona de Estoril II. Compuesto por 4 dormitorios y 2 baños, el que está en pasillo con Plato de ducha y el que está en suite con bañera ( De origen ). Cocina reformada con tendedero separado. Suelos en terrazo en toda la vivienda. Calefacción individual con los radiadores en hierro, Ventanas en hierro en todas las estancias. Terraza abierta. Orientación Sur.

Muy próximo a los diferentes medios de automoción, Hospital, Ambulatorio, Zonas Verdes, Salida a la A5.
Para cualquier duda o consulta póngase en contacto con nosotros o visítenos en calle Pintor Velázquez Nº5.

Si quiere vender su inmueble o quiere saber el precio de mercado, hacemos VALORACIONES TOTALMENTE GRATUITAS y sin compromiso. Estamos especializados en la zona ya que sólo trabajamos una zona concreta y reducida para tener la mayor exactitud dicho precio. '.",1,1,1,1,1,1,0,1,1,1,"['https://cdn-media.medialabtc.it/es/agencies/mdbmd/estates/620959/images/8983562/gallery_media.jpeg', 'https://cdn-media.medialabtc.it/es/agencies/mdbmd/estates/620959/images/8983519/gallery_media.jpeg', 'https://cdn-media.medialabtc.it/es/agencies/mdbmd/estates/620959/images/8983568/gallery_media.jpeg', 'https://cdn-media.medialabtc.it/es/agencies/mdbmd/estates/620959/images/8983567/gallery_media.jpeg', 'https://cdn-media.medialabtc.it/es/agencies/mdbmd/estates/620959/images/8983521/gallery_media.jpeg', 'https://cdn-media.medialabtc.it/es/agencies/mdbmd/estates/620959/images/8983515/gallery_media.jpeg', 'https://cdn-media.medialabtc.it/es/agencies/mdbmd/estates/620959/images/8983511/gallery_media.jpeg', 'https://cdn-media.medialabtc.it/es/agencies/mdbmd/estates/620959/images/8983516/gallery_media.jpeg', 'https://cdn-media.medialabtc.it/es/agencies/mdbmd/estates/620959/images/8983517/gallery_media.jpeg', 'https://cdn-media.medialabtc.it/es/agencies/mdbmd/estates/620959/images/8983518/gallery_media.jpeg', 'https://cdn-media.medialabtc.it/es/agencies/mdbmd/estates/620959/images/8983514/gallery_media.jpeg', 'https://cdn-media.medialabtc.it/es/agencies/mdbmd/estates/620959/images/8983565/gallery_media.jpeg', 'https://cdn-media.medialabtc.it/es/agencies/mdbmd/estates/620959/images/8983510/gallery_media.jpeg', 'https://cdn-media.medialabtc.it/es/agencies/mdbmd/estates/620959/images/8983569/gallery_media.jpeg', 'https://cdn-media.medialabtc.it/es/agencies/mdbmd/estates/620959/images/8983566/gallery_media.jpeg', 'https://cdn-media.medialabtc.it/es/agencies/mdbmd/estates/620959/images/8983563/gallery_media.jpeg', 'https://cdn-media.medialabtc.it/es/agencies/mdbmd/estates/620959/images/8983564/gallery_media.jpeg', 'https://cdn-media.medialabtc.it/es/agencies/mdbmd/estates/620959/images/8983513/gallery_media.jpeg', 'https://cdn-media.medialabtc.it/es/agencies/mdbmd/estates/620959/images/8983512/gallery_media.jpeg', 'https://cdn-media.medialabtc.it/es/agencies/mdbmd/estates/620959/images/8983520/gallery_media.jpeg']",0,Desconocido,0,0,0,1,0,Desconocida,0,0,"['imagenes_tecnocasa\\anuncio_105\\0.jpeg', 'imagenes_tecnocasa\\anuncio_105\\1.jpeg', 'imagenes_tecnocasa\\anuncio_105\\2.jpeg', 'imagenes_tecnocasa\\anuncio_105\\3.jpeg', 'imagenes_tecnocasa\\anuncio_105\\4.jpeg', 'imagenes_tecnocasa\\anuncio_105\\5.jpeg', 'imagenes_tecnocasa\\anuncio_105\\6.jpeg', 'imagenes_tecnocasa\\anuncio_105\\7.jpeg', 'imagenes_tecnocasa\\anuncio_105\\8.jpeg', 'imagenes_tecnocasa\\anuncio_105\\9.jpeg', 'imagenes_tecnocasa\\anuncio_105\\10.jpeg', 'imagenes_tecnocasa\\anuncio_105\\11.jpeg', 'imagenes_tecnocasa\\anuncio_105\\12.jpeg', 'imagenes_tecnocasa\\anuncio_105\\13.jpeg', 'imagenes_tecnocasa\\anuncio_105\\14.jpeg', 'imagenes_tecnocasa\\anuncio_105\\15.jpeg', 'imagenes_tecnocasa\\anuncio_105\\16.jpeg', 'imagenes_tecnocasa\\anuncio_105\\17.jpeg', 'imagenes_tecnocasa\\anuncio_105\\18.jpeg', 'imagenes_tecnocasa\\anuncio_105\\19.jpeg']",0,Popular,1977,0,0,1,piso,2,Móstoles,"Universidad, Móstoles",40.3238525,-3.8649214,105,1792.7927927927929,163.0,126.0,0.0,0.4,0.0,0.0,cerámica,pintura,corredera,estándar (2.4-2.8m),nada,4.4,4.4,clásico,"['#FFFFFF', '#F2E8CF', '#A0522D']",buena,False,convencional,normal,balcón,ninguno,estándar,parcialmente equipada,ninguno,7.0,6.4,ninguna,5
https://www.tecnocasa.es/venta/piso/madrid/torrejon-de-ardoz/612893.html,128000.0,1,39.0,1,"Agencia inmobiliaria Tecnocasa de TORREJON DE ARDOZ, ZONA MANCHA AMARILLA- JUNCAL vende OFICINA de 31 m2 construidos.
OFICINA REFORMADA en fantástica urbanización privada.
NO TIENE CEDULA DE HABITABILIDAD. SE PODRÁ VISITAR EN EL MES DE JUNIO.
Orientación este.
Características destacadas:
- Salón luminoso que ofrece un ambiente cálido y acogedor. Con ventilador en el techo.
- Cocina amueblada, lista para que prepares tus mejores recetas con todo lo necesario a tu alcance.
- 1 baño equipado con plato de ducha y mampara.
Calefacción radiadores eléctricos.
Caldera nueva.
La finca dispone de dos ascensores. Patio tendedero comunitario.
La vivienda está situada en una zona ya consolidada con multitud de servicios alrededor y bien comunicada por la red de transportes del municipio; a cinco minutos de la estación de Renfe SOTO DEL HENARES y a un minuto de la parada de autobús.
MUY CERCANO A LA SALIDA A-2.",0,1,1,1,1,1,0,1,1,1,"['https://cdn-media.medialabtc.it/es/agencies/md546/estates/612893/images/8792750/gallery_media.jpeg', 'https://cdn-media.medialabtc.it/es/agencies/md546/estates/612893/images/8792756/gallery_media.jpeg', 'https://cdn-media.medialabtc.it/es/agencies/md546/estates/612893/images/8792753/gallery_media.jpeg', 'https://cdn-media.medialabtc.it/es/agencies/md546/estates/612893/images/8792749/gallery_media.jpeg', 'https://cdn-media.medialabtc.it/es/agencies/md546/estates/612893/images/8937584/gallery_media.jpeg', 'https://cdn-media.medialabtc.it/es/agencies/md546/estates/612893/images/8792758/gallery_media.jpeg', 'https://cdn-media.medialabtc.it/es/agencies/md546/estates/612893/images/8792754/gallery_media.jpeg', 'https://cdn-media.medialabtc.it/es/agencies/md546/estates/612893/images/8937577/gallery_media.jpeg', 'https://cdn-media.medialabtc.it/es/agencies/md546/estates/612893/images/8792751/gallery_media.jpeg', 'https://cdn-media.medialabtc.it/es/agencies/md546/estates/612893/images/8937572/gallery_media.jpeg', 'https://cdn-media.medialabtc.it/es/agencies/md546/estates/612893/images/8937576/gallery_media.jpeg', 'https://cdn-media.medialabtc.it/es/agencies/md546/estates/612893/images/8937573/gallery_media.jpeg', 'https://cdn-media.medialabtc.it/es/agencies/md546/estates/612893/images/8937570/gallery_media.jpeg', 'https://cdn-media.medialabtc.it/es/agencies/md546/estates/612893/images/8937580/gallery_media.jpeg', 'https://cdn-media.medialabtc.it/es/agencies/md546/estates/612893/images/8937583/gallery_media.jpeg', 'https://cdn-media.medialabtc.it/es/agencies/md546/estates/612893/images/8937579/gallery_media.jpeg', 'https://cdn-media.medialabtc.it/es/agencies/md546/estates/612893/images/8937578/gallery_media.jpeg', 'https://cdn-media.medialabtc.it/es/agencies/md546/estates/612893/images/8937574/gallery_media.jpeg', 'https://cdn-media.medialabtc.it/es/agencies/md546/estates/612893/images/8937581/gallery_media.jpeg', 'https://cdn-media.medialabtc.it/es/agencies/md546/estates/612893/images/8937582/gallery_media.jpeg', 'https://cdn-media.medialabtc.it/es/agencies/md546/estates/612893/images/8937571/gallery_media.jpeg', 'https://cdn-media.medialabtc.it/es/agencies/md546/estates/612893/images/8792760/gallery_media.jpeg', 'https://cdn-media.medialabtc.it/es/agencies/md546/estates/612893/images/8937575/gallery_media.jpeg']",0,Desconocido,0,0,0,0,0,Desconocida,1,0,"['imagenes_tecnocasa\\anuncio_108\\0.jpeg', 'imagenes_tecnocasa\\anuncio_108\\1.jpeg', 'imagenes_tecnocasa\\anuncio_108\\2.jpeg', 'imagenes_tecnocasa\\anuncio_108\\3.jpeg', 'imagenes_tecnocasa\\anuncio_108\\4.jpeg', 'imagenes_tecnocasa\\anuncio_108\\5.jpeg', 'imagenes_tecnocasa\\anuncio_108\\6.jpeg', 'imagenes_tecnocasa\\anuncio_108\\7.jpeg', 'imagenes_tecnocasa\\anuncio_108\\8.jpeg', 'imagenes_tecnocasa\\anuncio_108\\9.jpeg', 'imagenes_tecnocasa\\anuncio_108\\10.jpeg', 'imagenes_tecnocasa\\anuncio_108\\11.jpeg', 'imagenes_tecnocasa\\anuncio_108\\12.jpeg', 'imagenes_tecnocasa\\anuncio_108\\13.jpeg', 'imagenes_tecnocasa\\anuncio_108\\14.jpeg', 'imagenes_tecnocasa\\anuncio_108\\15.jpeg', 'imagenes_tecnocasa\\anuncio_108\\16.jpeg', 'imagenes_tecnocasa\\anuncio_108\\17.jpeg', 'imagenes_tecnocasa\\anuncio_108\\18.jpeg', 'imagenes_tecnocasa\\anuncio_108\\19.jpeg', 'imagenes_tecnocasa\\anuncio_108\\20.jpeg', 'imagenes_tecnocasa\\anuncio_108\\21.jpeg', 'imagenes_tecnocasa\\anuncio_108\\22.jpeg']",0,Media,1995,1,0,1,piso,1,Torrejón de Ardoz,Torrejón De Ardoz,40.4587767,-3.4793343,108,3282.051282051282,146.0,118.0,0.0,0.0,1.0,0.0,parquet,pintura,corredera,estándar (2.4-2.8m),nada,4.8,6.2,moderno,"['#F2F2F2', '#A0A0A0', '#FFFFFF']",buena,True,eficiente,limitado,ninguno,ninguno,estándar,parcialmente equipada,ninguno,7.0,6.4,ninguna,5
https://www.tecnocasa.es/venta/piso/madrid/mostoles/619696.html,195000.0,3,75.0,1,"Agencia inmobiliaria de MOSTOLES, zona VILLAFONTANA II, Tecnocasa Estudio Móstoles 1SL
EN VENTA: piso en ZONA CAMINO DE LEGANES - LIBERTAD. Compuesto de entrada, cocina, salón, 3 dormitorios y baño completo. Calefacción por suelo radiante y aire acondicionado por ABIERTA. Finca sin ascensor. MUY REFORMADO.
Zona con todos los servicios cercanos, como líneas de autobús urbanas e interurbanas prácticamente en la misma puerta, además de colegios, centro de salud, hospital, comercios y supermercados. Buena orientación con vistas.",1,1,1,1,0,1,0,1,1,1,"['https://cdn-media.medialabtc.it/es/agencies/mdbm2/estates/619696/images/8948051/gallery_media.jpeg', 'https://cdn-media.medialabtc.it/es/agencies/mdbm2/estates/619696/images/8948037/gallery_media.jpeg', 'https://cdn-media.medialabtc.it/es/agencies/mdbm2/estates/619696/images/8948044/gallery_media.jpeg', 'https://cdn-media.medialabtc.it/es/agencies/mdbm2/estates/619696/images/8948053/gallery_media.jpeg', 'https://cdn-media.medialabtc.it/es/agencies/mdbm2/estates/619696/images/8948039/gallery_media.jpeg', 'https://cdn-media.medialabtc.it/es/agencies/mdbm2/estates/619696/images/8948038/gallery_media.jpeg', 'https://cdn-media.medialabtc.it/es/agencies/mdbm2/estates/619696/images/8948055/gallery_media.jpeg', 'https://cdn-media.medialabtc.it/es/agencies/mdbm2/estates/619696/images/8948045/gallery_media.jpeg', 'https://cdn-media.medialabtc.it/es/agencies/mdbm2/estates/619696/images/8948049/gallery_media.jpeg', 'https://cdn-media.medialabtc.it/es/agencies/mdbm2/estates/619696/images/8948042/gallery_media.jpeg', 'https://cdn-media.medialabtc.it/es/agencies/mdbm2/estates/619696/images/8948041/gallery_media.jpeg', 'https://cdn-media.medialabtc.it/es/agencies/mdbm2/estates/619696/images/8948052/gallery_media.jpeg', 'https://cdn-media.medialabtc.it/es/agencies/mdbm2/estates/619696/images/8948040/gallery_media.jpeg', 'https://cdn-media.medialabtc.it/es/agencies/mdbm2/estates/619696/images/8948057/gallery_media.jpeg', 'https://cdn-media.medialabtc.it/es/agencies/mdbm2/estates/619696/images/8948046/gallery_media.jpeg', 'https://cdn-media.medialabtc.it/es/agencies/mdbm2/estates/619696/images/8948043/gallery_media.jpeg', 'https://cdn-media.medialabtc.it/es/agencies/mdbm2/estates/619696/images/8948034/gallery_media.jpeg', 'https://cdn-media.medialabtc.it/es/agencies/mdbm2/estates/619696/images/8948035/gallery_media.jpeg', 'https://cdn-media.medialabtc.it/es/agencies/mdbm2/estates/619696/images/8948047/gallery_media.jpeg', 'https://cdn-media.medialabtc.it/es/agencies/mdbm2/estates/619696/images/8948048/gallery_media.jpeg', 'https://cdn-media.medialabtc.it/es/agencies/mdbm2/estates/619696/images/8948058/gallery_media.jpeg', 'https://cdn-media.medialabtc.it/es/agencies/mdbm2/estates/619696/images/8948054/gallery_media.jpeg', 'https://cdn-media.medialabtc.it/es/agencies/mdbm2/estates/619696/images/8948056/gallery_media.jpeg', 'https://cdn-media.medialabtc.it/es/agencies/mdbm2/estates/619696/images/8948036/gallery_media.jpeg']",0,Reformado,0,0,0,0,0,E,0,0,"['imagenes_tecnocasa\\anuncio_111\\0.jpeg', 'imagenes_tecnocasa\\anuncio_111\\1.jpeg', 'imagenes_tecnocasa\\anuncio_111\\2.jpeg', 'imagenes_tecnocasa\\anuncio_111\\3.jpeg', 'imagenes_tecnocasa\\anuncio_111\\4.jpeg', 'imagenes_tecnocasa\\anuncio_111\\5.jpeg', 'imagenes_tecnocasa\\anuncio_111\\6.jpeg', 'imagenes_tecnocasa\\anuncio_111\\7.jpeg', 'imagenes_tecnocasa\\anuncio_111\\8.jpeg', 'imagenes_tecnocasa\\anuncio_111\\9.jpeg', 'imagenes_tecnocasa\\anuncio_111\\10.jpeg', 'imagenes_tecnocasa\\anuncio_111\\11.jpeg', 'imagenes_tecnocasa\\anuncio_111\\12.jpeg', 'imagenes_tecnocasa\\anuncio_111\\13.jpeg', 'imagenes_tecnocasa\\anuncio_111\\14.jpeg', 'imagenes_tecnocasa\\anuncio_111\\15.jpeg', 'imagenes_tecnocasa\\anuncio_111\\16.jpeg', 'imagenes_tecnocasa\\anuncio_111\\17.jpeg', 'imagenes_tecnocasa\\anuncio_111\\18.jpeg', 'imagenes_tecnocasa\\anuncio_111\\19.jpeg', 'imagenes_tecnocasa\\anuncio_111\\20.jpeg', 'imagenes_tecnocasa\\anuncio_111\\21.jpeg', 'imagenes_tecnocasa\\anuncio_111\\22.jpeg', 'imagenes_tecnocasa\\anuncio_111\\23.jpeg']",0,Media,1975,1,0,0,piso,2,Móstoles,"Villafontana Ii, Móstoles",40.3238525,-3.8649214,111,2600.0,77.0,68.0,0.0,0.0,1.0,0.0,otro,pintura,otro,estándar (2.4-2.8m),nada,4.6,5.2,moderno,"['#FFFFFF', '#F2F2F2', '#A0A0A0']",buena,True,convencional,normal,ninguno,ninguno,estándar,básica,ninguno,7.0,6.8,ninguna,5
https://www.tecnocasa.es/venta/piso/madrid/madrid/621629.html,189000.0,2,61.0,1,"PISO EN TERCERA PLANTA CON ASCENSOR Y TERRAZA PARA ENTRAR A VIVIR
La vivienda esta formada por amplio salón comedor, 2 dormitorios amplios, cocina y cuarto de baño con plato de ducha.
Cuenta con puerta de entrada blindada, suelos de gres, ventanas de aluminio, calefacción individual eléctrica, etc.
Zona muy bien comunicada con todos los comercios y servicios en la zona, autobuses y metro línea 1 (Alto del Arenal) prácticamente en la puerta, fácil acceso a la M-30, M-40, Avenida de la Albufera, Avenida Buenos Aires, Calle Pedro Laborde y calles aledañas.
'TECNOCASA VENDE, FINANCIAMOS HASTA EL 100% SEGÚN PERFIL DEL COMPRADOR!",1,1,1,1,1,1,0,1,1,1,"['https://cdn-media.medialabtc.it/es/agencies/md010/estates/621629/images/9000794/gallery_media.jpeg', 'https://cdn-media.medialabtc.it/es/agencies/md010/estates/621629/images/9000761/gallery_media.jpeg', 'https://cdn-media.medialabtc.it/es/agencies/md010/estates/621629/images/9000793/gallery_media.jpeg', 'https://cdn-media.medialabtc.it/es/agencies/md010/estates/621629/images/9000783/gallery_media.jpeg', 'https://cdn-media.medialabtc.it/es/agencies/md010/estates/621629/images/9000784/gallery_media.jpeg', 'https://cdn-media.medialabtc.it/es/agencies/md010/estates/621629/images/9000789/gallery_media.jpeg', 'https://cdn-media.medialabtc.it/es/agencies/md010/estates/621629/images/9000788/gallery_media.jpeg', 'https://cdn-media.medialabtc.it/es/agencies/md010/estates/621629/images/9000787/gallery_media.jpeg', 'https://cdn-media.medialabtc.it/es/agencies/md010/estates/621629/images/9000782/gallery_media.jpeg', 'https://cdn-media.medialabtc.it/es/agencies/md010/estates/621629/images/9000786/gallery_media.jpeg', 'https://cdn-media.medialabtc.it/es/agencies/md010/estates/621629/images/9000759/gallery_media.jpeg', 'https://cdn-media.medialabtc.it/es/agencies/md010/estates/621629/images/9000795/gallery_media.jpeg', 'https://cdn-media.medialabtc.it/es/agencies/md010/estates/621629/images/9000791/gallery_media.jpeg', 'https://cdn-media.medialabtc.it/es/agencies/md010/estates/621629/images/9000785/gallery_media.jpeg', 'https://cdn-media.medialabtc.it/es/agencies/md010/estates/621629/images/9000792/gallery_media.jpeg', 'https://cdn-media.medialabtc.it/es/agencies/md010/estates/621629/images/9000756/gallery_media.jpeg', 'https://cdn-media.medialabtc.it/es/agencies/md010/estates/621629/images/9000758/gallery_media.jpeg', 'https://cdn-media.medialabtc.it/es/agencies/md010/estates/621629/images/9000760/gallery_media.jpeg', 'https://cdn-media.medialabtc.it/es/agencies/md010/estates/621629/images/9000757/gallery_media.jpeg', 'https://cdn-media.medialabtc.it/es/agencies/md010/estates/621629/images/9000790/gallery_media.jpeg']",0,Desconocido,0,0,0,1,0,E,0,0,"['imagenes_tecnocasa\\anuncio_112\\0.jpeg', 'imagenes_tecnocasa\\anuncio_112\\1.jpeg', 'imagenes_tecnocasa\\anuncio_112\\2.jpeg', 'imagenes_tecnocasa\\anuncio_112\\3.jpeg', 'imagenes_tecnocasa\\anuncio_112\\4.jpeg', 'imagenes_tecnocasa\\anuncio_112\\5.jpeg', 'imagenes_tecnocasa\\anuncio_112\\6.jpeg', 'imagenes_tecnocasa\\anuncio_112\\7.jpeg', 'imagenes_tecnocasa\\anuncio_112\\8.jpeg', 'imagenes_tecnocasa\\anuncio_112\\9.jpeg', 'imagenes_tecnocasa\\anuncio_112\\10.jpeg', 'imagenes_tecnocasa\\anuncio_112\\11.jpeg', 'imagenes_tecnocasa\\anuncio_112\\12.jpeg', 'imagenes_tecnocasa\\anuncio_112\\13.jpeg', 'imagenes_tecnocasa\\anuncio_112\\14.jpeg', 'imagenes_tecnocasa\\anuncio_112\\15.jpeg', 'imagenes_tecnocasa\\anuncio_112\\16.jpeg', 'imagenes_tecnocasa\\anuncio_112\\17.jpeg', 'imagenes_tecnocasa\\anuncio_112\\18.jpeg', 'imagenes_tecnocasa\\anuncio_112\\19.jpeg']",0,Popular,1965,0,0,0,piso,3,Madrid,"Palomeras - Portazgo, Madrid",40.4167047,-3.7035825,112,3098.3606557377047,102.0,87.0,0.0,0.4,1.0,0.0,cerámica,pintura,corredera,estándar (2.4-2.8m),nada,3.6,2.8,clásico,"['#F5F5DC', '#A0522D', '#FFFFFF']",regular,False,convencional,limitado,ninguno,ninguno,estándar,parcialmente equipada,ninguno,6.2,6.8,ninguna,5
https://www.tecnocasa.es/venta/piso/madrid/madrid/619207.html,595000.0,2,96.0,2,"Agencia inmobiliaria de Madrid zona Jerónimos, Pacífico, Niño Jesús Tecnocasa Jerónimos Y Pacifico Asesores SLU.
EN VENTA: Piso en zona privilegiada en pleno corazón del barrio de Pacífico.
Situado en primera planta exterior, el edificio dispone de ascensor, calefacción individual, PISCINA, zonas comunes y portero físico.
La vivienda cuenta con 96 metros2 según catastro, armarios empotrados y en buenas condiciones ¡Listo para entrar a vivir!
Actualmente el piso se distribuye en:

- Dos dormitorios con armario empotrados (posibilidad de hacer tercera habitación)

- Amplio salón exterior con ventana grande
- Dos baños completos
- Cocina independiente

La zona dispone de todos los servicios básicos: supermercados, centros educativos públicos y privados, hospitales, centros deportivos y una amplia oferta cultural, gastronómica y de ocio en general. Muy cerca de Atocha y el Parque del Retiro.

Respecto a movilidad, dispone de una gran oferta de transporte público, de numerosas líneas de autobús de la EMT en las inmediaciones de la finca. Muy cerca también a las estaciones de Atocha (tren y metro) y Méndez Álvaro (autobuses)

No lo dude y contacte con nosotros para requerir más información y/o concertar una visita.",1,1,1,1,1,1,0,1,1,1,"['https://cdn-media.medialabtc.it/es/agencies/md635/estates/619207/images/8933869/gallery_media.jpeg', 'https://cdn-media.medialabtc.it/es/agencies/md635/estates/619207/images/8933873/gallery_media.jpeg', 'https://cdn-media.medialabtc.it/es/agencies/md635/estates/619207/images/8932339/gallery_media.jpeg', 'https://cdn-media.medialabtc.it/es/agencies/md635/estates/619207/images/8932359/gallery_media.jpeg', 'https://cdn-media.medialabtc.it/es/agencies/md635/estates/619207/images/8933864/gallery_media.jpeg', 'https://cdn-media.medialabtc.it/es/agencies/md635/estates/619207/images/8932340/gallery_media.jpeg', 'https://cdn-media.medialabtc.it/es/agencies/md635/estates/619207/images/8933794/gallery_media.jpeg', 'https://cdn-media.medialabtc.it/es/agencies/md635/estates/619207/images/8933871/gallery_media.jpeg', 'https://cdn-media.medialabtc.it/es/agencies/md635/estates/619207/images/8933866/gallery_media.jpeg', 'https://cdn-media.medialabtc.it/es/agencies/md635/estates/619207/images/8932363/gallery_media.jpeg', 'https://cdn-media.medialabtc.it/es/agencies/md635/estates/619207/images/8933801/gallery_media.jpeg', 'https://cdn-media.medialabtc.it/es/agencies/md635/estates/619207/images/8933800/gallery_media.jpeg', 'https://cdn-media.medialabtc.it/es/agencies/md635/estates/619207/images/8933872/gallery_media.jpeg', 'https://cdn-media.medialabtc.it/es/agencies/md635/estates/619207/images/8933798/gallery_media.jpeg', 'https://cdn-media.medialabtc.it/es/agencies/md635/estates/619207/images/8932360/gallery_media.jpeg', 'https://cdn-media.medialabtc.it/es/agencies/md635/estates/619207/images/8933867/gallery_media.jpeg', 'https://cdn-media.medialabtc.it/es/agencies/md635/estates/619207/images/8932364/gallery_media.jpeg', 'https://cdn-media.medialabtc.it/es/agencies/md635/estates/619207/images/8933796/gallery_media.jpeg', 'https://cdn-media.medialabtc.it/es/agencies/md635/estates/619207/images/8934263/gallery_media.jpeg', 'https://cdn-media.medialabtc.it/es/agencies/md635/estates/619207/images/8933870/gallery_media.jpeg', 'https://cdn-media.medialabtc.it/es/agencies/md635/estates/619207/images/8933795/gallery_media.jpeg', 'https://cdn-media.medialabtc.it/es/agencies/md635/estates/619207/images/8933797/gallery_media.jpeg', 'https://cdn-media.medialabtc.it/es/agencies/md635/estates/619207/images/8933863/gallery_media.jpeg', 'https://cdn-media.medialabtc.it/es/agencies/md635/estates/619207/images/8933799/gallery_media.jpeg', 'https://cdn-media.medialabtc.it/es/agencies/md635/estates/619207/images/8933874/gallery_media.jpeg', 'https://cdn-media.medialabtc.it/es/agencies/md635/estates/619207/images/8932358/gallery_media.jpeg', 'https://cdn-media.medialabtc.it/es/agencies/md635/estates/619207/images/8933862/gallery_media.jpeg', 'https://cdn-media.medialabtc.it/es/agencies/md635/estates/619207/images/8933868/gallery_media.jpeg']",0,Desconocido,0,0,1,0,1,E,0,0,"['imagenes_tecnocasa\\anuncio_113\\0.jpeg', 'imagenes_tecnocasa\\anuncio_113\\1.jpeg', 'imagenes_tecnocasa\\anuncio_113\\2.jpeg', 'imagenes_tecnocasa\\anuncio_113\\3.jpeg', 'imagenes_tecnocasa\\anuncio_113\\4.jpeg', 'imagenes_tecnocasa\\anuncio_113\\5.jpeg', 'imagenes_tecnocasa\\anuncio_113\\6.jpeg', 'imagenes_tecnocasa\\anuncio_113\\7.jpeg', 'imagenes_tecnocasa\\anuncio_113\\8.jpeg', 'imagenes_tecnocasa\\anuncio_113\\9.jpeg', 'imagenes_tecnocasa\\anuncio_113\\10.jpeg', 'imagenes_tecnocasa\\anuncio_113\\11.jpeg', 'imagenes_tecnocasa\\anuncio_113\\12.jpeg', 'imagenes_tecnocasa\\anuncio_113\\13.jpeg', 'imagenes_tecnocasa\\anuncio_113\\14.jpeg', 'imagenes_tecnocasa\\anuncio_113\\15.jpeg', 'imagenes_tecnocasa\\anuncio_113\\16.jpeg', 'imagenes_tecnocasa\\anuncio_113\\17.jpeg', 'imagenes_tecnocasa\\anuncio_113\\18.jpeg', 'imagenes_tecnocasa\\anuncio_113\\19.jpeg', 'imagenes_tecnocasa\\anuncio_113\\20.jpeg', 'imagenes_tecnocasa\\anuncio_113\\21.jpeg', 'imagenes_tecnocasa\\anuncio_113\\22.jpeg', 'imagenes_tecnocasa\\anuncio_113\\23.jpeg', 'imagenes_tecnocasa\\anuncio_113\\24.jpeg', 'imagenes_tecnocasa\\anuncio_113\\25.jpeg', 'imagenes_tecnocasa\\anuncio_113\\26.jpeg', 'imagenes_tecnocasa\\anuncio_113\\27.jpeg']",1,Señorial,1972,1,0,1,piso,2,Madrid,Madrid,40.4167047,-3.7035825,113,6197.916666666667,188.0,134.0,0.05000000000000001,0.3333333333333333,1.0,0.0,parquet,pintura,corredera,estándar (2.4-2.8m),nada,3.6,4.8,moderno,"['#F2E2D5', '#E0B08B', '#A0522D']",buena,False,convencional,limitado,ninguno,ninguno,estándar,básica,ninguno,6.4,7.0,ninguna,5
https://www.tecnocasa.es/venta/piso/madrid/madrid/620968.html,660000.0,3,112.0,2,"Agencia inmobiliaria de Madrid zona Jerónimos, Pacífico, Niño Jesús Tecnocasa Jerónimos Y Pacifico Asesores.

EN VENTA: Piso en zona privilegiada en pleno corazón del barrio de Pacífico.
Situado en quinta planta interior a patio de manzana CON MUCHA LUZ, el edificio dispone de ascensor, calefacción individual, GARAJE, zonas comunes y portero físico.

La vivienda cuenta con 112 metros2 según catastro, armarios empotrados y en buenas condiciones ¡Listo para entrar a vivir!

Actualmente el piso se distribuye en:

- Tres dormitorios con armario empotrados
- Amplio salón MUY LUMINOSO
- Dos baños completos
- Cocina independiente CON TERRAZA
-Dispone de garaje

La zona dispone de todos los servicios básicos: supermercados, centros educativos públicos y privados, hospitales, centros deportivos y una amplia oferta cultural, gastronómica y de ocio en general. Muy cerca de Atocha y el Parque del Retiro.

Respecto a movilidad, dispone de una gran oferta de transporte público, de numerosas líneas de autobús de la EMT en las inmediaciones de la finca. Muy cerca también a las estaciones de Atocha (tren y metro) y Méndez Álvaro (autobuses)

No lo dude y contacte con nosotros para requerir más información y/o concertar una visita.",1,0,1,1,1,1,0,1,1,1,"['https://cdn-media.medialabtc.it/es/agencies/md635/estates/620968/images/8984779/gallery_media.jpeg', 'https://cdn-media.medialabtc.it/es/agencies/md635/estates/620968/images/8984812/gallery_media.jpeg', 'https://cdn-media.medialabtc.it/es/agencies/md635/estates/620968/images/8984775/gallery_media.jpeg', 'https://cdn-media.medialabtc.it/es/agencies/md635/estates/620968/images/8984813/gallery_media.jpeg', 'https://cdn-media.medialabtc.it/es/agencies/md635/estates/620968/images/8984777/gallery_media.jpeg', 'https://cdn-media.medialabtc.it/es/agencies/md635/estates/620968/images/8984805/gallery_media.jpeg', 'https://cdn-media.medialabtc.it/es/agencies/md635/estates/620968/images/8984808/gallery_media.jpeg', 'https://cdn-media.medialabtc.it/es/agencies/md635/estates/620968/images/8984807/gallery_media.jpeg', 'https://cdn-media.medialabtc.it/es/agencies/md635/estates/620968/images/8987939/gallery_media.jpeg', 'https://cdn-media.medialabtc.it/es/agencies/md635/estates/620968/images/8984781/gallery_media.jpeg', 'https://cdn-media.medialabtc.it/es/agencies/md635/estates/620968/images/8984811/gallery_media.jpeg', 'https://cdn-media.medialabtc.it/es/agencies/md635/estates/620968/images/8984776/gallery_media.jpeg', 'https://cdn-media.medialabtc.it/es/agencies/md635/estates/620968/images/8984804/gallery_media.jpeg', 'https://cdn-media.medialabtc.it/es/agencies/md635/estates/620968/images/8984809/gallery_media.jpeg', 'https://cdn-media.medialabtc.it/es/agencies/md635/estates/620968/images/8984810/gallery_media.jpeg', 'https://cdn-media.medialabtc.it/es/agencies/md635/estates/620968/images/8984774/gallery_media.jpeg', 'https://cdn-media.medialabtc.it/es/agencies/md635/estates/620968/images/8984780/gallery_media.jpeg', 'https://cdn-media.medialabtc.it/es/agencies/md635/estates/620968/images/8984806/gallery_media.jpeg', 'https://cdn-media.medialabtc.it/es/agencies/md635/estates/620968/images/8984802/gallery_media.jpeg', 'https://cdn-media.medialabtc.it/es/agencies/md635/estates/620968/images/8984814/gallery_media.jpeg', 'https://cdn-media.medialabtc.it/es/agencies/md635/estates/620968/images/8984778/gallery_media.jpeg']",0,Desconocido,1,0,0,1,1,E,0,0,"['imagenes_tecnocasa\\anuncio_114\\0.jpeg', 'imagenes_tecnocasa\\anuncio_114\\1.jpeg', 'imagenes_tecnocasa\\anuncio_114\\2.jpeg', 'imagenes_tecnocasa\\anuncio_114\\3.jpeg', 'imagenes_tecnocasa\\anuncio_114\\4.jpeg', 'imagenes_tecnocasa\\anuncio_114\\5.jpeg', 'imagenes_tecnocasa\\anuncio_114\\6.jpeg', 'imagenes_tecnocasa\\anuncio_114\\7.jpeg', 'imagenes_tecnocasa\\anuncio_114\\8.jpeg', 'imagenes_tecnocasa\\anuncio_114\\9.jpeg', 'imagenes_tecnocasa\\anuncio_114\\10.jpeg', 'imagenes_tecnocasa\\anuncio_114\\11.jpeg', 'imagenes_tecnocasa\\anuncio_114\\12.jpeg', 'imagenes_tecnocasa\\anuncio_114\\13.jpeg', 'imagenes_tecnocasa\\anuncio_114\\14.jpeg', 'imagenes_tecnocasa\\anuncio_114\\15.jpeg', 'imagenes_tecnocasa\\anuncio_114\\16.jpeg', 'imagenes_tecnocasa\\anuncio_114\\17.jpeg', 'imagenes_tecnocasa\\anuncio_114\\18.jpeg', 'imagenes_tecnocasa\\anuncio_114\\19.jpeg', 'imagenes_tecnocasa\\anuncio_114\\20.jpeg']",1,Popular,1946,1,0,1,piso,3,Madrid,Madrid,40.4167047,-3.7035825,114,5892.857142857143,192.0,137.0,0.05000000000000001,0.3333333333333333,2.0,0.0,parquet,pintura,ninguna visible,estándar (2.4-2.8m),nada,3.2,3.8,convencional,"['#FFFFFF', '#E0E0E0', '#D2691E']",regular,False,convencional,limitado,ninguno,ninguno,estándar,básica,ninguno,5.6,6.2,ninguna,5
https://www.tecnocasa.es/venta/piso/madrid/madrid/618366.html,680000.0,3,112.0,2,"Agencia inmobiliaria de Madrid zona Jerónimos, Pacífico, Niño Jesús Tecnocasa Jerónimos Y Pacífico Asesores SLU.
REPORTAJE FOTOFRAGIFO PROXIMAMENTE, contacte con nosotros para ampliar información

EN VENTA: Piso en zona privilegiada en pleno corazón del barrio de Pacífico.

Situado en séptima planta, el edificio dispone de ascensor, calefacción central y portero físico.

La vivienda cuenta con 112m2 según catastro, armarios empotrados y gran potencial de reforma y distribución.

Actualmente el piso se distribuye en:

- Tres dormitorios

- Amplio salón con acceso a terraza

- Terraza

- Dos baños completos

- Cocina independiente

La zona dispone de todos los servicios básicos: supermercados, centros educativos públicos y privados, hospitales, centros deportivos y una amplia oferta cultural, gastronómica y de ocio en general. Muy certa de Atocha y el Parque del Retiro.

Respecto a movilidad, dispone de una gran oferta de transporte público, de numerosas líneas de autobús de la EMT en las inmediaciones de la finca. Muy cerca también a las estaciones de Atocha (tren y metro) y Méndez Álvaro (autobuses)

No lo dude y contacte con nosotros para requerir más información y/o concertar una visita.",1,1,1,1,1,1,0,1,1,1,"['https://cdn-media.medialabtc.it/es/agencies/md635/estates/618366/images/8947391/gallery_media.jpeg', 'https://cdn-media.medialabtc.it/es/agencies/md635/estates/618366/images/8947386/gallery_media.jpeg', 'https://cdn-media.medialabtc.it/es/agencies/md635/estates/618366/images/8947378/gallery_media.jpeg', 'https://cdn-media.medialabtc.it/es/agencies/md635/estates/618366/images/8947376/gallery_media.jpeg', 'https://cdn-media.medialabtc.it/es/agencies/md635/estates/618366/images/8947375/gallery_media.jpeg', 'https://cdn-media.medialabtc.it/es/agencies/md635/estates/618366/images/8947382/gallery_media.jpeg', 'https://cdn-media.medialabtc.it/es/agencies/md635/estates/618366/images/8913967/gallery_media.jpeg', 'https://cdn-media.medialabtc.it/es/agencies/md635/estates/618366/images/8947383/gallery_media.jpeg', 'https://cdn-media.medialabtc.it/es/agencies/md635/estates/618366/images/8947387/gallery_media.jpeg', 'https://cdn-media.medialabtc.it/es/agencies/md635/estates/618366/images/8947377/gallery_media.jpeg', 'https://cdn-media.medialabtc.it/es/agencies/md635/estates/618366/images/8947392/gallery_media.jpeg', 'https://cdn-media.medialabtc.it/es/agencies/md635/estates/618366/images/8913960/gallery_media.jpeg', 'https://cdn-media.medialabtc.it/es/agencies/md635/estates/618366/images/8947385/gallery_media.jpeg', 'https://cdn-media.medialabtc.it/es/agencies/md635/estates/618366/images/8947384/gallery_media.jpeg', 'https://cdn-media.medialabtc.it/es/agencies/md635/estates/618366/images/8947380/gallery_media.jpeg', 'https://cdn-media.medialabtc.it/es/agencies/md635/estates/618366/images/8947390/gallery_media.jpeg', 'https://cdn-media.medialabtc.it/es/agencies/md635/estates/618366/images/8913962/gallery_media.jpeg', 'https://cdn-media.medialabtc.it/es/agencies/md635/estates/618366/images/8913969/gallery_media.jpeg', 'https://cdn-media.medialabtc.it/es/agencies/md635/estates/618366/images/8947381/gallery_media.jpeg']",0,Desconocido,0,0,0,1,1,Desconocida,0,0,"['imagenes_tecnocasa\\anuncio_115\\0.jpeg', 'imagenes_tecnocasa\\anuncio_115\\1.jpeg', 'imagenes_tecnocasa\\anuncio_115\\2.jpeg', 'imagenes_tecnocasa\\anuncio_115\\3.jpeg', 'imagenes_tecnocasa\\anuncio_115\\4.jpeg', 'imagenes_tecnocasa\\anuncio_115\\5.jpeg', 'imagenes_tecnocasa\\anuncio_115\\6.jpeg', 'imagenes_tecnocasa\\anuncio_115\\7.jpeg', 'imagenes_tecnocasa\\anuncio_115\\8.jpeg', 'imagenes_tecnocasa\\anuncio_115\\9.jpeg', 'imagenes_tecnocasa\\anuncio_115\\10.jpeg', 'imagenes_tecnocasa\\anuncio_115\\11.jpeg', 'imagenes_tecnocasa\\anuncio_115\\12.jpeg', 'imagenes_tecnocasa\\anuncio_115\\13.jpeg', 'imagenes_tecnocasa\\anuncio_115\\14.jpeg', 'imagenes_tecnocasa\\anuncio_115\\15.jpeg', 'imagenes_tecnocasa\\anuncio_115\\16.jpeg', 'imagenes_tecnocasa\\anuncio_115\\17.jpeg', 'imagenes_tecnocasa\\anuncio_115\\18.jpeg']",1,Señorial,1947,1,0,1,piso,3,Madrid,Madrid,40.4167047,-3.7035825,115,6071.428571428572,184.0,128.0,0.05000000000000001,0.2833333333333333,1.0,0.0,otro,pintura,corredera,estándar (2.4-2.8m),nada,3.8,4.6,moderno,"['#A7C4BC', '#D2B48C', '#A0522D']",buena,False,convencional,limitado,ninguno,ninguno,estándar,básica,ninguno,6.4,7.0,ninguna,5
https://www.tecnocasa.es/venta/atico/madrid/madrid/618008.html,1100000.0,3,113.0,1,"Agencia inmobiliaria de Madrid zona Jerónimos, Pacífico, Niño Jesús Tecnocasa Jerónimos Y Pacífico Asesores SLU.
EN VENTA: Ático en zona privilegiada con visitas espectaculares al Retiro y la Sierra de Madrid
Situado en séptima planta, el edificio dispone de ascensor, calefacción central, portero físico y TRASTERO.
La vivienda cuenta con 113m2 según catastro, armarios empotrados y gran potencial de reforma y distribución.
Actualmente el piso se distribuye en:
- Amplia entrada con recibidor
- Amplio salón con acceso a terraza
- Terraza con vistas al Retiro y a la Sierra de Madrid
- Tres dormitorios con armarios empotrados
- Baño con plato de ducha
- Cocina independiente
La zona dispone de todos los servicios básicos: supermercados, centros educativos públicos y privados, hospitales, centros deportivos y una amplia oferta cultural, gastronómica y de ocio en general. Junto al Parque del Buen Retiro.
Respecto a movilidad, dispone de una gran oferta de transporte público, de numerosas líneas de autobús de la EMT en las inmediaciones de la finca. Muy cerca también a las estaciones de Atocha (tren y metro) y Méndez Álvaro (autobuses)
No lo dude y contacte con nosotros para requerir más información y/o concertar una visita.",1,1,1,1,1,1,1,1,1,1,"['https://cdn-media.medialabtc.it/es/agencies/md635/estates/618008/images/8906019/gallery_media.jpeg', 'https://cdn-media.medialabtc.it/es/agencies/md635/estates/618008/images/8906018/gallery_media.jpeg', 'https://cdn-media.medialabtc.it/es/agencies/md635/estates/618008/images/8906013/gallery_media.jpeg', 'https://cdn-media.medialabtc.it/es/agencies/md635/estates/618008/images/8907905/gallery_media.jpeg', 'https://cdn-media.medialabtc.it/es/agencies/md635/estates/618008/images/8906047/gallery_media.jpeg', 'https://cdn-media.medialabtc.it/es/agencies/md635/estates/618008/images/8906017/gallery_media.jpeg', 'https://cdn-media.medialabtc.it/es/agencies/md635/estates/618008/images/8906010/gallery_media.jpeg', 'https://cdn-media.medialabtc.it/es/agencies/md635/estates/618008/images/8906043/gallery_media.jpeg', 'https://cdn-media.medialabtc.it/es/agencies/md635/estates/618008/images/8906049/gallery_media.jpeg', 'https://cdn-media.medialabtc.it/es/agencies/md635/estates/618008/images/8906053/gallery_media.jpeg', 'https://cdn-media.medialabtc.it/es/agencies/md635/estates/618008/images/8906014/gallery_media.jpeg', 'https://cdn-media.medialabtc.it/es/agencies/md635/estates/618008/images/8906016/gallery_media.jpeg', 'https://cdn-media.medialabtc.it/es/agencies/md635/estates/618008/images/8906050/gallery_media.jpeg', 'https://cdn-media.medialabtc.it/es/agencies/md635/estates/618008/images/8906056/gallery_media.jpeg', 'https://cdn-media.medialabtc.it/es/agencies/md635/estates/618008/images/8906045/gallery_media.jpeg', 'https://cdn-media.medialabtc.it/es/agencies/md635/estates/618008/images/8906021/gallery_media.jpeg', 'https://cdn-media.medialabtc.it/es/agencies/md635/estates/618008/images/8906052/gallery_media.jpeg', 'https://cdn-media.medialabtc.it/es/agencies/md635/estates/618008/images/8906044/gallery_media.jpeg', 'https://cdn-media.medialabtc.it/es/agencies/md635/estates/618008/images/8906046/gallery_media.jpeg', 'https://cdn-media.medialabtc.it/es/agencies/md635/estates/618008/images/8906042/gallery_media.jpeg', 'https://cdn-media.medialabtc.it/es/agencies/md635/estates/618008/images/8906015/gallery_media.jpeg', 'https://cdn-media.medialabtc.it/es/agencies/md635/estates/618008/images/8906012/gallery_media.jpeg', 'https://cdn-media.medialabtc.it/es/agencies/md635/estates/618008/images/8906020/gallery_media.jpeg', 'https://cdn-media.medialabtc.it/es/agencies/md635/estates/618008/images/8906051/gallery_media.jpeg', 'https://cdn-media.medialabtc.it/es/agencies/md635/estates/618008/images/8906055/gallery_media.jpeg', 'https://cdn-media.medialabtc.it/es/agencies/md635/estates/618008/images/8906054/gallery_media.jpeg', 'https://cdn-media.medialabtc.it/es/agencies/md635/estates/618008/images/8906048/gallery_media.jpeg', 'https://cdn-media.medialabtc.it/es/agencies/md635/estates/618008/images/8906011/gallery_media.jpeg']",1,Desconocido,0,1,0,1,1,E,0,0,"['imagenes_tecnocasa\\anuncio_116\\0.jpeg', 'imagenes_tecnocasa\\anuncio_116\\1.jpeg', 'imagenes_tecnocasa\\anuncio_116\\2.jpeg', 'imagenes_tecnocasa\\anuncio_116\\3.jpeg', 'imagenes_tecnocasa\\anuncio_116\\4.jpeg', 'imagenes_tecnocasa\\anuncio_116\\5.jpeg', 'imagenes_tecnocasa\\anuncio_116\\6.jpeg', 'imagenes_tecnocasa\\anuncio_116\\7.jpeg', 'imagenes_tecnocasa\\anuncio_116\\8.jpeg', 'imagenes_tecnocasa\\anuncio_116\\9.jpeg', 'imagenes_tecnocasa\\anuncio_116\\10.jpeg', 'imagenes_tecnocasa\\anuncio_116\\11.jpeg', 'imagenes_tecnocasa\\anuncio_116\\12.jpeg', 'imagenes_tecnocasa\\anuncio_116\\13.jpeg', 'imagenes_tecnocasa\\anuncio_116\\14.jpeg', 'imagenes_tecnocasa\\anuncio_116\\15.jpeg', 'imagenes_tecnocasa\\anuncio_116\\16.jpeg', 'imagenes_tecnocasa\\anuncio_116\\17.jpeg', 'imagenes_tecnocasa\\anuncio_116\\18.jpeg', 'imagenes_tecnocasa\\anuncio_116\\19.jpeg', 'imagenes_tecnocasa\\anuncio_116\\20.jpeg', 'imagenes_tecnocasa\\anuncio_116\\21.jpeg', 'imagenes_tecnocasa\\anuncio_116\\22.jpeg', 'imagenes_tecnocasa\\anuncio_116\\23.jpeg', 'imagenes_tecnocasa\\anuncio_116\\24.jpeg', 'imagenes_tecnocasa\\anuncio_116\\25.jpeg', 'imagenes_tecnocasa\\anuncio_116\\26.jpeg', 'imagenes_tecnocasa\\anuncio_116\\27.jpeg']",0,Señorial,1957,1,0,1,atico,4,Madrid,Madrid,40.4167047,-3.7035825,116,9734.513274336283,196.0,131.0,0.05000000000000001,0.2833333333333333,1.0,0.0,otro,pintura,corredera,estándar (2.4-2.8m),nada,4.8,4.2,clásico,"['#FFFFFF', '#000000', '#D3D3D3']",buena,False,convencional,limitado,ninguno,ninguno,estándar,básica,ninguno,6.8,7.2,ninguna,5
https://www.tecnocasa.es/venta/piso/madrid/madrid/606920.html,199900.0,1,41.0,1,"Agencia inmobiliaria de Madrid - Tecnocasa Consulting Estudio Tribunal Centro S. L. vende piso en San Vicente de Ferrer.
Encanto y funcionalidad en el corazón de Malasaña
Ubicado en la calle San Vicente de Ferrer, este apartamento es una oportunidad única para quienes buscan un hogar bien distribuido en una de las zonas más vibrantes de Madrid.
Cada rincón de esta vivienda está diseñado para aprovechar al máximo el espacio, ofreciendo comodidad y funcionalidad en un entorno inmejorable.
Cuenta con una acogedora habitación equipada con profundos armarios empotrados, ideales para mantener el orden sin sacrificar espacio. El salón, bien integrado, ofrece un ambiente práctico y cómodo, perfecto para relajarse o compartir momentos con amigos. La cocina independiente permite cocinar con total comodidad sin interferir en la zona de estar, mientras que el baño, equipado con bañera, añade un extra de confort poco común en viviendas de este tamaño.
Ubicado en pleno Malasaña, este apartamento se encuentra rodeado de cafeterías con encanto, bares con historia, tiendas vintage y una oferta cultural y gastronómica única. Además, la zona cuenta con una excelente comunicación mediante metro
En cuanto a los servicios que ofrece el edificio, cabe destacar su ubicación en una de las zonas más codiciadas de la capital. Cada calle y rincón de este barrio desprende un encanto especial, fusionando la historia de Madrid con la modernidad y el dinamismo de una gran ciudad.
Esta vivienda se encuentra en el corazón de Malasaña, uno de los barrios con más personalidad de Madrid, rodeada de calles emblemáticas como Gran Vía, Fuencarral, San Bernardo y Carranza. Un lugar vibrante que ha sabido reinventarse sin perder su esencia, ideal para disfrutar de su variada oferta gastronómica, descubrir comercios alternativos, sumergirse en la vida nocturna o simplemente relajarse con una cerveza al sol en alguna de sus acogedoras terrazas.
La zona cuenta con una excelente comunicación gracias a las estaciones de metro Tribunal (L1 y L10), Gran Vía (L1 y L5), Callao (L3 y L5), Bilbao (L1 y L4) y San Bernardo (L2 y L4), además de diversas líneas de autobús y todo tipo de servicios, como bancos, comercios y supermercados.
Una oportunidad única para vivir en una de las mejores zonas del centro de Madrid.",1,0,1,1,1,1,1,1,1,1,"['https://cdn-media.medialabtc.it/es/agencies/md063/estates/606920/images/8690080/gallery_media.jpeg', 'https://cdn-media.medialabtc.it/es/agencies/md063/estates/606920/images/8690076/gallery_media.jpeg', 'https://cdn-media.medialabtc.it/es/agencies/md063/estates/606920/images/8690078/gallery_media.jpeg', 'https://cdn-media.medialabtc.it/es/agencies/md063/estates/606920/images/8690082/gallery_media.jpeg', 'https://cdn-media.medialabtc.it/es/agencies/md063/estates/606920/images/8690072/gallery_media.jpeg', 'https://cdn-media.medialabtc.it/es/agencies/md063/estates/606920/images/8690068/gallery_media.jpeg', 'https://cdn-media.medialabtc.it/es/agencies/md063/estates/606920/images/8690083/gallery_media.jpeg', 'https://cdn-media.medialabtc.it/es/agencies/md063/estates/606920/images/8690073/gallery_media.jpeg', 'https://cdn-media.medialabtc.it/es/agencies/md063/estates/606920/images/8690069/gallery_media.jpeg', 'https://cdn-media.medialabtc.it/es/agencies/md063/estates/606920/images/8690067/gallery_media.jpeg', 'https://cdn-media.medialabtc.it/es/agencies/md063/estates/606920/images/8690070/gallery_media.jpeg', 'https://cdn-media.medialabtc.it/es/agencies/md063/estates/606920/images/8982011/gallery_media.jpeg', 'https://cdn-media.medialabtc.it/es/agencies/md063/estates/606920/images/8690066/gallery_media.jpeg', 'https://cdn-media.medialabtc.it/es/agencies/md063/estates/606920/images/8690071/gallery_media.jpeg', 'https://cdn-media.medialabtc.it/es/agencies/md063/estates/606920/images/8690077/gallery_media.jpeg', 'https://cdn-media.medialabtc.it/es/agencies/md063/estates/606920/images/8690074/gallery_media.jpeg', 'https://cdn-media.medialabtc.it/es/agencies/md063/estates/606920/images/8690075/gallery_media.jpeg', 'https://cdn-media.medialabtc.it/es/agencies/md063/estates/606920/images/8982010/gallery_media.jpeg', 'https://cdn-media.medialabtc.it/es/agencies/md063/estates/606920/images/8690081/gallery_media.jpeg', 'https://cdn-media.medialabtc.it/es/agencies/md063/estates/606920/images/8690079/gallery_media.jpeg']",0,Desconocido,0,0,0,0,0,E,1,0,"['imagenes_tecnocasa\\anuncio_117\\0.jpeg', 'imagenes_tecnocasa\\anuncio_117\\1.jpeg', 'imagenes_tecnocasa\\anuncio_117\\2.jpeg', 'imagenes_tecnocasa\\anuncio_117\\3.jpeg', 'imagenes_tecnocasa\\anuncio_117\\4.jpeg', 'imagenes_tecnocasa\\anuncio_117\\5.jpeg', 'imagenes_tecnocasa\\anuncio_117\\6.jpeg', 'imagenes_tecnocasa\\anuncio_117\\7.jpeg', 'imagenes_tecnocasa\\anuncio_117\\8.jpeg', 'imagenes_tecnocasa\\anuncio_117\\9.jpeg', 'imagenes_tecnocasa\\anuncio_117\\10.jpeg', 'imagenes_tecnocasa\\anuncio_117\\11.jpeg', 'imagenes_tecnocasa\\anuncio_117\\12.jpeg', 'imagenes_tecnocasa\\anuncio_117\\13.jpeg', 'imagenes_tecnocasa\\anuncio_117\\14.jpeg', 'imagenes_tecnocasa\\anuncio_117\\15.jpeg', 'imagenes_tecnocasa\\anuncio_117\\16.jpeg', 'imagenes_tecnocasa\\anuncio_117\\17.jpeg', 'imagenes_tecnocasa\\anuncio_117\\18.jpeg', 'imagenes_tecnocasa\\anuncio_117\\19.jpeg']",1,Popular,1900,1,0,0,piso,2,Justicia,"Malasaña - Justicia - Universidad, Madrid",40.4232759,-3.6966805,117,4875.609756097561,370.0,216.0,0.25,0.4875,0.0,1.0,otro,pintura,corredera,estándar (2.4-2.8m),nada,3.2,3.8,convencional,"['#FFFFFF', '#D3D3D3', '#A9A9A9']",regular,False,convencional,limitado,ninguno,ninguno,estándar,básica,ninguno,7.2,6.2,ninguna,5
https://www.tecnocasa.es/venta/piso/madrid/madrid/619152.html,450000.0,2,88.0,2,"Inmobiliaria en Hortaleza Madrid - Tecnocasa Estudio Inmobiliario Hortaleza Slu
OFRECE:
Piso luminoso con piscina, zonas verdes y garaje en finca cerrada – ideal para familias
¿Buscas un hogar tranquilo, seguro y con todas las comodidades para tu familia? Este piso lo tiene todo: ubicación privilegiada en una finca cerrada con portero, zonas comunes ajardinadas, piscina comunitaria y una distribución cómoda y funcional.
Ubicado en una urbanización cuidada y familiar, este piso de 2 dormitorios y 2 baños completos está diseñado para ofrecer confort y calidad de vida en cada rincón.
Distribución y confort:
Dos dormitorios con armarios empotrados, ideales para mantener el orden y aprovechar al máximo el espacio.
Dos baños completos: el principal en suite con plato de ducha integrado, y el segundo con bañera, perfecto para el uso diario o para los más pequeños.
Amplio salón comedor con espacio para zona de descanso y comedor, muy luminoso gracias a su excelente orientación.
Cocina independiente (puedes personalizar según el estado actual en el anuncio real).
Ventanas dobles tipo Climalit, que garantizan aislamiento térmico y acústico, mejorando el confort en todas las estaciones.
Orientación norte-sur:
Disfruta de un hogar bien ventilado, con luz natural durante todo el día y estancias frescas en los meses más cálidos. Una orientación perfecta para el bienestar diario.
Comodidades añadidas:
Plaza de garaje incluida en el precio, amplia y con excelente maniobrabilidad para entrar y salir sin complicaciones.
Finca cerrada con portero, que aporta un plus de seguridad y control de acceso.
Piscina comunitaria y zonas verdes, ideales para el ocio familiar, juegos infantiles o simplemente relajarte al aire libre sin salir de casa.
Ubicación y entorno:
Ubicado en una zona tranquila, bien comunicada y con todos los servicios a mano: colegios, supermercados, transporte público, zonas deportivas, etc.
Conexiones de Carretera: Acceso rápido a las principales vías como M30, M40 y M11 para facilitar tus desplazamientos.
Transporte Público: A 400 METROS de la estación de metro de Hortaleza, y 850 METROS de la estación de Pinar del Rey, así como paradas de autobuses (líneas 9, 172 y 125) para una movilidad cómoda.
Servicios Cercanos: Rodeado de centros comerciales, farmacias, colegios y una gran variedad de comercios para cubrir todas tus necesidades diarias.
Una oportunidad única para vivir en un entorno cuidado, seguro y con todos los servicios. Ideal para quienes buscan calidad de vida sin renunciar a la comodidad de la ciudad.
¡No lo dejes escapar! Contáctanos para más información o agendar tu visita.",1,1,1,1,1,1,0,1,0,1,"['https://cdn-media.medialabtc.it/es/agencies/md103/estates/619152/images/8931279/gallery_media.jpeg', 'https://cdn-media.medialabtc.it/es/agencies/md103/estates/619152/images/8931257/gallery_media.jpeg', 'https://cdn-media.medialabtc.it/es/agencies/md103/estates/619152/images/8931269/gallery_media.jpeg', 'https://cdn-media.medialabtc.it/es/agencies/md103/estates/619152/images/8931282/gallery_media.jpeg', 'https://cdn-media.medialabtc.it/es/agencies/md103/estates/619152/images/8931274/gallery_media.jpeg', 'https://cdn-media.medialabtc.it/es/agencies/md103/estates/619152/images/8931309/gallery_media.jpeg', 'https://cdn-media.medialabtc.it/es/agencies/md103/estates/619152/images/8931283/gallery_media.jpeg', 'https://cdn-media.medialabtc.it/es/agencies/md103/estates/619152/images/8931272/gallery_media.jpeg', 'https://cdn-media.medialabtc.it/es/agencies/md103/estates/619152/images/8931259/gallery_media.jpeg', 'https://cdn-media.medialabtc.it/es/agencies/md103/estates/619152/images/8931305/gallery_media.jpeg', 'https://cdn-media.medialabtc.it/es/agencies/md103/estates/619152/images/8931310/gallery_media.jpeg', 'https://cdn-media.medialabtc.it/es/agencies/md103/estates/619152/images/8931304/gallery_media.jpeg', 'https://cdn-media.medialabtc.it/es/agencies/md103/estates/619152/images/8931261/gallery_media.jpeg', 'https://cdn-media.medialabtc.it/es/agencies/md103/estates/619152/images/8931268/gallery_media.jpeg', 'https://cdn-media.medialabtc.it/es/agencies/md103/estates/619152/images/8931303/gallery_media.jpeg', 'https://cdn-media.medialabtc.it/es/agencies/md103/estates/619152/images/8931302/gallery_media.jpeg', 'https://cdn-media.medialabtc.it/es/agencies/md103/estates/619152/images/8931307/gallery_media.jpeg', 'https://cdn-media.medialabtc.it/es/agencies/md103/estates/619152/images/8931258/gallery_media.jpeg', 'https://cdn-media.medialabtc.it/es/agencies/md103/estates/619152/images/8931311/gallery_media.jpeg', 'https://cdn-media.medialabtc.it/es/agencies/md103/estates/619152/images/8931278/gallery_media.jpeg', 'https://cdn-media.medialabtc.it/es/agencies/md103/estates/619152/images/8931280/gallery_media.jpeg', 'https://cdn-media.medialabtc.it/es/agencies/md103/estates/619152/images/8931281/gallery_media.jpeg', 'https://cdn-media.medialabtc.it/es/agencies/md103/estates/619152/images/8931277/gallery_media.jpeg', 'https://cdn-media.medialabtc.it/es/agencies/md103/estates/619152/images/8931263/gallery_media.jpeg', 'https://cdn-media.medialabtc.it/es/agencies/md103/estates/619152/images/8931256/gallery_media.jpeg', 'https://cdn-media.medialabtc.it/es/agencies/md103/estates/619152/images/8931271/gallery_media.jpeg', 'https://cdn-media.medialabtc.it/es/agencies/md103/estates/619152/images/8931270/gallery_media.jpeg', 'https://cdn-media.medialabtc.it/es/agencies/md103/estates/619152/images/8931240/gallery_media.jpeg', 'https://cdn-media.medialabtc.it/es/agencies/md103/estates/619152/images/8931276/gallery_media.jpeg', 'https://cdn-media.medialabtc.it/es/agencies/md103/estates/619152/images/8931241/gallery_media.jpeg']",0,Desconocido,1,0,1,0,1,E,0,1,"['imagenes_tecnocasa\\anuncio_119\\0.jpeg', 'imagenes_tecnocasa\\anuncio_119\\1.jpeg', 'imagenes_tecnocasa\\anuncio_119\\2.jpeg', 'imagenes_tecnocasa\\anuncio_119\\3.jpeg', 'imagenes_tecnocasa\\anuncio_119\\4.jpeg', 'imagenes_tecnocasa\\anuncio_119\\5.jpeg', 'imagenes_tecnocasa\\anuncio_119\\6.jpeg', 'imagenes_tecnocasa\\anuncio_119\\7.jpeg', 'imagenes_tecnocasa\\anuncio_119\\8.jpeg', 'imagenes_tecnocasa\\anuncio_119\\9.jpeg', 'imagenes_tecnocasa\\anuncio_119\\10.jpeg', 'imagenes_tecnocasa\\anuncio_119\\11.jpeg', 'imagenes_tecnocasa\\anuncio_119\\12.jpeg', 'imagenes_tecnocasa\\anuncio_119\\13.jpeg', 'imagenes_tecnocasa\\anuncio_119\\14.jpeg', 'imagenes_tecnocasa\\anuncio_119\\15.jpeg', 'imagenes_tecnocasa\\anuncio_119\\16.jpeg', 'imagenes_tecnocasa\\anuncio_119\\17.jpeg', 'imagenes_tecnocasa\\anuncio_119\\18.jpeg', 'imagenes_tecnocasa\\anuncio_119\\19.jpeg', 'imagenes_tecnocasa\\anuncio_119\\20.jpeg', 'imagenes_tecnocasa\\anuncio_119\\21.jpeg', 'imagenes_tecnocasa\\anuncio_119\\22.jpeg', 'imagenes_tecnocasa\\anuncio_119\\23.jpeg', 'imagenes_tecnocasa\\anuncio_119\\24.jpeg', 'imagenes_tecnocasa\\anuncio_119\\25.jpeg', 'imagenes_tecnocasa\\anuncio_119\\26.jpeg', 'imagenes_tecnocasa\\anuncio_119\\27.jpeg', 'imagenes_tecnocasa\\anuncio_119\\28.jpeg', 'imagenes_tecnocasa\\anuncio_119\\29.jpeg']",0,Popular,1995,1,0,1,piso,2,Madrid,"Hortaleza, Pinar Del Rey, Madrid",40.4167047,-3.7035825,119,5113.636363636364,410.0,255.0,0.42142857142857143,0.5428571428571429,3.0,1.0,parquet,pintura,corredera,estándar (2.4-2.8m),nada,3.4,4.4,convencional,"['#F5F5DC', '#A0522D', '#FFFFFF']",regular,False,convencional,limitado,ninguno,ninguno,estándar,básica,ninguno,6.4,6.6,ninguna,5
https://www.tecnocasa.es/venta/piso/madrid/madrid/621106.html,515000.0,3,71.0,1,"Agencia inmobiliaria de MADRID zona PRÍNCIPE PÍO - AVENIDA DE VALLADOLID Oficina Tecnocasa vende: Vivienda m², ubicado en plena Avenida de Valladolid, una de las calles más transitadas de la zona.
Vivienda ubicada en la 3ta planta del bloque. Consta de un salón, cocina 3 dormitorios, balcón y 1 baño. Luminoso. La finca cuenta con ascensor.
COMUNICACIONES: frente al portal de la vivienda tenemos la parada de bus de la línea de autobuses Nº46, Nº41 y Nº75. Además a 100 metros del intercambiador de Príncipe Pío y próximo a todos los servicios ubicados en el Paseo del la Florida.
SERVICIOS: A menos de 100 metros del inmueble tenemos el Centro Comercial, Cafeterías, Restaurantes, acceso directo a la Casa de Campo, etc.",1,1,1,1,1,1,0,1,1,1,"['https://cdn-media.medialabtc.it/es/agencies/mdaaa/estates/621106/images/9007065/gallery_media.jpeg', 'https://cdn-media.medialabtc.it/es/agencies/mdaaa/estates/621106/images/9007010/gallery_media.jpeg', 'https://cdn-media.medialabtc.it/es/agencies/mdaaa/estates/621106/images/9007009/gallery_media.jpeg', 'https://cdn-media.medialabtc.it/es/agencies/mdaaa/estates/621106/images/9007021/gallery_media.jpeg', 'https://cdn-media.medialabtc.it/es/agencies/mdaaa/estates/621106/images/9007067/gallery_media.jpeg', 'https://cdn-media.medialabtc.it/es/agencies/mdaaa/estates/621106/images/9007019/gallery_media.jpeg', 'https://cdn-media.medialabtc.it/es/agencies/mdaaa/estates/621106/images/9007063/gallery_media.jpeg', 'https://cdn-media.medialabtc.it/es/agencies/mdaaa/estates/621106/images/9007012/gallery_media.jpeg', 'https://cdn-media.medialabtc.it/es/agencies/mdaaa/estates/621106/images/9007013/gallery_media.jpeg', 'https://cdn-media.medialabtc.it/es/agencies/mdaaa/estates/621106/images/9007017/gallery_media.jpeg', 'https://cdn-media.medialabtc.it/es/agencies/mdaaa/estates/621106/images/9007062/gallery_media.jpeg', 'https://cdn-media.medialabtc.it/es/agencies/mdaaa/estates/621106/images/9007014/gallery_media.jpeg', 'https://cdn-media.medialabtc.it/es/agencies/mdaaa/estates/621106/images/9007018/gallery_media.jpeg', 'https://cdn-media.medialabtc.it/es/agencies/mdaaa/estates/621106/images/9007015/gallery_media.jpeg', 'https://cdn-media.medialabtc.it/es/agencies/mdaaa/estates/621106/images/9007011/gallery_media.jpeg', 'https://cdn-media.medialabtc.it/es/agencies/mdaaa/estates/621106/images/9007016/gallery_media.jpeg', 'https://cdn-media.medialabtc.it/es/agencies/mdaaa/estates/621106/images/9007064/gallery_media.jpeg', 'https://cdn-media.medialabtc.it/es/agencies/mdaaa/estates/621106/images/9007066/gallery_media.jpeg', 'https://cdn-media.medialabtc.it/es/agencies/mdaaa/estates/621106/images/9007020/gallery_media.jpeg']",0,Desconocido,0,0,0,1,0,Desconocida,0,0,"['imagenes_tecnocasa\\anuncio_120\\0.jpeg', 'imagenes_tecnocasa\\anuncio_120\\1.jpeg', 'imagenes_tecnocasa\\anuncio_120\\2.jpeg', 'imagenes_tecnocasa\\anuncio_120\\3.jpeg', 'imagenes_tecnocasa\\anuncio_120\\4.jpeg', 'imagenes_tecnocasa\\anuncio_120\\5.jpeg', 'imagenes_tecnocasa\\anuncio_120\\6.jpeg', 'imagenes_tecnocasa\\anuncio_120\\7.jpeg', 'imagenes_tecnocasa\\anuncio_120\\8.jpeg', 'imagenes_tecnocasa\\anuncio_120\\9.jpeg', 'imagenes_tecnocasa\\anuncio_120\\10.jpeg', 'imagenes_tecnocasa\\anuncio_120\\11.jpeg', 'imagenes_tecnocasa\\anuncio_120\\12.jpeg', 'imagenes_tecnocasa\\anuncio_120\\13.jpeg', 'imagenes_tecnocasa\\anuncio_120\\14.jpeg', 'imagenes_tecnocasa\\anuncio_120\\15.jpeg', 'imagenes_tecnocasa\\anuncio_120\\16.jpeg', 'imagenes_tecnocasa\\anuncio_120\\17.jpeg', 'imagenes_tecnocasa\\anuncio_120\\18.jpeg']",0,Media,1950,1,0,0,piso,2,Argüelles,"Argüelles - Casa De Campo, Madrid",40.4307266,-3.7161715,120,7253.521126760564,121.0,90.0,0.0,0.0,1.0,0.0,cerámica,otro,no visible,estándar (2.4-2.8m),nada,2.4,2.0,clásico,"['#A0785A', '#D2B48C', '#FFFFF0']",regular,False,convencional,limitado,ninguno,ninguno,estándar,parcialmente equipada,ninguno,5.8,5.6,ninguna,5
https://www.tecnocasa.es/venta/piso/madrid/fuenlabrada/621386.html,192000.0,3,86.0,1,"Agencia inmobiliaria de Fuenlabrada zona Barrio Belén - Fuenlabrada Centro Tecnocasa ESTUDIO NUEVO FUENLABRADA SL Vende: Vivienda ubicada en Calle Francia de 3 Habitaciones amplias, Salón-Comedor amplio con Terraza, Cocina con terraza, Baño completo con plato de ducha y bidet. La vivienda dispone de calefacción de gas natural con radiadores de aluminio, ventanas dobles de aluminio sencillo todas las dependencias, pintura en liso... No dude en visitarlo.
La vivienda se encuentra en pleno centro de Fuenlabrada pegada al Centro comercial Plaza de la Estación, ayuntamiento y todo tipo de servicios cercanos, así como estaciones de Metro, Renfe de Fuenlabrada Central, Metro Parque Europa, además de disponer de muchos autobuses interurbanos (1, 2, 5), urbanos (491, 492, 526) nocturno (N
803). Además tiene colegios como el Miguel Hernández, el Moncayo... También tiene zonas verdes cercanas como Parque Europa.
Fuenlabrada es una ciudad consolidada que ubicándose tan solo a 17 km de Madrid Centro comunicada por las carreteras M506, M407, M50, A42 Y R5, se convierte en una de las más pobladas de la comunidad de Madrid convirtiéndose en un municipio atractivo para vivir llegando a ser la 4ª localidad más poblada de la Comunidad de Madrid. Actualmente se sitúan en la misma población el Hospital Universitario de Fuenlabrada y el Campus Universitario Rey Juan Carlos. En toda la localidad se encuentran múltiples centros comerciales así como el Centro Comercial Plaza de la Estación, Plaza Loranca 2, Fuenlabrada 2 y El Naranjo.
Con más de 22 años estando Tecnocasa en el Barrio, ofreciendo el mejor servicio y profesionalidad siendo especialistas en:
- COMPRAVENTA Y ALQUILERES
- VALORACION GRATUITA DE SU INMUEBLE
- HERENCIAS
- ASESORAMIENTO PERSONALIZADO PARA VENDEDORES Y COMPRADORES
- VIVIENDA DE PROTECCIÓN OFICIAL (VPO)
Si quieres vender, comprar o alquilar en el barrio confié en Tecnocasa Calle Móstoles 34
AVISO LEGAL: Recordamos a nuestros Señores clientes que la información facilitada no constituye una auténtica oferta vinculante ni contractual. Este anuncio publicitario es provisional, y las fotografías y datos en él incluidos están sujetos a posibles modificaciones, consecuencia de exigencias comerciales, jurídicas, técnicas o por mandato expreso de la propiedad. La información aquí contenida procura reflejar una orientación sobre los inmuebles a la fecha de su publicación. La totalidad del contenido que aparece tiene carácter meramente informativo y aproximado, no teniendo, en modo alguno, carácter contractual. Tanto los datos, como las imágenes y planos pueden estar sujetos a cambios, por lo que le invitamos a que, si precisa una información más exacta y detallada, contacte con nosotros y le atenderemos a la mayor brevedad posible. Los contenidos tienen únicamente finalidad informativa y bajo ninguna circunstancia deben usarse ni considerarse como oferta de venta o financiación, solicitud de una oferta de compra o financiación, ni recomendación para realizar cualquier otra transacción, salvo que así se indique expresamente. La información y documentación a ofrecer de acuerdo con lo dispuesto en el Real Decreto 515/1989",1,1,1,1,1,1,0,1,1,1,"['https://cdn-media.medialabtc.it/es/agencies/md572/estates/621386/images/9007107/gallery_media.jpeg', 'https://cdn-media.medialabtc.it/es/agencies/md572/estates/621386/images/8994951/gallery_media.jpeg', 'https://cdn-media.medialabtc.it/es/agencies/md572/estates/621386/images/8994988/gallery_media.jpeg', 'https://cdn-media.medialabtc.it/es/agencies/md572/estates/621386/images/9007101/gallery_media.jpeg', 'https://cdn-media.medialabtc.it/es/agencies/md572/estates/621386/images/8994960/gallery_media.jpeg', 'https://cdn-media.medialabtc.it/es/agencies/md572/estates/621386/images/8994947/gallery_media.jpeg', 'https://cdn-media.medialabtc.it/es/agencies/md572/estates/621386/images/8994952/gallery_media.jpeg', 'https://cdn-media.medialabtc.it/es/agencies/md572/estates/621386/images/9007105/gallery_media.jpeg', 'https://cdn-media.medialabtc.it/es/agencies/md572/estates/621386/images/8994991/gallery_media.jpeg', 'https://cdn-media.medialabtc.it/es/agencies/md572/estates/621386/images/9007104/gallery_media.jpeg', 'https://cdn-media.medialabtc.it/es/agencies/md572/estates/621386/images/8994948/gallery_media.jpeg', 'https://cdn-media.medialabtc.it/es/agencies/md572/estates/621386/images/8994946/gallery_media.jpeg', 'https://cdn-media.medialabtc.it/es/agencies/md572/estates/621386/images/8994984/gallery_media.jpeg', 'https://cdn-media.medialabtc.it/es/agencies/md572/estates/621386/images/8994949/gallery_media.jpeg', 'https://cdn-media.medialabtc.it/es/agencies/md572/estates/621386/images/9007108/gallery_media.jpeg', 'https://cdn-media.medialabtc.it/es/agencies/md572/estates/621386/images/9007106/gallery_media.jpeg', 'https://cdn-media.medialabtc.it/es/agencies/md572/estates/621386/images/8994985/gallery_media.jpeg', 'https://cdn-media.medialabtc.it/es/agencies/md572/estates/621386/images/8994953/gallery_media.jpeg', 'https://cdn-media.medialabtc.it/es/agencies/md572/estates/621386/images/9007110/gallery_media.jpeg', 'https://cdn-media.medialabtc.it/es/agencies/md572/estates/621386/images/9007103/gallery_media.jpeg', 'https://cdn-media.medialabtc.it/es/agencies/md572/estates/621386/images/8994983/gallery_media.jpeg', 'https://cdn-media.medialabtc.it/es/agencies/md572/estates/621386/images/9007102/gallery_media.jpeg', 'https://cdn-media.medialabtc.it/es/agencies/md572/estates/621386/images/9007109/gallery_media.jpeg', 'https://cdn-media.medialabtc.it/es/agencies/md572/estates/621386/images/8994957/gallery_media.jpeg', 'https://cdn-media.medialabtc.it/es/agencies/md572/estates/621386/images/9007100/gallery_media.jpeg', 'https://cdn-media.medialabtc.it/es/agencies/md572/estates/621386/images/8994945/gallery_media.jpeg']",0,Desconocido,0,0,0,1,0,Desconocida,0,0,"['imagenes_tecnocasa\\anuncio_121\\0.jpeg', 'imagenes_tecnocasa\\anuncio_121\\1.jpeg', 'imagenes_tecnocasa\\anuncio_121\\2.jpeg', 'imagenes_tecnocasa\\anuncio_121\\3.jpeg', 'imagenes_tecnocasa\\anuncio_121\\4.jpeg', 'imagenes_tecnocasa\\anuncio_121\\5.jpeg', 'imagenes_tecnocasa\\anuncio_121\\6.jpeg', 'imagenes_tecnocasa\\anuncio_121\\7.jpeg', 'imagenes_tecnocasa\\anuncio_121\\8.jpeg', 'imagenes_tecnocasa\\anuncio_121\\9.jpeg', 'imagenes_tecnocasa\\anuncio_121\\10.jpeg', 'imagenes_tecnocasa\\anuncio_121\\11.jpeg', 'imagenes_tecnocasa\\anuncio_121\\12.jpeg', 'imagenes_tecnocasa\\anuncio_121\\13.jpeg', 'imagenes_tecnocasa\\anuncio_121\\14.jpeg', 'imagenes_tecnocasa\\anuncio_121\\15.jpeg', 'imagenes_tecnocasa\\anuncio_121\\16.jpeg', 'imagenes_tecnocasa\\anuncio_121\\17.jpeg', 'imagenes_tecnocasa\\anuncio_121\\18.jpeg', 'imagenes_tecnocasa\\anuncio_121\\19.jpeg', 'imagenes_tecnocasa\\anuncio_121\\20.jpeg', 'imagenes_tecnocasa\\anuncio_121\\21.jpeg', 'imagenes_tecnocasa\\anuncio_121\\22.jpeg', 'imagenes_tecnocasa\\anuncio_121\\23.jpeg', 'imagenes_tecnocasa\\anuncio_121\\24.jpeg', 'imagenes_tecnocasa\\anuncio_121\\25.jpeg']",0,De época,1975,1,0,0,piso,2,Fuenlabrada,Fuenlabrada,40.282476,-3.7923422,121,2232.5581395348836,481.0,313.0,0.125,0.28750000000000003,1.0,0.0,cerámica,pintura,corredera,estándar (2.4-2.8m),nada,3.0,3.6,convencional,"['#D3D3D3', '#808080', '#FFFFFF']",regular,False,convencional,limitado,balcón,ninguno,estándar,básica,ninguno,6.0,5.6,ninguna,5
https://www.tecnocasa.es/venta/piso/madrid/mostoles/618057.html,285000.0,3,120.0,2,"Agencia inmobiliaria de MOSTOLES, zona VILLAFONTANA II, Tecnocasa Estudio Móstoles 1SL
EN VENTA: Piso compuesto de entrada, cocina, salón con terraza ABIERTA, 3 dormitorios, antes 4, armarios empotrados, 2 baños completos y plaza de garaje en el mismo edificio. Zona con todos los servicios cercanos, como líneas de autobús urbanas e interurbanas prácticamente en la misma puerta, además de colegios, centro de salud, hospital, comercios y supermercados. Buena orientación con vistas. PARA ENTRAR A VIVIR.
RECUERDA, la posibilidad de conseguir hasta el 100% de financiación con nuestro departamento financiero KÍRON ¡ no tendrás que preocuparte por nada! ¡Ven a visitarlo!",1,1,1,1,1,1,0,1,1,1,"['https://cdn-media.medialabtc.it/es/agencies/mdbm2/estates/618057/images/8913024/gallery_media.jpeg', 'https://cdn-media.medialabtc.it/es/agencies/mdbm2/estates/618057/images/8913033/gallery_media.jpeg', 'https://cdn-media.medialabtc.it/es/agencies/mdbm2/estates/618057/images/8928683/gallery_media.jpeg', 'https://cdn-media.medialabtc.it/es/agencies/mdbm2/estates/618057/images/8913001/gallery_media.jpeg', 'https://cdn-media.medialabtc.it/es/agencies/mdbm2/estates/618057/images/8913035/gallery_media.jpeg', 'https://cdn-media.medialabtc.it/es/agencies/mdbm2/estates/618057/images/8912998/gallery_media.jpeg', 'https://cdn-media.medialabtc.it/es/agencies/mdbm2/estates/618057/images/8913039/gallery_media.jpeg', 'https://cdn-media.medialabtc.it/es/agencies/mdbm2/estates/618057/images/8912995/gallery_media.jpeg', 'https://cdn-media.medialabtc.it/es/agencies/mdbm2/estates/618057/images/8913043/gallery_media.jpeg', 'https://cdn-media.medialabtc.it/es/agencies/mdbm2/estates/618057/images/8913026/gallery_media.jpeg', 'https://cdn-media.medialabtc.it/es/agencies/mdbm2/estates/618057/images/8913042/gallery_media.jpeg', 'https://cdn-media.medialabtc.it/es/agencies/mdbm2/estates/618057/images/8913040/gallery_media.jpeg', 'https://cdn-media.medialabtc.it/es/agencies/mdbm2/estates/618057/images/8913025/gallery_media.jpeg', 'https://cdn-media.medialabtc.it/es/agencies/mdbm2/estates/618057/images/8912996/gallery_media.jpeg', 'https://cdn-media.medialabtc.it/es/agencies/mdbm2/estates/618057/images/8913037/gallery_media.jpeg', 'https://cdn-media.medialabtc.it/es/agencies/mdbm2/estates/618057/images/8913044/gallery_media.jpeg', 'https://cdn-media.medialabtc.it/es/agencies/mdbm2/estates/618057/images/8913032/gallery_media.jpeg', 'https://cdn-media.medialabtc.it/es/agencies/mdbm2/estates/618057/images/8913034/gallery_media.jpeg', 'https://cdn-media.medialabtc.it/es/agencies/mdbm2/estates/618057/images/8913038/gallery_media.jpeg', 'https://cdn-media.medialabtc.it/es/agencies/mdbm2/estates/618057/images/8928684/gallery_media.jpeg', 'https://cdn-media.medialabtc.it/es/agencies/mdbm2/estates/618057/images/8913029/gallery_media.jpeg', 'https://cdn-media.medialabtc.it/es/agencies/mdbm2/estates/618057/images/8913023/gallery_media.jpeg', 'https://cdn-media.medialabtc.it/es/agencies/mdbm2/estates/618057/images/8912997/gallery_media.jpeg', 'https://cdn-media.medialabtc.it/es/agencies/mdbm2/estates/618057/images/8913000/gallery_media.jpeg', 'https://cdn-media.medialabtc.it/es/agencies/mdbm2/estates/618057/images/8913028/gallery_media.jpeg', 'https://cdn-media.medialabtc.it/es/agencies/mdbm2/estates/618057/images/8913027/gallery_media.jpeg', 'https://cdn-media.medialabtc.it/es/agencies/mdbm2/estates/618057/images/8913030/gallery_media.jpeg', 'https://cdn-media.medialabtc.it/es/agencies/mdbm2/estates/618057/images/8913031/gallery_media.jpeg', 'https://cdn-media.medialabtc.it/es/agencies/mdbm2/estates/618057/images/8913041/gallery_media.jpeg', 'https://cdn-media.medialabtc.it/es/agencies/mdbm2/estates/618057/images/8912999/gallery_media.jpeg']",0,Desconocido,1,0,0,1,0,E,0,0,"['imagenes_tecnocasa\\anuncio_123\\0.jpeg', 'imagenes_tecnocasa\\anuncio_123\\1.jpeg', 'imagenes_tecnocasa\\anuncio_123\\2.jpeg', 'imagenes_tecnocasa\\anuncio_123\\3.jpeg', 'imagenes_tecnocasa\\anuncio_123\\4.jpeg', 'imagenes_tecnocasa\\anuncio_123\\5.jpeg', 'imagenes_tecnocasa\\anuncio_123\\6.jpeg', 'imagenes_tecnocasa\\anuncio_123\\7.jpeg', 'imagenes_tecnocasa\\anuncio_123\\8.jpeg', 'imagenes_tecnocasa\\anuncio_123\\9.jpeg', 'imagenes_tecnocasa\\anuncio_123\\10.jpeg', 'imagenes_tecnocasa\\anuncio_123\\11.jpeg', 'imagenes_tecnocasa\\anuncio_123\\12.jpeg', 'imagenes_tecnocasa\\anuncio_123\\13.jpeg', 'imagenes_tecnocasa\\anuncio_123\\14.jpeg', 'imagenes_tecnocasa\\anuncio_123\\15.jpeg', 'imagenes_tecnocasa\\anuncio_123\\16.jpeg', 'imagenes_tecnocasa\\anuncio_123\\17.jpeg', 'imagenes_tecnocasa\\anuncio_123\\18.jpeg', 'imagenes_tecnocasa\\anuncio_123\\19.jpeg', 'imagenes_tecnocasa\\anuncio_123\\20.jpeg', 'imagenes_tecnocasa\\anuncio_123\\21.jpeg', 'imagenes_tecnocasa\\anuncio_123\\22.jpeg', 'imagenes_tecnocasa\\anuncio_123\\23.jpeg', 'imagenes_tecnocasa\\anuncio_123\\24.jpeg', 'imagenes_tecnocasa\\anuncio_123\\25.jpeg', 'imagenes_tecnocasa\\anuncio_123\\26.jpeg', 'imagenes_tecnocasa\\anuncio_123\\27.jpeg', 'imagenes_tecnocasa\\anuncio_123\\28.jpeg', 'imagenes_tecnocasa\\anuncio_123\\29.jpeg']",0,Popular,1975,1,0,1,piso,2,Móstoles,"Villafontana Ii, Móstoles",40.3238525,-3.8649214,123,2375.0,100.0,86.0,0.0,0.0,0.0,0.0,cerámica,pintura,corredera,estándar (2.4-2.8m),nada,3.2,2.2,clásico,"['#F2E8CF', '#A0522D', '#808080']",regular,False,convencional,normal,ninguno,ninguno,estándar,básica,ninguno,5.4,5.2,ninguna,5
https://www.tecnocasa.es/venta/piso/madrid/alcorcon/609003.html,310000.0,4,118.0,2,"POSIBILIDAD DE FINANCIACIÓN AL 100% DE SU PRÉSTAMO
Agencia inmobiliaria de Madrid Zona Alcorcón - San José de Valderas - Parque Lisboa - Hipercor' pone en venta fantástica vivienda muy bien ubicada!
El inmueble que ponemos en venta es una vivienda de esquina por lo que cada una de sus estancias dan a la calle. La vivienda se encuentra en planta baja y cuenta con: amplio salón, cocina con office bastante luminosa, 2 baños totalmente equipados uno de ellos con plato de ducha y el otro con bañera y 4 dormitorios exteriores de buen tamaño.
Piso en bloque con ascensor y portero físico.
Ubicado en barrio residencial cerca a colegios, club social, metros y cercanías!
FANTASTICA OPORTUNIDAD!
Zona equipada con todos los servicios; supermercados, comercios, cafeterías, colegios privados y públicos, parques, polideportivo, Centros Comerciales y Zonas verdes. Línea 10 de Metro y Cercanías San José de Valderas. Numerosas paradas de autobuses 520, 514, 510, 511, 513 y 2. Príncipe pio en 30 min.
PASE SU PROPUESTA Y APROVECHE EL MOMENTO. En nuestra oficina también le
ofrecemos asesoramiento financiero y profesional de forma gratuita, así como los productos financieros más ventajosos del mercado para usted.
Estamos en Calle Cabo de San Vicente nº8 posterior local de esquina.",1,1,1,1,1,1,1,1,1,1,"['https://cdn-media.medialabtc.it/es/agencies/md571/estates/609003/images/8991632/gallery_media.jpeg', 'https://cdn-media.medialabtc.it/es/agencies/md571/estates/609003/images/8991637/gallery_media.jpeg', 'https://cdn-media.medialabtc.it/es/agencies/md571/estates/609003/images/8726785/gallery_media.jpeg', 'https://cdn-media.medialabtc.it/es/agencies/md571/estates/609003/images/8991638/gallery_media.jpeg', 'https://cdn-media.medialabtc.it/es/agencies/md571/estates/609003/images/8991636/gallery_media.jpeg', 'https://cdn-media.medialabtc.it/es/agencies/md571/estates/609003/images/8992020/gallery_media.jpeg', 'https://cdn-media.medialabtc.it/es/agencies/md571/estates/609003/images/8726781/gallery_media.jpeg', 'https://cdn-media.medialabtc.it/es/agencies/md571/estates/609003/images/8726787/gallery_media.jpeg', 'https://cdn-media.medialabtc.it/es/agencies/md571/estates/609003/images/8991634/gallery_media.jpeg', 'https://cdn-media.medialabtc.it/es/agencies/md571/estates/609003/images/8726786/gallery_media.jpeg', 'https://cdn-media.medialabtc.it/es/agencies/md571/estates/609003/images/8726791/gallery_media.jpeg', 'https://cdn-media.medialabtc.it/es/agencies/md571/estates/609003/images/8726792/gallery_media.jpeg', 'https://cdn-media.medialabtc.it/es/agencies/md571/estates/609003/images/8726782/gallery_media.jpeg', 'https://cdn-media.medialabtc.it/es/agencies/md571/estates/609003/images/8991635/gallery_media.jpeg', 'https://cdn-media.medialabtc.it/es/agencies/md571/estates/609003/images/8726778/gallery_media.jpeg', 'https://cdn-media.medialabtc.it/es/agencies/md571/estates/609003/images/8726788/gallery_media.jpeg', 'https://cdn-media.medialabtc.it/es/agencies/md571/estates/609003/images/8726789/gallery_media.jpeg', 'https://cdn-media.medialabtc.it/es/agencies/md571/estates/609003/images/8991641/gallery_media.jpeg']",0,Desconocido,0,0,0,0,1,Desconocida,0,0,"['imagenes_tecnocasa\\anuncio_124\\0.jpeg', 'imagenes_tecnocasa\\anuncio_124\\1.jpeg', 'imagenes_tecnocasa\\anuncio_124\\2.jpeg', 'imagenes_tecnocasa\\anuncio_124\\3.jpeg', 'imagenes_tecnocasa\\anuncio_124\\4.jpeg', 'imagenes_tecnocasa\\anuncio_124\\5.jpeg', 'imagenes_tecnocasa\\anuncio_124\\6.jpeg', 'imagenes_tecnocasa\\anuncio_124\\7.jpeg', 'imagenes_tecnocasa\\anuncio_124\\8.jpeg', 'imagenes_tecnocasa\\anuncio_124\\9.jpeg', 'imagenes_tecnocasa\\anuncio_124\\10.jpeg', 'imagenes_tecnocasa\\anuncio_124\\11.jpeg', 'imagenes_tecnocasa\\anuncio_124\\12.jpeg', 'imagenes_tecnocasa\\anuncio_124\\13.jpeg', 'imagenes_tecnocasa\\anuncio_124\\14.jpeg', 'imagenes_tecnocasa\\anuncio_124\\15.jpeg', 'imagenes_tecnocasa\\anuncio_124\\16.jpeg', 'imagenes_tecnocasa\\anuncio_124\\17.jpeg']",0,Popular,1973,1,0,1,piso,1,Alcorcón,"Parque Lisboa, Alcorcón",40.3492998,-3.8284295,124,2627.1186440677966,206.0,160.0,0.026041666666666664,0.03333333333333333,1.0,0.0,cerámica,pintura,corredera,estándar (2.4-2.8m),nada,3.4,3.6,convencional,"['#FFFFFF', '#808080', '#007bff']",buena,False,convencional,limitado,ninguno,ninguno,estándar,básica,ninguno,6.6,6.6,ninguna,5
https://www.tecnocasa.es/venta/piso/madrid/colmenar-viejo/609997.html,344900.0,3,97.0,2,"TECNOCASA ESTUDIO COLMENAR NORTE SL

Agencia inmobiliaria de COLMENAR VIEJO - ZONA NORTE vende PISO EN VISTA NEVADA.

Consta de:

Hall distribuidor, salón con comedor, amplia cocina, dos cuartos de bañ, aseo y tres dormitorios uno con terraza.

Urbanización privada con piscina y zona ajardinada.

Contamos con departamento FINANCIERO con posibilidad de HIPOTECAS hasta el 100%. CONSULTE SIN COMPROMISO.

Si necesitas vender un inmueble, ponemos a su disposición la VALORACION GRATUITA del inmueble en la que le explicaremos todas las fases de la 'compra y venta' para su mayor tranquilidad y seguridad a la hora de llevar a cabo el cambio de vivienda. Contamos con 2 oficinas en Colmenar Viejo, 350 en la Comunidad de Madrid y más de 870 oficinas en el territorio nacional.",0,1,1,1,0,1,0,1,1,1,"['https://cdn-media.medialabtc.it/es/agencies/md575/estates/609997/images/8824006/gallery_media.jpeg', 'https://cdn-media.medialabtc.it/es/agencies/md575/estates/609997/images/8824000/gallery_media.jpeg', 'https://cdn-media.medialabtc.it/es/agencies/md575/estates/609997/images/8823992/gallery_media.jpeg', 'https://cdn-media.medialabtc.it/es/agencies/md575/estates/609997/images/8823989/gallery_media.jpeg', 'https://cdn-media.medialabtc.it/es/agencies/md575/estates/609997/images/8824004/gallery_media.jpeg', 'https://cdn-media.medialabtc.it/es/agencies/md575/estates/609997/images/8824015/gallery_media.jpeg', 'https://cdn-media.medialabtc.it/es/agencies/md575/estates/609997/images/8823993/gallery_media.jpeg', 'https://cdn-media.medialabtc.it/es/agencies/md575/estates/609997/images/8824009/gallery_media.jpeg', 'https://cdn-media.medialabtc.it/es/agencies/md575/estates/609997/images/8824003/gallery_media.jpeg', 'https://cdn-media.medialabtc.it/es/agencies/md575/estates/609997/images/8823998/gallery_media.jpeg', 'https://cdn-media.medialabtc.it/es/agencies/md575/estates/609997/images/8823994/gallery_media.jpeg', 'https://cdn-media.medialabtc.it/es/agencies/md575/estates/609997/images/8824012/gallery_media.jpeg', 'https://cdn-media.medialabtc.it/es/agencies/md575/estates/609997/images/8823999/gallery_media.jpeg', 'https://cdn-media.medialabtc.it/es/agencies/md575/estates/609997/images/8824011/gallery_media.jpeg', 'https://cdn-media.medialabtc.it/es/agencies/md575/estates/609997/images/8824014/gallery_media.jpeg', 'https://cdn-media.medialabtc.it/es/agencies/md575/estates/609997/images/8824001/gallery_media.jpeg', 'https://cdn-media.medialabtc.it/es/agencies/md575/estates/609997/images/8823997/gallery_media.jpeg', 'https://cdn-media.medialabtc.it/es/agencies/md575/estates/609997/images/8824013/gallery_media.jpeg', 'https://cdn-media.medialabtc.it/es/agencies/md575/estates/609997/images/8824010/gallery_media.jpeg', 'https://cdn-media.medialabtc.it/es/agencies/md575/estates/609997/images/8824008/gallery_media.jpeg', 'https://cdn-media.medialabtc.it/es/agencies/md575/estates/609997/images/8823990/gallery_media.jpeg', 'https://cdn-media.medialabtc.it/es/agencies/md575/estates/609997/images/8823991/gallery_media.jpeg', 'https://cdn-media.medialabtc.it/es/agencies/md575/estates/609997/images/8824007/gallery_media.jpeg', 'https://cdn-media.medialabtc.it/es/agencies/md575/estates/609997/images/8824005/gallery_media.jpeg', 'https://cdn-media.medialabtc.it/es/agencies/md575/estates/609997/images/8823996/gallery_media.jpeg', 'https://cdn-media.medialabtc.it/es/agencies/md575/estates/609997/images/8824002/gallery_media.jpeg', 'https://cdn-media.medialabtc.it/es/agencies/md575/estates/609997/images/8823995/gallery_media.jpeg']",0,Desconocido,0,0,1,1,1,D,0,0,"['imagenes_tecnocasa\\anuncio_129\\0.jpeg', 'imagenes_tecnocasa\\anuncio_129\\1.jpeg', 'imagenes_tecnocasa\\anuncio_129\\2.jpeg', 'imagenes_tecnocasa\\anuncio_129\\3.jpeg', 'imagenes_tecnocasa\\anuncio_129\\4.jpeg', 'imagenes_tecnocasa\\anuncio_129\\5.jpeg', 'imagenes_tecnocasa\\anuncio_129\\6.jpeg', 'imagenes_tecnocasa\\anuncio_129\\7.jpeg', 'imagenes_tecnocasa\\anuncio_129\\8.jpeg', 'imagenes_tecnocasa\\anuncio_129\\9.jpeg', 'imagenes_tecnocasa\\anuncio_129\\10.jpeg', 'imagenes_tecnocasa\\anuncio_129\\11.jpeg', 'imagenes_tecnocasa\\anuncio_129\\12.jpeg', 'imagenes_tecnocasa\\anuncio_129\\13.jpeg', 'imagenes_tecnocasa\\anuncio_129\\14.jpeg', 'imagenes_tecnocasa\\anuncio_129\\15.jpeg', 'imagenes_tecnocasa\\anuncio_129\\16.jpeg', 'imagenes_tecnocasa\\anuncio_129\\17.jpeg', 'imagenes_tecnocasa\\anuncio_129\\18.jpeg', 'imagenes_tecnocasa\\anuncio_129\\19.jpeg', 'imagenes_tecnocasa\\anuncio_129\\20.jpeg', 'imagenes_tecnocasa\\anuncio_129\\21.jpeg', 'imagenes_tecnocasa\\anuncio_129\\22.jpeg', 'imagenes_tecnocasa\\anuncio_129\\23.jpeg', 'imagenes_tecnocasa\\anuncio_129\\24.jpeg', 'imagenes_tecnocasa\\anuncio_129\\25.jpeg', 'imagenes_tecnocasa\\anuncio_129\\26.jpeg']",0,Popular,1976,1,0,1,piso,1,Colmenar Viejo,Colmenar Viejo,40.6587726,-3.7659722,129,3555.6701030927834,125.0,93.0,0.0,0.0,0.0,0.0,parquet,pintura,corredera,estándar (2.4-2.8m),nada,5.2,4.6,convencional,"['#FFF8DC', '#DEB887', '#FFFFE0']",buena,False,convencional,normal,ninguno,ninguno,estándar,básica,ninguno,8.2,7.2,ninguna,5
https://www.tecnocasa.es/venta/piso/madrid/madrid/619065.html,440000.0,2,92.0,2,"'Agencia inmobiliaria MADRID INFANTA MERCEDES - CUZCO Oficina TECNOCASA VENDE piso en calle GENERAL RAMIREZ DE MADRID´
Con una superficie de 92 m2, este piso en planta baja ofrece un espacio acogedor y funcional. La vivienda cuenta con dos dormitorios bien distribuidos, ideales para el descanso y la privacidad. Además, dispone de dos baños completos, proporcionando comodidad para el día a día.
Construida en 1959, esta propiedad combina el encanto de la arquitectura clásica con las comodidades modernas. La distribución del espacio está pensada para aprovechar al máximo cada rincón, ofreciendo un ambiente cálido y acogedor. La ubicación es inmejorable, con fácil acceso a servicios, transporte y zonas de ocio, lo que hace de este piso una opción atractiva para quienes buscan vivir en una zona céntrica y bien conectada.
No pierdas la oportunidad de hacer de este lugar tu nuevo hogar.",1,1,1,1,1,1,0,1,1,1,"['https://cdn-media.medialabtc.it/es/agencies/mdaic/estates/619065/images/8952326/gallery_media.jpeg', 'https://cdn-media.medialabtc.it/es/agencies/mdaic/estates/619065/images/8952337/gallery_media.jpeg', 'https://cdn-media.medialabtc.it/es/agencies/mdaic/estates/619065/images/8952325/gallery_media.jpeg', 'https://cdn-media.medialabtc.it/es/agencies/mdaic/estates/619065/images/8952201/gallery_media.jpeg', 'https://cdn-media.medialabtc.it/es/agencies/mdaic/estates/619065/images/8952339/gallery_media.jpeg', 'https://cdn-media.medialabtc.it/es/agencies/mdaic/estates/619065/images/8952333/gallery_media.jpeg', 'https://cdn-media.medialabtc.it/es/agencies/mdaic/estates/619065/images/8952198/gallery_media.jpeg', 'https://cdn-media.medialabtc.it/es/agencies/mdaic/estates/619065/images/8952342/gallery_media.jpeg', 'https://cdn-media.medialabtc.it/es/agencies/mdaic/estates/619065/images/8952200/gallery_media.jpeg', 'https://cdn-media.medialabtc.it/es/agencies/mdaic/estates/619065/images/8952332/gallery_media.jpeg', 'https://cdn-media.medialabtc.it/es/agencies/mdaic/estates/619065/images/8952338/gallery_media.jpeg', 'https://cdn-media.medialabtc.it/es/agencies/mdaic/estates/619065/images/8952329/gallery_media.jpeg', 'https://cdn-media.medialabtc.it/es/agencies/mdaic/estates/619065/images/8952334/gallery_media.jpeg', 'https://cdn-media.medialabtc.it/es/agencies/mdaic/estates/619065/images/8952328/gallery_media.jpeg', 'https://cdn-media.medialabtc.it/es/agencies/mdaic/estates/619065/images/8952335/gallery_media.jpeg', 'https://cdn-media.medialabtc.it/es/agencies/mdaic/estates/619065/images/8952199/gallery_media.jpeg', 'https://cdn-media.medialabtc.it/es/agencies/mdaic/estates/619065/images/8952341/gallery_media.jpeg', 'https://cdn-media.medialabtc.it/es/agencies/mdaic/estates/619065/images/8952324/gallery_media.jpeg', 'https://cdn-media.medialabtc.it/es/agencies/mdaic/estates/619065/images/8952330/gallery_media.jpeg', 'https://cdn-media.medialabtc.it/es/agencies/mdaic/estates/619065/images/8952322/gallery_media.jpeg']",0,Desconocido,0,0,0,0,0,E,0,0,"['imagenes_tecnocasa\\anuncio_132\\0.jpeg', 'imagenes_tecnocasa\\anuncio_132\\1.jpeg', 'imagenes_tecnocasa\\anuncio_132\\2.jpeg', 'imagenes_tecnocasa\\anuncio_132\\3.jpeg', 'imagenes_tecnocasa\\anuncio_132\\4.jpeg', 'imagenes_tecnocasa\\anuncio_132\\5.jpeg', 'imagenes_tecnocasa\\anuncio_132\\6.jpeg', 'imagenes_tecnocasa\\anuncio_132\\7.jpeg', 'imagenes_tecnocasa\\anuncio_132\\8.jpeg', 'imagenes_tecnocasa\\anuncio_132\\9.jpeg', 'imagenes_tecnocasa\\anuncio_132\\10.jpeg', 'imagenes_tecnocasa\\anuncio_132\\11.jpeg', 'imagenes_tecnocasa\\anuncio_132\\12.jpeg', 'imagenes_tecnocasa\\anuncio_132\\13.jpeg', 'imagenes_tecnocasa\\anuncio_132\\14.jpeg', 'imagenes_tecnocasa\\anuncio_132\\15.jpeg', 'imagenes_tecnocasa\\anuncio_132\\16.jpeg', 'imagenes_tecnocasa\\anuncio_132\\17.jpeg', 'imagenes_tecnocasa\\anuncio_132\\18.jpeg', 'imagenes_tecnocasa\\anuncio_132\\19.jpeg']",1,Señorial,1960,1,0,0,piso,1,Castillejos,"Cuzco - Castillejos, Madrid",40.4598788,-3.694067,132,4782.608695652174,142.0,107.0,0.05000000000000002,0.5,0.0,0.0,parquet,pintura,ninguna visible,estándar (2.4-2.8m),nada,5.0,6.8,moderno,"['#FFFFFF', '#F2F2F2', '#D3D3D3']",buena,True,convencional,normal,ninguno,ninguno,estándar,básica,ninguno,8.6,7.6,ninguna,5
https://www.tecnocasa.es/venta/casa/madrid/pinto/622217.html,306000.0,3,159.0,1,"¡Oportunidad en el centro de Pinto! Casa baja con patio y excelente ubicación
Se vende acogedora casa baja en plena zona centro de Pinto, ideal para quienes buscan comodidad, espacio exterior y todos los servicios al alcance.
La vivienda cuenta con 3 dormitorios luminosos con salón independiente, perfecto para reuniones y descanso. Cocina funcional con buena distribución y amplia para múltiples opciones. Cuarto de baño completo. Amplio patio privado, ideal para disfrutar al aire libre, montar una zona de estar o incluso jardín
Dispone de trasteros para mayor almacenaje.
Situada en una calle tranquila pero a un paso de comercios, colegios, transporte público y zonas de ocio. Muy bien comunicada y con todo lo que necesitas a tu alrededor.
¡No pierdas esta oportunidad de vivir en una casa con encanto y espacio exterior en una de las mejores zonas de Pinto!",0,1,1,1,1,1,0,1,1,1,"['https://cdn-media.medialabtc.it/es/agencies/md509/estates/622217/images/9006388/gallery_media.jpeg', 'https://cdn-media.medialabtc.it/es/agencies/md509/estates/622217/images/9006393/gallery_media.jpeg', 'https://cdn-media.medialabtc.it/es/agencies/md509/estates/622217/images/9006399/gallery_media.jpeg', 'https://cdn-media.medialabtc.it/es/agencies/md509/estates/622217/images/9006402/gallery_media.jpeg', 'https://cdn-media.medialabtc.it/es/agencies/md509/estates/622217/images/9006398/gallery_media.jpeg', 'https://cdn-media.medialabtc.it/es/agencies/md509/estates/622217/images/9006395/gallery_media.jpeg', 'https://cdn-media.medialabtc.it/es/agencies/md509/estates/622217/images/9006387/gallery_media.jpeg', 'https://cdn-media.medialabtc.it/es/agencies/md509/estates/622217/images/9006397/gallery_media.jpeg', 'https://cdn-media.medialabtc.it/es/agencies/md509/estates/622217/images/9006396/gallery_media.jpeg', 'https://cdn-media.medialabtc.it/es/agencies/md509/estates/622217/images/9006391/gallery_media.jpeg', 'https://cdn-media.medialabtc.it/es/agencies/md509/estates/622217/images/9006392/gallery_media.jpeg', 'https://cdn-media.medialabtc.it/es/agencies/md509/estates/622217/images/9006385/gallery_media.jpeg', 'https://cdn-media.medialabtc.it/es/agencies/md509/estates/622217/images/9006390/gallery_media.jpeg', 'https://cdn-media.medialabtc.it/es/agencies/md509/estates/622217/images/9006386/gallery_media.jpeg', 'https://cdn-media.medialabtc.it/es/agencies/md509/estates/622217/images/9006401/gallery_media.jpeg', 'https://cdn-media.medialabtc.it/es/agencies/md509/estates/622217/images/9006400/gallery_media.jpeg', 'https://cdn-media.medialabtc.it/es/agencies/md509/estates/622217/images/9006389/gallery_media.jpeg', 'https://cdn-media.medialabtc.it/es/agencies/md509/estates/622217/images/9006384/gallery_media.jpeg']",0,Desconocido,0,0,0,0,0,Desconocida,0,1,"['imagenes_tecnocasa\\anuncio_133\\0.jpeg', 'imagenes_tecnocasa\\anuncio_133\\1.jpeg', 'imagenes_tecnocasa\\anuncio_133\\2.jpeg', 'imagenes_tecnocasa\\anuncio_133\\3.jpeg', 'imagenes_tecnocasa\\anuncio_133\\4.jpeg', 'imagenes_tecnocasa\\anuncio_133\\5.jpeg', 'imagenes_tecnocasa\\anuncio_133\\6.jpeg', 'imagenes_tecnocasa\\anuncio_133\\7.jpeg', 'imagenes_tecnocasa\\anuncio_133\\8.jpeg', 'imagenes_tecnocasa\\anuncio_133\\9.jpeg', 'imagenes_tecnocasa\\anuncio_133\\10.jpeg', 'imagenes_tecnocasa\\anuncio_133\\11.jpeg', 'imagenes_tecnocasa\\anuncio_133\\12.jpeg', 'imagenes_tecnocasa\\anuncio_133\\13.jpeg', 'imagenes_tecnocasa\\anuncio_133\\14.jpeg', 'imagenes_tecnocasa\\anuncio_133\\15.jpeg', 'imagenes_tecnocasa\\anuncio_133\\16.jpeg', 'imagenes_tecnocasa\\anuncio_133\\17.jpeg']",0,Media,1960,0,0,0,casa,1,Pinto,Pinto,40.240985,-3.7005072,133,1924.5283018867924,141.0,98.0,0.95,1.0,2.0,1.0,cerámica,pintura,corredera,estándar (2.4-2.8m),nada,2.6,3.0,convencional,"['#FFFFFF', '#F2F2F2', '#D3D3D3']",regular,False,convencional,limitado,ninguno,ninguno,básico,básica,ninguno,6.2,5.0,ninguna,5
https://www.tecnocasa.es/venta/piso/madrid/madrid/621488.html,215000.0,3,91.0,2,"Agencia inmobiliaria de MADRID - zona VALLECAS - PORTAZGO - BUENOS AIRES - Oficina Tecnocasa vende piso en Avenida Buenos Aires de 91 m2 distribuidos en: salón independiente, tres dormitorios, baño con plato de ducha, aseo y cocina.

El inmueble se encuentra para ENTRAR A VIVIR. Se trata de una segunda planta con doble orientación, este y oeste.

Ubicada a escasos metros de la avenida de Palomeras, así como de la estación de metro de Buenos Aires. Zona rodeada de todo tipo de comercios y dotada de todos los servicios públicos. Para más información contacte con nosotros sin ningún tipo de compromiso, en el teléfono o bien enviando un email a MDBW8 @ TECNOCASA. ES; y concierte una visita para conocer el inmueble en la que además podrá informarle de las condiciones de financiación actuales uno de nuestros asesores financieros KIRON.",1,1,1,1,1,1,0,1,1,1,"['https://cdn-media.medialabtc.it/es/agencies/mdbw8/estates/621488/images/9006954/gallery_media.jpeg', 'https://cdn-media.medialabtc.it/es/agencies/mdbw8/estates/621488/images/8995108/gallery_media.jpeg', 'https://cdn-media.medialabtc.it/es/agencies/mdbw8/estates/621488/images/9006951/gallery_media.jpeg', 'https://cdn-media.medialabtc.it/es/agencies/mdbw8/estates/621488/images/9006948/gallery_media.jpeg', 'https://cdn-media.medialabtc.it/es/agencies/mdbw8/estates/621488/images/9006946/gallery_media.jpeg', 'https://cdn-media.medialabtc.it/es/agencies/mdbw8/estates/621488/images/9006952/gallery_media.jpeg', 'https://cdn-media.medialabtc.it/es/agencies/mdbw8/estates/621488/images/9006942/gallery_media.jpeg', 'https://cdn-media.medialabtc.it/es/agencies/mdbw8/estates/621488/images/9006944/gallery_media.jpeg', 'https://cdn-media.medialabtc.it/es/agencies/mdbw8/estates/621488/images/9006945/gallery_media.jpeg', 'https://cdn-media.medialabtc.it/es/agencies/mdbw8/estates/621488/images/9006947/gallery_media.jpeg', 'https://cdn-media.medialabtc.it/es/agencies/mdbw8/estates/621488/images/9006949/gallery_media.jpeg', 'https://cdn-media.medialabtc.it/es/agencies/mdbw8/estates/621488/images/9006950/gallery_media.jpeg', 'https://cdn-media.medialabtc.it/es/agencies/mdbw8/estates/621488/images/9006943/gallery_media.jpeg', 'https://cdn-media.medialabtc.it/es/agencies/mdbw8/estates/621488/images/9006953/gallery_media.jpeg', 'https://cdn-media.medialabtc.it/es/agencies/mdbw8/estates/621488/images/9006901/gallery_media.jpeg']",0,Desconocido,0,0,0,0,0,E,0,0,"['imagenes_tecnocasa\\anuncio_135\\0.jpeg', 'imagenes_tecnocasa\\anuncio_135\\1.jpeg', 'imagenes_tecnocasa\\anuncio_135\\2.jpeg', 'imagenes_tecnocasa\\anuncio_135\\3.jpeg', 'imagenes_tecnocasa\\anuncio_135\\4.jpeg', 'imagenes_tecnocasa\\anuncio_135\\5.jpeg', 'imagenes_tecnocasa\\anuncio_135\\6.jpeg', 'imagenes_tecnocasa\\anuncio_135\\7.jpeg', 'imagenes_tecnocasa\\anuncio_135\\8.jpeg', 'imagenes_tecnocasa\\anuncio_135\\9.jpeg', 'imagenes_tecnocasa\\anuncio_135\\10.jpeg', 'imagenes_tecnocasa\\anuncio_135\\11.jpeg', 'imagenes_tecnocasa\\anuncio_135\\12.jpeg', 'imagenes_tecnocasa\\anuncio_135\\13.jpeg', 'imagenes_tecnocasa\\anuncio_135\\14.jpeg']",1,Media,1999,0,0,0,piso,2,Madrid,"Palomeras - Portazgo, Madrid",40.4167047,-3.7035825,135,2362.6373626373625,141.0,107.0,0.0,0.0,0.0,0.0,cerámica,pintura,otro,estándar (2.4-2.8m),nada,3.2,3.4,convencional,"['#F5F5DC', '#FFF8DC', '#FAEBD7']",regular,False,convencional,limitado,ninguno,ninguno,estándar,básica,ninguno,6.0,6.2,ninguna,5
