Enlace,Precio,Dormitorios,Superficie,Num_baños,Descripción,Metro,Renfe,Bus,Farmacia,Bar,Restaurante,Hospital,Supermercado,Tienda,Colegio,Imagenes,Vistas,Estado_conservacion,Garaje,Trastero,Piscina,Terraza_balcon,Seguridad_portero,Etiqueta,Amueblado,Calle_tranquila,Imagenes_locales,Aire acondicionado,Tipo_de_inmueble,Año_de_construccion,Calefaccion,Jardin,Ascensor,Tipo_vivienda,Planta_ordinal,distrito/ciudad,Localización_normalizada,Latitud,Longitud,announcement_id,Precio_m2,Longitud_desc,Riqueza_desc,Polaridad_desc,Subjetividad_desc,Adjetivos_positivos,Urgencia_desc,tipo_suelo,material_pared,tipo_ventana,altura_techo,elementos_estructurales_visibles,nivel_lujo,nivel_modernidad,estilo_principal,paleta_colores,calidad_iluminacion,espacio_abierto,distribucion_espacios,espacios_almacenaje,zonas_exteriores,tecnologia_visible,calidad_bano,equipamiento_cocina,defectos_visibles,nivel_foto_profesional,equilibrio_composicion,distorsion_perspectiva,num_imagenes
https://www.tecnocasa.es/venta/piso/madrid/madrid/592478.html,280000.0,3,70.0,1,"TECNOCASA PUEBLO NUEVO VENDE PISO PARA PARA ENTRAR A VIVIR.
Piso exclusivo en la calle Carlos Hernández a escasos metros de la calle Alcalá y de la elipa .
La vivienda que tenemos en venta se encuentra en una primera planta, consta de 70 metros y dispone de tres dormitorios, salón, cocina, baño y Piso cuenta con mucha luz natural, ventanas climalit, suelo de tarima, calefacción de gas magnifica a dos minutos del metro de quintanay a cuatro minutos del metro La Elipa.
Buscas viviendas de esta tipología? Acuda a nuestra oficina en la Calle Gómez de Avellaneda N°22 y nuestros asesores le ampliaran la información sobre está u otras SU PROPUESTA Y APROVECHE EL nuestra oficina también le podemos ofrecer asesoramiento financiero y profesional de forma gratuita y ofrecerle los productos financieros más ventajosos para usted del mercado. Zona equipada con todos los servicios; supermercados, comercios, cafeterías, colegios privados y públicos, polideportivo, Centros Comerciales y Zonas verdes. Líneas 5 y 7 de metro. Bus directo a Callao, Manuel Becerra, Canillejas, Plaza Castilla y Las Rosas. TECNOCASA - CIUDAD LINEAL - PUEBLO NUEVO - QUINTANA.",1,0,1,1,1,1,0,1,1,1,"['https://cdn-media.medialabtc.it/es/agencies/md047/estates/592478/images/8340308/gallery_media.jpeg', 'https://cdn-media.medialabtc.it/es/agencies/md047/estates/592478/images/8340358/gallery_media.jpeg', 'https://cdn-media.medialabtc.it/es/agencies/md047/estates/592478/images/8340343/gallery_media.jpeg', 'https://cdn-media.medialabtc.it/es/agencies/md047/estates/592478/images/8340365/gallery_media.jpeg', 'https://cdn-media.medialabtc.it/es/agencies/md047/estates/592478/images/8340345/gallery_media.jpeg', 'https://cdn-media.medialabtc.it/es/agencies/md047/estates/592478/images/8340347/gallery_media.jpeg', 'https://cdn-media.medialabtc.it/es/agencies/md047/estates/592478/images/8340360/gallery_media.jpeg', 'https://cdn-media.medialabtc.it/es/agencies/md047/estates/592478/images/8340349/gallery_media.jpeg', 'https://cdn-media.medialabtc.it/es/agencies/md047/estates/592478/images/8340366/gallery_media.jpeg', 'https://cdn-media.medialabtc.it/es/agencies/md047/estates/592478/images/8340350/gallery_media.jpeg', 'https://cdn-media.medialabtc.it/es/agencies/md047/estates/592478/images/8340367/gallery_media.jpeg', 'https://cdn-media.medialabtc.it/es/agencies/md047/estates/592478/images/8340310/gallery_media.jpeg', 'https://cdn-media.medialabtc.it/es/agencies/md047/estates/592478/images/8526707/gallery_media.jpeg', 'https://cdn-media.medialabtc.it/es/agencies/md047/estates/592478/images/8340364/gallery_media.jpeg', 'https://cdn-media.medialabtc.it/es/agencies/md047/estates/592478/images/8340359/gallery_media.jpeg', 'https://cdn-media.medialabtc.it/es/agencies/md047/estates/592478/images/8340354/gallery_media.jpeg', 'https://cdn-media.medialabtc.it/es/agencies/md047/estates/592478/images/8340307/gallery_media.jpeg', 'https://cdn-media.medialabtc.it/es/agencies/md047/estates/592478/images/8340306/gallery_media.jpeg', 'https://cdn-media.medialabtc.it/es/agencies/md047/estates/592478/images/8340344/gallery_media.jpeg', 'https://cdn-media.medialabtc.it/es/agencies/md047/estates/592478/images/8340342/gallery_media.jpeg', 'https://cdn-media.medialabtc.it/es/agencies/md047/estates/592478/images/8340312/gallery_media.jpeg', 'https://cdn-media.medialabtc.it/es/agencies/md047/estates/592478/images/8340352/gallery_media.jpeg', 'https://cdn-media.medialabtc.it/es/agencies/md047/estates/592478/images/8340353/gallery_media.jpeg', 'https://cdn-media.medialabtc.it/es/agencies/md047/estates/592478/images/8340351/gallery_media.jpeg', 'https://cdn-media.medialabtc.it/es/agencies/md047/estates/592478/images/8340346/gallery_media.jpeg', 'https://cdn-media.medialabtc.it/es/agencies/md047/estates/592478/images/8340356/gallery_media.jpeg', 'https://cdn-media.medialabtc.it/es/agencies/md047/estates/592478/images/8340362/gallery_media.jpeg', 'https://cdn-media.medialabtc.it/es/agencies/md047/estates/592478/images/8526708/gallery_media.jpeg']",0,Desconocido,0,0,0,0,0,E,0,0,"['imagenes_tecnocasa\\anuncio_568\\0.jpeg', 'imagenes_tecnocasa\\anuncio_568\\1.jpeg', 'imagenes_tecnocasa\\anuncio_568\\2.jpeg', 'imagenes_tecnocasa\\anuncio_568\\3.jpeg', 'imagenes_tecnocasa\\anuncio_568\\4.jpeg', 'imagenes_tecnocasa\\anuncio_568\\5.jpeg', 'imagenes_tecnocasa\\anuncio_568\\6.jpeg', 'imagenes_tecnocasa\\anuncio_568\\7.jpeg', 'imagenes_tecnocasa\\anuncio_568\\8.jpeg', 'imagenes_tecnocasa\\anuncio_568\\9.jpeg', 'imagenes_tecnocasa\\anuncio_568\\10.jpeg', 'imagenes_tecnocasa\\anuncio_568\\11.jpeg', 'imagenes_tecnocasa\\anuncio_568\\12.jpeg', 'imagenes_tecnocasa\\anuncio_568\\13.jpeg', 'imagenes_tecnocasa\\anuncio_568\\14.jpeg', 'imagenes_tecnocasa\\anuncio_568\\15.jpeg', 'imagenes_tecnocasa\\anuncio_568\\16.jpeg', 'imagenes_tecnocasa\\anuncio_568\\17.jpeg', 'imagenes_tecnocasa\\anuncio_568\\18.jpeg', 'imagenes_tecnocasa\\anuncio_568\\19.jpeg', 'imagenes_tecnocasa\\anuncio_568\\20.jpeg', 'imagenes_tecnocasa\\anuncio_568\\21.jpeg', 'imagenes_tecnocasa\\anuncio_568\\22.jpeg', 'imagenes_tecnocasa\\anuncio_568\\23.jpeg', 'imagenes_tecnocasa\\anuncio_568\\24.jpeg', 'imagenes_tecnocasa\\anuncio_568\\25.jpeg', 'imagenes_tecnocasa\\anuncio_568\\26.jpeg', 'imagenes_tecnocasa\\anuncio_568\\27.jpeg']",1,Popular,1961,1,0,0,piso,3,Madrid,"Pueblo Nuevo, Madrid",40.4167047,-3.7035825,568,4000.0,185.0,136.0,0.1,0.4,1.0,0.0,cerámica,pintura,ninguna,estándar (2.4-2.8m),nada,4.0,5.2,convencional,"['#F5F5DC', '#A0522D', '#FFFFFF']",regular,False,convencional,limitado,ninguno,ninguno,estándar,básica,ninguno,6.0,6.6,leve,5
https://www.tecnocasa.es/venta/piso/madrid/madrid/619277.html,210000.0,1,34.0,1,"Tecnocasa CONSULTING CUATRO CAMINOS-2022 . Agencia inmobiliaria de Madrid zona Cuatro caminos-Bellas vistas ofrece Dúplex EN VENTA de 34 m2 distribuidos en:
1 dormitorio principal
Salón luminoso
Cocina americana totalmente equipada
1 baño completo
Armario en habitación
Nuestro encantador dúplex en el corazón del municipio de Madrid, ideal para quienes buscan un espacio acogedor y funcional. Cuenta con una superficie de 34 m2, esta propiedad ofrece un diseño práctico y bien distribuido. Consta de un dormitorio y un baño, perfecto para una persona o una pareja que desee disfrutar de la vida urbana.
Ubicación inmejorable: a solo 3 minutos andando del metro de Cuatro Caminos (Líneas 1, 2 y 6) y cerca de Guzmán el Bueno. Zona rodeada de comercios, supermercados, farmacias, bares y todo tipo de servicios.
Con nuestro departamento financiero KIRON, conseguimos la mejor hipoteca adaptada a ti.
Contáctanos y agenda tu visita sin compromiso.",1,1,1,1,1,1,1,1,1,1,"['https://cdn-media.medialabtc.it/es/agencies/md075/estates/619277/images/8952874/gallery_media.jpeg', 'https://cdn-media.medialabtc.it/es/agencies/md075/estates/619277/images/8954742/gallery_media.jpeg', 'https://cdn-media.medialabtc.it/es/agencies/md075/estates/619277/images/8952877/gallery_media.jpeg', 'https://cdn-media.medialabtc.it/es/agencies/md075/estates/619277/images/8952878/gallery_media.jpeg', 'https://cdn-media.medialabtc.it/es/agencies/md075/estates/619277/images/8952870/gallery_media.jpeg', 'https://cdn-media.medialabtc.it/es/agencies/md075/estates/619277/images/8954741/gallery_media.jpeg', 'https://cdn-media.medialabtc.it/es/agencies/md075/estates/619277/images/8952879/gallery_media.jpeg', 'https://cdn-media.medialabtc.it/es/agencies/md075/estates/619277/images/8952871/gallery_media.jpeg', 'https://cdn-media.medialabtc.it/es/agencies/md075/estates/619277/images/8952943/gallery_media.jpeg', 'https://cdn-media.medialabtc.it/es/agencies/md075/estates/619277/images/8954736/gallery_media.jpeg', 'https://cdn-media.medialabtc.it/es/agencies/md075/estates/619277/images/8954735/gallery_media.jpeg', 'https://cdn-media.medialabtc.it/es/agencies/md075/estates/619277/images/8954734/gallery_media.jpeg', 'https://cdn-media.medialabtc.it/es/agencies/md075/estates/619277/images/8954740/gallery_media.jpeg', 'https://cdn-media.medialabtc.it/es/agencies/md075/estates/619277/images/8954738/gallery_media.jpeg', 'https://cdn-media.medialabtc.it/es/agencies/md075/estates/619277/images/8952873/gallery_media.jpeg', 'https://cdn-media.medialabtc.it/es/agencies/md075/estates/619277/images/8954739/gallery_media.jpeg', 'https://cdn-media.medialabtc.it/es/agencies/md075/estates/619277/images/8954733/gallery_media.jpeg', 'https://cdn-media.medialabtc.it/es/agencies/md075/estates/619277/images/8952872/gallery_media.jpeg', 'https://cdn-media.medialabtc.it/es/agencies/md075/estates/619277/images/8952875/gallery_media.jpeg', 'https://cdn-media.medialabtc.it/es/agencies/md075/estates/619277/images/8952942/gallery_media.jpeg', 'https://cdn-media.medialabtc.it/es/agencies/md075/estates/619277/images/8952876/gallery_media.jpeg', 'https://cdn-media.medialabtc.it/es/agencies/md075/estates/619277/images/8954737/gallery_media.jpeg']",1,Desconocido,0,0,0,0,0,E,0,0,"['imagenes_tecnocasa\\anuncio_569\\0.jpeg', 'imagenes_tecnocasa\\anuncio_569\\1.jpeg', 'imagenes_tecnocasa\\anuncio_569\\2.jpeg', 'imagenes_tecnocasa\\anuncio_569\\3.jpeg', 'imagenes_tecnocasa\\anuncio_569\\4.jpeg', 'imagenes_tecnocasa\\anuncio_569\\5.jpeg', 'imagenes_tecnocasa\\anuncio_569\\6.jpeg', 'imagenes_tecnocasa\\anuncio_569\\7.jpeg', 'imagenes_tecnocasa\\anuncio_569\\8.jpeg', 'imagenes_tecnocasa\\anuncio_569\\9.jpeg', 'imagenes_tecnocasa\\anuncio_569\\10.jpeg', 'imagenes_tecnocasa\\anuncio_569\\11.jpeg', 'imagenes_tecnocasa\\anuncio_569\\12.jpeg', 'imagenes_tecnocasa\\anuncio_569\\13.jpeg', 'imagenes_tecnocasa\\anuncio_569\\14.jpeg', 'imagenes_tecnocasa\\anuncio_569\\15.jpeg', 'imagenes_tecnocasa\\anuncio_569\\16.jpeg', 'imagenes_tecnocasa\\anuncio_569\\17.jpeg', 'imagenes_tecnocasa\\anuncio_569\\18.jpeg', 'imagenes_tecnocasa\\anuncio_569\\19.jpeg', 'imagenes_tecnocasa\\anuncio_569\\20.jpeg', 'imagenes_tecnocasa\\anuncio_569\\21.jpeg']",1,Popular,1925,1,0,0,piso,2,Bellas Vistas,"Bellas Vistas, Madrid",40.4526848,-3.7072396,569,6176.470588235294,147.0,116.0,0.9,1.0,1.0,1.0,otro,pintura,otro,estándar (2.4-2.8m),nada,3.8,4.0,moderno,"['#FFFFFF', '#F2E8CF', '#A0522D']",regular,False,convencional,limitado,ninguno,ninguno,estándar,básica,ninguno,7.4,6.8,ninguna,5
https://www.tecnocasa.es/venta/piso/madrid/coslada/613442.html,364700.0,3,101.0,2,"Agencia inmobiliaria TECNOCASA de COSLADA VALLEAGUADO- LA CAÑADA
EN VENTA : Descubre esta acogedora vivienda en el corazón de Valleaguado, ideal para quienes buscan comodidad y funcionalidad. La vivienda se encuentra en la URBANIZACIÓN PRIVADA LOS VALLES. REFORMADA PARA ENTRAR A VIVIR. Con una superficie de 101 m2 de vivienda , este piso ofrece un espacio bien distribuido que incluye tres dormitorios con armarios empotrados, perfectos para familias o para quienes necesitan un espacio adicional para trabajar desde casa. La propiedad cuenta con dos baños, lo que garantiza comodidad para todos los miembros del hogar. Salón con TERRAZA CERRADA. Cocina equipada con acceso a tendedero . TIENE TRASTERO Y GARAJE INCLUIDO EN EL PRECIO. Urbanización con PISCINA, TENIS Y PARQUE INFANTIL . Construida en 1980, esta vivienda combina el encanto de su época con las posibilidades de personalización que ofrece. La ubicación en Coslada proporciona acceso a una amplia gama de servicios, como tiendas, restaurantes y transporte público, facilitando el día a día de sus residentes. Este piso es una excelente oportunidad para quienes desean establecerse en una zona tranquila, pero bien conectada con el resto de la ciudad. No pierdas la oportunidad de visitar esta propiedad y descubrir todo lo que tiene para ofrecer.",1,1,1,1,1,1,0,1,1,1,"['https://cdn-media.medialabtc.it/es/agencies/mdbo4/estates/613442/images/8812002/gallery_media.jpeg', 'https://cdn-media.medialabtc.it/es/agencies/mdbo4/estates/613442/images/8812019/gallery_media.jpeg', 'https://cdn-media.medialabtc.it/es/agencies/mdbo4/estates/613442/images/8826819/gallery_media.jpeg', 'https://cdn-media.medialabtc.it/es/agencies/mdbo4/estates/613442/images/8812385/gallery_media.jpeg', 'https://cdn-media.medialabtc.it/es/agencies/mdbo4/estates/613442/images/8812006/gallery_media.jpeg', 'https://cdn-media.medialabtc.it/es/agencies/mdbo4/estates/613442/images/8811998/gallery_media.jpeg', 'https://cdn-media.medialabtc.it/es/agencies/mdbo4/estates/613442/images/8812022/gallery_media.jpeg', 'https://cdn-media.medialabtc.it/es/agencies/mdbo4/estates/613442/images/8812402/gallery_media.jpeg', 'https://cdn-media.medialabtc.it/es/agencies/mdbo4/estates/613442/images/8812018/gallery_media.jpeg', 'https://cdn-media.medialabtc.it/es/agencies/mdbo4/estates/613442/images/8812017/gallery_media.jpeg', 'https://cdn-media.medialabtc.it/es/agencies/mdbo4/estates/613442/images/8812009/gallery_media.jpeg', 'https://cdn-media.medialabtc.it/es/agencies/mdbo4/estates/613442/images/8812011/gallery_media.jpeg', 'https://cdn-media.medialabtc.it/es/agencies/mdbo4/estates/613442/images/8811999/gallery_media.jpeg', 'https://cdn-media.medialabtc.it/es/agencies/mdbo4/estates/613442/images/8812013/gallery_media.jpeg', 'https://cdn-media.medialabtc.it/es/agencies/mdbo4/estates/613442/images/8881911/gallery_media.jpeg', 'https://cdn-media.medialabtc.it/es/agencies/mdbo4/estates/613442/images/8811993/gallery_media.jpeg', 'https://cdn-media.medialabtc.it/es/agencies/mdbo4/estates/613442/images/8812012/gallery_media.jpeg', 'https://cdn-media.medialabtc.it/es/agencies/mdbo4/estates/613442/images/8812020/gallery_media.jpeg', 'https://cdn-media.medialabtc.it/es/agencies/mdbo4/estates/613442/images/8812000/gallery_media.jpeg', 'https://cdn-media.medialabtc.it/es/agencies/mdbo4/estates/613442/images/8812004/gallery_media.jpeg', 'https://cdn-media.medialabtc.it/es/agencies/mdbo4/estates/613442/images/8811994/gallery_media.jpeg', 'https://cdn-media.medialabtc.it/es/agencies/mdbo4/estates/613442/images/8812005/gallery_media.jpeg', 'https://cdn-media.medialabtc.it/es/agencies/mdbo4/estates/613442/images/8811995/gallery_media.jpeg', 'https://cdn-media.medialabtc.it/es/agencies/mdbo4/estates/613442/images/8811996/gallery_media.jpeg', 'https://cdn-media.medialabtc.it/es/agencies/mdbo4/estates/613442/images/8811997/gallery_media.jpeg', 'https://cdn-media.medialabtc.it/es/agencies/mdbo4/estates/613442/images/8812016/gallery_media.jpeg', 'https://cdn-media.medialabtc.it/es/agencies/mdbo4/estates/613442/images/8812021/gallery_media.jpeg', 'https://cdn-media.medialabtc.it/es/agencies/mdbo4/estates/613442/images/8812010/gallery_media.jpeg']",0,Desconocido,1,1,1,1,0,E,0,1,"['imagenes_tecnocasa\\anuncio_570\\0.jpeg', 'imagenes_tecnocasa\\anuncio_570\\1.jpeg', 'imagenes_tecnocasa\\anuncio_570\\2.jpeg', 'imagenes_tecnocasa\\anuncio_570\\3.jpeg', 'imagenes_tecnocasa\\anuncio_570\\4.jpeg', 'imagenes_tecnocasa\\anuncio_570\\5.jpeg', 'imagenes_tecnocasa\\anuncio_570\\6.jpeg', 'imagenes_tecnocasa\\anuncio_570\\7.jpeg', 'imagenes_tecnocasa\\anuncio_570\\8.jpeg', 'imagenes_tecnocasa\\anuncio_570\\9.jpeg', 'imagenes_tecnocasa\\anuncio_570\\10.jpeg', 'imagenes_tecnocasa\\anuncio_570\\11.jpeg', 'imagenes_tecnocasa\\anuncio_570\\12.jpeg', 'imagenes_tecnocasa\\anuncio_570\\13.jpeg', 'imagenes_tecnocasa\\anuncio_570\\14.jpeg', 'imagenes_tecnocasa\\anuncio_570\\15.jpeg', 'imagenes_tecnocasa\\anuncio_570\\16.jpeg', 'imagenes_tecnocasa\\anuncio_570\\17.jpeg', 'imagenes_tecnocasa\\anuncio_570\\18.jpeg', 'imagenes_tecnocasa\\anuncio_570\\19.jpeg', 'imagenes_tecnocasa\\anuncio_570\\20.jpeg', 'imagenes_tecnocasa\\anuncio_570\\21.jpeg', 'imagenes_tecnocasa\\anuncio_570\\22.jpeg', 'imagenes_tecnocasa\\anuncio_570\\23.jpeg', 'imagenes_tecnocasa\\anuncio_570\\24.jpeg', 'imagenes_tecnocasa\\anuncio_570\\25.jpeg', 'imagenes_tecnocasa\\anuncio_570\\26.jpeg', 'imagenes_tecnocasa\\anuncio_570\\27.jpeg']",0,Señorial,1978,1,0,0,piso,1,Coslada,Coslada,40.423802,-3.5552882,570,3610.891089108911,205.0,143.0,0.9,1.0,0.0,1.0,parquet,pintura,otro,estándar (2.4-2.8m),nada,4.4,5.6,moderno,"['#D2691E', '#A0522D', '#8B4513']",buena,False,convencional,normal,ninguno,ninguno,estándar,parcialmente equipada,ninguno,6.6,6.8,ninguna,5
https://www.tecnocasa.es/venta/piso/madrid/alcala-de-henares/619074.html,195000.0,3,70.0,1,"Agencia inmobiliaria de ALCALÁ DE HENARES-zona CHORRILLO-IVIASA-CAMPO DEL ÁNGEL-PARQUE DEL ÁNGEL. Oficina de TECNOCASA vende:
Descubre esta acogedora vivienda en el barrio Chorrillo de Alcalá de Henares, ideal para quienes buscan comodidad y funcionalidad. Con una superficie de 70 m2, este piso ofrece tres dormitorios bien distribuidos, perfectos para familias o para quienes necesitan espacio adicional. El salón es luminoso y se conecta con un balcón que invita a disfrutar del aire libre. La cocina es práctica y está lista para adaptarse a tus necesidades diarias. El baño es completo y está en buen estado. Además, la propiedad cuenta con una terraza, un espacio adicional para relajarse o compartir momentos especiales. El edificio, construido en 1974, dispone de ascensor, facilitando el acceso a la vivienda. Ubicado en una zona popular, este piso es una excelente oportunidad para quienes desean vivir en un entorno tranquilo, con todos los servicios y transportes a su alcance. ¡No dejes pasar esta oportunidad!
Su ubicación en Alcalá de Henares te permitirá disfrutar de la rica historia y cultura de la zona, con fácil acceso a servicios, tiendas y transporte. No pierdas la oportunidad de hacer de este piso tu nuevo hogar.
También destaca su cercanía a la RENFE y su buena comunicación con la autovía A-2 a parte de múltiples paradas de autobús, supermercados, etc.
Se encuentra en un barrio consolidado con todos los servicios necesarios para tu día a día
y no lo olvide, le podemos ayudar con nuestro departamento financiero kiron consiguiendo hasta el 100% de financiación.
INFORMESE DE LAS CONDICIONES EN NUESTRA OFICINA SITUADA EN C/ TORRELAGUNA 18.",0,1,1,1,0,1,0,1,1,1,"['https://cdn-media.medialabtc.it/es/agencies/mdbic/estates/619074/images/8983583/gallery_media.jpeg', 'https://cdn-media.medialabtc.it/es/agencies/mdbic/estates/619074/images/8983582/gallery_media.jpeg', 'https://cdn-media.medialabtc.it/es/agencies/mdbic/estates/619074/images/8983550/gallery_media.jpeg', 'https://cdn-media.medialabtc.it/es/agencies/mdbic/estates/619074/images/8983578/gallery_media.jpeg', 'https://cdn-media.medialabtc.it/es/agencies/mdbic/estates/619074/images/8983549/gallery_media.jpeg', 'https://cdn-media.medialabtc.it/es/agencies/mdbic/estates/619074/images/8983574/gallery_media.jpeg', 'https://cdn-media.medialabtc.it/es/agencies/mdbic/estates/619074/images/8983584/gallery_media.jpeg', 'https://cdn-media.medialabtc.it/es/agencies/mdbic/estates/619074/images/8983548/gallery_media.jpeg', 'https://cdn-media.medialabtc.it/es/agencies/mdbic/estates/619074/images/8983580/gallery_media.jpeg', 'https://cdn-media.medialabtc.it/es/agencies/mdbic/estates/619074/images/8983571/gallery_media.jpeg', 'https://cdn-media.medialabtc.it/es/agencies/mdbic/estates/619074/images/8983576/gallery_media.jpeg', 'https://cdn-media.medialabtc.it/es/agencies/mdbic/estates/619074/images/8983573/gallery_media.jpeg', 'https://cdn-media.medialabtc.it/es/agencies/mdbic/estates/619074/images/8983572/gallery_media.jpeg', 'https://cdn-media.medialabtc.it/es/agencies/mdbic/estates/619074/images/8983579/gallery_media.jpeg', 'https://cdn-media.medialabtc.it/es/agencies/mdbic/estates/619074/images/8983570/gallery_media.jpeg', 'https://cdn-media.medialabtc.it/es/agencies/mdbic/estates/619074/images/8983575/gallery_media.jpeg', 'https://cdn-media.medialabtc.it/es/agencies/mdbic/estates/619074/images/8983581/gallery_media.jpeg', 'https://cdn-media.medialabtc.it/es/agencies/mdbic/estates/619074/images/8983547/gallery_media.jpeg', 'https://cdn-media.medialabtc.it/es/agencies/mdbic/estates/619074/images/8983577/gallery_media.jpeg']",0,Buen estado,0,0,0,1,0,F,0,0,"['imagenes_tecnocasa\\anuncio_572\\0.jpeg', 'imagenes_tecnocasa\\anuncio_572\\1.jpeg', 'imagenes_tecnocasa\\anuncio_572\\2.jpeg', 'imagenes_tecnocasa\\anuncio_572\\3.jpeg', 'imagenes_tecnocasa\\anuncio_572\\4.jpeg', 'imagenes_tecnocasa\\anuncio_572\\5.jpeg', 'imagenes_tecnocasa\\anuncio_572\\6.jpeg', 'imagenes_tecnocasa\\anuncio_572\\7.jpeg', 'imagenes_tecnocasa\\anuncio_572\\8.jpeg', 'imagenes_tecnocasa\\anuncio_572\\9.jpeg', 'imagenes_tecnocasa\\anuncio_572\\10.jpeg', 'imagenes_tecnocasa\\anuncio_572\\11.jpeg', 'imagenes_tecnocasa\\anuncio_572\\12.jpeg', 'imagenes_tecnocasa\\anuncio_572\\13.jpeg', 'imagenes_tecnocasa\\anuncio_572\\14.jpeg', 'imagenes_tecnocasa\\anuncio_572\\15.jpeg', 'imagenes_tecnocasa\\anuncio_572\\16.jpeg', 'imagenes_tecnocasa\\anuncio_572\\17.jpeg', 'imagenes_tecnocasa\\anuncio_572\\18.jpeg']",0,Media,1974,1,0,1,piso,3,Alcalá de Henares,"Chorrillo, Alcalá De Henares",40.481954,-3.363981,572,2785.714285714286,266.0,176.0,0.825,0.95,2.0,1.0,otro,pintura,corredera,estándar (2.4-2.8m),nada,2.8,3.0,convencional,"['#F5F5DC', '#DEB887', '#FFFFFF']",regular,False,convencional,limitado,ninguno,ninguno,básico,básica,ninguno,5.2,4.8,ninguna,5
https://www.tecnocasa.es/venta/piso/madrid/madrid/368299.html,276000.0,1,40.0,1,"Inmobiliaria en Chamartín, Prosperidad Madrid - Tecnocasa Oficina Prosperidad 2019 Sl vende piso en la calle Lopez de Hoyos.
Se vende acogedor apartamento reformado y completamente amueblado en Calle López de Hoyos, una de las vías más conocidas y bien comunicadas del barrio, a tan solo unos pasos de la estación de metro Alfonso XIII (Línea 4).
Se trata de una vivienda con espacios bien aprovechados y una distribución cómoda y funcional. El apartamento dispone de un salón , una cocina independiente totalmente equipada que además cuenta con acceso a un patio interior, un dormitorio con cama de matrimonio y armario, y un baño completo con plato de ducha.
La vivienda ha sido reformada recientemente y se entrega amueblada y equipada, lista para entrar a vivir desde el primer día sin necesidad de realizar ningún tipo de inversión adicional. Es ideal tanto para parejas como para profesionales que busquen comodidad, funcionalidad y una excelente conexión con el centro de Madrid.
La zona ofrece todos los servicios necesarios a pocos minutos a pie: supermercados, tiendas, restaurantes, farmacias, centros educativos y zonas verdes. Además, cuenta con una excelente red de transporte público, lo que facilita el acceso a cualquier punto de la ciudad. Una gran oportunidad tanto para vivir como para invertir en una de las áreas con mayor demanda de la capital.
Contacta para más información o concertar una visita.",1,1,1,1,1,1,0,1,1,1,"['https://cdn-media.medialabtc.it/es/agencies/md038/estates/368299/images/8984646/gallery_media.jpeg', 'https://cdn-media.medialabtc.it/es/agencies/md038/estates/368299/images/8984652/gallery_media.jpeg', 'https://cdn-media.medialabtc.it/es/agencies/md038/estates/368299/images/8984647/gallery_media.jpeg', 'https://cdn-media.medialabtc.it/es/agencies/md038/estates/368299/images/8984623/gallery_media.jpeg', 'https://cdn-media.medialabtc.it/es/agencies/md038/estates/368299/images/8984644/gallery_media.jpeg', 'https://cdn-media.medialabtc.it/es/agencies/md038/estates/368299/images/8984649/gallery_media.jpeg', 'https://cdn-media.medialabtc.it/es/agencies/md038/estates/368299/images/8984645/gallery_media.jpeg', 'https://cdn-media.medialabtc.it/es/agencies/md038/estates/368299/images/8984581/gallery_media.jpeg', 'https://cdn-media.medialabtc.it/es/agencies/md038/estates/368299/images/8984579/gallery_media.jpeg', 'https://cdn-media.medialabtc.it/es/agencies/md038/estates/368299/images/8984651/gallery_media.jpeg', 'https://cdn-media.medialabtc.it/es/agencies/md038/estates/368299/images/8984643/gallery_media.jpeg', 'https://cdn-media.medialabtc.it/es/agencies/md038/estates/368299/images/8984648/gallery_media.jpeg', 'https://cdn-media.medialabtc.it/es/agencies/md038/estates/368299/images/8984642/gallery_media.jpeg', 'https://cdn-media.medialabtc.it/es/agencies/md038/estates/368299/images/8984580/gallery_media.jpeg', 'https://cdn-media.medialabtc.it/es/agencies/md038/estates/368299/images/8984654/gallery_media.jpeg', 'https://cdn-media.medialabtc.it/es/agencies/md038/estates/368299/images/8984650/gallery_media.jpeg', 'https://cdn-media.medialabtc.it/es/agencies/md038/estates/368299/images/8984653/gallery_media.jpeg']",0,Reformado,0,0,0,0,0,E,1,0,"['imagenes_tecnocasa\\anuncio_573\\0.jpeg', 'imagenes_tecnocasa\\anuncio_573\\1.jpeg', 'imagenes_tecnocasa\\anuncio_573\\2.jpeg', 'imagenes_tecnocasa\\anuncio_573\\3.jpeg', 'imagenes_tecnocasa\\anuncio_573\\4.jpeg', 'imagenes_tecnocasa\\anuncio_573\\5.jpeg', 'imagenes_tecnocasa\\anuncio_573\\6.jpeg', 'imagenes_tecnocasa\\anuncio_573\\7.jpeg', 'imagenes_tecnocasa\\anuncio_573\\8.jpeg', 'imagenes_tecnocasa\\anuncio_573\\9.jpeg', 'imagenes_tecnocasa\\anuncio_573\\10.jpeg', 'imagenes_tecnocasa\\anuncio_573\\11.jpeg', 'imagenes_tecnocasa\\anuncio_573\\12.jpeg', 'imagenes_tecnocasa\\anuncio_573\\13.jpeg', 'imagenes_tecnocasa\\anuncio_573\\14.jpeg', 'imagenes_tecnocasa\\anuncio_573\\15.jpeg', 'imagenes_tecnocasa\\anuncio_573\\16.jpeg']",1,Popular,1930,0,0,0,piso,2,Madrid,"Prosperidad, Madrid",40.4167047,-3.7035825,573,6900.0,229.0,154.0,0.45,0.5,1.0,0.0,otro,pintura,corredera,estándar (2.4-2.8m),nada,3.6,3.4,clásico,"['#F2F2F2', '#FFFFFF', '#A0A0A0']",regular,False,convencional,limitado,ninguno,ninguno,estándar,básica,ninguno,6.4,6.2,ninguna,5
https://www.tecnocasa.es/venta/piso/madrid/alcorcon/511602.html,285000.0,3,85.0,1,"Inmobiliaria en Metro Parque Lisboa Alcorcón. Oficina Tecnocasa de Alcorcón vende vivienda de 90m2 con excelentes vistas.
La vivienda se distribuye en recibidor, cocina, salón con acceso a terraza, pasillo, baño y 3 dormitorios (2 de ellos de matrimonio). En cuanto a las calidades la vivienda dispone de terraza cerrada, suelos de parque, cocina y baño reformados.
El edificio dispone de 2 ascensores, ascensor para personas con movilidad reducida, doble puerta de acceso en portal y calefacción central.

En la zona encontrarás todo tipo de servicios, colegios e institutos, transporte público (línea 12 de MetroSur 'Parque lisboa' y Renfe 'Alcorcón Central'), fácil acceso a carreteras A-5, M-40 y M-50. '.",1,1,1,1,1,1,1,1,1,1,"['https://cdn-media.medialabtc.it/es/agencies/mdbl2/estates/511602/images/8861232/gallery_media.jpeg', 'https://cdn-media.medialabtc.it/es/agencies/mdbl2/estates/511602/images/8861234/gallery_media.jpeg', 'https://cdn-media.medialabtc.it/es/agencies/mdbl2/estates/511602/images/8861284/gallery_media.jpeg', 'https://cdn-media.medialabtc.it/es/agencies/mdbl2/estates/511602/images/8861238/gallery_media.jpeg', 'https://cdn-media.medialabtc.it/es/agencies/mdbl2/estates/511602/images/8861287/gallery_media.jpeg', 'https://cdn-media.medialabtc.it/es/agencies/mdbl2/estates/511602/images/8861289/gallery_media.jpeg', 'https://cdn-media.medialabtc.it/es/agencies/mdbl2/estates/511602/images/8861294/gallery_media.jpeg', 'https://cdn-media.medialabtc.it/es/agencies/mdbl2/estates/511602/images/8861239/gallery_media.jpeg', 'https://cdn-media.medialabtc.it/es/agencies/mdbl2/estates/511602/images/8861235/gallery_media.jpeg', 'https://cdn-media.medialabtc.it/es/agencies/mdbl2/estates/511602/images/8861288/gallery_media.jpeg', 'https://cdn-media.medialabtc.it/es/agencies/mdbl2/estates/511602/images/8861240/gallery_media.jpeg', 'https://cdn-media.medialabtc.it/es/agencies/mdbl2/estates/511602/images/8861241/gallery_media.jpeg', 'https://cdn-media.medialabtc.it/es/agencies/mdbl2/estates/511602/images/8861291/gallery_media.jpeg', 'https://cdn-media.medialabtc.it/es/agencies/mdbl2/estates/511602/images/8861283/gallery_media.jpeg', 'https://cdn-media.medialabtc.it/es/agencies/mdbl2/estates/511602/images/8861233/gallery_media.jpeg', 'https://cdn-media.medialabtc.it/es/agencies/mdbl2/estates/511602/images/8861229/gallery_media.jpeg', 'https://cdn-media.medialabtc.it/es/agencies/mdbl2/estates/511602/images/8861290/gallery_media.jpeg', 'https://cdn-media.medialabtc.it/es/agencies/mdbl2/estates/511602/images/8861292/gallery_media.jpeg', 'https://cdn-media.medialabtc.it/es/agencies/mdbl2/estates/511602/images/8861282/gallery_media.jpeg', 'https://cdn-media.medialabtc.it/es/agencies/mdbl2/estates/511602/images/8861231/gallery_media.jpeg', 'https://cdn-media.medialabtc.it/es/agencies/mdbl2/estates/511602/images/8861236/gallery_media.jpeg', 'https://cdn-media.medialabtc.it/es/agencies/mdbl2/estates/511602/images/8861230/gallery_media.jpeg', 'https://cdn-media.medialabtc.it/es/agencies/mdbl2/estates/511602/images/8861237/gallery_media.jpeg', 'https://cdn-media.medialabtc.it/es/agencies/mdbl2/estates/511602/images/8861285/gallery_media.jpeg']",0,Desconocido,0,0,0,1,0,E,0,0,"['imagenes_tecnocasa\\anuncio_575\\0.jpeg', 'imagenes_tecnocasa\\anuncio_575\\1.jpeg', 'imagenes_tecnocasa\\anuncio_575\\2.jpeg', 'imagenes_tecnocasa\\anuncio_575\\3.jpeg', 'imagenes_tecnocasa\\anuncio_575\\4.jpeg', 'imagenes_tecnocasa\\anuncio_575\\5.jpeg', 'imagenes_tecnocasa\\anuncio_575\\6.jpeg', 'imagenes_tecnocasa\\anuncio_575\\7.jpeg', 'imagenes_tecnocasa\\anuncio_575\\8.jpeg', 'imagenes_tecnocasa\\anuncio_575\\9.jpeg', 'imagenes_tecnocasa\\anuncio_575\\10.jpeg', 'imagenes_tecnocasa\\anuncio_575\\11.jpeg', 'imagenes_tecnocasa\\anuncio_575\\12.jpeg', 'imagenes_tecnocasa\\anuncio_575\\13.jpeg', 'imagenes_tecnocasa\\anuncio_575\\14.jpeg', 'imagenes_tecnocasa\\anuncio_575\\15.jpeg', 'imagenes_tecnocasa\\anuncio_575\\16.jpeg', 'imagenes_tecnocasa\\anuncio_575\\17.jpeg', 'imagenes_tecnocasa\\anuncio_575\\18.jpeg', 'imagenes_tecnocasa\\anuncio_575\\19.jpeg', 'imagenes_tecnocasa\\anuncio_575\\20.jpeg', 'imagenes_tecnocasa\\anuncio_575\\21.jpeg', 'imagenes_tecnocasa\\anuncio_575\\22.jpeg', 'imagenes_tecnocasa\\anuncio_575\\23.jpeg']",1,Media,1972,1,0,1,piso,3,Alcorcón,"Centro, Alcorcón",40.3492998,-3.8284295,575,3352.9411764705883,110.0,83.0,0.0,0.25,1.0,0.0,parquet,pintura,otro,estándar (2.4-2.8m),nada,4.6,3.6,clásico,"['#87ceeb', '#a0522d', '#d3d3d3']",regular,False,convencional,normal,ninguno,ninguno,estándar,básica,ninguno,6.0,6.6,ninguna,5
https://www.tecnocasa.es/venta/piso/madrid/alcala-de-henares/619184.html,370000.0,4,129.0,2,"AGENCIA INMOBILIARIA DE ALCALÁ DE HENARES, OFICINA DE TECNOCASA, VENDE EXCELENTE VIVIENDA EN ENSANCHE.

La zona cuenta con todos los servicios a su alcance, como centros de salud, colegios e institutos, además de todo tipo de comercios y el centro comercial Alcalá Magna, Estación de tren en Alcalá de Henares y muy bien comunicado con la nacional A-2, además de numerosas paradas de líneas urbanas e interurbanas.

Tiene una superficie aproximada de 129 m2 y la vivienda está distribuida en:

hall recibidor, cocina amueblada y equipada con electrodomésticos con acceso a terraza tendedero, salón comedor grande y muy luminoso con aire acondicionado, cuatro dormitorios amplios, todos cuentan con armarios empotrados y 2 baños completos, uno de ellos con plato de ducha y otro con bañera, la vivienda cuenta con aire acondicionado en salón y dos dormitorios, pintura en liso en la mayoría de la vivienda, suelo de parqué.

Además, en el precio se incluye una plaza de garaje y un cuarto trastero.

La finca cuenta con ascensor, zonas comunes con piscina y jardín

No lo dude y venga a visitarlo sin compromiso.

VENGA A VISITARLO SIN COMPROMISO, Y RECUERDE QUE LE PODEMOS CONSEGUIR HASTA EL 100% DE FINANCIACIÓN CON NUESTRO DEPARTAMENTO FINANCIERO KIRON.",0,1,1,1,1,1,0,1,1,1,"['https://cdn-media.medialabtc.it/es/agencies/md554/estates/619184/images/8952482/gallery_media.jpeg', 'https://cdn-media.medialabtc.it/es/agencies/md554/estates/619184/images/8952486/gallery_media.jpeg', 'https://cdn-media.medialabtc.it/es/agencies/md554/estates/619184/images/8952321/gallery_media.jpeg', 'https://cdn-media.medialabtc.it/es/agencies/md554/estates/619184/images/8952485/gallery_media.jpeg', 'https://cdn-media.medialabtc.it/es/agencies/md554/estates/619184/images/8952307/gallery_media.jpeg', 'https://cdn-media.medialabtc.it/es/agencies/md554/estates/619184/images/8952484/gallery_media.jpeg', 'https://cdn-media.medialabtc.it/es/agencies/md554/estates/619184/images/8952483/gallery_media.jpeg', 'https://cdn-media.medialabtc.it/es/agencies/md554/estates/619184/images/8952311/gallery_media.jpeg', 'https://cdn-media.medialabtc.it/es/agencies/md554/estates/619184/images/8952318/gallery_media.jpeg', 'https://cdn-media.medialabtc.it/es/agencies/md554/estates/619184/images/8952309/gallery_media.jpeg', 'https://cdn-media.medialabtc.it/es/agencies/md554/estates/619184/images/8952308/gallery_media.jpeg', 'https://cdn-media.medialabtc.it/es/agencies/md554/estates/619184/images/8952314/gallery_media.jpeg', 'https://cdn-media.medialabtc.it/es/agencies/md554/estates/619184/images/8952313/gallery_media.jpeg', 'https://cdn-media.medialabtc.it/es/agencies/md554/estates/619184/images/8952315/gallery_media.jpeg', 'https://cdn-media.medialabtc.it/es/agencies/md554/estates/619184/images/8952317/gallery_media.jpeg', 'https://cdn-media.medialabtc.it/es/agencies/md554/estates/619184/images/8952316/gallery_media.jpeg', 'https://cdn-media.medialabtc.it/es/agencies/md554/estates/619184/images/8952488/gallery_media.jpeg', 'https://cdn-media.medialabtc.it/es/agencies/md554/estates/619184/images/8952487/gallery_media.jpeg', 'https://cdn-media.medialabtc.it/es/agencies/md554/estates/619184/images/8952320/gallery_media.jpeg', 'https://cdn-media.medialabtc.it/es/agencies/md554/estates/619184/images/8952319/gallery_media.jpeg', 'https://cdn-media.medialabtc.it/es/agencies/md554/estates/619184/images/8952310/gallery_media.jpeg', 'https://cdn-media.medialabtc.it/es/agencies/md554/estates/619184/images/8952312/gallery_media.jpeg']",0,Desconocido,1,1,1,1,0,E,0,0,"['imagenes_tecnocasa\\anuncio_578\\0.jpeg', 'imagenes_tecnocasa\\anuncio_578\\1.jpeg', 'imagenes_tecnocasa\\anuncio_578\\2.jpeg', 'imagenes_tecnocasa\\anuncio_578\\3.jpeg', 'imagenes_tecnocasa\\anuncio_578\\4.jpeg', 'imagenes_tecnocasa\\anuncio_578\\5.jpeg', 'imagenes_tecnocasa\\anuncio_578\\6.jpeg', 'imagenes_tecnocasa\\anuncio_578\\7.jpeg', 'imagenes_tecnocasa\\anuncio_578\\8.jpeg', 'imagenes_tecnocasa\\anuncio_578\\9.jpeg', 'imagenes_tecnocasa\\anuncio_578\\10.jpeg', 'imagenes_tecnocasa\\anuncio_578\\11.jpeg', 'imagenes_tecnocasa\\anuncio_578\\12.jpeg', 'imagenes_tecnocasa\\anuncio_578\\13.jpeg', 'imagenes_tecnocasa\\anuncio_578\\14.jpeg', 'imagenes_tecnocasa\\anuncio_578\\15.jpeg', 'imagenes_tecnocasa\\anuncio_578\\16.jpeg', 'imagenes_tecnocasa\\anuncio_578\\17.jpeg', 'imagenes_tecnocasa\\anuncio_578\\18.jpeg', 'imagenes_tecnocasa\\anuncio_578\\19.jpeg', 'imagenes_tecnocasa\\anuncio_578\\20.jpeg', 'imagenes_tecnocasa\\anuncio_578\\21.jpeg']",1,Señorial,1999,1,0,0,piso,2,Alcalá de Henares,"Ensanche, Alcalá De Henares",40.481954,-3.363981,578,2868.217054263566,203.0,145.0,0.0,0.0,2.0,0.0,parquet,pintura,corredera,estándar (2.4-2.8m),nada,4.4,4.0,convencional,"['#F5F5DC', '#FFE4C4', '#FAEBD7']",buena,False,convencional,normal,ninguno,ninguno,estándar,básica,ninguno,7.2,6.2,ninguna,5
https://www.tecnocasa.es/venta/piso/madrid/madrid/620580.html,750000.0,4,163.0,3,"Inmobiliaria en Alameda de Osuna Madrid - Tecnocasa Estudio Alameda De Osuna Sl

Vende magnifico piso de 163 metros cuadrados con acceso directo al salón y a la cocina, distribuido en:

Salón comedor, armario empotrado y aire acondicionada
Cocina con acceso independiente
dos baños completos
1 aseo
habitación principal con cuarto de baño en suit, todas las habitaciones tienen armarios empotrados.

Plaza de garaje incluida en el precio

Zona residencial con áreas verdes, piscina dentro de la urbanización.

Zona inmejorable con numerosas zonas verdes equipada con todos los servicios; supermercados, comercios, cafeterías, colegios, gimnasios, CENTRO COMERCIAL PLENILUNIO a 7 minutos en coche y 20 andando. Linea 5 (Alameda de Osuna) MINUTOS ANDANDO. Bus línea 105, une la plaza de Ciudad Lineal con Barajas, Bus líneas 101 y 151 que une Canillejas con Barajas y autobús interurbano linea 827 cuyo recorrido pasa por aeropuerto T4-Alcobendas-universidad Autónoma-Tres Cantos.",1,0,1,1,1,1,0,0,0,1,"['https://cdn-media.medialabtc.it/es/agencies/md066/estates/620580/images/8976604/gallery_media.jpeg', 'https://cdn-media.medialabtc.it/es/agencies/md066/estates/620580/images/8976647/gallery_media.jpeg', 'https://cdn-media.medialabtc.it/es/agencies/md066/estates/620580/images/8976643/gallery_media.jpeg', 'https://cdn-media.medialabtc.it/es/agencies/md066/estates/620580/images/8976656/gallery_media.jpeg', 'https://cdn-media.medialabtc.it/es/agencies/md066/estates/620580/images/8976665/gallery_media.jpeg', 'https://cdn-media.medialabtc.it/es/agencies/md066/estates/620580/images/8976662/gallery_media.jpeg', 'https://cdn-media.medialabtc.it/es/agencies/md066/estates/620580/images/8976666/gallery_media.jpeg', 'https://cdn-media.medialabtc.it/es/agencies/md066/estates/620580/images/8976648/gallery_media.jpeg', 'https://cdn-media.medialabtc.it/es/agencies/md066/estates/620580/images/8976642/gallery_media.jpeg', 'https://cdn-media.medialabtc.it/es/agencies/md066/estates/620580/images/8976654/gallery_media.jpeg', 'https://cdn-media.medialabtc.it/es/agencies/md066/estates/620580/images/8976663/gallery_media.jpeg', 'https://cdn-media.medialabtc.it/es/agencies/md066/estates/620580/images/8976646/gallery_media.jpeg', 'https://cdn-media.medialabtc.it/es/agencies/md066/estates/620580/images/8976660/gallery_media.jpeg', 'https://cdn-media.medialabtc.it/es/agencies/md066/estates/620580/images/8976644/gallery_media.jpeg', 'https://cdn-media.medialabtc.it/es/agencies/md066/estates/620580/images/8976651/gallery_media.jpeg', 'https://cdn-media.medialabtc.it/es/agencies/md066/estates/620580/images/8976661/gallery_media.jpeg', 'https://cdn-media.medialabtc.it/es/agencies/md066/estates/620580/images/8976645/gallery_media.jpeg', 'https://cdn-media.medialabtc.it/es/agencies/md066/estates/620580/images/8976650/gallery_media.jpeg', 'https://cdn-media.medialabtc.it/es/agencies/md066/estates/620580/images/8976653/gallery_media.jpeg', 'https://cdn-media.medialabtc.it/es/agencies/md066/estates/620580/images/8976655/gallery_media.jpeg', 'https://cdn-media.medialabtc.it/es/agencies/md066/estates/620580/images/8976658/gallery_media.jpeg', 'https://cdn-media.medialabtc.it/es/agencies/md066/estates/620580/images/8976659/gallery_media.jpeg', 'https://cdn-media.medialabtc.it/es/agencies/md066/estates/620580/images/8976664/gallery_media.jpeg', 'https://cdn-media.medialabtc.it/es/agencies/md066/estates/620580/images/8976652/gallery_media.jpeg', 'https://cdn-media.medialabtc.it/es/agencies/md066/estates/620580/images/8976657/gallery_media.jpeg', 'https://cdn-media.medialabtc.it/es/agencies/md066/estates/620580/images/8976649/gallery_media.jpeg']",0,Desconocido,1,0,1,0,0,E,0,0,"['imagenes_tecnocasa\\anuncio_579\\0.jpeg', 'imagenes_tecnocasa\\anuncio_579\\1.jpeg', 'imagenes_tecnocasa\\anuncio_579\\2.jpeg', 'imagenes_tecnocasa\\anuncio_579\\3.jpeg', 'imagenes_tecnocasa\\anuncio_579\\4.jpeg', 'imagenes_tecnocasa\\anuncio_579\\5.jpeg', 'imagenes_tecnocasa\\anuncio_579\\6.jpeg', 'imagenes_tecnocasa\\anuncio_579\\7.jpeg', 'imagenes_tecnocasa\\anuncio_579\\8.jpeg', 'imagenes_tecnocasa\\anuncio_579\\9.jpeg', 'imagenes_tecnocasa\\anuncio_579\\10.jpeg', 'imagenes_tecnocasa\\anuncio_579\\11.jpeg', 'imagenes_tecnocasa\\anuncio_579\\12.jpeg', 'imagenes_tecnocasa\\anuncio_579\\13.jpeg', 'imagenes_tecnocasa\\anuncio_579\\14.jpeg', 'imagenes_tecnocasa\\anuncio_579\\15.jpeg', 'imagenes_tecnocasa\\anuncio_579\\16.jpeg', 'imagenes_tecnocasa\\anuncio_579\\17.jpeg', 'imagenes_tecnocasa\\anuncio_579\\18.jpeg', 'imagenes_tecnocasa\\anuncio_579\\19.jpeg', 'imagenes_tecnocasa\\anuncio_579\\20.jpeg', 'imagenes_tecnocasa\\anuncio_579\\21.jpeg', 'imagenes_tecnocasa\\anuncio_579\\22.jpeg', 'imagenes_tecnocasa\\anuncio_579\\23.jpeg', 'imagenes_tecnocasa\\anuncio_579\\24.jpeg', 'imagenes_tecnocasa\\anuncio_579\\25.jpeg']",0,Popular,1975,1,0,1,piso,1,Madrid,"Alameda De Osuna, Madrid",40.4167047,-3.7035825,579,4601.226993865031,146.0,117.0,0.0,0.0,0.0,0.0,parquet,pintura,corredera,estándar (2.4-2.8m),nada,4.0,4.6,moderno,"['#F5F5DC', '#FFFFFF', '#A0522D']",buena,False,convencional,limitado,balcón,ninguno,estándar,básica,ninguno,8.0,7.0,ninguna,5
https://www.tecnocasa.es/venta/piso/madrid/getafe/620849.html,210000.0,3,63.0,1,"TECNOCASA ESTUDIO LA ALHÓNDIGA VENDE. - Fantástica vivienda en 3ª planta totalmente reformada hace menos de 4 años y totalmente exterior.

Está distribuida en 3 dormitorios, salón con terraza, cocina y baño. La vivienda dispone de calefacción a Gas Natural; suelos en tarima flotante AC5 lacada en roble; carpintería interior lacada en roble; paredes y techos alisados y amaestrados; carpintería exterior de PVC oscilo-batiente con acristalamiento tipo climalit; fontanería e instalación eléctrica recién reformadas.

La vivienda hace esquina por lo que tiene doble orientación Este/Sur, muy soleada; lo que hace de ella que sea muy luminosa.

Dispone de trastero de unos 4 metros cuadrados aproximadamente.

La finca en que radica el inmueble dispone de ascensor amplio, y se encuentra muy bien comunicada tanto con transporte público: tiene la estación de Cercanías RENFE de Getafe Centro (C-4) a poco más de 500 metros; y dos estaciones de MetroSur (L-12) en poco más de 5 minutos andando, Alonso de Mendoza y Getafe Central; Autobuses interurbanos a Madrid, Toledo, etc. ; y a escasos metros de la salida y entrada de la A42 (Autovía Madrid - Toledo)

Además nuestro departamento financiero Kiron te ofrece la mejor financiación personalizada del mercado hipotecario.",1,1,1,1,1,1,0,1,1,1,"['https://cdn-media.medialabtc.it/es/agencies/md513/estates/620849/images/8983036/gallery_media.jpeg', 'https://cdn-media.medialabtc.it/es/agencies/md513/estates/620849/images/8983039/gallery_media.jpeg', 'https://cdn-media.medialabtc.it/es/agencies/md513/estates/620849/images/8983083/gallery_media.jpeg', 'https://cdn-media.medialabtc.it/es/agencies/md513/estates/620849/images/8983035/gallery_media.jpeg', 'https://cdn-media.medialabtc.it/es/agencies/md513/estates/620849/images/8983041/gallery_media.jpeg', 'https://cdn-media.medialabtc.it/es/agencies/md513/estates/620849/images/8983090/gallery_media.jpeg', 'https://cdn-media.medialabtc.it/es/agencies/md513/estates/620849/images/8983084/gallery_media.jpeg', 'https://cdn-media.medialabtc.it/es/agencies/md513/estates/620849/images/8983082/gallery_media.jpeg', 'https://cdn-media.medialabtc.it/es/agencies/md513/estates/620849/images/8983085/gallery_media.jpeg', 'https://cdn-media.medialabtc.it/es/agencies/md513/estates/620849/images/8983038/gallery_media.jpeg', 'https://cdn-media.medialabtc.it/es/agencies/md513/estates/620849/images/8983034/gallery_media.jpeg', 'https://cdn-media.medialabtc.it/es/agencies/md513/estates/620849/images/8983040/gallery_media.jpeg', 'https://cdn-media.medialabtc.it/es/agencies/md513/estates/620849/images/8983091/gallery_media.jpeg', 'https://cdn-media.medialabtc.it/es/agencies/md513/estates/620849/images/8983037/gallery_media.jpeg', 'https://cdn-media.medialabtc.it/es/agencies/md513/estates/620849/images/8983087/gallery_media.jpeg', 'https://cdn-media.medialabtc.it/es/agencies/md513/estates/620849/images/8983093/gallery_media.jpeg', 'https://cdn-media.medialabtc.it/es/agencies/md513/estates/620849/images/8983086/gallery_media.jpeg', 'https://cdn-media.medialabtc.it/es/agencies/md513/estates/620849/images/8983092/gallery_media.jpeg', 'https://cdn-media.medialabtc.it/es/agencies/md513/estates/620849/images/8984141/gallery_media.jpeg']",0,Desconocido,0,1,0,1,0,E,0,0,"['imagenes_tecnocasa\\anuncio_580\\0.jpeg', 'imagenes_tecnocasa\\anuncio_580\\1.jpeg', 'imagenes_tecnocasa\\anuncio_580\\2.jpeg', 'imagenes_tecnocasa\\anuncio_580\\3.jpeg', 'imagenes_tecnocasa\\anuncio_580\\4.jpeg', 'imagenes_tecnocasa\\anuncio_580\\5.jpeg', 'imagenes_tecnocasa\\anuncio_580\\6.jpeg', 'imagenes_tecnocasa\\anuncio_580\\7.jpeg', 'imagenes_tecnocasa\\anuncio_580\\8.jpeg', 'imagenes_tecnocasa\\anuncio_580\\9.jpeg', 'imagenes_tecnocasa\\anuncio_580\\10.jpeg', 'imagenes_tecnocasa\\anuncio_580\\11.jpeg', 'imagenes_tecnocasa\\anuncio_580\\12.jpeg', 'imagenes_tecnocasa\\anuncio_580\\13.jpeg', 'imagenes_tecnocasa\\anuncio_580\\14.jpeg', 'imagenes_tecnocasa\\anuncio_580\\15.jpeg', 'imagenes_tecnocasa\\anuncio_580\\16.jpeg', 'imagenes_tecnocasa\\anuncio_580\\17.jpeg', 'imagenes_tecnocasa\\anuncio_580\\18.jpeg']",0,Popular,1966,0,0,1,piso,2,Getafe,"La Alhondiga, Getafe",40.3070639,-3.7331808,580,3333.3333333333335,198.0,138.0,0.05,0.325,1.0,0.0,otro,pintura,corredera,estándar (2.4-2.8m),nada,4.0,4.8,convencional,"['#F5F5DC', '#A0522D', '#D3D3D3']",regular,False,convencional,limitado,ninguno,ninguno,estándar,básica,ninguno,6.0,6.2,ninguna,5
https://www.tecnocasa.es/venta/piso/madrid/alcala-de-henares/602122.html,259000.0,2,97.0,2,"GENCIA INMOBILIARIA DE ALCALÁ DE HENARES, OFICINA DE TECNOCASA VENDE EXCELENTE VIVIENDA EN EL ENSANCHE.

¿Estás buscando un nuevo hogar en una zona privilegiada? ¡Este piso en venta es la oportunidad que estabas esperando! Con una superficie de 90m2 construidos, este inmueble te ofrece amplitud y comodidad en cada rincón. Además, cuenta con una ubicación privilegiada, con servicios como centros de salud, colegios, institutos y comercios cercanos, así como una estación de tren a solo 10 minutos a pie y paradas de líneas urbanas e interurbanas cercanas. ¡No te faltará de nada!

El piso está distribuido en un hall recibidor, cocina independiente, salón comedor independiente con aire acondicionado. 2 baños completos de los cuales uno en suite y 2 dormitorios con armarios empotrados. Además, cuenta con mejoras como aire acondicionado, suelos de parquet, calefacción de gas natural individual y ventanas de aluminio climalit. Y lo mejor de todo, ¡incluye plaza de garaje y trastero en el precio!

Este inmueble se encuentra en la planta primera con ascensor, y ofrece una orientación estupenda. Además, cuenta con una zona común con bancos para disfrutar en los días más calurosos. ¡No dejes pasar esta oportunidad única! Contacta con nosotros para más información y concertar una visita.

Y si necesitas financiación, ¡tenemos una opción del hasta el 100% con nuestro departamento financiero KIRON!",0,1,1,1,1,1,0,1,1,1,"['https://cdn-media.medialabtc.it/es/agencies/md554/estates/602122/images/8558692/gallery_media.jpeg', 'https://cdn-media.medialabtc.it/es/agencies/md554/estates/602122/images/8558687/gallery_media.jpeg', 'https://cdn-media.medialabtc.it/es/agencies/md554/estates/602122/images/8558686/gallery_media.jpeg', 'https://cdn-media.medialabtc.it/es/agencies/md554/estates/602122/images/8558682/gallery_media.jpeg', 'https://cdn-media.medialabtc.it/es/agencies/md554/estates/602122/images/8558717/gallery_media.jpeg', 'https://cdn-media.medialabtc.it/es/agencies/md554/estates/602122/images/8558684/gallery_media.jpeg', 'https://cdn-media.medialabtc.it/es/agencies/md554/estates/602122/images/8558715/gallery_media.jpeg', 'https://cdn-media.medialabtc.it/es/agencies/md554/estates/602122/images/8558718/gallery_media.jpeg', 'https://cdn-media.medialabtc.it/es/agencies/md554/estates/602122/images/8558713/gallery_media.jpeg', 'https://cdn-media.medialabtc.it/es/agencies/md554/estates/602122/images/8558683/gallery_media.jpeg', 'https://cdn-media.medialabtc.it/es/agencies/md554/estates/602122/images/8558691/gallery_media.jpeg', 'https://cdn-media.medialabtc.it/es/agencies/md554/estates/602122/images/8558689/gallery_media.jpeg', 'https://cdn-media.medialabtc.it/es/agencies/md554/estates/602122/images/8558681/gallery_media.jpeg', 'https://cdn-media.medialabtc.it/es/agencies/md554/estates/602122/images/8558690/gallery_media.jpeg', 'https://cdn-media.medialabtc.it/es/agencies/md554/estates/602122/images/8558714/gallery_media.jpeg', 'https://cdn-media.medialabtc.it/es/agencies/md554/estates/602122/images/8558716/gallery_media.jpeg', 'https://cdn-media.medialabtc.it/es/agencies/md554/estates/602122/images/8558688/gallery_media.jpeg', 'https://cdn-media.medialabtc.it/es/agencies/md554/estates/602122/images/8558685/gallery_media.jpeg']",0,Desconocido,1,1,0,0,0,Desconocida,0,0,"['imagenes_tecnocasa\\anuncio_581\\0.jpeg', 'imagenes_tecnocasa\\anuncio_581\\1.jpeg', 'imagenes_tecnocasa\\anuncio_581\\2.jpeg', 'imagenes_tecnocasa\\anuncio_581\\3.jpeg', 'imagenes_tecnocasa\\anuncio_581\\4.jpeg', 'imagenes_tecnocasa\\anuncio_581\\5.jpeg', 'imagenes_tecnocasa\\anuncio_581\\6.jpeg', 'imagenes_tecnocasa\\anuncio_581\\7.jpeg', 'imagenes_tecnocasa\\anuncio_581\\8.jpeg', 'imagenes_tecnocasa\\anuncio_581\\9.jpeg', 'imagenes_tecnocasa\\anuncio_581\\10.jpeg', 'imagenes_tecnocasa\\anuncio_581\\11.jpeg', 'imagenes_tecnocasa\\anuncio_581\\12.jpeg', 'imagenes_tecnocasa\\anuncio_581\\13.jpeg', 'imagenes_tecnocasa\\anuncio_581\\14.jpeg', 'imagenes_tecnocasa\\anuncio_581\\15.jpeg', 'imagenes_tecnocasa\\anuncio_581\\16.jpeg', 'imagenes_tecnocasa\\anuncio_581\\17.jpeg']",1,Señorial,2001,1,0,0,piso,1,Alcalá de Henares,"Ensanche, Alcalá De Henares",40.481954,-3.363981,581,2670.103092783505,219.0,154.0,0.05,0.4,0.0,1.0,parquet,pintura,corredera,estándar (2.4-2.8m),nada,3.6,4.6,moderno,"['#D2691E', '#F5F5DC', '#A0522D']",regular,False,convencional,normal,ninguno,ninguno,estándar,básica,ninguno,6.2,5.8,ninguna,5
https://www.tecnocasa.es/venta/piso/madrid/madrid/616058.html,430000.0,2,166.0,2,"Agencia inmobiliaria de MADRID zona SAN BLAS - CANILLEJAS Oficina Tecnocasa:
TECNOCASA, Estudio Inmobiliario Torre Arias VENDE, espectacular LOFT dúplex que combina diseño, comodidad y una ubicación inmejorable.

Con 166 m² construidos, esta luminosa vivienda ofrece 2 habitaciones, 2 baños modernos y una amplia terraza ideal para relajarte o compartir momentos únicos. Sus grandes ventanales y su orientación Sur/Este aseguran una luz natural excepcional durante todo el día.

Ubicado a pasos de la Plaza de Cronos y con acceso directo al Metro Torre Arias, estarás conectado con el centro de Madrid en minutos. La zona cuenta con todos los servicios: cafeterías, clínicas, zonas verdes y empresas líderes como INDRA, IBM y Telefónica. Además, disfrutarás de un entorno tranquilo y seguro, perfecto para tu estilo de vida.

La propiedad se encuentra en excelente estado, construida sobre suelo industrial, Incluye una plaza de garaje doble de 13,5 m² adicionales, calefacción eléctrica y aire acondicionado para tu máximo confort.

¡Ven a visitarlo sin compromiso y déjate enamorar por este increíble espacio!",1,0,1,1,1,1,0,1,1,1,"['https://cdn-media.medialabtc.it/es/agencies/md086/estates/616058/images/8860168/gallery_media.jpeg', 'https://cdn-media.medialabtc.it/es/agencies/md086/estates/616058/images/8860186/gallery_media.jpeg', 'https://cdn-media.medialabtc.it/es/agencies/md086/estates/616058/images/8860191/gallery_media.jpeg', 'https://cdn-media.medialabtc.it/es/agencies/md086/estates/616058/images/8860180/gallery_media.jpeg', 'https://cdn-media.medialabtc.it/es/agencies/md086/estates/616058/images/8860166/gallery_media.jpeg', 'https://cdn-media.medialabtc.it/es/agencies/md086/estates/616058/images/8860190/gallery_media.jpeg', 'https://cdn-media.medialabtc.it/es/agencies/md086/estates/616058/images/8860164/gallery_media.jpeg', 'https://cdn-media.medialabtc.it/es/agencies/md086/estates/616058/images/8860172/gallery_media.jpeg', 'https://cdn-media.medialabtc.it/es/agencies/md086/estates/616058/images/8860163/gallery_media.jpeg', 'https://cdn-media.medialabtc.it/es/agencies/md086/estates/616058/images/8860162/gallery_media.jpeg', 'https://cdn-media.medialabtc.it/es/agencies/md086/estates/616058/images/8860183/gallery_media.jpeg', 'https://cdn-media.medialabtc.it/es/agencies/md086/estates/616058/images/8860170/gallery_media.jpeg', 'https://cdn-media.medialabtc.it/es/agencies/md086/estates/616058/images/8860184/gallery_media.jpeg', 'https://cdn-media.medialabtc.it/es/agencies/md086/estates/616058/images/8860188/gallery_media.jpeg', 'https://cdn-media.medialabtc.it/es/agencies/md086/estates/616058/images/8860165/gallery_media.jpeg', 'https://cdn-media.medialabtc.it/es/agencies/md086/estates/616058/images/8860173/gallery_media.jpeg', 'https://cdn-media.medialabtc.it/es/agencies/md086/estates/616058/images/8860167/gallery_media.jpeg', 'https://cdn-media.medialabtc.it/es/agencies/md086/estates/616058/images/8860178/gallery_media.jpeg', 'https://cdn-media.medialabtc.it/es/agencies/md086/estates/616058/images/8860171/gallery_media.jpeg', 'https://cdn-media.medialabtc.it/es/agencies/md086/estates/616058/images/8860179/gallery_media.jpeg', 'https://cdn-media.medialabtc.it/es/agencies/md086/estates/616058/images/8860175/gallery_media.jpeg', 'https://cdn-media.medialabtc.it/es/agencies/md086/estates/616058/images/8860174/gallery_media.jpeg', 'https://cdn-media.medialabtc.it/es/agencies/md086/estates/616058/images/8860181/gallery_media.jpeg', 'https://cdn-media.medialabtc.it/es/agencies/md086/estates/616058/images/8860176/gallery_media.jpeg', 'https://cdn-media.medialabtc.it/es/agencies/md086/estates/616058/images/8860169/gallery_media.jpeg', 'https://cdn-media.medialabtc.it/es/agencies/md086/estates/616058/images/8860182/gallery_media.jpeg', 'https://cdn-media.medialabtc.it/es/agencies/md086/estates/616058/images/8860189/gallery_media.jpeg', 'https://cdn-media.medialabtc.it/es/agencies/md086/estates/616058/images/8860177/gallery_media.jpeg', 'https://cdn-media.medialabtc.it/es/agencies/md086/estates/616058/images/8860187/gallery_media.jpeg', 'https://cdn-media.medialabtc.it/es/agencies/md086/estates/616058/images/8860185/gallery_media.jpeg']",0,Desconocido,1,0,0,1,0,E,0,0,"['imagenes_tecnocasa\\anuncio_582\\0.jpeg', 'imagenes_tecnocasa\\anuncio_582\\1.jpeg', 'imagenes_tecnocasa\\anuncio_582\\2.jpeg', 'imagenes_tecnocasa\\anuncio_582\\3.jpeg', 'imagenes_tecnocasa\\anuncio_582\\4.jpeg', 'imagenes_tecnocasa\\anuncio_582\\5.jpeg', 'imagenes_tecnocasa\\anuncio_582\\6.jpeg', 'imagenes_tecnocasa\\anuncio_582\\7.jpeg', 'imagenes_tecnocasa\\anuncio_582\\8.jpeg', 'imagenes_tecnocasa\\anuncio_582\\9.jpeg', 'imagenes_tecnocasa\\anuncio_582\\10.jpeg', 'imagenes_tecnocasa\\anuncio_582\\11.jpeg', 'imagenes_tecnocasa\\anuncio_582\\12.jpeg', 'imagenes_tecnocasa\\anuncio_582\\13.jpeg', 'imagenes_tecnocasa\\anuncio_582\\14.jpeg', 'imagenes_tecnocasa\\anuncio_582\\15.jpeg', 'imagenes_tecnocasa\\anuncio_582\\16.jpeg', 'imagenes_tecnocasa\\anuncio_582\\17.jpeg', 'imagenes_tecnocasa\\anuncio_582\\18.jpeg', 'imagenes_tecnocasa\\anuncio_582\\19.jpeg', 'imagenes_tecnocasa\\anuncio_582\\20.jpeg', 'imagenes_tecnocasa\\anuncio_582\\21.jpeg', 'imagenes_tecnocasa\\anuncio_582\\22.jpeg', 'imagenes_tecnocasa\\anuncio_582\\23.jpeg', 'imagenes_tecnocasa\\anuncio_582\\24.jpeg', 'imagenes_tecnocasa\\anuncio_582\\25.jpeg', 'imagenes_tecnocasa\\anuncio_582\\26.jpeg', 'imagenes_tecnocasa\\anuncio_582\\27.jpeg', 'imagenes_tecnocasa\\anuncio_582\\28.jpeg', 'imagenes_tecnocasa\\anuncio_582\\29.jpeg']",1,Media,2010,1,0,1,piso,3,Madrid,"San Blas, Canillejas, Madrid",40.4167047,-3.7035825,582,2590.3614457831327,168.0,137.0,0.5125,0.7,2.0,1.0,parquet,pintura,grandes ventanales,estándar (2.4-2.8m),nada,4.8,5.8,moderno,"['#D2B48C', '#FFFFFF', '#E06633']",buena,True,eficiente,limitado,ninguno,ninguno,estándar,básica,ninguno,7.4,6.2,ninguna,5
https://www.tecnocasa.es/venta/piso/madrid/madrid/614474.html,255000.0,3,67.0,1,"'Agencia inmobiliaria de MADRID - zona ALUCHE - EMPALME - CAMPAMENTO - Oficina Tecnocasa VENDE vivienda en calle Quero.
¡Oportunidad única en Aluche! Este encantador piso ubicado en una novena planta cuenta con 66 m2 construidos, ofreciendo un espacio ideal, con mucha luminosidad y unas despejadas e increibles vistas.
Con una doble orientación, todo exterior, disfrutarás de una excelente iluminación natural a lo largo del día, ademas dispone de aparcamiento en superficie comunitario, a escasos 10m del Pulmón de Aluche.
La vivienda dispone de 3 cómodos dormitorios, un amplio y acogedor salón comedor, cocina actualizada y un baño completo.
La vivienda tiene una orientacion este y oeste, lo que garantiza luz natural durante todo el día.
Construido en 1970, el piso se encuentra en buen estado ya que se le ha actualizado, con calefacción electrica y ascensor.
El inmueble se encuentra en una ubicación privilegiada, a menos de 3 minutos del intercambiador de Aluche, rodeado de estaciones de autobuses, metro y renfe.
No te faltará nada, ya que estás rodeado de una gran variedad de comercios, servicios públicos y colegios publicos y concertados; lo que garantiza una excelente comunicación y todos los servicios a tu alcance.
Para más información contacte con nosotros sin ningún tipo de compromiso y concierte una visita para conocer el inmueble en la que además podrá informarle de las condiciones de financiación actuales uno de nuestros agentes financieros KIRON. '. '",1,1,0,1,1,1,1,1,1,1,"['https://cdn-media.medialabtc.it/es/agencies/mdaw7/estates/614474/images/8885855/gallery_media.jpeg', 'https://cdn-media.medialabtc.it/es/agencies/mdaw7/estates/614474/images/8885854/gallery_media.jpeg', 'https://cdn-media.medialabtc.it/es/agencies/mdaw7/estates/614474/images/8885869/gallery_media.jpeg', 'https://cdn-media.medialabtc.it/es/agencies/mdaw7/estates/614474/images/8885849/gallery_media.jpeg', 'https://cdn-media.medialabtc.it/es/agencies/mdaw7/estates/614474/images/8885868/gallery_media.jpeg', 'https://cdn-media.medialabtc.it/es/agencies/mdaw7/estates/614474/images/8885866/gallery_media.jpeg', 'https://cdn-media.medialabtc.it/es/agencies/mdaw7/estates/614474/images/8885850/gallery_media.jpeg', 'https://cdn-media.medialabtc.it/es/agencies/mdaw7/estates/614474/images/8885872/gallery_media.jpeg', 'https://cdn-media.medialabtc.it/es/agencies/mdaw7/estates/614474/images/8885858/gallery_media.jpeg', 'https://cdn-media.medialabtc.it/es/agencies/mdaw7/estates/614474/images/8885852/gallery_media.jpeg', 'https://cdn-media.medialabtc.it/es/agencies/mdaw7/estates/614474/images/8885859/gallery_media.jpeg', 'https://cdn-media.medialabtc.it/es/agencies/mdaw7/estates/614474/images/8885856/gallery_media.jpeg', 'https://cdn-media.medialabtc.it/es/agencies/mdaw7/estates/614474/images/8885853/gallery_media.jpeg', 'https://cdn-media.medialabtc.it/es/agencies/mdaw7/estates/614474/images/8885873/gallery_media.jpeg', 'https://cdn-media.medialabtc.it/es/agencies/mdaw7/estates/614474/images/8885862/gallery_media.jpeg', 'https://cdn-media.medialabtc.it/es/agencies/mdaw7/estates/614474/images/8885863/gallery_media.jpeg', 'https://cdn-media.medialabtc.it/es/agencies/mdaw7/estates/614474/images/8885871/gallery_media.jpeg', 'https://cdn-media.medialabtc.it/es/agencies/mdaw7/estates/614474/images/8885865/gallery_media.jpeg', 'https://cdn-media.medialabtc.it/es/agencies/mdaw7/estates/614474/images/8885864/gallery_media.jpeg', 'https://cdn-media.medialabtc.it/es/agencies/mdaw7/estates/614474/images/8885867/gallery_media.jpeg', 'https://cdn-media.medialabtc.it/es/agencies/mdaw7/estates/614474/images/8885861/gallery_media.jpeg', 'https://cdn-media.medialabtc.it/es/agencies/mdaw7/estates/614474/images/8885851/gallery_media.jpeg', 'https://cdn-media.medialabtc.it/es/agencies/mdaw7/estates/614474/images/8885870/gallery_media.jpeg', 'https://cdn-media.medialabtc.it/es/agencies/mdaw7/estates/614474/images/8885857/gallery_media.jpeg', 'https://cdn-media.medialabtc.it/es/agencies/mdaw7/estates/614474/images/8885860/gallery_media.jpeg']",0,Buen estado,1,0,0,0,0,C,0,0,"['imagenes_tecnocasa\\anuncio_584\\0.jpeg', 'imagenes_tecnocasa\\anuncio_584\\1.jpeg', 'imagenes_tecnocasa\\anuncio_584\\2.jpeg', 'imagenes_tecnocasa\\anuncio_584\\3.jpeg', 'imagenes_tecnocasa\\anuncio_584\\4.jpeg', 'imagenes_tecnocasa\\anuncio_584\\5.jpeg', 'imagenes_tecnocasa\\anuncio_584\\6.jpeg', 'imagenes_tecnocasa\\anuncio_584\\7.jpeg', 'imagenes_tecnocasa\\anuncio_584\\8.jpeg', 'imagenes_tecnocasa\\anuncio_584\\9.jpeg', 'imagenes_tecnocasa\\anuncio_584\\10.jpeg', 'imagenes_tecnocasa\\anuncio_584\\11.jpeg', 'imagenes_tecnocasa\\anuncio_584\\12.jpeg', 'imagenes_tecnocasa\\anuncio_584\\13.jpeg', 'imagenes_tecnocasa\\anuncio_584\\14.jpeg', 'imagenes_tecnocasa\\anuncio_584\\15.jpeg', 'imagenes_tecnocasa\\anuncio_584\\16.jpeg', 'imagenes_tecnocasa\\anuncio_584\\17.jpeg', 'imagenes_tecnocasa\\anuncio_584\\18.jpeg', 'imagenes_tecnocasa\\anuncio_584\\19.jpeg', 'imagenes_tecnocasa\\anuncio_584\\20.jpeg', 'imagenes_tecnocasa\\anuncio_584\\21.jpeg', 'imagenes_tecnocasa\\anuncio_584\\22.jpeg', 'imagenes_tecnocasa\\anuncio_584\\23.jpeg', 'imagenes_tecnocasa\\anuncio_584\\24.jpeg']",1,Popular,1970,0,0,1,piso,2,Aluche,"Aluche, Madrid",40.392356,-3.7571096,584,3805.9701492537315,235.0,160.0,0.3666666666666667,0.6,1.0,1.0,otro,pintura,corredera,estándar (2.4-2.8m),nada,3.6,4.2,convencional,"['#F5F5DC', '#FFF8DC', '#FAEBD7']",regular,False,convencional,normal,ninguno,ninguno,estándar,básica,ninguno,6.0,6.6,ninguna,5
https://www.tecnocasa.es/venta/piso/madrid/madrid/619732.html,329000.0,3,110.0,2,"Agencia inmobiliaria de MADRID zona CIUDAD DE LOS ÁNGELES Oficina Tecnocasa de MADRID vende en EXCLUSIVA, vivienda en la mejor finca de Ciudad de los Ángeles.

Se trata de una segunda planta con dos ascensores, consta de 110 m2 construidos distribuidos en hall, amplio salón con acceso a terraza abierta, pasillo, 3 espaciosos dormitorios, principal con baño en suite, cocina con tendedero y un segundo baño independiente.

Cuenta con calefacción individual de gas natural y aire acondicionado en el salón.

Situado en ubicación inmejorable en pleno centro de Ciudad de los Ángeles. No dudes en visitarlo, los mejores inmuebles de Ciudad de los Ángeles siempre con Tecnocasa. ! CONFIA EN EL VERDE!
Zona tranquila con todos los servicios. Colegios, farmacias, centro de mayores, supermercados.

Para más información contacte con nosotros sin ningún tipo de compromiso, ya sea por teléfono o en nuestra oficina ubicada en C/BOHEMIOS 15 y concierte una visita en la que además de conocer el inmueble le informara de las condiciones de financiación actuales uno de nuestros asesores financieros Kiron.",1,1,1,1,1,1,0,1,1,1,"['https://cdn-media.medialabtc.it/es/agencies/md049/estates/619732/images/8956990/gallery_media.jpeg', 'https://cdn-media.medialabtc.it/es/agencies/md049/estates/619732/images/8956986/gallery_media.jpeg', 'https://cdn-media.medialabtc.it/es/agencies/md049/estates/619732/images/8956994/gallery_media.jpeg', 'https://cdn-media.medialabtc.it/es/agencies/md049/estates/619732/images/8956983/gallery_media.jpeg', 'https://cdn-media.medialabtc.it/es/agencies/md049/estates/619732/images/8956976/gallery_media.jpeg', 'https://cdn-media.medialabtc.it/es/agencies/md049/estates/619732/images/8956977/gallery_media.jpeg', 'https://cdn-media.medialabtc.it/es/agencies/md049/estates/619732/images/8956984/gallery_media.jpeg', 'https://cdn-media.medialabtc.it/es/agencies/md049/estates/619732/images/8956993/gallery_media.jpeg', 'https://cdn-media.medialabtc.it/es/agencies/md049/estates/619732/images/8956979/gallery_media.jpeg', 'https://cdn-media.medialabtc.it/es/agencies/md049/estates/619732/images/8956980/gallery_media.jpeg', 'https://cdn-media.medialabtc.it/es/agencies/md049/estates/619732/images/8956982/gallery_media.jpeg', 'https://cdn-media.medialabtc.it/es/agencies/md049/estates/619732/images/8956992/gallery_media.jpeg', 'https://cdn-media.medialabtc.it/es/agencies/md049/estates/619732/images/8957002/gallery_media.jpeg', 'https://cdn-media.medialabtc.it/es/agencies/md049/estates/619732/images/8956987/gallery_media.jpeg', 'https://cdn-media.medialabtc.it/es/agencies/md049/estates/619732/images/8957000/gallery_media.jpeg', 'https://cdn-media.medialabtc.it/es/agencies/md049/estates/619732/images/8956920/gallery_media.jpeg', 'https://cdn-media.medialabtc.it/es/agencies/md049/estates/619732/images/8956921/gallery_media.jpeg', 'https://cdn-media.medialabtc.it/es/agencies/md049/estates/619732/images/8956998/gallery_media.jpeg', 'https://cdn-media.medialabtc.it/es/agencies/md049/estates/619732/images/8956981/gallery_media.jpeg', 'https://cdn-media.medialabtc.it/es/agencies/md049/estates/619732/images/8956985/gallery_media.jpeg', 'https://cdn-media.medialabtc.it/es/agencies/md049/estates/619732/images/8956999/gallery_media.jpeg', 'https://cdn-media.medialabtc.it/es/agencies/md049/estates/619732/images/8956995/gallery_media.jpeg', 'https://cdn-media.medialabtc.it/es/agencies/md049/estates/619732/images/8956988/gallery_media.jpeg', 'https://cdn-media.medialabtc.it/es/agencies/md049/estates/619732/images/8956975/gallery_media.jpeg', 'https://cdn-media.medialabtc.it/es/agencies/md049/estates/619732/images/8956996/gallery_media.jpeg', 'https://cdn-media.medialabtc.it/es/agencies/md049/estates/619732/images/8956978/gallery_media.jpeg', 'https://cdn-media.medialabtc.it/es/agencies/md049/estates/619732/images/8956989/gallery_media.jpeg']",0,Desconocido,0,0,0,1,0,D,0,1,"['imagenes_tecnocasa\\anuncio_585\\0.jpeg', 'imagenes_tecnocasa\\anuncio_585\\1.jpeg', 'imagenes_tecnocasa\\anuncio_585\\2.jpeg', 'imagenes_tecnocasa\\anuncio_585\\3.jpeg', 'imagenes_tecnocasa\\anuncio_585\\4.jpeg', 'imagenes_tecnocasa\\anuncio_585\\5.jpeg', 'imagenes_tecnocasa\\anuncio_585\\6.jpeg', 'imagenes_tecnocasa\\anuncio_585\\7.jpeg', 'imagenes_tecnocasa\\anuncio_585\\8.jpeg', 'imagenes_tecnocasa\\anuncio_585\\9.jpeg', 'imagenes_tecnocasa\\anuncio_585\\10.jpeg', 'imagenes_tecnocasa\\anuncio_585\\11.jpeg', 'imagenes_tecnocasa\\anuncio_585\\12.jpeg', 'imagenes_tecnocasa\\anuncio_585\\13.jpeg', 'imagenes_tecnocasa\\anuncio_585\\14.jpeg', 'imagenes_tecnocasa\\anuncio_585\\15.jpeg', 'imagenes_tecnocasa\\anuncio_585\\16.jpeg', 'imagenes_tecnocasa\\anuncio_585\\17.jpeg', 'imagenes_tecnocasa\\anuncio_585\\18.jpeg', 'imagenes_tecnocasa\\anuncio_585\\19.jpeg', 'imagenes_tecnocasa\\anuncio_585\\20.jpeg', 'imagenes_tecnocasa\\anuncio_585\\21.jpeg', 'imagenes_tecnocasa\\anuncio_585\\22.jpeg', 'imagenes_tecnocasa\\anuncio_585\\23.jpeg', 'imagenes_tecnocasa\\anuncio_585\\24.jpeg', 'imagenes_tecnocasa\\anuncio_585\\25.jpeg', 'imagenes_tecnocasa\\anuncio_585\\26.jpeg']",1,Señorial,1993,1,0,1,piso,2,Madrid,"Ciudad De Los Angeles, Madrid",40.4167047,-3.7035825,585,2990.909090909091,173.0,125.0,0.078125,0.4,1.0,0.0,cerámica,pintura,no visible,estándar (2.4-2.8m),nada,3.8,4.6,convencional,"['#F5E7D3', '#C8B28E', '#A08A6C']",buena,False,convencional,limitado,ninguno,ninguno,estándar,parcialmente equipada,ninguno,7.4,6.4,ninguna,5
https://www.tecnocasa.es/venta/piso/madrid/majadahonda/619303.html,659000.0,4,180.0,2,"TECNOCASA MAJADAHONDA Oficina Doctor Calero PRESENTA EN EXCLUSIVA:

Fabuloso piso en magnífica urbanización, ubicado en la zona norte de Majadahonda y a tan solo 5 minutos andando de la Gran Vía. Piscina, amplia zonas comunes, pista de tenis, parque infantil, cancha deportiva, etc.

Accedemos a la vivienda a través de un cómodo y amplio recibidor.

Nos encontramos primero un salón, muy luminoso y con salida a una terraza cerrada, con vistas y espacio para colocar una mesa para comer.

La vivienda cuenta con una cocina completamente equipada, y acceso a una pequeña terraza tendedero.

Posee tres dormitorios, con el principal en suite, muy amplio, con grandes armarios empotrados y baño completo con bañera y ventana. Opción a hacer un cuarto que existía en origen y que está ahora incorporado al salón (solo habría que hacer de nuevo el tabique ya que siegue manteniendo la puerta de acceso original e independiente).

Cuenta con otro baño que da servicio al resto dormitorios.

La urbanización se encuentra cerrada con acceso privativo sólo para propietarios.

La vivienda incluye en el precio trastero y plaza de garaje con fácil estacionamiento.

195 euros de comunidad.
Calefacción individual Gas Natural.

Situada en pleno centro de Majadahonda y rodeada de zonas verdes, parques infantiles, comercios, bares, restaurantes, colegios, paradas de autobús. Con muy buena comunicación con la M-50 y la A-6. Es una excelente oportunidad para vivir en Majadahonda.

POSIBILIDAD DE FINANCIACIÓN 100% con nuestro departamento financiero. Estudio hipotecario gratuito y sin compromiso.",0,1,1,1,1,1,0,1,1,1,"['https://cdn-media.medialabtc.it/es/agencies/mdba0/estates/619303/images/8937386/gallery_media.jpeg', 'https://cdn-media.medialabtc.it/es/agencies/mdba0/estates/619303/images/8937391/gallery_media.jpeg', 'https://cdn-media.medialabtc.it/es/agencies/mdba0/estates/619303/images/8937379/gallery_media.jpeg', 'https://cdn-media.medialabtc.it/es/agencies/mdba0/estates/619303/images/8937383/gallery_media.jpeg', 'https://cdn-media.medialabtc.it/es/agencies/mdba0/estates/619303/images/8937374/gallery_media.jpeg', 'https://cdn-media.medialabtc.it/es/agencies/mdba0/estates/619303/images/8937371/gallery_media.jpeg', 'https://cdn-media.medialabtc.it/es/agencies/mdba0/estates/619303/images/8937373/gallery_media.jpeg', 'https://cdn-media.medialabtc.it/es/agencies/mdba0/estates/619303/images/8937384/gallery_media.jpeg', 'https://cdn-media.medialabtc.it/es/agencies/mdba0/estates/619303/images/8937380/gallery_media.jpeg', 'https://cdn-media.medialabtc.it/es/agencies/mdba0/estates/619303/images/8937390/gallery_media.jpeg', 'https://cdn-media.medialabtc.it/es/agencies/mdba0/estates/619303/images/8937367/gallery_media.jpeg', 'https://cdn-media.medialabtc.it/es/agencies/mdba0/estates/619303/images/8937387/gallery_media.jpeg', 'https://cdn-media.medialabtc.it/es/agencies/mdba0/estates/619303/images/8937388/gallery_media.jpeg', 'https://cdn-media.medialabtc.it/es/agencies/mdba0/estates/619303/images/8937378/gallery_media.jpeg', 'https://cdn-media.medialabtc.it/es/agencies/mdba0/estates/619303/images/8937385/gallery_media.jpeg', 'https://cdn-media.medialabtc.it/es/agencies/mdba0/estates/619303/images/8937377/gallery_media.jpeg', 'https://cdn-media.medialabtc.it/es/agencies/mdba0/estates/619303/images/8937389/gallery_media.jpeg', 'https://cdn-media.medialabtc.it/es/agencies/mdba0/estates/619303/images/8937366/gallery_media.jpeg', 'https://cdn-media.medialabtc.it/es/agencies/mdba0/estates/619303/images/8937375/gallery_media.jpeg', 'https://cdn-media.medialabtc.it/es/agencies/mdba0/estates/619303/images/8937354/gallery_media.jpeg', 'https://cdn-media.medialabtc.it/es/agencies/mdba0/estates/619303/images/8937369/gallery_media.jpeg', 'https://cdn-media.medialabtc.it/es/agencies/mdba0/estates/619303/images/8937376/gallery_media.jpeg', 'https://cdn-media.medialabtc.it/es/agencies/mdba0/estates/619303/images/8937382/gallery_media.jpeg', 'https://cdn-media.medialabtc.it/es/agencies/mdba0/estates/619303/images/8937355/gallery_media.jpeg', 'https://cdn-media.medialabtc.it/es/agencies/mdba0/estates/619303/images/8937370/gallery_media.jpeg', 'https://cdn-media.medialabtc.it/es/agencies/mdba0/estates/619303/images/8937372/gallery_media.jpeg', 'https://cdn-media.medialabtc.it/es/agencies/mdba0/estates/619303/images/8937368/gallery_media.jpeg']",1,Desconocido,1,1,1,1,0,E,0,0,"['imagenes_tecnocasa\\anuncio_586\\0.jpeg', 'imagenes_tecnocasa\\anuncio_586\\1.jpeg', 'imagenes_tecnocasa\\anuncio_586\\2.jpeg', 'imagenes_tecnocasa\\anuncio_586\\3.jpeg', 'imagenes_tecnocasa\\anuncio_586\\4.jpeg', 'imagenes_tecnocasa\\anuncio_586\\5.jpeg', 'imagenes_tecnocasa\\anuncio_586\\6.jpeg', 'imagenes_tecnocasa\\anuncio_586\\7.jpeg', 'imagenes_tecnocasa\\anuncio_586\\8.jpeg', 'imagenes_tecnocasa\\anuncio_586\\9.jpeg', 'imagenes_tecnocasa\\anuncio_586\\10.jpeg', 'imagenes_tecnocasa\\anuncio_586\\11.jpeg', 'imagenes_tecnocasa\\anuncio_586\\12.jpeg', 'imagenes_tecnocasa\\anuncio_586\\13.jpeg', 'imagenes_tecnocasa\\anuncio_586\\14.jpeg', 'imagenes_tecnocasa\\anuncio_586\\15.jpeg', 'imagenes_tecnocasa\\anuncio_586\\16.jpeg', 'imagenes_tecnocasa\\anuncio_586\\17.jpeg', 'imagenes_tecnocasa\\anuncio_586\\18.jpeg', 'imagenes_tecnocasa\\anuncio_586\\19.jpeg', 'imagenes_tecnocasa\\anuncio_586\\20.jpeg', 'imagenes_tecnocasa\\anuncio_586\\21.jpeg', 'imagenes_tecnocasa\\anuncio_586\\22.jpeg', 'imagenes_tecnocasa\\anuncio_586\\23.jpeg', 'imagenes_tecnocasa\\anuncio_586\\24.jpeg', 'imagenes_tecnocasa\\anuncio_586\\25.jpeg', 'imagenes_tecnocasa\\anuncio_586\\26.jpeg']",1,Señorial,1998,1,0,1,piso,1,Majadahonda,Majadahonda,40.4728425,-3.8723542,586,3661.1111111111113,245.0,169.0,0.15833333333333333,0.5166666666666666,2.0,0.0,parquet,pintura,corredera,estándar (2.4-2.8m),nada,5.8,5.4,moderno,"['#F2F2F2', '#D2B48C', '#FFFFFF']",buena,False,convencional,normal,ninguno,ninguno,estándar,básica,ninguno,8.2,7.2,ninguna,5
https://www.tecnocasa.es/venta/piso/madrid/madrid/620184.html,365000.0,3,76.0,1,"Agencia inmobiliaria de MADRID – zona MORATALAZ – CAMINO DE LOS VINATEROS - PICO DE ARTILLEROS - CORREGIDOR DE JUAN DE BOBADILLA – TECNOCASA - VENDE - GRAN OPORTUNIDAD.

¡Oportunidad única en Moratalaz! Esta increíble vivienda, TIPOLOGIA DE TAPADERA, con una reforma espectacular de hace solo DOS AÑOS, con una ubicación privilegiada, a solo un minuto del metro de Artilleros, te ofrece todo lo que necesitas para vivir cómodamente. Con dos habitaciones amplias y luminosas (la tipología y posibilidad es de tres dormitorios) y un baño (con posibilidad a sacar un segundo baño), esta vivienda exterior en la segunda planta cuenta con un salón espectacular con terraza integrada en el mismo, perfecto e ideal para compartir momentos en familia o con amigos.

La propiedad destaca por sus ventanas climalit oscilobatientes, que aseguran un excelente aislamiento térmico y acústico, sus calidades y acabados, disponiendo además de una bomba de frio/calor que da servicio al salón y los dormitorios. La cocina, totalmente reformada y amplia, dispone de una terraza interior donde se ubica el tendedero y una bodega o despensa que otorgan una gran capacidad de almacenamiento. La calefacción es central con contadores individuales, garantizando una excelente temperatura y muy agradable durante todo el año.

La vivienda cuenta con:

- 2 dormitorios muy amplios, uno de ellos con balcón (con posibilidad de 3 dormitorios)

- 1 baño nuevo

- Salón totalmente reformado y con terraza integrada, con unas excelentes vistas exteriores

- Cocina totalmente reformada, y con mucha capacidad de almacenamiento.

La ubicación es inmejorable: a solo 1 minuto de la estación de metro de Artilleros, y de las lineas 32 y 71 de bus. En los alrededores encontrarás supermercados, gimnasios, un centro de salud, restaurantes y bares. También está cerca del colegio Senara, lo que lo convierte en una opción perfecta para familias. ¡No dejes pasar esta oportunidad y ven a visitarlo!",1,0,1,1,1,1,0,1,1,1,"['https://cdn-media.medialabtc.it/es/agencies/mdadg/estates/620184/images/8956131/gallery_media.jpeg', 'https://cdn-media.medialabtc.it/es/agencies/mdadg/estates/620184/images/8956135/gallery_media.jpeg', 'https://cdn-media.medialabtc.it/es/agencies/mdadg/estates/620184/images/8956093/gallery_media.jpeg', 'https://cdn-media.medialabtc.it/es/agencies/mdadg/estates/620184/images/8956128/gallery_media.jpeg', 'https://cdn-media.medialabtc.it/es/agencies/mdadg/estates/620184/images/8956094/gallery_media.jpeg', 'https://cdn-media.medialabtc.it/es/agencies/mdadg/estates/620184/images/8956133/gallery_media.jpeg', 'https://cdn-media.medialabtc.it/es/agencies/mdadg/estates/620184/images/8956095/gallery_media.jpeg', 'https://cdn-media.medialabtc.it/es/agencies/mdadg/estates/620184/images/8956098/gallery_media.jpeg', 'https://cdn-media.medialabtc.it/es/agencies/mdadg/estates/620184/images/8956096/gallery_media.jpeg', 'https://cdn-media.medialabtc.it/es/agencies/mdadg/estates/620184/images/8956125/gallery_media.jpeg', 'https://cdn-media.medialabtc.it/es/agencies/mdadg/estates/620184/images/8956126/gallery_media.jpeg', 'https://cdn-media.medialabtc.it/es/agencies/mdadg/estates/620184/images/8956127/gallery_media.jpeg', 'https://cdn-media.medialabtc.it/es/agencies/mdadg/estates/620184/images/8956099/gallery_media.jpeg', 'https://cdn-media.medialabtc.it/es/agencies/mdadg/estates/620184/images/8956130/gallery_media.jpeg', 'https://cdn-media.medialabtc.it/es/agencies/mdadg/estates/620184/images/8956123/gallery_media.jpeg', 'https://cdn-media.medialabtc.it/es/agencies/mdadg/estates/620184/images/8956134/gallery_media.jpeg', 'https://cdn-media.medialabtc.it/es/agencies/mdadg/estates/620184/images/8956129/gallery_media.jpeg', 'https://cdn-media.medialabtc.it/es/agencies/mdadg/estates/620184/images/8956124/gallery_media.jpeg', 'https://cdn-media.medialabtc.it/es/agencies/mdadg/estates/620184/images/8956138/gallery_media.jpeg', 'https://cdn-media.medialabtc.it/es/agencies/mdadg/estates/620184/images/8956122/gallery_media.jpeg', 'https://cdn-media.medialabtc.it/es/agencies/mdadg/estates/620184/images/8956100/gallery_media.jpeg', 'https://cdn-media.medialabtc.it/es/agencies/mdadg/estates/620184/images/8956101/gallery_media.jpeg', 'https://cdn-media.medialabtc.it/es/agencies/mdadg/estates/620184/images/8956132/gallery_media.jpeg', 'https://cdn-media.medialabtc.it/es/agencies/mdadg/estates/620184/images/8956136/gallery_media.jpeg', 'https://cdn-media.medialabtc.it/es/agencies/mdadg/estates/620184/images/8956097/gallery_media.jpeg', 'https://cdn-media.medialabtc.it/es/agencies/mdadg/estates/620184/images/8956137/gallery_media.jpeg', 'https://cdn-media.medialabtc.it/es/agencies/mdadg/estates/620184/images/8956092/gallery_media.jpeg']",1,Reformado,0,0,0,1,0,Desconocida,0,0,"['imagenes_tecnocasa\\anuncio_587\\0.jpeg', 'imagenes_tecnocasa\\anuncio_587\\1.jpeg', 'imagenes_tecnocasa\\anuncio_587\\2.jpeg', 'imagenes_tecnocasa\\anuncio_587\\3.jpeg', 'imagenes_tecnocasa\\anuncio_587\\4.jpeg', 'imagenes_tecnocasa\\anuncio_587\\5.jpeg', 'imagenes_tecnocasa\\anuncio_587\\6.jpeg', 'imagenes_tecnocasa\\anuncio_587\\7.jpeg', 'imagenes_tecnocasa\\anuncio_587\\8.jpeg', 'imagenes_tecnocasa\\anuncio_587\\9.jpeg', 'imagenes_tecnocasa\\anuncio_587\\10.jpeg', 'imagenes_tecnocasa\\anuncio_587\\11.jpeg', 'imagenes_tecnocasa\\anuncio_587\\12.jpeg', 'imagenes_tecnocasa\\anuncio_587\\13.jpeg', 'imagenes_tecnocasa\\anuncio_587\\14.jpeg', 'imagenes_tecnocasa\\anuncio_587\\15.jpeg', 'imagenes_tecnocasa\\anuncio_587\\16.jpeg', 'imagenes_tecnocasa\\anuncio_587\\17.jpeg', 'imagenes_tecnocasa\\anuncio_587\\18.jpeg', 'imagenes_tecnocasa\\anuncio_587\\19.jpeg', 'imagenes_tecnocasa\\anuncio_587\\20.jpeg', 'imagenes_tecnocasa\\anuncio_587\\21.jpeg', 'imagenes_tecnocasa\\anuncio_587\\22.jpeg', 'imagenes_tecnocasa\\anuncio_587\\23.jpeg', 'imagenes_tecnocasa\\anuncio_587\\24.jpeg', 'imagenes_tecnocasa\\anuncio_587\\25.jpeg', 'imagenes_tecnocasa\\anuncio_587\\26.jpeg']",1,Media,1960,1,0,0,piso,2,Madrid,Madrid,40.4167047,-3.7035825,587,4802.631578947368,311.0,193.0,0.45,0.625,2.0,1.0,cerámica,pintura,corredera,estándar (2.4-2.8m),nada,5.0,5.8,moderno,"['#D3D3D3', '#808080', '#FFFFFF']",buena,True,convencional,normal,ninguno,ninguno,estándar,parcialmente equipada,ninguno,7.4,6.4,ninguna,5
https://www.tecnocasa.es/venta/casa/madrid/torres-de-la-alameda/619725.html,439900.0,4,288.0,4,"¡Descubre el hogar de tus sueños en este ESPECTACULAR CHALET ADOSADO!
AGENCIA INMOBILIARIA TECNOCASA ESTUDIO LOECHES - TORRES DE LA ALAMEDA S. L PRESENTA esta magnífica casa adosada de 288 m² construidos, perfecta para disfrutar de la vida en familia. Al entrar, te recibe un acogedor recibidor que da paso a un amplio salón, donde la luz natural inunda el espacio y ofrece acceso directo al patio de 50 m², ideal para tus reuniones al aire libre y barbacoas. La cocina, totalmente amueblada y con despensa, es un sueño para los amantes de la gastronomía.
¡FINCA CON PISCINA COMUNITARIA!
En la planta superior, encontrarás tres dormitorios con armarios empotrados, siendo el principal una suite con bañera privada. Además, hay un baño completo con ducha que complementa la comodidad de esta planta. La buhardilla acondicionada como otra vivienda, equipada con cocina, baño y vestidor, se convertirá en el lugar favorito de todos.
La casa cuenta con 16 PLACAS SOLARES, provocando que la factura de la luz ronde entre los 7 y 10 euros como máximo. La calefacción de gas natural, aire acondicionado en el salón y ventanas de aluminio climalit que garantizan un excelente aislamiento. También dispone de un garaje y trastero. La ubicación es inmejorable, en una zona consolidada con múltiples servicios y buena comunicación por transporte público, además de estar cerca de parques y zonas infantiles.
No dude en llamarnos para concertar su cita para visitar el inmueble en la que además recibirá el asesoramiento gratuito de nuestro departamento financiero KÌRON. FINANCIACION 100%.",0,0,1,1,1,1,0,1,1,1,"['https://cdn-media.medialabtc.it/es/agencies/md595/estates/619725/images/8956160/gallery_media.jpeg', 'https://cdn-media.medialabtc.it/es/agencies/md595/estates/619725/images/8956142/gallery_media.jpeg', 'https://cdn-media.medialabtc.it/es/agencies/md595/estates/619725/images/8956151/gallery_media.jpeg', 'https://cdn-media.medialabtc.it/es/agencies/md595/estates/619725/images/8956162/gallery_media.jpeg', 'https://cdn-media.medialabtc.it/es/agencies/md595/estates/619725/images/8956155/gallery_media.jpeg', 'https://cdn-media.medialabtc.it/es/agencies/md595/estates/619725/images/8956157/gallery_media.jpeg', 'https://cdn-media.medialabtc.it/es/agencies/md595/estates/619725/images/8956161/gallery_media.jpeg', 'https://cdn-media.medialabtc.it/es/agencies/md595/estates/619725/images/8956148/gallery_media.jpeg', 'https://cdn-media.medialabtc.it/es/agencies/md595/estates/619725/images/8956154/gallery_media.jpeg', 'https://cdn-media.medialabtc.it/es/agencies/md595/estates/619725/images/8956144/gallery_media.jpeg', 'https://cdn-media.medialabtc.it/es/agencies/md595/estates/619725/images/8956152/gallery_media.jpeg', 'https://cdn-media.medialabtc.it/es/agencies/md595/estates/619725/images/8956150/gallery_media.jpeg', 'https://cdn-media.medialabtc.it/es/agencies/md595/estates/619725/images/8956159/gallery_media.jpeg', 'https://cdn-media.medialabtc.it/es/agencies/md595/estates/619725/images/8956156/gallery_media.jpeg', 'https://cdn-media.medialabtc.it/es/agencies/md595/estates/619725/images/8956146/gallery_media.jpeg', 'https://cdn-media.medialabtc.it/es/agencies/md595/estates/619725/images/8956143/gallery_media.jpeg', 'https://cdn-media.medialabtc.it/es/agencies/md595/estates/619725/images/8956149/gallery_media.jpeg', 'https://cdn-media.medialabtc.it/es/agencies/md595/estates/619725/images/8956145/gallery_media.jpeg', 'https://cdn-media.medialabtc.it/es/agencies/md595/estates/619725/images/8956153/gallery_media.jpeg', 'https://cdn-media.medialabtc.it/es/agencies/md595/estates/619725/images/8956147/gallery_media.jpeg', 'https://cdn-media.medialabtc.it/es/agencies/md595/estates/619725/images/8956158/gallery_media.jpeg']",0,Desconocido,1,1,1,0,0,D,0,0,"['imagenes_tecnocasa\\anuncio_588\\0.jpeg', 'imagenes_tecnocasa\\anuncio_588\\1.jpeg', 'imagenes_tecnocasa\\anuncio_588\\2.jpeg', 'imagenes_tecnocasa\\anuncio_588\\3.jpeg', 'imagenes_tecnocasa\\anuncio_588\\4.jpeg', 'imagenes_tecnocasa\\anuncio_588\\5.jpeg', 'imagenes_tecnocasa\\anuncio_588\\6.jpeg', 'imagenes_tecnocasa\\anuncio_588\\7.jpeg', 'imagenes_tecnocasa\\anuncio_588\\8.jpeg', 'imagenes_tecnocasa\\anuncio_588\\9.jpeg', 'imagenes_tecnocasa\\anuncio_588\\10.jpeg', 'imagenes_tecnocasa\\anuncio_588\\11.jpeg', 'imagenes_tecnocasa\\anuncio_588\\12.jpeg', 'imagenes_tecnocasa\\anuncio_588\\13.jpeg', 'imagenes_tecnocasa\\anuncio_588\\14.jpeg', 'imagenes_tecnocasa\\anuncio_588\\15.jpeg', 'imagenes_tecnocasa\\anuncio_588\\16.jpeg', 'imagenes_tecnocasa\\anuncio_588\\17.jpeg', 'imagenes_tecnocasa\\anuncio_588\\18.jpeg', 'imagenes_tecnocasa\\anuncio_588\\19.jpeg', 'imagenes_tecnocasa\\anuncio_588\\20.jpeg']",1,Popular,2002,0,0,0,casa,1,Torres de la Alameda,Torres De La Alameda,40.4021516,-3.360625,588,1527.4305555555557,254.0,178.0,0.47500000000000003,0.6749999999999999,1.0,1.0,otro,pintura,otro,estándar (2.4-2.8m),vigas,3.8,3.4,rústico,"['#A0522D', '#8B4513', '#DEB887']",regular,False,convencional,limitado,ninguno,ninguno,estándar,básica,ninguno,6.4,6.6,ninguna,5
https://www.tecnocasa.es/venta/piso/madrid/madrid/610687.html,520000.0,4,110.0,2,"TECNOCASA RONDA DE SEGOVIA VENDE MAGNÍFICA VIVIENDA COMPLETAMENTE EXTERIOR.

Este inmueble cuenta con 110m2, distribuidos de la siguiente forma:
En primer lugar, nos encontramos una de las habitaciones individuales, esta cuenta con una ventana hacia el patio interior.
Seguida a ella, tenemos la cocina, la cual cuenta con una gran amplitud y una gran ventana que nos da una ventilación inmejorable.
A continuación, tenemos el salón, muy luminoso y amplio, en él se encuentra incluida la terraza. Esté nos da acceso a las tres habitaciones restantes y baño.
El baño común tiene una muy buena amplitud, actualmente con bañera, dos lavabos, bater y bide.
La primera de ellas es individual con una gran luminosidad.
Por otro lado, tenemos la habitación principal, completamente exterior y con las ventanas nuevas.
Y en último lugar, una habitación doble con ventana al patio interior, con una amplitud increíble.

Esta vivienda esta situada en una de las mejores zonas de Madrid, la cual se caracteriza por su tranquilidad, seguridad y cercanía al centro. Con todo tipo de servicios a escasos metros del portal, como pueden ser; supermercado, peluquería, ferretería, bares, fruterías y un largo ETC. A muy pocos metros de Madrid Río y a menos de 15 minutos andando de la estación de metro y cercanías Pirámides.

Situada en la segunda planta de esta finca, completamente exterior con unas vistas panorámicas completamente despejadas. Edificio con ITE favorable, completamente actualizado y adaptado para personas con movilidad reducida.

No dudes en ponerte en contacto con nosotros, ¡Esta es tu oportunidad de vivir en una de las mejores zonas de Madrid!",0,1,1,1,1,1,1,1,1,1,"['https://cdn-media.medialabtc.it/es/agencies/mdacf/estates/610687/images/8750886/gallery_media.jpeg', 'https://cdn-media.medialabtc.it/es/agencies/mdacf/estates/610687/images/8750889/gallery_media.jpeg', 'https://cdn-media.medialabtc.it/es/agencies/mdacf/estates/610687/images/8750884/gallery_media.jpeg', 'https://cdn-media.medialabtc.it/es/agencies/mdacf/estates/610687/images/8750883/gallery_media.jpeg', 'https://cdn-media.medialabtc.it/es/agencies/mdacf/estates/610687/images/8750885/gallery_media.jpeg', 'https://cdn-media.medialabtc.it/es/agencies/mdacf/estates/610687/images/8750892/gallery_media.jpeg', 'https://cdn-media.medialabtc.it/es/agencies/mdacf/estates/610687/images/8750861/gallery_media.jpeg', 'https://cdn-media.medialabtc.it/es/agencies/mdacf/estates/610687/images/8750882/gallery_media.jpeg', 'https://cdn-media.medialabtc.it/es/agencies/mdacf/estates/610687/images/8750888/gallery_media.jpeg', 'https://cdn-media.medialabtc.it/es/agencies/mdacf/estates/610687/images/8750887/gallery_media.jpeg', 'https://cdn-media.medialabtc.it/es/agencies/mdacf/estates/610687/images/8750890/gallery_media.jpeg']",1,Desconocido,0,0,0,1,1,Desconocida,0,0,"['imagenes_tecnocasa\\anuncio_591\\0.jpeg', 'imagenes_tecnocasa\\anuncio_591\\1.jpeg', 'imagenes_tecnocasa\\anuncio_591\\2.jpeg', 'imagenes_tecnocasa\\anuncio_591\\3.jpeg', 'imagenes_tecnocasa\\anuncio_591\\4.jpeg', 'imagenes_tecnocasa\\anuncio_591\\5.jpeg', 'imagenes_tecnocasa\\anuncio_591\\6.jpeg', 'imagenes_tecnocasa\\anuncio_591\\7.jpeg', 'imagenes_tecnocasa\\anuncio_591\\8.jpeg', 'imagenes_tecnocasa\\anuncio_591\\9.jpeg', 'imagenes_tecnocasa\\anuncio_591\\10.jpeg']",0,Señorial,1969,1,0,0,piso,2,Madrid,"Imperial, Madrid",40.4167047,-3.7035825,591,4727.272727272727,263.0,167.0,0.0,0.4,2.0,0.0,parquet,pintura,corredera,estándar (2.4-2.8m),nada,3.6,4.2,clásico,"['#F5F5DC', '#FFF8DC', '#A0522D']",regular,False,convencional,limitado,ninguno,ninguno,estándar,básica,ninguno,6.2,6.6,ninguna,5
https://www.tecnocasa.es/venta/piso/madrid/madrid/615822.html,198000.0,2,52.0,1,"Dormitorios amplios, cocina en buen estado con terraza y baño con ducha actualizado. Calefacción central y A/Ac. en salón. Trastero incluido en precio. Alquilado por 700 € / mes, contrato desde el 1-12-2019. ITE pasada. Metro cercano.

C/ Gómez de Avellaneda
El salón tiene una ventana que da a la terraza,
La cocina está amueblada, con vitrocerámica, se encuentra en buen estado. Dispone de una mesa para comer. Tiene acceso a la terraza.
El dormitorio principal tiene mucha amplitud y mucha luz. La orientación es Sureste.
El dormitorio individual, es amplio con una gran ventana.
Baño actualizado, mueble de lavabo con espejo y plato de ducha.
La terraza es luminosa y tiene acceso a la cocina.
La calefacción es central con reguladores individuales y el suelo es de tarima.
-Los inquilinos tienen contrato desde el 01 de Diciembre del 2019.
-La renta mensual es de 700 € / mes, sin actualizaciones de IPC:
-El contrato de arrendamiento está a nombre de dos titulares con solvencia económica.
El edificio tiene la fachada de ladrillo visto y está bien conservado. La ITE está pasada del año 2016.
El inmueble está muy bien ubicado, cercano a supermercados (Mercadona, Ahorramas, Dia, etc..) y hay varias líneas de autobús y de metro, las más cercanas son las de Quintana (L-5) y Pueblo Nuevo (L-5 y L-7).
Realizamos valoraciones gratuitas de viviendas, locales, garajes, etc. por si usted está interesado en vender o alquilar alguna propiedad.
Consulte sin compromiso a los líderes del mercado.
Si usted financia, le sugerimos un estudio financiero de forma gratuita con Kìron, los expertos en intermediación bancaria que pertenecen al grupo Tecnocasa. Financiación hasta 100 %.
Pregúntanos cómo conseguir la mejor hipoteca del mercado, infórmese sin compromiso.
Si desea concertar una visita o ampliar información puede contactarnos y le responderemos lo antes posible, estaremos encantados de atenderle.
Muchas gracias por su confianza.
La información de este anuncio, se muestra a título informativo, no es contractual ni vinculante y puede contener errores.
¡Contáctenos y gestionaremos su visita!
Puede encontrarnos en C/ EMILIO FERRARI Nº 33, <M> Pueblo Nuevo (L-5 y L-7)
Teléfono fijo (+34) 91 377 19 79 / Móvil y whatsapp (+34) 635 603 345.",1,0,1,1,1,1,1,1,1,1,"['https://cdn-media.medialabtc.it/es/agencies/mdaq3/estates/615822/images/8867036/gallery_media.jpeg', 'https://cdn-media.medialabtc.it/es/agencies/mdaq3/estates/615822/images/8867085/gallery_media.jpeg', 'https://cdn-media.medialabtc.it/es/agencies/mdaq3/estates/615822/images/8867084/gallery_media.jpeg', 'https://cdn-media.medialabtc.it/es/agencies/mdaq3/estates/615822/images/8867029/gallery_media.jpeg', 'https://cdn-media.medialabtc.it/es/agencies/mdaq3/estates/615822/images/8867040/gallery_media.jpeg', 'https://cdn-media.medialabtc.it/es/agencies/mdaq3/estates/615822/images/8867027/gallery_media.jpeg', 'https://cdn-media.medialabtc.it/es/agencies/mdaq3/estates/615822/images/8867041/gallery_media.jpeg', 'https://cdn-media.medialabtc.it/es/agencies/mdaq3/estates/615822/images/8867031/gallery_media.jpeg', 'https://cdn-media.medialabtc.it/es/agencies/mdaq3/estates/615822/images/8867037/gallery_media.jpeg', 'https://cdn-media.medialabtc.it/es/agencies/mdaq3/estates/615822/images/8867033/gallery_media.jpeg', 'https://cdn-media.medialabtc.it/es/agencies/mdaq3/estates/615822/images/8867035/gallery_media.jpeg', 'https://cdn-media.medialabtc.it/es/agencies/mdaq3/estates/615822/images/8867038/gallery_media.jpeg', 'https://cdn-media.medialabtc.it/es/agencies/mdaq3/estates/615822/images/8867026/gallery_media.jpeg', 'https://cdn-media.medialabtc.it/es/agencies/mdaq3/estates/615822/images/8867032/gallery_media.jpeg', 'https://cdn-media.medialabtc.it/es/agencies/mdaq3/estates/615822/images/8867030/gallery_media.jpeg', 'https://cdn-media.medialabtc.it/es/agencies/mdaq3/estates/615822/images/8867034/gallery_media.jpeg', 'https://cdn-media.medialabtc.it/es/agencies/mdaq3/estates/615822/images/8867039/gallery_media.jpeg', 'https://cdn-media.medialabtc.it/es/agencies/mdaq3/estates/615822/images/8867082/gallery_media.jpeg', 'https://cdn-media.medialabtc.it/es/agencies/mdaq3/estates/615822/images/8867083/gallery_media.jpeg', 'https://cdn-media.medialabtc.it/es/agencies/mdaq3/estates/615822/images/8867028/gallery_media.jpeg']",0,Buen estado,0,1,0,1,0,G,0,0,"['imagenes_tecnocasa\\anuncio_592\\0.jpeg', 'imagenes_tecnocasa\\anuncio_592\\1.jpeg', 'imagenes_tecnocasa\\anuncio_592\\2.jpeg', 'imagenes_tecnocasa\\anuncio_592\\3.jpeg', 'imagenes_tecnocasa\\anuncio_592\\4.jpeg', 'imagenes_tecnocasa\\anuncio_592\\5.jpeg', 'imagenes_tecnocasa\\anuncio_592\\6.jpeg', 'imagenes_tecnocasa\\anuncio_592\\7.jpeg', 'imagenes_tecnocasa\\anuncio_592\\8.jpeg', 'imagenes_tecnocasa\\anuncio_592\\9.jpeg', 'imagenes_tecnocasa\\anuncio_592\\10.jpeg', 'imagenes_tecnocasa\\anuncio_592\\11.jpeg', 'imagenes_tecnocasa\\anuncio_592\\12.jpeg', 'imagenes_tecnocasa\\anuncio_592\\13.jpeg', 'imagenes_tecnocasa\\anuncio_592\\14.jpeg', 'imagenes_tecnocasa\\anuncio_592\\15.jpeg', 'imagenes_tecnocasa\\anuncio_592\\16.jpeg', 'imagenes_tecnocasa\\anuncio_592\\17.jpeg', 'imagenes_tecnocasa\\anuncio_592\\18.jpeg', 'imagenes_tecnocasa\\anuncio_592\\19.jpeg']",1,Media,1970,1,0,0,piso,1,Madrid,"Pueblo Nuevo, Madrid",40.4167047,-3.7035825,592,3807.6923076923076,364.0,241.0,0.0,0.3,1.0,0.0,otro,pintura,corredera,estándar (2.4-2.8m),nada,3.4,4.0,convencional,"['#D7008E', '#FFFFFF', '#C0C0C0']",buena,False,convencional,normal,ninguno,ninguno,estándar,básica,ninguno,6.2,5.6,ninguna,5
https://www.tecnocasa.es/venta/piso/madrid/madrid/618776.html,580000.0,4,110.0,1,"TECNOCASA ESTUDIO RONDA-IMPERIAL VENDE MAGNÍFICA VIVIENDA

Cuenta con 110 m² distribuidos de la siguiente forma:

En primer lugar, el salón; este goza de unas vistas increíbles, ya que el piso queda por encima de los edificios de enfrente, además de una luz envidiable, al igual que en el resto de la vivienda.

Justo enfrente de este, tenemos la cocina con espacio suficiente para todos los electrodomésticos. Cabe destacar su luz aun siendo interior.

Esta nos da acceso a un pasillo, el cual diferencia a la perfección zona de día de la zona de noche.

En él tenemos las cuatro habitaciones, todas con una luz envidiable, armario empotrado y una gran amplitud. Y el baño, que cuenta con ventana y plato de ducha.

Esta vivienda está situada en una de las mejores zonas de Madrid, la cual se caracteriza por su tranquilidad, seguridad y cercanía al centro. Con todo tipo de servicios a escasos metros del portal, como pueden ser supermercado, peluquería, ferretería, bares, fruterías y un largo etc. A muy pocos metros de Madrid Río y a menos de 10 minutos andando de la estación de metro Puerta de Toledo.

Situada en la tercera planta de esta finca, completamente exterior con unas vistas panorámicas completamente despejadas. Edificio con ITE favorable, completamente actualizado y adaptado para personas con movilidad reducida.

No dudes en ponerte en contacto con nosotros, ¡esta es tu oportunidad de vivir en una de las mejores zonas de Madrid!",1,1,1,1,1,1,1,1,1,1,"['https://cdn-media.medialabtc.it/es/agencies/mdacf/estates/618776/images/8937396/gallery_media.jpeg', 'https://cdn-media.medialabtc.it/es/agencies/mdacf/estates/618776/images/8937425/gallery_media.jpeg', 'https://cdn-media.medialabtc.it/es/agencies/mdacf/estates/618776/images/8937438/gallery_media.jpeg', 'https://cdn-media.medialabtc.it/es/agencies/mdacf/estates/618776/images/8937429/gallery_media.jpeg', 'https://cdn-media.medialabtc.it/es/agencies/mdacf/estates/618776/images/8975139/gallery_media.jpeg', 'https://cdn-media.medialabtc.it/es/agencies/mdacf/estates/618776/images/8939940/gallery_media.jpeg', 'https://cdn-media.medialabtc.it/es/agencies/mdacf/estates/618776/images/8937430/gallery_media.jpeg', 'https://cdn-media.medialabtc.it/es/agencies/mdacf/estates/618776/images/8937433/gallery_media.jpeg', 'https://cdn-media.medialabtc.it/es/agencies/mdacf/estates/618776/images/8937439/gallery_media.jpeg', 'https://cdn-media.medialabtc.it/es/agencies/mdacf/estates/618776/images/8937395/gallery_media.jpeg', 'https://cdn-media.medialabtc.it/es/agencies/mdacf/estates/618776/images/8937437/gallery_media.jpeg', 'https://cdn-media.medialabtc.it/es/agencies/mdacf/estates/618776/images/8937436/gallery_media.jpeg', 'https://cdn-media.medialabtc.it/es/agencies/mdacf/estates/618776/images/8937394/gallery_media.jpeg', 'https://cdn-media.medialabtc.it/es/agencies/mdacf/estates/618776/images/8937431/gallery_media.jpeg', 'https://cdn-media.medialabtc.it/es/agencies/mdacf/estates/618776/images/8937393/gallery_media.jpeg', 'https://cdn-media.medialabtc.it/es/agencies/mdacf/estates/618776/images/8937432/gallery_media.jpeg', 'https://cdn-media.medialabtc.it/es/agencies/mdacf/estates/618776/images/8937427/gallery_media.jpeg', 'https://cdn-media.medialabtc.it/es/agencies/mdacf/estates/618776/images/8937397/gallery_media.jpeg', 'https://cdn-media.medialabtc.it/es/agencies/mdacf/estates/618776/images/8937399/gallery_media.jpeg', 'https://cdn-media.medialabtc.it/es/agencies/mdacf/estates/618776/images/8937428/gallery_media.jpeg', 'https://cdn-media.medialabtc.it/es/agencies/mdacf/estates/618776/images/8937424/gallery_media.jpeg', 'https://cdn-media.medialabtc.it/es/agencies/mdacf/estates/618776/images/8937426/gallery_media.jpeg', 'https://cdn-media.medialabtc.it/es/agencies/mdacf/estates/618776/images/8937400/gallery_media.jpeg', 'https://cdn-media.medialabtc.it/es/agencies/mdacf/estates/618776/images/8937401/gallery_media.jpeg', 'https://cdn-media.medialabtc.it/es/agencies/mdacf/estates/618776/images/8937398/gallery_media.jpeg', 'https://cdn-media.medialabtc.it/es/agencies/mdacf/estates/618776/images/8937422/gallery_media.jpeg', 'https://cdn-media.medialabtc.it/es/agencies/mdacf/estates/618776/images/8937435/gallery_media.jpeg', 'https://cdn-media.medialabtc.it/es/agencies/mdacf/estates/618776/images/8937392/gallery_media.jpeg', 'https://cdn-media.medialabtc.it/es/agencies/mdacf/estates/618776/images/8937434/gallery_media.jpeg', 'https://cdn-media.medialabtc.it/es/agencies/mdacf/estates/618776/images/8937440/gallery_media.jpeg']",1,Desconocido,0,0,0,0,1,Desconocida,0,0,"['imagenes_tecnocasa\\anuncio_594\\0.jpeg', 'imagenes_tecnocasa\\anuncio_594\\1.jpeg', 'imagenes_tecnocasa\\anuncio_594\\2.jpeg', 'imagenes_tecnocasa\\anuncio_594\\3.jpeg', 'imagenes_tecnocasa\\anuncio_594\\4.jpeg', 'imagenes_tecnocasa\\anuncio_594\\5.jpeg', 'imagenes_tecnocasa\\anuncio_594\\6.jpeg', 'imagenes_tecnocasa\\anuncio_594\\7.jpeg', 'imagenes_tecnocasa\\anuncio_594\\8.jpeg', 'imagenes_tecnocasa\\anuncio_594\\9.jpeg', 'imagenes_tecnocasa\\anuncio_594\\10.jpeg', 'imagenes_tecnocasa\\anuncio_594\\11.jpeg', 'imagenes_tecnocasa\\anuncio_594\\12.jpeg', 'imagenes_tecnocasa\\anuncio_594\\13.jpeg', 'imagenes_tecnocasa\\anuncio_594\\14.jpeg', 'imagenes_tecnocasa\\anuncio_594\\15.jpeg', 'imagenes_tecnocasa\\anuncio_594\\16.jpeg', 'imagenes_tecnocasa\\anuncio_594\\17.jpeg', 'imagenes_tecnocasa\\anuncio_594\\18.jpeg', 'imagenes_tecnocasa\\anuncio_594\\19.jpeg', 'imagenes_tecnocasa\\anuncio_594\\20.jpeg', 'imagenes_tecnocasa\\anuncio_594\\21.jpeg', 'imagenes_tecnocasa\\anuncio_594\\22.jpeg', 'imagenes_tecnocasa\\anuncio_594\\23.jpeg', 'imagenes_tecnocasa\\anuncio_594\\24.jpeg', 'imagenes_tecnocasa\\anuncio_594\\25.jpeg', 'imagenes_tecnocasa\\anuncio_594\\26.jpeg', 'imagenes_tecnocasa\\anuncio_594\\27.jpeg', 'imagenes_tecnocasa\\anuncio_594\\28.jpeg', 'imagenes_tecnocasa\\anuncio_594\\29.jpeg']",0,Señorial,1968,1,0,0,piso,2,Madrid,"Imperial, Madrid",40.4167047,-3.7035825,594,5272.727272727273,241.0,159.0,0.0,0.0,0.0,0.0,parquet,pintura,no visible,estándar (2.4-2.8m),nada,4.2,3.8,clásico,"['#F5F5DC', '#FFF8DC', '#FFFFFF']",buena,False,convencional,normal,ninguno,ninguno,estándar,no visible,ninguno,7.4,6.4,ninguna,5
https://www.tecnocasa.es/venta/piso/madrid/valdemoro/620985.html,238500.0,2,113.0,2,"Agencia inmobiliaria de Valdemoro, Tecnocasa Estudio Las Tres Erres SL.

VENDE PISO en Valdemoro en zona del Caracol, formado por un salón-comedor espacioso, cocina totalmente amueblada con salida a tendedero, dos dormitorios y dos baños uno con plato de ducha y otro con bañera (en suite). La Vivienda además cuenta con suelos en toda la casa de tarima y armario empotrado en el recibidor.
Plaza de garaje y trastero incluidos en el precio.

La vivienda está en una zona en expansión, pero ya consolidada con acceso a multitud de servicios, como la facilidad de entrada y salida a la población a través de la autovía, así como bien comunicada por la red de transportes del municipio y con zonas verdes alrededor.

No dude en llamarnos para concertar su cita para visitar el inmueble en la que además recibirá el asesoramiento gratuito de nuestro departamento financiero KÌRON.",0,1,1,1,0,0,0,1,0,1,"['https://cdn-media.medialabtc.it/es/agencies/md607/estates/620985/images/8982709/gallery_media.jpeg', 'https://cdn-media.medialabtc.it/es/agencies/md607/estates/620985/images/8982537/gallery_media.jpeg', 'https://cdn-media.medialabtc.it/es/agencies/md607/estates/620985/images/8982529/gallery_media.jpeg', 'https://cdn-media.medialabtc.it/es/agencies/md607/estates/620985/images/8982534/gallery_media.jpeg', 'https://cdn-media.medialabtc.it/es/agencies/md607/estates/620985/images/8982738/gallery_media.jpeg', 'https://cdn-media.medialabtc.it/es/agencies/md607/estates/620985/images/8982927/gallery_media.jpeg', 'https://cdn-media.medialabtc.it/es/agencies/md607/estates/620985/images/8982539/gallery_media.jpeg', 'https://cdn-media.medialabtc.it/es/agencies/md607/estates/620985/images/8982532/gallery_media.jpeg', 'https://cdn-media.medialabtc.it/es/agencies/md607/estates/620985/images/8982541/gallery_media.jpeg', 'https://cdn-media.medialabtc.it/es/agencies/md607/estates/620985/images/8982929/gallery_media.jpeg', 'https://cdn-media.medialabtc.it/es/agencies/md607/estates/620985/images/8982704/gallery_media.jpeg', 'https://cdn-media.medialabtc.it/es/agencies/md607/estates/620985/images/8982705/gallery_media.jpeg', 'https://cdn-media.medialabtc.it/es/agencies/md607/estates/620985/images/8982708/gallery_media.jpeg', 'https://cdn-media.medialabtc.it/es/agencies/md607/estates/620985/images/8982531/gallery_media.jpeg', 'https://cdn-media.medialabtc.it/es/agencies/md607/estates/620985/images/8982528/gallery_media.jpeg', 'https://cdn-media.medialabtc.it/es/agencies/md607/estates/620985/images/8982535/gallery_media.jpeg', 'https://cdn-media.medialabtc.it/es/agencies/md607/estates/620985/images/8982702/gallery_media.jpeg', 'https://cdn-media.medialabtc.it/es/agencies/md607/estates/620985/images/8983148/gallery_media.jpeg', 'https://cdn-media.medialabtc.it/es/agencies/md607/estates/620985/images/8982703/gallery_media.jpeg', 'https://cdn-media.medialabtc.it/es/agencies/md607/estates/620985/images/8982706/gallery_media.jpeg', 'https://cdn-media.medialabtc.it/es/agencies/md607/estates/620985/images/8982538/gallery_media.jpeg', 'https://cdn-media.medialabtc.it/es/agencies/md607/estates/620985/images/8982540/gallery_media.jpeg', 'https://cdn-media.medialabtc.it/es/agencies/md607/estates/620985/images/8982533/gallery_media.jpeg', 'https://cdn-media.medialabtc.it/es/agencies/md607/estates/620985/images/8983079/gallery_media.jpeg', 'https://cdn-media.medialabtc.it/es/agencies/md607/estates/620985/images/8982710/gallery_media.jpeg', 'https://cdn-media.medialabtc.it/es/agencies/md607/estates/620985/images/8982536/gallery_media.jpeg', 'https://cdn-media.medialabtc.it/es/agencies/md607/estates/620985/images/8983147/gallery_media.jpeg', 'https://cdn-media.medialabtc.it/es/agencies/md607/estates/620985/images/8982928/gallery_media.jpeg']",0,Desconocido,1,1,0,0,0,Desconocida,0,0,"['imagenes_tecnocasa\\anuncio_595\\0.jpeg', 'imagenes_tecnocasa\\anuncio_595\\1.jpeg', 'imagenes_tecnocasa\\anuncio_595\\2.jpeg', 'imagenes_tecnocasa\\anuncio_595\\3.jpeg', 'imagenes_tecnocasa\\anuncio_595\\4.jpeg', 'imagenes_tecnocasa\\anuncio_595\\5.jpeg', 'imagenes_tecnocasa\\anuncio_595\\6.jpeg', 'imagenes_tecnocasa\\anuncio_595\\7.jpeg', 'imagenes_tecnocasa\\anuncio_595\\8.jpeg', 'imagenes_tecnocasa\\anuncio_595\\9.jpeg', 'imagenes_tecnocasa\\anuncio_595\\10.jpeg', 'imagenes_tecnocasa\\anuncio_595\\11.jpeg', 'imagenes_tecnocasa\\anuncio_595\\12.jpeg', 'imagenes_tecnocasa\\anuncio_595\\13.jpeg', 'imagenes_tecnocasa\\anuncio_595\\14.jpeg', 'imagenes_tecnocasa\\anuncio_595\\15.jpeg', 'imagenes_tecnocasa\\anuncio_595\\16.jpeg', 'imagenes_tecnocasa\\anuncio_595\\17.jpeg', 'imagenes_tecnocasa\\anuncio_595\\18.jpeg', 'imagenes_tecnocasa\\anuncio_595\\19.jpeg', 'imagenes_tecnocasa\\anuncio_595\\20.jpeg', 'imagenes_tecnocasa\\anuncio_595\\21.jpeg', 'imagenes_tecnocasa\\anuncio_595\\22.jpeg', 'imagenes_tecnocasa\\anuncio_595\\23.jpeg', 'imagenes_tecnocasa\\anuncio_595\\24.jpeg', 'imagenes_tecnocasa\\anuncio_595\\25.jpeg', 'imagenes_tecnocasa\\anuncio_595\\26.jpeg', 'imagenes_tecnocasa\\anuncio_595\\27.jpeg']",0,Media,2006,0,0,0,piso,2,Valdemoro,Valdemoro,40.1888604,-3.67143,595,2110.619469026549,146.0,100.0,0.0,0.0,0.0,0.0,cerámica,pintura,otro,estándar (2.4-2.8m),nada,3.6,5.2,convencional,"['#F2F2F2', '#A0A0A0', '#D3D3D3']",regular,False,convencional,normal,ninguno,ninguno,estándar,básica,ninguno,6.2,6.0,ninguna,5
https://www.tecnocasa.es/venta/piso/madrid/madrid/621131.html,309900.0,3,80.0,1,"Agencia inmobiliaria de MADRID zona BERRUGUETE - FRANCOS RODRÍGUEZ NUMANCIA ESTRECHO PABLO IGLESIAS vende piso exterior y muy soleado, dentro del distrito de Tetuán, Madrid. Este piso ofrece un espacio funcional y bien distribuido, ideal para quienes buscan comodidad y practicidad. La propiedad cuenta con tres dormitorios, salón, cocina, baño y dos terrazas. Es perfecto para familias o para quienes necesitan espacio adicional para una oficina en casa. Las terrazas son un lugar encantador para disfrutar de momentos al aire libre, ya sea para relajarse o compartir con amigos. La ubicación es estratégica, con acceso a servicios, comercios y transporte público, facilitando la vida diaria. Esta es una oportunidad para vivir en una zona con personalidad y encanto, en el corazón de Madrid. El inmueble se encuentra palcialmente reformado y la finca no cuenta con ascensor. Muchas posibilidades.",1,1,1,1,1,1,0,1,1,1,"['https://cdn-media.medialabtc.it/es/agencies/mdai4/estates/621131/images/8982915/gallery_media.jpeg', 'https://cdn-media.medialabtc.it/es/agencies/mdai4/estates/621131/images/8982945/gallery_media.jpeg', 'https://cdn-media.medialabtc.it/es/agencies/mdai4/estates/621131/images/8982948/gallery_media.jpeg', 'https://cdn-media.medialabtc.it/es/agencies/mdai4/estates/621131/images/8982919/gallery_media.jpeg', 'https://cdn-media.medialabtc.it/es/agencies/mdai4/estates/621131/images/8982944/gallery_media.jpeg', 'https://cdn-media.medialabtc.it/es/agencies/mdai4/estates/621131/images/8982938/gallery_media.jpeg', 'https://cdn-media.medialabtc.it/es/agencies/mdai4/estates/621131/images/8982918/gallery_media.jpeg', 'https://cdn-media.medialabtc.it/es/agencies/mdai4/estates/621131/images/8982931/gallery_media.jpeg', 'https://cdn-media.medialabtc.it/es/agencies/mdai4/estates/621131/images/8982916/gallery_media.jpeg', 'https://cdn-media.medialabtc.it/es/agencies/mdai4/estates/621131/images/8982917/gallery_media.jpeg', 'https://cdn-media.medialabtc.it/es/agencies/mdai4/estates/621131/images/8982949/gallery_media.jpeg', 'https://cdn-media.medialabtc.it/es/agencies/mdai4/estates/621131/images/8982933/gallery_media.jpeg', 'https://cdn-media.medialabtc.it/es/agencies/mdai4/estates/621131/images/8982939/gallery_media.jpeg', 'https://cdn-media.medialabtc.it/es/agencies/mdai4/estates/621131/images/8982920/gallery_media.jpeg', 'https://cdn-media.medialabtc.it/es/agencies/mdai4/estates/621131/images/8982940/gallery_media.jpeg', 'https://cdn-media.medialabtc.it/es/agencies/mdai4/estates/621131/images/8982937/gallery_media.jpeg', 'https://cdn-media.medialabtc.it/es/agencies/mdai4/estates/621131/images/8982932/gallery_media.jpeg', 'https://cdn-media.medialabtc.it/es/agencies/mdai4/estates/621131/images/8982942/gallery_media.jpeg', 'https://cdn-media.medialabtc.it/es/agencies/mdai4/estates/621131/images/8983149/gallery_media.jpeg', 'https://cdn-media.medialabtc.it/es/agencies/mdai4/estates/621131/images/8982950/gallery_media.jpeg', 'https://cdn-media.medialabtc.it/es/agencies/mdai4/estates/621131/images/8982943/gallery_media.jpeg', 'https://cdn-media.medialabtc.it/es/agencies/mdai4/estates/621131/images/8982936/gallery_media.jpeg']",0,Reformado,0,0,0,0,0,Desconocida,0,0,"['imagenes_tecnocasa\\anuncio_596\\0.jpeg', 'imagenes_tecnocasa\\anuncio_596\\1.jpeg', 'imagenes_tecnocasa\\anuncio_596\\2.jpeg', 'imagenes_tecnocasa\\anuncio_596\\3.jpeg', 'imagenes_tecnocasa\\anuncio_596\\4.jpeg', 'imagenes_tecnocasa\\anuncio_596\\5.jpeg', 'imagenes_tecnocasa\\anuncio_596\\6.jpeg', 'imagenes_tecnocasa\\anuncio_596\\7.jpeg', 'imagenes_tecnocasa\\anuncio_596\\8.jpeg', 'imagenes_tecnocasa\\anuncio_596\\9.jpeg', 'imagenes_tecnocasa\\anuncio_596\\10.jpeg', 'imagenes_tecnocasa\\anuncio_596\\11.jpeg', 'imagenes_tecnocasa\\anuncio_596\\12.jpeg', 'imagenes_tecnocasa\\anuncio_596\\13.jpeg', 'imagenes_tecnocasa\\anuncio_596\\14.jpeg', 'imagenes_tecnocasa\\anuncio_596\\15.jpeg', 'imagenes_tecnocasa\\anuncio_596\\16.jpeg', 'imagenes_tecnocasa\\anuncio_596\\17.jpeg', 'imagenes_tecnocasa\\anuncio_596\\18.jpeg', 'imagenes_tecnocasa\\anuncio_596\\19.jpeg', 'imagenes_tecnocasa\\anuncio_596\\20.jpeg', 'imagenes_tecnocasa\\anuncio_596\\21.jpeg']",0,Popular,1965,1,0,0,piso,0,Berruguete,"Berruguete, Madrid",40.4602706,-3.7043452,596,3873.75,138.0,104.0,0.9,1.0,1.0,1.0,otro,pintura,otro,estándar (2.4-2.8m),nada,3.2,3.6,convencional,"['#FFFFFF', '#F2E8CF', '#C09F80']",regular,False,convencional,normal,ninguno,ninguno,estándar,básica,ninguno,5.8,6.8,ninguna,5
https://www.tecnocasa.es/venta/piso/madrid/madrid/613902.html,497000.0,3,103.0,2,"Agencia inmobiliaria de MADRID zona BERRUGUETE - FRANCOS RODRÍGUEZ NUMANCIA ESTRECHO PABLO IGLESIAS vende piso en finca señorial, ubicada en la misma calle de Francos Rodríguez. Esta cuenta con portero físico y dos ascensores. El inmueble es exterior y se distribuye en tres dormitorios, salón, cocina, dos baños y terraza cerrada. El piso cuenta también con calefacción central y aire acondicionado y se encuentra para actualizar. Esta ubicada en una zona con excelentes conexiones de transporte y servicios, esta propiedad es una oportunidad única para quienes desean vivir en un entorno urbano con historia y encanto. No pierdas la oportunidad de visitar este piso y descubrir todo lo que tiene para ofrecer.",1,1,1,1,1,1,0,1,1,1,"['https://cdn-media.medialabtc.it/es/agencies/mdai4/estates/613902/images/8815927/gallery_media.jpeg', 'https://cdn-media.medialabtc.it/es/agencies/mdai4/estates/613902/images/8823401/gallery_media.jpeg', 'https://cdn-media.medialabtc.it/es/agencies/mdai4/estates/613902/images/8823398/gallery_media.jpeg', 'https://cdn-media.medialabtc.it/es/agencies/mdai4/estates/613902/images/8823393/gallery_media.jpeg', 'https://cdn-media.medialabtc.it/es/agencies/mdai4/estates/613902/images/8815656/gallery_media.jpeg', 'https://cdn-media.medialabtc.it/es/agencies/mdai4/estates/613902/images/8823387/gallery_media.jpeg', 'https://cdn-media.medialabtc.it/es/agencies/mdai4/estates/613902/images/8823392/gallery_media.jpeg', 'https://cdn-media.medialabtc.it/es/agencies/mdai4/estates/613902/images/8815657/gallery_media.jpeg', 'https://cdn-media.medialabtc.it/es/agencies/mdai4/estates/613902/images/8823396/gallery_media.jpeg', 'https://cdn-media.medialabtc.it/es/agencies/mdai4/estates/613902/images/8823399/gallery_media.jpeg', 'https://cdn-media.medialabtc.it/es/agencies/mdai4/estates/613902/images/8823390/gallery_media.jpeg', 'https://cdn-media.medialabtc.it/es/agencies/mdai4/estates/613902/images/8823397/gallery_media.jpeg', 'https://cdn-media.medialabtc.it/es/agencies/mdai4/estates/613902/images/8823391/gallery_media.jpeg', 'https://cdn-media.medialabtc.it/es/agencies/mdai4/estates/613902/images/8815659/gallery_media.jpeg', 'https://cdn-media.medialabtc.it/es/agencies/mdai4/estates/613902/images/8815608/gallery_media.jpeg', 'https://cdn-media.medialabtc.it/es/agencies/mdai4/estates/613902/images/8823394/gallery_media.jpeg', 'https://cdn-media.medialabtc.it/es/agencies/mdai4/estates/613902/images/8823389/gallery_media.jpeg', 'https://cdn-media.medialabtc.it/es/agencies/mdai4/estates/613902/images/8823388/gallery_media.jpeg', 'https://cdn-media.medialabtc.it/es/agencies/mdai4/estates/613902/images/8823400/gallery_media.jpeg', 'https://cdn-media.medialabtc.it/es/agencies/mdai4/estates/613902/images/8815655/gallery_media.jpeg', 'https://cdn-media.medialabtc.it/es/agencies/mdai4/estates/613902/images/8823395/gallery_media.jpeg', 'https://cdn-media.medialabtc.it/es/agencies/mdai4/estates/613902/images/8823386/gallery_media.jpeg', 'https://cdn-media.medialabtc.it/es/agencies/mdai4/estates/613902/images/8815658/gallery_media.jpeg']",0,Desconocido,0,0,0,1,1,E,0,0,"['imagenes_tecnocasa\\anuncio_597\\0.jpeg', 'imagenes_tecnocasa\\anuncio_597\\1.jpeg', 'imagenes_tecnocasa\\anuncio_597\\2.jpeg', 'imagenes_tecnocasa\\anuncio_597\\3.jpeg', 'imagenes_tecnocasa\\anuncio_597\\4.jpeg', 'imagenes_tecnocasa\\anuncio_597\\5.jpeg', 'imagenes_tecnocasa\\anuncio_597\\6.jpeg', 'imagenes_tecnocasa\\anuncio_597\\7.jpeg', 'imagenes_tecnocasa\\anuncio_597\\8.jpeg', 'imagenes_tecnocasa\\anuncio_597\\9.jpeg', 'imagenes_tecnocasa\\anuncio_597\\10.jpeg', 'imagenes_tecnocasa\\anuncio_597\\11.jpeg', 'imagenes_tecnocasa\\anuncio_597\\12.jpeg', 'imagenes_tecnocasa\\anuncio_597\\13.jpeg', 'imagenes_tecnocasa\\anuncio_597\\14.jpeg', 'imagenes_tecnocasa\\anuncio_597\\15.jpeg', 'imagenes_tecnocasa\\anuncio_597\\16.jpeg', 'imagenes_tecnocasa\\anuncio_597\\17.jpeg', 'imagenes_tecnocasa\\anuncio_597\\18.jpeg', 'imagenes_tecnocasa\\anuncio_597\\19.jpeg', 'imagenes_tecnocasa\\anuncio_597\\20.jpeg', 'imagenes_tecnocasa\\anuncio_597\\21.jpeg', 'imagenes_tecnocasa\\anuncio_597\\22.jpeg']",0,Señorial,1950,1,0,1,piso,0,Berruguete,"Berruguete, Madrid",40.4602706,-3.7043452,597,4825.242718446602,112.0,80.0,0.0,0.25,0.0,1.0,otro,pintura,corredera,estándar (2.4-2.8m),nada,4.4,3.8,clásico,"['#555555', '#C0C0C0', '#A0522D']",buena,False,convencional,normal,ninguno,ninguno,estándar,parcialmente equipada,ninguno,6.6,7.0,ninguna,5
https://www.tecnocasa.es/venta/piso/madrid/madrid/620236.html,129900.0,2,40.0,2,"Agencia inmobiliaria de MADRID zona BERRUGUETE - FRANCOS RODRÍGUEZ NUMANCIA ESTRECHO PABLO IGLESIAS vende piso en el barrio de Berruguete, dentro del distrito de Tetuán, Madrid. Este piso esta ubicado en una planta semisótano del edificio, ofrece una distribución con dos dormitorios, un baño y un aseo. Ideal para quienes buscan un espacio práctico en una zona bien comunicada, este piso se encuentra en un entorno urbano con acceso a servicios, comercios y transporte público. Es perfecto para disfrutar de la vida en la ciudad. Esta propiedad es una excelente oportunidad para quienes desean invertir en una zona con historia y con carácter, sin renunciar a la comodidad de tener todo al alcance de la mano. No pierdas la oportunidad de conocer este espacio lleno de posibilidades. Se encuentra para reformar y es ideal como inversión para alquiler.",1,1,1,1,1,1,0,1,1,1,"['https://cdn-media.medialabtc.it/es/agencies/mdai4/estates/620236/images/8958502/gallery_media.jpeg', 'https://cdn-media.medialabtc.it/es/agencies/mdai4/estates/620236/images/8958408/gallery_media.jpeg', 'https://cdn-media.medialabtc.it/es/agencies/mdai4/estates/620236/images/8958380/gallery_media.jpeg', 'https://cdn-media.medialabtc.it/es/agencies/mdai4/estates/620236/images/8958412/gallery_media.jpeg', 'https://cdn-media.medialabtc.it/es/agencies/mdai4/estates/620236/images/8958411/gallery_media.jpeg', 'https://cdn-media.medialabtc.it/es/agencies/mdai4/estates/620236/images/8958377/gallery_media.jpeg', 'https://cdn-media.medialabtc.it/es/agencies/mdai4/estates/620236/images/8958415/gallery_media.jpeg', 'https://cdn-media.medialabtc.it/es/agencies/mdai4/estates/620236/images/8958405/gallery_media.jpeg', 'https://cdn-media.medialabtc.it/es/agencies/mdai4/estates/620236/images/8958379/gallery_media.jpeg', 'https://cdn-media.medialabtc.it/es/agencies/mdai4/estates/620236/images/8958414/gallery_media.jpeg', 'https://cdn-media.medialabtc.it/es/agencies/mdai4/estates/620236/images/8958409/gallery_media.jpeg', 'https://cdn-media.medialabtc.it/es/agencies/mdai4/estates/620236/images/8958378/gallery_media.jpeg', 'https://cdn-media.medialabtc.it/es/agencies/mdai4/estates/620236/images/8958381/gallery_media.jpeg', 'https://cdn-media.medialabtc.it/es/agencies/mdai4/estates/620236/images/8958416/gallery_media.jpeg', 'https://cdn-media.medialabtc.it/es/agencies/mdai4/estates/620236/images/8958404/gallery_media.jpeg', 'https://cdn-media.medialabtc.it/es/agencies/mdai4/estates/620236/images/8958403/gallery_media.jpeg', 'https://cdn-media.medialabtc.it/es/agencies/mdai4/estates/620236/images/8958407/gallery_media.jpeg', 'https://cdn-media.medialabtc.it/es/agencies/mdai4/estates/620236/images/8958406/gallery_media.jpeg']",0,Desconocido,0,0,0,0,0,Desconocida,0,0,"['imagenes_tecnocasa\\anuncio_598\\0.jpeg', 'imagenes_tecnocasa\\anuncio_598\\1.jpeg', 'imagenes_tecnocasa\\anuncio_598\\2.jpeg', 'imagenes_tecnocasa\\anuncio_598\\3.jpeg', 'imagenes_tecnocasa\\anuncio_598\\4.jpeg', 'imagenes_tecnocasa\\anuncio_598\\5.jpeg', 'imagenes_tecnocasa\\anuncio_598\\6.jpeg', 'imagenes_tecnocasa\\anuncio_598\\7.jpeg', 'imagenes_tecnocasa\\anuncio_598\\8.jpeg', 'imagenes_tecnocasa\\anuncio_598\\9.jpeg', 'imagenes_tecnocasa\\anuncio_598\\10.jpeg', 'imagenes_tecnocasa\\anuncio_598\\11.jpeg', 'imagenes_tecnocasa\\anuncio_598\\12.jpeg', 'imagenes_tecnocasa\\anuncio_598\\13.jpeg', 'imagenes_tecnocasa\\anuncio_598\\14.jpeg', 'imagenes_tecnocasa\\anuncio_598\\15.jpeg', 'imagenes_tecnocasa\\anuncio_598\\16.jpeg', 'imagenes_tecnocasa\\anuncio_598\\17.jpeg']",0,Popular,1915,1,0,0,piso,0,Berruguete,"Berruguete, Madrid",40.4602706,-3.7043452,598,3247.5,138.0,93.0,0.9,1.0,0.0,1.0,otro,pintura,fija,estándar (2.4-2.8m),nada,2.8,3.0,convencional,"['#B22222', '#A0522D', '#8B4513']",regular,True,convencional,limitado,ninguno,ninguno,básico,básica,ninguno,5.4,6.0,ninguna,5
https://www.tecnocasa.es/venta/piso/madrid/madrid/620015.html,310000.0,2,50.0,1,"Agencia inmobiliaria de Madrid-Tecnocasa Consulting Estudio Tribunal, vende magnifica vivienda en el corazón de Madrid, en la calle Corredera Alta de San Pablo.

Se trata de una primera planta interior en la zona de Malasaña - Universidad, una de las más conocidas y cotizadas de Madrid.

REFORMA RECIENTE.

La vivienda consta de dos dormitorios, ambos con un tragaluz conectando las dos habitaciones. Uno de los dormitorios dispone de ventana al patio interior.

En la entrada nos encontramos con un pasillo que conecta con el resto de estancias. El salón - cocina de la vivienda tiene dos ventana amplias con vistas al patio interior de la finca, generando luminosidad a la vivienda.

Dispone de un baño completo con plato de ducha. Con ventana al patio interior.

La cocina está amueblada y totalmente equipada, con horno, frigorífico, microondas, lavadora etc.

Cabe destacar que la vivienda al ser interior es una vivienda tranquila sin apenas ruidos, dando un ambiente de tranquilidad y confort. En la cual podrás relajarte y pasar momentos únicos en ella.

En cuanto a las calidades, cabe destacar que la vivienda dispone de suelos de tarima. Dispone de Aire acondicionado con bomba de frío/calor. La puerta principal son de madera. Y para acceder a la vivienda nos encontramos un pasillo con puerta de acceso que genera mas seguridad dentro de la finca.

En cuanto a los servicios que nos ofrece el edificio, cabe destacar que es una de las zonas mas demandadas de la capital. Donde todas las calles y rincones tienen un toque especial que combina la historia del lugar, con la modernidad de una gran ciudad como Madrid. Esta vivienda ubicada en plena zona de Malasaña, situada en el corazón de Madrid, cercana a las calles Gran Vía, Fuencarral, San Bernardo, Carranza, es una zona con gran personalidad que ha sabido reinventarse sin perder su alma. Es el lugar indicado para ir de tapas, descubrir comercios alternativos, iniciar una noche de fiesta o tomar una cerveza al sol en alguna de sus agradables terrazas.

Comunicado por las estaciones de TRIBUNAL (L1 y L10), GRAN VÍA (L1 y L5) y CALLAO (L3 y 5), BILBAO (L4 Y L1) SAN BERNARDO (L2 y L4) y con todos los servicios próximos a la vivienda como líneas de autobús, bancos, comercios etc.

Es sin duda, una oportunidad única de vivir en una de las mejores zonas del centro de Madrid.",1,0,1,1,1,1,1,1,1,1,"['https://cdn-media.medialabtc.it/es/agencies/md063/estates/620015/images/8966870/gallery_media.jpeg', 'https://cdn-media.medialabtc.it/es/agencies/md063/estates/620015/images/8966867/gallery_media.jpeg', 'https://cdn-media.medialabtc.it/es/agencies/md063/estates/620015/images/8966874/gallery_media.jpeg', 'https://cdn-media.medialabtc.it/es/agencies/md063/estates/620015/images/8966880/gallery_media.jpeg', 'https://cdn-media.medialabtc.it/es/agencies/md063/estates/620015/images/8966881/gallery_media.jpeg', 'https://cdn-media.medialabtc.it/es/agencies/md063/estates/620015/images/8966890/gallery_media.jpeg', 'https://cdn-media.medialabtc.it/es/agencies/md063/estates/620015/images/8966883/gallery_media.jpeg', 'https://cdn-media.medialabtc.it/es/agencies/md063/estates/620015/images/8966871/gallery_media.jpeg', 'https://cdn-media.medialabtc.it/es/agencies/md063/estates/620015/images/8966866/gallery_media.jpeg', 'https://cdn-media.medialabtc.it/es/agencies/md063/estates/620015/images/8982008/gallery_media.jpeg', 'https://cdn-media.medialabtc.it/es/agencies/md063/estates/620015/images/8966878/gallery_media.jpeg', 'https://cdn-media.medialabtc.it/es/agencies/md063/estates/620015/images/8966864/gallery_media.jpeg', 'https://cdn-media.medialabtc.it/es/agencies/md063/estates/620015/images/8966889/gallery_media.jpeg', 'https://cdn-media.medialabtc.it/es/agencies/md063/estates/620015/images/8966893/gallery_media.jpeg', 'https://cdn-media.medialabtc.it/es/agencies/md063/estates/620015/images/8966875/gallery_media.jpeg', 'https://cdn-media.medialabtc.it/es/agencies/md063/estates/620015/images/8966882/gallery_media.jpeg', 'https://cdn-media.medialabtc.it/es/agencies/md063/estates/620015/images/8966873/gallery_media.jpeg', 'https://cdn-media.medialabtc.it/es/agencies/md063/estates/620015/images/8966868/gallery_media.jpeg', 'https://cdn-media.medialabtc.it/es/agencies/md063/estates/620015/images/8966887/gallery_media.jpeg', 'https://cdn-media.medialabtc.it/es/agencies/md063/estates/620015/images/8966877/gallery_media.jpeg', 'https://cdn-media.medialabtc.it/es/agencies/md063/estates/620015/images/8966892/gallery_media.jpeg', 'https://cdn-media.medialabtc.it/es/agencies/md063/estates/620015/images/8966886/gallery_media.jpeg', 'https://cdn-media.medialabtc.it/es/agencies/md063/estates/620015/images/8966888/gallery_media.jpeg', 'https://cdn-media.medialabtc.it/es/agencies/md063/estates/620015/images/8966869/gallery_media.jpeg', 'https://cdn-media.medialabtc.it/es/agencies/md063/estates/620015/images/8966884/gallery_media.jpeg', 'https://cdn-media.medialabtc.it/es/agencies/md063/estates/620015/images/8966865/gallery_media.jpeg', 'https://cdn-media.medialabtc.it/es/agencies/md063/estates/620015/images/8966885/gallery_media.jpeg', 'https://cdn-media.medialabtc.it/es/agencies/md063/estates/620015/images/8966891/gallery_media.jpeg', 'https://cdn-media.medialabtc.it/es/agencies/md063/estates/620015/images/8966872/gallery_media.jpeg', 'https://cdn-media.medialabtc.it/es/agencies/md063/estates/620015/images/8966876/gallery_media.jpeg']",1,Desconocido,0,0,0,0,1,F,0,0,"['imagenes_tecnocasa\\anuncio_599\\0.jpeg', 'imagenes_tecnocasa\\anuncio_599\\1.jpeg', 'imagenes_tecnocasa\\anuncio_599\\2.jpeg', 'imagenes_tecnocasa\\anuncio_599\\3.jpeg', 'imagenes_tecnocasa\\anuncio_599\\4.jpeg', 'imagenes_tecnocasa\\anuncio_599\\5.jpeg', 'imagenes_tecnocasa\\anuncio_599\\6.jpeg', 'imagenes_tecnocasa\\anuncio_599\\7.jpeg', 'imagenes_tecnocasa\\anuncio_599\\8.jpeg', 'imagenes_tecnocasa\\anuncio_599\\9.jpeg', 'imagenes_tecnocasa\\anuncio_599\\10.jpeg', 'imagenes_tecnocasa\\anuncio_599\\11.jpeg', 'imagenes_tecnocasa\\anuncio_599\\12.jpeg', 'imagenes_tecnocasa\\anuncio_599\\13.jpeg', 'imagenes_tecnocasa\\anuncio_599\\14.jpeg', 'imagenes_tecnocasa\\anuncio_599\\15.jpeg', 'imagenes_tecnocasa\\anuncio_599\\16.jpeg', 'imagenes_tecnocasa\\anuncio_599\\17.jpeg', 'imagenes_tecnocasa\\anuncio_599\\18.jpeg', 'imagenes_tecnocasa\\anuncio_599\\19.jpeg', 'imagenes_tecnocasa\\anuncio_599\\20.jpeg', 'imagenes_tecnocasa\\anuncio_599\\21.jpeg', 'imagenes_tecnocasa\\anuncio_599\\22.jpeg', 'imagenes_tecnocasa\\anuncio_599\\23.jpeg', 'imagenes_tecnocasa\\anuncio_599\\24.jpeg', 'imagenes_tecnocasa\\anuncio_599\\25.jpeg', 'imagenes_tecnocasa\\anuncio_599\\26.jpeg', 'imagenes_tecnocasa\\anuncio_599\\27.jpeg', 'imagenes_tecnocasa\\anuncio_599\\28.jpeg', 'imagenes_tecnocasa\\anuncio_599\\29.jpeg']",1,Señorial,1900,1,0,0,piso,1,Justicia,"Malasaña - Justicia - Universidad, Madrid",40.4232759,-3.6966805,599,6200.0,398.0,220.0,0.0,0.0,0.0,1.0,cerámica,pintura,fija,estándar (2.4-2.8m),nada,4.4,6.6,moderno,"['#FFFFFF', '#D3D3D3', '#000000']",buena,True,eficiente,limitado,ninguno,ninguno,estándar,parcialmente equipada,ninguno,8.2,7.2,ninguna,5
https://www.tecnocasa.es/venta/piso/madrid/madrid/620534.html,199900.0,1,56.0,1,"Agencia inmobiliaria de Madrid-Tecnocasa Consulting Estudio Tribunal Centro vende
planta baja/semisótano en el corazón de Madrid, en el barrio de Malasaña-Universidad.

La vivienda está distribuida en la parte de la entrada por un pasillo que nos conecta con el resto de estancias. Siguiendo por el pasillo nos encontramos con el baño, completo con plato de ducha y recientemente reformado.

Dispone de un dormitorio amplio sin amueblar, que nos ofrece muchas posibilidades.

Por último, nos encontramos con el salón- cocina, con el mobiliario a estrenar, con placa vitrocerámica pero no equipada de electrodomésticos. Dispone de una ventana hacia el exterior a la misma calle Molino de Viento

Es una gran oportunidad de tener una vivienda en pleno centro de Madrid la cual puede ofrecer una gran rentabilidad.

En cuanto a los servicios que nos ofrece el edificio, cabe destacar que es una de las zonas mas demandadas de la capital. Donde todas las calles y rincones tienen un toque especial que combina la historia del lugar, con la modernidad de una gran ciudad como Madrid. Esta vivienda ubicada en plena zona de Malasaña, situada en el corazón de Madrid, cercana a las calles Gran Vía, Fuencarral, San Bernardo, Carranza, es una zona con gran personalidad que ha sabido reinventarse sin perder su alma. Es el lugar indicado para ir de tapas, descubrir comercios alternativos, iniciar una noche de fiesta o tomar una cerveza al sol en alguna de sus agradables terrazas.

Comunicado por las estaciones de TRIBUNAL (L1 y L10), GRAN VÍA (L1 y L5) y CALLAO (L3 y 5), BILBAO (L4 Y L1) SAN BERNARDO (L2 y L4) y con todos los servicios próximos a la vivienda como líneas de autobús, bancos, comercios etc.

Es sin duda, una oportunidad única de vivir en una de las mejores zonas del centro de Madrid.

Para más información del inmueble no dude en contactarnos.",1,1,1,1,1,1,0,1,1,1,"['https://cdn-media.medialabtc.it/es/agencies/md063/estates/620534/images/8975083/gallery_media.jpeg', 'https://cdn-media.medialabtc.it/es/agencies/md063/estates/620534/images/8975088/gallery_media.jpeg', 'https://cdn-media.medialabtc.it/es/agencies/md063/estates/620534/images/8975084/gallery_media.jpeg', 'https://cdn-media.medialabtc.it/es/agencies/md063/estates/620534/images/8982009/gallery_media.jpeg', 'https://cdn-media.medialabtc.it/es/agencies/md063/estates/620534/images/8975094/gallery_media.jpeg', 'https://cdn-media.medialabtc.it/es/agencies/md063/estates/620534/images/8975095/gallery_media.jpeg', 'https://cdn-media.medialabtc.it/es/agencies/md063/estates/620534/images/8975102/gallery_media.jpeg', 'https://cdn-media.medialabtc.it/es/agencies/md063/estates/620534/images/8975103/gallery_media.jpeg', 'https://cdn-media.medialabtc.it/es/agencies/md063/estates/620534/images/8975091/gallery_media.jpeg', 'https://cdn-media.medialabtc.it/es/agencies/md063/estates/620534/images/8975096/gallery_media.jpeg', 'https://cdn-media.medialabtc.it/es/agencies/md063/estates/620534/images/8975107/gallery_media.jpeg', 'https://cdn-media.medialabtc.it/es/agencies/md063/estates/620534/images/8975086/gallery_media.jpeg', 'https://cdn-media.medialabtc.it/es/agencies/md063/estates/620534/images/8975100/gallery_media.jpeg', 'https://cdn-media.medialabtc.it/es/agencies/md063/estates/620534/images/8975097/gallery_media.jpeg', 'https://cdn-media.medialabtc.it/es/agencies/md063/estates/620534/images/8975104/gallery_media.jpeg', 'https://cdn-media.medialabtc.it/es/agencies/md063/estates/620534/images/8975090/gallery_media.jpeg', 'https://cdn-media.medialabtc.it/es/agencies/md063/estates/620534/images/8975105/gallery_media.jpeg', 'https://cdn-media.medialabtc.it/es/agencies/md063/estates/620534/images/8975106/gallery_media.jpeg', 'https://cdn-media.medialabtc.it/es/agencies/md063/estates/620534/images/8975082/gallery_media.jpeg', 'https://cdn-media.medialabtc.it/es/agencies/md063/estates/620534/images/8975089/gallery_media.jpeg', 'https://cdn-media.medialabtc.it/es/agencies/md063/estates/620534/images/8975099/gallery_media.jpeg', 'https://cdn-media.medialabtc.it/es/agencies/md063/estates/620534/images/8975081/gallery_media.jpeg', 'https://cdn-media.medialabtc.it/es/agencies/md063/estates/620534/images/8975092/gallery_media.jpeg', 'https://cdn-media.medialabtc.it/es/agencies/md063/estates/620534/images/8975087/gallery_media.jpeg', 'https://cdn-media.medialabtc.it/es/agencies/md063/estates/620534/images/8975093/gallery_media.jpeg', 'https://cdn-media.medialabtc.it/es/agencies/md063/estates/620534/images/8975098/gallery_media.jpeg', 'https://cdn-media.medialabtc.it/es/agencies/md063/estates/620534/images/8975101/gallery_media.jpeg', 'https://cdn-media.medialabtc.it/es/agencies/md063/estates/620534/images/8975085/gallery_media.jpeg']",0,Reformado,0,0,0,0,0,E,0,0,"['imagenes_tecnocasa\\anuncio_600\\0.jpeg', 'imagenes_tecnocasa\\anuncio_600\\1.jpeg', 'imagenes_tecnocasa\\anuncio_600\\2.jpeg', 'imagenes_tecnocasa\\anuncio_600\\3.jpeg', 'imagenes_tecnocasa\\anuncio_600\\4.jpeg', 'imagenes_tecnocasa\\anuncio_600\\5.jpeg', 'imagenes_tecnocasa\\anuncio_600\\6.jpeg', 'imagenes_tecnocasa\\anuncio_600\\7.jpeg', 'imagenes_tecnocasa\\anuncio_600\\8.jpeg', 'imagenes_tecnocasa\\anuncio_600\\9.jpeg', 'imagenes_tecnocasa\\anuncio_600\\10.jpeg', 'imagenes_tecnocasa\\anuncio_600\\11.jpeg', 'imagenes_tecnocasa\\anuncio_600\\12.jpeg', 'imagenes_tecnocasa\\anuncio_600\\13.jpeg', 'imagenes_tecnocasa\\anuncio_600\\14.jpeg', 'imagenes_tecnocasa\\anuncio_600\\15.jpeg', 'imagenes_tecnocasa\\anuncio_600\\16.jpeg', 'imagenes_tecnocasa\\anuncio_600\\17.jpeg', 'imagenes_tecnocasa\\anuncio_600\\18.jpeg', 'imagenes_tecnocasa\\anuncio_600\\19.jpeg', 'imagenes_tecnocasa\\anuncio_600\\20.jpeg', 'imagenes_tecnocasa\\anuncio_600\\21.jpeg', 'imagenes_tecnocasa\\anuncio_600\\22.jpeg', 'imagenes_tecnocasa\\anuncio_600\\23.jpeg', 'imagenes_tecnocasa\\anuncio_600\\24.jpeg', 'imagenes_tecnocasa\\anuncio_600\\25.jpeg', 'imagenes_tecnocasa\\anuncio_600\\26.jpeg', 'imagenes_tecnocasa\\anuncio_600\\27.jpeg']",0,Media,1900,0,0,0,piso,1,Justicia,"Malasaña - Justicia - Universidad, Madrid",40.4232759,-3.6966805,600,3569.6428571428573,311.0,185.0,0.0,0.0,2.0,1.0,cerámica,pintura,ninguna,estándar (2.4-2.8m),nada,4.2,3.2,rústico,"['#D2B48C', '#FFFFFF', '#999999']",regular,True,convencional,limitado,ninguno,ninguno,estándar,parcialmente equipada,ninguno,7.4,7.2,ninguna,5
https://www.tecnocasa.es/venta/piso/madrid/madrid/619384.html,219900.0,1,43.0,1,"Agencia inmobiliaria de MADRID zona BERRUGUETE - FRANCOS RODRÍGUEZ NUMANCIA ESTRECHO PABLO IGLESIAS vende piso para entrar a vivir, en el corazón del municipio de Madrid. Es ideal para quienes buscan un espacio acogedor y funcional. Este apartamento ofrece un dormitorio bien iluminado, un baño, cocina y salón con chimenea. Es perfecto para una persona o una pareja. La finca conserva detalles arquitectónicos que le aportan un carácter único, combinando historia y modernidad. La distribución del espacio está pensada para aprovechar cada metro cuadrado, brindando comodidad y practicidad. La cocina, integrada al área del salón, permite disfrutar de un ambiente abierto y versátil. Además, su ubicación estratégica te sitúa cerca de servicios esenciales, transporte público y una variada oferta cultural y gastronómica. Esta propiedad es una excelente oportunidad para quienes desean vivir en una zona con mucha vida urbana y con todos los servicios y transportes. Ideal inversión",1,1,1,1,1,1,0,1,1,1,"['https://cdn-media.medialabtc.it/es/agencies/mdai4/estates/619384/images/8942633/gallery_media.jpeg', 'https://cdn-media.medialabtc.it/es/agencies/mdai4/estates/619384/images/8942573/gallery_media.jpeg', 'https://cdn-media.medialabtc.it/es/agencies/mdai4/estates/619384/images/8942575/gallery_media.jpeg', 'https://cdn-media.medialabtc.it/es/agencies/mdai4/estates/619384/images/8942635/gallery_media.jpeg', 'https://cdn-media.medialabtc.it/es/agencies/mdai4/estates/619384/images/8942637/gallery_media.jpeg', 'https://cdn-media.medialabtc.it/es/agencies/mdai4/estates/619384/images/8944043/gallery_media.jpeg', 'https://cdn-media.medialabtc.it/es/agencies/mdai4/estates/619384/images/8942641/gallery_media.jpeg', 'https://cdn-media.medialabtc.it/es/agencies/mdai4/estates/619384/images/8942638/gallery_media.jpeg', 'https://cdn-media.medialabtc.it/es/agencies/mdai4/estates/619384/images/8944048/gallery_media.jpeg', 'https://cdn-media.medialabtc.it/es/agencies/mdai4/estates/619384/images/8942632/gallery_media.jpeg', 'https://cdn-media.medialabtc.it/es/agencies/mdai4/estates/619384/images/8942636/gallery_media.jpeg', 'https://cdn-media.medialabtc.it/es/agencies/mdai4/estates/619384/images/8942579/gallery_media.jpeg', 'https://cdn-media.medialabtc.it/es/agencies/mdai4/estates/619384/images/8942610/gallery_media.jpeg', 'https://cdn-media.medialabtc.it/es/agencies/mdai4/estates/619384/images/8942578/gallery_media.jpeg', 'https://cdn-media.medialabtc.it/es/agencies/mdai4/estates/619384/images/8942571/gallery_media.jpeg', 'https://cdn-media.medialabtc.it/es/agencies/mdai4/estates/619384/images/8942634/gallery_media.jpeg', 'https://cdn-media.medialabtc.it/es/agencies/mdai4/estates/619384/images/8942640/gallery_media.jpeg']",0,Desconocido,0,0,0,0,0,E,0,0,"['imagenes_tecnocasa\\anuncio_601\\0.jpeg', 'imagenes_tecnocasa\\anuncio_601\\1.jpeg', 'imagenes_tecnocasa\\anuncio_601\\2.jpeg', 'imagenes_tecnocasa\\anuncio_601\\3.jpeg', 'imagenes_tecnocasa\\anuncio_601\\4.jpeg', 'imagenes_tecnocasa\\anuncio_601\\5.jpeg', 'imagenes_tecnocasa\\anuncio_601\\6.jpeg', 'imagenes_tecnocasa\\anuncio_601\\7.jpeg', 'imagenes_tecnocasa\\anuncio_601\\8.jpeg', 'imagenes_tecnocasa\\anuncio_601\\9.jpeg', 'imagenes_tecnocasa\\anuncio_601\\10.jpeg', 'imagenes_tecnocasa\\anuncio_601\\11.jpeg', 'imagenes_tecnocasa\\anuncio_601\\12.jpeg', 'imagenes_tecnocasa\\anuncio_601\\13.jpeg', 'imagenes_tecnocasa\\anuncio_601\\14.jpeg', 'imagenes_tecnocasa\\anuncio_601\\15.jpeg', 'imagenes_tecnocasa\\anuncio_601\\16.jpeg']",0,Popular,1920,1,0,0,piso,0,Berruguete,"Berruguete, Madrid",40.4602706,-3.7043452,601,5113.953488372093,148.0,113.0,0.6333333333333333,0.7000000000000001,0.0,1.0,otro,pintura,otro,estándar (2.4-2.8m),nada,4.0,5.0,moderno,"['#000000', '#000000', '#000000']",buena,False,convencional,normal,ninguno,ninguno,estándar,básica,ninguno,6.4,6.8,ninguna,5
https://www.tecnocasa.es/venta/piso/madrid/torrejon-de-ardoz/617945.html,178000.0,2,74.0,1,"Inmobiliaria en Rosario - Tecnocasa Estudio Nuevo Torrejon De Ardoz 2018 Sl
Descubre esta encantadora propiedad de época en el municipio de Torrejón de Ardoz. Con una superficie de 74 m², este acogedor piso ofrece dos dormitorios bien distribuidos y un baño completo. El salón, de 20 m², es un espacio ideal para el descanso y la convivencia, con acceso directo a una terraza que invita a disfrutar del aire libre. La vivienda, construida en 1974, ha sido equipada con comodidades modernas como aire acondicionado y calefacción, garantizando confort durante todo el año. Además, cuenta con un purificador de aire , proporcionando un ambiente fresco y saludable. Esta propiedad es una excelente oportunidad para quienes buscan un hogar con carácter y funcionalidad en una ubicación conveniente. No pierdas la oportunidad de visitarla y descubrir todo lo que tiene para ofrecer.
La vivienda está situada en una zona ya consolidada con multitud de servicios alrededor (supermercados, farmacias, restaurantes, parques…) y bien comunicada por la red de transportes del municipio.
No dude en llamarnos para concertar su cita para visitar el inmueble en la que además recibirá el asesoramiento gratuito de nuestro departamento financiero KÌRON. FINANCIACION 100%",0,1,1,1,0,1,0,0,1,0,"['https://cdn-media.medialabtc.it/es/agencies/md512/estates/617945/images/8904940/gallery_media.jpeg', 'https://cdn-media.medialabtc.it/es/agencies/md512/estates/617945/images/8904939/gallery_media.jpeg', 'https://cdn-media.medialabtc.it/es/agencies/md512/estates/617945/images/8904931/gallery_media.jpeg', 'https://cdn-media.medialabtc.it/es/agencies/md512/estates/617945/images/8904938/gallery_media.jpeg', 'https://cdn-media.medialabtc.it/es/agencies/md512/estates/617945/images/8904928/gallery_media.jpeg', 'https://cdn-media.medialabtc.it/es/agencies/md512/estates/617945/images/8904937/gallery_media.jpeg', 'https://cdn-media.medialabtc.it/es/agencies/md512/estates/617945/images/8904929/gallery_media.jpeg', 'https://cdn-media.medialabtc.it/es/agencies/md512/estates/617945/images/8904936/gallery_media.jpeg', 'https://cdn-media.medialabtc.it/es/agencies/md512/estates/617945/images/8904935/gallery_media.jpeg', 'https://cdn-media.medialabtc.it/es/agencies/md512/estates/617945/images/8904933/gallery_media.jpeg', 'https://cdn-media.medialabtc.it/es/agencies/md512/estates/617945/images/8904934/gallery_media.jpeg', 'https://cdn-media.medialabtc.it/es/agencies/md512/estates/617945/images/8904942/gallery_media.jpeg', 'https://cdn-media.medialabtc.it/es/agencies/md512/estates/617945/images/8904943/gallery_media.jpeg', 'https://cdn-media.medialabtc.it/es/agencies/md512/estates/617945/images/8904930/gallery_media.jpeg', 'https://cdn-media.medialabtc.it/es/agencies/md512/estates/617945/images/8904932/gallery_media.jpeg', 'https://cdn-media.medialabtc.it/es/agencies/md512/estates/617945/images/8904941/gallery_media.jpeg', 'https://cdn-media.medialabtc.it/es/agencies/md512/estates/617945/images/8904927/gallery_media.jpeg']",0,Desconocido,0,0,0,1,0,G,0,0,"['imagenes_tecnocasa\\anuncio_613\\0.jpeg', 'imagenes_tecnocasa\\anuncio_613\\1.jpeg', 'imagenes_tecnocasa\\anuncio_613\\2.jpeg', 'imagenes_tecnocasa\\anuncio_613\\3.jpeg', 'imagenes_tecnocasa\\anuncio_613\\4.jpeg', 'imagenes_tecnocasa\\anuncio_613\\5.jpeg', 'imagenes_tecnocasa\\anuncio_613\\6.jpeg', 'imagenes_tecnocasa\\anuncio_613\\7.jpeg', 'imagenes_tecnocasa\\anuncio_613\\8.jpeg', 'imagenes_tecnocasa\\anuncio_613\\9.jpeg', 'imagenes_tecnocasa\\anuncio_613\\10.jpeg', 'imagenes_tecnocasa\\anuncio_613\\11.jpeg', 'imagenes_tecnocasa\\anuncio_613\\12.jpeg', 'imagenes_tecnocasa\\anuncio_613\\13.jpeg', 'imagenes_tecnocasa\\anuncio_613\\14.jpeg', 'imagenes_tecnocasa\\anuncio_613\\15.jpeg', 'imagenes_tecnocasa\\anuncio_613\\16.jpeg']",1,De época,1974,1,0,0,piso,1,Torrejón de Ardoz,Torrejón De Ardoz,40.4587767,-3.4793343,613,2405.4054054054054,195.0,137.0,0.45,0.5,0.0,1.0,otro,pintura,corredera,estándar (2.4-2.8m),nada,2.8,4.0,otro,"['#808080', '#D3D3D3', '#FFFFFF']",regular,False,convencional,otro,ninguno,ninguno,estándar,básica,ninguno,5.8,6.0,ninguna,5
https://www.tecnocasa.es/venta/piso/madrid/madrid/620867.html,180000.0,3,65.0,1,"Piso en venta en Vicálvaro – 3 dormitorios, trastero y excelente ubicación
Tecnocasa Vicálvaro presenta en exclusiva esta estupenda vivienda de segunda planta, lista para entrar a vivir, ubicada en una de las mejores zonas del barrio.
La vivienda tiene un precio de 180.000 euros y cuenta con:
Tres dormitorios exteriores y bien distribuidos
Un baño completo, en muy buen estado
Cocina independiente, equipada
Salón amplio y luminoso, ideal para el día a día
Trastero incluido en el precio, perfecto como espacio de almacenaje adicional
Se trata de un piso muy cuidado, en excelentes condiciones, ideal para entrar a vivir sin necesidad de reforma.
Situado en una zona consolidada y muy bien comunicada de Vicálvaro, junto a la Universidad Rey Juan Carlos, con todos los servicios a pie de calle: supermercados, farmacias, colegios, parques, centros de salud y pequeños comercios.
Además, cuenta con excelentes conexiones:
Estaciones de metro cercanas (Vicálvaro y San Cipriano)
Varias líneas de autobús
Fácil acceso a M-40, M-30 y R-3
Una gran oportunidad para vivir en una zona tranquila, con todos los servicios y una alta proyección.
Tecnocasa Vicálvaro
Avenida Real, nº 6 – 28032 Madrid
Financiación hasta el 100% con nuestro departamento financiero
¡Llámanos y agenda tu visita sin compromiso!",0,0,0,0,0,0,0,0,0,0,"['https://cdn-media.medialabtc.it/es/agencies/md054/estates/620867/images/8981346/gallery_media.jpeg', 'https://cdn-media.medialabtc.it/es/agencies/md054/estates/620867/images/8981342/gallery_media.jpeg', 'https://cdn-media.medialabtc.it/es/agencies/md054/estates/620867/images/8981333/gallery_media.jpeg', 'https://cdn-media.medialabtc.it/es/agencies/md054/estates/620867/images/8981352/gallery_media.jpeg', 'https://cdn-media.medialabtc.it/es/agencies/md054/estates/620867/images/8981336/gallery_media.jpeg', 'https://cdn-media.medialabtc.it/es/agencies/md054/estates/620867/images/8981326/gallery_media.jpeg', 'https://cdn-media.medialabtc.it/es/agencies/md054/estates/620867/images/8981337/gallery_media.jpeg', 'https://cdn-media.medialabtc.it/es/agencies/md054/estates/620867/images/8981332/gallery_media.jpeg', 'https://cdn-media.medialabtc.it/es/agencies/md054/estates/620867/images/8981344/gallery_media.jpeg', 'https://cdn-media.medialabtc.it/es/agencies/md054/estates/620867/images/8981331/gallery_media.jpeg', 'https://cdn-media.medialabtc.it/es/agencies/md054/estates/620867/images/8981350/gallery_media.jpeg', 'https://cdn-media.medialabtc.it/es/agencies/md054/estates/620867/images/8981353/gallery_media.jpeg', 'https://cdn-media.medialabtc.it/es/agencies/md054/estates/620867/images/8981351/gallery_media.jpeg', 'https://cdn-media.medialabtc.it/es/agencies/md054/estates/620867/images/8981343/gallery_media.jpeg', 'https://cdn-media.medialabtc.it/es/agencies/md054/estates/620867/images/8981334/gallery_media.jpeg', 'https://cdn-media.medialabtc.it/es/agencies/md054/estates/620867/images/8981341/gallery_media.jpeg', 'https://cdn-media.medialabtc.it/es/agencies/md054/estates/620867/images/8981338/gallery_media.jpeg', 'https://cdn-media.medialabtc.it/es/agencies/md054/estates/620867/images/8981349/gallery_media.jpeg', 'https://cdn-media.medialabtc.it/es/agencies/md054/estates/620867/images/8981347/gallery_media.jpeg', 'https://cdn-media.medialabtc.it/es/agencies/md054/estates/620867/images/8981355/gallery_media.jpeg', 'https://cdn-media.medialabtc.it/es/agencies/md054/estates/620867/images/8981327/gallery_media.jpeg', 'https://cdn-media.medialabtc.it/es/agencies/md054/estates/620867/images/8981339/gallery_media.jpeg', 'https://cdn-media.medialabtc.it/es/agencies/md054/estates/620867/images/8981335/gallery_media.jpeg', 'https://cdn-media.medialabtc.it/es/agencies/md054/estates/620867/images/8981354/gallery_media.jpeg', 'https://cdn-media.medialabtc.it/es/agencies/md054/estates/620867/images/8981330/gallery_media.jpeg', 'https://cdn-media.medialabtc.it/es/agencies/md054/estates/620867/images/8981345/gallery_media.jpeg', 'https://cdn-media.medialabtc.it/es/agencies/md054/estates/620867/images/8981340/gallery_media.jpeg', 'https://cdn-media.medialabtc.it/es/agencies/md054/estates/620867/images/8981329/gallery_media.jpeg', 'https://cdn-media.medialabtc.it/es/agencies/md054/estates/620867/images/8981328/gallery_media.jpeg', 'https://cdn-media.medialabtc.it/es/agencies/md054/estates/620867/images/8981348/gallery_media.jpeg']",0,Desconocido,0,1,0,0,0,Desconocida,0,1,"['imagenes_tecnocasa\\anuncio_618\\0.jpeg', 'imagenes_tecnocasa\\anuncio_618\\1.jpeg', 'imagenes_tecnocasa\\anuncio_618\\2.jpeg', 'imagenes_tecnocasa\\anuncio_618\\3.jpeg', 'imagenes_tecnocasa\\anuncio_618\\4.jpeg', 'imagenes_tecnocasa\\anuncio_618\\5.jpeg', 'imagenes_tecnocasa\\anuncio_618\\6.jpeg', 'imagenes_tecnocasa\\anuncio_618\\7.jpeg', 'imagenes_tecnocasa\\anuncio_618\\8.jpeg', 'imagenes_tecnocasa\\anuncio_618\\9.jpeg', 'imagenes_tecnocasa\\anuncio_618\\10.jpeg', 'imagenes_tecnocasa\\anuncio_618\\11.jpeg', 'imagenes_tecnocasa\\anuncio_618\\12.jpeg', 'imagenes_tecnocasa\\anuncio_618\\13.jpeg', 'imagenes_tecnocasa\\anuncio_618\\14.jpeg', 'imagenes_tecnocasa\\anuncio_618\\15.jpeg', 'imagenes_tecnocasa\\anuncio_618\\16.jpeg', 'imagenes_tecnocasa\\anuncio_618\\17.jpeg', 'imagenes_tecnocasa\\anuncio_618\\18.jpeg', 'imagenes_tecnocasa\\anuncio_618\\19.jpeg', 'imagenes_tecnocasa\\anuncio_618\\20.jpeg', 'imagenes_tecnocasa\\anuncio_618\\21.jpeg', 'imagenes_tecnocasa\\anuncio_618\\22.jpeg', 'imagenes_tecnocasa\\anuncio_618\\23.jpeg', 'imagenes_tecnocasa\\anuncio_618\\24.jpeg', 'imagenes_tecnocasa\\anuncio_618\\25.jpeg', 'imagenes_tecnocasa\\anuncio_618\\26.jpeg', 'imagenes_tecnocasa\\anuncio_618\\27.jpeg', 'imagenes_tecnocasa\\anuncio_618\\28.jpeg', 'imagenes_tecnocasa\\anuncio_618\\29.jpeg']",1,Señorial,1965,1,0,0,piso,2,Madrid,Madrid,40.4167047,-3.7035825,618,2769.230769230769,205.0,142.0,0.6833333333333332,0.7666666666666666,2.0,1.0,cerámica,pintura,ninguna visible,estándar (2.4-2.8m),nada,2.6,1.8,clásico,"['#F2F2F2', '#FFFFFF', '#D3D3D3']",regular,False,convencional,limitado,ninguno,ninguno,estándar,básica,ninguno,6.0,5.0,ninguna,5
https://www.tecnocasa.es/venta/piso/madrid/madrid/612185.html,269000.0,2,63.0,1,"agencia inmobiliaria de MADRID zona SAN BLAS - CANILLEJAS Oficina Tecnocasa:
TECNOCASA Estudio Inmobiliario Torre Arias VENDE: ULTIMA REBAJA!!! Piso de 63 m² construidos, con dos dormitorios, el principal bastante amplio, salón, cocina y un baño con plato de ducha. Situado en la segunda planta de un edificio bien conservado desde 1961, este piso exterior garantiza luz natural durante todo el día.
El piso cuenta con una reforma de electricidad, tuberias, ventanas y puertas. Calefacción electrica y la finca tiene conexión de gas natural.
La derrama del ascensor esta aprobada por la comunidad, pagada completamente por el propietario y ya se encuentra en instalación, con una previsión de estar listo para el mes de Septiembre de 2025.

La ubicación es inmejorable: a pocos pasos de la calle Alcalá y a menos de 5 minutos andando de la estación del metro Torre Arias (linea 5). Además, en los alrededores encontrarás todo lo que necesitas supermercados, bares, restaurantes, peluquerías, farmacias, clínicas dentales, inmobiliarias, colegios, institutos, papelerías, comercios, loterías, entidades bancarias, agencias de viajes, floristerías, fruterías y muchos locales más.

No pierdas la oportunidad de vivir en una zona con todas las comodidades a tu alcance. Consulta sobre condiciones para hipoteca a través de nuestro departamento de intermediación financiera KÍRON de forma gratuita. ¡Ven a visitarlo!",1,0,1,1,1,1,0,1,1,1,"['https://cdn-media.medialabtc.it/es/agencies/md086/estates/612185/images/8774271/gallery_media.jpeg', 'https://cdn-media.medialabtc.it/es/agencies/md086/estates/612185/images/8774272/gallery_media.jpeg', 'https://cdn-media.medialabtc.it/es/agencies/md086/estates/612185/images/8774276/gallery_media.jpeg', 'https://cdn-media.medialabtc.it/es/agencies/md086/estates/612185/images/8774264/gallery_media.jpeg', 'https://cdn-media.medialabtc.it/es/agencies/md086/estates/612185/images/8774263/gallery_media.jpeg', 'https://cdn-media.medialabtc.it/es/agencies/md086/estates/612185/images/8774277/gallery_media.jpeg', 'https://cdn-media.medialabtc.it/es/agencies/md086/estates/612185/images/8774274/gallery_media.jpeg', 'https://cdn-media.medialabtc.it/es/agencies/md086/estates/612185/images/8774268/gallery_media.jpeg', 'https://cdn-media.medialabtc.it/es/agencies/md086/estates/612185/images/8774265/gallery_media.jpeg', 'https://cdn-media.medialabtc.it/es/agencies/md086/estates/612185/images/8774279/gallery_media.jpeg', 'https://cdn-media.medialabtc.it/es/agencies/md086/estates/612185/images/8774273/gallery_media.jpeg', 'https://cdn-media.medialabtc.it/es/agencies/md086/estates/612185/images/8774270/gallery_media.jpeg', 'https://cdn-media.medialabtc.it/es/agencies/md086/estates/612185/images/8774267/gallery_media.jpeg', 'https://cdn-media.medialabtc.it/es/agencies/md086/estates/612185/images/8774280/gallery_media.jpeg', 'https://cdn-media.medialabtc.it/es/agencies/md086/estates/612185/images/8774278/gallery_media.jpeg', 'https://cdn-media.medialabtc.it/es/agencies/md086/estates/612185/images/8774262/gallery_media.jpeg', 'https://cdn-media.medialabtc.it/es/agencies/md086/estates/612185/images/8774281/gallery_media.jpeg', 'https://cdn-media.medialabtc.it/es/agencies/md086/estates/612185/images/8774266/gallery_media.jpeg', 'https://cdn-media.medialabtc.it/es/agencies/md086/estates/612185/images/8774282/gallery_media.jpeg', 'https://cdn-media.medialabtc.it/es/agencies/md086/estates/612185/images/8774269/gallery_media.jpeg']",0,Desconocido,0,0,0,0,0,D,0,0,"['imagenes_tecnocasa\\anuncio_619\\0.jpeg', 'imagenes_tecnocasa\\anuncio_619\\1.jpeg', 'imagenes_tecnocasa\\anuncio_619\\2.jpeg', 'imagenes_tecnocasa\\anuncio_619\\3.jpeg', 'imagenes_tecnocasa\\anuncio_619\\4.jpeg', 'imagenes_tecnocasa\\anuncio_619\\5.jpeg', 'imagenes_tecnocasa\\anuncio_619\\6.jpeg', 'imagenes_tecnocasa\\anuncio_619\\7.jpeg', 'imagenes_tecnocasa\\anuncio_619\\8.jpeg', 'imagenes_tecnocasa\\anuncio_619\\9.jpeg', 'imagenes_tecnocasa\\anuncio_619\\10.jpeg', 'imagenes_tecnocasa\\anuncio_619\\11.jpeg', 'imagenes_tecnocasa\\anuncio_619\\12.jpeg', 'imagenes_tecnocasa\\anuncio_619\\13.jpeg', 'imagenes_tecnocasa\\anuncio_619\\14.jpeg', 'imagenes_tecnocasa\\anuncio_619\\15.jpeg', 'imagenes_tecnocasa\\anuncio_619\\16.jpeg', 'imagenes_tecnocasa\\anuncio_619\\17.jpeg', 'imagenes_tecnocasa\\anuncio_619\\18.jpeg', 'imagenes_tecnocasa\\anuncio_619\\19.jpeg']",1,Media,1965,1,0,1,piso,2,Madrid,"San Blas, Canillejas, Madrid",40.4167047,-3.7035825,619,4269.841269841269,213.0,161.0,0.1125,0.4,1.0,0.0,parquet,pintura,corredera,estándar (2.4-2.8m),nada,4.0,5.2,convencional,"['#F5F5DC', '#FFFFFF', '#D2B48C']",buena,False,convencional,limitado,ninguno,ninguno,estándar,básica,ninguno,6.6,6.8,ninguna,5
https://www.tecnocasa.es/venta/piso/madrid/alcorcon/620603.html,179000.0,2,55.0,1,"Agencia inmobiliaria de ALCORCÓN - zona ALCORCÓN CENTRO - AYUNTAMIENTO - Tecnocasa Estudio Ciudad De Alcorcon Sl,
Piso en venta - Calle Soria, Alcorcón
PISO PARA ACTUALIZAR
Amplio salón independiente con acceso a una terraza abierta, baño con plato de ducha, cocina totalmente equipada. Suelo de parquet, ventanas de alumino y puertas de madera. Calefacción electrica.
Este piso está rodeado de todos los servicios que necesitas para una vida cómoda y práctica: Transporte público a pocos minutos de las líneas de autobús urbanas e interurbanas, la estación de Metrosur y RENFE.
Servicios cercanos: colegios, centro de salud, hospital, y una gran variedad de comercios y supermercados.
No pierdas la oportunidad de vivir en una zona céntrica y bien conectada.",1,1,1,1,1,1,1,1,1,1,"['https://cdn-media.medialabtc.it/es/agencies/mdav9/estates/620603/images/8971924/gallery_media.jpeg', 'https://cdn-media.medialabtc.it/es/agencies/mdav9/estates/620603/images/8971928/gallery_media.jpeg', 'https://cdn-media.medialabtc.it/es/agencies/mdav9/estates/620603/images/8971916/gallery_media.jpeg', 'https://cdn-media.medialabtc.it/es/agencies/mdav9/estates/620603/images/8971907/gallery_media.jpeg', 'https://cdn-media.medialabtc.it/es/agencies/mdav9/estates/620603/images/8971917/gallery_media.jpeg', 'https://cdn-media.medialabtc.it/es/agencies/mdav9/estates/620603/images/8971912/gallery_media.jpeg', 'https://cdn-media.medialabtc.it/es/agencies/mdav9/estates/620603/images/8971910/gallery_media.jpeg', 'https://cdn-media.medialabtc.it/es/agencies/mdav9/estates/620603/images/8971922/gallery_media.jpeg', 'https://cdn-media.medialabtc.it/es/agencies/mdav9/estates/620603/images/8971926/gallery_media.jpeg', 'https://cdn-media.medialabtc.it/es/agencies/mdav9/estates/620603/images/8971920/gallery_media.jpeg', 'https://cdn-media.medialabtc.it/es/agencies/mdav9/estates/620603/images/8971909/gallery_media.jpeg', 'https://cdn-media.medialabtc.it/es/agencies/mdav9/estates/620603/images/8971925/gallery_media.jpeg', 'https://cdn-media.medialabtc.it/es/agencies/mdav9/estates/620603/images/8971913/gallery_media.jpeg', 'https://cdn-media.medialabtc.it/es/agencies/mdav9/estates/620603/images/8971918/gallery_media.jpeg', 'https://cdn-media.medialabtc.it/es/agencies/mdav9/estates/620603/images/8971921/gallery_media.jpeg', 'https://cdn-media.medialabtc.it/es/agencies/mdav9/estates/620603/images/8971911/gallery_media.jpeg', 'https://cdn-media.medialabtc.it/es/agencies/mdav9/estates/620603/images/8971927/gallery_media.jpeg', 'https://cdn-media.medialabtc.it/es/agencies/mdav9/estates/620603/images/8971914/gallery_media.jpeg', 'https://cdn-media.medialabtc.it/es/agencies/mdav9/estates/620603/images/8971919/gallery_media.jpeg', 'https://cdn-media.medialabtc.it/es/agencies/mdav9/estates/620603/images/8971915/gallery_media.jpeg', 'https://cdn-media.medialabtc.it/es/agencies/mdav9/estates/620603/images/8971908/gallery_media.jpeg', 'https://cdn-media.medialabtc.it/es/agencies/mdav9/estates/620603/images/8971923/gallery_media.jpeg']",0,Desconocido,0,0,0,1,0,Desconocida,0,0,"['imagenes_tecnocasa\\anuncio_620\\0.jpeg', 'imagenes_tecnocasa\\anuncio_620\\1.jpeg', 'imagenes_tecnocasa\\anuncio_620\\2.jpeg', 'imagenes_tecnocasa\\anuncio_620\\3.jpeg', 'imagenes_tecnocasa\\anuncio_620\\4.jpeg', 'imagenes_tecnocasa\\anuncio_620\\5.jpeg', 'imagenes_tecnocasa\\anuncio_620\\6.jpeg', 'imagenes_tecnocasa\\anuncio_620\\7.jpeg', 'imagenes_tecnocasa\\anuncio_620\\8.jpeg', 'imagenes_tecnocasa\\anuncio_620\\9.jpeg', 'imagenes_tecnocasa\\anuncio_620\\10.jpeg', 'imagenes_tecnocasa\\anuncio_620\\11.jpeg', 'imagenes_tecnocasa\\anuncio_620\\12.jpeg', 'imagenes_tecnocasa\\anuncio_620\\13.jpeg', 'imagenes_tecnocasa\\anuncio_620\\14.jpeg', 'imagenes_tecnocasa\\anuncio_620\\15.jpeg', 'imagenes_tecnocasa\\anuncio_620\\16.jpeg', 'imagenes_tecnocasa\\anuncio_620\\17.jpeg', 'imagenes_tecnocasa\\anuncio_620\\18.jpeg', 'imagenes_tecnocasa\\anuncio_620\\19.jpeg', 'imagenes_tecnocasa\\anuncio_620\\20.jpeg', 'imagenes_tecnocasa\\anuncio_620\\21.jpeg']",0,Media,1973,1,0,0,piso,2,Alcorcón,"Centro - Ondarreta - Torres Bellas, Centro, Alcorcón",40.3492998,-3.8284295,620,3254.5454545454545,119.0,91.0,0.0,0.0,1.0,0.0,otro,pintura,otro,estándar (2.4-2.8m),nada,3.0,2.4,convencional,"['#B0C4DE', '#D3D3D3', '#87CEEB']",regular,False,convencional,limitado,ninguno,ninguno,estándar,básica,ninguno,5.4,5.2,leve,5
https://www.tecnocasa.es/venta/piso/madrid/madrid/614456.html,150000.0,2,34.0,1,"Tecnocasa CONSULTING CUATRO CAMINOS - 2022 . Agencia inmobiliaria de Madrid zona Cuatro caminos-Bellas vistas ofrece EN VENTA PORTERIA EN DESAFECTACION, De 34,63 m2 construidos distribuidos en:
2 dormitorios.
Salon.
Cocina.
Baño.
Este piso actualmente esta en proceso de desafectacion por ser la porteria de la comunidad, cuenta con 30,12 m2 utiles, para reformar, bajo interior en corrala, tiene 3,38 metros de altura ideal para crear un altillo, la finca se encuentra en obras y en una excelente ubicación. Ideal tanto para uso personal como para inversión.
Ubicación inmejorable:
A solo 3 minutos andando del metro de Cuatro Caminos (Líneas 1, 2 y 6) y cerca de Guzmán el Bueno.
Zona rodeada de comercios, supermercados, farmacias, bares y todo tipo de servicios.
Con nuestro departamento financiero KIRON, conseguimos la mejor hipoteca adaptada a ti.
Contáctanos y agenda tu visita sin compromiso.",1,1,1,1,1,1,1,1,1,1,"['https://cdn-media.medialabtc.it/es/agencies/md075/estates/614456/images/8981605/gallery_media.jpeg', 'https://cdn-media.medialabtc.it/es/agencies/md075/estates/614456/images/8981559/gallery_media.jpeg', 'https://cdn-media.medialabtc.it/es/agencies/md075/estates/614456/images/8981560/gallery_media.jpeg', 'https://cdn-media.medialabtc.it/es/agencies/md075/estates/614456/images/8932377/gallery_media.jpeg', 'https://cdn-media.medialabtc.it/es/agencies/md075/estates/614456/images/8981604/gallery_media.jpeg', 'https://cdn-media.medialabtc.it/es/agencies/md075/estates/614456/images/8981561/gallery_media.jpeg', 'https://cdn-media.medialabtc.it/es/agencies/md075/estates/614456/images/8932373/gallery_media.jpeg', 'https://cdn-media.medialabtc.it/es/agencies/md075/estates/614456/images/8981585/gallery_media.jpeg', 'https://cdn-media.medialabtc.it/es/agencies/md075/estates/614456/images/8932380/gallery_media.jpeg', 'https://cdn-media.medialabtc.it/es/agencies/md075/estates/614456/images/8932369/gallery_media.jpeg', 'https://cdn-media.medialabtc.it/es/agencies/md075/estates/614456/images/8932385/gallery_media.jpeg', 'https://cdn-media.medialabtc.it/es/agencies/md075/estates/614456/images/8981602/gallery_media.jpeg', 'https://cdn-media.medialabtc.it/es/agencies/md075/estates/614456/images/8981558/gallery_media.jpeg', 'https://cdn-media.medialabtc.it/es/agencies/md075/estates/614456/images/8932375/gallery_media.jpeg', 'https://cdn-media.medialabtc.it/es/agencies/md075/estates/614456/images/8932371/gallery_media.jpeg', 'https://cdn-media.medialabtc.it/es/agencies/md075/estates/614456/images/8981603/gallery_media.jpeg', 'https://cdn-media.medialabtc.it/es/agencies/md075/estates/614456/images/8932372/gallery_media.jpeg', 'https://cdn-media.medialabtc.it/es/agencies/md075/estates/614456/images/8981557/gallery_media.jpeg', 'https://cdn-media.medialabtc.it/es/agencies/md075/estates/614456/images/8932386/gallery_media.jpeg']",1,Desconocido,0,0,0,0,0,E,0,0,"['imagenes_tecnocasa\\anuncio_622\\0.jpeg', 'imagenes_tecnocasa\\anuncio_622\\1.jpeg', 'imagenes_tecnocasa\\anuncio_622\\2.jpeg', 'imagenes_tecnocasa\\anuncio_622\\3.jpeg', 'imagenes_tecnocasa\\anuncio_622\\4.jpeg', 'imagenes_tecnocasa\\anuncio_622\\5.jpeg', 'imagenes_tecnocasa\\anuncio_622\\6.jpeg', 'imagenes_tecnocasa\\anuncio_622\\7.jpeg', 'imagenes_tecnocasa\\anuncio_622\\8.jpeg', 'imagenes_tecnocasa\\anuncio_622\\9.jpeg', 'imagenes_tecnocasa\\anuncio_622\\10.jpeg', 'imagenes_tecnocasa\\anuncio_622\\11.jpeg', 'imagenes_tecnocasa\\anuncio_622\\12.jpeg', 'imagenes_tecnocasa\\anuncio_622\\13.jpeg', 'imagenes_tecnocasa\\anuncio_622\\14.jpeg', 'imagenes_tecnocasa\\anuncio_622\\15.jpeg', 'imagenes_tecnocasa\\anuncio_622\\16.jpeg', 'imagenes_tecnocasa\\anuncio_622\\17.jpeg', 'imagenes_tecnocasa\\anuncio_622\\18.jpeg']",0,Popular,1920,0,0,0,piso,2,Bellas Vistas,"Bellas Vistas, Madrid",40.4526848,-3.7072396,622,4411.764705882353,141.0,117.0,0.6,0.7666666666666666,0.0,1.0,otro,pintura,abatible,estándar (2.4-2.8m),nada,2.6,1.8,clásico,"['#FFFFFF', '#A0522D', '#8B4513']",regular,False,convencional,limitado,ninguno,ninguno,básico,básica,ninguno,5.4,6.0,ninguna,5
https://www.tecnocasa.es/venta/piso/madrid/valdemoro/615540.html,239000.0,2,97.0,2,"Agencia inmobiliaria de VALDEMORO - zona HOSPITAL - BREZO - Oficina Tecnocasa VENDE espectacular piso en zona Brezo.
¡No pierdas esta oportunidad en Valdemoro!
Te presentamos un piso de 2 dormitorios y 2 cuartos de baño.
La vivienda está distribuida de la siguiente manera: entrada, cocina amplia y amueblada con acceso a tendedero, salón independiente amplio y luminoso con acceso a terraza cerrada, pasillo distribuidor, 2 dormitorios con armarios empotrados y 2 baños completos (uno de ellos en suite).
Este piso está ubicado en la zona del Brezo de Valdemoro, una zona tranquila y con acceso a todos los servicios: hospitales, colegios, supermercados y transporte público.
¡Haz de este piso tu nuevo hogar!
¡VEN A VER LA CASA DE TUS SUEÑOS!
Vivienda amplia y luminosa, orientación suroeste por lo tanto tenemos luz de mañana como de tarde, y todos los armarios están forrados y vestidos.
No dude en llamarnos para concertar su cita para visitar el inmueble en la que además recibirá el asesoramiento gratuito de nuestro departamento financiero KÌRON.",0,1,1,1,0,1,0,1,0,1,"['https://cdn-media.medialabtc.it/es/agencies/mdbe4/estates/615540/images/8912185/gallery_media.jpeg', 'https://cdn-media.medialabtc.it/es/agencies/mdbe4/estates/615540/images/8912191/gallery_media.jpeg', 'https://cdn-media.medialabtc.it/es/agencies/mdbe4/estates/615540/images/8912197/gallery_media.jpeg', 'https://cdn-media.medialabtc.it/es/agencies/mdbe4/estates/615540/images/8912159/gallery_media.jpeg', 'https://cdn-media.medialabtc.it/es/agencies/mdbe4/estates/615540/images/8912139/gallery_media.jpeg', 'https://cdn-media.medialabtc.it/es/agencies/mdbe4/estates/615540/images/8912162/gallery_media.jpeg', 'https://cdn-media.medialabtc.it/es/agencies/mdbe4/estates/615540/images/8912187/gallery_media.jpeg', 'https://cdn-media.medialabtc.it/es/agencies/mdbe4/estates/615540/images/8912161/gallery_media.jpeg', 'https://cdn-media.medialabtc.it/es/agencies/mdbe4/estates/615540/images/8912164/gallery_media.jpeg', 'https://cdn-media.medialabtc.it/es/agencies/mdbe4/estates/615540/images/8912196/gallery_media.jpeg', 'https://cdn-media.medialabtc.it/es/agencies/mdbe4/estates/615540/images/8912160/gallery_media.jpeg', 'https://cdn-media.medialabtc.it/es/agencies/mdbe4/estates/615540/images/8912193/gallery_media.jpeg', 'https://cdn-media.medialabtc.it/es/agencies/mdbe4/estates/615540/images/8912183/gallery_media.jpeg', 'https://cdn-media.medialabtc.it/es/agencies/mdbe4/estates/615540/images/8912157/gallery_media.jpeg', 'https://cdn-media.medialabtc.it/es/agencies/mdbe4/estates/615540/images/8912188/gallery_media.jpeg', 'https://cdn-media.medialabtc.it/es/agencies/mdbe4/estates/615540/images/8912192/gallery_media.jpeg', 'https://cdn-media.medialabtc.it/es/agencies/mdbe4/estates/615540/images/8912140/gallery_media.jpeg', 'https://cdn-media.medialabtc.it/es/agencies/mdbe4/estates/615540/images/8912163/gallery_media.jpeg', 'https://cdn-media.medialabtc.it/es/agencies/mdbe4/estates/615540/images/8912190/gallery_media.jpeg', 'https://cdn-media.medialabtc.it/es/agencies/mdbe4/estates/615540/images/8912186/gallery_media.jpeg', 'https://cdn-media.medialabtc.it/es/agencies/mdbe4/estates/615540/images/8912182/gallery_media.jpeg', 'https://cdn-media.medialabtc.it/es/agencies/mdbe4/estates/615540/images/8912158/gallery_media.jpeg', 'https://cdn-media.medialabtc.it/es/agencies/mdbe4/estates/615540/images/8912189/gallery_media.jpeg', 'https://cdn-media.medialabtc.it/es/agencies/mdbe4/estates/615540/images/8912194/gallery_media.jpeg', 'https://cdn-media.medialabtc.it/es/agencies/mdbe4/estates/615540/images/8912184/gallery_media.jpeg', 'https://cdn-media.medialabtc.it/es/agencies/mdbe4/estates/615540/images/8912195/gallery_media.jpeg']",0,Desconocido,0,0,0,1,0,E,0,1,"['imagenes_tecnocasa\\anuncio_623\\0.jpeg', 'imagenes_tecnocasa\\anuncio_623\\1.jpeg', 'imagenes_tecnocasa\\anuncio_623\\2.jpeg', 'imagenes_tecnocasa\\anuncio_623\\3.jpeg', 'imagenes_tecnocasa\\anuncio_623\\4.jpeg', 'imagenes_tecnocasa\\anuncio_623\\5.jpeg', 'imagenes_tecnocasa\\anuncio_623\\6.jpeg', 'imagenes_tecnocasa\\anuncio_623\\7.jpeg', 'imagenes_tecnocasa\\anuncio_623\\8.jpeg', 'imagenes_tecnocasa\\anuncio_623\\9.jpeg', 'imagenes_tecnocasa\\anuncio_623\\10.jpeg', 'imagenes_tecnocasa\\anuncio_623\\11.jpeg', 'imagenes_tecnocasa\\anuncio_623\\12.jpeg', 'imagenes_tecnocasa\\anuncio_623\\13.jpeg', 'imagenes_tecnocasa\\anuncio_623\\14.jpeg', 'imagenes_tecnocasa\\anuncio_623\\15.jpeg', 'imagenes_tecnocasa\\anuncio_623\\16.jpeg', 'imagenes_tecnocasa\\anuncio_623\\17.jpeg', 'imagenes_tecnocasa\\anuncio_623\\18.jpeg', 'imagenes_tecnocasa\\anuncio_623\\19.jpeg', 'imagenes_tecnocasa\\anuncio_623\\20.jpeg', 'imagenes_tecnocasa\\anuncio_623\\21.jpeg', 'imagenes_tecnocasa\\anuncio_623\\22.jpeg', 'imagenes_tecnocasa\\anuncio_623\\23.jpeg', 'imagenes_tecnocasa\\anuncio_623\\24.jpeg', 'imagenes_tecnocasa\\anuncio_623\\25.jpeg']",0,Media,1997,0,0,1,piso,2,Valdemoro,Valdemoro,40.1888604,-3.67143,623,2463.917525773196,170.0,120.0,0.0,0.0,2.0,0.0,cerámica,pintura,corredera,estándar (2.4-2.8m),nada,4.8,4.8,clásico,"['#FFFFFF', '#E0E0E0', '#D3D3D3']",regular,True,convencional,normal,ninguno,ninguno,estándar,básica,ninguno,7.0,7.2,ninguna,5
https://www.tecnocasa.es/venta/piso/madrid/valdemoro/616770.html,330000.0,3,94.0,2,"Agencia inmobiliaria de VALDEMORO - zona HOSPITAL - BREZO - Oficina Tecnocasa VENDE espectacular piso en zona HOSPITAL.
¡No pierdas esta oportunidad en Valdemoro!
Te presentamos un piso de 3 dormitorios y 2 cuartos de baño.
La vivienda está distribuida de la siguiente manera: entrada, cocina amplia y amueblada con acceso a tendedero, salón independiente amplio y luminoso, pasillo distribuidor, 3 dormitorios con armarios empotrados y 2 baños completos.
La vivienda también tiene plaza de garaje y trastero.
La vivienda está ubicada en una fantástica urbanización, la cual incluye piscina y pista de futbol.
Este piso está ubicado en la zona del Hospital de Valdemoro, una zona tranquila y con acceso a todos los servicios: hospitales, colegios, supermercados y transporte público.
¡Haz de este piso tu nuevo hogar!
¡VEN A VER LA CASA DE TUS SUEÑOS!
Vivienda amplia y luminosa, orientación suroeste por lo tanto tenemos luz de mañana como de tarde, y todos los armarios están forrados y vestidos.
No dude en llamarnos para concertar su cita para visitar el inmueble en la que además recibirá el asesoramiento gratuito de nuestro departamento financiero KÌRON.",0,1,1,1,0,1,0,1,0,1,"['https://cdn-media.medialabtc.it/es/agencies/mdbe4/estates/616770/images/8886433/gallery_media.jpeg', 'https://cdn-media.medialabtc.it/es/agencies/mdbe4/estates/616770/images/8886426/gallery_media.jpeg', 'https://cdn-media.medialabtc.it/es/agencies/mdbe4/estates/616770/images/8886440/gallery_media.jpeg', 'https://cdn-media.medialabtc.it/es/agencies/mdbe4/estates/616770/images/8886443/gallery_media.jpeg', 'https://cdn-media.medialabtc.it/es/agencies/mdbe4/estates/616770/images/8886437/gallery_media.jpeg', 'https://cdn-media.medialabtc.it/es/agencies/mdbe4/estates/616770/images/8886428/gallery_media.jpeg', 'https://cdn-media.medialabtc.it/es/agencies/mdbe4/estates/616770/images/8886439/gallery_media.jpeg', 'https://cdn-media.medialabtc.it/es/agencies/mdbe4/estates/616770/images/8886434/gallery_media.jpeg', 'https://cdn-media.medialabtc.it/es/agencies/mdbe4/estates/616770/images/8886431/gallery_media.jpeg', 'https://cdn-media.medialabtc.it/es/agencies/mdbe4/estates/616770/images/8886435/gallery_media.jpeg', 'https://cdn-media.medialabtc.it/es/agencies/mdbe4/estates/616770/images/8886429/gallery_media.jpeg', 'https://cdn-media.medialabtc.it/es/agencies/mdbe4/estates/616770/images/8886425/gallery_media.jpeg', 'https://cdn-media.medialabtc.it/es/agencies/mdbe4/estates/616770/images/8886430/gallery_media.jpeg', 'https://cdn-media.medialabtc.it/es/agencies/mdbe4/estates/616770/images/8886432/gallery_media.jpeg', 'https://cdn-media.medialabtc.it/es/agencies/mdbe4/estates/616770/images/8886444/gallery_media.jpeg']",0,Desconocido,1,1,1,0,0,Desconocida,0,1,"['imagenes_tecnocasa\\anuncio_624\\0.jpeg', 'imagenes_tecnocasa\\anuncio_624\\1.jpeg', 'imagenes_tecnocasa\\anuncio_624\\2.jpeg', 'imagenes_tecnocasa\\anuncio_624\\3.jpeg', 'imagenes_tecnocasa\\anuncio_624\\4.jpeg', 'imagenes_tecnocasa\\anuncio_624\\5.jpeg', 'imagenes_tecnocasa\\anuncio_624\\6.jpeg', 'imagenes_tecnocasa\\anuncio_624\\7.jpeg', 'imagenes_tecnocasa\\anuncio_624\\8.jpeg', 'imagenes_tecnocasa\\anuncio_624\\9.jpeg', 'imagenes_tecnocasa\\anuncio_624\\10.jpeg', 'imagenes_tecnocasa\\anuncio_624\\11.jpeg', 'imagenes_tecnocasa\\anuncio_624\\12.jpeg', 'imagenes_tecnocasa\\anuncio_624\\13.jpeg', 'imagenes_tecnocasa\\anuncio_624\\14.jpeg']",0,Popular,2006,0,0,0,piso,2,Valdemoro,Valdemoro,40.1888604,-3.67143,624,3510.6382978723404,185.0,129.0,0.0,0.0,2.0,0.0,cerámica,pintura,corredera,estándar (2.4-2.8m),nada,3.2,3.8,convencional,"['#D2691E', '#FFF8DC', '#A0522D']",regular,False,convencional,limitado,ninguno,ninguno,estándar,básica,ninguno,6.0,6.6,ninguna,5
https://www.tecnocasa.es/venta/piso/madrid/arganda-del-rey/620494.html,320000.0,3,151.0,3,"Agencia Inmobiliaria de ARGANDA DEL REY - Oficina TECNOCASA, VENDE este espectacular piso en venta, situado en una zona tranquila y bien comunicada, ofrece todo lo que necesitas para disfrutar de la vida en familia. Con 116 m² construidos, cuenta con 3 amplias habitaciones y 2 baños completos, ideales para el confort diario. La joya de este inmueble son sus dos patios, uno que se accede desde la cocina que tiene 20 metros cuadrados y otro que se accede desde el salón que tiene 40 metros cuadrados, perfectos para disfrutar del buen tiempo con amigos y familiares.

El piso, en buen estado, incluye armarios empotrados que maximizan el espacio de almacenamiento. Además, cuenta con un trastero y una plaza de garaje, todo incluido en el precio.

Ubicado en la planta baja, este hogar exterior está orientado al este, lo que permite disfrutar de la luz natural desde primera hora de la mañana. El edificio cuenta con ascensor y acceso a una hermosa piscina y jardín comunitario, ideales para relajarse y disfrutar de los días soleados. No dejes pasar la oportunidad de vivir en un lugar que combina comodidad, estilo y funcionalidad. ¡Ven a visitarlo y enamórate!

Además te recordamos que te ayudamos con la financiación de la vivienda gracias a nuestro departamento financiero KIRON. Hasta el 100% de la hipoteca.

INFÓRMESE SIN NINGÚN TIPO DE COMPROMISO.",1,0,1,0,0,0,0,0,0,1,"['https://cdn-media.medialabtc.it/es/agencies/md625/estates/620494/images/8980515/gallery_media.jpeg', 'https://cdn-media.medialabtc.it/es/agencies/md625/estates/620494/images/8980501/gallery_media.jpeg', 'https://cdn-media.medialabtc.it/es/agencies/md625/estates/620494/images/8980507/gallery_media.jpeg', 'https://cdn-media.medialabtc.it/es/agencies/md625/estates/620494/images/8980522/gallery_media.jpeg', 'https://cdn-media.medialabtc.it/es/agencies/md625/estates/620494/images/8980505/gallery_media.jpeg', 'https://cdn-media.medialabtc.it/es/agencies/md625/estates/620494/images/8980498/gallery_media.jpeg', 'https://cdn-media.medialabtc.it/es/agencies/md625/estates/620494/images/8980516/gallery_media.jpeg', 'https://cdn-media.medialabtc.it/es/agencies/md625/estates/620494/images/8980503/gallery_media.jpeg', 'https://cdn-media.medialabtc.it/es/agencies/md625/estates/620494/images/8980500/gallery_media.jpeg', 'https://cdn-media.medialabtc.it/es/agencies/md625/estates/620494/images/8980517/gallery_media.jpeg', 'https://cdn-media.medialabtc.it/es/agencies/md625/estates/620494/images/8980509/gallery_media.jpeg', 'https://cdn-media.medialabtc.it/es/agencies/md625/estates/620494/images/8980513/gallery_media.jpeg', 'https://cdn-media.medialabtc.it/es/agencies/md625/estates/620494/images/8980523/gallery_media.jpeg', 'https://cdn-media.medialabtc.it/es/agencies/md625/estates/620494/images/8980510/gallery_media.jpeg', 'https://cdn-media.medialabtc.it/es/agencies/md625/estates/620494/images/8980497/gallery_media.jpeg', 'https://cdn-media.medialabtc.it/es/agencies/md625/estates/620494/images/8980512/gallery_media.jpeg', 'https://cdn-media.medialabtc.it/es/agencies/md625/estates/620494/images/8980499/gallery_media.jpeg', 'https://cdn-media.medialabtc.it/es/agencies/md625/estates/620494/images/8980518/gallery_media.jpeg', 'https://cdn-media.medialabtc.it/es/agencies/md625/estates/620494/images/8980614/gallery_media.jpeg', 'https://cdn-media.medialabtc.it/es/agencies/md625/estates/620494/images/8980473/gallery_media.jpeg', 'https://cdn-media.medialabtc.it/es/agencies/md625/estates/620494/images/8980525/gallery_media.jpeg', 'https://cdn-media.medialabtc.it/es/agencies/md625/estates/620494/images/8980506/gallery_media.jpeg', 'https://cdn-media.medialabtc.it/es/agencies/md625/estates/620494/images/8980857/gallery_media.jpeg', 'https://cdn-media.medialabtc.it/es/agencies/md625/estates/620494/images/8980502/gallery_media.jpeg', 'https://cdn-media.medialabtc.it/es/agencies/md625/estates/620494/images/8980504/gallery_media.jpeg', 'https://cdn-media.medialabtc.it/es/agencies/md625/estates/620494/images/8980521/gallery_media.jpeg', 'https://cdn-media.medialabtc.it/es/agencies/md625/estates/620494/images/8980514/gallery_media.jpeg', 'https://cdn-media.medialabtc.it/es/agencies/md625/estates/620494/images/8980856/gallery_media.jpeg', 'https://cdn-media.medialabtc.it/es/agencies/md625/estates/620494/images/8980524/gallery_media.jpeg']",0,Buen estado,1,1,1,0,0,D,0,1,"['imagenes_tecnocasa\\anuncio_625\\0.jpeg', 'imagenes_tecnocasa\\anuncio_625\\1.jpeg', 'imagenes_tecnocasa\\anuncio_625\\2.jpeg', 'imagenes_tecnocasa\\anuncio_625\\3.jpeg', 'imagenes_tecnocasa\\anuncio_625\\4.jpeg', 'imagenes_tecnocasa\\anuncio_625\\5.jpeg', 'imagenes_tecnocasa\\anuncio_625\\6.jpeg', 'imagenes_tecnocasa\\anuncio_625\\7.jpeg', 'imagenes_tecnocasa\\anuncio_625\\8.jpeg', 'imagenes_tecnocasa\\anuncio_625\\9.jpeg', 'imagenes_tecnocasa\\anuncio_625\\10.jpeg', 'imagenes_tecnocasa\\anuncio_625\\11.jpeg', 'imagenes_tecnocasa\\anuncio_625\\12.jpeg', 'imagenes_tecnocasa\\anuncio_625\\13.jpeg', 'imagenes_tecnocasa\\anuncio_625\\14.jpeg', 'imagenes_tecnocasa\\anuncio_625\\15.jpeg', 'imagenes_tecnocasa\\anuncio_625\\16.jpeg', 'imagenes_tecnocasa\\anuncio_625\\17.jpeg', 'imagenes_tecnocasa\\anuncio_625\\18.jpeg', 'imagenes_tecnocasa\\anuncio_625\\19.jpeg', 'imagenes_tecnocasa\\anuncio_625\\20.jpeg', 'imagenes_tecnocasa\\anuncio_625\\21.jpeg', 'imagenes_tecnocasa\\anuncio_625\\22.jpeg', 'imagenes_tecnocasa\\anuncio_625\\23.jpeg', 'imagenes_tecnocasa\\anuncio_625\\24.jpeg', 'imagenes_tecnocasa\\anuncio_625\\25.jpeg', 'imagenes_tecnocasa\\anuncio_625\\26.jpeg', 'imagenes_tecnocasa\\anuncio_625\\27.jpeg', 'imagenes_tecnocasa\\anuncio_625\\28.jpeg']",1,Media,2004,1,0,0,piso,1,Arganda del Rey,Arganda Del Rey,40.3007708,-3.4380688,625,2119.205298013245,226.0,150.0,0.125,0.4,0.0,0.0,cerámica,pintura,corredera,estándar (2.4-2.8m),nada,3.8,4.4,convencional,"['#D2B48C', '#FFF8DC', '#808080']",buena,False,convencional,limitado,ninguno,ninguno,estándar,básica,ninguno,6.6,6.0,ninguna,5
https://www.tecnocasa.es/venta/piso/madrid/madrid/619735.html,339000.0,3,80.0,1,"TECNOCASA calle SESEÑA
Agencia inmobiliaria de MADRID zona ALUCHE - ILLESCAS vende piso en calle ESCALONA.

¡Descubre tu nuevo hogar en este espectacular piso reformado en la planta 11! Con una superficie de 80 m², esta vivienda ha sido transformada de 3 dormitorios a 2 amplios dormitorios dobles, ofreciendo un espacio ideal para disfrutar de la comodidad y el diseño moderno. Si prefieres recuperar la distribución original, solo necesitarás una mínima reforma para convertirlo nuevamente en 3 dormitorios.

El amplio salón se conecta con una terraza abierta que ofrece vistas despejadas, perfecta para relajarte o disfrutar de una comida al aire libre. La cocina, completamente reformada y ampliada, cuenta con una zona de tendedero, ideal para mantener todo en orden. El baño también ha sido renovado y dispone de un práctico plato de ducha.

Los acabados son de alta calidad, con suelo de tarima y paredes en liso que aportan luminosidad y elegancia. Las ventanas climalit imitación madera garantizan un aislamiento óptimo. Además, el aire acondicionado con bomba de calor en todas las estancias asegura un ambiente confortable durante todo el año.

La vivienda está equipada con calefacción central que se puede regular y programar desde tu dispositivo móvil, junto con tuberías y electricidad completamente cambiadas.

La finca cuenta con dos ascensores y video portero para mayor seguridad. También incluye una PLAZA de PARKING en superficie privada, no numerada.

Este piso es apto para personas con movilidad reducida, lo que lo convierte en una opción perfecta para todos.

Está ubicado muy próximo al nuevo PASEO VERDE DEL SUROESTE, donde estarás rodeado de zonas verdes, parques infantiles y un carril bici que te conectara con la casa de Campo, ideal para amantes de la naturaleza.

Este piso te ofrece un entorno verde y tranquilo, sin renunciar a la comodidad de estar bien comunicado. Con fácil acceso a líneas de autobús, metro (Campamento) y las principales vías como la A5, M30 y M40, tendrás todo al alcance de la mano. Además, estarás cerca de centros de salud, colegios, centros comerciales y una variada oferta de ocio y restauración. No dejes pasar esta oportunidad y llama al Tlf para visitarlo. ¡Tu nuevo hogar te espera!
No dejes pasar la oportunidad de vivir en un espacio que combina confort, modernidad y funcionalidad. ¡Ven a visitarlo y enamórate de tu nuevo hogar!",1,1,0,1,1,1,0,1,1,1,"['https://cdn-media.medialabtc.it/es/agencies/mdawc/estates/619735/images/8981312/gallery_media.jpeg', 'https://cdn-media.medialabtc.it/es/agencies/mdawc/estates/619735/images/8981097/gallery_media.jpeg', 'https://cdn-media.medialabtc.it/es/agencies/mdawc/estates/619735/images/8981123/gallery_media.jpeg', 'https://cdn-media.medialabtc.it/es/agencies/mdawc/estates/619735/images/8981122/gallery_media.jpeg', 'https://cdn-media.medialabtc.it/es/agencies/mdawc/estates/619735/images/8981096/gallery_media.jpeg', 'https://cdn-media.medialabtc.it/es/agencies/mdawc/estates/619735/images/8981099/gallery_media.jpeg', 'https://cdn-media.medialabtc.it/es/agencies/mdawc/estates/619735/images/8946915/gallery_media.jpeg', 'https://cdn-media.medialabtc.it/es/agencies/mdawc/estates/619735/images/8981101/gallery_media.jpeg', 'https://cdn-media.medialabtc.it/es/agencies/mdawc/estates/619735/images/8981098/gallery_media.jpeg', 'https://cdn-media.medialabtc.it/es/agencies/mdawc/estates/619735/images/8981095/gallery_media.jpeg', 'https://cdn-media.medialabtc.it/es/agencies/mdawc/estates/619735/images/8981124/gallery_media.jpeg', 'https://cdn-media.medialabtc.it/es/agencies/mdawc/estates/619735/images/8946912/gallery_media.jpeg', 'https://cdn-media.medialabtc.it/es/agencies/mdawc/estates/619735/images/8981100/gallery_media.jpeg']",1,Reformado,1,0,0,1,1,D,0,0,"['imagenes_tecnocasa\\anuncio_627\\0.jpeg', 'imagenes_tecnocasa\\anuncio_627\\1.jpeg', 'imagenes_tecnocasa\\anuncio_627\\2.jpeg', 'imagenes_tecnocasa\\anuncio_627\\3.jpeg', 'imagenes_tecnocasa\\anuncio_627\\4.jpeg', 'imagenes_tecnocasa\\anuncio_627\\5.jpeg', 'imagenes_tecnocasa\\anuncio_627\\6.jpeg', 'imagenes_tecnocasa\\anuncio_627\\7.jpeg', 'imagenes_tecnocasa\\anuncio_627\\8.jpeg', 'imagenes_tecnocasa\\anuncio_627\\9.jpeg', 'imagenes_tecnocasa\\anuncio_627\\10.jpeg', 'imagenes_tecnocasa\\anuncio_627\\11.jpeg', 'imagenes_tecnocasa\\anuncio_627\\12.jpeg']",1,Media,1969,1,0,1,piso,2,Aluche,"Aluche, Madrid",40.392356,-3.7571096,627,4237.5,387.0,243.0,0.5291666666666667,0.6794871794871794,4.0,1.0,parquet,pintura,corredera,estándar (2.4-2.8m),nada,4.0,5.2,moderno,"['#0077cc', '#f2f2f2', '#a0a0a0']",buena,False,convencional,normal,ninguno,ninguno,estándar,parcialmente equipada,ninguno,7.2,6.2,ninguna,5
https://www.tecnocasa.es/venta/piso/madrid/majadahonda/620106.html,270000.0,3,85.0,1,"Agencia inmobiliaria de Majadahonda zona Centro, Parque Colón Tecnocasa Estudio Majadahonda Centro 2014:
VENDIDO

Estupendo piso en el corazón de Majadahonda, segundo sin ascensor de 86 m2.

Cuenta con amplio salón, cocina con zona tendedero-lavadero o despensa.

La vivienda cuenta con 3 dormitorios, uno de ellos matrimonial y cuarto de baño con plato de ducha. Con posibilidad de hacer un segundo baño.

Un gran y luminoso salón con terraza acristalada y orientación norte.

Ventanas dobles y calefacción de gas natural. Ideal para entrar a vivir o para invertir dado que tiene gastos muy económicos.

Se encuentra en una céntrica calle, a menos de 30 metros de la Gran Vía y de su amplia variedad en ofertas de ocio, restauración y comercios.
El inmueble cuenta con plaza de garaje incluido en el precio.

Además la casa está muy bien ubicada de paradas de transporte público, con rápida conexión con la estación de RENFE de Majadahonda, y bien comunicada con las principales carreteras y autopistas (como la A-6 o la M-40).

POSIBILIDAD DE FINANCIACION HASTA EL 100% CON NUESTRO DEPARTAMENTO FINANCIERO KIRON!",0,1,1,1,1,1,0,1,1,1,"['https://cdn-media.medialabtc.it/es/agencies/mdba5/estates/620106/images/8953781/gallery_media.jpeg', 'https://cdn-media.medialabtc.it/es/agencies/mdba5/estates/620106/images/8953792/gallery_media.jpeg', 'https://cdn-media.medialabtc.it/es/agencies/mdba5/estates/620106/images/8953922/gallery_media.jpeg', 'https://cdn-media.medialabtc.it/es/agencies/mdba5/estates/620106/images/8953793/gallery_media.jpeg', 'https://cdn-media.medialabtc.it/es/agencies/mdba5/estates/620106/images/8953790/gallery_media.jpeg', 'https://cdn-media.medialabtc.it/es/agencies/mdba5/estates/620106/images/8953779/gallery_media.jpeg', 'https://cdn-media.medialabtc.it/es/agencies/mdba5/estates/620106/images/8953778/gallery_media.jpeg', 'https://cdn-media.medialabtc.it/es/agencies/mdba5/estates/620106/images/8953787/gallery_media.jpeg', 'https://cdn-media.medialabtc.it/es/agencies/mdba5/estates/620106/images/8953786/gallery_media.jpeg', 'https://cdn-media.medialabtc.it/es/agencies/mdba5/estates/620106/images/8953783/gallery_media.jpeg', 'https://cdn-media.medialabtc.it/es/agencies/mdba5/estates/620106/images/8953773/gallery_media.jpeg', 'https://cdn-media.medialabtc.it/es/agencies/mdba5/estates/620106/images/8953774/gallery_media.jpeg', 'https://cdn-media.medialabtc.it/es/agencies/mdba5/estates/620106/images/8953791/gallery_media.jpeg', 'https://cdn-media.medialabtc.it/es/agencies/mdba5/estates/620106/images/8953777/gallery_media.jpeg', 'https://cdn-media.medialabtc.it/es/agencies/mdba5/estates/620106/images/8953785/gallery_media.jpeg', 'https://cdn-media.medialabtc.it/es/agencies/mdba5/estates/620106/images/8953788/gallery_media.jpeg', 'https://cdn-media.medialabtc.it/es/agencies/mdba5/estates/620106/images/8953789/gallery_media.jpeg', 'https://cdn-media.medialabtc.it/es/agencies/mdba5/estates/620106/images/8953776/gallery_media.jpeg', 'https://cdn-media.medialabtc.it/es/agencies/mdba5/estates/620106/images/8953784/gallery_media.jpeg']",0,Desconocido,1,0,0,1,0,E,0,0,"['imagenes_tecnocasa\\anuncio_629\\0.jpeg', 'imagenes_tecnocasa\\anuncio_629\\1.jpeg', 'imagenes_tecnocasa\\anuncio_629\\2.jpeg', 'imagenes_tecnocasa\\anuncio_629\\3.jpeg', 'imagenes_tecnocasa\\anuncio_629\\4.jpeg', 'imagenes_tecnocasa\\anuncio_629\\5.jpeg', 'imagenes_tecnocasa\\anuncio_629\\6.jpeg', 'imagenes_tecnocasa\\anuncio_629\\7.jpeg', 'imagenes_tecnocasa\\anuncio_629\\8.jpeg', 'imagenes_tecnocasa\\anuncio_629\\9.jpeg', 'imagenes_tecnocasa\\anuncio_629\\10.jpeg', 'imagenes_tecnocasa\\anuncio_629\\11.jpeg', 'imagenes_tecnocasa\\anuncio_629\\12.jpeg', 'imagenes_tecnocasa\\anuncio_629\\13.jpeg', 'imagenes_tecnocasa\\anuncio_629\\14.jpeg', 'imagenes_tecnocasa\\anuncio_629\\15.jpeg', 'imagenes_tecnocasa\\anuncio_629\\16.jpeg', 'imagenes_tecnocasa\\anuncio_629\\17.jpeg', 'imagenes_tecnocasa\\anuncio_629\\18.jpeg']",0,Popular,1971,1,0,0,piso,2,Majadahonda,Majadahonda,40.4728425,-3.8723542,629,3176.470588235294,180.0,130.0,0.55,0.7,2.0,1.0,cerámica,pintura,ninguna,estándar (2.4-2.8m),nada,3.2,3.4,convencional,"['#FFFFFF', '#EEEEEE', '#D3D3D3']",regular,False,convencional,limitado,ninguno,ninguno,básico,básica,ninguno,7.4,6.4,ninguna,5
https://www.tecnocasa.es/venta/piso/madrid/fuenlabrada/618100.html,230000.0,3,75.0,1,"Agencia inmobiliaria de Fuenlabrada zona Barrio Belén - Fuenlabrada Centro Tecnocasa ESTUDIO NUEVO FUENLABRADA SL Vende vivienda reformada con Doble Ascensor en inmejorable situación, paredes en liso, bajo exterior con mucha luz. Consta de 3 Dormitorios, Salón-Comedor amplio con Aire Acondicionado y con Terraza de 5m acristalada, Cocina, baño con plato de ducha, mampara y dos lavabos... Dispone de suelos de plaqueta de Gress, puertas de madera maciza en color blanco, Calefacción central... No dude en venir a visitarla sin compromiso... Preguntar por David para visitar el inmueble...
Fuenlabrada es una ciudad consolidada que ubicándose tan solo a 17 km de Madrid Centro comunicada por las carreteras M506, M407, M50, A42 Y R5, se convierte en una de las más pobladas de la comunidad de Madrid convirtiéndose en un municipio atractivo para vivir llegando a ser la 4ª localidad más poblada de la Comunidad de Madrid. Actualmente se sitúan en la misma población el Hospital Universitario de Fuenlabrada y el Campus Universitario Rey Juan Carlos. En toda la localidad se encuentran múltiples centros comerciales así como el Centro Comercial Plaza de la Estación, Plaza Loranca 2, Fuenlabrada 2 y El Naranjo.
Con más de 20 años estando Tecnocasa en el Barrio, ofreciendo el mejor servicio y profesionalidad siendo especialistas en:
- COMPRAVENTA Y ALQUILERES
- VALORACION GRATUITA DE SU INMUEBLE
- HERENCIAS
- ASESORAMIENTO PERSONALIZADO PARA VENDEDORES Y COMPRADORES
- VIVIENDA DE PROTECCIÓN OFICIAL (VPO)
Si quieres vender, comprar o alquilar en el barrio confié en Tecnocasa Calle Móstoles 34, Local.
Este anuncio publicitario es provisional, y las fotografías y datos en él incluidos están sujetos a posibles modificaciones, consecuencia de exigencias comerciales, jurídicas, técnicas o por mandato expreso de la propiedad. La información aquí contenida procura reflejar una orientación sobre los inmuebles a la fecha de su publicación. Tanto los datos, como las imágenes y planos pueden estar sujetos a cambios, por lo que le invitamos a que, si precisa una información más exacta y detallada, contacte con nosotros y le atenderemos a la mayor brevedad posible. Los contenidos tienen únicamente finalidad informativa y bajo ninguna circunstancia deben usarse ni considerarse como oferta de venta o financiación, solicitud de una oferta de compra o financiación, ni recomendación para realizar cualquier otra transacción, salvo que así se indique expresamente. La información y documentación a ofrecer de acuerdo con lo dispuesto en el Real Decreto 515/1989 (de 21 de abril, relativa a la protección de los consumidores en cuanto a la información a suministrar en la compraventa y arrendamiento de viviendas), será puesta a disposición de los potenciales compradores en las respectivas delegaciones territoriales gestoras del inmueble.",1,1,1,1,1,1,0,1,1,1,"['https://cdn-media.medialabtc.it/es/agencies/md572/estates/618100/images/8911223/gallery_media.jpeg', 'https://cdn-media.medialabtc.it/es/agencies/md572/estates/618100/images/8911204/gallery_media.jpeg', 'https://cdn-media.medialabtc.it/es/agencies/md572/estates/618100/images/8911240/gallery_media.jpeg', 'https://cdn-media.medialabtc.it/es/agencies/md572/estates/618100/images/8911232/gallery_media.jpeg', 'https://cdn-media.medialabtc.it/es/agencies/md572/estates/618100/images/8911231/gallery_media.jpeg', 'https://cdn-media.medialabtc.it/es/agencies/md572/estates/618100/images/8911161/gallery_media.jpeg', 'https://cdn-media.medialabtc.it/es/agencies/md572/estates/618100/images/8911227/gallery_media.jpeg', 'https://cdn-media.medialabtc.it/es/agencies/md572/estates/618100/images/8911239/gallery_media.jpeg', 'https://cdn-media.medialabtc.it/es/agencies/md572/estates/618100/images/8911230/gallery_media.jpeg', 'https://cdn-media.medialabtc.it/es/agencies/md572/estates/618100/images/8911242/gallery_media.jpeg', 'https://cdn-media.medialabtc.it/es/agencies/md572/estates/618100/images/8911222/gallery_media.jpeg', 'https://cdn-media.medialabtc.it/es/agencies/md572/estates/618100/images/8911226/gallery_media.jpeg', 'https://cdn-media.medialabtc.it/es/agencies/md572/estates/618100/images/8911237/gallery_media.jpeg', 'https://cdn-media.medialabtc.it/es/agencies/md572/estates/618100/images/8911224/gallery_media.jpeg', 'https://cdn-media.medialabtc.it/es/agencies/md572/estates/618100/images/8911243/gallery_media.jpeg', 'https://cdn-media.medialabtc.it/es/agencies/md572/estates/618100/images/8911225/gallery_media.jpeg', 'https://cdn-media.medialabtc.it/es/agencies/md572/estates/618100/images/8911244/gallery_media.jpeg', 'https://cdn-media.medialabtc.it/es/agencies/md572/estates/618100/images/8981093/gallery_media.jpeg', 'https://cdn-media.medialabtc.it/es/agencies/md572/estates/618100/images/8911233/gallery_media.jpeg', 'https://cdn-media.medialabtc.it/es/agencies/md572/estates/618100/images/8911235/gallery_media.jpeg', 'https://cdn-media.medialabtc.it/es/agencies/md572/estates/618100/images/8911241/gallery_media.jpeg', 'https://cdn-media.medialabtc.it/es/agencies/md572/estates/618100/images/8911229/gallery_media.jpeg', 'https://cdn-media.medialabtc.it/es/agencies/md572/estates/618100/images/8911234/gallery_media.jpeg', 'https://cdn-media.medialabtc.it/es/agencies/md572/estates/618100/images/8911238/gallery_media.jpeg', 'https://cdn-media.medialabtc.it/es/agencies/md572/estates/618100/images/8911236/gallery_media.jpeg', 'https://cdn-media.medialabtc.it/es/agencies/md572/estates/618100/images/8911228/gallery_media.jpeg', 'https://cdn-media.medialabtc.it/es/agencies/md572/estates/618100/images/8911205/gallery_media.jpeg']",0,Desconocido,0,0,0,1,0,F,0,0,"['imagenes_tecnocasa\\anuncio_630\\0.jpeg', 'imagenes_tecnocasa\\anuncio_630\\1.jpeg', 'imagenes_tecnocasa\\anuncio_630\\2.jpeg', 'imagenes_tecnocasa\\anuncio_630\\3.jpeg', 'imagenes_tecnocasa\\anuncio_630\\4.jpeg', 'imagenes_tecnocasa\\anuncio_630\\5.jpeg', 'imagenes_tecnocasa\\anuncio_630\\6.jpeg', 'imagenes_tecnocasa\\anuncio_630\\7.jpeg', 'imagenes_tecnocasa\\anuncio_630\\8.jpeg', 'imagenes_tecnocasa\\anuncio_630\\9.jpeg', 'imagenes_tecnocasa\\anuncio_630\\10.jpeg', 'imagenes_tecnocasa\\anuncio_630\\11.jpeg', 'imagenes_tecnocasa\\anuncio_630\\12.jpeg', 'imagenes_tecnocasa\\anuncio_630\\13.jpeg', 'imagenes_tecnocasa\\anuncio_630\\14.jpeg', 'imagenes_tecnocasa\\anuncio_630\\15.jpeg', 'imagenes_tecnocasa\\anuncio_630\\16.jpeg', 'imagenes_tecnocasa\\anuncio_630\\17.jpeg', 'imagenes_tecnocasa\\anuncio_630\\18.jpeg', 'imagenes_tecnocasa\\anuncio_630\\19.jpeg', 'imagenes_tecnocasa\\anuncio_630\\20.jpeg', 'imagenes_tecnocasa\\anuncio_630\\21.jpeg', 'imagenes_tecnocasa\\anuncio_630\\22.jpeg', 'imagenes_tecnocasa\\anuncio_630\\23.jpeg', 'imagenes_tecnocasa\\anuncio_630\\24.jpeg', 'imagenes_tecnocasa\\anuncio_630\\25.jpeg', 'imagenes_tecnocasa\\anuncio_630\\26.jpeg']",1,Media,1980,0,0,0,piso,1,Fuenlabrada,Fuenlabrada,40.282476,-3.7923422,630,3066.6666666666665,436.0,285.0,0.06666666666666667,0.18333333333333335,1.0,0.0,cerámica,pintura,corredera,estándar (2.4-2.8m),nada,3.6,4.2,convencional,"['#A8D08D', '#FFFFFF', '#8FBC8F']",regular,False,convencional,normal,ninguno,ninguno,estándar,parcialmente equipada,ninguno,6.2,6.4,ninguna,5
https://www.tecnocasa.es/venta/piso/madrid/fuenlabrada/614659.html,210000.0,3,76.0,1,"Agencia inmobiliaria de Fuenlabrada zona Barrio Belén - Fuenlabrada Centro Tecnocasa ESTUDIO NUEVO FUENLABRADA SL Vende VIVIENDA REFORMADA EN FINCA CON FACHADA REHABILITADA Y DOBLE ASCENSOR ubicada en la Calle Sevilla que consta de 3 dormitorios, Salón - comedor amplio con acceso a terraza grande con amplitud para tener mesa con 4 sillas, Cocina actualizada, baño con plato de ducha, dispone de puertas de madera maciza de roble, aire acondicionado de doble bomba (frio y calor) en salón y suelo de tarima. No dude en venir a visitarla sin compromiso... Preguntar por David para visitar el inmueble...

La vivienda se encuentra en el comienzo de la zona de La Serna ubicándose en una zona residencial con parques infantiles aledaños a la vivienda y cerca de todo tipo de servicios cercanos, así como estaciones de Metro, Renfe de Fuenlabrada Central, Metro Parque Europa, además de disponer de muchos autobuses interurbanos (1, 2, 5), urbanos (491, 492, 526) nocturno (N803). Además tiene colegios como el Maestra trinidad García, IES Salvador Ayende y supermercados como el Ahorramas en la misma calle...


Con más de 20 años estando Tecnocasa en el Barrio, ofreciendo el mejor servicio y profesionalidad siendo especialistas en:

- COMPRAVENTA Y ALQUILERES
- VALORACION GRATUITA DE SU INMUEBLE
- HERENCIAS
- ASESORAMIENTO PERSONALIZADO PARA VENDEDORES Y COMPRADORES
- VIVIENDA DE PROTECCIÓN OFICIAL (VPO)

Si quieres vender, comprar o alquilar en el barrio confié en Tecnocasa Calle Móstoles 34, Local.

AVISO LEGAL: Recordamos a nuestros Señores clientes que la información facilitada no constituye una auténtica oferta vinculante ni contractual. Este anuncio publicitario es provisional, y las fotografías y datos en él incluidos están sujetos a posibles modificaciones, consecuencia de exigencias comerciales, jurídicas, técnicas o por mandato expreso de la propiedad. La información aquí contenida procura reflejar una orientación sobre los inmuebles a la fecha de su publicación. La totalidad del contenido que aparece tiene carácter meramente informativo y aproximado, no teniendo, en modo alguno, carácter contractual. Tanto los datos, como las imágenes y planos pueden estar sujetos a cambios, por lo que le invitamos a que, si precisa una información más exacta y detallada, contacte con nosotros y le atenderemos a la mayor brevedad posible. Los contenidos tienen únicamente finalidad informativa y bajo ninguna circunstancia deben usarse ni considerarse como oferta de venta o financiación, solicitud de una oferta de compra o financiación, ni recomendación para realizar cualquier otra transacción, salvo que así se indique expresamente. La información y documentación a ofrecer de acuerdo con lo dispuesto en el Real Decreto 515/1989 (de 21 de abril, relativa a la protección de los consumidores en cuanto a la información a suministrar en la compraventa y arrendamiento de viviendas), será puesta a disposición de los potenciales compradores en las respectivas delegaciones territoriales gestoras del inmueble.",0,0,1,1,1,1,0,1,1,1,"['https://cdn-media.medialabtc.it/es/agencies/md572/estates/614659/images/8832786/gallery_media.jpeg', 'https://cdn-media.medialabtc.it/es/agencies/md572/estates/614659/images/8832785/gallery_media.jpeg', 'https://cdn-media.medialabtc.it/es/agencies/md572/estates/614659/images/8832788/gallery_media.jpeg', 'https://cdn-media.medialabtc.it/es/agencies/md572/estates/614659/images/8832755/gallery_media.jpeg', 'https://cdn-media.medialabtc.it/es/agencies/md572/estates/614659/images/8832763/gallery_media.jpeg', 'https://cdn-media.medialabtc.it/es/agencies/md572/estates/614659/images/8832771/gallery_media.jpeg', 'https://cdn-media.medialabtc.it/es/agencies/md572/estates/614659/images/8832769/gallery_media.jpeg', 'https://cdn-media.medialabtc.it/es/agencies/md572/estates/614659/images/8832781/gallery_media.jpeg', 'https://cdn-media.medialabtc.it/es/agencies/md572/estates/614659/images/8832765/gallery_media.jpeg', 'https://cdn-media.medialabtc.it/es/agencies/md572/estates/614659/images/8832768/gallery_media.jpeg', 'https://cdn-media.medialabtc.it/es/agencies/md572/estates/614659/images/8832757/gallery_media.jpeg', 'https://cdn-media.medialabtc.it/es/agencies/md572/estates/614659/images/8832756/gallery_media.jpeg', 'https://cdn-media.medialabtc.it/es/agencies/md572/estates/614659/images/8832772/gallery_media.jpeg', 'https://cdn-media.medialabtc.it/es/agencies/md572/estates/614659/images/8832789/gallery_media.jpeg', 'https://cdn-media.medialabtc.it/es/agencies/md572/estates/614659/images/8832777/gallery_media.jpeg', 'https://cdn-media.medialabtc.it/es/agencies/md572/estates/614659/images/8832782/gallery_media.jpeg', 'https://cdn-media.medialabtc.it/es/agencies/md572/estates/614659/images/8832766/gallery_media.jpeg', 'https://cdn-media.medialabtc.it/es/agencies/md572/estates/614659/images/8832784/gallery_media.jpeg', 'https://cdn-media.medialabtc.it/es/agencies/md572/estates/614659/images/8832773/gallery_media.jpeg', 'https://cdn-media.medialabtc.it/es/agencies/md572/estates/614659/images/8832770/gallery_media.jpeg', 'https://cdn-media.medialabtc.it/es/agencies/md572/estates/614659/images/8832776/gallery_media.jpeg', 'https://cdn-media.medialabtc.it/es/agencies/md572/estates/614659/images/8832764/gallery_media.jpeg', 'https://cdn-media.medialabtc.it/es/agencies/md572/estates/614659/images/8832774/gallery_media.jpeg', 'https://cdn-media.medialabtc.it/es/agencies/md572/estates/614659/images/8836874/gallery_media.jpeg', 'https://cdn-media.medialabtc.it/es/agencies/md572/estates/614659/images/8832775/gallery_media.jpeg', 'https://cdn-media.medialabtc.it/es/agencies/md572/estates/614659/images/8832780/gallery_media.jpeg']",0,Desconocido,0,0,0,1,0,Desconocida,0,0,"['imagenes_tecnocasa\\anuncio_631\\0.jpeg', 'imagenes_tecnocasa\\anuncio_631\\1.jpeg', 'imagenes_tecnocasa\\anuncio_631\\2.jpeg', 'imagenes_tecnocasa\\anuncio_631\\3.jpeg', 'imagenes_tecnocasa\\anuncio_631\\4.jpeg', 'imagenes_tecnocasa\\anuncio_631\\5.jpeg', 'imagenes_tecnocasa\\anuncio_631\\6.jpeg', 'imagenes_tecnocasa\\anuncio_631\\7.jpeg', 'imagenes_tecnocasa\\anuncio_631\\8.jpeg', 'imagenes_tecnocasa\\anuncio_631\\9.jpeg', 'imagenes_tecnocasa\\anuncio_631\\10.jpeg', 'imagenes_tecnocasa\\anuncio_631\\11.jpeg', 'imagenes_tecnocasa\\anuncio_631\\12.jpeg', 'imagenes_tecnocasa\\anuncio_631\\13.jpeg', 'imagenes_tecnocasa\\anuncio_631\\14.jpeg', 'imagenes_tecnocasa\\anuncio_631\\15.jpeg', 'imagenes_tecnocasa\\anuncio_631\\16.jpeg', 'imagenes_tecnocasa\\anuncio_631\\17.jpeg', 'imagenes_tecnocasa\\anuncio_631\\18.jpeg', 'imagenes_tecnocasa\\anuncio_631\\19.jpeg', 'imagenes_tecnocasa\\anuncio_631\\20.jpeg', 'imagenes_tecnocasa\\anuncio_631\\21.jpeg', 'imagenes_tecnocasa\\anuncio_631\\22.jpeg', 'imagenes_tecnocasa\\anuncio_631\\23.jpeg', 'imagenes_tecnocasa\\anuncio_631\\24.jpeg', 'imagenes_tecnocasa\\anuncio_631\\25.jpeg']",1,Media,1979,0,0,0,piso,2,Fuenlabrada,"La Serna, Fuenlabrada",40.282476,-3.7923422,631,2763.157894736842,461.0,305.0,0.1,0.1875,1.0,0.0,cerámica,pintura,corredera,estándar (2.4-2.8m),nada,3.6,5.0,moderno,"['#F2F2F2', '#A9A9A9', '#D3D3D3']",regular,False,convencional,limitado,ninguno,ninguno,estándar,básica,ninguno,6.0,6.2,leve,5
https://www.tecnocasa.es/venta/piso/madrid/fuenlabrada/615138.html,200000.0,3,73.0,1,"Agencia inmobiliaria de Fuenlabrada zona Barrio Belén - Fuenlabrada Centro Tecnocasa ESTUDIO NUEVO FUENLABRADA SL Vende vivienda con Doble Ascensor en inmejorable situación, totalmente exterior con muchísima luz. Consta de 3 Dormitorios, Salón-Comedor amplio con Terraza de 5m acristalada, Cocina con terraza y despensa con Caldera de gas natural, baño con ventana, plato de ducha y mampara... Dispone de suelos de parquet, puertas de madera maciza en color sapelli... No dude en venir a visitarla sin compromiso... Preguntar por David para visitar el inmueble...

Fuenlabrada es una ciudad consolidada que ubicándose tan solo a 17 km de Madrid Centro comunicada por las carreteras M506, M407, M50, A42 Y R5, se convierte en una de las más pobladas de la comunidad de Madrid convirtiéndose en un municipio atractivo para vivir llegando a ser la 4ª localidad más poblada de la Comunidad de Madrid. Actualmente se sitúan en la misma población el Hospital Universitario de Fuenlabrada y el Campus Universitario Rey Juan Carlos. En toda la localidad se encuentran múltiples centros comerciales así como el Centro Comercial Plaza de la Estación, Plaza Loranca 2, Fuenlabrada 2 y El Naranjo.

Con más de 20 años estando Tecnocasa en el Barrio, ofreciendo el mejor servicio y profesionalidad siendo especialistas en:

- COMPRAVENTA Y ALQUILERES
- VALORACION GRATUITA DE SU INMUEBLE
- HERENCIAS
- ASESORAMIENTO PERSONALIZADO PARA VENDEDORES Y COMPRADORES
- VIVIENDA DE PROTECCIÓN OFICIAL (VPO)

Si quieres vender, comprar o alquilar en el barrio confié en Tecnocasa Calle Móstoles 34, Local.
Este anuncio publicitario es provisional, y las fotografías y datos en él incluidos están sujetos a posibles modificaciones, consecuencia de exigencias comerciales, jurídicas, técnicas o por mandato expreso de la propiedad. La información aquí contenida procura reflejar una orientación sobre los inmuebles a la fecha de su publicación. Tanto los datos, como las imágenes y planos pueden estar sujetos a cambios, por lo que le invitamos a que, si precisa una información más exacta y detallada, contacte con nosotros y le atenderemos a la mayor brevedad posible. Los contenidos tienen únicamente finalidad informativa y bajo ninguna circunstancia deben usarse ni considerarse como oferta de venta o financiación, solicitud de una oferta de compra o financiación, ni recomendación para realizar cualquier otra transacción, salvo que así se indique expresamente. La información y documentación a ofrecer de acuerdo con lo dispuesto en el Real Decreto 515/1989 (de 21 de abril, relativa a la protección de los consumidores en cuanto a la información a suministrar en la compraventa y arrendamiento de viviendas), será puesta a disposición de los potenciales compradores en las respectivas delegaciones territoriales gestoras del inmueble.",0,1,1,1,1,1,0,1,1,1,"['https://cdn-media.medialabtc.it/es/agencies/md572/estates/615138/images/8906666/gallery_media.jpeg', 'https://cdn-media.medialabtc.it/es/agencies/md572/estates/615138/images/8848328/gallery_media.jpeg', 'https://cdn-media.medialabtc.it/es/agencies/md572/estates/615138/images/8906658/gallery_media.jpeg', 'https://cdn-media.medialabtc.it/es/agencies/md572/estates/615138/images/8906648/gallery_media.jpeg', 'https://cdn-media.medialabtc.it/es/agencies/md572/estates/615138/images/8848305/gallery_media.jpeg', 'https://cdn-media.medialabtc.it/es/agencies/md572/estates/615138/images/8906652/gallery_media.jpeg', 'https://cdn-media.medialabtc.it/es/agencies/md572/estates/615138/images/8906657/gallery_media.jpeg', 'https://cdn-media.medialabtc.it/es/agencies/md572/estates/615138/images/8906647/gallery_media.jpeg', 'https://cdn-media.medialabtc.it/es/agencies/md572/estates/615138/images/8906640/gallery_media.jpeg', 'https://cdn-media.medialabtc.it/es/agencies/md572/estates/615138/images/8906649/gallery_media.jpeg', 'https://cdn-media.medialabtc.it/es/agencies/md572/estates/615138/images/8906654/gallery_media.jpeg', 'https://cdn-media.medialabtc.it/es/agencies/md572/estates/615138/images/8906665/gallery_media.jpeg', 'https://cdn-media.medialabtc.it/es/agencies/md572/estates/615138/images/8906662/gallery_media.jpeg', 'https://cdn-media.medialabtc.it/es/agencies/md572/estates/615138/images/8906668/gallery_media.jpeg', 'https://cdn-media.medialabtc.it/es/agencies/md572/estates/615138/images/8906650/gallery_media.jpeg', 'https://cdn-media.medialabtc.it/es/agencies/md572/estates/615138/images/8906641/gallery_media.jpeg', 'https://cdn-media.medialabtc.it/es/agencies/md572/estates/615138/images/8848321/gallery_media.jpeg', 'https://cdn-media.medialabtc.it/es/agencies/md572/estates/615138/images/8906655/gallery_media.jpeg', 'https://cdn-media.medialabtc.it/es/agencies/md572/estates/615138/images/8906664/gallery_media.jpeg', 'https://cdn-media.medialabtc.it/es/agencies/md572/estates/615138/images/8906663/gallery_media.jpeg', 'https://cdn-media.medialabtc.it/es/agencies/md572/estates/615138/images/8906656/gallery_media.jpeg', 'https://cdn-media.medialabtc.it/es/agencies/md572/estates/615138/images/8906651/gallery_media.jpeg', 'https://cdn-media.medialabtc.it/es/agencies/md572/estates/615138/images/8906660/gallery_media.jpeg', 'https://cdn-media.medialabtc.it/es/agencies/md572/estates/615138/images/8906653/gallery_media.jpeg', 'https://cdn-media.medialabtc.it/es/agencies/md572/estates/615138/images/8906667/gallery_media.jpeg']",0,Desconocido,0,0,0,1,0,Desconocida,0,0,"['imagenes_tecnocasa\\anuncio_632\\0.jpeg', 'imagenes_tecnocasa\\anuncio_632\\1.jpeg', 'imagenes_tecnocasa\\anuncio_632\\2.jpeg', 'imagenes_tecnocasa\\anuncio_632\\3.jpeg', 'imagenes_tecnocasa\\anuncio_632\\4.jpeg', 'imagenes_tecnocasa\\anuncio_632\\5.jpeg', 'imagenes_tecnocasa\\anuncio_632\\6.jpeg', 'imagenes_tecnocasa\\anuncio_632\\7.jpeg', 'imagenes_tecnocasa\\anuncio_632\\8.jpeg', 'imagenes_tecnocasa\\anuncio_632\\9.jpeg', 'imagenes_tecnocasa\\anuncio_632\\10.jpeg', 'imagenes_tecnocasa\\anuncio_632\\11.jpeg', 'imagenes_tecnocasa\\anuncio_632\\12.jpeg', 'imagenes_tecnocasa\\anuncio_632\\13.jpeg', 'imagenes_tecnocasa\\anuncio_632\\14.jpeg', 'imagenes_tecnocasa\\anuncio_632\\15.jpeg', 'imagenes_tecnocasa\\anuncio_632\\16.jpeg', 'imagenes_tecnocasa\\anuncio_632\\17.jpeg', 'imagenes_tecnocasa\\anuncio_632\\18.jpeg', 'imagenes_tecnocasa\\anuncio_632\\19.jpeg', 'imagenes_tecnocasa\\anuncio_632\\20.jpeg', 'imagenes_tecnocasa\\anuncio_632\\21.jpeg', 'imagenes_tecnocasa\\anuncio_632\\22.jpeg', 'imagenes_tecnocasa\\anuncio_632\\23.jpeg', 'imagenes_tecnocasa\\anuncio_632\\24.jpeg']",0,Media,1979,0,0,1,piso,3,Fuenlabrada,"La Serna, Fuenlabrada",40.282476,-3.7923422,632,2739.72602739726,432.0,282.0,0.10000000000000002,0.23333333333333336,1.0,0.0,parquet,pintura,corredera,estándar (2.4-2.8m),nada,3.2,2.8,convencional,"['#F5C88E', '#FFFFFF', '#A0522D']",regular,False,convencional,limitado,ninguno,ninguno,estándar,básica,ninguno,6.0,6.2,ninguna,5
https://www.tecnocasa.es/venta/piso/madrid/madrid/519076.html,230000.0,3,58.0,1,"Agencia inmobiliaria de MADRID zona MARROQUINA - VINATEROS - MORATALAZ TECNOCASA, empresa líder en el sector inmobiliario con más de 30 años en España,
VENDE:
Vivienda en una Entreplanta, distribuida en hall, salón, tres habitaciones, cocina, cuarto de baño y terraza. Situada en la calle Entre Arroyos, muy cerca del Metro Vinateros y del Mercadona.
Estas son algunas de las características del inmueble:
- Piso muy luminoso, totalmente exterior, con orientación Suroeste y Noreste.
- Se encuentra en buen estado aunque necesita actualización.
- Suelo de baldosín y ventana de aluminio.
- Terraza-balcón cerrada.
- Baño en buen estado con ventana y plato de ducha.
- Cocina totalmente equipada.
- Tres amplias habitaciones.
- Calefacción individual de Gas Natural.
- Sistema eléctrico y caldera cambiados hace menos de dos años. Las tuberías están cambiadas hace poco también.
- Trastero comunitario en el sótano del edificio.
- La ITE del edificio se pasó en 2015 favorable. Hasta 2025 no habría que volver a pasarla.
Se encuentra en una buena ubicación, a 5 minutos del Metro Vinateros y al lado de la parada del autobús. La finca se encuentra cerca de todos los servicios, como supermercados (Mercadona, Carrefour 24h, Ahorramás, Alcampo), bancos, comercios, colegios al lado de la vivienda(Colegio Público Regimiento Inmemorial del Rey, Ntra. Sra. De Moratalaz Colegio Diocesano y Colegio Público Manuel Sáinz de Vicuña) guarderías e Institutos, biblioteca pública, parques y jardines. A pocos minutos caminando a la Plaza del Encuentro. Muy próximo al Metro Vinateros y a las líneas de autobuses 8, 20, 30, 32, 100, 113 y N8.
El distrito de Moratalaz es uno de los distritos más seguro y pacífico de todo Madrid. Facilidad de aparcamiento en el barrio. No tiene zona azul, ni zona verde. El barrio cuenta con plazas de Aparcamiento para Residentes (PLAZAS P. A. R. ), de uso exclusivo para personas empadronadas en el barrio, las cuales pueden ser adquiridas su cesión por un número de años por un importe fijado por el Ayuntamiento. Para más información al respecto diríjase a la Junta de Distrito de Moratalaz.
Actualmente, el distrito de Moratalaz es, probablemente, el distrito con más metros destinados a zonas verdes, jardines y parques.
POR TODAS ESTAS RAZONES LAS PERSONAS ELIGEN EL BARRIO DE MORATALAZ Y MÁS CONCRETAMENTE LA ZONA DE VINATEROS PARA COMPRAR SU VIVIENDA.
La información de este anuncio es meramente informativa no tiene fin vinculante. Para cualquier información más completa acerca de la vivienda consulte en nuestra oficina.",1,1,1,1,1,1,0,1,1,1,"['https://cdn-media.medialabtc.it/es/agencies/md032/estates/519076/images/8924619/gallery_media.jpeg', 'https://cdn-media.medialabtc.it/es/agencies/md032/estates/519076/images/8924603/gallery_media.jpeg', 'https://cdn-media.medialabtc.it/es/agencies/md032/estates/519076/images/8924605/gallery_media.jpeg', 'https://cdn-media.medialabtc.it/es/agencies/md032/estates/519076/images/8924614/gallery_media.jpeg', 'https://cdn-media.medialabtc.it/es/agencies/md032/estates/519076/images/8924616/gallery_media.jpeg', 'https://cdn-media.medialabtc.it/es/agencies/md032/estates/519076/images/8924604/gallery_media.jpeg', 'https://cdn-media.medialabtc.it/es/agencies/md032/estates/519076/images/8924609/gallery_media.jpeg', 'https://cdn-media.medialabtc.it/es/agencies/md032/estates/519076/images/8924611/gallery_media.jpeg', 'https://cdn-media.medialabtc.it/es/agencies/md032/estates/519076/images/8924606/gallery_media.jpeg', 'https://cdn-media.medialabtc.it/es/agencies/md032/estates/519076/images/8924625/gallery_media.jpeg', 'https://cdn-media.medialabtc.it/es/agencies/md032/estates/519076/images/8924623/gallery_media.jpeg', 'https://cdn-media.medialabtc.it/es/agencies/md032/estates/519076/images/8924613/gallery_media.jpeg', 'https://cdn-media.medialabtc.it/es/agencies/md032/estates/519076/images/8924622/gallery_media.jpeg', 'https://cdn-media.medialabtc.it/es/agencies/md032/estates/519076/images/8924624/gallery_media.jpeg', 'https://cdn-media.medialabtc.it/es/agencies/md032/estates/519076/images/8924608/gallery_media.jpeg', 'https://cdn-media.medialabtc.it/es/agencies/md032/estates/519076/images/8924620/gallery_media.jpeg', 'https://cdn-media.medialabtc.it/es/agencies/md032/estates/519076/images/8924615/gallery_media.jpeg', 'https://cdn-media.medialabtc.it/es/agencies/md032/estates/519076/images/8924617/gallery_media.jpeg', 'https://cdn-media.medialabtc.it/es/agencies/md032/estates/519076/images/8924607/gallery_media.jpeg', 'https://cdn-media.medialabtc.it/es/agencies/md032/estates/519076/images/8924621/gallery_media.jpeg', 'https://cdn-media.medialabtc.it/es/agencies/md032/estates/519076/images/8924618/gallery_media.jpeg', 'https://cdn-media.medialabtc.it/es/agencies/md032/estates/519076/images/8924610/gallery_media.jpeg', 'https://cdn-media.medialabtc.it/es/agencies/md032/estates/519076/images/8924626/gallery_media.jpeg', 'https://cdn-media.medialabtc.it/es/agencies/md032/estates/519076/images/8924612/gallery_media.jpeg']",0,Buen estado,1,1,0,1,0,E,0,0,"['imagenes_tecnocasa\\anuncio_634\\0.jpeg', 'imagenes_tecnocasa\\anuncio_634\\1.jpeg', 'imagenes_tecnocasa\\anuncio_634\\2.jpeg', 'imagenes_tecnocasa\\anuncio_634\\3.jpeg', 'imagenes_tecnocasa\\anuncio_634\\4.jpeg', 'imagenes_tecnocasa\\anuncio_634\\5.jpeg', 'imagenes_tecnocasa\\anuncio_634\\6.jpeg', 'imagenes_tecnocasa\\anuncio_634\\7.jpeg', 'imagenes_tecnocasa\\anuncio_634\\8.jpeg', 'imagenes_tecnocasa\\anuncio_634\\9.jpeg', 'imagenes_tecnocasa\\anuncio_634\\10.jpeg', 'imagenes_tecnocasa\\anuncio_634\\11.jpeg', 'imagenes_tecnocasa\\anuncio_634\\12.jpeg', 'imagenes_tecnocasa\\anuncio_634\\13.jpeg', 'imagenes_tecnocasa\\anuncio_634\\14.jpeg', 'imagenes_tecnocasa\\anuncio_634\\15.jpeg', 'imagenes_tecnocasa\\anuncio_634\\16.jpeg', 'imagenes_tecnocasa\\anuncio_634\\17.jpeg', 'imagenes_tecnocasa\\anuncio_634\\18.jpeg', 'imagenes_tecnocasa\\anuncio_634\\19.jpeg', 'imagenes_tecnocasa\\anuncio_634\\20.jpeg', 'imagenes_tecnocasa\\anuncio_634\\21.jpeg', 'imagenes_tecnocasa\\anuncio_634\\22.jpeg', 'imagenes_tecnocasa\\anuncio_634\\23.jpeg']",0,Popular,1960,1,0,0,piso,2,Madrid,Madrid,40.4167047,-3.7035825,634,3965.5172413793102,411.0,269.0,0.05,0.4,2.0,0.0,otro,otro,otro,estándar (2.4-2.8m),nada,2.8,3.6,moderno,"['#D2B48C', '#A0522D', '#808080']",regular,False,convencional,limitado,ninguno,ninguno,básico,básica,ninguno,6.4,6.0,ninguna,5
https://www.tecnocasa.es/venta/piso/madrid/madrid/543769.html,349000.0,1,41.0,1,"Agencia inmobiliaria de MADRID - zona SALAMANCA - GOYA- RETIRO vende piso en Alcalde Sainz de Baranda. Vivienda muy luminosa, compuesta de amplio salón, un dormitorio con armario empotrado, cocina totalmente equipada y amueblada y cuarto de baño completo. Ubicada en una de las principales calles del barrio de Ibiza, se ubica a escasos 50 metros del parque del retiro, cuenta con numerosos servicios en los alrededores, como, supermercados, farmacias, hospitales, colegios, parques y una gran red de transporte público.",1,1,1,1,1,1,1,1,1,1,"['https://cdn-media.medialabtc.it/es/agencies/mdaed/estates/543769/images/8957348/gallery_media.jpeg', 'https://cdn-media.medialabtc.it/es/agencies/mdaed/estates/543769/images/8957352/gallery_media.jpeg', 'https://cdn-media.medialabtc.it/es/agencies/mdaed/estates/543769/images/8957383/gallery_media.jpeg', 'https://cdn-media.medialabtc.it/es/agencies/mdaed/estates/543769/images/8957355/gallery_media.jpeg', 'https://cdn-media.medialabtc.it/es/agencies/mdaed/estates/543769/images/8957360/gallery_media.jpeg', 'https://cdn-media.medialabtc.it/es/agencies/mdaed/estates/543769/images/8957354/gallery_media.jpeg', 'https://cdn-media.medialabtc.it/es/agencies/mdaed/estates/543769/images/8957357/gallery_media.jpeg', 'https://cdn-media.medialabtc.it/es/agencies/mdaed/estates/543769/images/8957351/gallery_media.jpeg', 'https://cdn-media.medialabtc.it/es/agencies/mdaed/estates/543769/images/8957350/gallery_media.jpeg', 'https://cdn-media.medialabtc.it/es/agencies/mdaed/estates/543769/images/8957349/gallery_media.jpeg', 'https://cdn-media.medialabtc.it/es/agencies/mdaed/estates/543769/images/8957382/gallery_media.jpeg', 'https://cdn-media.medialabtc.it/es/agencies/mdaed/estates/543769/images/8957359/gallery_media.jpeg', 'https://cdn-media.medialabtc.it/es/agencies/mdaed/estates/543769/images/8957384/gallery_media.jpeg', 'https://cdn-media.medialabtc.it/es/agencies/mdaed/estates/543769/images/8957358/gallery_media.jpeg', 'https://cdn-media.medialabtc.it/es/agencies/mdaed/estates/543769/images/8957353/gallery_media.jpeg', 'https://cdn-media.medialabtc.it/es/agencies/mdaed/estates/543769/images/8957356/gallery_media.jpeg', 'https://cdn-media.medialabtc.it/es/agencies/mdaed/estates/543769/images/8957361/gallery_media.jpeg']",0,Desconocido,0,0,0,0,0,E,0,0,"['imagenes_tecnocasa\\anuncio_635\\0.jpeg', 'imagenes_tecnocasa\\anuncio_635\\1.jpeg', 'imagenes_tecnocasa\\anuncio_635\\2.jpeg', 'imagenes_tecnocasa\\anuncio_635\\3.jpeg', 'imagenes_tecnocasa\\anuncio_635\\4.jpeg', 'imagenes_tecnocasa\\anuncio_635\\5.jpeg', 'imagenes_tecnocasa\\anuncio_635\\6.jpeg', 'imagenes_tecnocasa\\anuncio_635\\7.jpeg', 'imagenes_tecnocasa\\anuncio_635\\8.jpeg', 'imagenes_tecnocasa\\anuncio_635\\9.jpeg', 'imagenes_tecnocasa\\anuncio_635\\10.jpeg', 'imagenes_tecnocasa\\anuncio_635\\11.jpeg', 'imagenes_tecnocasa\\anuncio_635\\12.jpeg', 'imagenes_tecnocasa\\anuncio_635\\13.jpeg', 'imagenes_tecnocasa\\anuncio_635\\14.jpeg', 'imagenes_tecnocasa\\anuncio_635\\15.jpeg', 'imagenes_tecnocasa\\anuncio_635\\16.jpeg']",0,Media,1930,0,0,1,piso,2,Madrid,Madrid,40.4167047,-3.7035825,635,8512.19512195122,80.0,65.0,0.0,0.0,1.0,0.0,parquet,pintura,otro,estándar (2.4-2.8m),nada,3.4,4.4,convencional,"['#F5F5DC', '#FFFFFF', '#D2B48C']",regular,False,convencional,normal,ninguno,ninguno,estándar,básica,ninguno,6.0,6.6,ninguna,5
https://www.tecnocasa.es/venta/piso/madrid/madrid/612163.html,215000.0,3,59.0,1,"Inmobiliaria en Carabanchel - Oca - Tecnocasa Consulting Espada Sl, vende vivienda ubicada en la Calle Blandón, compuesta de 3 dormitorios, salón, cocina y baño. Dispone de trastero en la misma finca.

La vivienda se encuentra en calle Blandón, junto a calle Oca, una de las calles con mayor actividad del distrito, a escasos metros de la parada de metro de Vista Alegre. La finca se ubica, además, muy próxima a la calle General Ricardos, arteria principal de Carabanchel y con todo tipo de servicios y transporte público. Cabe destacar la consolidación a nivel asistencial (Centro de Salud de la c/ General Ricardos), escolar (Colegios: Clarisas, Renacimiento, Perú, etc.) y escuelas de idiomas, el buen ambiente y tranquilidad que tiene el barrio y sobre todo, la comunicación de la zona debido a que nos podemos encontrar con las distintas líneas de la EMT que recorren el barrio (34, 35, 108, 118 y 119) y autobuses interurbanos (481, 484 y 485), además de encontrar, a un minuto de la vivienda, la parada de Vista Alegre (línea 5).

Existe la posibilidad de conseguir el 100 % de financiación sobre la compra, se realiza estudio financiero gratuito por el departamento financiero Kiron del Grupo Tecnocasa.




AVISO LEGAL: Recordamos a nuestros Señores clientes que la información facilitada no constituye una auténtica oferta vinculante ni contractual. Este anuncio publicitario es provisional, y las fotografías y datos en él incluidos están sujetos a posibles modificaciones, consecuencia de exigencias comerciales, jurídicas, técnicas o por mandato expreso de la propiedad. La información aquí contenida procura reflejar una orientación sobre los inmuebles a la fecha de su publicación. La totalidad del contenido que aparece tiene carácter meramente informativo y aproximado, no teniendo, en modo alguno, carácter contractual. Tanto los datos, como las imágenes y planos pueden estar sujetos a cambios, por lo que le invitamos a que, si precisa una información más exacta y detallada, contacte con nosotros y le atenderemos a la mayor brevedad posible. Los contenidos tienen únicamente finalidad informativa y en ninguna circunstancia deben usarse ni considerarse como oferta de venta o financiación, solicitud de una oferta de compra o financiación, ni recomendación para realizar cualquier otra transacción, salvo que así se indique expresamente. La información y documentación a ofrecer de acuerdo con lo dispuesto en el Real Decreto 515/1989 (de 21 de abril, relativa a la protección de los consumidores en cuanto a la información a suministrar en la compraventa y arrendamiento de viviendas), será puesta a disposición de los potenciales compradores en las respectivas delegaciones territoriales gestoras del inmueble.",1,1,1,1,1,1,1,1,1,1,"['https://cdn-media.medialabtc.it/es/agencies/md089/estates/612163/images/8908498/gallery_media.jpeg', 'https://cdn-media.medialabtc.it/es/agencies/md089/estates/612163/images/8908500/gallery_media.jpeg', 'https://cdn-media.medialabtc.it/es/agencies/md089/estates/612163/images/8908526/gallery_media.jpeg', 'https://cdn-media.medialabtc.it/es/agencies/md089/estates/612163/images/8908530/gallery_media.jpeg', 'https://cdn-media.medialabtc.it/es/agencies/md089/estates/612163/images/8908532/gallery_media.jpeg', 'https://cdn-media.medialabtc.it/es/agencies/md089/estates/612163/images/8908535/gallery_media.jpeg', 'https://cdn-media.medialabtc.it/es/agencies/md089/estates/612163/images/8908499/gallery_media.jpeg', 'https://cdn-media.medialabtc.it/es/agencies/md089/estates/612163/images/8908536/gallery_media.jpeg', 'https://cdn-media.medialabtc.it/es/agencies/md089/estates/612163/images/8908533/gallery_media.jpeg', 'https://cdn-media.medialabtc.it/es/agencies/md089/estates/612163/images/8908531/gallery_media.jpeg', 'https://cdn-media.medialabtc.it/es/agencies/md089/estates/612163/images/8908525/gallery_media.jpeg', 'https://cdn-media.medialabtc.it/es/agencies/md089/estates/612163/images/8908534/gallery_media.jpeg', 'https://cdn-media.medialabtc.it/es/agencies/md089/estates/612163/images/8908524/gallery_media.jpeg', 'https://cdn-media.medialabtc.it/es/agencies/md089/estates/612163/images/8908501/gallery_media.jpeg', 'https://cdn-media.medialabtc.it/es/agencies/md089/estates/612163/images/8908537/gallery_media.jpeg', 'https://cdn-media.medialabtc.it/es/agencies/md089/estates/612163/images/8908529/gallery_media.jpeg', 'https://cdn-media.medialabtc.it/es/agencies/md089/estates/612163/images/8908539/gallery_media.jpeg', 'https://cdn-media.medialabtc.it/es/agencies/md089/estates/612163/images/8908528/gallery_media.jpeg', 'https://cdn-media.medialabtc.it/es/agencies/md089/estates/612163/images/8908527/gallery_media.jpeg', 'https://cdn-media.medialabtc.it/es/agencies/md089/estates/612163/images/8908523/gallery_media.jpeg', 'https://cdn-media.medialabtc.it/es/agencies/md089/estates/612163/images/8908538/gallery_media.jpeg', 'https://cdn-media.medialabtc.it/es/agencies/md089/estates/612163/images/8908522/gallery_media.jpeg']",0,Desconocido,0,1,0,0,0,E,0,0,"['imagenes_tecnocasa\\anuncio_641\\0.jpeg', 'imagenes_tecnocasa\\anuncio_641\\1.jpeg', 'imagenes_tecnocasa\\anuncio_641\\2.jpeg', 'imagenes_tecnocasa\\anuncio_641\\3.jpeg', 'imagenes_tecnocasa\\anuncio_641\\4.jpeg', 'imagenes_tecnocasa\\anuncio_641\\5.jpeg', 'imagenes_tecnocasa\\anuncio_641\\6.jpeg', 'imagenes_tecnocasa\\anuncio_641\\7.jpeg', 'imagenes_tecnocasa\\anuncio_641\\8.jpeg', 'imagenes_tecnocasa\\anuncio_641\\9.jpeg', 'imagenes_tecnocasa\\anuncio_641\\10.jpeg', 'imagenes_tecnocasa\\anuncio_641\\11.jpeg', 'imagenes_tecnocasa\\anuncio_641\\12.jpeg', 'imagenes_tecnocasa\\anuncio_641\\13.jpeg', 'imagenes_tecnocasa\\anuncio_641\\14.jpeg', 'imagenes_tecnocasa\\anuncio_641\\15.jpeg', 'imagenes_tecnocasa\\anuncio_641\\16.jpeg', 'imagenes_tecnocasa\\anuncio_641\\17.jpeg', 'imagenes_tecnocasa\\anuncio_641\\18.jpeg', 'imagenes_tecnocasa\\anuncio_641\\19.jpeg', 'imagenes_tecnocasa\\anuncio_641\\20.jpeg', 'imagenes_tecnocasa\\anuncio_641\\21.jpeg']",1,Media,1958,1,0,0,piso,3,Madrid,"Vista Alegre, Madrid",40.4167047,-3.7035825,641,3644.0677966101694,425.0,264.0,0.125,0.375,0.0,0.0,parquet,pintura,corredera,estándar (2.4-2.8m),nada,2.8,3.2,convencional,"['#F5F5DC', '#DEB887', '#FFE4B5']",regular,False,convencional,limitado,ninguno,ninguno,básico,básica,ninguno,5.6,6.2,ninguna,5
https://www.tecnocasa.es/venta/piso/madrid/pinto/619477.html,285000.0,3,131.0,1,"¡Descubre tu nuevo hogar en el corazón de la ciudad! Este impresionante dúplex de 131 m² construidos ofrece un espacio ideal para disfrutar de la vida urbana sin renunciar a la comodidad. Con una ubicación privilegiada, estarás a un paso de todos los servicios que necesitas: supermercados, restaurantes y transporte público, todo al alcance de tu mano.

El interior de la vivienda destaca por su amplitud y luminosidad. Con tres dormitorios y dos cuartos de baño completos, es perfecto para familias o para aquellos que buscan espacio adicional. El salón independiente es un lugar ideal para relajarse, mientras que la cocina completa te permitirá preparar deliciosas comidas. Además, cuenta con aire acondicionado en el salón, garantizando un ambiente fresco en los días calurosos.

Construido en 2005 y en buen estado. No dejes pasar la oportunidad de vivir en un lugar que combina espacio, ubicación y calidad. ¡Agenda tu visita y enamórate de tu futuro hogar!",0,1,1,1,1,1,0,1,1,1,"['https://cdn-media.medialabtc.it/es/agencies/md509/estates/619477/images/8944278/gallery_media.jpeg', 'https://cdn-media.medialabtc.it/es/agencies/md509/estates/619477/images/8944275/gallery_media.jpeg', 'https://cdn-media.medialabtc.it/es/agencies/md509/estates/619477/images/8944272/gallery_media.jpeg', 'https://cdn-media.medialabtc.it/es/agencies/md509/estates/619477/images/8944281/gallery_media.jpeg', 'https://cdn-media.medialabtc.it/es/agencies/md509/estates/619477/images/8944274/gallery_media.jpeg', 'https://cdn-media.medialabtc.it/es/agencies/md509/estates/619477/images/8944324/gallery_media.jpeg', 'https://cdn-media.medialabtc.it/es/agencies/md509/estates/619477/images/8944323/gallery_media.jpeg', 'https://cdn-media.medialabtc.it/es/agencies/md509/estates/619477/images/8944279/gallery_media.jpeg', 'https://cdn-media.medialabtc.it/es/agencies/md509/estates/619477/images/8944326/gallery_media.jpeg', 'https://cdn-media.medialabtc.it/es/agencies/md509/estates/619477/images/8944325/gallery_media.jpeg', 'https://cdn-media.medialabtc.it/es/agencies/md509/estates/619477/images/8944327/gallery_media.jpeg', 'https://cdn-media.medialabtc.it/es/agencies/md509/estates/619477/images/8944276/gallery_media.jpeg', 'https://cdn-media.medialabtc.it/es/agencies/md509/estates/619477/images/8944328/gallery_media.jpeg', 'https://cdn-media.medialabtc.it/es/agencies/md509/estates/619477/images/8944322/gallery_media.jpeg', 'https://cdn-media.medialabtc.it/es/agencies/md509/estates/619477/images/8944273/gallery_media.jpeg', 'https://cdn-media.medialabtc.it/es/agencies/md509/estates/619477/images/8944277/gallery_media.jpeg']",0,Buen estado,0,0,0,0,0,Desconocida,0,0,"['imagenes_tecnocasa\\anuncio_642\\0.jpeg', 'imagenes_tecnocasa\\anuncio_642\\1.jpeg', 'imagenes_tecnocasa\\anuncio_642\\2.jpeg', 'imagenes_tecnocasa\\anuncio_642\\3.jpeg', 'imagenes_tecnocasa\\anuncio_642\\4.jpeg', 'imagenes_tecnocasa\\anuncio_642\\5.jpeg', 'imagenes_tecnocasa\\anuncio_642\\6.jpeg', 'imagenes_tecnocasa\\anuncio_642\\7.jpeg', 'imagenes_tecnocasa\\anuncio_642\\8.jpeg', 'imagenes_tecnocasa\\anuncio_642\\9.jpeg', 'imagenes_tecnocasa\\anuncio_642\\10.jpeg', 'imagenes_tecnocasa\\anuncio_642\\11.jpeg', 'imagenes_tecnocasa\\anuncio_642\\12.jpeg', 'imagenes_tecnocasa\\anuncio_642\\13.jpeg', 'imagenes_tecnocasa\\anuncio_642\\14.jpeg', 'imagenes_tecnocasa\\anuncio_642\\15.jpeg']",1,Media,2005,1,0,0,piso,1,Pinto,Pinto,40.240985,-3.7005072,642,2175.5725190839694,155.0,109.0,0.95,1.0,0.0,1.0,parquet,pintura,corredera,estándar (2.4-2.8m),nada,3.8,4.8,convencional,"['#FFFFFF', '#A9A9A9', '#FF0000']",regular,False,convencional,limitado,ninguno,ninguno,estándar,básica,ninguno,7.0,6.0,ninguna,5
https://www.tecnocasa.es/venta/casa/madrid/alcala-de-henares/618746.html,620000.0,4,202.0,2,"AGENCIA INMOBILIARIA DE ALCALÁ DE HENARES BARRIO JUAN DE AUSTRIA - EL VAL: EN VENTA EXCELENTE CHALET ADOSADO CON 4 DORMITORIOS Y PATIO TRASERO:
Tecnocasa vende en el barrio del Val de Alcalá de Henares un amplio Chalet Adosado formado por una Construcción de Gran Calidad con Patio trasero y garaje para 2 coches incluido en el precio.
Cuenta con una superficie aproximada de 259 m2 útiles de vivienda y 80 m2 aprox de Sótano distribuido en:
Planta Calle en la que nos encontramos con un Porche que da acceso a Hall de entrada, Salón-Comedor con Chimenea de más de 45m2 con acceso a una Amplia Cocina con Office y un Aseo además de acceso al patio trasero de gran tamaño y acondicionado para el disfrute de toda la familia.
Planta Primera que cuenta con un distribuidor que da acceso a la zona de dormitorios que cuenta con el dormitorio principal con 1 armario empotrado y Baño Suite totalmente Reformado y a otros 3 dormitorios dobles con Armarios Empotrados y un amplio cuarto de baño con Bañera.
En la planta semisótano contamos con una amplia sala utilizada actualmente como Garaje y con la posibilidad de hacer en el otra vivienda por su gran amplitud.
La finca se encuentra en una ubicación inmejorable, tranquila, segura y cercana a todos los servicios.
Buhardilla de 50 m2 en perfectas condiciones, y con amplios maleteros a ambos lados.
La vivienda cuenta con zonas comunes y con una amplísima piscina.
La zona está dotada de todos los servicios a su alcance, muchos de ellos andando, como parada de Autobús, Centro de Salud, Supermercados, Colegio e instituto.
'VENGA A VISITARLO SIN COMPROMISO, Y RECUERDE QUE LE PODEMOS CONSEGUIR HASTA EL 100% DE FINANCIACIÓN.",0,1,1,1,1,1,1,1,1,1,"['https://cdn-media.medialabtc.it/es/agencies/md600/estates/618746/images/8936626/gallery_media.jpeg', 'https://cdn-media.medialabtc.it/es/agencies/md600/estates/618746/images/8936629/gallery_media.jpeg', 'https://cdn-media.medialabtc.it/es/agencies/md600/estates/618746/images/8936607/gallery_media.jpeg', 'https://cdn-media.medialabtc.it/es/agencies/md600/estates/618746/images/8936608/gallery_media.jpeg', 'https://cdn-media.medialabtc.it/es/agencies/md600/estates/618746/images/8936628/gallery_media.jpeg', 'https://cdn-media.medialabtc.it/es/agencies/md600/estates/618746/images/8936614/gallery_media.jpeg', 'https://cdn-media.medialabtc.it/es/agencies/md600/estates/618746/images/8936617/gallery_media.jpeg', 'https://cdn-media.medialabtc.it/es/agencies/md600/estates/618746/images/8936625/gallery_media.jpeg', 'https://cdn-media.medialabtc.it/es/agencies/md600/estates/618746/images/8936613/gallery_media.jpeg', 'https://cdn-media.medialabtc.it/es/agencies/md600/estates/618746/images/8936627/gallery_media.jpeg', 'https://cdn-media.medialabtc.it/es/agencies/md600/estates/618746/images/8936606/gallery_media.jpeg', 'https://cdn-media.medialabtc.it/es/agencies/md600/estates/618746/images/8936615/gallery_media.jpeg', 'https://cdn-media.medialabtc.it/es/agencies/md600/estates/618746/images/8936623/gallery_media.jpeg', 'https://cdn-media.medialabtc.it/es/agencies/md600/estates/618746/images/8936624/gallery_media.jpeg', 'https://cdn-media.medialabtc.it/es/agencies/md600/estates/618746/images/8936611/gallery_media.jpeg', 'https://cdn-media.medialabtc.it/es/agencies/md600/estates/618746/images/8936630/gallery_media.jpeg', 'https://cdn-media.medialabtc.it/es/agencies/md600/estates/618746/images/8936618/gallery_media.jpeg', 'https://cdn-media.medialabtc.it/es/agencies/md600/estates/618746/images/8936616/gallery_media.jpeg', 'https://cdn-media.medialabtc.it/es/agencies/md600/estates/618746/images/8936610/gallery_media.jpeg', 'https://cdn-media.medialabtc.it/es/agencies/md600/estates/618746/images/8936612/gallery_media.jpeg', 'https://cdn-media.medialabtc.it/es/agencies/md600/estates/618746/images/8936621/gallery_media.jpeg', 'https://cdn-media.medialabtc.it/es/agencies/md600/estates/618746/images/8936620/gallery_media.jpeg', 'https://cdn-media.medialabtc.it/es/agencies/md600/estates/618746/images/8936631/gallery_media.jpeg', 'https://cdn-media.medialabtc.it/es/agencies/md600/estates/618746/images/8936609/gallery_media.jpeg', 'https://cdn-media.medialabtc.it/es/agencies/md600/estates/618746/images/8936603/gallery_media.jpeg', 'https://cdn-media.medialabtc.it/es/agencies/md600/estates/618746/images/8936622/gallery_media.jpeg', 'https://cdn-media.medialabtc.it/es/agencies/md600/estates/618746/images/8936605/gallery_media.jpeg', 'https://cdn-media.medialabtc.it/es/agencies/md600/estates/618746/images/8936619/gallery_media.jpeg', 'https://cdn-media.medialabtc.it/es/agencies/md600/estates/618746/images/8936604/gallery_media.jpeg', 'https://cdn-media.medialabtc.it/es/agencies/md600/estates/618746/images/8936602/gallery_media.jpeg']",0,Reformado,1,0,1,0,0,Desconocida,0,0,"['imagenes_tecnocasa\\anuncio_643\\0.jpeg', 'imagenes_tecnocasa\\anuncio_643\\1.jpeg', 'imagenes_tecnocasa\\anuncio_643\\2.jpeg', 'imagenes_tecnocasa\\anuncio_643\\3.jpeg', 'imagenes_tecnocasa\\anuncio_643\\4.jpeg', 'imagenes_tecnocasa\\anuncio_643\\5.jpeg', 'imagenes_tecnocasa\\anuncio_643\\6.jpeg', 'imagenes_tecnocasa\\anuncio_643\\7.jpeg', 'imagenes_tecnocasa\\anuncio_643\\8.jpeg', 'imagenes_tecnocasa\\anuncio_643\\9.jpeg', 'imagenes_tecnocasa\\anuncio_643\\10.jpeg', 'imagenes_tecnocasa\\anuncio_643\\11.jpeg', 'imagenes_tecnocasa\\anuncio_643\\12.jpeg', 'imagenes_tecnocasa\\anuncio_643\\13.jpeg', 'imagenes_tecnocasa\\anuncio_643\\14.jpeg', 'imagenes_tecnocasa\\anuncio_643\\15.jpeg', 'imagenes_tecnocasa\\anuncio_643\\16.jpeg', 'imagenes_tecnocasa\\anuncio_643\\17.jpeg', 'imagenes_tecnocasa\\anuncio_643\\18.jpeg', 'imagenes_tecnocasa\\anuncio_643\\19.jpeg', 'imagenes_tecnocasa\\anuncio_643\\20.jpeg', 'imagenes_tecnocasa\\anuncio_643\\21.jpeg', 'imagenes_tecnocasa\\anuncio_643\\22.jpeg', 'imagenes_tecnocasa\\anuncio_643\\23.jpeg', 'imagenes_tecnocasa\\anuncio_643\\24.jpeg', 'imagenes_tecnocasa\\anuncio_643\\25.jpeg', 'imagenes_tecnocasa\\anuncio_643\\26.jpeg', 'imagenes_tecnocasa\\anuncio_643\\27.jpeg', 'imagenes_tecnocasa\\anuncio_643\\28.jpeg', 'imagenes_tecnocasa\\anuncio_643\\29.jpeg']",1,Señorial,1996,0,0,0,casa,4,Alcalá de Henares,"Chorrillo - Estación - Ensanche, Bripac, Alcalá De Henares",40.481954,-3.363981,643,3069.3069306930693,287.0,182.0,0.0,0.0,2.0,0.0,cerámica,pintura,corredera,estándar (2.4-2.8m),nada,4.2,4.0,clásico,"['#FFFFFF', '#C0C0C0', '#708090']",buena,False,convencional,limitado,ninguno,ninguno,estándar,básica,ninguno,7.0,6.4,ninguna,5
https://www.tecnocasa.es/venta/casa/madrid/alcala-de-henares/619359.html,840000.0,4,429.0,1,"AGENCIA INMOBILIARIA DE ALCALÁ DE HENARES BARRIO JUAN DE AUSTRIA - EL VAL: EN VENTA EXCELENTE CHALET INDEPENDIENTE CON LAS MÁXIMAS CALIDADES Y JARDÍN PRIVADO CON PISCINA EN CIUDAD 21:
¡Descubre tu nuevo hogar en Alcalá de Henares! Este impresionante chalet Independiente, ubicado en el exclusivo barrio de Ciudad 21, te ofrece la combinación perfecta de confort y elegancia. Construido en 1984, este inmueble destaca por sus amplias estancias y su gran jardín que rodea la casa, donde se encuentra una piscina de gran amplitud, ideal para disfrutar del verano.
Con una superficie aproximada de 429m² distribuidos en tan sólo Cuatro plantas.
La planta calle, se encuentra distribuido con un hall de entrada, un baño, una cocina completamente equipada y un salón-comedor muy luminoso que invita a momentos acogedores. También nos encontramos con 2amplias habitaciones muy luminosas para disfrutar en todas las épocas del año. El jardín es un oasis privado con una piscina independiente, perfecto para relajarse.
En la planta primera alberga cuatro amplios dormitorios con armarios empotrados, dos cuartos de baño completos, uno de ellos en suite y una luminosidad excelente durante todo el día gracias a su orientación.
En la buhardilla nos encontramos con 2 habitaciones y pequeño trastero/maletero. También contamos con una terraza con unas vistas inmejorables.
En la planta sótano, nos encontramos con un amplio garaje con rampa, un sala amplia con acceso al jardín y anexo a este un cuarto y también un cuarto muy amplio y luminoso.
Ubicado en un barrio residencial tranquilo y seguro, este chalet está cerca de colegios, supermercados, un centro comercial, hospital y transporte público. Además, tienes la posibilidad de financiar hasta el 100% con condiciones preferentes a través del departamento financiero Kiron. No pierdas la oportunidad de vivir en esta joya inmobiliaria. ¡Ven a visitarla y enamórate!",0,1,1,1,1,1,0,1,1,1,"['https://cdn-media.medialabtc.it/es/agencies/md600/estates/619359/images/8936651/gallery_media.jpeg', 'https://cdn-media.medialabtc.it/es/agencies/md600/estates/619359/images/8936652/gallery_media.jpeg', 'https://cdn-media.medialabtc.it/es/agencies/md600/estates/619359/images/8936655/gallery_media.jpeg', 'https://cdn-media.medialabtc.it/es/agencies/md600/estates/619359/images/8936632/gallery_media.jpeg', 'https://cdn-media.medialabtc.it/es/agencies/md600/estates/619359/images/8936633/gallery_media.jpeg', 'https://cdn-media.medialabtc.it/es/agencies/md600/estates/619359/images/8936637/gallery_media.jpeg', 'https://cdn-media.medialabtc.it/es/agencies/md600/estates/619359/images/8936658/gallery_media.jpeg', 'https://cdn-media.medialabtc.it/es/agencies/md600/estates/619359/images/8936648/gallery_media.jpeg', 'https://cdn-media.medialabtc.it/es/agencies/md600/estates/619359/images/8936642/gallery_media.jpeg', 'https://cdn-media.medialabtc.it/es/agencies/md600/estates/619359/images/8936656/gallery_media.jpeg', 'https://cdn-media.medialabtc.it/es/agencies/md600/estates/619359/images/8936649/gallery_media.jpeg', 'https://cdn-media.medialabtc.it/es/agencies/md600/estates/619359/images/8936640/gallery_media.jpeg', 'https://cdn-media.medialabtc.it/es/agencies/md600/estates/619359/images/8936650/gallery_media.jpeg', 'https://cdn-media.medialabtc.it/es/agencies/md600/estates/619359/images/8936654/gallery_media.jpeg', 'https://cdn-media.medialabtc.it/es/agencies/md600/estates/619359/images/8936641/gallery_media.jpeg', 'https://cdn-media.medialabtc.it/es/agencies/md600/estates/619359/images/8936634/gallery_media.jpeg', 'https://cdn-media.medialabtc.it/es/agencies/md600/estates/619359/images/8936657/gallery_media.jpeg', 'https://cdn-media.medialabtc.it/es/agencies/md600/estates/619359/images/8936660/gallery_media.jpeg', 'https://cdn-media.medialabtc.it/es/agencies/md600/estates/619359/images/8936644/gallery_media.jpeg', 'https://cdn-media.medialabtc.it/es/agencies/md600/estates/619359/images/8936647/gallery_media.jpeg', 'https://cdn-media.medialabtc.it/es/agencies/md600/estates/619359/images/8936635/gallery_media.jpeg', 'https://cdn-media.medialabtc.it/es/agencies/md600/estates/619359/images/8936643/gallery_media.jpeg', 'https://cdn-media.medialabtc.it/es/agencies/md600/estates/619359/images/8936639/gallery_media.jpeg', 'https://cdn-media.medialabtc.it/es/agencies/md600/estates/619359/images/8936646/gallery_media.jpeg', 'https://cdn-media.medialabtc.it/es/agencies/md600/estates/619359/images/8936659/gallery_media.jpeg', 'https://cdn-media.medialabtc.it/es/agencies/md600/estates/619359/images/8936661/gallery_media.jpeg', 'https://cdn-media.medialabtc.it/es/agencies/md600/estates/619359/images/8936636/gallery_media.jpeg', 'https://cdn-media.medialabtc.it/es/agencies/md600/estates/619359/images/8936638/gallery_media.jpeg', 'https://cdn-media.medialabtc.it/es/agencies/md600/estates/619359/images/8936645/gallery_media.jpeg']",1,Desconocido,1,1,1,1,0,Desconocida,0,0,"['imagenes_tecnocasa\\anuncio_644\\0.jpeg', 'imagenes_tecnocasa\\anuncio_644\\1.jpeg', 'imagenes_tecnocasa\\anuncio_644\\2.jpeg', 'imagenes_tecnocasa\\anuncio_644\\3.jpeg', 'imagenes_tecnocasa\\anuncio_644\\4.jpeg', 'imagenes_tecnocasa\\anuncio_644\\5.jpeg', 'imagenes_tecnocasa\\anuncio_644\\6.jpeg', 'imagenes_tecnocasa\\anuncio_644\\7.jpeg', 'imagenes_tecnocasa\\anuncio_644\\8.jpeg', 'imagenes_tecnocasa\\anuncio_644\\9.jpeg', 'imagenes_tecnocasa\\anuncio_644\\10.jpeg', 'imagenes_tecnocasa\\anuncio_644\\11.jpeg', 'imagenes_tecnocasa\\anuncio_644\\12.jpeg', 'imagenes_tecnocasa\\anuncio_644\\13.jpeg', 'imagenes_tecnocasa\\anuncio_644\\14.jpeg', 'imagenes_tecnocasa\\anuncio_644\\15.jpeg', 'imagenes_tecnocasa\\anuncio_644\\16.jpeg', 'imagenes_tecnocasa\\anuncio_644\\17.jpeg', 'imagenes_tecnocasa\\anuncio_644\\18.jpeg', 'imagenes_tecnocasa\\anuncio_644\\19.jpeg', 'imagenes_tecnocasa\\anuncio_644\\20.jpeg', 'imagenes_tecnocasa\\anuncio_644\\21.jpeg', 'imagenes_tecnocasa\\anuncio_644\\22.jpeg', 'imagenes_tecnocasa\\anuncio_644\\23.jpeg', 'imagenes_tecnocasa\\anuncio_644\\24.jpeg', 'imagenes_tecnocasa\\anuncio_644\\25.jpeg', 'imagenes_tecnocasa\\anuncio_644\\26.jpeg', 'imagenes_tecnocasa\\anuncio_644\\27.jpeg', 'imagenes_tecnocasa\\anuncio_644\\28.jpeg']",0,Señorial,1985,0,0,0,casa,2,Alcalá de Henares,"Pryconsa - Juan De Austria - El Val, El Val, Alcalá De Henares",40.481954,-3.363981,644,1958.041958041958,299.0,201.0,1.0,1.0,4.0,1.0,cerámica,pintura,corredera,estándar (2.4-2.8m),nada,3.2,3.4,convencional,"['#A0522D', '#DEB887', '#F5F5DC']",buena,False,convencional,limitado,ninguno,ninguno,estándar,básica,ninguno,7.2,6.2,ninguna,5
https://www.tecnocasa.es/venta/piso/madrid/madrid/582281.html,1650000.0,3,180.0,2,"Agencia inmobiliaria de MADRID zona NUEVO MUNDO - SAN JUAN BAUTISTA Oficina Tecnocasa VENDE MAGNÍFICO Piso de tres dormitorios, dos salones, dos cocinas, dos baños y tres plazas de garaje subterráneas incluidas en el precio. Edificio con ascensor, calefacción gas natural individual y aire acondicionado por conductos.

Vivienda luminosa y con videoportero.

La vivienda tiene mucha luz ya que cuenta con orientación tanto hacia el sur como al norte, este y oste. vistas a la misma calle de Emilio Vargas y Agastia. La privacidad y tranquilidad que nos proporciona la ausencia de ruidos se disfrutan en todas sus estancias.

La casa cuenta a parte de la calefacción individual de gas natural.

Edificio y comunidad muy elegantes con portal muy representativo.

La zona pertenece al barrio de San Juan Bautista, distrito de Ciudad Lineal. Es una zona residencial muy consolidada a la vez que muy tranquila y cercana al centro con muchas opciones de transporte público:

- Parada de metro Avenida La Paz y Arturo Soria.
- Paradas de autobuses muy cercanas, lineas 122 y 53 y 21.",0,0,1,1,1,1,1,1,1,1,"['https://cdn-media.medialabtc.it/es/agencies/md092/estates/582281/images/8980343/gallery_media.jpeg', 'https://cdn-media.medialabtc.it/es/agencies/md092/estates/582281/images/8980280/gallery_media.jpeg', 'https://cdn-media.medialabtc.it/es/agencies/md092/estates/582281/images/8980344/gallery_media.jpeg', 'https://cdn-media.medialabtc.it/es/agencies/md092/estates/582281/images/8980345/gallery_media.jpeg', 'https://cdn-media.medialabtc.it/es/agencies/md092/estates/582281/images/8980357/gallery_media.jpeg', 'https://cdn-media.medialabtc.it/es/agencies/md092/estates/582281/images/8980281/gallery_media.jpeg', 'https://cdn-media.medialabtc.it/es/agencies/md092/estates/582281/images/8980358/gallery_media.jpeg', 'https://cdn-media.medialabtc.it/es/agencies/md092/estates/582281/images/8980361/gallery_media.jpeg', 'https://cdn-media.medialabtc.it/es/agencies/md092/estates/582281/images/8980359/gallery_media.jpeg', 'https://cdn-media.medialabtc.it/es/agencies/md092/estates/582281/images/8980349/gallery_media.jpeg', 'https://cdn-media.medialabtc.it/es/agencies/md092/estates/582281/images/8980348/gallery_media.jpeg', 'https://cdn-media.medialabtc.it/es/agencies/md092/estates/582281/images/8980360/gallery_media.jpeg', 'https://cdn-media.medialabtc.it/es/agencies/md092/estates/582281/images/8980279/gallery_media.jpeg', 'https://cdn-media.medialabtc.it/es/agencies/md092/estates/582281/images/8980346/gallery_media.jpeg', 'https://cdn-media.medialabtc.it/es/agencies/md092/estates/582281/images/8980352/gallery_media.jpeg', 'https://cdn-media.medialabtc.it/es/agencies/md092/estates/582281/images/8980362/gallery_media.jpeg', 'https://cdn-media.medialabtc.it/es/agencies/md092/estates/582281/images/8980342/gallery_media.jpeg', 'https://cdn-media.medialabtc.it/es/agencies/md092/estates/582281/images/8980347/gallery_media.jpeg', 'https://cdn-media.medialabtc.it/es/agencies/md092/estates/582281/images/8980350/gallery_media.jpeg', 'https://cdn-media.medialabtc.it/es/agencies/md092/estates/582281/images/8980354/gallery_media.jpeg', 'https://cdn-media.medialabtc.it/es/agencies/md092/estates/582281/images/8980356/gallery_media.jpeg', 'https://cdn-media.medialabtc.it/es/agencies/md092/estates/582281/images/8980353/gallery_media.jpeg', 'https://cdn-media.medialabtc.it/es/agencies/md092/estates/582281/images/8980355/gallery_media.jpeg', 'https://cdn-media.medialabtc.it/es/agencies/md092/estates/582281/images/8980278/gallery_media.jpeg', 'https://cdn-media.medialabtc.it/es/agencies/md092/estates/582281/images/8980351/gallery_media.jpeg']",1,Desconocido,1,0,0,0,0,Desconocida,0,0,"['imagenes_tecnocasa\\anuncio_645\\0.jpeg', 'imagenes_tecnocasa\\anuncio_645\\1.jpeg', 'imagenes_tecnocasa\\anuncio_645\\2.jpeg', 'imagenes_tecnocasa\\anuncio_645\\3.jpeg', 'imagenes_tecnocasa\\anuncio_645\\4.jpeg', 'imagenes_tecnocasa\\anuncio_645\\5.jpeg', 'imagenes_tecnocasa\\anuncio_645\\6.jpeg', 'imagenes_tecnocasa\\anuncio_645\\7.jpeg', 'imagenes_tecnocasa\\anuncio_645\\8.jpeg', 'imagenes_tecnocasa\\anuncio_645\\9.jpeg', 'imagenes_tecnocasa\\anuncio_645\\10.jpeg', 'imagenes_tecnocasa\\anuncio_645\\11.jpeg', 'imagenes_tecnocasa\\anuncio_645\\12.jpeg', 'imagenes_tecnocasa\\anuncio_645\\13.jpeg', 'imagenes_tecnocasa\\anuncio_645\\14.jpeg', 'imagenes_tecnocasa\\anuncio_645\\15.jpeg', 'imagenes_tecnocasa\\anuncio_645\\16.jpeg', 'imagenes_tecnocasa\\anuncio_645\\17.jpeg', 'imagenes_tecnocasa\\anuncio_645\\18.jpeg', 'imagenes_tecnocasa\\anuncio_645\\19.jpeg', 'imagenes_tecnocasa\\anuncio_645\\20.jpeg', 'imagenes_tecnocasa\\anuncio_645\\21.jpeg', 'imagenes_tecnocasa\\anuncio_645\\22.jpeg', 'imagenes_tecnocasa\\anuncio_645\\23.jpeg', 'imagenes_tecnocasa\\anuncio_645\\24.jpeg']",1,Señorial,1974,1,0,1,piso,2,Madrid,"Canillas, Madrid",40.4167047,-3.7035825,645,9166.666666666666,177.0,121.0,0.05,0.4,0.0,0.0,cerámica,pintura,corredera,estándar (2.4-2.8m),nada,5.2,4.8,clásico,"['#FFFFFF', '#E0E0E0', '#000000']",buena,False,convencional,normal,ninguno,ninguno,estándar,parcialmente equipada,ninguno,8.0,7.0,ninguna,5
https://www.tecnocasa.es/venta/piso/madrid/madrid/615384.html,227000.0,3,87.0,1,"Agencia inmobiliaria de MADRID - zona VALLECAS - PUERTO CANFRANC Oficina Tecnocasa
Descubre esta encantadora propiedad de época en el corazón del municipio de Madrid. Con una superficie de 87 m², este piso ofrece un ambiente acogedor y funcional. La vivienda cuenta con tres dormitorios bien distribuidos, ideales para familias o para quienes buscan espacio adicional para una oficina o estudio. El baño está diseñado para ofrecer comodidad y practicidad. Construido en 1980, este inmueble conserva detalles arquitectónicos que aportan carácter y personalidad. La distribución del espacio permite aprovechar al máximo cada rincón, creando un hogar cálido y confortable. La ubicación es excelente, con fácil acceso a servicios, transporte público y zonas de ocio, lo que facilita el día a día y ofrece una calidad de vida inmejorable. Esta propiedad es una oportunidad única para quienes desean vivir en un entorno con historia y encanto, sin renunciar a las comodidades modernas. ¡Ven a conocerla y descubre tu próximo hogar!
Tecnocasa dispone de un servicio financiero de consulta gratuita para nuestros clientes hasta el 100% de la hipoteca '.",1,1,1,1,1,1,0,1,1,1,"['https://cdn-media.medialabtc.it/es/agencies/md000/estates/615384/images/8847615/gallery_media.jpeg', 'https://cdn-media.medialabtc.it/es/agencies/md000/estates/615384/images/8847611/gallery_media.jpeg', 'https://cdn-media.medialabtc.it/es/agencies/md000/estates/615384/images/8847617/gallery_media.jpeg', 'https://cdn-media.medialabtc.it/es/agencies/md000/estates/615384/images/8847610/gallery_media.jpeg', 'https://cdn-media.medialabtc.it/es/agencies/md000/estates/615384/images/8847612/gallery_media.jpeg', 'https://cdn-media.medialabtc.it/es/agencies/md000/estates/615384/images/8847619/gallery_media.jpeg', 'https://cdn-media.medialabtc.it/es/agencies/md000/estates/615384/images/8847614/gallery_media.jpeg', 'https://cdn-media.medialabtc.it/es/agencies/md000/estates/615384/images/8847620/gallery_media.jpeg', 'https://cdn-media.medialabtc.it/es/agencies/md000/estates/615384/images/8847616/gallery_media.jpeg', 'https://cdn-media.medialabtc.it/es/agencies/md000/estates/615384/images/8847609/gallery_media.jpeg', 'https://cdn-media.medialabtc.it/es/agencies/md000/estates/615384/images/8847613/gallery_media.jpeg', 'https://cdn-media.medialabtc.it/es/agencies/md000/estates/615384/images/8847618/gallery_media.jpeg']",0,Desconocido,0,0,0,0,0,E,0,0,"['imagenes_tecnocasa\\anuncio_646\\0.jpeg', 'imagenes_tecnocasa\\anuncio_646\\1.jpeg', 'imagenes_tecnocasa\\anuncio_646\\2.jpeg', 'imagenes_tecnocasa\\anuncio_646\\3.jpeg', 'imagenes_tecnocasa\\anuncio_646\\4.jpeg', 'imagenes_tecnocasa\\anuncio_646\\5.jpeg', 'imagenes_tecnocasa\\anuncio_646\\6.jpeg', 'imagenes_tecnocasa\\anuncio_646\\7.jpeg', 'imagenes_tecnocasa\\anuncio_646\\8.jpeg', 'imagenes_tecnocasa\\anuncio_646\\9.jpeg', 'imagenes_tecnocasa\\anuncio_646\\10.jpeg', 'imagenes_tecnocasa\\anuncio_646\\11.jpeg']",0,De época,1980,0,0,0,piso,3,Madrid,"Numancia, Madrid",40.4167047,-3.7035825,646,2609.1954022988507,178.0,129.0,0.0,0.0,0.0,1.0,parquet,pintura,corredera,estándar (2.4-2.8m),nada,3.2,2.4,clásico,"['#FFFFFF', '#A0522D', '#8B4513']",regular,False,convencional,limitado,ninguno,ninguno,estándar,básica,ninguno,6.2,6.4,ninguna,5
https://www.tecnocasa.es/venta/piso/madrid/paracuellos-de-jarama/618394.html,205500.0,2,59.0,1,"Agencia inmobiliaria de Paracuellos de Jarama zona PARACUELLOS DE JARAMA - MIRAMADRID - ALTOS DE JARAMA Oficina Tecnocasa situada en C/ Callejón de la Iglesia 3 (PARACUELLOS DE JARAMA ):

EN VENTA: ESPECTACULAR PISO EN CASCO URBANO. Rodeado de todo tipo de servicios a su alrededor como supermercado, transporte público, rápida salida a la M-50 y autovía A2, bancos, pequeños comercios, colegio, farmacia, centro de salud, zonas verdes, parking, etc.

Se encuentra a 8 minutos de Aeropuerto de Barajas y a 15 minutos de Madrid por lo que su ubicación es excelente.

La vivienda está situada en el núcleo del pueblo de Paracuellos de Jarama, estando a disposición todos los servicios necesarios como Centro de Salud, farmacias y sitios de ocio.
MUY IMPORTANTE CAMBIO DE DOMICILIO Y NECESIDAD DE FLEXIBILIDAD EN LOS PLAZOS .

El piso está compuesto por 2 dormitorios, con armarios empotrados, 1 baño completo con plato de ducha , vivienda en perfecto estado de conservación ,gran salón ideal por su luminosidad, y cocina totalmente amueblada .

Cabe destacar que el estado de la vivienda es perfecto ya que no habria que hacer nada directamente para entrar a vivir, una vivienda exclusiva al alcance de todo el mundo.

¡OPORTUNIDAD!

¡No dudes en venir a verla porque puede ser lo que estas buscando!

Además te recordamos que te ayudamos con la financiación de la vivienda gracias a nuestro departamento financiero KIRON. Hasta el 100% de la hipoteca.

INFÓRMATE SIN NINGÚN TIPO DE COMPROMISO EN NUESTRA OFICINA O LLÁMANOS AL TELÉFONO QUE APARECE EN EL ANUNCIO.",0,0,1,1,1,1,1,1,1,1,"['https://cdn-media.medialabtc.it/es/agencies/md626/estates/618394/images/8961001/gallery_media.jpeg', 'https://cdn-media.medialabtc.it/es/agencies/md626/estates/618394/images/8961027/gallery_media.jpeg', 'https://cdn-media.medialabtc.it/es/agencies/md626/estates/618394/images/8960997/gallery_media.jpeg', 'https://cdn-media.medialabtc.it/es/agencies/md626/estates/618394/images/8961023/gallery_media.jpeg', 'https://cdn-media.medialabtc.it/es/agencies/md626/estates/618394/images/8961024/gallery_media.jpeg', 'https://cdn-media.medialabtc.it/es/agencies/md626/estates/618394/images/8960996/gallery_media.jpeg', 'https://cdn-media.medialabtc.it/es/agencies/md626/estates/618394/images/8961000/gallery_media.jpeg', 'https://cdn-media.medialabtc.it/es/agencies/md626/estates/618394/images/8961025/gallery_media.jpeg', 'https://cdn-media.medialabtc.it/es/agencies/md626/estates/618394/images/8960994/gallery_media.jpeg', 'https://cdn-media.medialabtc.it/es/agencies/md626/estates/618394/images/8960991/gallery_media.jpeg', 'https://cdn-media.medialabtc.it/es/agencies/md626/estates/618394/images/8960993/gallery_media.jpeg', 'https://cdn-media.medialabtc.it/es/agencies/md626/estates/618394/images/8961022/gallery_media.jpeg', 'https://cdn-media.medialabtc.it/es/agencies/md626/estates/618394/images/8960990/gallery_media.jpeg', 'https://cdn-media.medialabtc.it/es/agencies/md626/estates/618394/images/8960989/gallery_media.jpeg', 'https://cdn-media.medialabtc.it/es/agencies/md626/estates/618394/images/8960992/gallery_media.jpeg']",0,Desconocido,1,0,0,0,0,Desconocida,0,0,"['imagenes_tecnocasa\\anuncio_647\\0.jpeg', 'imagenes_tecnocasa\\anuncio_647\\1.jpeg', 'imagenes_tecnocasa\\anuncio_647\\2.jpeg', 'imagenes_tecnocasa\\anuncio_647\\3.jpeg', 'imagenes_tecnocasa\\anuncio_647\\4.jpeg', 'imagenes_tecnocasa\\anuncio_647\\5.jpeg', 'imagenes_tecnocasa\\anuncio_647\\6.jpeg', 'imagenes_tecnocasa\\anuncio_647\\7.jpeg', 'imagenes_tecnocasa\\anuncio_647\\8.jpeg', 'imagenes_tecnocasa\\anuncio_647\\9.jpeg', 'imagenes_tecnocasa\\anuncio_647\\10.jpeg', 'imagenes_tecnocasa\\anuncio_647\\11.jpeg', 'imagenes_tecnocasa\\anuncio_647\\12.jpeg', 'imagenes_tecnocasa\\anuncio_647\\13.jpeg', 'imagenes_tecnocasa\\anuncio_647\\14.jpeg']",1,Media,2006,1,0,0,piso,1,Paracuellos de Jarama,Paracuellos De Jarama,40.5048527,-3.5317621,647,3483.0508474576272,256.0,177.0,1.0,1.0,0.0,0.0,otro,pintura,ninguna,estándar (2.4-2.8m),nada,4.0,5.4,moderno,"['#F2F2F2', '#A7C4BC', '#E6B8AF']",buena,True,convencional,normal,ninguno,ninguno,estándar,ninguna,ninguno,6.6,6.4,ninguna,5
https://www.tecnocasa.es/venta/piso/madrid/madrid/617717.html,129000.0,2,38.0,1,"Agencia inmobiliaria de MADRID - zona VALLECAS - PUERTO CANFRANC Oficina Tecnocasa
Descubre esta acogedora propiedad en el barrio de Numancia, dentro del distrito de Puente de Vallecas, Madrid. Con una superficie de 38 m², este piso ofrece un espacio funcional y bien distribuido. Cuenta con dos dormitorios que proporcionan un ambiente cómodo y versátil, ideal para parejas o pequeñas familias. El baño está diseñado para maximizar el espacio y la comodidad. Ubicado en una planta media de un edificio con historia, construido en 1922, este hogar combina el encanto de lo clásico con las necesidades modernas. La ubicación es estratégica, con fácil acceso a servicios, transporte público y zonas comerciales, lo que facilita el día a día. Este piso es una excelente oportunidad para quienes buscan un lugar con personalidad en una zona en constante desarrollo. No pierdas la oportunidad de conocer este espacio que puede convertirse en tu próximo hogar.
Tecnocasa dispone de un servicio financiero de consulta gratuita para nuestros clientes hasta el 100% de la hipoteca '.",1,1,1,1,1,1,0,1,1,1,"['https://cdn-media.medialabtc.it/es/agencies/md000/estates/617717/images/8900026/gallery_media.jpeg', 'https://cdn-media.medialabtc.it/es/agencies/md000/estates/617717/images/8924134/gallery_media.jpeg', 'https://cdn-media.medialabtc.it/es/agencies/md000/estates/617717/images/8900027/gallery_media.jpeg', 'https://cdn-media.medialabtc.it/es/agencies/md000/estates/617717/images/8900035/gallery_media.jpeg', 'https://cdn-media.medialabtc.it/es/agencies/md000/estates/617717/images/8900028/gallery_media.jpeg', 'https://cdn-media.medialabtc.it/es/agencies/md000/estates/617717/images/8900031/gallery_media.jpeg', 'https://cdn-media.medialabtc.it/es/agencies/md000/estates/617717/images/8900032/gallery_media.jpeg', 'https://cdn-media.medialabtc.it/es/agencies/md000/estates/617717/images/8900025/gallery_media.jpeg', 'https://cdn-media.medialabtc.it/es/agencies/md000/estates/617717/images/8900029/gallery_media.jpeg', 'https://cdn-media.medialabtc.it/es/agencies/md000/estates/617717/images/8900033/gallery_media.jpeg', 'https://cdn-media.medialabtc.it/es/agencies/md000/estates/617717/images/8900030/gallery_media.jpeg', 'https://cdn-media.medialabtc.it/es/agencies/md000/estates/617717/images/8900034/gallery_media.jpeg']",0,Desconocido,0,0,0,0,0,G,0,0,"['imagenes_tecnocasa\\anuncio_648\\0.jpeg', 'imagenes_tecnocasa\\anuncio_648\\1.jpeg', 'imagenes_tecnocasa\\anuncio_648\\2.jpeg', 'imagenes_tecnocasa\\anuncio_648\\3.jpeg', 'imagenes_tecnocasa\\anuncio_648\\4.jpeg', 'imagenes_tecnocasa\\anuncio_648\\5.jpeg', 'imagenes_tecnocasa\\anuncio_648\\6.jpeg', 'imagenes_tecnocasa\\anuncio_648\\7.jpeg', 'imagenes_tecnocasa\\anuncio_648\\8.jpeg', 'imagenes_tecnocasa\\anuncio_648\\9.jpeg', 'imagenes_tecnocasa\\anuncio_648\\10.jpeg', 'imagenes_tecnocasa\\anuncio_648\\11.jpeg']",0,Media,1922,0,0,0,piso,2,Madrid,"Numancia, Madrid",40.4167047,-3.7035825,648,3394.7368421052633,171.0,119.0,0.9,1.0,0.0,1.0,otro,pintura,otro,estándar (2.4-2.8m),nada,3.4,3.2,convencional,"['#F2F2F2', '#A7C4BC', '#A0522D']",regular,False,convencional,limitado,ninguno,ninguno,básico,básica,ninguno,6.6,6.0,leve,5
https://www.tecnocasa.es/venta/piso/madrid/madrid/619239.html,365000.0,3,74.0,1,"Descubre este acogedor piso en el corazón del municipio de Madrid, ideal para quienes buscan comodidad y funcionalidad. Con una superficie de 64 m², esta propiedad ofrece tres dormitorios bien distribuidos, perfectos para familias o para quienes necesitan espacio adicional para una oficina en casa. Ubicado en una planta alta, el piso goza de buena iluminación natural y vistas despejadas. Construido en 1970, el edificio refleja el encanto de la época, combinado con las comodidades modernas que necesitas. La ubicación es estratégica, con fácil acceso a transporte público, comercios y servicios esenciales, lo que facilita el día a día. Este piso es una excelente oportunidad para quienes desean establecerse en una zona popular de Madrid, disfrutando de un entorno urbano con todas las ventajas que ofrece la ciudad. No pierdas la oportunidad de visitar este inmueble y descubrir todo su potencial.",1,1,1,1,1,1,0,1,1,1,"['https://cdn-media.medialabtc.it/es/agencies/mdal3/estates/619239/images/8960685/gallery_media.jpeg', 'https://cdn-media.medialabtc.it/es/agencies/mdal3/estates/619239/images/8960647/gallery_media.jpeg', 'https://cdn-media.medialabtc.it/es/agencies/mdal3/estates/619239/images/8960618/gallery_media.jpeg', 'https://cdn-media.medialabtc.it/es/agencies/mdal3/estates/619239/images/8960525/gallery_media.jpeg', 'https://cdn-media.medialabtc.it/es/agencies/mdal3/estates/619239/images/8960644/gallery_media.jpeg', 'https://cdn-media.medialabtc.it/es/agencies/mdal3/estates/619239/images/8960651/gallery_media.jpeg', 'https://cdn-media.medialabtc.it/es/agencies/mdal3/estates/619239/images/8960646/gallery_media.jpeg', 'https://cdn-media.medialabtc.it/es/agencies/mdal3/estates/619239/images/8960524/gallery_media.jpeg', 'https://cdn-media.medialabtc.it/es/agencies/mdal3/estates/619239/images/8960621/gallery_media.jpeg', 'https://cdn-media.medialabtc.it/es/agencies/mdal3/estates/619239/images/8960652/gallery_media.jpeg', 'https://cdn-media.medialabtc.it/es/agencies/mdal3/estates/619239/images/8960620/gallery_media.jpeg', 'https://cdn-media.medialabtc.it/es/agencies/mdal3/estates/619239/images/8960650/gallery_media.jpeg', 'https://cdn-media.medialabtc.it/es/agencies/mdal3/estates/619239/images/8960523/gallery_media.jpeg', 'https://cdn-media.medialabtc.it/es/agencies/mdal3/estates/619239/images/8960461/gallery_media.jpeg', 'https://cdn-media.medialabtc.it/es/agencies/mdal3/estates/619239/images/8960528/gallery_media.jpeg', 'https://cdn-media.medialabtc.it/es/agencies/mdal3/estates/619239/images/8960527/gallery_media.jpeg', 'https://cdn-media.medialabtc.it/es/agencies/mdal3/estates/619239/images/8960526/gallery_media.jpeg', 'https://cdn-media.medialabtc.it/es/agencies/mdal3/estates/619239/images/8960643/gallery_media.jpeg', 'https://cdn-media.medialabtc.it/es/agencies/mdal3/estates/619239/images/8960460/gallery_media.jpeg', 'https://cdn-media.medialabtc.it/es/agencies/mdal3/estates/619239/images/8960642/gallery_media.jpeg', 'https://cdn-media.medialabtc.it/es/agencies/mdal3/estates/619239/images/8960648/gallery_media.jpeg', 'https://cdn-media.medialabtc.it/es/agencies/mdal3/estates/619239/images/8960619/gallery_media.jpeg', 'https://cdn-media.medialabtc.it/es/agencies/mdal3/estates/619239/images/8960645/gallery_media.jpeg', 'https://cdn-media.medialabtc.it/es/agencies/mdal3/estates/619239/images/8960684/gallery_media.jpeg']",1,Desconocido,0,0,0,0,0,D,0,0,"['imagenes_tecnocasa\\anuncio_649\\0.jpeg', 'imagenes_tecnocasa\\anuncio_649\\1.jpeg', 'imagenes_tecnocasa\\anuncio_649\\2.jpeg', 'imagenes_tecnocasa\\anuncio_649\\3.jpeg', 'imagenes_tecnocasa\\anuncio_649\\4.jpeg', 'imagenes_tecnocasa\\anuncio_649\\5.jpeg', 'imagenes_tecnocasa\\anuncio_649\\6.jpeg', 'imagenes_tecnocasa\\anuncio_649\\7.jpeg', 'imagenes_tecnocasa\\anuncio_649\\8.jpeg', 'imagenes_tecnocasa\\anuncio_649\\9.jpeg', 'imagenes_tecnocasa\\anuncio_649\\10.jpeg', 'imagenes_tecnocasa\\anuncio_649\\11.jpeg', 'imagenes_tecnocasa\\anuncio_649\\12.jpeg', 'imagenes_tecnocasa\\anuncio_649\\13.jpeg', 'imagenes_tecnocasa\\anuncio_649\\14.jpeg', 'imagenes_tecnocasa\\anuncio_649\\15.jpeg', 'imagenes_tecnocasa\\anuncio_649\\16.jpeg', 'imagenes_tecnocasa\\anuncio_649\\17.jpeg', 'imagenes_tecnocasa\\anuncio_649\\18.jpeg', 'imagenes_tecnocasa\\anuncio_649\\19.jpeg', 'imagenes_tecnocasa\\anuncio_649\\20.jpeg', 'imagenes_tecnocasa\\anuncio_649\\21.jpeg', 'imagenes_tecnocasa\\anuncio_649\\22.jpeg', 'imagenes_tecnocasa\\anuncio_649\\23.jpeg']",0,Popular,1970,1,0,0,piso,3,Madrid,"Peñagrande, Madrid",40.4167047,-3.7035825,649,4932.4324324324325,141.0,99.0,0.5333333333333333,0.7666666666666666,0.0,1.0,otro,pintura,corredera,estándar (2.4-2.8m),nada,3.4,3.6,convencional,"['#F5F5DC', '#FFFFFF', '#A0522D']",regular,False,convencional,limitado,ninguno,ninguno,estándar,parcialmente equipada,ninguno,7.6,6.6,ninguna,5
https://www.tecnocasa.es/venta/piso/madrid/madrid/620815.html,186500.0,3,59.0,1,"Agencia inmobiliaria de MADRID - zona VALLECAS - PUERTO CANFRANC Oficina Tecnocasa
EN VENTA: Vivienda de segunda mano cerca de todo tipo de servicios como comercios, colegios y transportes públicos.
Vivienda en entreplanta, con una superficie construida de 59m2, distribuidos en salón-comedor, tres dormitorios, cocina, baño y un patio.
Las características del inmueble son:
- Puertas de madera.
- Suelo de gress.
-Calefacción de gas natural.
-Aire Acondicionado.
- Calle muy tranquila.
- A 5 minutos del Metro.
Tecnocasa dispone de un servicio financiero de consulta gratuita para nuestros clientes hasta el 100% de la hipoteca '.",1,1,1,1,1,1,0,1,1,1,"['https://cdn-media.medialabtc.it/es/agencies/md000/estates/620815/images/8978191/gallery_media.jpeg', 'https://cdn-media.medialabtc.it/es/agencies/md000/estates/620815/images/8978192/gallery_media.jpeg', 'https://cdn-media.medialabtc.it/es/agencies/md000/estates/620815/images/8978190/gallery_media.jpeg', 'https://cdn-media.medialabtc.it/es/agencies/md000/estates/620815/images/8978186/gallery_media.jpeg', 'https://cdn-media.medialabtc.it/es/agencies/md000/estates/620815/images/8978185/gallery_media.jpeg', 'https://cdn-media.medialabtc.it/es/agencies/md000/estates/620815/images/8978193/gallery_media.jpeg', 'https://cdn-media.medialabtc.it/es/agencies/md000/estates/620815/images/8978187/gallery_media.jpeg', 'https://cdn-media.medialabtc.it/es/agencies/md000/estates/620815/images/8978194/gallery_media.jpeg', 'https://cdn-media.medialabtc.it/es/agencies/md000/estates/620815/images/8978189/gallery_media.jpeg', 'https://cdn-media.medialabtc.it/es/agencies/md000/estates/620815/images/8978188/gallery_media.jpeg']",0,Desconocido,0,0,0,0,0,Desconocida,0,0,"['imagenes_tecnocasa\\anuncio_650\\0.jpeg', 'imagenes_tecnocasa\\anuncio_650\\1.jpeg', 'imagenes_tecnocasa\\anuncio_650\\2.jpeg', 'imagenes_tecnocasa\\anuncio_650\\3.jpeg', 'imagenes_tecnocasa\\anuncio_650\\4.jpeg', 'imagenes_tecnocasa\\anuncio_650\\5.jpeg', 'imagenes_tecnocasa\\anuncio_650\\6.jpeg', 'imagenes_tecnocasa\\anuncio_650\\7.jpeg', 'imagenes_tecnocasa\\anuncio_650\\8.jpeg', 'imagenes_tecnocasa\\anuncio_650\\9.jpeg']",1,Media,1974,0,0,0,piso,1,Madrid,"Numancia, Madrid",40.4167047,-3.7035825,650,3161.0169491525426,97.0,76.0,0.1,0.4,0.0,0.0,cerámica,pintura,corredera,estándar (2.4-2.8m),nada,2.8,3.4,convencional,"['#F5F5DC', '#D3D3D3', '#C0C0C0']",regular,False,convencional,limitado,ninguno,ninguno,estándar,básica,ninguno,6.2,5.4,ninguna,5
https://www.tecnocasa.es/venta/casa/madrid/paracuellos-de-jarama/620127.html,675000.0,4,289.0,4,"Agencia inmobiliaria de Paracuellos de Jarama zona PARACUELLOS DE JARAMA - MIRAMADRID - ALTOS DE JARAMA Oficina Tecnocasa situada en C/ Callejón de la Iglesia 3 (PARACUELLOS DE JARAMA ):
EN VENTA: ESPECTACULAR CHALET PAREADO DE 290M2 EN MIRAMADRID . Rodeado de todo tipo de servicios a su alrededor como supermercado, transporte público, bancos, pequeños comercios, colegio, farmacia, centro de salud, zonas verdes, parking, etc.
La vivienda está situada en una de las mejores ubicaciones de Paracuellos de Jarama.
¡Descubre el hogar de tus sueños en Paracuellos de Jarama ! Este impresionante chalet pareado te ofrece la oportunidad única de vivir en una de las mejores zonas. La propiedad se extiende a lo largo de 289 m², distribuidos en 4 plantas que garantizan tranquilidad y confort. Dicha vivienda se encuentra en un terreno de 450 m2 y contienen placas solares para el máximo ahorro en suministros última factura de 3€ algo increible paraser un chalet.
La Planta de abajo es la del garaje con espacio para dos coches, tenemos acceso a las demás plantas de la vivienda a través del garaje , la segunda planta encontraremos la cocina , el salón , un cuarto de baño completo y salida a una hermosa terraza que conecta con las escaleras de acceso a la vivienda , en la tercera planta nos encontramos las tres habitaciones y dos cuartos de baño y en la ultima planta nos encontraremos la buhardilla con salida una magnifica terraza que es muy luminosa y tranquila debida a su altura .
El salón comedor, amplio y luminoso, es el corazón del hogar, ideal para reuniones familiares o momentos de relax con acceso al patio trasero. Además la vivienda cuenta con una piscina privada, asegurando comodidad y seguridad.
La parcela de 450 m² es un oasis privado donde podras disfrutar con toda la familia. La vivienda principal cuenta con cuatro dormitorios y 4 baños,
No pierdas la oportunidad de vivir en este paraíso con financiación 100% disponible. ¡Ven a visitarlo y enamórate de tu nuevo hogar!",0,0,1,0,0,0,0,0,0,1,"['https://cdn-media.medialabtc.it/es/agencies/md626/estates/620127/images/8979807/gallery_media.jpeg', 'https://cdn-media.medialabtc.it/es/agencies/md626/estates/620127/images/8979799/gallery_media.jpeg', 'https://cdn-media.medialabtc.it/es/agencies/md626/estates/620127/images/8979677/gallery_media.jpeg', 'https://cdn-media.medialabtc.it/es/agencies/md626/estates/620127/images/8979801/gallery_media.jpeg', 'https://cdn-media.medialabtc.it/es/agencies/md626/estates/620127/images/8979784/gallery_media.jpeg', 'https://cdn-media.medialabtc.it/es/agencies/md626/estates/620127/images/8979793/gallery_media.jpeg', 'https://cdn-media.medialabtc.it/es/agencies/md626/estates/620127/images/8979678/gallery_media.jpeg', 'https://cdn-media.medialabtc.it/es/agencies/md626/estates/620127/images/8979785/gallery_media.jpeg', 'https://cdn-media.medialabtc.it/es/agencies/md626/estates/620127/images/8979800/gallery_media.jpeg', 'https://cdn-media.medialabtc.it/es/agencies/md626/estates/620127/images/8979795/gallery_media.jpeg', 'https://cdn-media.medialabtc.it/es/agencies/md626/estates/620127/images/8979786/gallery_media.jpeg', 'https://cdn-media.medialabtc.it/es/agencies/md626/estates/620127/images/8979803/gallery_media.jpeg', 'https://cdn-media.medialabtc.it/es/agencies/md626/estates/620127/images/8979783/gallery_media.jpeg', 'https://cdn-media.medialabtc.it/es/agencies/md626/estates/620127/images/8979808/gallery_media.jpeg', 'https://cdn-media.medialabtc.it/es/agencies/md626/estates/620127/images/8979809/gallery_media.jpeg', 'https://cdn-media.medialabtc.it/es/agencies/md626/estates/620127/images/8979789/gallery_media.jpeg', 'https://cdn-media.medialabtc.it/es/agencies/md626/estates/620127/images/8979679/gallery_media.jpeg', 'https://cdn-media.medialabtc.it/es/agencies/md626/estates/620127/images/8979812/gallery_media.jpeg', 'https://cdn-media.medialabtc.it/es/agencies/md626/estates/620127/images/8979790/gallery_media.jpeg', 'https://cdn-media.medialabtc.it/es/agencies/md626/estates/620127/images/8979805/gallery_media.jpeg', 'https://cdn-media.medialabtc.it/es/agencies/md626/estates/620127/images/8979813/gallery_media.jpeg', 'https://cdn-media.medialabtc.it/es/agencies/md626/estates/620127/images/8979680/gallery_media.jpeg', 'https://cdn-media.medialabtc.it/es/agencies/md626/estates/620127/images/8979811/gallery_media.jpeg', 'https://cdn-media.medialabtc.it/es/agencies/md626/estates/620127/images/8979796/gallery_media.jpeg', 'https://cdn-media.medialabtc.it/es/agencies/md626/estates/620127/images/8979798/gallery_media.jpeg', 'https://cdn-media.medialabtc.it/es/agencies/md626/estates/620127/images/8979797/gallery_media.jpeg', 'https://cdn-media.medialabtc.it/es/agencies/md626/estates/620127/images/8979810/gallery_media.jpeg', 'https://cdn-media.medialabtc.it/es/agencies/md626/estates/620127/images/8979802/gallery_media.jpeg', 'https://cdn-media.medialabtc.it/es/agencies/md626/estates/620127/images/8979788/gallery_media.jpeg', 'https://cdn-media.medialabtc.it/es/agencies/md626/estates/620127/images/8979804/gallery_media.jpeg']",0,Desconocido,1,0,1,1,1,Desconocida,0,0,"['imagenes_tecnocasa\\anuncio_653\\0.jpeg', 'imagenes_tecnocasa\\anuncio_653\\1.jpeg', 'imagenes_tecnocasa\\anuncio_653\\2.jpeg', 'imagenes_tecnocasa\\anuncio_653\\3.jpeg', 'imagenes_tecnocasa\\anuncio_653\\4.jpeg', 'imagenes_tecnocasa\\anuncio_653\\5.jpeg', 'imagenes_tecnocasa\\anuncio_653\\6.jpeg', 'imagenes_tecnocasa\\anuncio_653\\7.jpeg', 'imagenes_tecnocasa\\anuncio_653\\8.jpeg', 'imagenes_tecnocasa\\anuncio_653\\9.jpeg', 'imagenes_tecnocasa\\anuncio_653\\10.jpeg', 'imagenes_tecnocasa\\anuncio_653\\11.jpeg', 'imagenes_tecnocasa\\anuncio_653\\12.jpeg', 'imagenes_tecnocasa\\anuncio_653\\13.jpeg', 'imagenes_tecnocasa\\anuncio_653\\14.jpeg', 'imagenes_tecnocasa\\anuncio_653\\15.jpeg', 'imagenes_tecnocasa\\anuncio_653\\16.jpeg', 'imagenes_tecnocasa\\anuncio_653\\17.jpeg', 'imagenes_tecnocasa\\anuncio_653\\18.jpeg', 'imagenes_tecnocasa\\anuncio_653\\19.jpeg', 'imagenes_tecnocasa\\anuncio_653\\20.jpeg', 'imagenes_tecnocasa\\anuncio_653\\21.jpeg', 'imagenes_tecnocasa\\anuncio_653\\22.jpeg', 'imagenes_tecnocasa\\anuncio_653\\23.jpeg', 'imagenes_tecnocasa\\anuncio_653\\24.jpeg', 'imagenes_tecnocasa\\anuncio_653\\25.jpeg', 'imagenes_tecnocasa\\anuncio_653\\26.jpeg', 'imagenes_tecnocasa\\anuncio_653\\27.jpeg', 'imagenes_tecnocasa\\anuncio_653\\28.jpeg', 'imagenes_tecnocasa\\anuncio_653\\29.jpeg']",1,Popular,2008,1,0,0,casa,1,Paracuellos de Jarama,Paracuellos De Jarama,40.5048527,-3.5317621,653,2335.6401384083047,337.0,200.0,1.0,1.0,2.0,1.0,cerámica,pintura,otro,estándar (2.4-2.8m),nada,4.4,4.6,convencional,"['#F2E8CF', '#A0522D', '#808080']",buena,False,convencional,limitado,ninguno,ninguno,estándar,básica,ninguno,7.2,6.2,ninguna,5
https://www.tecnocasa.es/venta/piso/madrid/madrid/619635.html,499900.0,3,117.0,2,"¡TECNOCASA VICÁLVARO VENDE! ESPECTACULAR VIVIENDA EN LA MEJOR ZONA DE VICÁLVARO, EN URBANIZACIÓN CON TODO TIPO DE SERVICIOS

Se vende fantástica vivienda de aproximadamente 120 m² ubicada en una de las zonas más exclusivas de Vicálvaro, dentro de una urbanización privada que ofrece múltiples comodidades.

La vivienda se distribuye en:

- 3 dormitorios amplios, todos con armarios empotrados.
- 2 baños completos con ventana, uno de ellos en suite, equipado con bañera de hidromasaje.
- Gran salón muy luminoso, con amplio ventanal y persianas eléctricas.
- Cocina totalmente equipada con terraza-tendedero cerrada y suelo antideslizante.
- Calefacción individual por gas natural y aire acondicionado en toda la vivienda.

Además, incluye:

- Amplio trastero.
- Plaza de garaje doble, con capacidad para dos vehículos.

La urbanización cuenta con:

- Piscina comunitaria.
- Pistas de pádel.
- Portero físico y sistema de videovigilancia 24h para tu total tranquilidad.

Ubicación inmejorable, con excelentes accesos a principales carreteras (M-40, M-45, A-3), y muy bien comunicada mediante transporte público, con estación de Metro y Renfe cercanas. Además, dispone de todo tipo de comercios, colegios, centros de salud y servicios en las inmediaciones.

Una oportunidad única para vivir en una zona tranquila, segura y perfectamente conectada. ¡Ven a visitarla sin compromiso!",1,1,1,1,1,1,0,1,1,1,"['https://cdn-media.medialabtc.it/es/agencies/md054/estates/619635/images/8979970/gallery_media.jpeg', 'https://cdn-media.medialabtc.it/es/agencies/md054/estates/619635/images/8979978/gallery_media.jpeg', 'https://cdn-media.medialabtc.it/es/agencies/md054/estates/619635/images/8979977/gallery_media.jpeg', 'https://cdn-media.medialabtc.it/es/agencies/md054/estates/619635/images/8979952/gallery_media.jpeg', 'https://cdn-media.medialabtc.it/es/agencies/md054/estates/619635/images/8979972/gallery_media.jpeg', 'https://cdn-media.medialabtc.it/es/agencies/md054/estates/619635/images/8979953/gallery_media.jpeg', 'https://cdn-media.medialabtc.it/es/agencies/md054/estates/619635/images/8979956/gallery_media.jpeg', 'https://cdn-media.medialabtc.it/es/agencies/md054/estates/619635/images/8979968/gallery_media.jpeg', 'https://cdn-media.medialabtc.it/es/agencies/md054/estates/619635/images/8979961/gallery_media.jpeg', 'https://cdn-media.medialabtc.it/es/agencies/md054/estates/619635/images/8979969/gallery_media.jpeg', 'https://cdn-media.medialabtc.it/es/agencies/md054/estates/619635/images/8979967/gallery_media.jpeg', 'https://cdn-media.medialabtc.it/es/agencies/md054/estates/619635/images/8979973/gallery_media.jpeg', 'https://cdn-media.medialabtc.it/es/agencies/md054/estates/619635/images/8979955/gallery_media.jpeg', 'https://cdn-media.medialabtc.it/es/agencies/md054/estates/619635/images/8979959/gallery_media.jpeg', 'https://cdn-media.medialabtc.it/es/agencies/md054/estates/619635/images/8979964/gallery_media.jpeg', 'https://cdn-media.medialabtc.it/es/agencies/md054/estates/619635/images/8979966/gallery_media.jpeg', 'https://cdn-media.medialabtc.it/es/agencies/md054/estates/619635/images/8979965/gallery_media.jpeg', 'https://cdn-media.medialabtc.it/es/agencies/md054/estates/619635/images/8979974/gallery_media.jpeg', 'https://cdn-media.medialabtc.it/es/agencies/md054/estates/619635/images/8979963/gallery_media.jpeg', 'https://cdn-media.medialabtc.it/es/agencies/md054/estates/619635/images/8979971/gallery_media.jpeg', 'https://cdn-media.medialabtc.it/es/agencies/md054/estates/619635/images/8979960/gallery_media.jpeg', 'https://cdn-media.medialabtc.it/es/agencies/md054/estates/619635/images/8979975/gallery_media.jpeg', 'https://cdn-media.medialabtc.it/es/agencies/md054/estates/619635/images/8979957/gallery_media.jpeg', 'https://cdn-media.medialabtc.it/es/agencies/md054/estates/619635/images/8979958/gallery_media.jpeg', 'https://cdn-media.medialabtc.it/es/agencies/md054/estates/619635/images/8979951/gallery_media.jpeg', 'https://cdn-media.medialabtc.it/es/agencies/md054/estates/619635/images/8979979/gallery_media.jpeg', 'https://cdn-media.medialabtc.it/es/agencies/md054/estates/619635/images/8979954/gallery_media.jpeg', 'https://cdn-media.medialabtc.it/es/agencies/md054/estates/619635/images/8979962/gallery_media.jpeg']",0,Desconocido,1,1,1,1,1,Desconocida,1,1,"['imagenes_tecnocasa\\anuncio_654\\0.jpeg', 'imagenes_tecnocasa\\anuncio_654\\1.jpeg', 'imagenes_tecnocasa\\anuncio_654\\2.jpeg', 'imagenes_tecnocasa\\anuncio_654\\3.jpeg', 'imagenes_tecnocasa\\anuncio_654\\4.jpeg', 'imagenes_tecnocasa\\anuncio_654\\5.jpeg', 'imagenes_tecnocasa\\anuncio_654\\6.jpeg', 'imagenes_tecnocasa\\anuncio_654\\7.jpeg', 'imagenes_tecnocasa\\anuncio_654\\8.jpeg', 'imagenes_tecnocasa\\anuncio_654\\9.jpeg', 'imagenes_tecnocasa\\anuncio_654\\10.jpeg', 'imagenes_tecnocasa\\anuncio_654\\11.jpeg', 'imagenes_tecnocasa\\anuncio_654\\12.jpeg', 'imagenes_tecnocasa\\anuncio_654\\13.jpeg', 'imagenes_tecnocasa\\anuncio_654\\14.jpeg', 'imagenes_tecnocasa\\anuncio_654\\15.jpeg', 'imagenes_tecnocasa\\anuncio_654\\16.jpeg', 'imagenes_tecnocasa\\anuncio_654\\17.jpeg', 'imagenes_tecnocasa\\anuncio_654\\18.jpeg', 'imagenes_tecnocasa\\anuncio_654\\19.jpeg', 'imagenes_tecnocasa\\anuncio_654\\20.jpeg', 'imagenes_tecnocasa\\anuncio_654\\21.jpeg', 'imagenes_tecnocasa\\anuncio_654\\22.jpeg', 'imagenes_tecnocasa\\anuncio_654\\23.jpeg', 'imagenes_tecnocasa\\anuncio_654\\24.jpeg', 'imagenes_tecnocasa\\anuncio_654\\25.jpeg', 'imagenes_tecnocasa\\anuncio_654\\26.jpeg', 'imagenes_tecnocasa\\anuncio_654\\27.jpeg']",1,Popular,1977,1,0,1,piso,3,Madrid,Madrid,40.4167047,-3.7035825,654,4272.649572649572,205.0,153.0,0.03333333333333333,0.5166666666666667,2.0,1.0,parquet,pintura,corredera,estándar (2.4-2.8m),nada,5.2,6.0,moderno,"['#F2E9E1', '#A08676', '#FFFFFF']",buena,False,convencional,limitado,ninguno,ninguno,estándar,básica,ninguno,7.4,7.0,ninguna,5
https://www.tecnocasa.es/venta/piso/madrid/coslada/613974.html,268200.0,3,105.0,1,"Agencia inmobiliaria TECNOCASA de COSLADA VALLEAGUADO- LA CAÑADA
EN VENTA : Descubre esta acogedora vivienda en urbanización privada en el corazón de Valleaguado, ideal para quienes buscan comodidad y funcionalidad. La vivienda se encuentra en la calle PERÚ . Con una superficie de 105 m2, este piso ofrece un espacio bien distribuido que incluye tres dormitorios uno de ellos con armario empotrado, perfectos para familias o para quienes necesitan un espacio adicional para trabajar desde casa. La propiedad cuenta con un baño completo con bañera, lo que garantiza comodidad para todos los miembros del hogar. Salón con TERRAZA ABIERTA. Cocina equipada con lavadero. Construida en 1980, esta vivienda combina el encanto de su época con las posibilidades de personalización que ofrece. La ubicación en Coslada proporciona acceso a una amplia gama de servicios, como tiendas, restaurantes y transporte público, facilitando el día a día de sus residentes. Este piso es una excelente oportunidad para quienes desean establecerse en una zona tranquila, pero bien conectada con el resto de la ciudad. No pierdas la oportunidad de visitar esta propiedad y descubrir todo lo que tiene para ofrecer.",1,1,1,1,1,1,0,1,1,1,"['https://cdn-media.medialabtc.it/es/agencies/mdbo4/estates/613974/images/8879324/gallery_media.jpeg', 'https://cdn-media.medialabtc.it/es/agencies/mdbo4/estates/613974/images/8879328/gallery_media.jpeg', 'https://cdn-media.medialabtc.it/es/agencies/mdbo4/estates/613974/images/8879315/gallery_media.jpeg', 'https://cdn-media.medialabtc.it/es/agencies/mdbo4/estates/613974/images/8879334/gallery_media.jpeg', 'https://cdn-media.medialabtc.it/es/agencies/mdbo4/estates/613974/images/8879316/gallery_media.jpeg', 'https://cdn-media.medialabtc.it/es/agencies/mdbo4/estates/613974/images/8879333/gallery_media.jpeg', 'https://cdn-media.medialabtc.it/es/agencies/mdbo4/estates/613974/images/8879320/gallery_media.jpeg', 'https://cdn-media.medialabtc.it/es/agencies/mdbo4/estates/613974/images/8879336/gallery_media.jpeg', 'https://cdn-media.medialabtc.it/es/agencies/mdbo4/estates/613974/images/8879325/gallery_media.jpeg', 'https://cdn-media.medialabtc.it/es/agencies/mdbo4/estates/613974/images/8879327/gallery_media.jpeg', 'https://cdn-media.medialabtc.it/es/agencies/mdbo4/estates/613974/images/8879329/gallery_media.jpeg', 'https://cdn-media.medialabtc.it/es/agencies/mdbo4/estates/613974/images/8909339/gallery_media.jpeg', 'https://cdn-media.medialabtc.it/es/agencies/mdbo4/estates/613974/images/8879318/gallery_media.jpeg', 'https://cdn-media.medialabtc.it/es/agencies/mdbo4/estates/613974/images/8879326/gallery_media.jpeg', 'https://cdn-media.medialabtc.it/es/agencies/mdbo4/estates/613974/images/8879321/gallery_media.jpeg', 'https://cdn-media.medialabtc.it/es/agencies/mdbo4/estates/613974/images/8879330/gallery_media.jpeg', 'https://cdn-media.medialabtc.it/es/agencies/mdbo4/estates/613974/images/8879335/gallery_media.jpeg', 'https://cdn-media.medialabtc.it/es/agencies/mdbo4/estates/613974/images/8879323/gallery_media.jpeg', 'https://cdn-media.medialabtc.it/es/agencies/mdbo4/estates/613974/images/8879322/gallery_media.jpeg', 'https://cdn-media.medialabtc.it/es/agencies/mdbo4/estates/613974/images/8879331/gallery_media.jpeg', 'https://cdn-media.medialabtc.it/es/agencies/mdbo4/estates/613974/images/8879317/gallery_media.jpeg', 'https://cdn-media.medialabtc.it/es/agencies/mdbo4/estates/613974/images/8879337/gallery_media.jpeg', 'https://cdn-media.medialabtc.it/es/agencies/mdbo4/estates/613974/images/8879332/gallery_media.jpeg']",0,Desconocido,0,0,0,1,0,E,0,1,"['imagenes_tecnocasa\\anuncio_657\\0.jpeg', 'imagenes_tecnocasa\\anuncio_657\\1.jpeg', 'imagenes_tecnocasa\\anuncio_657\\2.jpeg', 'imagenes_tecnocasa\\anuncio_657\\3.jpeg', 'imagenes_tecnocasa\\anuncio_657\\4.jpeg', 'imagenes_tecnocasa\\anuncio_657\\5.jpeg', 'imagenes_tecnocasa\\anuncio_657\\6.jpeg', 'imagenes_tecnocasa\\anuncio_657\\7.jpeg', 'imagenes_tecnocasa\\anuncio_657\\8.jpeg', 'imagenes_tecnocasa\\anuncio_657\\9.jpeg', 'imagenes_tecnocasa\\anuncio_657\\10.jpeg', 'imagenes_tecnocasa\\anuncio_657\\11.jpeg', 'imagenes_tecnocasa\\anuncio_657\\12.jpeg', 'imagenes_tecnocasa\\anuncio_657\\13.jpeg', 'imagenes_tecnocasa\\anuncio_657\\14.jpeg', 'imagenes_tecnocasa\\anuncio_657\\15.jpeg', 'imagenes_tecnocasa\\anuncio_657\\16.jpeg', 'imagenes_tecnocasa\\anuncio_657\\17.jpeg', 'imagenes_tecnocasa\\anuncio_657\\18.jpeg', 'imagenes_tecnocasa\\anuncio_657\\19.jpeg', 'imagenes_tecnocasa\\anuncio_657\\20.jpeg', 'imagenes_tecnocasa\\anuncio_657\\21.jpeg', 'imagenes_tecnocasa\\anuncio_657\\22.jpeg']",1,Media,1979,0,0,1,piso,1,Coslada,Coslada,40.423802,-3.5552882,657,2554.285714285714,186.0,128.0,0.9,1.0,0.0,1.0,otro,pintura,corredera,estándar (2.4-2.8m),nada,3.0,2.6,convencional,"['#A0522D', '#F5F5DC', '#FFFFFF']",regular,False,convencional,limitado,ninguno,ninguno,estándar,básica,ninguno,6.2,5.8,ninguna,5
https://www.tecnocasa.es/venta/casa/madrid/alcala-de-henares/619383.html,449000.0,4,194.0,3,"¡Descubre tu nuevo hogar en el Ensanche de Alcalá de Henares! Este magnífico chalet adosado, en excelente estado de conservación, te ofrece una vida cómoda. Con una superficie construida de 200 m², esta vivienda está distribuida en tres plantas, brindándote todo el espacio que necesitas para tu familia.

En la planta baja encontrarás un amplio salón que se abre a un patio privado, ideal para disfrutar de momentos al aire libre. La cocina es funcional y completamente equipada, y cuenta con un aseo adicional para mayor comodidad. Además, dispone de un garaje y una zona de almacenaje, perfectos para mantener todo en orden.

La primera planta alberga cuatro dormitorios luminosos, tres de ellos con armarios empotrados. El dormitorio principal incluye un baño en suite con bañera, mientras que los otros tres comparten un baño completo.

La segunda planta es una buhardilla acondicionada con múltiples opciones de uso: desde un estudio hasta una sala de juegos, cuenta con la posibilidad de añadir un cuarto de baño adicional.

Los suelos de parqué, grés porcelánico, junto con la carpintería interior de roble y exterior de aluminio climalit, aportan un toque de elegancia y calidad a la vivienda. La calefacción por gas natural asegura una temperatura agradable en cualquier estación.

Ubicada estratégicamente cerca de la Nacional A-2, esta casa ofrece excelente accesibilidad y está a solo 15 minutos andando de la estación de Alcalá de Henares. Las paradas de autobús urbano e interurbano están muy cerca, facilitando tus desplazamientos diarios.

La zona cuenta con una amplia variedad de servicios: colegios, institutos, centro de especialidades médicas, bancos, farmacias, bares y comercios. Todo lo que necesitas está a tu alcance.

Además, ofrecemos la posibilidad de financiación hasta el 100% a través de nuestro departamento de intermediación financiera Kiron. No pierdas esta oportunidad única para adquirir una vivienda que combina confort, estilo y sostenibilidad.

¡Contáctanos hoy mismo para más información y para programar una visita!",0,1,1,1,1,1,0,1,1,1,"['https://cdn-media.medialabtc.it/es/agencies/md554/estates/619383/images/8960695/gallery_media.jpeg', 'https://cdn-media.medialabtc.it/es/agencies/md554/estates/619383/images/8960692/gallery_media.jpeg', 'https://cdn-media.medialabtc.it/es/agencies/md554/estates/619383/images/8960687/gallery_media.jpeg', 'https://cdn-media.medialabtc.it/es/agencies/md554/estates/619383/images/8960694/gallery_media.jpeg', 'https://cdn-media.medialabtc.it/es/agencies/md554/estates/619383/images/8960691/gallery_media.jpeg', 'https://cdn-media.medialabtc.it/es/agencies/md554/estates/619383/images/8960704/gallery_media.jpeg', 'https://cdn-media.medialabtc.it/es/agencies/md554/estates/619383/images/8960705/gallery_media.jpeg', 'https://cdn-media.medialabtc.it/es/agencies/md554/estates/619383/images/8960693/gallery_media.jpeg', 'https://cdn-media.medialabtc.it/es/agencies/md554/estates/619383/images/8960690/gallery_media.jpeg', 'https://cdn-media.medialabtc.it/es/agencies/md554/estates/619383/images/8960688/gallery_media.jpeg', 'https://cdn-media.medialabtc.it/es/agencies/md554/estates/619383/images/8960698/gallery_media.jpeg', 'https://cdn-media.medialabtc.it/es/agencies/md554/estates/619383/images/8960700/gallery_media.jpeg', 'https://cdn-media.medialabtc.it/es/agencies/md554/estates/619383/images/8960706/gallery_media.jpeg', 'https://cdn-media.medialabtc.it/es/agencies/md554/estates/619383/images/8960699/gallery_media.jpeg', 'https://cdn-media.medialabtc.it/es/agencies/md554/estates/619383/images/8960689/gallery_media.jpeg', 'https://cdn-media.medialabtc.it/es/agencies/md554/estates/619383/images/8960709/gallery_media.jpeg', 'https://cdn-media.medialabtc.it/es/agencies/md554/estates/619383/images/8960703/gallery_media.jpeg', 'https://cdn-media.medialabtc.it/es/agencies/md554/estates/619383/images/8960702/gallery_media.jpeg', 'https://cdn-media.medialabtc.it/es/agencies/md554/estates/619383/images/8960696/gallery_media.jpeg', 'https://cdn-media.medialabtc.it/es/agencies/md554/estates/619383/images/8960708/gallery_media.jpeg', 'https://cdn-media.medialabtc.it/es/agencies/md554/estates/619383/images/8960707/gallery_media.jpeg', 'https://cdn-media.medialabtc.it/es/agencies/md554/estates/619383/images/8960686/gallery_media.jpeg', 'https://cdn-media.medialabtc.it/es/agencies/md554/estates/619383/images/8960697/gallery_media.jpeg', 'https://cdn-media.medialabtc.it/es/agencies/md554/estates/619383/images/8960701/gallery_media.jpeg']",0,Desconocido,1,0,0,0,0,E,0,0,"['imagenes_tecnocasa\\anuncio_658\\0.jpeg', 'imagenes_tecnocasa\\anuncio_658\\1.jpeg', 'imagenes_tecnocasa\\anuncio_658\\2.jpeg', 'imagenes_tecnocasa\\anuncio_658\\3.jpeg', 'imagenes_tecnocasa\\anuncio_658\\4.jpeg', 'imagenes_tecnocasa\\anuncio_658\\5.jpeg', 'imagenes_tecnocasa\\anuncio_658\\6.jpeg', 'imagenes_tecnocasa\\anuncio_658\\7.jpeg', 'imagenes_tecnocasa\\anuncio_658\\8.jpeg', 'imagenes_tecnocasa\\anuncio_658\\9.jpeg', 'imagenes_tecnocasa\\anuncio_658\\10.jpeg', 'imagenes_tecnocasa\\anuncio_658\\11.jpeg', 'imagenes_tecnocasa\\anuncio_658\\12.jpeg', 'imagenes_tecnocasa\\anuncio_658\\13.jpeg', 'imagenes_tecnocasa\\anuncio_658\\14.jpeg', 'imagenes_tecnocasa\\anuncio_658\\15.jpeg', 'imagenes_tecnocasa\\anuncio_658\\16.jpeg', 'imagenes_tecnocasa\\anuncio_658\\17.jpeg', 'imagenes_tecnocasa\\anuncio_658\\18.jpeg', 'imagenes_tecnocasa\\anuncio_658\\19.jpeg', 'imagenes_tecnocasa\\anuncio_658\\20.jpeg', 'imagenes_tecnocasa\\anuncio_658\\21.jpeg', 'imagenes_tecnocasa\\anuncio_658\\22.jpeg', 'imagenes_tecnocasa\\anuncio_658\\23.jpeg']",0,Media,1999,1,0,0,casa,1,Alcalá de Henares,"Ensanche, Alcalá De Henares",40.481954,-3.363981,658,2314.4329896907216,318.0,207.0,0.5125,0.7,2.0,1.0,cerámica,pintura,corredera,estándar (2.4-2.8m),nada,3.8,3.6,convencional,"['#E07A5F', '#D2B48C', '#A0522D']",buena,False,convencional,limitado,ninguno,ninguno,estándar,básica,ninguno,7.0,6.0,ninguna,5
https://www.tecnocasa.es/venta/piso/madrid/madrid/612667.html,398000.0,4,250.0,2,"ESTUDIO ALAMEDA DE OSUNA VENDE MAGNIFICO TRIPLEX - LOFT EN EXCLUSIVA

El inmueble cuenta con 5 plantas que se dividen en:

Ático con terraza con posibilidad de cerramiento para poder ampliar hacer dos habitaciones. Placas solares y zona de lavandería

Segunda planta:

Dormitorio principal con ventana, aire acondicionado, cuarto de baño completo, vestidor pequeño. Con posibilidad de sacar otra habitación.

Primera planta:

Salón con despacho, aire acondicionado.

Planta baja:

Hall de entrada, comedor, despacho, aire acondicionado, con posibilidad de poner otra habitación.

Entreplanta:

Cocina, cuarto de baño y aire acondicionado bomba de frío y calor por placas solares individuales

Sótano:

Garaje para dos coches, y trastero ó cuarto de almacén.

La infraestructura de la zona es impecable. Dispone de una amplia red de transporte público, con varias líneas de autobús que conectan con el centro de Madrid en aproximadamente veinte minutos. El acceso a la red de metro también es excelente, con estaciones cercanas que permiten llegar al centro en menos de treinta minutos. Para aquellos que prefieren el coche, la ubicación ofrece un fácil acceso a las principales autopistas de la ciudad. Además, encontrará una gran variedad de tiendas, restaurantes y servicios de primera calidad a poca distancia.

KIRON y sus agentes de intermediación financiera podrás encontrar la hipoteca que mejor se adapte a tus necesidades de financiación, para que puedas beneficiarte de los convenios que tiene el grupo Tecnocasa con diferentes entidades bancarias. Con la posibilidad de financiación hasta 100%, asesórate gratis y sin compromiso.",1,1,1,1,1,1,0,1,1,0,"['https://cdn-media.medialabtc.it/es/agencies/md066/estates/612667/images/8792064/gallery_media.jpeg', 'https://cdn-media.medialabtc.it/es/agencies/md066/estates/612667/images/8792061/gallery_media.jpeg', 'https://cdn-media.medialabtc.it/es/agencies/md066/estates/612667/images/8792049/gallery_media.jpeg', 'https://cdn-media.medialabtc.it/es/agencies/md066/estates/612667/images/8792056/gallery_media.jpeg', 'https://cdn-media.medialabtc.it/es/agencies/md066/estates/612667/images/8792065/gallery_media.jpeg', 'https://cdn-media.medialabtc.it/es/agencies/md066/estates/612667/images/8792045/gallery_media.jpeg', 'https://cdn-media.medialabtc.it/es/agencies/md066/estates/612667/images/8792047/gallery_media.jpeg', 'https://cdn-media.medialabtc.it/es/agencies/md066/estates/612667/images/8792044/gallery_media.jpeg', 'https://cdn-media.medialabtc.it/es/agencies/md066/estates/612667/images/8792052/gallery_media.jpeg', 'https://cdn-media.medialabtc.it/es/agencies/md066/estates/612667/images/8792050/gallery_media.jpeg', 'https://cdn-media.medialabtc.it/es/agencies/md066/estates/612667/images/8792058/gallery_media.jpeg', 'https://cdn-media.medialabtc.it/es/agencies/md066/estates/612667/images/8792046/gallery_media.jpeg', 'https://cdn-media.medialabtc.it/es/agencies/md066/estates/612667/images/8792062/gallery_media.jpeg', 'https://cdn-media.medialabtc.it/es/agencies/md066/estates/612667/images/8792060/gallery_media.jpeg', 'https://cdn-media.medialabtc.it/es/agencies/md066/estates/612667/images/8792048/gallery_media.jpeg', 'https://cdn-media.medialabtc.it/es/agencies/md066/estates/612667/images/8792053/gallery_media.jpeg', 'https://cdn-media.medialabtc.it/es/agencies/md066/estates/612667/images/8792063/gallery_media.jpeg', 'https://cdn-media.medialabtc.it/es/agencies/md066/estates/612667/images/8792059/gallery_media.jpeg', 'https://cdn-media.medialabtc.it/es/agencies/md066/estates/612667/images/8792067/gallery_media.jpeg', 'https://cdn-media.medialabtc.it/es/agencies/md066/estates/612667/images/8792054/gallery_media.jpeg', 'https://cdn-media.medialabtc.it/es/agencies/md066/estates/612667/images/8792055/gallery_media.jpeg', 'https://cdn-media.medialabtc.it/es/agencies/md066/estates/612667/images/8792057/gallery_media.jpeg', 'https://cdn-media.medialabtc.it/es/agencies/md066/estates/612667/images/8792066/gallery_media.jpeg', 'https://cdn-media.medialabtc.it/es/agencies/md066/estates/612667/images/8792051/gallery_media.jpeg']",0,Desconocido,1,1,0,1,0,C,0,0,"['imagenes_tecnocasa\\anuncio_659\\0.jpeg', 'imagenes_tecnocasa\\anuncio_659\\1.jpeg', 'imagenes_tecnocasa\\anuncio_659\\2.jpeg', 'imagenes_tecnocasa\\anuncio_659\\3.jpeg', 'imagenes_tecnocasa\\anuncio_659\\4.jpeg', 'imagenes_tecnocasa\\anuncio_659\\5.jpeg', 'imagenes_tecnocasa\\anuncio_659\\6.jpeg', 'imagenes_tecnocasa\\anuncio_659\\7.jpeg', 'imagenes_tecnocasa\\anuncio_659\\8.jpeg', 'imagenes_tecnocasa\\anuncio_659\\9.jpeg', 'imagenes_tecnocasa\\anuncio_659\\10.jpeg', 'imagenes_tecnocasa\\anuncio_659\\11.jpeg', 'imagenes_tecnocasa\\anuncio_659\\12.jpeg', 'imagenes_tecnocasa\\anuncio_659\\13.jpeg', 'imagenes_tecnocasa\\anuncio_659\\14.jpeg', 'imagenes_tecnocasa\\anuncio_659\\15.jpeg', 'imagenes_tecnocasa\\anuncio_659\\16.jpeg', 'imagenes_tecnocasa\\anuncio_659\\17.jpeg', 'imagenes_tecnocasa\\anuncio_659\\18.jpeg', 'imagenes_tecnocasa\\anuncio_659\\19.jpeg', 'imagenes_tecnocasa\\anuncio_659\\20.jpeg', 'imagenes_tecnocasa\\anuncio_659\\21.jpeg', 'imagenes_tecnocasa\\anuncio_659\\22.jpeg', 'imagenes_tecnocasa\\anuncio_659\\23.jpeg']",1,Popular,2008,0,0,0,piso,1,Madrid,"Alameda De Osuna, Madrid",40.4167047,-3.7035825,659,1592.0,247.0,165.0,0.0,0.0,0.0,0.0,cerámica,pintura,ninguna visible,estándar (2.4-2.8m),vigas,4.8,5.8,moderno,"['#F2F2F2', '#A0522D', '#FF8C00']",buena,True,convencional,limitado,ninguno,ninguno,estándar,básica,ninguno,8.2,7.2,ninguna,5
https://www.tecnocasa.es/venta/piso/madrid/madrid/620370.html,225000.0,3,66.0,1,"Agencia inmobiliaria de MADRID - zona USERA - MOSCARDO - PLAZA ELÍPTICA
Vende vivienda para entrar a vivir en la calle San Nicomedes, compuesta de 2 Dormitorios, Salón, Baño y Terraza.

Tiene varios puntos a destacar:

- Finca residencial.
- Vivienda en buen estado.
- Vivienda luminosa.
- La cercanía a metro de Usera a 10 minutos.
- La cercanía a Plaza Elíptica a 2 minutos.

Zona perfecta para las familias con zonas verdes en el entorno, bloque muy tranquilo
A 15 MINUTOS A PIE DE MADRID RÍO.
Fácil acceso a A42, M40, M30 Calle de Antonio López, Avenida de Andalucía, Hospital 12 de octubre, a 10 minutos del metro almendrales línea 3 (Villaverde - Moncloa), autobuses (47, 247 y 60 y búho Nº12 ). Zona con todos los servicios, supermercado próximo.

PROXIMAMENTE TOUR VIRTUAL.",1,1,1,1,1,1,1,1,1,1,"['https://cdn-media.medialabtc.it/es/agencies/mdak3/estates/620370/images/8960115/gallery_media.jpeg', 'https://cdn-media.medialabtc.it/es/agencies/mdak3/estates/620370/images/8960107/gallery_media.jpeg', 'https://cdn-media.medialabtc.it/es/agencies/mdak3/estates/620370/images/8960113/gallery_media.jpeg', 'https://cdn-media.medialabtc.it/es/agencies/mdak3/estates/620370/images/8960109/gallery_media.jpeg', 'https://cdn-media.medialabtc.it/es/agencies/mdak3/estates/620370/images/8960142/gallery_media.jpeg', 'https://cdn-media.medialabtc.it/es/agencies/mdak3/estates/620370/images/8960111/gallery_media.jpeg', 'https://cdn-media.medialabtc.it/es/agencies/mdak3/estates/620370/images/8960110/gallery_media.jpeg', 'https://cdn-media.medialabtc.it/es/agencies/mdak3/estates/620370/images/8960117/gallery_media.jpeg', 'https://cdn-media.medialabtc.it/es/agencies/mdak3/estates/620370/images/8960121/gallery_media.jpeg', 'https://cdn-media.medialabtc.it/es/agencies/mdak3/estates/620370/images/8960145/gallery_media.jpeg', 'https://cdn-media.medialabtc.it/es/agencies/mdak3/estates/620370/images/8960120/gallery_media.jpeg', 'https://cdn-media.medialabtc.it/es/agencies/mdak3/estates/620370/images/8960112/gallery_media.jpeg', 'https://cdn-media.medialabtc.it/es/agencies/mdak3/estates/620370/images/8960114/gallery_media.jpeg', 'https://cdn-media.medialabtc.it/es/agencies/mdak3/estates/620370/images/8960144/gallery_media.jpeg', 'https://cdn-media.medialabtc.it/es/agencies/mdak3/estates/620370/images/8960108/gallery_media.jpeg', 'https://cdn-media.medialabtc.it/es/agencies/mdak3/estates/620370/images/8960118/gallery_media.jpeg', 'https://cdn-media.medialabtc.it/es/agencies/mdak3/estates/620370/images/8960116/gallery_media.jpeg', 'https://cdn-media.medialabtc.it/es/agencies/mdak3/estates/620370/images/8960119/gallery_media.jpeg', 'https://cdn-media.medialabtc.it/es/agencies/mdak3/estates/620370/images/8960143/gallery_media.jpeg']",0,Buen estado,0,0,0,1,0,E,0,0,"['imagenes_tecnocasa\\anuncio_662\\0.jpeg', 'imagenes_tecnocasa\\anuncio_662\\1.jpeg', 'imagenes_tecnocasa\\anuncio_662\\2.jpeg', 'imagenes_tecnocasa\\anuncio_662\\3.jpeg', 'imagenes_tecnocasa\\anuncio_662\\4.jpeg', 'imagenes_tecnocasa\\anuncio_662\\5.jpeg', 'imagenes_tecnocasa\\anuncio_662\\6.jpeg', 'imagenes_tecnocasa\\anuncio_662\\7.jpeg', 'imagenes_tecnocasa\\anuncio_662\\8.jpeg', 'imagenes_tecnocasa\\anuncio_662\\9.jpeg', 'imagenes_tecnocasa\\anuncio_662\\10.jpeg', 'imagenes_tecnocasa\\anuncio_662\\11.jpeg', 'imagenes_tecnocasa\\anuncio_662\\12.jpeg', 'imagenes_tecnocasa\\anuncio_662\\13.jpeg', 'imagenes_tecnocasa\\anuncio_662\\14.jpeg', 'imagenes_tecnocasa\\anuncio_662\\15.jpeg', 'imagenes_tecnocasa\\anuncio_662\\16.jpeg', 'imagenes_tecnocasa\\anuncio_662\\17.jpeg', 'imagenes_tecnocasa\\anuncio_662\\18.jpeg']",0,Popular,1969,1,0,0,piso,3,Madrid,"Moscardo - Antonio Lopez, Madrid",40.4167047,-3.7035825,662,3409.090909090909,135.0,99.0,0.0,0.0,1.0,0.0,parquet,pintura,corredera,estándar (2.4-2.8m),nada,3.2,2.6,convencional,"['#F5F5DC', '#FFFFFF', '#A0522D']",regular,False,convencional,limitado,ninguno,ninguno,estándar,básica,ninguno,6.2,6.0,ninguna,5
https://www.tecnocasa.es/venta/piso/madrid/fuenlabrada/616437.html,180000.0,4,113.0,1,"''Agencia inmobiliaria de Fuenlabrada zona Centro-Arroyo Tecnocasa FUENLABRADA GESTION INMOBILIARIA 2022 SL:
VENDE en exclusiva magnifico TERRENO DE 149M2 CON ACCESO POR DOS CALLES'

Terreno edificable en MANZANA CERRADA 2A.
Se pueden hacer 3 plantas (bajo +2 + bajo cubierta)
Acceso por dos calles.

Vivienda en una zona rodeada de todo tipo de servicios.

Zona muy bien comunicada a 5 minutos de Renfe, metro, autobuses.. . La zona cuenta con comercios, supermercados, centro de salud, farmacias, colegios.. . '

Posibilidad de financiación 100% con nuestro departamento financiero KIRON. '.",1,1,1,1,1,1,0,1,1,1,"['https://cdn-media.medialabtc.it/es/agencies/md579/estates/616437/images/8870276/gallery_media.jpeg', 'https://cdn-media.medialabtc.it/es/agencies/md579/estates/616437/images/8870366/gallery_media.jpeg', 'https://cdn-media.medialabtc.it/es/agencies/md579/estates/616437/images/8870271/gallery_media.jpeg', 'https://cdn-media.medialabtc.it/es/agencies/md579/estates/616437/images/8870362/gallery_media.jpeg', 'https://cdn-media.medialabtc.it/es/agencies/md579/estates/616437/images/8870269/gallery_media.jpeg', 'https://cdn-media.medialabtc.it/es/agencies/md579/estates/616437/images/8870272/gallery_media.jpeg', 'https://cdn-media.medialabtc.it/es/agencies/md579/estates/616437/images/8870363/gallery_media.jpeg', 'https://cdn-media.medialabtc.it/es/agencies/md579/estates/616437/images/8870273/gallery_media.jpeg', 'https://cdn-media.medialabtc.it/es/agencies/md579/estates/616437/images/8870267/gallery_media.jpeg', 'https://cdn-media.medialabtc.it/es/agencies/md579/estates/616437/images/8870270/gallery_media.jpeg', 'https://cdn-media.medialabtc.it/es/agencies/md579/estates/616437/images/8870281/gallery_media.jpeg', 'https://cdn-media.medialabtc.it/es/agencies/md579/estates/616437/images/8870364/gallery_media.jpeg', 'https://cdn-media.medialabtc.it/es/agencies/md579/estates/616437/images/8870274/gallery_media.jpeg', 'https://cdn-media.medialabtc.it/es/agencies/md579/estates/616437/images/8870268/gallery_media.jpeg', 'https://cdn-media.medialabtc.it/es/agencies/md579/estates/616437/images/8870280/gallery_media.jpeg', 'https://cdn-media.medialabtc.it/es/agencies/md579/estates/616437/images/8870365/gallery_media.jpeg', 'https://cdn-media.medialabtc.it/es/agencies/md579/estates/616437/images/8870275/gallery_media.jpeg', 'https://cdn-media.medialabtc.it/es/agencies/md579/estates/616437/images/8870279/gallery_media.jpeg', 'https://cdn-media.medialabtc.it/es/agencies/md579/estates/616437/images/8870278/gallery_media.jpeg', 'https://cdn-media.medialabtc.it/es/agencies/md579/estates/616437/images/8870277/gallery_media.jpeg']",0,Desconocido,0,0,0,0,0,Desconocida,0,0,"['imagenes_tecnocasa\\anuncio_663\\0.jpeg', 'imagenes_tecnocasa\\anuncio_663\\1.jpeg', 'imagenes_tecnocasa\\anuncio_663\\2.jpeg', 'imagenes_tecnocasa\\anuncio_663\\3.jpeg', 'imagenes_tecnocasa\\anuncio_663\\4.jpeg', 'imagenes_tecnocasa\\anuncio_663\\5.jpeg', 'imagenes_tecnocasa\\anuncio_663\\6.jpeg', 'imagenes_tecnocasa\\anuncio_663\\7.jpeg', 'imagenes_tecnocasa\\anuncio_663\\8.jpeg', 'imagenes_tecnocasa\\anuncio_663\\9.jpeg', 'imagenes_tecnocasa\\anuncio_663\\10.jpeg', 'imagenes_tecnocasa\\anuncio_663\\11.jpeg', 'imagenes_tecnocasa\\anuncio_663\\12.jpeg', 'imagenes_tecnocasa\\anuncio_663\\13.jpeg', 'imagenes_tecnocasa\\anuncio_663\\14.jpeg', 'imagenes_tecnocasa\\anuncio_663\\15.jpeg', 'imagenes_tecnocasa\\anuncio_663\\16.jpeg', 'imagenes_tecnocasa\\anuncio_663\\17.jpeg', 'imagenes_tecnocasa\\anuncio_663\\18.jpeg', 'imagenes_tecnocasa\\anuncio_663\\19.jpeg']",0,Popular,1975,0,0,0,piso,1,Fuenlabrada,Fuenlabrada,40.282476,-3.7923422,663,1592.9203539823009,89.0,78.0,0.0,0.0,0.0,0.0,otro,pintura,otro,estándar (2.4-2.8m),nada,2.0,1.6,otro,"['#D3D3D3', '#808080', '#FFA500']",regular,False,otro,limitado,ninguno,ninguno,otro,otro,ninguno,5.8,4.8,ninguna,5
https://www.tecnocasa.es/venta/piso/madrid/ciempozuelos/620892.html,196000.0,3,82.0,1,"Agencia inmobiliaria de Seseña zona Seseña - Ciempozuelos Tecnocasa Estudio Seseña Ciempo Sl:
SE VENDE PISO en Ciempozuelos de 82m2 útiles.
Consta de un recibidor, un amplio y luminoso salón-comedor con terraza, cocina totalmente reformada con despensa; incluye muebles, lavadora, secadora, vitrocerámica de inducción y, lavavajillas nuevo. Desde el hall accedemos a un baño completo con ducha y columna hidromasaje; y tres amplios dormitorios, dos de ellos, con armarios empotrados.
La vivienda tiene el suelo cambiado, las ventanas pvc oscilobatientes y, las puertas nuevas cambiadas recientemente.
La calefacción es eléctrica.
El edificio tiene ascensor, zona comunitaria con bancos y zonas verdes.
Ubicado en una de las mejores zonas de Ciempozuelos, este piso te brinda la tranquilidad de un barrio consolidado y todos los servicios a tu alcance. A pocos minutos andando de la plaza del pueblo y perfectamente comunicado por transporte público, tendrás todo lo que necesitas a tu alrededor.
No dude en llamarnos para concertar su visita al inmueble, donde además recibirá asesoramiento gratuito por parte de nuestro departamento financiero, Kiron.
Si necesitas valoración gratuita de tu vivienda, ¡no dudes en pedir información!",0,1,1,0,1,1,1,1,0,1,"['https://cdn-media.medialabtc.it/es/agencies/to508/estates/620892/images/8979198/gallery_media.jpeg', 'https://cdn-media.medialabtc.it/es/agencies/to508/estates/620892/images/8979196/gallery_media.jpeg', 'https://cdn-media.medialabtc.it/es/agencies/to508/estates/620892/images/8979251/gallery_media.jpeg', 'https://cdn-media.medialabtc.it/es/agencies/to508/estates/620892/images/8979246/gallery_media.jpeg', 'https://cdn-media.medialabtc.it/es/agencies/to508/estates/620892/images/8979195/gallery_media.jpeg', 'https://cdn-media.medialabtc.it/es/agencies/to508/estates/620892/images/8979193/gallery_media.jpeg', 'https://cdn-media.medialabtc.it/es/agencies/to508/estates/620892/images/8979248/gallery_media.jpeg', 'https://cdn-media.medialabtc.it/es/agencies/to508/estates/620892/images/8979243/gallery_media.jpeg', 'https://cdn-media.medialabtc.it/es/agencies/to508/estates/620892/images/8979224/gallery_media.jpeg', 'https://cdn-media.medialabtc.it/es/agencies/to508/estates/620892/images/8979249/gallery_media.jpeg', 'https://cdn-media.medialabtc.it/es/agencies/to508/estates/620892/images/8979245/gallery_media.jpeg', 'https://cdn-media.medialabtc.it/es/agencies/to508/estates/620892/images/8979225/gallery_media.jpeg', 'https://cdn-media.medialabtc.it/es/agencies/to508/estates/620892/images/8979252/gallery_media.jpeg', 'https://cdn-media.medialabtc.it/es/agencies/to508/estates/620892/images/8979244/gallery_media.jpeg', 'https://cdn-media.medialabtc.it/es/agencies/to508/estates/620892/images/8979194/gallery_media.jpeg', 'https://cdn-media.medialabtc.it/es/agencies/to508/estates/620892/images/8979247/gallery_media.jpeg', 'https://cdn-media.medialabtc.it/es/agencies/to508/estates/620892/images/8979200/gallery_media.jpeg', 'https://cdn-media.medialabtc.it/es/agencies/to508/estates/620892/images/8979226/gallery_media.jpeg', 'https://cdn-media.medialabtc.it/es/agencies/to508/estates/620892/images/8979250/gallery_media.jpeg', 'https://cdn-media.medialabtc.it/es/agencies/to508/estates/620892/images/8979192/gallery_media.jpeg', 'https://cdn-media.medialabtc.it/es/agencies/to508/estates/620892/images/8979197/gallery_media.jpeg', 'https://cdn-media.medialabtc.it/es/agencies/to508/estates/620892/images/8979253/gallery_media.jpeg', 'https://cdn-media.medialabtc.it/es/agencies/to508/estates/620892/images/8979242/gallery_media.jpeg', 'https://cdn-media.medialabtc.it/es/agencies/to508/estates/620892/images/8979223/gallery_media.jpeg', 'https://cdn-media.medialabtc.it/es/agencies/to508/estates/620892/images/8979199/gallery_media.jpeg']",0,Desconocido,0,0,0,1,0,Desconocida,0,0,"['imagenes_tecnocasa\\anuncio_664\\0.jpeg', 'imagenes_tecnocasa\\anuncio_664\\1.jpeg', 'imagenes_tecnocasa\\anuncio_664\\2.jpeg', 'imagenes_tecnocasa\\anuncio_664\\3.jpeg', 'imagenes_tecnocasa\\anuncio_664\\4.jpeg', 'imagenes_tecnocasa\\anuncio_664\\5.jpeg', 'imagenes_tecnocasa\\anuncio_664\\6.jpeg', 'imagenes_tecnocasa\\anuncio_664\\7.jpeg', 'imagenes_tecnocasa\\anuncio_664\\8.jpeg', 'imagenes_tecnocasa\\anuncio_664\\9.jpeg', 'imagenes_tecnocasa\\anuncio_664\\10.jpeg', 'imagenes_tecnocasa\\anuncio_664\\11.jpeg', 'imagenes_tecnocasa\\anuncio_664\\12.jpeg', 'imagenes_tecnocasa\\anuncio_664\\13.jpeg', 'imagenes_tecnocasa\\anuncio_664\\14.jpeg', 'imagenes_tecnocasa\\anuncio_664\\15.jpeg', 'imagenes_tecnocasa\\anuncio_664\\16.jpeg', 'imagenes_tecnocasa\\anuncio_664\\17.jpeg', 'imagenes_tecnocasa\\anuncio_664\\18.jpeg', 'imagenes_tecnocasa\\anuncio_664\\19.jpeg', 'imagenes_tecnocasa\\anuncio_664\\20.jpeg', 'imagenes_tecnocasa\\anuncio_664\\21.jpeg', 'imagenes_tecnocasa\\anuncio_664\\22.jpeg', 'imagenes_tecnocasa\\anuncio_664\\23.jpeg', 'imagenes_tecnocasa\\anuncio_664\\24.jpeg']",0,Media,1980,0,0,0,piso,2,Ciempozuelos,Ciempozuelos,40.1580087,-3.6205514,664,2390.243902439024,184.0,141.0,0.0,0.0,2.0,0.0,otro,pintura,corredera,estándar (2.4-2.8m),nada,3.8,5.2,moderno,"['#232346', '#FFFFFF', '#666666']",buena,False,convencional,limitado,ninguno,ninguno,estándar,básica,ninguno,6.8,6.4,ninguna,5
https://www.tecnocasa.es/venta/piso/madrid/leganes/615719.html,223000.0,2,56.0,1,"Agencia inmobiliaria de Leganés zona La Fortuna Tecnocasa Estudio Inmobiliario La Fortuna:
EN VENTA: Te presentamos este exclusivo PISO PLANTA BAJA de OBRA NUEVA en el Barrio de La Fortuna.
IDEAL PARA PERSONAS MAYORES O CON MOVILIDAD REDUCIDA. Ubicación estratégica con fácil acceso a Madrid.
Descrito de entrada, amplias estancias, cocina de diseño, baño completo y dos dormitorios. Disfruta de un gran patio de 22m², un jardín privado en plena ciudad. Acabados de alta calidad y diseño moderno.
Detalles del Inmueble: Superficie: 77.88 metros cuadrados
OBRA NUEVA
Habitaciones: 2
Baños: 1 completo con plato de ducha
Extras: Patio privado de 22 m2
Para más información y concertar una visita, contacta con nosotros. ¡No dejes pasar esta oportunidad! Tecnocasa La Fortuna te ofrece asesoramiento financiero personalizado.",1,1,1,1,1,1,0,1,1,1,"['https://cdn-media.medialabtc.it/es/agencies/md522/estates/615719/images/8857774/gallery_media.jpeg', 'https://cdn-media.medialabtc.it/es/agencies/md522/estates/615719/images/8857766/gallery_media.jpeg', 'https://cdn-media.medialabtc.it/es/agencies/md522/estates/615719/images/8856133/gallery_media.jpeg', 'https://cdn-media.medialabtc.it/es/agencies/md522/estates/615719/images/8856048/gallery_media.jpeg', 'https://cdn-media.medialabtc.it/es/agencies/md522/estates/615719/images/8857768/gallery_media.jpeg', 'https://cdn-media.medialabtc.it/es/agencies/md522/estates/615719/images/8856131/gallery_media.jpeg', 'https://cdn-media.medialabtc.it/es/agencies/md522/estates/615719/images/8887152/gallery_media.jpeg', 'https://cdn-media.medialabtc.it/es/agencies/md522/estates/615719/images/8857770/gallery_media.jpeg', 'https://cdn-media.medialabtc.it/es/agencies/md522/estates/615719/images/8856136/gallery_media.jpeg', 'https://cdn-media.medialabtc.it/es/agencies/md522/estates/615719/images/8857769/gallery_media.jpeg', 'https://cdn-media.medialabtc.it/es/agencies/md522/estates/615719/images/8856134/gallery_media.jpeg', 'https://cdn-media.medialabtc.it/es/agencies/md522/estates/615719/images/8856130/gallery_media.jpeg', 'https://cdn-media.medialabtc.it/es/agencies/md522/estates/615719/images/8857772/gallery_media.jpeg', 'https://cdn-media.medialabtc.it/es/agencies/md522/estates/615719/images/8857773/gallery_media.jpeg', 'https://cdn-media.medialabtc.it/es/agencies/md522/estates/615719/images/8857765/gallery_media.jpeg', 'https://cdn-media.medialabtc.it/es/agencies/md522/estates/615719/images/8887153/gallery_media.jpeg', 'https://cdn-media.medialabtc.it/es/agencies/md522/estates/615719/images/8856135/gallery_media.jpeg', 'https://cdn-media.medialabtc.it/es/agencies/md522/estates/615719/images/8857775/gallery_media.jpeg', 'https://cdn-media.medialabtc.it/es/agencies/md522/estates/615719/images/8857767/gallery_media.jpeg', 'https://cdn-media.medialabtc.it/es/agencies/md522/estates/615719/images/8857771/gallery_media.jpeg']",0,Desconocido,0,0,0,0,0,Desconocida,0,0,"['imagenes_tecnocasa\\anuncio_665\\0.jpeg', 'imagenes_tecnocasa\\anuncio_665\\1.jpeg', 'imagenes_tecnocasa\\anuncio_665\\2.jpeg', 'imagenes_tecnocasa\\anuncio_665\\3.jpeg', 'imagenes_tecnocasa\\anuncio_665\\4.jpeg', 'imagenes_tecnocasa\\anuncio_665\\5.jpeg', 'imagenes_tecnocasa\\anuncio_665\\6.jpeg', 'imagenes_tecnocasa\\anuncio_665\\7.jpeg', 'imagenes_tecnocasa\\anuncio_665\\8.jpeg', 'imagenes_tecnocasa\\anuncio_665\\9.jpeg', 'imagenes_tecnocasa\\anuncio_665\\10.jpeg', 'imagenes_tecnocasa\\anuncio_665\\11.jpeg', 'imagenes_tecnocasa\\anuncio_665\\12.jpeg', 'imagenes_tecnocasa\\anuncio_665\\13.jpeg', 'imagenes_tecnocasa\\anuncio_665\\14.jpeg', 'imagenes_tecnocasa\\anuncio_665\\15.jpeg', 'imagenes_tecnocasa\\anuncio_665\\16.jpeg', 'imagenes_tecnocasa\\anuncio_665\\17.jpeg', 'imagenes_tecnocasa\\anuncio_665\\18.jpeg', 'imagenes_tecnocasa\\anuncio_665\\19.jpeg']",0,Popular,1975,0,0,0,piso,1,Leganés,Leganés,40.3281942,-3.76527,665,3982.1428571428573,125.0,101.0,1.0,1.0,2.0,1.0,otro,otro,otro,otro,nada,1.4,1.8,otro,"['#000000', '#000000', '#000000']",otro,False,otro,otro,otro,ninguno,otro,otro,otro,5.2,5.2,ninguna,5
https://www.tecnocasa.es/venta/piso/madrid/leganes/615715.html,183000.0,1,43.0,1,"Agencia inmobiliaria de Leganés zona La Fortuna Tecnocasa Estudio Inmobiliario La Fortuna:
EN VENTA: Te presentamos este luminoso PISO PLANTA BAJA de OBRA NUEVA en el Barrio de La Fortuna.
IDEAL PARA PERSONAS MAYORES O CON MOVILIDAD REDUCIDA. Excelentes conexiones, cerca de transporte público y M40.
Descrito de entrada, amplio salón, cocina moderna, baño completo y un dormitorio. Disfruta de un patio de 12.5m², ideal para tus momentos de relax. Acabados de alta gama y diseño funcional.
Detalles del Inmueble:
Superficie: 55.50 metros cuadrados
Año de Construcción: OBRA NUEVA
Habitaciones: 1
Baños: 1 completo con plato de ducha
Extras: Patio privado de 12.5 m2
Para más información y concertar una visita, contacta con nosotros. ¡No dejes pasar esta oportunidad! Nuestro departamento financiero te guiará con la hipoteca.",1,1,1,1,1,1,0,1,1,1,"['https://cdn-media.medialabtc.it/es/agencies/md522/estates/615715/images/8857759/gallery_media.jpeg', 'https://cdn-media.medialabtc.it/es/agencies/md522/estates/615715/images/8857763/gallery_media.jpeg', 'https://cdn-media.medialabtc.it/es/agencies/md522/estates/615715/images/8856124/gallery_media.jpeg', 'https://cdn-media.medialabtc.it/es/agencies/md522/estates/615715/images/8887149/gallery_media.jpeg', 'https://cdn-media.medialabtc.it/es/agencies/md522/estates/615715/images/8857756/gallery_media.jpeg', 'https://cdn-media.medialabtc.it/es/agencies/md522/estates/615715/images/8856121/gallery_media.jpeg', 'https://cdn-media.medialabtc.it/es/agencies/md522/estates/615715/images/8856125/gallery_media.jpeg', 'https://cdn-media.medialabtc.it/es/agencies/md522/estates/615715/images/8856127/gallery_media.jpeg', 'https://cdn-media.medialabtc.it/es/agencies/md522/estates/615715/images/8887148/gallery_media.jpeg', 'https://cdn-media.medialabtc.it/es/agencies/md522/estates/615715/images/8857755/gallery_media.jpeg', 'https://cdn-media.medialabtc.it/es/agencies/md522/estates/615715/images/8857754/gallery_media.jpeg', 'https://cdn-media.medialabtc.it/es/agencies/md522/estates/615715/images/8857764/gallery_media.jpeg', 'https://cdn-media.medialabtc.it/es/agencies/md522/estates/615715/images/8856120/gallery_media.jpeg', 'https://cdn-media.medialabtc.it/es/agencies/md522/estates/615715/images/8857758/gallery_media.jpeg', 'https://cdn-media.medialabtc.it/es/agencies/md522/estates/615715/images/8856122/gallery_media.jpeg', 'https://cdn-media.medialabtc.it/es/agencies/md522/estates/615715/images/8857757/gallery_media.jpeg', 'https://cdn-media.medialabtc.it/es/agencies/md522/estates/615715/images/8856118/gallery_media.jpeg', 'https://cdn-media.medialabtc.it/es/agencies/md522/estates/615715/images/8857762/gallery_media.jpeg', 'https://cdn-media.medialabtc.it/es/agencies/md522/estates/615715/images/8857760/gallery_media.jpeg', 'https://cdn-media.medialabtc.it/es/agencies/md522/estates/615715/images/8857761/gallery_media.jpeg']",0,Desconocido,0,0,0,0,0,Desconocida,0,0,"['imagenes_tecnocasa\\anuncio_666\\0.jpeg', 'imagenes_tecnocasa\\anuncio_666\\1.jpeg', 'imagenes_tecnocasa\\anuncio_666\\2.jpeg', 'imagenes_tecnocasa\\anuncio_666\\3.jpeg', 'imagenes_tecnocasa\\anuncio_666\\4.jpeg', 'imagenes_tecnocasa\\anuncio_666\\5.jpeg', 'imagenes_tecnocasa\\anuncio_666\\6.jpeg', 'imagenes_tecnocasa\\anuncio_666\\7.jpeg', 'imagenes_tecnocasa\\anuncio_666\\8.jpeg', 'imagenes_tecnocasa\\anuncio_666\\9.jpeg', 'imagenes_tecnocasa\\anuncio_666\\10.jpeg', 'imagenes_tecnocasa\\anuncio_666\\11.jpeg', 'imagenes_tecnocasa\\anuncio_666\\12.jpeg', 'imagenes_tecnocasa\\anuncio_666\\13.jpeg', 'imagenes_tecnocasa\\anuncio_666\\14.jpeg', 'imagenes_tecnocasa\\anuncio_666\\15.jpeg', 'imagenes_tecnocasa\\anuncio_666\\16.jpeg', 'imagenes_tecnocasa\\anuncio_666\\17.jpeg', 'imagenes_tecnocasa\\anuncio_666\\18.jpeg', 'imagenes_tecnocasa\\anuncio_666\\19.jpeg']",0,Popular,1975,0,0,0,piso,1,Leganés,Leganés,40.3281942,-3.76527,666,4255.813953488372,127.0,104.0,0.95,1.0,2.0,1.0,otro,otro,otro,estándar (2.4-2.8m),nada,1.8,3.0,moderno,"['#FFFFFF', '#0077BE', '#A5004E']",otro,False,convencional,otro,ninguno,ninguno,estándar,básica,ninguno,5.6,6.4,ninguna,5
https://www.tecnocasa.es/venta/piso/madrid/madrid/616746.html,210000.0,2,50.0,1,"Agencia inmobiliaria de MADRID zona VICALVARO - VALDEBERNARDO - VALDERRIBAS TECNOCASA
VENDE:
Vvivienda ubicada en una SEGUNDA PLANTA sin ascensor, ubicada en zona comercial de Vicálvaro, en la Calle Villajimena muy cercano al polideportivo y parques la Vicalvarada y parque Forestal próximo a la Universidad Rey Juan Carlos y al centro comercial Vicálvaro. La vivienda se distribuye en salón, terraza, cocina, cuarto de baño, y dos luminosas habitaciones.
Estas son algunas de las características del inmueble:
- Es una segunda planta de un edificio de cuatro alturas más la planta baja.
- Orientación Sur en su salón y habitación principal, y Este en la segunda habitación, por lo que es muy luminoso.
- Amplio salón comedor con terraza.
- Dos dormitorios totalmente exteriores.
- Cocina totalmente equipada con electrodomésticos.
- El cuarto de baño cuenta con plato de ducha y columna de hidromasajes.
- Aire acondicionado en el salón y habitación de matrimonio
- Calefacción eléctrica con radiadores controlados por Wi-Fi marca Cecotec.
- Ventanas con cristal del climalit y rotura de puente térmico en toda la vivienda.
- Comunidad de propietarios 25 mensuales.
La vivienda se encuentra en una excelente ubicación, en la calle Villajimena. Esta zona ofrece una amplia variedad de servicios y comercios como centro comercial, universidad, comercios, bancos, centro de salud, zonas de restauración, y para los más pequeños, hay colegios y guarderías en las cercanías, así como parques y jardines donde disfrutar del aire libre.
El distrito de Vicálvaro es un barrio residencial de los más seguro de todo Madrid. Destacado por sus amplias avenidas y los numerosos metros destinados a zonas verdes. Y con excelentes conexiones a autopistas como la M-40 o la A-3.
La zona ofrece facilidad de aparcamiento, sin zona azul ni verde. Además, cuenta con plazas de aparcamiento para residentes (PLAZAS .), de uso exclusivo para personas empadronadas en el barrio, las cuales pueden ser adquiridas o cedidas por un número de años por un importe fijado por el Ayuntamiento. Para más información al respecto, diríjase a nuestra oficina.",1,1,1,1,1,1,0,1,1,1,"['https://cdn-media.medialabtc.it/es/agencies/mdat8/estates/616746/images/8900869/gallery_media.jpeg', 'https://cdn-media.medialabtc.it/es/agencies/mdat8/estates/616746/images/8900871/gallery_media.jpeg', 'https://cdn-media.medialabtc.it/es/agencies/mdat8/estates/616746/images/8979423/gallery_media.jpeg', 'https://cdn-media.medialabtc.it/es/agencies/mdat8/estates/616746/images/8900566/gallery_media.jpeg', 'https://cdn-media.medialabtc.it/es/agencies/mdat8/estates/616746/images/8900562/gallery_media.jpeg', 'https://cdn-media.medialabtc.it/es/agencies/mdat8/estates/616746/images/8900868/gallery_media.jpeg', 'https://cdn-media.medialabtc.it/es/agencies/mdat8/estates/616746/images/8900558/gallery_media.jpeg', 'https://cdn-media.medialabtc.it/es/agencies/mdat8/estates/616746/images/8900560/gallery_media.jpeg', 'https://cdn-media.medialabtc.it/es/agencies/mdat8/estates/616746/images/8904325/gallery_media.jpeg', 'https://cdn-media.medialabtc.it/es/agencies/mdat8/estates/616746/images/8979422/gallery_media.jpeg', 'https://cdn-media.medialabtc.it/es/agencies/mdat8/estates/616746/images/8900870/gallery_media.jpeg', 'https://cdn-media.medialabtc.it/es/agencies/mdat8/estates/616746/images/8900867/gallery_media.jpeg', 'https://cdn-media.medialabtc.it/es/agencies/mdat8/estates/616746/images/8900565/gallery_media.jpeg', 'https://cdn-media.medialabtc.it/es/agencies/mdat8/estates/616746/images/8900563/gallery_media.jpeg', 'https://cdn-media.medialabtc.it/es/agencies/mdat8/estates/616746/images/8901061/gallery_media.jpeg', 'https://cdn-media.medialabtc.it/es/agencies/mdat8/estates/616746/images/8900564/gallery_media.jpeg', 'https://cdn-media.medialabtc.it/es/agencies/mdat8/estates/616746/images/8900561/gallery_media.jpeg', 'https://cdn-media.medialabtc.it/es/agencies/mdat8/estates/616746/images/8900559/gallery_media.jpeg']",0,Desconocido,1,0,0,1,0,G,0,0,"['imagenes_tecnocasa\\anuncio_669\\0.jpeg', 'imagenes_tecnocasa\\anuncio_669\\1.jpeg', 'imagenes_tecnocasa\\anuncio_669\\2.jpeg', 'imagenes_tecnocasa\\anuncio_669\\3.jpeg', 'imagenes_tecnocasa\\anuncio_669\\4.jpeg', 'imagenes_tecnocasa\\anuncio_669\\5.jpeg', 'imagenes_tecnocasa\\anuncio_669\\6.jpeg', 'imagenes_tecnocasa\\anuncio_669\\7.jpeg', 'imagenes_tecnocasa\\anuncio_669\\8.jpeg', 'imagenes_tecnocasa\\anuncio_669\\9.jpeg', 'imagenes_tecnocasa\\anuncio_669\\10.jpeg', 'imagenes_tecnocasa\\anuncio_669\\11.jpeg', 'imagenes_tecnocasa\\anuncio_669\\12.jpeg', 'imagenes_tecnocasa\\anuncio_669\\13.jpeg', 'imagenes_tecnocasa\\anuncio_669\\14.jpeg', 'imagenes_tecnocasa\\anuncio_669\\15.jpeg', 'imagenes_tecnocasa\\anuncio_669\\16.jpeg', 'imagenes_tecnocasa\\anuncio_669\\17.jpeg']",1,Popular,1966,1,0,0,piso,2,Madrid,Madrid,40.4167047,-3.7035825,669,4200.0,338.0,209.0,0.0,0.0,3.0,0.0,otro,pintura,corredera,estándar (2.4-2.8m),nada,3.0,3.4,convencional,"['#A7C4E0', '#FFFFFF', '#5A708E']",buena,False,convencional,limitado,ninguno,ninguno,estándar,básica,ninguno,6.0,6.4,ninguna,5
https://www.tecnocasa.es/venta/piso/madrid/mostoles/612024.html,175000.0,2,50.0,1,"Agencia inmobiliaria TECNOCASA de MOSTOLES - zona ALFONSO XII - HOSPITAL METRO en EXCLUSIVA vende piso, TOTALMENTE EXTERIOR a 50 metros del HOSPITAL.
Se estudian ofertas.
Entrada, cocina con tendedero cerrado, salón, 2 dormitorios, baño y trastero.
Puerta blindada, ventanas de climalit con rotura de puente térmico en salón y dormitorios, cocina con puerta de cristal para zona de cocinar ventana exterior calefacción individual con caldera de gas natural, baño completo con ventana, radiadores cambiados, suelo de parquet en entrada, salón y dormitorios, suelo de gres en cocina y baño.
Cerca de todos los servicios como colegio, hospital, metro, autobuses, comercios, supermercado, etc.",1,1,1,1,1,1,1,1,1,1,"['https://cdn-media.medialabtc.it/es/agencies/abaa1/estates/612024/images/8920281/gallery_media.jpeg', 'https://cdn-media.medialabtc.it/es/agencies/abaa1/estates/612024/images/8920276/gallery_media.jpeg', 'https://cdn-media.medialabtc.it/es/agencies/abaa1/estates/612024/images/8920306/gallery_media.jpeg', 'https://cdn-media.medialabtc.it/es/agencies/abaa1/estates/612024/images/8920363/gallery_media.jpeg', 'https://cdn-media.medialabtc.it/es/agencies/abaa1/estates/612024/images/8920275/gallery_media.jpeg', 'https://cdn-media.medialabtc.it/es/agencies/abaa1/estates/612024/images/8920362/gallery_media.jpeg', 'https://cdn-media.medialabtc.it/es/agencies/abaa1/estates/612024/images/8920280/gallery_media.jpeg', 'https://cdn-media.medialabtc.it/es/agencies/abaa1/estates/612024/images/8920304/gallery_media.jpeg', 'https://cdn-media.medialabtc.it/es/agencies/abaa1/estates/612024/images/8920305/gallery_media.jpeg', 'https://cdn-media.medialabtc.it/es/agencies/abaa1/estates/612024/images/8920278/gallery_media.jpeg', 'https://cdn-media.medialabtc.it/es/agencies/abaa1/estates/612024/images/8920274/gallery_media.jpeg', 'https://cdn-media.medialabtc.it/es/agencies/abaa1/estates/612024/images/8920365/gallery_media.jpeg', 'https://cdn-media.medialabtc.it/es/agencies/abaa1/estates/612024/images/8920309/gallery_media.jpeg', 'https://cdn-media.medialabtc.it/es/agencies/abaa1/estates/612024/images/8920277/gallery_media.jpeg', 'https://cdn-media.medialabtc.it/es/agencies/abaa1/estates/612024/images/8920364/gallery_media.jpeg']",0,Desconocido,0,1,0,0,0,G,0,0,"['imagenes_tecnocasa\\anuncio_670\\0.jpeg', 'imagenes_tecnocasa\\anuncio_670\\1.jpeg', 'imagenes_tecnocasa\\anuncio_670\\2.jpeg', 'imagenes_tecnocasa\\anuncio_670\\3.jpeg', 'imagenes_tecnocasa\\anuncio_670\\4.jpeg', 'imagenes_tecnocasa\\anuncio_670\\5.jpeg', 'imagenes_tecnocasa\\anuncio_670\\6.jpeg', 'imagenes_tecnocasa\\anuncio_670\\7.jpeg', 'imagenes_tecnocasa\\anuncio_670\\8.jpeg', 'imagenes_tecnocasa\\anuncio_670\\9.jpeg', 'imagenes_tecnocasa\\anuncio_670\\10.jpeg', 'imagenes_tecnocasa\\anuncio_670\\11.jpeg', 'imagenes_tecnocasa\\anuncio_670\\12.jpeg', 'imagenes_tecnocasa\\anuncio_670\\13.jpeg', 'imagenes_tecnocasa\\anuncio_670\\14.jpeg']",1,Popular,1966,1,0,1,piso,1,Móstoles,Móstoles,40.3238525,-3.8649214,670,3500.0,103.0,76.0,0.05,0.4,0.0,0.0,parquet,pintura,corredera,estándar (2.4-2.8m),nada,3.2,3.6,clásico,"['#D8BFD8', '#8A2BE2', '#F8F8FF']",regular,False,convencional,limitado,ninguno,ninguno,estándar,básica,ninguno,5.8,5.8,ninguna,5
https://www.tecnocasa.es/venta/piso/madrid/madrid/333350.html,850000.0,4,118.0,2,"Agencia inmobiliaria de MADRID - zona PACIFICO - RETIRO Ofrece en VENTA en ABTAO
Te presentamos un espectacular piso en la Calle Abtao, ubicado en una quinta planta exterior que garantiza luminosidad y vistas gracias a su maravillosa terraza. Esta vivienda cuenta con cuatro habitaciones amplias y cómodas, perfectas para adaptarse a tus necesidades. Dispone de dos cuartos de baño completos, uno de ellos con bañera y otro con plato de ducha, ideal para tu privacidad.
La vivienda incluye plaza de garaje en la misma finca, para coche grande de aproximadamente 21 metros.
La finca ofrece excelentes comodidades: Portero físico, plaza de garaje incluida en el precio, cuatro ascensores.
Cuenta con acceso para personas con movilidad reducida y dispone de calefacción y agua central.
La zona dispone de todos los servicios básicos: supermercados, centros educativos públicos y privados, hospitales, centros deportivos, grandes almacenes, y una amplia oferta cultural, gastronómica y de ocio en general. Cercano al Parque del Buen Retiro
Respecto a movilidad, dispone de una gran oferta de transporte público, a escasos minutos de las estaciones de metro de Pacífico (líneas 1 y 6) y Conde de Casal (línea 6), además de numerosas líneas de autobús de la EMT en las inmediaciones de la finca. Cercano también a las estaciones de Atocha (tren) y Méndez Álvaro (autobuses)
No pierdas la oportunidad de vivir en un lugar que combina confort y calidad de vida. ¡Contáctanos para más información y para concertar una visita!",1,1,1,1,1,1,0,1,1,1,"['https://cdn-media.medialabtc.it/es/agencies/mdadd/estates/333350/images/8755904/gallery_media.jpeg', 'https://cdn-media.medialabtc.it/es/agencies/mdadd/estates/333350/images/8756098/gallery_media.jpeg', 'https://cdn-media.medialabtc.it/es/agencies/mdadd/estates/333350/images/8755917/gallery_media.jpeg', 'https://cdn-media.medialabtc.it/es/agencies/mdadd/estates/333350/images/8755922/gallery_media.jpeg', 'https://cdn-media.medialabtc.it/es/agencies/mdadd/estates/333350/images/8755841/gallery_media.jpeg', 'https://cdn-media.medialabtc.it/es/agencies/mdadd/estates/333350/images/8755836/gallery_media.jpeg', 'https://cdn-media.medialabtc.it/es/agencies/mdadd/estates/333350/images/8755918/gallery_media.jpeg', 'https://cdn-media.medialabtc.it/es/agencies/mdadd/estates/333350/images/8755914/gallery_media.jpeg', 'https://cdn-media.medialabtc.it/es/agencies/mdadd/estates/333350/images/8842556/gallery_media.jpeg', 'https://cdn-media.medialabtc.it/es/agencies/mdadd/estates/333350/images/8755911/gallery_media.jpeg', 'https://cdn-media.medialabtc.it/es/agencies/mdadd/estates/333350/images/8755908/gallery_media.jpeg', 'https://cdn-media.medialabtc.it/es/agencies/mdadd/estates/333350/images/8755920/gallery_media.jpeg', 'https://cdn-media.medialabtc.it/es/agencies/mdadd/estates/333350/images/8755913/gallery_media.jpeg', 'https://cdn-media.medialabtc.it/es/agencies/mdadd/estates/333350/images/8755910/gallery_media.jpeg', 'https://cdn-media.medialabtc.it/es/agencies/mdadd/estates/333350/images/8755903/gallery_media.jpeg', 'https://cdn-media.medialabtc.it/es/agencies/mdadd/estates/333350/images/8755919/gallery_media.jpeg', 'https://cdn-media.medialabtc.it/es/agencies/mdadd/estates/333350/images/8756096/gallery_media.jpeg', 'https://cdn-media.medialabtc.it/es/agencies/mdadd/estates/333350/images/8755916/gallery_media.jpeg', 'https://cdn-media.medialabtc.it/es/agencies/mdadd/estates/333350/images/8755902/gallery_media.jpeg', 'https://cdn-media.medialabtc.it/es/agencies/mdadd/estates/333350/images/8755905/gallery_media.jpeg', 'https://cdn-media.medialabtc.it/es/agencies/mdadd/estates/333350/images/8755840/gallery_media.jpeg', 'https://cdn-media.medialabtc.it/es/agencies/mdadd/estates/333350/images/8755837/gallery_media.jpeg', 'https://cdn-media.medialabtc.it/es/agencies/mdadd/estates/333350/images/8755909/gallery_media.jpeg', 'https://cdn-media.medialabtc.it/es/agencies/mdadd/estates/333350/images/8755907/gallery_media.jpeg', 'https://cdn-media.medialabtc.it/es/agencies/mdadd/estates/333350/images/8755921/gallery_media.jpeg', 'https://cdn-media.medialabtc.it/es/agencies/mdadd/estates/333350/images/8755912/gallery_media.jpeg', 'https://cdn-media.medialabtc.it/es/agencies/mdadd/estates/333350/images/8755915/gallery_media.jpeg']",1,Desconocido,1,0,0,1,1,E,0,0,"['imagenes_tecnocasa\\anuncio_671\\0.jpeg', 'imagenes_tecnocasa\\anuncio_671\\1.jpeg', 'imagenes_tecnocasa\\anuncio_671\\2.jpeg', 'imagenes_tecnocasa\\anuncio_671\\3.jpeg', 'imagenes_tecnocasa\\anuncio_671\\4.jpeg', 'imagenes_tecnocasa\\anuncio_671\\5.jpeg', 'imagenes_tecnocasa\\anuncio_671\\6.jpeg', 'imagenes_tecnocasa\\anuncio_671\\7.jpeg', 'imagenes_tecnocasa\\anuncio_671\\8.jpeg', 'imagenes_tecnocasa\\anuncio_671\\9.jpeg', 'imagenes_tecnocasa\\anuncio_671\\10.jpeg', 'imagenes_tecnocasa\\anuncio_671\\11.jpeg', 'imagenes_tecnocasa\\anuncio_671\\12.jpeg', 'imagenes_tecnocasa\\anuncio_671\\13.jpeg', 'imagenes_tecnocasa\\anuncio_671\\14.jpeg', 'imagenes_tecnocasa\\anuncio_671\\15.jpeg', 'imagenes_tecnocasa\\anuncio_671\\16.jpeg', 'imagenes_tecnocasa\\anuncio_671\\17.jpeg', 'imagenes_tecnocasa\\anuncio_671\\18.jpeg', 'imagenes_tecnocasa\\anuncio_671\\19.jpeg', 'imagenes_tecnocasa\\anuncio_671\\20.jpeg', 'imagenes_tecnocasa\\anuncio_671\\21.jpeg', 'imagenes_tecnocasa\\anuncio_671\\22.jpeg', 'imagenes_tecnocasa\\anuncio_671\\23.jpeg', 'imagenes_tecnocasa\\anuncio_671\\24.jpeg', 'imagenes_tecnocasa\\anuncio_671\\25.jpeg', 'imagenes_tecnocasa\\anuncio_671\\26.jpeg']",1,Señorial,1959,1,0,1,piso,3,Madrid,Madrid,40.4167047,-3.7035825,671,7203.389830508475,243.0,162.0,0.265625,0.4625,0.0,1.0,parquet,pintura,no visible,estándar (2.4-2.8m),nada,4.8,5.2,convencional,"['#F2F2F2', '#FFFFFF', '#D3D3D3']",buena,False,convencional,limitado,ninguno,ninguno,estándar,básica,ninguno,7.4,7.0,ninguna,5
https://www.tecnocasa.es/venta/piso/madrid/madrid/619947.html,465000.0,3,114.0,2,"Inmobiliaria en Granvia - Hortaleza - pinar del rey Madrid - Tecnocasa Estudio Gran Vía Hortaleza Sl.
¡Tu nuevo hogar te espera! Vivienda de 3 dormitorios con piscina y garaje en excelente ubicación
Descubre esta magnífica oportunidad: piso en segunda planta con ascensor, ubicado en una zona tranquila y bien conectada, ideal para familias o quienes buscan comodidad y funcionalidad.
La vivienda cuenta con 3 amplios dormitorios y 2 baños completos, ofreciendo el espacio perfecto para el día a día. Su estado de conservación es normal, lista para entrar a vivir o personalizar a tu gusto.
Disfruta de una buena orientación, que garantiza luz natural durante gran parte del día. Además, la urbanización dispone de piscina comunitaria, ideal para relajarte en los días de calor.
Incluye plaza de garaje y trastero, para mayor comodidad y espacio de almacenamiento. Todo ello en una zona consolidada, con excelentes conexiones tanto por transporte público como por autopista, facilitando tus desplazamientos diarios.
No dejes pasar esta oportunidad de vivir en un entorno cómodo y bien ubicado.
¡Contáctanos en Tecnocasa Gran Vía de Hortaleza y ven a visitarlo!",1,1,1,1,1,1,1,1,1,1,"['https://cdn-media.medialabtc.it/es/agencies/md083/estates/619947/images/8955693/gallery_media.jpeg', 'https://cdn-media.medialabtc.it/es/agencies/md083/estates/619947/images/8955635/gallery_media.jpeg', 'https://cdn-media.medialabtc.it/es/agencies/md083/estates/619947/images/8955636/gallery_media.jpeg', 'https://cdn-media.medialabtc.it/es/agencies/md083/estates/619947/images/8955690/gallery_media.jpeg', 'https://cdn-media.medialabtc.it/es/agencies/md083/estates/619947/images/8955689/gallery_media.jpeg', 'https://cdn-media.medialabtc.it/es/agencies/md083/estates/619947/images/8955683/gallery_media.jpeg', 'https://cdn-media.medialabtc.it/es/agencies/md083/estates/619947/images/8955702/gallery_media.jpeg', 'https://cdn-media.medialabtc.it/es/agencies/md083/estates/619947/images/8955695/gallery_media.jpeg', 'https://cdn-media.medialabtc.it/es/agencies/md083/estates/619947/images/8955706/gallery_media.jpeg', 'https://cdn-media.medialabtc.it/es/agencies/md083/estates/619947/images/8955682/gallery_media.jpeg', 'https://cdn-media.medialabtc.it/es/agencies/md083/estates/619947/images/8955638/gallery_media.jpeg', 'https://cdn-media.medialabtc.it/es/agencies/md083/estates/619947/images/8955685/gallery_media.jpeg', 'https://cdn-media.medialabtc.it/es/agencies/md083/estates/619947/images/8955692/gallery_media.jpeg', 'https://cdn-media.medialabtc.it/es/agencies/md083/estates/619947/images/8955698/gallery_media.jpeg', 'https://cdn-media.medialabtc.it/es/agencies/md083/estates/619947/images/8955710/gallery_media.jpeg', 'https://cdn-media.medialabtc.it/es/agencies/md083/estates/619947/images/8955688/gallery_media.jpeg', 'https://cdn-media.medialabtc.it/es/agencies/md083/estates/619947/images/8955637/gallery_media.jpeg', 'https://cdn-media.medialabtc.it/es/agencies/md083/estates/619947/images/8955697/gallery_media.jpeg', 'https://cdn-media.medialabtc.it/es/agencies/md083/estates/619947/images/8955641/gallery_media.jpeg', 'https://cdn-media.medialabtc.it/es/agencies/md083/estates/619947/images/8955709/gallery_media.jpeg', 'https://cdn-media.medialabtc.it/es/agencies/md083/estates/619947/images/8955691/gallery_media.jpeg', 'https://cdn-media.medialabtc.it/es/agencies/md083/estates/619947/images/8955696/gallery_media.jpeg', 'https://cdn-media.medialabtc.it/es/agencies/md083/estates/619947/images/8955686/gallery_media.jpeg']",0,Desconocido,1,1,1,0,0,E,0,1,"['imagenes_tecnocasa\\anuncio_672\\0.jpeg', 'imagenes_tecnocasa\\anuncio_672\\1.jpeg', 'imagenes_tecnocasa\\anuncio_672\\2.jpeg', 'imagenes_tecnocasa\\anuncio_672\\3.jpeg', 'imagenes_tecnocasa\\anuncio_672\\4.jpeg', 'imagenes_tecnocasa\\anuncio_672\\5.jpeg', 'imagenes_tecnocasa\\anuncio_672\\6.jpeg', 'imagenes_tecnocasa\\anuncio_672\\7.jpeg', 'imagenes_tecnocasa\\anuncio_672\\8.jpeg', 'imagenes_tecnocasa\\anuncio_672\\9.jpeg', 'imagenes_tecnocasa\\anuncio_672\\10.jpeg', 'imagenes_tecnocasa\\anuncio_672\\11.jpeg', 'imagenes_tecnocasa\\anuncio_672\\12.jpeg', 'imagenes_tecnocasa\\anuncio_672\\13.jpeg', 'imagenes_tecnocasa\\anuncio_672\\14.jpeg', 'imagenes_tecnocasa\\anuncio_672\\15.jpeg', 'imagenes_tecnocasa\\anuncio_672\\16.jpeg', 'imagenes_tecnocasa\\anuncio_672\\17.jpeg', 'imagenes_tecnocasa\\anuncio_672\\18.jpeg', 'imagenes_tecnocasa\\anuncio_672\\19.jpeg', 'imagenes_tecnocasa\\anuncio_672\\20.jpeg', 'imagenes_tecnocasa\\anuncio_672\\21.jpeg', 'imagenes_tecnocasa\\anuncio_672\\22.jpeg']",0,Media,2001,1,0,0,piso,2,Madrid,"Pinar Del Rey, Madrid",40.4167047,-3.7035825,672,4078.9473684210525,183.0,126.0,0.5375000000000001,0.7625,1.0,1.0,parquet,pintura,corredera,estándar (2.4-2.8m),nada,4.2,4.8,convencional,"['#F5F5DC', '#FFF8DC', '#FFFFFF']",buena,False,convencional,limitado,ninguno,ninguno,estándar,básica,ninguno,6.0,7.0,ninguna,5
https://www.tecnocasa.es/venta/casa/madrid/cobena/616123.html,409900.0,4,171.0,3,"Agencia inmobiliaria de Paracuellos de Jarama zona PARACUELLOS DE JARAMA - MIRAMADRID - ALTOS DE JARAMA Oficina Tecnocasa situada en C/ Callejón de la Iglesia 3 (PARACUELLOS DE JARAMA ):

EN VENTA: ESPECTACULAR CHALET ADOSADO DE 171 M2 EN COBEÑA . Rodeado de todo tipo de servicios a su alrededor como supermercado, transporte público , bancos, pequeños comercios, colegio, farmacia, centro de salud, zonas verdes, parking, etc.


La vivienda está situada en una de las mejores ubicaciones de Cobeña .
¡Descubre el hogar de tus sueños en Cobeña! Este impresionante chalet adosado te ofrece la oportunidad única de vivir en una de las mejores zonas . La propiedad se extiende a lo largo de 171 m², distribuidos en 3 plantas que garantizan tranquilidad y confort.

El salón comedor, amplio y luminoso, es el corazón del hogar, ideal para reuniones familiares o momentos de relax con acceso al patio trasero .. Además la vivienda cuenta con una piscina comunitaria , asegurando comodidad y seguridad.

La parcela de 181 m² es un oasis privado donde podras disfrutar con toda la familia . La vivienda principal cuenta con cuatro dormitorios y 3 baños ,

No pierdas la oportunidad de vivir en este paraíso rústico con financiación 100% disponible. ¡Ven a visitarlo y enamórate de tu nuevo hogar!",0,0,1,1,0,1,0,1,0,1,"['https://cdn-media.medialabtc.it/es/agencies/md626/estates/616123/images/8867385/gallery_media.jpeg', 'https://cdn-media.medialabtc.it/es/agencies/md626/estates/616123/images/8867332/gallery_media.jpeg', 'https://cdn-media.medialabtc.it/es/agencies/md626/estates/616123/images/8867329/gallery_media.jpeg', 'https://cdn-media.medialabtc.it/es/agencies/md626/estates/616123/images/8867335/gallery_media.jpeg', 'https://cdn-media.medialabtc.it/es/agencies/md626/estates/616123/images/8867388/gallery_media.jpeg', 'https://cdn-media.medialabtc.it/es/agencies/md626/estates/616123/images/8867328/gallery_media.jpeg', 'https://cdn-media.medialabtc.it/es/agencies/md626/estates/616123/images/8867383/gallery_media.jpeg', 'https://cdn-media.medialabtc.it/es/agencies/md626/estates/616123/images/8867331/gallery_media.jpeg', 'https://cdn-media.medialabtc.it/es/agencies/md626/estates/616123/images/8867337/gallery_media.jpeg', 'https://cdn-media.medialabtc.it/es/agencies/md626/estates/616123/images/8867334/gallery_media.jpeg', 'https://cdn-media.medialabtc.it/es/agencies/md626/estates/616123/images/8867327/gallery_media.jpeg', 'https://cdn-media.medialabtc.it/es/agencies/md626/estates/616123/images/8867386/gallery_media.jpeg', 'https://cdn-media.medialabtc.it/es/agencies/md626/estates/616123/images/8867341/gallery_media.jpeg', 'https://cdn-media.medialabtc.it/es/agencies/md626/estates/616123/images/8867389/gallery_media.jpeg', 'https://cdn-media.medialabtc.it/es/agencies/md626/estates/616123/images/8867339/gallery_media.jpeg', 'https://cdn-media.medialabtc.it/es/agencies/md626/estates/616123/images/8867384/gallery_media.jpeg', 'https://cdn-media.medialabtc.it/es/agencies/md626/estates/616123/images/8867394/gallery_media.jpeg', 'https://cdn-media.medialabtc.it/es/agencies/md626/estates/616123/images/8867333/gallery_media.jpeg', 'https://cdn-media.medialabtc.it/es/agencies/md626/estates/616123/images/8867340/gallery_media.jpeg', 'https://cdn-media.medialabtc.it/es/agencies/md626/estates/616123/images/8867336/gallery_media.jpeg', 'https://cdn-media.medialabtc.it/es/agencies/md626/estates/616123/images/8867330/gallery_media.jpeg', 'https://cdn-media.medialabtc.it/es/agencies/md626/estates/616123/images/8867382/gallery_media.jpeg', 'https://cdn-media.medialabtc.it/es/agencies/md626/estates/616123/images/8867387/gallery_media.jpeg', 'https://cdn-media.medialabtc.it/es/agencies/md626/estates/616123/images/8867391/gallery_media.jpeg', 'https://cdn-media.medialabtc.it/es/agencies/md626/estates/616123/images/8867393/gallery_media.jpeg', 'https://cdn-media.medialabtc.it/es/agencies/md626/estates/616123/images/8867392/gallery_media.jpeg', 'https://cdn-media.medialabtc.it/es/agencies/md626/estates/616123/images/8867338/gallery_media.jpeg', 'https://cdn-media.medialabtc.it/es/agencies/md626/estates/616123/images/8867390/gallery_media.jpeg', 'https://cdn-media.medialabtc.it/es/agencies/md626/estates/616123/images/8867326/gallery_media.jpeg']",0,Desconocido,1,0,1,0,1,Desconocida,0,0,"['imagenes_tecnocasa\\anuncio_673\\0.jpeg', 'imagenes_tecnocasa\\anuncio_673\\1.jpeg', 'imagenes_tecnocasa\\anuncio_673\\2.jpeg', 'imagenes_tecnocasa\\anuncio_673\\3.jpeg', 'imagenes_tecnocasa\\anuncio_673\\4.jpeg', 'imagenes_tecnocasa\\anuncio_673\\5.jpeg', 'imagenes_tecnocasa\\anuncio_673\\6.jpeg', 'imagenes_tecnocasa\\anuncio_673\\7.jpeg', 'imagenes_tecnocasa\\anuncio_673\\8.jpeg', 'imagenes_tecnocasa\\anuncio_673\\9.jpeg', 'imagenes_tecnocasa\\anuncio_673\\10.jpeg', 'imagenes_tecnocasa\\anuncio_673\\11.jpeg', 'imagenes_tecnocasa\\anuncio_673\\12.jpeg', 'imagenes_tecnocasa\\anuncio_673\\13.jpeg', 'imagenes_tecnocasa\\anuncio_673\\14.jpeg', 'imagenes_tecnocasa\\anuncio_673\\15.jpeg', 'imagenes_tecnocasa\\anuncio_673\\16.jpeg', 'imagenes_tecnocasa\\anuncio_673\\17.jpeg', 'imagenes_tecnocasa\\anuncio_673\\18.jpeg', 'imagenes_tecnocasa\\anuncio_673\\19.jpeg', 'imagenes_tecnocasa\\anuncio_673\\20.jpeg', 'imagenes_tecnocasa\\anuncio_673\\21.jpeg', 'imagenes_tecnocasa\\anuncio_673\\22.jpeg', 'imagenes_tecnocasa\\anuncio_673\\23.jpeg', 'imagenes_tecnocasa\\anuncio_673\\24.jpeg', 'imagenes_tecnocasa\\anuncio_673\\25.jpeg', 'imagenes_tecnocasa\\anuncio_673\\26.jpeg', 'imagenes_tecnocasa\\anuncio_673\\27.jpeg', 'imagenes_tecnocasa\\anuncio_673\\28.jpeg']",0,Media,1995,1,0,0,casa,2,Cobeña,Cobeña,40.5676083,-3.5048565,673,2397.0760233918127,214.0,149.0,1.0,1.0,2.0,1.0,parquet,pintura,corredera,estándar (2.4-2.8m),nada,6.0,6.0,moderno,"['#FFFFFF', '#D2B48C', '#000000']",buena,False,convencional,normal,ninguno,ninguno,estándar,básica,ninguno,7.6,7.0,ninguna,5
https://www.tecnocasa.es/venta/piso/madrid/madrid/618738.html,182000.0,2,53.0,1,"Agencia inmobiliaria de MADRID - zona CARABANCHEL SAN ISIDRO -VISTALEGRE – CARPETANA
Vende vivienda situada en la segunda planta para entrar a vivir en Calle Cabo Nicolás Mur de 53m2, compuesta por2 Dormitorios, Salón con cocina americana y Balcón, y 1 Baño.
Tiene varios puntos a destacar:
- Finca muy tranquila
- Muy luminoso.
- Vivienda para entrar a vivir.
- La cercanía del metro Carpetana.
- La cercanía a General Ricardos a 5 minutos.
Zona perfecta para las familias con zonas verdes en el entorno, bloque muy tranquilo
A 15 MINUTOS A PIE DE MADRID RÍO.
Fácil acceso a A42, M40, M30 Calle de Antonio López, Avenida de Andalucía, Hospital 12 de octubre, a 10 minutos del metro Carpetana y Urgel.
Esta cercano a las calles comerciales como la Avenida de Nuestra Señora de Valvanera, calle Oca, Calle Laguna, calle General Ricardos y Via Carpetana, pero también rodeado de zonas verdes como es el parque de la Cuña Verde y el parque de San Isidro.
PROXIMAMENTE TOUR VIRTUAL.
AVISO LEGAL: Recordamos a nuestros Señores clientes que la información facilitada no constituye una auténtica oferta vinculante ni contractual. Este anuncio publicitario es provisional, y las fotografías y datos en él incluidos están sujetos a posibles modificaciones, consecuencia de exigencias comerciales, jurídicas, técnicas o por mandato expreso de la propiedad. La información aquí contenida procura reflejar una orientación sobre los inmuebles a la fecha de su publicación. La totalidad del contenido que aparece tiene carácter meramente informativo y aproximado, no teniendo, en modo alguno, carácter contractual. Tanto los datos, como las imágenes y planos pueden estar sujetos a cambios, por lo que le invitamos a que, si precisa una información más exacta y detallada, contacte con nosotros y le atenderemos a la mayor brevedad posible. Los contenidos tienen únicamente finalidad informativa y bajo ninguna circunstancia deben usarse ni considerarse como oferta de venta o financiación, solicitud de una oferta de compra o financiación, ni recomendación para realizar cualquier otra transacción, salvo que así se indique expresamente. La información y documentación a ofrecer de acuerdo con lo dispuesto en el Real Decreto 515/1989 (de 21 de abril, relativa a la protección de los consumidores en cuanto a la información a suministrar en la compraventa y arrendamiento de viviendas), será puesta a disposición de los potenciales compradores en las respectivas delegaciones territoriales gestoras del inmueble. .",1,1,1,1,1,1,0,1,1,1,"['https://cdn-media.medialabtc.it/es/agencies/mdaxa/estates/618738/images/8923876/gallery_media.jpeg', 'https://cdn-media.medialabtc.it/es/agencies/mdaxa/estates/618738/images/8923853/gallery_media.jpeg', 'https://cdn-media.medialabtc.it/es/agencies/mdaxa/estates/618738/images/8923843/gallery_media.jpeg', 'https://cdn-media.medialabtc.it/es/agencies/mdaxa/estates/618738/images/8923874/gallery_media.jpeg', 'https://cdn-media.medialabtc.it/es/agencies/mdaxa/estates/618738/images/8923869/gallery_media.jpeg', 'https://cdn-media.medialabtc.it/es/agencies/mdaxa/estates/618738/images/8923870/gallery_media.jpeg', 'https://cdn-media.medialabtc.it/es/agencies/mdaxa/estates/618738/images/8923846/gallery_media.jpeg', 'https://cdn-media.medialabtc.it/es/agencies/mdaxa/estates/618738/images/8923881/gallery_media.jpeg', 'https://cdn-media.medialabtc.it/es/agencies/mdaxa/estates/618738/images/8923848/gallery_media.jpeg', 'https://cdn-media.medialabtc.it/es/agencies/mdaxa/estates/618738/images/8923844/gallery_media.jpeg', 'https://cdn-media.medialabtc.it/es/agencies/mdaxa/estates/618738/images/8923847/gallery_media.jpeg', 'https://cdn-media.medialabtc.it/es/agencies/mdaxa/estates/618738/images/8923873/gallery_media.jpeg', 'https://cdn-media.medialabtc.it/es/agencies/mdaxa/estates/618738/images/8923845/gallery_media.jpeg', 'https://cdn-media.medialabtc.it/es/agencies/mdaxa/estates/618738/images/8923878/gallery_media.jpeg', 'https://cdn-media.medialabtc.it/es/agencies/mdaxa/estates/618738/images/8923880/gallery_media.jpeg', 'https://cdn-media.medialabtc.it/es/agencies/mdaxa/estates/618738/images/8923849/gallery_media.jpeg', 'https://cdn-media.medialabtc.it/es/agencies/mdaxa/estates/618738/images/8923852/gallery_media.jpeg', 'https://cdn-media.medialabtc.it/es/agencies/mdaxa/estates/618738/images/8923871/gallery_media.jpeg', 'https://cdn-media.medialabtc.it/es/agencies/mdaxa/estates/618738/images/8923872/gallery_media.jpeg']",0,Desconocido,0,0,0,1,0,E,0,0,"['imagenes_tecnocasa\\anuncio_675\\0.jpeg', 'imagenes_tecnocasa\\anuncio_675\\1.jpeg', 'imagenes_tecnocasa\\anuncio_675\\2.jpeg', 'imagenes_tecnocasa\\anuncio_675\\3.jpeg', 'imagenes_tecnocasa\\anuncio_675\\4.jpeg', 'imagenes_tecnocasa\\anuncio_675\\5.jpeg', 'imagenes_tecnocasa\\anuncio_675\\6.jpeg', 'imagenes_tecnocasa\\anuncio_675\\7.jpeg', 'imagenes_tecnocasa\\anuncio_675\\8.jpeg', 'imagenes_tecnocasa\\anuncio_675\\9.jpeg', 'imagenes_tecnocasa\\anuncio_675\\10.jpeg', 'imagenes_tecnocasa\\anuncio_675\\11.jpeg', 'imagenes_tecnocasa\\anuncio_675\\12.jpeg', 'imagenes_tecnocasa\\anuncio_675\\13.jpeg', 'imagenes_tecnocasa\\anuncio_675\\14.jpeg', 'imagenes_tecnocasa\\anuncio_675\\15.jpeg', 'imagenes_tecnocasa\\anuncio_675\\16.jpeg', 'imagenes_tecnocasa\\anuncio_675\\17.jpeg', 'imagenes_tecnocasa\\anuncio_675\\18.jpeg']",1,Popular,1962,0,0,0,piso,2,Madrid,"San Isidro, Madrid",40.4167047,-3.7035825,675,3433.9622641509436,393.0,254.0,0.125,0.375,2.0,0.0,cerámica,pintura,corredera,estándar (2.4-2.8m),nada,3.6,4.6,convencional,"['#D2B48C', '#A0522D', '#F5F5DC']",regular,False,convencional,limitado,ninguno,ninguno,estándar,básica,ninguno,6.2,6.8,ninguna,5
https://www.tecnocasa.es/venta/piso/madrid/madrid/616515.html,200000.0,1,48.0,1,"INMOBILIARIA TECNOCASA ESTUDIO BARRIO DEL PILAR-LA VAGUADA VENDE:
Vivienda para actualizar, situada junto a CC La Vaguada y metro Barrio del Pilar, compuesta de salón, 1 dormitorio con armario empotrado, 1 cuarto de baño, y cocina. Trastero incluido.
-NO DEJES ESCAPAR ESTA OPORTUNIDAD-
la vivienda se encuentra situada junto a c. C la vaguada y metro barrio de el pilar (l9)
-1 dormitorio
-armario empotrado
-1 baño
-salón
-ascensor
-trastero
-videoportero
Con todos los servicios. Colegios, supermercados, bancos, farmacias, centro de salud, zonas verdes y CC la vaguada. Metro barrio del pilar (línea 9). Líneas de autobuses 42,132, 134,147, 134 y 49. Fácil acceso a m-30 y m-40
¡OPORTUNIDAD! con KÍRON, nuestro servicio de intermediación financiera, podrás encontrar la hipoteca que mejor se adapte a tus necesidades de financiación, valorando todas las ofertas que ofrecen las entidades bancarias de nuestro país con la posibilidad de financiación hasta 100 x 100, realízate gratis un estudio financiero gratuito y sin compromiso.
¡más de 30 años de experiencia nos avalan!",1,1,1,1,1,1,0,1,1,1,"['https://cdn-media.medialabtc.it/es/agencies/mdae8/estates/616515/images/8875716/gallery_media.jpeg', 'https://cdn-media.medialabtc.it/es/agencies/mdae8/estates/616515/images/8875712/gallery_media.jpeg', 'https://cdn-media.medialabtc.it/es/agencies/mdae8/estates/616515/images/8944547/gallery_media.jpeg', 'https://cdn-media.medialabtc.it/es/agencies/mdae8/estates/616515/images/8875710/gallery_media.jpeg', 'https://cdn-media.medialabtc.it/es/agencies/mdae8/estates/616515/images/8875719/gallery_media.jpeg', 'https://cdn-media.medialabtc.it/es/agencies/mdae8/estates/616515/images/8875721/gallery_media.jpeg', 'https://cdn-media.medialabtc.it/es/agencies/mdae8/estates/616515/images/8944544/gallery_media.jpeg', 'https://cdn-media.medialabtc.it/es/agencies/mdae8/estates/616515/images/8944548/gallery_media.jpeg', 'https://cdn-media.medialabtc.it/es/agencies/mdae8/estates/616515/images/8875714/gallery_media.jpeg', 'https://cdn-media.medialabtc.it/es/agencies/mdae8/estates/616515/images/8875713/gallery_media.jpeg', 'https://cdn-media.medialabtc.it/es/agencies/mdae8/estates/616515/images/8875715/gallery_media.jpeg', 'https://cdn-media.medialabtc.it/es/agencies/mdae8/estates/616515/images/8944550/gallery_media.jpeg', 'https://cdn-media.medialabtc.it/es/agencies/mdae8/estates/616515/images/8944545/gallery_media.jpeg', 'https://cdn-media.medialabtc.it/es/agencies/mdae8/estates/616515/images/8944546/gallery_media.jpeg']",0,Desconocido,0,1,0,0,0,E,0,0,"['imagenes_tecnocasa\\anuncio_677\\0.jpeg', 'imagenes_tecnocasa\\anuncio_677\\1.jpeg', 'imagenes_tecnocasa\\anuncio_677\\2.jpeg', 'imagenes_tecnocasa\\anuncio_677\\3.jpeg', 'imagenes_tecnocasa\\anuncio_677\\4.jpeg', 'imagenes_tecnocasa\\anuncio_677\\5.jpeg', 'imagenes_tecnocasa\\anuncio_677\\6.jpeg', 'imagenes_tecnocasa\\anuncio_677\\7.jpeg', 'imagenes_tecnocasa\\anuncio_677\\8.jpeg', 'imagenes_tecnocasa\\anuncio_677\\9.jpeg', 'imagenes_tecnocasa\\anuncio_677\\10.jpeg', 'imagenes_tecnocasa\\anuncio_677\\11.jpeg', 'imagenes_tecnocasa\\anuncio_677\\12.jpeg', 'imagenes_tecnocasa\\anuncio_677\\13.jpeg']",0,Popular,1968,1,0,1,piso,1,Madrid,"Pilar, Madrid",40.4167047,-3.7035825,677,4166.666666666667,167.0,128.0,0.0,0.0,0.0,0.0,cerámica,pintura,corredera,estándar (2.4-2.8m),nada,2.8,2.8,convencional,"['#F2E4D1', '#C8865A', '#FFFFFF']",regular,False,convencional,normal,ninguno,ninguno,estándar,básica,ninguno,6.4,6.0,ninguna,5
https://www.tecnocasa.es/venta/piso/madrid/madrid/600845.html,219000.0,2,75.0,2,"Fantástica primera planta de 75 metros cuadrados construidos con ascensor. Cuenta con 2 dormitorios, salón independiente, un pequeño trastero, cocina con tendedero y baño en perfecto estado de conservación. Además en la finca hay plazas de aparcamiento, por lo que se podría optar a comprar un garaje (No incluído en el precio).
Pertenece a una comunidad muy tranquila y se rodea de todos los servicios y comercios básicos de un barrio tradicional como San Diego (Supermercados, peluquerías, fruterías, bares, restaurantes, colegios, jardines infantiles).
Por su ubicación, está perfectamente conectado con líneas de Renfe, autobuses y metro (10 minutos andando de la Renfe de Asamblea de Madrid-Entrevías, 10 minutos de la estación de metro Buenos Aires).
Este año, GRUPO TECNOCASA cumple 31 años como líder del mercado inmobiliario en España.
¡Confía en el Verde, confía en TECNOCASA!",1,1,1,1,1,1,0,1,0,1,['https://www.tecnocasa.es/img/home-hero/es/tecnocasa/residential/desktop_6.jpg'],0,Desconocido,1,1,0,0,0,E,0,0,['imagenes_tecnocasa\\anuncio_679\\0.jpg'],0,Señorial,1996,0,0,0,piso,2,Madrid,"Puente De Vallecas, Palomeras - Portazgo, Madrid",40.4167047,-3.7035825,679,2920.0,136.0,105.0,0.0,0.0,0.0,0.0,otro,otro,otro,otro,nada,0.0,0.0,otro,"['#007bff', '#6c757d', '#ffffff']",otro,False,otro,otro,ninguno,ninguno,otro,otro,ninguno,10.0,8.0,ninguna,1
https://www.tecnocasa.es/venta/piso/madrid/collado-villalba/617286.html,235000.0,3,109.0,1,"TECNOCASA VILLALBA ESTACION PRESENTA:
Te presentamos esta fantástica oportunidad en una de las zonas consolidadas de la ciudad. Se trata de una vivienda de 100 m², ubicada en la tercera planta de un edificio con ascensor, construido en 1975.
El piso cuenta con tres dormitorios, todos con armarios empotrados, un baño completo, una cocina independiente con acceso a una de las terrazas. Un salón comedor que da acceso a la otra terraza, perfectas para disfrutar del aire libre o crear un pequeño espacio urbano. La distribución es cómoda y funcional, ideal tanto para familias como para quienes buscan una inversión con potencial.
La propiedad se encuentra de origen, ofreciendo múltiples posibilidades de reforma para adaptarla a tu gusto. Destaca por su luminosidad natural, gracias a su buena orientación y a los amplios ventanales presentes en varias estancias.
Una excelente opción tanto como vivienda habitual como inversión, en un edificio bien mantenido y con todos los servicios cercanos. Sin duda el fuerte de este inmueble es su ubicacion centrica, permitiendo tener tanto transporte publico, restaurantes, farmacias o ambulatorios como servicios esenciales a tu alcance.",0,1,1,1,1,1,1,1,1,1,"['https://cdn-media.medialabtc.it/es/agencies/mdbja/estates/617286/images/8894899/gallery_media.jpeg', 'https://cdn-media.medialabtc.it/es/agencies/mdbja/estates/617286/images/8894891/gallery_media.jpeg', 'https://cdn-media.medialabtc.it/es/agencies/mdbja/estates/617286/images/8894883/gallery_media.jpeg', 'https://cdn-media.medialabtc.it/es/agencies/mdbja/estates/617286/images/8894889/gallery_media.jpeg', 'https://cdn-media.medialabtc.it/es/agencies/mdbja/estates/617286/images/8894876/gallery_media.jpeg', 'https://cdn-media.medialabtc.it/es/agencies/mdbja/estates/617286/images/8894875/gallery_media.jpeg', 'https://cdn-media.medialabtc.it/es/agencies/mdbja/estates/617286/images/8894887/gallery_media.jpeg', 'https://cdn-media.medialabtc.it/es/agencies/mdbja/estates/617286/images/8894894/gallery_media.jpeg', 'https://cdn-media.medialabtc.it/es/agencies/mdbja/estates/617286/images/8894879/gallery_media.jpeg', 'https://cdn-media.medialabtc.it/es/agencies/mdbja/estates/617286/images/8894880/gallery_media.jpeg', 'https://cdn-media.medialabtc.it/es/agencies/mdbja/estates/617286/images/8894882/gallery_media.jpeg', 'https://cdn-media.medialabtc.it/es/agencies/mdbja/estates/617286/images/8894895/gallery_media.jpeg', 'https://cdn-media.medialabtc.it/es/agencies/mdbja/estates/617286/images/8894888/gallery_media.jpeg', 'https://cdn-media.medialabtc.it/es/agencies/mdbja/estates/617286/images/8894897/gallery_media.jpeg', 'https://cdn-media.medialabtc.it/es/agencies/mdbja/estates/617286/images/8894901/gallery_media.jpeg', 'https://cdn-media.medialabtc.it/es/agencies/mdbja/estates/617286/images/8894884/gallery_media.jpeg', 'https://cdn-media.medialabtc.it/es/agencies/mdbja/estates/617286/images/8894878/gallery_media.jpeg', 'https://cdn-media.medialabtc.it/es/agencies/mdbja/estates/617286/images/8894885/gallery_media.jpeg', 'https://cdn-media.medialabtc.it/es/agencies/mdbja/estates/617286/images/8894896/gallery_media.jpeg', 'https://cdn-media.medialabtc.it/es/agencies/mdbja/estates/617286/images/8894893/gallery_media.jpeg', 'https://cdn-media.medialabtc.it/es/agencies/mdbja/estates/617286/images/8894900/gallery_media.jpeg', 'https://cdn-media.medialabtc.it/es/agencies/mdbja/estates/617286/images/8894898/gallery_media.jpeg', 'https://cdn-media.medialabtc.it/es/agencies/mdbja/estates/617286/images/8894877/gallery_media.jpeg', 'https://cdn-media.medialabtc.it/es/agencies/mdbja/estates/617286/images/8894881/gallery_media.jpeg', 'https://cdn-media.medialabtc.it/es/agencies/mdbja/estates/617286/images/8894892/gallery_media.jpeg', 'https://cdn-media.medialabtc.it/es/agencies/mdbja/estates/617286/images/8894886/gallery_media.jpeg', 'https://cdn-media.medialabtc.it/es/agencies/mdbja/estates/617286/images/8894890/gallery_media.jpeg']",0,Desconocido,0,0,0,1,0,Desconocida,0,0,"['imagenes_tecnocasa\\anuncio_680\\0.jpeg', 'imagenes_tecnocasa\\anuncio_680\\1.jpeg', 'imagenes_tecnocasa\\anuncio_680\\2.jpeg', 'imagenes_tecnocasa\\anuncio_680\\3.jpeg', 'imagenes_tecnocasa\\anuncio_680\\4.jpeg', 'imagenes_tecnocasa\\anuncio_680\\5.jpeg', 'imagenes_tecnocasa\\anuncio_680\\6.jpeg', 'imagenes_tecnocasa\\anuncio_680\\7.jpeg', 'imagenes_tecnocasa\\anuncio_680\\8.jpeg', 'imagenes_tecnocasa\\anuncio_680\\9.jpeg', 'imagenes_tecnocasa\\anuncio_680\\10.jpeg', 'imagenes_tecnocasa\\anuncio_680\\11.jpeg', 'imagenes_tecnocasa\\anuncio_680\\12.jpeg', 'imagenes_tecnocasa\\anuncio_680\\13.jpeg', 'imagenes_tecnocasa\\anuncio_680\\14.jpeg', 'imagenes_tecnocasa\\anuncio_680\\15.jpeg', 'imagenes_tecnocasa\\anuncio_680\\16.jpeg', 'imagenes_tecnocasa\\anuncio_680\\17.jpeg', 'imagenes_tecnocasa\\anuncio_680\\18.jpeg', 'imagenes_tecnocasa\\anuncio_680\\19.jpeg', 'imagenes_tecnocasa\\anuncio_680\\20.jpeg', 'imagenes_tecnocasa\\anuncio_680\\21.jpeg', 'imagenes_tecnocasa\\anuncio_680\\22.jpeg', 'imagenes_tecnocasa\\anuncio_680\\23.jpeg', 'imagenes_tecnocasa\\anuncio_680\\24.jpeg', 'imagenes_tecnocasa\\anuncio_680\\25.jpeg', 'imagenes_tecnocasa\\anuncio_680\\26.jpeg']",0,Señorial,1970,1,0,1,piso,2,Collado Villalba,Collado Villalba,40.6431496,-3.9930128,680,2155.9633027522937,183.0,129.0,0.5,0.7,1.0,0.0,cerámica,pintura,corredera,estándar (2.4-2.8m),nada,2.8,2.8,convencional,"['#D2B48C', '#E0C8A8', '#A06A42']",regular,False,convencional,limitado,ninguno,ninguno,estándar,básica,ninguno,6.0,6.6,leve,5
https://www.tecnocasa.es/venta/piso/madrid/collado-villalba/616944.html,129500.0,2,63.0,1,"TECNOCASA PRESENTA EN EXCLUSIVA!
Oportunidad de inversión en pleno centro de Collado Villalba
A la venta fantástico estudio de 30 m², ubicado en una de las zonas más demandadas de Collado Villalba, a tan solo unos minutos caminando de la estación de tren. Esta propiedad representa una excelente oportunidad tanto para quienes buscan rentabilidad mediante el alquiler, como para quienes desean adquirir un activo en una ubicación con alta proyección y demanda constante. Actualmente se encuentra alquilado en 450€ con un contrato de arrendamiento que finaliza en enero de 2026.
La vivienda se distribuye en un único ambiente diáfano, con un diseño funcional y una óptima utilización del espacio. Destaca por su baño amplio, en muy buen estado, y por contar con armarios empotrados, lo que aporta una solución de almacenamiento eficiente sin restar metros útiles al espacio habitable.
El edificio dispone de ascensor, lo cual aumenta la accesibilidad y comodidad para cualquier perfil de inquilino, y además, el estudio incluye una plaza de garaje, un valor añadido muy apreciado en la zona, especialmente para quienes se desplazan a diario o trabajan en Madrid.
Se encuentra en un edificio construido en el año 2006, y está situado en el centro de Collado Villalba, muy cercano a la Plaza de los Belgas, este inmueble se beneficia de una excelente conexión mediante transporte público (Cercanías Renfe, autobuses) y una completa oferta de servicios: comercios, supermercados, restaurantes, centros de salud y zonas verdes. Todo ello contribuye a que la demanda de alquiler en esta zona sea estable y continua a lo largo del año, tanto por parte de trabajadores como de estudiantes o personas que buscan una alternativa a la capital sin renunciar a las comodidades urbanas.
Ideal para inversores que buscan una propiedad de bajo mantenimiento y alta demanda en alquiler.
Para más información o concertar una visita, no dudes en contactar. ¡No dejes pasar esta oportunidad!",0,1,1,1,1,1,1,1,1,1,"['https://cdn-media.medialabtc.it/es/agencies/mdbja/estates/616944/images/8895006/gallery_media.jpeg', 'https://cdn-media.medialabtc.it/es/agencies/mdbja/estates/616944/images/8895069/gallery_media.jpeg', 'https://cdn-media.medialabtc.it/es/agencies/mdbja/estates/616944/images/8895007/gallery_media.jpeg', 'https://cdn-media.medialabtc.it/es/agencies/mdbja/estates/616944/images/8895071/gallery_media.jpeg', 'https://cdn-media.medialabtc.it/es/agencies/mdbja/estates/616944/images/8895070/gallery_media.jpeg']",0,Desconocido,1,0,0,0,0,Desconocida,0,0,"['imagenes_tecnocasa\\anuncio_681\\0.jpeg', 'imagenes_tecnocasa\\anuncio_681\\1.jpeg', 'imagenes_tecnocasa\\anuncio_681\\2.jpeg', 'imagenes_tecnocasa\\anuncio_681\\3.jpeg', 'imagenes_tecnocasa\\anuncio_681\\4.jpeg']",0,Media,1966,0,0,1,piso,2,Collado Villalba,Collado Villalba,40.6431496,-3.9930128,681,2055.5555555555557,315.0,194.0,1.0,1.0,1.0,1.0,parquet,pintura,fija,bajo (<2.4m),nada,3.8,3.8,moderno,"['#663399', '#FFFFFF', '#9966CC']",buena,False,convencional,limitado,ninguno,ninguno,estándar,básica,ninguno,6.0,6.2,ninguna,5
https://www.tecnocasa.es/venta/piso/madrid/coslada/607000.html,214500.0,3,80.0,1,"Agencia inmobiliaria TECNOCASA de COSLADA VALLEAGUADO- LA CAÑADA
RESERVADA: vivienda con una ubicación inmejorable en el centro de valleaguado. Este piso de 78 M2 se encuentra en calle MIRASOL. Cuenta con 3 dormitorios, dos de ellos con armarios empotrados. Salón comedor con terraza que conecta salón y cocina. Tiene AIRE ACONDICIONADO. Cocina equipada con TERRAZA ABIERTA. Baño con bañera y ventana. Tiene TRASTERO Y ASCENSOR.
Su excelente ubicación a solo 2 minutos de la estación de metro la rambla y a 200 metros de una parada de bus, la convierten en una opción ideal para aquellos que buscan estar cerca de todo. Además, su fácil acceso a las carreteras M206, M45, M50 y A2, hacen de esta vivienda una opción perfecta para aquellos que necesitan desplazarse con frecuencia. ¡No dejes pasar esta oportunidad de tener tu propio hogar en una ubicación privilegiada!",1,1,1,1,1,1,1,1,1,1,"['https://cdn-media.medialabtc.it/es/agencies/mdbo4/estates/607000/images/8660858/gallery_media.jpeg', 'https://cdn-media.medialabtc.it/es/agencies/mdbo4/estates/607000/images/8660869/gallery_media.jpeg', 'https://cdn-media.medialabtc.it/es/agencies/mdbo4/estates/607000/images/8660874/gallery_media.jpeg', 'https://cdn-media.medialabtc.it/es/agencies/mdbo4/estates/607000/images/8660872/gallery_media.jpeg', 'https://cdn-media.medialabtc.it/es/agencies/mdbo4/estates/607000/images/8660835/gallery_media.jpeg', 'https://cdn-media.medialabtc.it/es/agencies/mdbo4/estates/607000/images/8660865/gallery_media.jpeg', 'https://cdn-media.medialabtc.it/es/agencies/mdbo4/estates/607000/images/8660866/gallery_media.jpeg', 'https://cdn-media.medialabtc.it/es/agencies/mdbo4/estates/607000/images/8660881/gallery_media.jpeg', 'https://cdn-media.medialabtc.it/es/agencies/mdbo4/estates/607000/images/8660833/gallery_media.jpeg', 'https://cdn-media.medialabtc.it/es/agencies/mdbo4/estates/607000/images/8660878/gallery_media.jpeg', 'https://cdn-media.medialabtc.it/es/agencies/mdbo4/estates/607000/images/8660862/gallery_media.jpeg', 'https://cdn-media.medialabtc.it/es/agencies/mdbo4/estates/607000/images/8662456/gallery_media.jpeg', 'https://cdn-media.medialabtc.it/es/agencies/mdbo4/estates/607000/images/8660859/gallery_media.jpeg', 'https://cdn-media.medialabtc.it/es/agencies/mdbo4/estates/607000/images/8660880/gallery_media.jpeg', 'https://cdn-media.medialabtc.it/es/agencies/mdbo4/estates/607000/images/8660873/gallery_media.jpeg', 'https://cdn-media.medialabtc.it/es/agencies/mdbo4/estates/607000/images/8660877/gallery_media.jpeg', 'https://cdn-media.medialabtc.it/es/agencies/mdbo4/estates/607000/images/8660870/gallery_media.jpeg', 'https://cdn-media.medialabtc.it/es/agencies/mdbo4/estates/607000/images/8660860/gallery_media.jpeg', 'https://cdn-media.medialabtc.it/es/agencies/mdbo4/estates/607000/images/8660876/gallery_media.jpeg', 'https://cdn-media.medialabtc.it/es/agencies/mdbo4/estates/607000/images/8660879/gallery_media.jpeg', 'https://cdn-media.medialabtc.it/es/agencies/mdbo4/estates/607000/images/8660867/gallery_media.jpeg', 'https://cdn-media.medialabtc.it/es/agencies/mdbo4/estates/607000/images/8660836/gallery_media.jpeg', 'https://cdn-media.medialabtc.it/es/agencies/mdbo4/estates/607000/images/8660834/gallery_media.jpeg', 'https://cdn-media.medialabtc.it/es/agencies/mdbo4/estates/607000/images/8660871/gallery_media.jpeg', 'https://cdn-media.medialabtc.it/es/agencies/mdbo4/estates/607000/images/8660864/gallery_media.jpeg', 'https://cdn-media.medialabtc.it/es/agencies/mdbo4/estates/607000/images/8660863/gallery_media.jpeg', 'https://cdn-media.medialabtc.it/es/agencies/mdbo4/estates/607000/images/8660875/gallery_media.jpeg', 'https://cdn-media.medialabtc.it/es/agencies/mdbo4/estates/607000/images/8660861/gallery_media.jpeg']",0,Desconocido,0,1,0,1,0,E,0,0,"['imagenes_tecnocasa\\anuncio_682\\0.jpeg', 'imagenes_tecnocasa\\anuncio_682\\1.jpeg', 'imagenes_tecnocasa\\anuncio_682\\2.jpeg', 'imagenes_tecnocasa\\anuncio_682\\3.jpeg', 'imagenes_tecnocasa\\anuncio_682\\4.jpeg', 'imagenes_tecnocasa\\anuncio_682\\5.jpeg', 'imagenes_tecnocasa\\anuncio_682\\6.jpeg', 'imagenes_tecnocasa\\anuncio_682\\7.jpeg', 'imagenes_tecnocasa\\anuncio_682\\8.jpeg', 'imagenes_tecnocasa\\anuncio_682\\9.jpeg', 'imagenes_tecnocasa\\anuncio_682\\10.jpeg', 'imagenes_tecnocasa\\anuncio_682\\11.jpeg', 'imagenes_tecnocasa\\anuncio_682\\12.jpeg', 'imagenes_tecnocasa\\anuncio_682\\13.jpeg', 'imagenes_tecnocasa\\anuncio_682\\14.jpeg', 'imagenes_tecnocasa\\anuncio_682\\15.jpeg', 'imagenes_tecnocasa\\anuncio_682\\16.jpeg', 'imagenes_tecnocasa\\anuncio_682\\17.jpeg', 'imagenes_tecnocasa\\anuncio_682\\18.jpeg', 'imagenes_tecnocasa\\anuncio_682\\19.jpeg', 'imagenes_tecnocasa\\anuncio_682\\20.jpeg', 'imagenes_tecnocasa\\anuncio_682\\21.jpeg', 'imagenes_tecnocasa\\anuncio_682\\22.jpeg', 'imagenes_tecnocasa\\anuncio_682\\23.jpeg', 'imagenes_tecnocasa\\anuncio_682\\24.jpeg', 'imagenes_tecnocasa\\anuncio_682\\25.jpeg', 'imagenes_tecnocasa\\anuncio_682\\26.jpeg', 'imagenes_tecnocasa\\anuncio_682\\27.jpeg']",1,Media,1975,0,0,0,piso,1,Coslada,Coslada,40.423802,-3.5552882,682,2681.25,142.0,102.0,1.0,1.0,0.0,1.0,otro,pintura,corredera,estándar (2.4-2.8m),nada,3.6,2.8,convencional,"['#F5F5DC', '#DEB887', '#A0522D']",regular,False,convencional,limitado,ninguno,ninguno,estándar,básica,ninguno,6.0,7.0,ninguna,5
https://www.tecnocasa.es/venta/piso/madrid/madrid/525984.html,295000.0,3,87.0,1,"Agencia inmobiliaria de Madrid zona Lavapies – Embajadores – Tirso De Molina Tecnocasa ESTUDIO REAL DE LAVAPIES SL VENDE piso EXTERIOR de 84m2, piso distribuido en salón, cocina, con 3 DORMITORIOS, 1 BAÑO, ALMACEN y PLAZA DE GARAJE.

POSIBILIDAD DE VIVIENDA DE USO TURISTICO. Planta baja cercana a estaciones de metro L5 La Latina, L3-Lavapies y Embajadores-L3-L5. L1-Tirso de Molina, a 10 minutos de la estación de Atocha.
Buena comunicación con autobuses y a escasos 5 minutos de Renfe Embajadores. Para más información contacta con nosotros sin ningún tipo de compromiso y concierta una cita en la que además de conocer la vivienda te informará sobre las condiciones de financiación actuales, uno de nuestros asesores financieros de Kiron.",1,1,1,1,1,1,0,1,1,1,"['https://cdn-media.medialabtc.it/es/agencies/md059/estates/525984/images/8516890/gallery_media.jpeg', 'https://cdn-media.medialabtc.it/es/agencies/md059/estates/525984/images/8516888/gallery_media.jpeg', 'https://cdn-media.medialabtc.it/es/agencies/md059/estates/525984/images/8516913/gallery_media.jpeg', 'https://cdn-media.medialabtc.it/es/agencies/md059/estates/525984/images/8516896/gallery_media.jpeg', 'https://cdn-media.medialabtc.it/es/agencies/md059/estates/525984/images/8516871/gallery_media.jpeg', 'https://cdn-media.medialabtc.it/es/agencies/md059/estates/525984/images/8516892/gallery_media.jpeg', 'https://cdn-media.medialabtc.it/es/agencies/md059/estates/525984/images/8516869/gallery_media.jpeg', 'https://cdn-media.medialabtc.it/es/agencies/md059/estates/525984/images/8516914/gallery_media.jpeg', 'https://cdn-media.medialabtc.it/es/agencies/md059/estates/525984/images/8516885/gallery_media.jpeg', 'https://cdn-media.medialabtc.it/es/agencies/md059/estates/525984/images/8516894/gallery_media.jpeg', 'https://cdn-media.medialabtc.it/es/agencies/md059/estates/525984/images/8516868/gallery_media.jpeg', 'https://cdn-media.medialabtc.it/es/agencies/md059/estates/525984/images/8516897/gallery_media.jpeg', 'https://cdn-media.medialabtc.it/es/agencies/md059/estates/525984/images/8516866/gallery_media.jpeg', 'https://cdn-media.medialabtc.it/es/agencies/md059/estates/525984/images/8516889/gallery_media.jpeg', 'https://cdn-media.medialabtc.it/es/agencies/md059/estates/525984/images/8516864/gallery_media.jpeg', 'https://cdn-media.medialabtc.it/es/agencies/md059/estates/525984/images/8516870/gallery_media.jpeg', 'https://cdn-media.medialabtc.it/es/agencies/md059/estates/525984/images/8516886/gallery_media.jpeg', 'https://cdn-media.medialabtc.it/es/agencies/md059/estates/525984/images/8516893/gallery_media.jpeg', 'https://cdn-media.medialabtc.it/es/agencies/md059/estates/525984/images/8516867/gallery_media.jpeg', 'https://cdn-media.medialabtc.it/es/agencies/md059/estates/525984/images/8516887/gallery_media.jpeg', 'https://cdn-media.medialabtc.it/es/agencies/md059/estates/525984/images/8516865/gallery_media.jpeg', 'https://cdn-media.medialabtc.it/es/agencies/md059/estates/525984/images/8516891/gallery_media.jpeg', 'https://cdn-media.medialabtc.it/es/agencies/md059/estates/525984/images/8516895/gallery_media.jpeg', 'https://cdn-media.medialabtc.it/es/agencies/md059/estates/525984/images/8516872/gallery_media.jpeg']",0,Desconocido,1,0,0,0,0,E,0,0,"['imagenes_tecnocasa\\anuncio_685\\0.jpeg', 'imagenes_tecnocasa\\anuncio_685\\1.jpeg', 'imagenes_tecnocasa\\anuncio_685\\2.jpeg', 'imagenes_tecnocasa\\anuncio_685\\3.jpeg', 'imagenes_tecnocasa\\anuncio_685\\4.jpeg', 'imagenes_tecnocasa\\anuncio_685\\5.jpeg', 'imagenes_tecnocasa\\anuncio_685\\6.jpeg', 'imagenes_tecnocasa\\anuncio_685\\7.jpeg', 'imagenes_tecnocasa\\anuncio_685\\8.jpeg', 'imagenes_tecnocasa\\anuncio_685\\9.jpeg', 'imagenes_tecnocasa\\anuncio_685\\10.jpeg', 'imagenes_tecnocasa\\anuncio_685\\11.jpeg', 'imagenes_tecnocasa\\anuncio_685\\12.jpeg', 'imagenes_tecnocasa\\anuncio_685\\13.jpeg', 'imagenes_tecnocasa\\anuncio_685\\14.jpeg', 'imagenes_tecnocasa\\anuncio_685\\15.jpeg', 'imagenes_tecnocasa\\anuncio_685\\16.jpeg', 'imagenes_tecnocasa\\anuncio_685\\17.jpeg', 'imagenes_tecnocasa\\anuncio_685\\18.jpeg', 'imagenes_tecnocasa\\anuncio_685\\19.jpeg', 'imagenes_tecnocasa\\anuncio_685\\20.jpeg', 'imagenes_tecnocasa\\anuncio_685\\21.jpeg', 'imagenes_tecnocasa\\anuncio_685\\22.jpeg', 'imagenes_tecnocasa\\anuncio_685\\23.jpeg']",0,Popular,1880,0,0,0,piso,1,Embajadores,"Lavapiés - Embajadores, Madrid",40.4095856,-3.7029851,685,3390.8045977011493,118.0,91.0,0.2,0.30000000000000004,0.0,0.0,cerámica,pintura,otro,estándar (2.4-2.8m),nada,2.8,2.4,clásico,"['#FFF8DC', '#A0522D', '#8B4513']",regular,False,convencional,limitado,ninguno,ninguno,estándar,básica,ninguno,6.4,5.4,ninguna,5
https://www.tecnocasa.es/venta/piso/madrid/madrid/610450.html,200000.0,2,52.0,1,"'INMOBILIARIA TECNOCASA BARRIO DEL PILAR-LA VAGUADA VENDE'
OPORTUNIDAD INVERSION! VIVIENDA ACTUALMENTE CON ARRENDAMIENTO DE RENTA ANTIGUA
Vivienda para reformar situada cerca de metro Barrio del Pilar y C. C. La Vaguada, compuesta de 2 dormitorios, salón, cocina y cuarto de baño.
-SOLICITA MAS INFORMACION-
Con todos los servicios. Colegios, supermercados, bancos, farmacias, centro de salud y C. C La Vaguada. Metro barrio del pilar (Línea 9). Líneas de autobuses 42,132, 134,147, 134 y 49. Fácil acceso a M-30 y M-40
Oportunidad con KÍRON! Nuestro servicio de intermediación financiera, podrás encontrar la hipoteca que mejor se adapte a tus necesidades de financiación, valorando todas las ofertas que ofrecen las entidades de nuestro país con posibilidad de financiación hasta el 100 x 100. Realízate un estudio financiero gratuito y sin compromiso
¡MÁS DE 30 AÑOS DE EXPERIENCIA NOS AVALAN!",1,1,1,1,1,1,0,1,1,1,"['https://cdn-media.medialabtc.it/es/agencies/mdae8/estates/610450/images/8769604/gallery_media.jpeg', 'https://cdn-media.medialabtc.it/es/agencies/mdae8/estates/610450/images/8769599/gallery_media.jpeg', 'https://cdn-media.medialabtc.it/es/agencies/mdae8/estates/610450/images/8769609/gallery_media.jpeg', 'https://cdn-media.medialabtc.it/es/agencies/mdae8/estates/610450/images/8769600/gallery_media.jpeg', 'https://cdn-media.medialabtc.it/es/agencies/mdae8/estates/610450/images/8769601/gallery_media.jpeg', 'https://cdn-media.medialabtc.it/es/agencies/mdae8/estates/610450/images/8769606/gallery_media.jpeg', 'https://cdn-media.medialabtc.it/es/agencies/mdae8/estates/610450/images/8769603/gallery_media.jpeg', 'https://cdn-media.medialabtc.it/es/agencies/mdae8/estates/610450/images/8769607/gallery_media.jpeg', 'https://cdn-media.medialabtc.it/es/agencies/mdae8/estates/610450/images/8769608/gallery_media.jpeg', 'https://cdn-media.medialabtc.it/es/agencies/mdae8/estates/610450/images/8769610/gallery_media.jpeg', 'https://cdn-media.medialabtc.it/es/agencies/mdae8/estates/610450/images/8769611/gallery_media.jpeg', 'https://cdn-media.medialabtc.it/es/agencies/mdae8/estates/610450/images/8769602/gallery_media.jpeg', 'https://cdn-media.medialabtc.it/es/agencies/mdae8/estates/610450/images/8769605/gallery_media.jpeg']",0,Desconocido,0,0,0,0,0,E,0,0,"['imagenes_tecnocasa\\anuncio_686\\0.jpeg', 'imagenes_tecnocasa\\anuncio_686\\1.jpeg', 'imagenes_tecnocasa\\anuncio_686\\2.jpeg', 'imagenes_tecnocasa\\anuncio_686\\3.jpeg', 'imagenes_tecnocasa\\anuncio_686\\4.jpeg', 'imagenes_tecnocasa\\anuncio_686\\5.jpeg', 'imagenes_tecnocasa\\anuncio_686\\6.jpeg', 'imagenes_tecnocasa\\anuncio_686\\7.jpeg', 'imagenes_tecnocasa\\anuncio_686\\8.jpeg', 'imagenes_tecnocasa\\anuncio_686\\9.jpeg', 'imagenes_tecnocasa\\anuncio_686\\10.jpeg', 'imagenes_tecnocasa\\anuncio_686\\11.jpeg', 'imagenes_tecnocasa\\anuncio_686\\12.jpeg']",0,Popular,1965,0,0,1,piso,1,Madrid,"Pilar, Madrid",40.4167047,-3.7035825,686,3846.153846153846,137.0,114.0,0.0,0.0,0.0,0.0,cerámica,pintura,corredera,estándar (2.4-2.8m),nada,2.6,3.4,convencional,"['#F5F5DC', '#FFF8DC', '#FFFFE0']",regular,False,convencional,limitado,ninguno,ninguno,estándar,básica,ninguno,6.8,6.8,ninguna,5
https://www.tecnocasa.es/venta/piso/madrid/madrid/620218.html,314999.0,3,122.0,2,"Agencia inmobiliaria de MADRID VALLECAS - Zona PALOMERAS SURESTE - Oficina TECNOCASA

Vende piso exterior ubicado en la Avda. Pablo Neruda, muy luminoso con plaza de garaje incluida en el precio, de tres dormitorios, un aseo y un cuarto de baño con bañera.
Edificio adaptado a personas de movilidad reducida.

TECNOCASA → PALOMERAS SURESTE - PORTAZGO.

Hall recibidor que sirve como distribuidor entre la cocina y el salón - comedor.
Salón - comedor con salida a una terraza muy agradable, cocina de formato alargado de gran tamaño con un tendedero.

Tres dormitorios amplios, dos de ellos con armario empotrado.
Dispone de un cuarto de baño y un aseo.
Calefacción individual con gas natural.

La vivienda se encuentra en una zona con muy buena comunicación, a escasos metros de la Avda. de Miguel Hernández y de la Avda. Buenos Aires. Fácil y rápido acceso a las principales vías de entrada y salida de Madrid. Conexión M-30, M-40 y A-3. Excelente comunicación por autobuses, metro y Renfe.

Con todos los servicios como centros de salud, farmacias, colegios, institutos, bancos, supermercado, polideportivos…

Si se ajusta a sus criterios y busca una buena oportunidad esta vivienda puede ser la suya, venga a verla, y si necesita financiación quedan a su disposición nuestros compañeros del departamento financiero Kíron para ofrecerle la mejor opción de financiación.
¡No dude en venir a verlo!

Muchas gracias por su confianza.",1,1,1,1,1,1,0,1,0,1,"['https://cdn-media.medialabtc.it/es/agencies/md099/estates/620218/images/8959201/gallery_media.jpeg', 'https://cdn-media.medialabtc.it/es/agencies/md099/estates/620218/images/8959190/gallery_media.jpeg', 'https://cdn-media.medialabtc.it/es/agencies/md099/estates/620218/images/8959195/gallery_media.jpeg', 'https://cdn-media.medialabtc.it/es/agencies/md099/estates/620218/images/8959185/gallery_media.jpeg', 'https://cdn-media.medialabtc.it/es/agencies/md099/estates/620218/images/8959193/gallery_media.jpeg', 'https://cdn-media.medialabtc.it/es/agencies/md099/estates/620218/images/8959200/gallery_media.jpeg', 'https://cdn-media.medialabtc.it/es/agencies/md099/estates/620218/images/8959198/gallery_media.jpeg', 'https://cdn-media.medialabtc.it/es/agencies/md099/estates/620218/images/8959197/gallery_media.jpeg', 'https://cdn-media.medialabtc.it/es/agencies/md099/estates/620218/images/8959187/gallery_media.jpeg', 'https://cdn-media.medialabtc.it/es/agencies/md099/estates/620218/images/8959191/gallery_media.jpeg', 'https://cdn-media.medialabtc.it/es/agencies/md099/estates/620218/images/8959194/gallery_media.jpeg', 'https://cdn-media.medialabtc.it/es/agencies/md099/estates/620218/images/8959186/gallery_media.jpeg', 'https://cdn-media.medialabtc.it/es/agencies/md099/estates/620218/images/8959196/gallery_media.jpeg', 'https://cdn-media.medialabtc.it/es/agencies/md099/estates/620218/images/8959199/gallery_media.jpeg', 'https://cdn-media.medialabtc.it/es/agencies/md099/estates/620218/images/8959189/gallery_media.jpeg', 'https://cdn-media.medialabtc.it/es/agencies/md099/estates/620218/images/8959192/gallery_media.jpeg', 'https://cdn-media.medialabtc.it/es/agencies/md099/estates/620218/images/8959222/gallery_media.jpeg']",0,Desconocido,1,0,0,1,0,Desconocida,0,0,"['imagenes_tecnocasa\\anuncio_687\\0.jpeg', 'imagenes_tecnocasa\\anuncio_687\\1.jpeg', 'imagenes_tecnocasa\\anuncio_687\\2.jpeg', 'imagenes_tecnocasa\\anuncio_687\\3.jpeg', 'imagenes_tecnocasa\\anuncio_687\\4.jpeg', 'imagenes_tecnocasa\\anuncio_687\\5.jpeg', 'imagenes_tecnocasa\\anuncio_687\\6.jpeg', 'imagenes_tecnocasa\\anuncio_687\\7.jpeg', 'imagenes_tecnocasa\\anuncio_687\\8.jpeg', 'imagenes_tecnocasa\\anuncio_687\\9.jpeg', 'imagenes_tecnocasa\\anuncio_687\\10.jpeg', 'imagenes_tecnocasa\\anuncio_687\\11.jpeg', 'imagenes_tecnocasa\\anuncio_687\\12.jpeg', 'imagenes_tecnocasa\\anuncio_687\\13.jpeg', 'imagenes_tecnocasa\\anuncio_687\\14.jpeg', 'imagenes_tecnocasa\\anuncio_687\\15.jpeg', 'imagenes_tecnocasa\\anuncio_687\\16.jpeg']",1,De época,1989,1,0,0,piso,5,Madrid,"Palomeras - Portazgo, Madrid",40.4167047,-3.7035825,687,2581.9590163934427,231.0,157.0,0.0625,0.4,2.0,0.0,otro,pintura,otro,estándar (2.4-2.8m),nada,3.4,2.8,clásico,"['#6699CC', '#FFFAFA', '#A0522D']",regular,False,convencional,limitado,ninguno,ninguno,estándar,básica,ninguno,5.8,6.0,ninguna,5
https://www.tecnocasa.es/venta/piso/madrid/madrid/617338.html,235000.0,1,66.0,1,"Agencia inmobiliaria de MADRID - zona USERA - MOSCARDO - PLAZA ELÍPTICA
Vende DOS VIVIENDAS UNIDAS en la calle San Nicomedes compuesta de 5 Dormitorios, con posibilidad de hacer 7 con una pequeña reforma, Salón, Cocina. dos Terrazas y dos Baños completos.

Inmueble con un potencial enorme para poder alquilarlo, la renta aproximada que se puede obtener es de 3.500€. Consultar en la oficina.

Tiene varios puntos a destacar:

- Finca tranquila.
- Posibilidad de dividir la vivienda en dos pisos.
- Vivienda en muy buen estado.
- Vivienda muy luminosa.
- La cercanía a Plaza Elíptica a 2 minutos andando.

Zona perfecta para las familias con zonas verdes en el entorno, bloque muy tranquilo
A 15 MINUTOS A PIE DE MADRID RÍO.
Fácil acceso a A42, M40, M30 Calle de Antonio López, Avenida de Andalucía, Hospital 12 de octubre, a 10 minutos del metro almendrales línea 3 (Villaverde - Moncloa), autobuses (47, 247 y 60 y búho Nº12 ). Zona con todos los servicios, supermercado próximo.

PROXIMAMENTE TOUR VIRTUAL.",1,1,1,1,1,1,1,1,1,1,"['https://cdn-media.medialabtc.it/es/agencies/mdak3/estates/617338/images/8901949/gallery_media.jpeg', 'https://cdn-media.medialabtc.it/es/agencies/mdak3/estates/617338/images/8901954/gallery_media.jpeg', 'https://cdn-media.medialabtc.it/es/agencies/mdak3/estates/617338/images/8901963/gallery_media.jpeg', 'https://cdn-media.medialabtc.it/es/agencies/mdak3/estates/617338/images/8901879/gallery_media.jpeg', 'https://cdn-media.medialabtc.it/es/agencies/mdak3/estates/617338/images/8901878/gallery_media.jpeg', 'https://cdn-media.medialabtc.it/es/agencies/mdak3/estates/617338/images/8901960/gallery_media.jpeg', 'https://cdn-media.medialabtc.it/es/agencies/mdak3/estates/617338/images/8901951/gallery_media.jpeg', 'https://cdn-media.medialabtc.it/es/agencies/mdak3/estates/617338/images/8901950/gallery_media.jpeg', 'https://cdn-media.medialabtc.it/es/agencies/mdak3/estates/617338/images/8901962/gallery_media.jpeg', 'https://cdn-media.medialabtc.it/es/agencies/mdak3/estates/617338/images/8901944/gallery_media.jpeg', 'https://cdn-media.medialabtc.it/es/agencies/mdak3/estates/617338/images/8901881/gallery_media.jpeg', 'https://cdn-media.medialabtc.it/es/agencies/mdak3/estates/617338/images/8901958/gallery_media.jpeg', 'https://cdn-media.medialabtc.it/es/agencies/mdak3/estates/617338/images/8901943/gallery_media.jpeg', 'https://cdn-media.medialabtc.it/es/agencies/mdak3/estates/617338/images/8901946/gallery_media.jpeg']",0,Desconocido,0,0,0,0,0,E,0,0,"['imagenes_tecnocasa\\anuncio_690\\0.jpeg', 'imagenes_tecnocasa\\anuncio_690\\1.jpeg', 'imagenes_tecnocasa\\anuncio_690\\2.jpeg', 'imagenes_tecnocasa\\anuncio_690\\3.jpeg', 'imagenes_tecnocasa\\anuncio_690\\4.jpeg', 'imagenes_tecnocasa\\anuncio_690\\5.jpeg', 'imagenes_tecnocasa\\anuncio_690\\6.jpeg', 'imagenes_tecnocasa\\anuncio_690\\7.jpeg', 'imagenes_tecnocasa\\anuncio_690\\8.jpeg', 'imagenes_tecnocasa\\anuncio_690\\9.jpeg', 'imagenes_tecnocasa\\anuncio_690\\10.jpeg', 'imagenes_tecnocasa\\anuncio_690\\11.jpeg', 'imagenes_tecnocasa\\anuncio_690\\12.jpeg', 'imagenes_tecnocasa\\anuncio_690\\13.jpeg']",1,Popular,1969,1,0,0,piso,3,Madrid,"Moscardo - Antonio Lopez, Madrid",40.4167047,-3.7035825,690,3560.6060606060605,170.0,128.0,0.0,0.0,1.0,0.0,parquet,pintura,corredera,estándar (2.4-2.8m),nada,3.8,3.2,clásico,"['#F5F5DC', '#A0522D', '#8B4513']",regular,False,convencional,limitado,ninguno,ninguno,estándar,básica,ninguno,6.6,6.4,ninguna,5
https://www.tecnocasa.es/venta/piso/madrid/majadahonda/616873.html,670000.0,4,160.0,3,"ESTUDIO MAJADAHONDA PLANTIO PRESENTA EN EXCLUSIVA:
. . . . . . . . . . . . . . . . . . . . . . . . . . . . . . . . . . . . . . VENDIDO. . . . . . . . . . . . . . . . . . . . . . . . . . . . . . . . . . . .
Espectacular vivienda en la zona de Carretera del Plantío
Este inmueble de 160 metros cuadrados está diseñada para ofrecer comodidad y amplitud. Consta de tres habitaciones, lo que la convierte en el hogar ideal para una familia o aquellos que buscan espacio adicional. El dormitorio principal tiene un gran tamaño y cuenta con armarios empotrados para mayor confort. Los dos baños, ambos funcionales, están perfectamente distribuidos para atender a las necesidades de todos los residentes.
El salón es amplio y luminoso, cuenta con una impresionante chimenea que aporta calidez y estilo. Desde el salón, se accede a una terraza de 13 metros cuadrados, un espacio perfecto para disfrutar del aire libre, hacer comidas al fresco o simplemente relajarse con vistas a la urbanización.
La cocina es muy amplia, ideal para los amantes de la gastronomía, equipada con todo lo necesario para facilitar las tareas diarias. Además, cuenta con con tendedero conectado a la terraza del salón y dentro de la propia cocina cuenta con un cuarto adicional y un baño de servicio, que puede ser usado para huéspedes o personal de apoyo.
La vivienda incluye una plaza de garaje y un trastero, lo que ofrece un espacio adicional para almacenamiento y la comodidad de aparcar sin preocupaciones.
La urbanización donde se encuentra la propiedad está equipada con una piscina comunitaria, perfecta para los días calurosos, un conserje para la atención y seguridad de los residentes, y una pista de tenis para disfrutar del deporte al aire libre. Las zonas verdes son ideales para paseos y actividades al aire libre.
Ubicada en una zona inmejorable, esta vivienda se encuentra cerca de la estación de Renfe y de diversas paradas de autobuses, lo que facilita el acceso a otras áreas de la ciudad y hace que el transporte público sea muy accesible. Sin duda, una ubicación privilegiada para aquellos que buscan comodidad, tranquilidad y fácil acceso a todo tipo de servicios y transporte.
POSIBILIDAD DE FINANCIACION HASTA EL 100% CON NUESTRO DEPARTAMENTO FINANCIERO KIRON!",0,1,1,1,1,1,0,1,1,1,"['https://cdn-media.medialabtc.it/es/agencies/md633/estates/616873/images/8889667/gallery_media.jpeg', 'https://cdn-media.medialabtc.it/es/agencies/md633/estates/616873/images/8889653/gallery_media.jpeg', 'https://cdn-media.medialabtc.it/es/agencies/md633/estates/616873/images/8889765/gallery_media.jpeg', 'https://cdn-media.medialabtc.it/es/agencies/md633/estates/616873/images/8889654/gallery_media.jpeg', 'https://cdn-media.medialabtc.it/es/agencies/md633/estates/616873/images/8889658/gallery_media.jpeg', 'https://cdn-media.medialabtc.it/es/agencies/md633/estates/616873/images/8889652/gallery_media.jpeg', 'https://cdn-media.medialabtc.it/es/agencies/md633/estates/616873/images/8889669/gallery_media.jpeg', 'https://cdn-media.medialabtc.it/es/agencies/md633/estates/616873/images/8889646/gallery_media.jpeg', 'https://cdn-media.medialabtc.it/es/agencies/md633/estates/616873/images/8889661/gallery_media.jpeg', 'https://cdn-media.medialabtc.it/es/agencies/md633/estates/616873/images/8889660/gallery_media.jpeg', 'https://cdn-media.medialabtc.it/es/agencies/md633/estates/616873/images/8889645/gallery_media.jpeg', 'https://cdn-media.medialabtc.it/es/agencies/md633/estates/616873/images/8889650/gallery_media.jpeg', 'https://cdn-media.medialabtc.it/es/agencies/md633/estates/616873/images/8889655/gallery_media.jpeg', 'https://cdn-media.medialabtc.it/es/agencies/md633/estates/616873/images/8889671/gallery_media.jpeg', 'https://cdn-media.medialabtc.it/es/agencies/md633/estates/616873/images/8889657/gallery_media.jpeg', 'https://cdn-media.medialabtc.it/es/agencies/md633/estates/616873/images/8889659/gallery_media.jpeg', 'https://cdn-media.medialabtc.it/es/agencies/md633/estates/616873/images/8889663/gallery_media.jpeg', 'https://cdn-media.medialabtc.it/es/agencies/md633/estates/616873/images/8889648/gallery_media.jpeg', 'https://cdn-media.medialabtc.it/es/agencies/md633/estates/616873/images/8889656/gallery_media.jpeg', 'https://cdn-media.medialabtc.it/es/agencies/md633/estates/616873/images/8889647/gallery_media.jpeg', 'https://cdn-media.medialabtc.it/es/agencies/md633/estates/616873/images/8889665/gallery_media.jpeg', 'https://cdn-media.medialabtc.it/es/agencies/md633/estates/616873/images/8889664/gallery_media.jpeg', 'https://cdn-media.medialabtc.it/es/agencies/md633/estates/616873/images/8889666/gallery_media.jpeg', 'https://cdn-media.medialabtc.it/es/agencies/md633/estates/616873/images/8889651/gallery_media.jpeg', 'https://cdn-media.medialabtc.it/es/agencies/md633/estates/616873/images/8889662/gallery_media.jpeg', 'https://cdn-media.medialabtc.it/es/agencies/md633/estates/616873/images/8889649/gallery_media.jpeg', 'https://cdn-media.medialabtc.it/es/agencies/md633/estates/616873/images/8889668/gallery_media.jpeg', 'https://cdn-media.medialabtc.it/es/agencies/md633/estates/616873/images/8889670/gallery_media.jpeg', 'https://cdn-media.medialabtc.it/es/agencies/md633/estates/616873/images/8889672/gallery_media.jpeg']",1,Desconocido,1,1,1,1,1,E,0,0,"['imagenes_tecnocasa\\anuncio_691\\0.jpeg', 'imagenes_tecnocasa\\anuncio_691\\1.jpeg', 'imagenes_tecnocasa\\anuncio_691\\2.jpeg', 'imagenes_tecnocasa\\anuncio_691\\3.jpeg', 'imagenes_tecnocasa\\anuncio_691\\4.jpeg', 'imagenes_tecnocasa\\anuncio_691\\5.jpeg', 'imagenes_tecnocasa\\anuncio_691\\6.jpeg', 'imagenes_tecnocasa\\anuncio_691\\7.jpeg', 'imagenes_tecnocasa\\anuncio_691\\8.jpeg', 'imagenes_tecnocasa\\anuncio_691\\9.jpeg', 'imagenes_tecnocasa\\anuncio_691\\10.jpeg', 'imagenes_tecnocasa\\anuncio_691\\11.jpeg', 'imagenes_tecnocasa\\anuncio_691\\12.jpeg', 'imagenes_tecnocasa\\anuncio_691\\13.jpeg', 'imagenes_tecnocasa\\anuncio_691\\14.jpeg', 'imagenes_tecnocasa\\anuncio_691\\15.jpeg', 'imagenes_tecnocasa\\anuncio_691\\16.jpeg', 'imagenes_tecnocasa\\anuncio_691\\17.jpeg', 'imagenes_tecnocasa\\anuncio_691\\18.jpeg', 'imagenes_tecnocasa\\anuncio_691\\19.jpeg', 'imagenes_tecnocasa\\anuncio_691\\20.jpeg', 'imagenes_tecnocasa\\anuncio_691\\21.jpeg', 'imagenes_tecnocasa\\anuncio_691\\22.jpeg', 'imagenes_tecnocasa\\anuncio_691\\23.jpeg', 'imagenes_tecnocasa\\anuncio_691\\24.jpeg', 'imagenes_tecnocasa\\anuncio_691\\25.jpeg', 'imagenes_tecnocasa\\anuncio_691\\26.jpeg', 'imagenes_tecnocasa\\anuncio_691\\27.jpeg', 'imagenes_tecnocasa\\anuncio_691\\28.jpeg']",0,Popular,1978,0,0,1,piso,2,Majadahonda,Majadahonda,40.4728425,-3.8723542,691,4187.5,412.0,201.0,0.6,0.7666666666666666,2.0,1.0,cerámica,pintura,corredera,estándar (2.4-2.8m),nada,3.6,4.2,moderno,"['#FFFFFF', '#AAAAAA', '#555555']",buena,False,convencional,limitado,ninguno,ninguno,básico,básica,ninguno,7.8,6.8,ninguna,5
https://www.tecnocasa.es/venta/piso/madrid/fuenlabrada/620979.html,221000.0,3,84.0,1,"Agencia inmobiliaria de Fuenlabrada zona Avanzada-Cueva Tecnocasa FUENLABRADA GESTION INMOBILIARIA 2022 S. L

TECNOCASA VENDE EN EXCLUSIVA piso actualmente alquilado, compuesto por salón, cocina, 3 dormitorios, 1 baño.

EN VENTA EN EXCLUSIVA: Piso de 84m2 compuesto por salón, cocina, 3 dormitorios y 1 baño con plato de ducha.

FINCA CON ASCENSOR.

Cuenta paredes lisas, suelos de tarima y cerámico en cocina y baño. Es un piso amplio y luminoso

El inmueble está situado en una zona ya consolidada con multitud de servicios alrededor (supermercados, farmacias, restaurantes, centro médico, colegios, parques…) y bien comunicada por la red de transportes del municipio. Metro a escasos 5 minutos andando.

No dude en llamarnos para concertar su cita para visitar el inmueble en la que además recibirá el asesoramiento gratuito de nuestro departamento financiero KÌRON. HIPOTECAS HASTA 100%¡NO DEJES PASAR ESTA OPORTUNIDAD!",1,1,1,1,1,1,0,1,1,1,"['https://cdn-media.medialabtc.it/es/agencies/md579/estates/620979/images/8977497/gallery_media.jpeg', 'https://cdn-media.medialabtc.it/es/agencies/md579/estates/620979/images/8977562/gallery_media.jpeg', 'https://cdn-media.medialabtc.it/es/agencies/md579/estates/620979/images/8977501/gallery_media.jpeg', 'https://cdn-media.medialabtc.it/es/agencies/md579/estates/620979/images/8977569/gallery_media.jpeg', 'https://cdn-media.medialabtc.it/es/agencies/md579/estates/620979/images/8977568/gallery_media.jpeg', 'https://cdn-media.medialabtc.it/es/agencies/md579/estates/620979/images/8977496/gallery_media.jpeg', 'https://cdn-media.medialabtc.it/es/agencies/md579/estates/620979/images/8977499/gallery_media.jpeg', 'https://cdn-media.medialabtc.it/es/agencies/md579/estates/620979/images/8977563/gallery_media.jpeg', 'https://cdn-media.medialabtc.it/es/agencies/md579/estates/620979/images/8977572/gallery_media.jpeg', 'https://cdn-media.medialabtc.it/es/agencies/md579/estates/620979/images/8977567/gallery_media.jpeg', 'https://cdn-media.medialabtc.it/es/agencies/md579/estates/620979/images/8977565/gallery_media.jpeg', 'https://cdn-media.medialabtc.it/es/agencies/md579/estates/620979/images/8977573/gallery_media.jpeg', 'https://cdn-media.medialabtc.it/es/agencies/md579/estates/620979/images/8977498/gallery_media.jpeg', 'https://cdn-media.medialabtc.it/es/agencies/md579/estates/620979/images/8977574/gallery_media.jpeg', 'https://cdn-media.medialabtc.it/es/agencies/md579/estates/620979/images/8977566/gallery_media.jpeg', 'https://cdn-media.medialabtc.it/es/agencies/md579/estates/620979/images/8977500/gallery_media.jpeg', 'https://cdn-media.medialabtc.it/es/agencies/md579/estates/620979/images/8977575/gallery_media.jpeg', 'https://cdn-media.medialabtc.it/es/agencies/md579/estates/620979/images/8977571/gallery_media.jpeg', 'https://cdn-media.medialabtc.it/es/agencies/md579/estates/620979/images/8977564/gallery_media.jpeg', 'https://cdn-media.medialabtc.it/es/agencies/md579/estates/620979/images/8977570/gallery_media.jpeg']",0,Desconocido,0,0,0,0,0,Desconocida,0,0,"['imagenes_tecnocasa\\anuncio_692\\0.jpeg', 'imagenes_tecnocasa\\anuncio_692\\1.jpeg', 'imagenes_tecnocasa\\anuncio_692\\2.jpeg', 'imagenes_tecnocasa\\anuncio_692\\3.jpeg', 'imagenes_tecnocasa\\anuncio_692\\4.jpeg', 'imagenes_tecnocasa\\anuncio_692\\5.jpeg', 'imagenes_tecnocasa\\anuncio_692\\6.jpeg', 'imagenes_tecnocasa\\anuncio_692\\7.jpeg', 'imagenes_tecnocasa\\anuncio_692\\8.jpeg', 'imagenes_tecnocasa\\anuncio_692\\9.jpeg', 'imagenes_tecnocasa\\anuncio_692\\10.jpeg', 'imagenes_tecnocasa\\anuncio_692\\11.jpeg', 'imagenes_tecnocasa\\anuncio_692\\12.jpeg', 'imagenes_tecnocasa\\anuncio_692\\13.jpeg', 'imagenes_tecnocasa\\anuncio_692\\14.jpeg', 'imagenes_tecnocasa\\anuncio_692\\15.jpeg', 'imagenes_tecnocasa\\anuncio_692\\16.jpeg', 'imagenes_tecnocasa\\anuncio_692\\17.jpeg', 'imagenes_tecnocasa\\anuncio_692\\18.jpeg', 'imagenes_tecnocasa\\anuncio_692\\19.jpeg']",0,Popular,1977,1,0,0,piso,5,Fuenlabrada,"La Avanzada, Fuenlabrada",40.282476,-3.7923422,692,2630.9523809523807,138.0,108.0,0.0,0.0,2.0,0.0,cerámica,pintura,ninguna visible,estándar (2.4-2.8m),nada,3.6,3.4,convencional,"['#D2B48C', '#F5F5DC', '#DEB887']",regular,True,convencional,limitado,ninguno,ninguno,estándar,parcialmente equipada,ninguno,6.0,6.2,ninguna,5
https://www.tecnocasa.es/venta/casa/madrid/torrelodones/620964.html,569000.0,3,186.0,3,"TECNOCASA TORRELODONES VENDE EN EXCLUSIVA:
Chalet pareado de 186 m2 con orientación Sur-Norte situado en colonia, estación de Torrelodones. Muy bien situada gracias a la posibilidad de desplazarse a pie a la zona de ocio, supermercados, restauración, etc. La vivienda tiene un diseño muy funcional y se encuentra en buen estado conservación. La propiedad cuenta con garaje privado que comunica con la primera planta, patio acogedor a doble altura, porche privado y balcones.
Al entrar, encontramos un porche acristalado, con espacio suficiente para sala de estar, recibidor o mesa exterior, da acceso al interior de la vivienda, donde nos encontramos con un recibidor que conecta con la cocina totalmente equipada y en buen estado, además de un aseo y el salón, que es muy amplio y luminoso y nos lleva directamente al patio.
Si continuamos a la segunda planta, nos encontramos con un hall que nos da servicio a tres dormitorios uno de ellos matrimonial, dos individuales y dos cuartos de baño simétricos, uno de ellos adaptado con plato de ducha.
La habitación principal cuenta con armarios empotrados y aire acondicionado. Las dos habitaciones restantes son individuales, gozan de buena luminosidad y privacidad.
En el sótano encontramos un amplio garaje para dos coches, y con posibilidad de utilizarlo como espacio adicional.
La vivienda cuenta con una magnífica ubicación a escasos metros de supermercados, paradas de autobús y estación de tren. Con numerosos bares y restaurantes cerca.
‘’FINANCIACIÓN 100%’’. Consulta condiciones sin compromiso.
SOLICITA TU VISITA!",0,1,1,1,1,1,0,1,1,1,"['https://cdn-media.medialabtc.it/es/agencies/md601/estates/620964/images/8977319/gallery_media.jpeg', 'https://cdn-media.medialabtc.it/es/agencies/md601/estates/620964/images/8977320/gallery_media.jpeg', 'https://cdn-media.medialabtc.it/es/agencies/md601/estates/620964/images/8977382/gallery_media.jpeg', 'https://cdn-media.medialabtc.it/es/agencies/md601/estates/620964/images/8977386/gallery_media.jpeg', 'https://cdn-media.medialabtc.it/es/agencies/md601/estates/620964/images/8977317/gallery_media.jpeg', 'https://cdn-media.medialabtc.it/es/agencies/md601/estates/620964/images/8977362/gallery_media.jpeg', 'https://cdn-media.medialabtc.it/es/agencies/md601/estates/620964/images/8977381/gallery_media.jpeg', 'https://cdn-media.medialabtc.it/es/agencies/md601/estates/620964/images/8977369/gallery_media.jpeg', 'https://cdn-media.medialabtc.it/es/agencies/md601/estates/620964/images/8977365/gallery_media.jpeg', 'https://cdn-media.medialabtc.it/es/agencies/md601/estates/620964/images/8977321/gallery_media.jpeg', 'https://cdn-media.medialabtc.it/es/agencies/md601/estates/620964/images/8977380/gallery_media.jpeg', 'https://cdn-media.medialabtc.it/es/agencies/md601/estates/620964/images/8977384/gallery_media.jpeg', 'https://cdn-media.medialabtc.it/es/agencies/md601/estates/620964/images/8977372/gallery_media.jpeg', 'https://cdn-media.medialabtc.it/es/agencies/md601/estates/620964/images/8977370/gallery_media.jpeg', 'https://cdn-media.medialabtc.it/es/agencies/md601/estates/620964/images/8977379/gallery_media.jpeg', 'https://cdn-media.medialabtc.it/es/agencies/md601/estates/620964/images/8977385/gallery_media.jpeg', 'https://cdn-media.medialabtc.it/es/agencies/md601/estates/620964/images/8977374/gallery_media.jpeg', 'https://cdn-media.medialabtc.it/es/agencies/md601/estates/620964/images/8977377/gallery_media.jpeg', 'https://cdn-media.medialabtc.it/es/agencies/md601/estates/620964/images/8977376/gallery_media.jpeg', 'https://cdn-media.medialabtc.it/es/agencies/md601/estates/620964/images/8977375/gallery_media.jpeg', 'https://cdn-media.medialabtc.it/es/agencies/md601/estates/620964/images/8977363/gallery_media.jpeg', 'https://cdn-media.medialabtc.it/es/agencies/md601/estates/620964/images/8977364/gallery_media.jpeg', 'https://cdn-media.medialabtc.it/es/agencies/md601/estates/620964/images/8977368/gallery_media.jpeg', 'https://cdn-media.medialabtc.it/es/agencies/md601/estates/620964/images/8977367/gallery_media.jpeg', 'https://cdn-media.medialabtc.it/es/agencies/md601/estates/620964/images/8977366/gallery_media.jpeg', 'https://cdn-media.medialabtc.it/es/agencies/md601/estates/620964/images/8977318/gallery_media.jpeg', 'https://cdn-media.medialabtc.it/es/agencies/md601/estates/620964/images/8977373/gallery_media.jpeg', 'https://cdn-media.medialabtc.it/es/agencies/md601/estates/620964/images/8977378/gallery_media.jpeg', 'https://cdn-media.medialabtc.it/es/agencies/md601/estates/620964/images/8977383/gallery_media.jpeg', 'https://cdn-media.medialabtc.it/es/agencies/md601/estates/620964/images/8977371/gallery_media.jpeg']",0,Buen estado,1,0,0,0,0,E,0,0,"['imagenes_tecnocasa\\anuncio_693\\0.jpeg', 'imagenes_tecnocasa\\anuncio_693\\1.jpeg', 'imagenes_tecnocasa\\anuncio_693\\2.jpeg', 'imagenes_tecnocasa\\anuncio_693\\3.jpeg', 'imagenes_tecnocasa\\anuncio_693\\4.jpeg', 'imagenes_tecnocasa\\anuncio_693\\5.jpeg', 'imagenes_tecnocasa\\anuncio_693\\6.jpeg', 'imagenes_tecnocasa\\anuncio_693\\7.jpeg', 'imagenes_tecnocasa\\anuncio_693\\8.jpeg', 'imagenes_tecnocasa\\anuncio_693\\9.jpeg', 'imagenes_tecnocasa\\anuncio_693\\10.jpeg', 'imagenes_tecnocasa\\anuncio_693\\11.jpeg', 'imagenes_tecnocasa\\anuncio_693\\12.jpeg', 'imagenes_tecnocasa\\anuncio_693\\13.jpeg', 'imagenes_tecnocasa\\anuncio_693\\14.jpeg', 'imagenes_tecnocasa\\anuncio_693\\15.jpeg', 'imagenes_tecnocasa\\anuncio_693\\16.jpeg', 'imagenes_tecnocasa\\anuncio_693\\17.jpeg', 'imagenes_tecnocasa\\anuncio_693\\18.jpeg', 'imagenes_tecnocasa\\anuncio_693\\19.jpeg', 'imagenes_tecnocasa\\anuncio_693\\20.jpeg', 'imagenes_tecnocasa\\anuncio_693\\21.jpeg', 'imagenes_tecnocasa\\anuncio_693\\22.jpeg', 'imagenes_tecnocasa\\anuncio_693\\23.jpeg', 'imagenes_tecnocasa\\anuncio_693\\24.jpeg', 'imagenes_tecnocasa\\anuncio_693\\25.jpeg', 'imagenes_tecnocasa\\anuncio_693\\26.jpeg', 'imagenes_tecnocasa\\anuncio_693\\27.jpeg', 'imagenes_tecnocasa\\anuncio_693\\28.jpeg', 'imagenes_tecnocasa\\anuncio_693\\29.jpeg']",1,De época,1987,1,0,0,casa,1,Torrelodones,Torrelodones,40.5762809,-3.928603,693,3059.1397849462364,245.0,155.0,0.0,0.0,2.0,0.0,cerámica,pintura,otro,estándar (2.4-2.8m),nada,3.4,3.4,convencional,"['#FFFFFF', '#D2B48C', '#F5F5DC']",buena,False,convencional,limitado,ninguno,ninguno,estándar,básica,ninguno,7.4,6.4,ninguna,5
https://www.tecnocasa.es/venta/casa/madrid/torrelodones/616982.html,1245000.0,5,540.0,5,"TECNOCASA TORRELODONES VENDE EN EXCLUSIVA:
Magnífica mansión de 540 metros cuadrados, ubicada en una zona alta de la urbanización Los Peñascales, desde la que se puede disfrutar de maravillosas vistas.
La vivienda se construyó en el año 1974 por la prestigiosa constructora AGROMAN, bajo el encargo de un importante ministro, usando materiales de construcción muy nobles, como el hormigón y ladrillo que revisten el exterior de la casa, dándole un aspecto de sobriedad y fortaleza y la seguridad de una estructura sólida.
La propiedad se asienta sobre una magnífica parcela de 1.840 m², con árboles centenarios, cuidados arbustos, amplias zonas de césped y una gran piscina con peldaños de obra, rodeada por una espaciosa terraza solárium ideal para disfrutar del verano rodeados de la naturaleza.
Al acceder a la vivienda, nos encontramos con uno de los elementos más singulares del interior: la elegante barandilla de la escalera principal es una auténtica joya artística procedente del derribo del Palacio de los Duques de Medinaceli, adornada con esculturas con cabezas de bronce dorado.
La casa, se distribuye en dos plantas. La planta baja está dotada de 5 espaciosas habitaciones con vistas jardín y 4 baños, siendo dos de ellos en suite.
El dormitorio principal dispone de un gran vestidor y una maravillosa terraza que da a la zona de la piscina.
El majestuoso hall de entrada, revestido íntegramente en mármol, da paso a un impresionante salón de 100 m² con chimenea y acceso directo a una amplia terraza.
El salón destaca por su gran luminosidad gracias a los ventanales que lo recorren.
La cocina cuenta con una entrada independiente, que comunica con una zona de estar al estilo americano, actualmente utilizada como comedor.
En la planta de arriba, la casa dispone de un salón-biblioteca de 90 metros cuadrados, con las paredes totalmente revestidas de estanterías de madera de nogal y equipada con mesa de billar. Esta planta también cuenta con cómodo aseo de invitados y un amplia terraza-mirador con vistas al Monte del Pardo y las cuatro torres de Madrid.
La casa cuenta con un sótano de 100 metros cuadrados, totalmente funcional y dividido en diferentes estancias, equipado con un aseo y zona de vestidor que dan servicio a la piscina.
Los Peñascales, enclavado entre la Sierra del Hoyo, la Sierra de Guadarrama y el Monte de El Pardo, ofrece un entorno natural inigualable, con abundante vegetación mediterránea y el Embalse de Los Peñascales a pocos minutos a pie, ideal para los amantes del senderismo y la naturaleza.
A pocos minutos se encuentra el núcleo urbano de Torrelodones, el Centro Comercial Espacio y supermercados como Alcampo, Mercadona y Lidl. Además, la zona cuenta con hospitales (HM Torrelodones), colegios públicos y privados, farmacias, hoteles, restauración y todo tipo de servicios.
A unos 100 metros de la vivienda hay una parada de autobús que comunica con Torrelodones, la estación de cercanías de Las Matas y Madrid (A-6).
Posibilidad de financiación hasta el 100%, consulten condiciones y no dudes en venir a visitarlo.",0,1,1,0,0,0,0,0,0,1,"['https://cdn-media.medialabtc.it/es/agencies/md601/estates/616982/images/8882884/gallery_media.jpeg', 'https://cdn-media.medialabtc.it/es/agencies/md601/estates/616982/images/8882894/gallery_media.jpeg', 'https://cdn-media.medialabtc.it/es/agencies/md601/estates/616982/images/8882911/gallery_media.jpeg', 'https://cdn-media.medialabtc.it/es/agencies/md601/estates/616982/images/8882879/gallery_media.jpeg', 'https://cdn-media.medialabtc.it/es/agencies/md601/estates/616982/images/8882891/gallery_media.jpeg', 'https://cdn-media.medialabtc.it/es/agencies/md601/estates/616982/images/8882886/gallery_media.jpeg', 'https://cdn-media.medialabtc.it/es/agencies/md601/estates/616982/images/8882889/gallery_media.jpeg', 'https://cdn-media.medialabtc.it/es/agencies/md601/estates/616982/images/8882880/gallery_media.jpeg', 'https://cdn-media.medialabtc.it/es/agencies/md601/estates/616982/images/8882878/gallery_media.jpeg', 'https://cdn-media.medialabtc.it/es/agencies/md601/estates/616982/images/8882907/gallery_media.jpeg', 'https://cdn-media.medialabtc.it/es/agencies/md601/estates/616982/images/8882881/gallery_media.jpeg', 'https://cdn-media.medialabtc.it/es/agencies/md601/estates/616982/images/8882908/gallery_media.jpeg', 'https://cdn-media.medialabtc.it/es/agencies/md601/estates/616982/images/8882912/gallery_media.jpeg', 'https://cdn-media.medialabtc.it/es/agencies/md601/estates/616982/images/8882910/gallery_media.jpeg', 'https://cdn-media.medialabtc.it/es/agencies/md601/estates/616982/images/8882906/gallery_media.jpeg', 'https://cdn-media.medialabtc.it/es/agencies/md601/estates/616982/images/8882905/gallery_media.jpeg', 'https://cdn-media.medialabtc.it/es/agencies/md601/estates/616982/images/8882887/gallery_media.jpeg', 'https://cdn-media.medialabtc.it/es/agencies/md601/estates/616982/images/8882890/gallery_media.jpeg', 'https://cdn-media.medialabtc.it/es/agencies/md601/estates/616982/images/8882903/gallery_media.jpeg', 'https://cdn-media.medialabtc.it/es/agencies/md601/estates/616982/images/8882902/gallery_media.jpeg', 'https://cdn-media.medialabtc.it/es/agencies/md601/estates/616982/images/8882909/gallery_media.jpeg', 'https://cdn-media.medialabtc.it/es/agencies/md601/estates/616982/images/8882904/gallery_media.jpeg', 'https://cdn-media.medialabtc.it/es/agencies/md601/estates/616982/images/8882913/gallery_media.jpeg', 'https://cdn-media.medialabtc.it/es/agencies/md601/estates/616982/images/8882893/gallery_media.jpeg', 'https://cdn-media.medialabtc.it/es/agencies/md601/estates/616982/images/8882885/gallery_media.jpeg', 'https://cdn-media.medialabtc.it/es/agencies/md601/estates/616982/images/8882892/gallery_media.jpeg', 'https://cdn-media.medialabtc.it/es/agencies/md601/estates/616982/images/8882888/gallery_media.jpeg']",1,Desconocido,0,0,1,1,1,E,1,0,"['imagenes_tecnocasa\\anuncio_694\\0.jpeg', 'imagenes_tecnocasa\\anuncio_694\\1.jpeg', 'imagenes_tecnocasa\\anuncio_694\\2.jpeg', 'imagenes_tecnocasa\\anuncio_694\\3.jpeg', 'imagenes_tecnocasa\\anuncio_694\\4.jpeg', 'imagenes_tecnocasa\\anuncio_694\\5.jpeg', 'imagenes_tecnocasa\\anuncio_694\\6.jpeg', 'imagenes_tecnocasa\\anuncio_694\\7.jpeg', 'imagenes_tecnocasa\\anuncio_694\\8.jpeg', 'imagenes_tecnocasa\\anuncio_694\\9.jpeg', 'imagenes_tecnocasa\\anuncio_694\\10.jpeg', 'imagenes_tecnocasa\\anuncio_694\\11.jpeg', 'imagenes_tecnocasa\\anuncio_694\\12.jpeg', 'imagenes_tecnocasa\\anuncio_694\\13.jpeg', 'imagenes_tecnocasa\\anuncio_694\\14.jpeg', 'imagenes_tecnocasa\\anuncio_694\\15.jpeg', 'imagenes_tecnocasa\\anuncio_694\\16.jpeg', 'imagenes_tecnocasa\\anuncio_694\\17.jpeg', 'imagenes_tecnocasa\\anuncio_694\\18.jpeg', 'imagenes_tecnocasa\\anuncio_694\\19.jpeg', 'imagenes_tecnocasa\\anuncio_694\\20.jpeg', 'imagenes_tecnocasa\\anuncio_694\\21.jpeg', 'imagenes_tecnocasa\\anuncio_694\\22.jpeg', 'imagenes_tecnocasa\\anuncio_694\\23.jpeg', 'imagenes_tecnocasa\\anuncio_694\\24.jpeg', 'imagenes_tecnocasa\\anuncio_694\\25.jpeg', 'imagenes_tecnocasa\\anuncio_694\\26.jpeg']",0,Señorial,1974,1,1,0,casa,1,Torrelodones,Torrelodones,40.5762809,-3.928603,694,2305.5555555555557,498.0,278.0,0.6333333333333333,0.7999999999999999,0.0,1.0,parquet,pintura,corredera,estándar (2.4-2.8m),nada,5.4,3.0,clásico,"['#A0522D', '#DEB887', '#FFFFFF']",buena,False,convencional,normal,ninguno,ninguno,estándar,parcialmente equipada,ninguno,7.8,6.8,ninguna,5
https://www.tecnocasa.es/venta/piso/madrid/madrid/617449.html,285000.0,3,87.0,1,"Inmobiliaria en Santa Eugenia - Tecnocasa Estudio Nuevo Vallecas 2022 Sl. ' Vende inmueble de 84 metros cuadrados construidos en la zona de Santa Eugenia, Vallecas, Madrid.

Una Entre-planta, totalmente exterior, con ascensor. El inmueble se encuentra PARA ENTRAR A VIVIR. Compuesto de 3 dormitorios, 1 baño completo (antes 2), con bañera, cocina amplia y espaciosa, tendedero independiente, ventanas de climalit-oscilobatientes y salón-comedor muy luminoso.

Muy buena ubicación y orientación.

Orientación Norte y sur. ¡A menos de 3 minutos andando de la RENFE SANTA EUGENIA!
Cerca de paradas de autobús, líneas: 58, 35, 14, 29. Excelente ubicación próxima a zonas verdes, parques y áreas de juegos, cerca de centro sanitario, farmacia y supermercados, entre otros. Muy próximo a la Escuela de Educación Infantil Arco Iris.

El inmueble se encuentra situado muy cerca del Hospital infanta Leonor. Es una zona muy bien comunicada, con comercios, colegios, zonas verdes, polideportivo.

Le buscamos la hipoteca hasta el 100%. Los profesionales Kiron, gracias a un profundo conocimiento del mercado bancario, le ayudan a encontrar la solución hipotecaria que mejor se adapte a sus preferencias'.",1,1,1,1,0,1,0,1,1,1,"['https://cdn-media.medialabtc.it/es/agencies/md087/estates/617449/images/8897985/gallery_media.jpeg', 'https://cdn-media.medialabtc.it/es/agencies/md087/estates/617449/images/8898004/gallery_media.jpeg', 'https://cdn-media.medialabtc.it/es/agencies/md087/estates/617449/images/8897995/gallery_media.jpeg', 'https://cdn-media.medialabtc.it/es/agencies/md087/estates/617449/images/8897991/gallery_media.jpeg', 'https://cdn-media.medialabtc.it/es/agencies/md087/estates/617449/images/8898006/gallery_media.jpeg', 'https://cdn-media.medialabtc.it/es/agencies/md087/estates/617449/images/8897989/gallery_media.jpeg', 'https://cdn-media.medialabtc.it/es/agencies/md087/estates/617449/images/8897983/gallery_media.jpeg', 'https://cdn-media.medialabtc.it/es/agencies/md087/estates/617449/images/8897992/gallery_media.jpeg', 'https://cdn-media.medialabtc.it/es/agencies/md087/estates/617449/images/8897994/gallery_media.jpeg', 'https://cdn-media.medialabtc.it/es/agencies/md087/estates/617449/images/8897997/gallery_media.jpeg', 'https://cdn-media.medialabtc.it/es/agencies/md087/estates/617449/images/8897988/gallery_media.jpeg', 'https://cdn-media.medialabtc.it/es/agencies/md087/estates/617449/images/8897987/gallery_media.jpeg', 'https://cdn-media.medialabtc.it/es/agencies/md087/estates/617449/images/8899001/gallery_media.jpeg', 'https://cdn-media.medialabtc.it/es/agencies/md087/estates/617449/images/8897984/gallery_media.jpeg', 'https://cdn-media.medialabtc.it/es/agencies/md087/estates/617449/images/8897993/gallery_media.jpeg', 'https://cdn-media.medialabtc.it/es/agencies/md087/estates/617449/images/8898005/gallery_media.jpeg', 'https://cdn-media.medialabtc.it/es/agencies/md087/estates/617449/images/8899000/gallery_media.jpeg', 'https://cdn-media.medialabtc.it/es/agencies/md087/estates/617449/images/8898003/gallery_media.jpeg', 'https://cdn-media.medialabtc.it/es/agencies/md087/estates/617449/images/8897986/gallery_media.jpeg', 'https://cdn-media.medialabtc.it/es/agencies/md087/estates/617449/images/8897990/gallery_media.jpeg', 'https://cdn-media.medialabtc.it/es/agencies/md087/estates/617449/images/8897996/gallery_media.jpeg']",0,Desconocido,0,0,0,0,0,F,0,0,"['imagenes_tecnocasa\\anuncio_697\\0.jpeg', 'imagenes_tecnocasa\\anuncio_697\\1.jpeg', 'imagenes_tecnocasa\\anuncio_697\\2.jpeg', 'imagenes_tecnocasa\\anuncio_697\\3.jpeg', 'imagenes_tecnocasa\\anuncio_697\\4.jpeg', 'imagenes_tecnocasa\\anuncio_697\\5.jpeg', 'imagenes_tecnocasa\\anuncio_697\\6.jpeg', 'imagenes_tecnocasa\\anuncio_697\\7.jpeg', 'imagenes_tecnocasa\\anuncio_697\\8.jpeg', 'imagenes_tecnocasa\\anuncio_697\\9.jpeg', 'imagenes_tecnocasa\\anuncio_697\\10.jpeg', 'imagenes_tecnocasa\\anuncio_697\\11.jpeg', 'imagenes_tecnocasa\\anuncio_697\\12.jpeg', 'imagenes_tecnocasa\\anuncio_697\\13.jpeg', 'imagenes_tecnocasa\\anuncio_697\\14.jpeg', 'imagenes_tecnocasa\\anuncio_697\\15.jpeg', 'imagenes_tecnocasa\\anuncio_697\\16.jpeg', 'imagenes_tecnocasa\\anuncio_697\\17.jpeg', 'imagenes_tecnocasa\\anuncio_697\\18.jpeg', 'imagenes_tecnocasa\\anuncio_697\\19.jpeg', 'imagenes_tecnocasa\\anuncio_697\\20.jpeg']",0,Popular,1980,0,0,0,piso,8,Madrid,"Santa Eugenia, Madrid",40.4167047,-3.7035825,697,3275.862068965517,180.0,137.0,0.0,0.0,1.0,0.0,otro,pintura,corredera,estándar (2.4-2.8m),nada,4.0,5.2,convencional,"['#FFFFFF', '#D3D3D3', '#A0522D']",regular,False,convencional,normal,ninguno,ninguno,estándar,básica,ninguno,6.4,6.0,ninguna,5
https://www.tecnocasa.es/venta/piso/madrid/getafe/620993.html,179990.0,3,70.0,1,"Agencia Inmobiliaria de Getafe zona Juan de la Cierva - oficina Tecnocasa, VENDE SEGUNDA PLANTA en la AVDA. DE LAS VASCONGADAS compuesta por entrada, salón, cocina, baño, 3 dormitorios y terraza.
La vivienda se encuentra en buen estado y en condiciones ideales para entrar a vivir, contando con CALEFACCIÓN DE GAS NATURAL en todas las estancias y AIRE ACONDICIONADO en el salón y en dos de los dormitorios, las ventanas son de aluminio en toda la vivienda, y cuenta con un PLATO DE DUCHA en el baño.
¡MEJOR VER!
Vivienda ubicada cerca de una de las arterias principales del barrio de Juan de la Cierva (Getafe) la Avenida Aragón, conocidos por todos nosotros por sus amplias aceras peatonales, sus comercios, por el mercado tradicional donde podremos encontrar productos frescos del día, bancos, cajas, y autobuses urbanos (L1, L2, L3A-B, L4 y L5, como interurbanos (442-488-485). El barrio cuenta con centro de salud con servicio de urgencias a escasos metros de la vivienda, comercios de barrio (DIA, AHORRAMAS). Contamos con colegios de enseñanza pública tales como Concepción Arenal, Doctor Severo Ochoa y Jorge Guillén, todos ellos a menos de cinco minutos de la vivienda, centros culturales, centro de día para la tercera edad.... Les invitamos sin compromiso a que concierten una cita para que puedan verlo. APROVECHEN ESTA OPORTUNIDAD ¡¡¡¡¡ LES ESPERAMOS !!!!! Nos amparan más de 19 años en la zona ofreciendo el mejor servicio y profesionalidad a todos nuestros vecinos lo cual nos hace ser especialistas en: -COMPRAVENTA Y ALQUILER DE INMUEBLES EN LA ZONA DE GETAFE-JUAN DE LA CIERVA -ASESORAMIENTO SOBRE HERENCIAS, CAMBIO DE DOMICILIO... -VALORACIÓN GRATUITA DE SU INMUEBLE Y SIN NINGÚN TIPO DE COMPROMISO -ASESORAMIENTO PERSONALIZADO PARA VENDEDORES Y COMPRADORES Si quiere vender, comprar o alquilar en el barrio de Juan de la Cierva, la oficina de Tecnocasa de la Avda. Aragón es la ideal. ¡¡¡¡LES ESPERAMOS!!!!",1,1,1,1,1,1,1,1,1,1,"['https://cdn-media.medialabtc.it/es/agencies/md518/estates/620993/images/8977708/gallery_media.jpeg', 'https://cdn-media.medialabtc.it/es/agencies/md518/estates/620993/images/8977701/gallery_media.jpeg', 'https://cdn-media.medialabtc.it/es/agencies/md518/estates/620993/images/8977694/gallery_media.jpeg', 'https://cdn-media.medialabtc.it/es/agencies/md518/estates/620993/images/8977705/gallery_media.jpeg', 'https://cdn-media.medialabtc.it/es/agencies/md518/estates/620993/images/8977702/gallery_media.jpeg', 'https://cdn-media.medialabtc.it/es/agencies/md518/estates/620993/images/8977706/gallery_media.jpeg', 'https://cdn-media.medialabtc.it/es/agencies/md518/estates/620993/images/8977710/gallery_media.jpeg', 'https://cdn-media.medialabtc.it/es/agencies/md518/estates/620993/images/8977695/gallery_media.jpeg', 'https://cdn-media.medialabtc.it/es/agencies/md518/estates/620993/images/8977697/gallery_media.jpeg', 'https://cdn-media.medialabtc.it/es/agencies/md518/estates/620993/images/8977703/gallery_media.jpeg', 'https://cdn-media.medialabtc.it/es/agencies/md518/estates/620993/images/8977711/gallery_media.jpeg', 'https://cdn-media.medialabtc.it/es/agencies/md518/estates/620993/images/8977698/gallery_media.jpeg', 'https://cdn-media.medialabtc.it/es/agencies/md518/estates/620993/images/8977700/gallery_media.jpeg', 'https://cdn-media.medialabtc.it/es/agencies/md518/estates/620993/images/8977707/gallery_media.jpeg', 'https://cdn-media.medialabtc.it/es/agencies/md518/estates/620993/images/8977704/gallery_media.jpeg', 'https://cdn-media.medialabtc.it/es/agencies/md518/estates/620993/images/8977699/gallery_media.jpeg', 'https://cdn-media.medialabtc.it/es/agencies/md518/estates/620993/images/8977709/gallery_media.jpeg', 'https://cdn-media.medialabtc.it/es/agencies/md518/estates/620993/images/8977696/gallery_media.jpeg']",0,Buen estado,0,0,0,1,0,E,0,0,"['imagenes_tecnocasa\\anuncio_698\\0.jpeg', 'imagenes_tecnocasa\\anuncio_698\\1.jpeg', 'imagenes_tecnocasa\\anuncio_698\\2.jpeg', 'imagenes_tecnocasa\\anuncio_698\\3.jpeg', 'imagenes_tecnocasa\\anuncio_698\\4.jpeg', 'imagenes_tecnocasa\\anuncio_698\\5.jpeg', 'imagenes_tecnocasa\\anuncio_698\\6.jpeg', 'imagenes_tecnocasa\\anuncio_698\\7.jpeg', 'imagenes_tecnocasa\\anuncio_698\\8.jpeg', 'imagenes_tecnocasa\\anuncio_698\\9.jpeg', 'imagenes_tecnocasa\\anuncio_698\\10.jpeg', 'imagenes_tecnocasa\\anuncio_698\\11.jpeg', 'imagenes_tecnocasa\\anuncio_698\\12.jpeg', 'imagenes_tecnocasa\\anuncio_698\\13.jpeg', 'imagenes_tecnocasa\\anuncio_698\\14.jpeg', 'imagenes_tecnocasa\\anuncio_698\\15.jpeg', 'imagenes_tecnocasa\\anuncio_698\\16.jpeg', 'imagenes_tecnocasa\\anuncio_698\\17.jpeg']",0,Popular,1972,0,0,0,piso,2,Getafe,Getafe,40.3070639,-3.7331808,698,2571.285714285714,311.0,211.0,0.69073486328125,0.7,0.0,0.0,cerámica,pintura,corredera,estándar (2.4-2.8m),nada,3.8,3.2,clásico,"['#A0522D', '#F5F5DC', '#FFFFFF']",regular,False,convencional,limitado,ninguno,ninguno,estándar,básica,ninguno,6.8,6.2,ninguna,5
https://www.tecnocasa.es/venta/piso/madrid/parla/494524.html,187800.0,3,101.0,1,"Agencia inmobiliaria de PARLA - Oficina Tecnocasa VENDE PISO en zona Centro.

VIVIENDA EN VENTA EN PARLA CENTRO.

Piso en venta en Parla, situado en el centro de Parla, con excelente ubicación, muy cercano a la estación de RENFE y a una de las calles principales del municipio, la calle pinto.
El barrio contiene una amplia variedad de comercios, centro comercial, colegios, centros médicos, parking público, galerías de alimentación, farmacias, restauración y cuenta con Tranvía cercano a la vivienda, que comunica con todo el municipio y con parada en la estación de tren de Renfe-Cercanías.

VIVIENDA A TAN SOLO 2 MINUTOS DE LA ESTACIÓN DE CERCANÍAS.
-Inmueble situado en una SEGUNDA PLANTA CON ASCENSOR Y TRASTERO.
-Salón/comedor muy luminoso con aire acondicionado y acceso a Terraza acristalada.
-Consta de 3 dormitorios, uno de ellos principal.
-Amplia cocina reformada con acceso a tendedero.
-Baño con plato de ducha.
-Suelos de Parque y Gres, ventanas de Aluminio.
-Calefacción individual a gas.

COMUNIDAD 60€/mensuales.
Cercano a la vivienda centro de salud, colegios, institutos, y grandes zonas verdes con parques infantiles.
El barrio contiene una amplia variedad de comercios, centro comercial, colegios, centros médicos, parking público, galerías de alimentación, farmacias, restauración y textil.
También, cuenta con muy buena comunicación de transporte público, Tranvía cercana a la vivienda, que comunica con todo el municipio y con parada en la estación de tren de Renfe-Cercanías.
TECNOCASA, red inmobiliaria líder en el sector con más de 30 años de experiencia, presente en más de 11 países, más de 900 oficinas a nivel nacional y con más de 400 oficinas en la Comunidad de Madrid.
Realizamos valoraciones de su hogar totalmente gratuitas; gestionamos el proceso de post-venta (tanto para comprador como para el vendedor); además, les daremos toda la información que necesiten sobre hipotecas, les ayudaremos a tramitar herencias, certificados, cambios de titularidad, plusvalías, permiso de venta, etc.
Contamos con la colaboración del departamento de financiación de KÍRON, su experto intermediario que le asesorará gratuitamente sin ningún compromiso.
Nuestros servicios:
- Hipoteca 'primera vivienda'.
- Hipoteca 'cambio de vivienda'.
- Hipoteca 100%.
Disponemos de las mejores viviendas del mercado.",0,1,1,1,1,1,0,1,1,1,"['https://cdn-media.medialabtc.it/es/agencies/md517/estates/494524/images/8976079/gallery_media.jpeg', 'https://cdn-media.medialabtc.it/es/agencies/md517/estates/494524/images/8976081/gallery_media.jpeg', 'https://cdn-media.medialabtc.it/es/agencies/md517/estates/494524/images/8976109/gallery_media.jpeg', 'https://cdn-media.medialabtc.it/es/agencies/md517/estates/494524/images/8976072/gallery_media.jpeg', 'https://cdn-media.medialabtc.it/es/agencies/md517/estates/494524/images/8976103/gallery_media.jpeg', 'https://cdn-media.medialabtc.it/es/agencies/md517/estates/494524/images/8976076/gallery_media.jpeg', 'https://cdn-media.medialabtc.it/es/agencies/md517/estates/494524/images/8976077/gallery_media.jpeg', 'https://cdn-media.medialabtc.it/es/agencies/md517/estates/494524/images/8976073/gallery_media.jpeg', 'https://cdn-media.medialabtc.it/es/agencies/md517/estates/494524/images/8976078/gallery_media.jpeg', 'https://cdn-media.medialabtc.it/es/agencies/md517/estates/494524/images/8976114/gallery_media.jpeg', 'https://cdn-media.medialabtc.it/es/agencies/md517/estates/494524/images/8976080/gallery_media.jpeg', 'https://cdn-media.medialabtc.it/es/agencies/md517/estates/494524/images/8976105/gallery_media.jpeg', 'https://cdn-media.medialabtc.it/es/agencies/md517/estates/494524/images/8976110/gallery_media.jpeg', 'https://cdn-media.medialabtc.it/es/agencies/md517/estates/494524/images/8976107/gallery_media.jpeg', 'https://cdn-media.medialabtc.it/es/agencies/md517/estates/494524/images/8976074/gallery_media.jpeg', 'https://cdn-media.medialabtc.it/es/agencies/md517/estates/494524/images/8976071/gallery_media.jpeg', 'https://cdn-media.medialabtc.it/es/agencies/md517/estates/494524/images/8976106/gallery_media.jpeg', 'https://cdn-media.medialabtc.it/es/agencies/md517/estates/494524/images/8976102/gallery_media.jpeg', 'https://cdn-media.medialabtc.it/es/agencies/md517/estates/494524/images/8976111/gallery_media.jpeg', 'https://cdn-media.medialabtc.it/es/agencies/md517/estates/494524/images/8976113/gallery_media.jpeg', 'https://cdn-media.medialabtc.it/es/agencies/md517/estates/494524/images/8976104/gallery_media.jpeg', 'https://cdn-media.medialabtc.it/es/agencies/md517/estates/494524/images/8976075/gallery_media.jpeg', 'https://cdn-media.medialabtc.it/es/agencies/md517/estates/494524/images/8976112/gallery_media.jpeg', 'https://cdn-media.medialabtc.it/es/agencies/md517/estates/494524/images/8976108/gallery_media.jpeg']",0,Desconocido,1,1,0,1,0,Desconocida,0,0,"['imagenes_tecnocasa\\anuncio_699\\0.jpeg', 'imagenes_tecnocasa\\anuncio_699\\1.jpeg', 'imagenes_tecnocasa\\anuncio_699\\2.jpeg', 'imagenes_tecnocasa\\anuncio_699\\3.jpeg', 'imagenes_tecnocasa\\anuncio_699\\4.jpeg', 'imagenes_tecnocasa\\anuncio_699\\5.jpeg', 'imagenes_tecnocasa\\anuncio_699\\6.jpeg', 'imagenes_tecnocasa\\anuncio_699\\7.jpeg', 'imagenes_tecnocasa\\anuncio_699\\8.jpeg', 'imagenes_tecnocasa\\anuncio_699\\9.jpeg', 'imagenes_tecnocasa\\anuncio_699\\10.jpeg', 'imagenes_tecnocasa\\anuncio_699\\11.jpeg', 'imagenes_tecnocasa\\anuncio_699\\12.jpeg', 'imagenes_tecnocasa\\anuncio_699\\13.jpeg', 'imagenes_tecnocasa\\anuncio_699\\14.jpeg', 'imagenes_tecnocasa\\anuncio_699\\15.jpeg', 'imagenes_tecnocasa\\anuncio_699\\16.jpeg', 'imagenes_tecnocasa\\anuncio_699\\17.jpeg', 'imagenes_tecnocasa\\anuncio_699\\18.jpeg', 'imagenes_tecnocasa\\anuncio_699\\19.jpeg', 'imagenes_tecnocasa\\anuncio_699\\20.jpeg', 'imagenes_tecnocasa\\anuncio_699\\21.jpeg', 'imagenes_tecnocasa\\anuncio_699\\22.jpeg', 'imagenes_tecnocasa\\anuncio_699\\23.jpeg']",1,Popular,1975,1,0,1,piso,3,Parla,Parla,40.2373952,-3.7718902,699,1859.4059405940593,351.0,201.0,0.0,0.2,1.0,0.0,parquet,pintura,no visible,estándar (2.4-2.8m),nada,5.0,3.4,clásico,"['#F5F5DC', '#DEB887', '#8B4513']",buena,False,convencional,normal,ninguno,ninguno,estándar,parcialmente equipada,ninguno,6.8,6.6,ninguna,5
https://www.tecnocasa.es/venta/piso/madrid/san-martin-de-la-vega/613499.html,149000.0,3,93.0,1,"Descubre esta encantadora propiedad de época en el municipio de San Martín de la Vega. Con una superficie de 93 m², esta vivienda ofrece un ambiente acogedor y funcional. Cuenta con tres dormitorios bien distribuidos, ideales para el descanso y la privacidad. El baño está diseñado para brindar comodidad y practicidad. La propiedad incluye un balcón y una terraza, perfectos para disfrutar del aire libre y momentos de relajación. Además, podrás refrescarte en la piscina, un espacio ideal para compartir con familiares y amigos durante los días soleados. Construida en 1977, asegurando un ambiente agradable durante todo el año. Su ubicación en San Martín de la Vega te permitirá disfrutar de un entorno tranquilo, con acceso a servicios y comodidades cercanas. No pierdas la oportunidad de adquirir esta propiedad que combina historia y confort.
LA VIVIENDA SE ENCUENTRA EN ESTADO PARA REFORMAR PARCIALMENTE
PARA LA REALIZACIÓN DE VISITAS, ES IMPRESCINDIBLE EL ESTUDIO DE VIABILIDAD POR PARTE DE KIRON, PARA EN CASO DE COMPRA GARANTIZAR LA OPERACIÓN",0,0,1,1,0,1,0,1,0,1,"['https://cdn-media.medialabtc.it/es/agencies/md559/estates/613499/images/8803784/gallery_media.jpeg', 'https://cdn-media.medialabtc.it/es/agencies/md559/estates/613499/images/8803796/gallery_media.jpeg', 'https://cdn-media.medialabtc.it/es/agencies/md559/estates/613499/images/8803797/gallery_media.jpeg', 'https://cdn-media.medialabtc.it/es/agencies/md559/estates/613499/images/8803760/gallery_media.jpeg', 'https://cdn-media.medialabtc.it/es/agencies/md559/estates/613499/images/8803782/gallery_media.jpeg', 'https://cdn-media.medialabtc.it/es/agencies/md559/estates/613499/images/8803761/gallery_media.jpeg', 'https://cdn-media.medialabtc.it/es/agencies/md559/estates/613499/images/8803791/gallery_media.jpeg', 'https://cdn-media.medialabtc.it/es/agencies/md559/estates/613499/images/8803795/gallery_media.jpeg', 'https://cdn-media.medialabtc.it/es/agencies/md559/estates/613499/images/8803789/gallery_media.jpeg', 'https://cdn-media.medialabtc.it/es/agencies/md559/estates/613499/images/8803787/gallery_media.jpeg', 'https://cdn-media.medialabtc.it/es/agencies/md559/estates/613499/images/8803792/gallery_media.jpeg', 'https://cdn-media.medialabtc.it/es/agencies/md559/estates/613499/images/8803794/gallery_media.jpeg', 'https://cdn-media.medialabtc.it/es/agencies/md559/estates/613499/images/8803790/gallery_media.jpeg', 'https://cdn-media.medialabtc.it/es/agencies/md559/estates/613499/images/8803783/gallery_media.jpeg', 'https://cdn-media.medialabtc.it/es/agencies/md559/estates/613499/images/8803793/gallery_media.jpeg', 'https://cdn-media.medialabtc.it/es/agencies/md559/estates/613499/images/8803798/gallery_media.jpeg', 'https://cdn-media.medialabtc.it/es/agencies/md559/estates/613499/images/8803788/gallery_media.jpeg', 'https://cdn-media.medialabtc.it/es/agencies/md559/estates/613499/images/8803799/gallery_media.jpeg', 'https://cdn-media.medialabtc.it/es/agencies/md559/estates/613499/images/8803785/gallery_media.jpeg', 'https://cdn-media.medialabtc.it/es/agencies/md559/estates/613499/images/8803786/gallery_media.jpeg']",0,Desconocido,0,0,1,1,0,G,0,0,"['imagenes_tecnocasa\\anuncio_700\\0.jpeg', 'imagenes_tecnocasa\\anuncio_700\\1.jpeg', 'imagenes_tecnocasa\\anuncio_700\\2.jpeg', 'imagenes_tecnocasa\\anuncio_700\\3.jpeg', 'imagenes_tecnocasa\\anuncio_700\\4.jpeg', 'imagenes_tecnocasa\\anuncio_700\\5.jpeg', 'imagenes_tecnocasa\\anuncio_700\\6.jpeg', 'imagenes_tecnocasa\\anuncio_700\\7.jpeg', 'imagenes_tecnocasa\\anuncio_700\\8.jpeg', 'imagenes_tecnocasa\\anuncio_700\\9.jpeg', 'imagenes_tecnocasa\\anuncio_700\\10.jpeg', 'imagenes_tecnocasa\\anuncio_700\\11.jpeg', 'imagenes_tecnocasa\\anuncio_700\\12.jpeg', 'imagenes_tecnocasa\\anuncio_700\\13.jpeg', 'imagenes_tecnocasa\\anuncio_700\\14.jpeg', 'imagenes_tecnocasa\\anuncio_700\\15.jpeg', 'imagenes_tecnocasa\\anuncio_700\\16.jpeg', 'imagenes_tecnocasa\\anuncio_700\\17.jpeg', 'imagenes_tecnocasa\\anuncio_700\\18.jpeg', 'imagenes_tecnocasa\\anuncio_700\\19.jpeg']",1,De época,1977,0,0,0,piso,2,San Martín de la Vega,San Martín De La Vega,40.2110462,-3.5771806,700,1602.1505376344087,166.0,116.0,0.9,1.0,1.0,1.0,cerámica,pintura,corredera,estándar (2.4-2.8m),nada,3.4,3.2,convencional,"['#F2F2F2', '#FFFFFF', '#A0A0A0']",regular,False,convencional,limitado,ninguno,ninguno,estándar,básica,ninguno,6.0,5.6,ninguna,5
https://www.tecnocasa.es/venta/piso/madrid/madrid/504389.html,150000.0,1,19.0,1,"Descubre este acogedor estudio en el barrio de Bellas Vistas, en el distrito de Tetuán, Madrid. Con una superficie de 19 m², esta propiedad es ideal para quienes buscan un espacio funcional y bien ubicado. Construido y renovado en 2003, el estudio se encuentra en la planta baja, ofreciendo fácil acceso y comodidad. El espacio está diseñado para aprovechar al máximo cada metro cuadrado, con un dormitorio integrado y un baño completo. La distribución es práctica, permitiendo una vida cómoda en un entorno urbano. La ubicación en Bellas Vistas te sitúa cerca de servicios, transporte público y zonas de ocio, facilitando el día a día. Este estudio es una oportunidad para quienes desean invertir en una propiedad en Madrid o buscan un hogar práctico en una zona con encanto. No pierdas la oportunidad de conocer este espacio que combina funcionalidad y ubicación estratégica.
El inmueble se encuentra alquilado hasta el 31/03/2027 por un importe mensual de 500,00 €.",1,1,1,1,1,1,1,1,1,1,"['https://cdn-media.medialabtc.it/es/agencies/mdaie/estates/504389/images/8939154/gallery_media.jpeg', 'https://cdn-media.medialabtc.it/es/agencies/mdaie/estates/504389/images/8939152/gallery_media.jpeg', 'https://cdn-media.medialabtc.it/es/agencies/mdaie/estates/504389/images/8939165/gallery_media.jpeg', 'https://cdn-media.medialabtc.it/es/agencies/mdaie/estates/504389/images/8939172/gallery_media.jpeg', 'https://cdn-media.medialabtc.it/es/agencies/mdaie/estates/504389/images/8939168/gallery_media.jpeg', 'https://cdn-media.medialabtc.it/es/agencies/mdaie/estates/504389/images/8939161/gallery_media.jpeg', 'https://cdn-media.medialabtc.it/es/agencies/mdaie/estates/504389/images/8939170/gallery_media.jpeg', 'https://cdn-media.medialabtc.it/es/agencies/mdaie/estates/504389/images/8939169/gallery_media.jpeg', 'https://cdn-media.medialabtc.it/es/agencies/mdaie/estates/504389/images/8939164/gallery_media.jpeg', 'https://cdn-media.medialabtc.it/es/agencies/mdaie/estates/504389/images/8939155/gallery_media.jpeg', 'https://cdn-media.medialabtc.it/es/agencies/mdaie/estates/504389/images/8939171/gallery_media.jpeg', 'https://cdn-media.medialabtc.it/es/agencies/mdaie/estates/504389/images/8939153/gallery_media.jpeg', 'https://cdn-media.medialabtc.it/es/agencies/mdaie/estates/504389/images/8939160/gallery_media.jpeg', 'https://cdn-media.medialabtc.it/es/agencies/mdaie/estates/504389/images/8939159/gallery_media.jpeg', 'https://cdn-media.medialabtc.it/es/agencies/mdaie/estates/504389/images/8939163/gallery_media.jpeg', 'https://cdn-media.medialabtc.it/es/agencies/mdaie/estates/504389/images/8939173/gallery_media.jpeg', 'https://cdn-media.medialabtc.it/es/agencies/mdaie/estates/504389/images/8939156/gallery_media.jpeg', 'https://cdn-media.medialabtc.it/es/agencies/mdaie/estates/504389/images/8939157/gallery_media.jpeg', 'https://cdn-media.medialabtc.it/es/agencies/mdaie/estates/504389/images/8939158/gallery_media.jpeg', 'https://cdn-media.medialabtc.it/es/agencies/mdaie/estates/504389/images/8939162/gallery_media.jpeg', 'https://cdn-media.medialabtc.it/es/agencies/mdaie/estates/504389/images/8939174/gallery_media.jpeg', 'https://cdn-media.medialabtc.it/es/agencies/mdaie/estates/504389/images/8939167/gallery_media.jpeg', 'https://cdn-media.medialabtc.it/es/agencies/mdaie/estates/504389/images/8939166/gallery_media.jpeg']",1,Desconocido,0,0,0,0,0,G,0,0,"['imagenes_tecnocasa\\anuncio_701\\0.jpeg', 'imagenes_tecnocasa\\anuncio_701\\1.jpeg', 'imagenes_tecnocasa\\anuncio_701\\2.jpeg', 'imagenes_tecnocasa\\anuncio_701\\3.jpeg', 'imagenes_tecnocasa\\anuncio_701\\4.jpeg', 'imagenes_tecnocasa\\anuncio_701\\5.jpeg', 'imagenes_tecnocasa\\anuncio_701\\6.jpeg', 'imagenes_tecnocasa\\anuncio_701\\7.jpeg', 'imagenes_tecnocasa\\anuncio_701\\8.jpeg', 'imagenes_tecnocasa\\anuncio_701\\9.jpeg', 'imagenes_tecnocasa\\anuncio_701\\10.jpeg', 'imagenes_tecnocasa\\anuncio_701\\11.jpeg', 'imagenes_tecnocasa\\anuncio_701\\12.jpeg', 'imagenes_tecnocasa\\anuncio_701\\13.jpeg', 'imagenes_tecnocasa\\anuncio_701\\14.jpeg', 'imagenes_tecnocasa\\anuncio_701\\15.jpeg', 'imagenes_tecnocasa\\anuncio_701\\16.jpeg', 'imagenes_tecnocasa\\anuncio_701\\17.jpeg', 'imagenes_tecnocasa\\anuncio_701\\18.jpeg', 'imagenes_tecnocasa\\anuncio_701\\19.jpeg', 'imagenes_tecnocasa\\anuncio_701\\20.jpeg', 'imagenes_tecnocasa\\anuncio_701\\21.jpeg', 'imagenes_tecnocasa\\anuncio_701\\22.jpeg']",0,Popular,2003,0,0,0,piso,1,Bellas Vistas,"Bellas Vistas, Madrid",40.4526848,-3.7072396,701,7894.736842105263,158.0,105.0,0.9,1.0,0.0,1.0,cerámica,pintura,ninguna visible,estándar (2.4-2.8m),nada,3.2,3.8,convencional,"['#F5F5DC', '#FFFFFF', '#A0522D']",regular,True,convencional,limitado,ninguno,ninguno,estándar,básica,ninguno,6.2,6.0,leve,5
https://www.tecnocasa.es/venta/piso/madrid/madrid/617192.html,154900.0,3,52.0,2,"'Inmobiliaria en Madrid Vallecas zona Congosto Vende. Estupendo piso REFORMADO, planta baja alquilado hasta abril de 2027. Se pueden realizar visitas y el inquilino paga una renta mensual de 650.
Piso con muy buena distribución que consta de 2 dormitorios, 1 baño, salón y cocina. Calefacción acumuladores de calor eléctrico, agua caliente por termo, suelo de tarima, ventanas de climalit y paredes lisas. La vivienda esta totalmente reformada: instalación eléctrica, tuberías, aislamiento en paredes, baño y cocina totalmente reformada.
El piso tiene una ubicación envidiable a pocos metros de la estación de metro Congosto. La comunicación por autobuses seria en las lineas 54, 142 y N9. La comunicación en coche seria: A3, M45, M50 Y M40. Muy cercano a todos los servicios ( Farmacias, colegios, supermercados, etc ). '. '.",1,1,1,1,1,1,1,1,1,1,"['https://cdn-media.medialabtc.it/es/agencies/mdat7/estates/617192/images/8922148/gallery_media.jpeg', 'https://cdn-media.medialabtc.it/es/agencies/mdat7/estates/617192/images/8922151/gallery_media.jpeg', 'https://cdn-media.medialabtc.it/es/agencies/mdat7/estates/617192/images/8922157/gallery_media.jpeg', 'https://cdn-media.medialabtc.it/es/agencies/mdat7/estates/617192/images/8922154/gallery_media.jpeg', 'https://cdn-media.medialabtc.it/es/agencies/mdat7/estates/617192/images/8922159/gallery_media.jpeg', 'https://cdn-media.medialabtc.it/es/agencies/mdat7/estates/617192/images/8922158/gallery_media.jpeg', 'https://cdn-media.medialabtc.it/es/agencies/mdat7/estates/617192/images/8922150/gallery_media.jpeg', 'https://cdn-media.medialabtc.it/es/agencies/mdat7/estates/617192/images/8922153/gallery_media.jpeg', 'https://cdn-media.medialabtc.it/es/agencies/mdat7/estates/617192/images/8922155/gallery_media.jpeg', 'https://cdn-media.medialabtc.it/es/agencies/mdat7/estates/617192/images/8922146/gallery_media.jpeg', 'https://cdn-media.medialabtc.it/es/agencies/mdat7/estates/617192/images/8922152/gallery_media.jpeg', 'https://cdn-media.medialabtc.it/es/agencies/mdat7/estates/617192/images/8922156/gallery_media.jpeg', 'https://cdn-media.medialabtc.it/es/agencies/mdat7/estates/617192/images/8922145/gallery_media.jpeg', 'https://cdn-media.medialabtc.it/es/agencies/mdat7/estates/617192/images/8922161/gallery_media.jpeg', 'https://cdn-media.medialabtc.it/es/agencies/mdat7/estates/617192/images/8922160/gallery_media.jpeg', 'https://cdn-media.medialabtc.it/es/agencies/mdat7/estates/617192/images/8922147/gallery_media.jpeg', 'https://cdn-media.medialabtc.it/es/agencies/mdat7/estates/617192/images/8922149/gallery_media.jpeg', 'https://cdn-media.medialabtc.it/es/agencies/mdat7/estates/617192/images/8922144/gallery_media.jpeg']",0,Reformado,0,0,0,0,0,G,0,0,"['imagenes_tecnocasa\\anuncio_702\\0.jpeg', 'imagenes_tecnocasa\\anuncio_702\\1.jpeg', 'imagenes_tecnocasa\\anuncio_702\\2.jpeg', 'imagenes_tecnocasa\\anuncio_702\\3.jpeg', 'imagenes_tecnocasa\\anuncio_702\\4.jpeg', 'imagenes_tecnocasa\\anuncio_702\\5.jpeg', 'imagenes_tecnocasa\\anuncio_702\\6.jpeg', 'imagenes_tecnocasa\\anuncio_702\\7.jpeg', 'imagenes_tecnocasa\\anuncio_702\\8.jpeg', 'imagenes_tecnocasa\\anuncio_702\\9.jpeg', 'imagenes_tecnocasa\\anuncio_702\\10.jpeg', 'imagenes_tecnocasa\\anuncio_702\\11.jpeg', 'imagenes_tecnocasa\\anuncio_702\\12.jpeg', 'imagenes_tecnocasa\\anuncio_702\\13.jpeg', 'imagenes_tecnocasa\\anuncio_702\\14.jpeg', 'imagenes_tecnocasa\\anuncio_702\\15.jpeg', 'imagenes_tecnocasa\\anuncio_702\\16.jpeg', 'imagenes_tecnocasa\\anuncio_702\\17.jpeg']",0,Media,1965,1,0,0,piso,2,Madrid,"Casco Histórico De Vallecas, Madrid",40.4167047,-3.7035825,702,2978.846153846154,130.0,107.0,0.0,0.0,1.0,0.0,cerámica,cerámica,ninguna,estándar (2.4-2.8m),nada,3.8,5.6,moderno,"['#F2F2F2', '#FFFFFF', '#D3D3D3']",regular,False,convencional,limitado,ninguno,ninguno,estándar,ninguna,ninguno,6.6,6.6,ninguna,5
https://www.tecnocasa.es/venta/piso/madrid/san-sebastian-de-los-reyes/614248.html,275000.0,3,92.0,1,"Agencia inmobiliaria de San Sebastián De Los Reyes zona Centro Tecnocasa ESTUDIO INMOBILIARIO MONUMENTO A LOS TOROS SL. , ofrece en exclusiva:


Piso con ASCENSOR para ACTUALIZAR en venta muy luminoso próximo al metro de Reyes Católicos; San Sebastián de los Reyes; consta de tres (3) dormitorios, un (1) baño, cocina independiente, salón y (2) terrazas, una interior y otra exterior abierta.
La vivienda cuenta con un cómodo hall distribuidor que nos da pasa al pasillo distribuidor, a la derecha del mismo nos encontramos con la cocina con terraza interior, uno de los dormitorios secundarios con armario empotrado y el cuarto de baño con plato de ducha, a la izquierda un amplio salón muy luminoso con una amplia terraza exterior, continuando por el pasillo de frente se encontraran con el otro dormitorio secundario y para finalizar a la izquierda el amplio dormitorio principal.
Entre las calidades de la vivienda se encuentran: La gran Luminosidad de la vivienda, recibiendo luz natural en todas las estancias principales, ventanas de aluminio correderas, suelos de parquet, calefacción independiente por gas natural, entre otras.
Ubicado en una excelente zona con todos los comercios y servicios básicos de la zona, como supermercados, restaurantes, polideportivo, estaciones de autobuses, próximo a la estación de metro Reyes Católicos y Renfe de Alcobendas-San Sebastián de los Reyes.

Consulte nuestras posibilidades de hipotecas al 100% con nuestro departamento financiero Kìron.",1,1,1,1,0,1,0,1,1,1,"['https://cdn-media.medialabtc.it/es/agencies/md535/estates/614248/images/8847081/gallery_media.jpeg', 'https://cdn-media.medialabtc.it/es/agencies/md535/estates/614248/images/8847064/gallery_media.jpeg', 'https://cdn-media.medialabtc.it/es/agencies/md535/estates/614248/images/8847073/gallery_media.jpeg', 'https://cdn-media.medialabtc.it/es/agencies/md535/estates/614248/images/8846998/gallery_media.jpeg', 'https://cdn-media.medialabtc.it/es/agencies/md535/estates/614248/images/8847076/gallery_media.jpeg', 'https://cdn-media.medialabtc.it/es/agencies/md535/estates/614248/images/8846997/gallery_media.jpeg', 'https://cdn-media.medialabtc.it/es/agencies/md535/estates/614248/images/8847080/gallery_media.jpeg', 'https://cdn-media.medialabtc.it/es/agencies/md535/estates/614248/images/8847072/gallery_media.jpeg', 'https://cdn-media.medialabtc.it/es/agencies/md535/estates/614248/images/8847079/gallery_media.jpeg', 'https://cdn-media.medialabtc.it/es/agencies/md535/estates/614248/images/8847075/gallery_media.jpeg', 'https://cdn-media.medialabtc.it/es/agencies/md535/estates/614248/images/8847078/gallery_media.jpeg', 'https://cdn-media.medialabtc.it/es/agencies/md535/estates/614248/images/8846995/gallery_media.jpeg', 'https://cdn-media.medialabtc.it/es/agencies/md535/estates/614248/images/8847069/gallery_media.jpeg', 'https://cdn-media.medialabtc.it/es/agencies/md535/estates/614248/images/8847082/gallery_media.jpeg', 'https://cdn-media.medialabtc.it/es/agencies/md535/estates/614248/images/8846996/gallery_media.jpeg', 'https://cdn-media.medialabtc.it/es/agencies/md535/estates/614248/images/8847062/gallery_media.jpeg', 'https://cdn-media.medialabtc.it/es/agencies/md535/estates/614248/images/8847074/gallery_media.jpeg', 'https://cdn-media.medialabtc.it/es/agencies/md535/estates/614248/images/8846999/gallery_media.jpeg', 'https://cdn-media.medialabtc.it/es/agencies/md535/estates/614248/images/8847083/gallery_media.jpeg', 'https://cdn-media.medialabtc.it/es/agencies/md535/estates/614248/images/8847000/gallery_media.jpeg', 'https://cdn-media.medialabtc.it/es/agencies/md535/estates/614248/images/8847077/gallery_media.jpeg', 'https://cdn-media.medialabtc.it/es/agencies/md535/estates/614248/images/8847070/gallery_media.jpeg', 'https://cdn-media.medialabtc.it/es/agencies/md535/estates/614248/images/8847063/gallery_media.jpeg', 'https://cdn-media.medialabtc.it/es/agencies/md535/estates/614248/images/8847065/gallery_media.jpeg', 'https://cdn-media.medialabtc.it/es/agencies/md535/estates/614248/images/8847067/gallery_media.jpeg', 'https://cdn-media.medialabtc.it/es/agencies/md535/estates/614248/images/8847066/gallery_media.jpeg', 'https://cdn-media.medialabtc.it/es/agencies/md535/estates/614248/images/8847068/gallery_media.jpeg']",0,Desconocido,0,0,0,1,0,Desconocida,0,0,"['imagenes_tecnocasa\\anuncio_704\\0.jpeg', 'imagenes_tecnocasa\\anuncio_704\\1.jpeg', 'imagenes_tecnocasa\\anuncio_704\\2.jpeg', 'imagenes_tecnocasa\\anuncio_704\\3.jpeg', 'imagenes_tecnocasa\\anuncio_704\\4.jpeg', 'imagenes_tecnocasa\\anuncio_704\\5.jpeg', 'imagenes_tecnocasa\\anuncio_704\\6.jpeg', 'imagenes_tecnocasa\\anuncio_704\\7.jpeg', 'imagenes_tecnocasa\\anuncio_704\\8.jpeg', 'imagenes_tecnocasa\\anuncio_704\\9.jpeg', 'imagenes_tecnocasa\\anuncio_704\\10.jpeg', 'imagenes_tecnocasa\\anuncio_704\\11.jpeg', 'imagenes_tecnocasa\\anuncio_704\\12.jpeg', 'imagenes_tecnocasa\\anuncio_704\\13.jpeg', 'imagenes_tecnocasa\\anuncio_704\\14.jpeg', 'imagenes_tecnocasa\\anuncio_704\\15.jpeg', 'imagenes_tecnocasa\\anuncio_704\\16.jpeg', 'imagenes_tecnocasa\\anuncio_704\\17.jpeg', 'imagenes_tecnocasa\\anuncio_704\\18.jpeg', 'imagenes_tecnocasa\\anuncio_704\\19.jpeg', 'imagenes_tecnocasa\\anuncio_704\\20.jpeg', 'imagenes_tecnocasa\\anuncio_704\\21.jpeg', 'imagenes_tecnocasa\\anuncio_704\\22.jpeg', 'imagenes_tecnocasa\\anuncio_704\\23.jpeg', 'imagenes_tecnocasa\\anuncio_704\\24.jpeg', 'imagenes_tecnocasa\\anuncio_704\\25.jpeg', 'imagenes_tecnocasa\\anuncio_704\\26.jpeg']",0,Popular,1975,0,0,0,piso,3,San Sebastián de los Reyes,San Sebastián De Los Reyes,40.5473698,-3.6260586,704,2989.1304347826085,229.0,149.0,0.1,0.4,2.0,0.0,parquet,pintura,corredera,estándar (2.4-2.8m),nada,3.8,2.8,clásico,"['#F2E8CF', '#A0522D', '#FFFFFF']",buena,False,convencional,normal,ninguno,ninguno,estándar,básica,ninguno,6.8,6.2,ninguna,5
https://www.tecnocasa.es/venta/piso/madrid/arganda-del-rey/485642.html,127260.0,3,61.0,1,"Agencia Inmobiliaria de ARGANDA DEL REY - Oficina TECNOCASA, VENDE este piso en pleno corazón de Arganda, ideal para quienes buscan comodidad y cercanía a todos los servicios. Con 61 m² construidos, esta propiedad cuenta con 3 habitaciones, perfectas para adaptarse a tus necesidades. El baño completo ofrece funcionalidad y confort

Ubicado en el centro, disfrutarás de la conveniencia de tener supermercados, farmacias y bares a pocos minutos de tu hogar. Además, la proximidad a la parada de bus facilita el acceso al transporte público, haciendo de este piso una opción ideal para quienes desean moverse con facilidad por la ciudad.

Este inmueble es de segunda mano y requiere reformas, lo que te brinda la oportunidad de personalizarlo a tu gusto y convertirlo en el hogar de tus sueños. La vivienda actualmente se encuentra alquilada, para mas información no dudes en contactar con nosotros!",0,0,1,1,1,1,0,1,1,1,"['https://cdn-media.medialabtc.it/es/agencies/md511/estates/485642/images/8976597/gallery_media.jpeg', 'https://cdn-media.medialabtc.it/es/agencies/md511/estates/485642/images/8976580/gallery_media.jpeg', 'https://cdn-media.medialabtc.it/es/agencies/md511/estates/485642/images/8976603/gallery_media.jpeg', 'https://cdn-media.medialabtc.it/es/agencies/md511/estates/485642/images/8976577/gallery_media.jpeg', 'https://cdn-media.medialabtc.it/es/agencies/md511/estates/485642/images/8976601/gallery_media.jpeg', 'https://cdn-media.medialabtc.it/es/agencies/md511/estates/485642/images/8976598/gallery_media.jpeg', 'https://cdn-media.medialabtc.it/es/agencies/md511/estates/485642/images/8976576/gallery_media.jpeg', 'https://cdn-media.medialabtc.it/es/agencies/md511/estates/485642/images/8976575/gallery_media.jpeg', 'https://cdn-media.medialabtc.it/es/agencies/md511/estates/485642/images/8976574/gallery_media.jpeg', 'https://cdn-media.medialabtc.it/es/agencies/md511/estates/485642/images/8976581/gallery_media.jpeg', 'https://cdn-media.medialabtc.it/es/agencies/md511/estates/485642/images/8976599/gallery_media.jpeg', 'https://cdn-media.medialabtc.it/es/agencies/md511/estates/485642/images/8976579/gallery_media.jpeg', 'https://cdn-media.medialabtc.it/es/agencies/md511/estates/485642/images/8976602/gallery_media.jpeg', 'https://cdn-media.medialabtc.it/es/agencies/md511/estates/485642/images/8976600/gallery_media.jpeg', 'https://cdn-media.medialabtc.it/es/agencies/md511/estates/485642/images/8976578/gallery_media.jpeg']",0,Desconocido,0,0,0,0,0,Desconocida,0,0,"['imagenes_tecnocasa\\anuncio_705\\0.jpeg', 'imagenes_tecnocasa\\anuncio_705\\1.jpeg', 'imagenes_tecnocasa\\anuncio_705\\2.jpeg', 'imagenes_tecnocasa\\anuncio_705\\3.jpeg', 'imagenes_tecnocasa\\anuncio_705\\4.jpeg', 'imagenes_tecnocasa\\anuncio_705\\5.jpeg', 'imagenes_tecnocasa\\anuncio_705\\6.jpeg', 'imagenes_tecnocasa\\anuncio_705\\7.jpeg', 'imagenes_tecnocasa\\anuncio_705\\8.jpeg', 'imagenes_tecnocasa\\anuncio_705\\9.jpeg', 'imagenes_tecnocasa\\anuncio_705\\10.jpeg', 'imagenes_tecnocasa\\anuncio_705\\11.jpeg', 'imagenes_tecnocasa\\anuncio_705\\12.jpeg', 'imagenes_tecnocasa\\anuncio_705\\13.jpeg', 'imagenes_tecnocasa\\anuncio_705\\14.jpeg']",0,Media,1970,0,0,0,piso,3,Arganda del Rey,Arganda Del Rey,40.3007708,-3.4380688,705,2086.2295081967213,144.0,107.0,0.95,1.0,0.0,1.0,cerámica,pintura,corredera,estándar (2.4-2.8m),nada,3.2,3.4,convencional,"['#F5F5DC', '#DEB887', '#8B4513']",regular,False,convencional,limitado,ninguno,ninguno,estándar,parcialmente equipada,ninguno,5.8,5.6,ninguna,5
https://www.tecnocasa.es/venta/piso/madrid/getafe/616312.html,199990.0,3,70.0,1,"Agencia inmobiliaria de Getafe zona Juan De La Cierva Tecnocasa Estudio Valencia SL VENDE PISO en la calle Castellón de la Plana compuesto por cocina, salón, tres dormitorios, baño y terraza. Sin barreras arquitectónicas.
Si buscas un CAMBIO DE VIVIENDA, VALORAMOS TU VIVIENDA DE MANERA GRATUITA.
La característica más importante que presenta la vivienda es que es exterior con una inmejorable orientación. La vivienda se encuentra REFORMADA. Además con el suelo de gres en toda la vivienda. Las ventanas son de aluminio en toda la casa excepto en el dormitorio exterior que es de PVC con vidrio climalit. El cuarto de baño dispone de plato de ducha.
La vivienda tiene calefacción y agua caliente con suministro de gas natural.
Piso ubicado cerca de una de las arterias principales del barrio de Juan de la Cierva (Getafe) la Avenida de España, conocida por todos nosotros por sus amplias aceras peatonales, sus comercios, por el mercado tradicional donde podremos encontrar productos frescos del día, bancos, cajas, además contamos con la parada de metro (L12 - Juan de la Cierva) y de autobuses urbanos (L1, L2, L3A-B, L4 y L5, como interurbanos (442-488-485). El barrio cuenta con centro de salud con servicio de urgencias a escasos metros de la vivienda, comercios de barrio (DIA, AHORRAMAS). Contamos con colegios de enseñanza pública tales como Concepción Arenal, Doctor Severo Ochoa y Jorge Guillén, todos ellos a menos de cinco minutos de la vivienda, centros culturales, centro de día para la tercera edad.... Les invitamos sin compromiso a que concierten una cita para que puedan verlo. APROVECHEN ESTA OPORTUNIDAD ¡¡¡¡¡ LES ESPERAMOS !!!!! Nos amparan más de 25 años en la zona ofreciendo el mejor servicio y profesionalidad a todos nuestros vecinos lo cual nos hace ser especialistas en: -COMPRAVENTA Y ALQUILER DE INMUEBLES EN LA ZONA DE GETAFE-JUAN DE LA CIERVA -VALORACIÓN GRATUITA DE SU INMUEBLE Y SIN NINGÚN TIPO DE COMPROMISO Si quiere vender, comprar o alquilar en el barrio de Juan de la Cierva, la oficina de Tecnocasa de la calle Valencia es la ideal. ¡¡¡¡LES ESPERAMOS!!!!",1,1,1,1,1,1,1,1,1,1,"['https://cdn-media.medialabtc.it/es/agencies/mdbg1/estates/616312/images/8890699/gallery_media.jpeg', 'https://cdn-media.medialabtc.it/es/agencies/mdbg1/estates/616312/images/8890683/gallery_media.jpeg', 'https://cdn-media.medialabtc.it/es/agencies/mdbg1/estates/616312/images/8890684/gallery_media.jpeg', 'https://cdn-media.medialabtc.it/es/agencies/mdbg1/estates/616312/images/8890682/gallery_media.jpeg', 'https://cdn-media.medialabtc.it/es/agencies/mdbg1/estates/616312/images/8890686/gallery_media.jpeg', 'https://cdn-media.medialabtc.it/es/agencies/mdbg1/estates/616312/images/8890689/gallery_media.jpeg', 'https://cdn-media.medialabtc.it/es/agencies/mdbg1/estates/616312/images/8890688/gallery_media.jpeg', 'https://cdn-media.medialabtc.it/es/agencies/mdbg1/estates/616312/images/8890690/gallery_media.jpeg', 'https://cdn-media.medialabtc.it/es/agencies/mdbg1/estates/616312/images/8890692/gallery_media.jpeg', 'https://cdn-media.medialabtc.it/es/agencies/mdbg1/estates/616312/images/8890691/gallery_media.jpeg', 'https://cdn-media.medialabtc.it/es/agencies/mdbg1/estates/616312/images/8890697/gallery_media.jpeg', 'https://cdn-media.medialabtc.it/es/agencies/mdbg1/estates/616312/images/8890693/gallery_media.jpeg', 'https://cdn-media.medialabtc.it/es/agencies/mdbg1/estates/616312/images/8890698/gallery_media.jpeg', 'https://cdn-media.medialabtc.it/es/agencies/mdbg1/estates/616312/images/8890700/gallery_media.jpeg', 'https://cdn-media.medialabtc.it/es/agencies/mdbg1/estates/616312/images/8890687/gallery_media.jpeg', 'https://cdn-media.medialabtc.it/es/agencies/mdbg1/estates/616312/images/8890695/gallery_media.jpeg', 'https://cdn-media.medialabtc.it/es/agencies/mdbg1/estates/616312/images/8890685/gallery_media.jpeg', 'https://cdn-media.medialabtc.it/es/agencies/mdbg1/estates/616312/images/8890660/gallery_media.jpeg', 'https://cdn-media.medialabtc.it/es/agencies/mdbg1/estates/616312/images/8890694/gallery_media.jpeg', 'https://cdn-media.medialabtc.it/es/agencies/mdbg1/estates/616312/images/8890696/gallery_media.jpeg', 'https://cdn-media.medialabtc.it/es/agencies/mdbg1/estates/616312/images/8890661/gallery_media.jpeg']",0,Desconocido,0,0,0,1,0,E,0,0,"['imagenes_tecnocasa\\anuncio_706\\0.jpeg', 'imagenes_tecnocasa\\anuncio_706\\1.jpeg', 'imagenes_tecnocasa\\anuncio_706\\2.jpeg', 'imagenes_tecnocasa\\anuncio_706\\3.jpeg', 'imagenes_tecnocasa\\anuncio_706\\4.jpeg', 'imagenes_tecnocasa\\anuncio_706\\5.jpeg', 'imagenes_tecnocasa\\anuncio_706\\6.jpeg', 'imagenes_tecnocasa\\anuncio_706\\7.jpeg', 'imagenes_tecnocasa\\anuncio_706\\8.jpeg', 'imagenes_tecnocasa\\anuncio_706\\9.jpeg', 'imagenes_tecnocasa\\anuncio_706\\10.jpeg', 'imagenes_tecnocasa\\anuncio_706\\11.jpeg', 'imagenes_tecnocasa\\anuncio_706\\12.jpeg', 'imagenes_tecnocasa\\anuncio_706\\13.jpeg', 'imagenes_tecnocasa\\anuncio_706\\14.jpeg', 'imagenes_tecnocasa\\anuncio_706\\15.jpeg', 'imagenes_tecnocasa\\anuncio_706\\16.jpeg', 'imagenes_tecnocasa\\anuncio_706\\17.jpeg', 'imagenes_tecnocasa\\anuncio_706\\18.jpeg', 'imagenes_tecnocasa\\anuncio_706\\19.jpeg', 'imagenes_tecnocasa\\anuncio_706\\20.jpeg']",1,Popular,1972,1,0,1,piso,2,Getafe,Getafe,40.3070639,-3.7331808,706,2857.0,344.0,224.0,0.652587890625,0.7,0.0,0.0,otro,pintura,otro,estándar (2.4-2.8m),nada,3.8,5.6,moderno,"['#D8BFD8', '#B0C4DE', '#FFFFFF']",buena,False,eficiente,limitado,ninguno,ninguno,estándar,básica,ninguno,6.8,6.6,ninguna,5
https://www.tecnocasa.es/venta/piso/madrid/arganda-del-rey/613607.html,108000.0,3,76.0,1,"Agencia Inmobiliaria de ARGANDA DEL REY - Oficina TECNOCASA, VENDE este piso en pleno corazón de Arganda, ideal para quienes buscan comodidad y cercanía a todos los servicios. Con 76 m² construidos, esta propiedad cuenta con 3 habitaciones, perfectas para adaptarse a tus necesidades. El baño completo ofrece funcionalidad y confort

Ubicado a un paso del centro, disfrutarás de la conveniencia de tener supermercados, farmacias y bares a pocos minutos de tu hogar. Además, la proximidad a la parada de bus facilita el acceso al transporte público, haciendo de este piso una opción ideal para quienes desean moverse con facilidad por la ciudad.

Este inmueble es de segunda mano y requiere reformas, lo que te brinda la oportunidad de personalizarlo a tu gusto y convertirlo en el hogar de tus sueños. La vivienda actualmente se encuentra alquilada, para mas informacion no dudes en contactar con nosotros!",0,0,1,1,1,1,0,1,1,1,"['https://cdn-media.medialabtc.it/es/agencies/md511/estates/613607/images/8976682/gallery_media.jpeg', 'https://cdn-media.medialabtc.it/es/agencies/md511/estates/613607/images/8976677/gallery_media.jpeg', 'https://cdn-media.medialabtc.it/es/agencies/md511/estates/613607/images/8976684/gallery_media.jpeg', 'https://cdn-media.medialabtc.it/es/agencies/md511/estates/613607/images/8976680/gallery_media.jpeg', 'https://cdn-media.medialabtc.it/es/agencies/md511/estates/613607/images/8976683/gallery_media.jpeg', 'https://cdn-media.medialabtc.it/es/agencies/md511/estates/613607/images/8976678/gallery_media.jpeg', 'https://cdn-media.medialabtc.it/es/agencies/md511/estates/613607/images/8976681/gallery_media.jpeg', 'https://cdn-media.medialabtc.it/es/agencies/md511/estates/613607/images/8976673/gallery_media.jpeg', 'https://cdn-media.medialabtc.it/es/agencies/md511/estates/613607/images/8976674/gallery_media.jpeg', 'https://cdn-media.medialabtc.it/es/agencies/md511/estates/613607/images/8976676/gallery_media.jpeg', 'https://cdn-media.medialabtc.it/es/agencies/md511/estates/613607/images/8976679/gallery_media.jpeg', 'https://cdn-media.medialabtc.it/es/agencies/md511/estates/613607/images/8976675/gallery_media.jpeg', 'https://cdn-media.medialabtc.it/es/agencies/md511/estates/613607/images/8976686/gallery_media.jpeg', 'https://cdn-media.medialabtc.it/es/agencies/md511/estates/613607/images/8976685/gallery_media.jpeg']",0,Desconocido,0,0,0,0,0,Desconocida,0,0,"['imagenes_tecnocasa\\anuncio_707\\0.jpeg', 'imagenes_tecnocasa\\anuncio_707\\1.jpeg', 'imagenes_tecnocasa\\anuncio_707\\2.jpeg', 'imagenes_tecnocasa\\anuncio_707\\3.jpeg', 'imagenes_tecnocasa\\anuncio_707\\4.jpeg', 'imagenes_tecnocasa\\anuncio_707\\5.jpeg', 'imagenes_tecnocasa\\anuncio_707\\6.jpeg', 'imagenes_tecnocasa\\anuncio_707\\7.jpeg', 'imagenes_tecnocasa\\anuncio_707\\8.jpeg', 'imagenes_tecnocasa\\anuncio_707\\9.jpeg', 'imagenes_tecnocasa\\anuncio_707\\10.jpeg', 'imagenes_tecnocasa\\anuncio_707\\11.jpeg', 'imagenes_tecnocasa\\anuncio_707\\12.jpeg', 'imagenes_tecnocasa\\anuncio_707\\13.jpeg']",0,Popular,1971,0,0,0,piso,1,Arganda del Rey,Arganda Del Rey,40.3007708,-3.4380688,707,1421.0526315789473,146.0,110.0,0.95,1.0,0.0,1.0,cerámica,pintura,ninguna visible,estándar (2.4-2.8m),nada,3.0,3.2,convencional,"['#0066cc', '#ffffff', '#d2b48c']",regular,False,convencional,limitado,ninguno,ninguno,estándar,básica,ninguno,6.6,6.4,ninguna,5
https://www.tecnocasa.es/venta/piso/madrid/alcala-de-henares/614297.html,255000.0,2,102.0,1,"AGENCIA INMOBILIARIA TECNOCASA DE ALCALÁ DE HENARES 'BARRIO VENECIA' VENDE:

CASA BAJA INDEPENDIENTE, en el BARRIO VENECIA de Alcalá de Henares. Con 135 metros cuadrados de parcela gráfica, tiene construida una vivienda de aproximadamente 76 metros cuadrados con las siguientes dependencias: un salón, 2 dormitorios, baño y cocina con salida a un amplio patio de 60m2 aprox. donde se ubica también un almacen o trastero de 26m2..

La vivienda está para reformar y la situación urbanística de la vivienda también permite hacer modificaciones tanto en la fachada de la vivienda como en la casa misma, pudiendo ampliar la casa dejando un 20% de patio además de levantar una segunda planta y una buhardilla que aportaría ya una infinidad de combinaciones, donde crear una espectacular casa de ensueño. Como añadido, cuenta con la posibilada de poder realizar un proyecto de segregación para sacar una o más viviendas. Ofreciendo así una oportunidad de inversión con una rentabilidad altísima.

La zona es inmejorable dotada de todos los servicios a su alcance, galería comercial, autobús a 1 minuto andando, plaza Cervantes a escasos 3 minutos, aparcamientos públicos. También contamos con farmacia, estanco, colegio, zonas verdes, peluquerías, restaurantes, bares.. .

'VENGA A VISITARLO SIN COMPROMISO, Y RECUERDE QUE LE PODEMOS CONSEGUIR HASTA EL 100% DE FINANCIACIÓN CON NUESTRO DEPARTAMENTO FINANCIERO KIRON. '.",0,1,1,1,1,1,1,1,1,1,"['https://cdn-media.medialabtc.it/es/agencies/md516/estates/614297/images/8847414/gallery_media.jpeg', 'https://cdn-media.medialabtc.it/es/agencies/md516/estates/614297/images/8847405/gallery_media.jpeg', 'https://cdn-media.medialabtc.it/es/agencies/md516/estates/614297/images/8847412/gallery_media.jpeg', 'https://cdn-media.medialabtc.it/es/agencies/md516/estates/614297/images/8847408/gallery_media.jpeg', 'https://cdn-media.medialabtc.it/es/agencies/md516/estates/614297/images/8847423/gallery_media.jpeg', 'https://cdn-media.medialabtc.it/es/agencies/md516/estates/614297/images/8847407/gallery_media.jpeg', 'https://cdn-media.medialabtc.it/es/agencies/md516/estates/614297/images/8847417/gallery_media.jpeg', 'https://cdn-media.medialabtc.it/es/agencies/md516/estates/614297/images/8847415/gallery_media.jpeg', 'https://cdn-media.medialabtc.it/es/agencies/md516/estates/614297/images/8847421/gallery_media.jpeg', 'https://cdn-media.medialabtc.it/es/agencies/md516/estates/614297/images/8847420/gallery_media.jpeg', 'https://cdn-media.medialabtc.it/es/agencies/md516/estates/614297/images/8847424/gallery_media.jpeg', 'https://cdn-media.medialabtc.it/es/agencies/md516/estates/614297/images/8847411/gallery_media.jpeg', 'https://cdn-media.medialabtc.it/es/agencies/md516/estates/614297/images/8847409/gallery_media.jpeg', 'https://cdn-media.medialabtc.it/es/agencies/md516/estates/614297/images/8847413/gallery_media.jpeg', 'https://cdn-media.medialabtc.it/es/agencies/md516/estates/614297/images/8847416/gallery_media.jpeg', 'https://cdn-media.medialabtc.it/es/agencies/md516/estates/614297/images/8847406/gallery_media.jpeg', 'https://cdn-media.medialabtc.it/es/agencies/md516/estates/614297/images/8847410/gallery_media.jpeg', 'https://cdn-media.medialabtc.it/es/agencies/md516/estates/614297/images/8847418/gallery_media.jpeg', 'https://cdn-media.medialabtc.it/es/agencies/md516/estates/614297/images/8854095/gallery_media.jpeg', 'https://cdn-media.medialabtc.it/es/agencies/md516/estates/614297/images/8847419/gallery_media.jpeg']",0,Desconocido,0,1,0,0,0,F,0,0,"['imagenes_tecnocasa\\anuncio_708\\0.jpeg', 'imagenes_tecnocasa\\anuncio_708\\1.jpeg', 'imagenes_tecnocasa\\anuncio_708\\2.jpeg', 'imagenes_tecnocasa\\anuncio_708\\3.jpeg', 'imagenes_tecnocasa\\anuncio_708\\4.jpeg', 'imagenes_tecnocasa\\anuncio_708\\5.jpeg', 'imagenes_tecnocasa\\anuncio_708\\6.jpeg', 'imagenes_tecnocasa\\anuncio_708\\7.jpeg', 'imagenes_tecnocasa\\anuncio_708\\8.jpeg', 'imagenes_tecnocasa\\anuncio_708\\9.jpeg', 'imagenes_tecnocasa\\anuncio_708\\10.jpeg', 'imagenes_tecnocasa\\anuncio_708\\11.jpeg', 'imagenes_tecnocasa\\anuncio_708\\12.jpeg', 'imagenes_tecnocasa\\anuncio_708\\13.jpeg', 'imagenes_tecnocasa\\anuncio_708\\14.jpeg', 'imagenes_tecnocasa\\anuncio_708\\15.jpeg', 'imagenes_tecnocasa\\anuncio_708\\16.jpeg', 'imagenes_tecnocasa\\anuncio_708\\17.jpeg', 'imagenes_tecnocasa\\anuncio_708\\18.jpeg', 'imagenes_tecnocasa\\anuncio_708\\19.jpeg']",0,Media,1955,0,1,0,piso,2,Alcalá de Henares,"Venecia, Alcalá De Henares",40.481954,-3.363981,708,2500.0,217.0,159.0,0.0,0.0,1.0,0.0,cerámica,pintura,fija,estándar (2.4-2.8m),nada,2.6,2.4,rústico,"['#FFFFFF', '#D3D3D3', '#808080']",regular,False,convencional,limitado,ninguno,ninguno,básico,básica,ninguno,5.2,5.8,ninguna,5
https://www.tecnocasa.es/venta/piso/madrid/madrid/617165.html,219000.0,2,61.0,2,"Agencia inmobiliaria de MADRID zona ALUCHE - OCAÑA Oficina Tecnocasa vende piso en Aluche, calle Ocaña.
¡Bajo moderno listo para entrar a vivir!!
¡Atención! Si buscas comodidad, estilo y una ubicación práctica… ¡este bajo es para ti!
Con 62 m² construidos (52 m² útiles), esta vivienda combina funcionalidad y diseño en un espacio perfectamente distribuido, ideal para parejas, familias pequeñas o como inversión rentable.
¿Qué ofrece este piso?
2 dormitorios amplios y luminosos.
2 baños, perfectos para la rutina diaria sin esperas.
Cocina americana moderna, integrada al salón: ¡más espacio, más luz y más estilo!
Salón-comedor acogedor, ideal para relajarte o recibir visitas.
Estado impecable: para entrar a vivir sin preocuparte de reformas
Planta baja, perfecta para quienes buscan accesibilidad y comodidad
Ubicación excelente, con todos los servicios cerca: transporte, supermercados, zonas verdes, colegios y más.
¿Necesitas financiación? ¡Te ayudamos!
Nuestro departamento financiero Kiron te asesora y gestiona la mejor hipoteca a tu medida, sin compromiso.
¡Una oportunidad única! Vive o invierte en un piso con todo lo que necesitas desde el primer día.
Contáctanos ahora y ven a verlo... ¡te va a sorprender!",1,1,0,1,1,1,1,1,1,1,"['https://cdn-media.medialabtc.it/es/agencies/mdawb/estates/617165/images/8932223/gallery_media.jpeg', 'https://cdn-media.medialabtc.it/es/agencies/mdawb/estates/617165/images/8932226/gallery_media.jpeg', 'https://cdn-media.medialabtc.it/es/agencies/mdawb/estates/617165/images/8932231/gallery_media.jpeg', 'https://cdn-media.medialabtc.it/es/agencies/mdawb/estates/617165/images/8932239/gallery_media.jpeg', 'https://cdn-media.medialabtc.it/es/agencies/mdawb/estates/617165/images/8932225/gallery_media.jpeg', 'https://cdn-media.medialabtc.it/es/agencies/mdawb/estates/617165/images/8932233/gallery_media.jpeg', 'https://cdn-media.medialabtc.it/es/agencies/mdawb/estates/617165/images/8932222/gallery_media.jpeg', 'https://cdn-media.medialabtc.it/es/agencies/mdawb/estates/617165/images/8932229/gallery_media.jpeg', 'https://cdn-media.medialabtc.it/es/agencies/mdawb/estates/617165/images/8932227/gallery_media.jpeg', 'https://cdn-media.medialabtc.it/es/agencies/mdawb/estates/617165/images/8932230/gallery_media.jpeg', 'https://cdn-media.medialabtc.it/es/agencies/mdawb/estates/617165/images/8932237/gallery_media.jpeg', 'https://cdn-media.medialabtc.it/es/agencies/mdawb/estates/617165/images/8932234/gallery_media.jpeg', 'https://cdn-media.medialabtc.it/es/agencies/mdawb/estates/617165/images/8932236/gallery_media.jpeg', 'https://cdn-media.medialabtc.it/es/agencies/mdawb/estates/617165/images/8932232/gallery_media.jpeg', 'https://cdn-media.medialabtc.it/es/agencies/mdawb/estates/617165/images/8932235/gallery_media.jpeg']",0,Desconocido,0,0,0,0,0,G,0,0,"['imagenes_tecnocasa\\anuncio_709\\0.jpeg', 'imagenes_tecnocasa\\anuncio_709\\1.jpeg', 'imagenes_tecnocasa\\anuncio_709\\2.jpeg', 'imagenes_tecnocasa\\anuncio_709\\3.jpeg', 'imagenes_tecnocasa\\anuncio_709\\4.jpeg', 'imagenes_tecnocasa\\anuncio_709\\5.jpeg', 'imagenes_tecnocasa\\anuncio_709\\6.jpeg', 'imagenes_tecnocasa\\anuncio_709\\7.jpeg', 'imagenes_tecnocasa\\anuncio_709\\8.jpeg', 'imagenes_tecnocasa\\anuncio_709\\9.jpeg', 'imagenes_tecnocasa\\anuncio_709\\10.jpeg', 'imagenes_tecnocasa\\anuncio_709\\11.jpeg', 'imagenes_tecnocasa\\anuncio_709\\12.jpeg', 'imagenes_tecnocasa\\anuncio_709\\13.jpeg', 'imagenes_tecnocasa\\anuncio_709\\14.jpeg']",0,Popular,1970,0,0,0,piso,1,Aluche,"Aluche, Madrid",40.392356,-3.7571096,709,3590.1639344262294,184.0,151.0,1.0,1.0,3.0,1.0,otro,pintura,otro,estándar (2.4-2.8m),nada,3.2,4.2,convencional,"['#FFFFFF', '#E0E0E0', '#D3D3D3']",buena,True,convencional,limitado,ninguno,ninguno,estándar,parcialmente equipada,ninguno,6.6,6.8,ninguna,5
https://www.tecnocasa.es/venta/casa/madrid/alcala-de-henares/612812.html,549900.0,4,231.0,4,"TECNOCASA CAMARMA DE ESTERUELAS - LA GARENA - EL OLIVAR Vende magnífico chalet adosado de cuatro plantas en La Garena, Alcalá de Henares.
Este impresionante chalet adosado con placas solares se encuentra ubicado sobre una parcela plana de 154 m² y cuenta con una superficie construida de 231 m² distribuidos en cuatro plantas:
En la planta baja, se despliega un encantador patio delantero que invita a la serenidad, adornado con un pozo y un cómodo asiento, creando una zona de descanso íntima y apacible. Este espacio, perfecto para momentos de relajación, ofrece además acceso directo al garaje subterráneo, proporcionando una gran funcionalidad y comodidad. Da paso a una entrada cerrada, que proporciona mayor privacidad. un aseo con ventana que ofrece ventilación natural. La cocina es amplia y está completamente equipada y dispone de bomba de frío/calor, ideal para disfrutar de grandes momentos culinarios. El salón es luminoso y cuenta con aire acondicionado y acceso directo a un porche acristalado con calefacción eléctrica que permite disfrutar del exterior en cualquier época del año. Además, se encuentra un patio que aporta un ambiente tranquilo y acogedor.
En la primera planta, se encuentran dos dormitorios individuales con armarios empotrados, ofreciendo gran capacidad de almacenamiento. También hay un baño completo con bañera y un dormitorio principal con vestidor y baño completo en suite con ducha, brindando un espacio privado y confortable para los propietarios. Los tres dormitorios disponen de aire acondicionado.
En la segunda planta, encontramos dos dormitorios adicionales con un gran armario empotrado y bomba de frío/calor, un baño completo con ducha y una amplia terraza, perfecta para relajarse y disfrutar de las vistas.
Finalmente, en el nivel subterráneo, se dispone de un amplio aparcamiento con capacidad para dos vehículos, accesible mediante una puerta automática y con cargador para coche eléctrico. Este espacio está complementado con armarios empotrados, un trastero y un cuarto adicional que ofrece múltiples posibilidades de uso, permitiendo adaptarlo a diversas necesidades según se desee.
Todas las estancias están equipadas con radiadores de aluminio, suelos cerámicos con efecto madera, doble ventana climalit, lo que garantiza un excelente aislamiento térmico y acústico. Como anejo, la vivienda dispone de 10 placas solares, contribuyendo al ahorro energético.
Este chalet es ideal para disfrutar de la comodidad y la funcionalidad, tanto dentro como fuera de la vivienda, ofreciendo amplios espacios y una distribución perfecta para toda la familia.
La GARENA es un Barrio tranquilo, residencial, una zona muy cómoda, próxima al centro y con todos los servicios a su alcance, como Colegios, Institutos, Supermercados tales como Mercadona, Centro Comercial La Garena Plaza, Autobús y cercanías Renfe a menos de 5 minutos andando, cerca del Hospital Príncipe de Asturias, Piscina y Polideportivos Municipales. Acceso directo a la A-2.
NO LO DUDE Y VENGA A VISITARLO SIN COMPROMISO.
Y RECUERDE QUE PODEMOS CONSEGUIR HASTA EL 100% DE FINANCIACIÓN CON NUESTRO DEPARTAMENTO DE INTERMEDIACIÓN FINANCIERA KIRON CON LAS MEJORES CONDICIONES DEL MERCADO.",0,1,1,1,1,1,0,0,1,1,"['https://cdn-media.medialabtc.it/es/agencies/md628/estates/612812/images/8788852/gallery_media.jpeg', 'https://cdn-media.medialabtc.it/es/agencies/md628/estates/612812/images/8788990/gallery_media.jpeg', 'https://cdn-media.medialabtc.it/es/agencies/md628/estates/612812/images/8788855/gallery_media.jpeg', 'https://cdn-media.medialabtc.it/es/agencies/md628/estates/612812/images/8788994/gallery_media.jpeg', 'https://cdn-media.medialabtc.it/es/agencies/md628/estates/612812/images/8788941/gallery_media.jpeg', 'https://cdn-media.medialabtc.it/es/agencies/md628/estates/612812/images/8789002/gallery_media.jpeg', 'https://cdn-media.medialabtc.it/es/agencies/md628/estates/612812/images/8788854/gallery_media.jpeg', 'https://cdn-media.medialabtc.it/es/agencies/md628/estates/612812/images/8788938/gallery_media.jpeg', 'https://cdn-media.medialabtc.it/es/agencies/md628/estates/612812/images/8788850/gallery_media.jpeg', 'https://cdn-media.medialabtc.it/es/agencies/md628/estates/612812/images/8788942/gallery_media.jpeg', 'https://cdn-media.medialabtc.it/es/agencies/md628/estates/612812/images/8788982/gallery_media.jpeg', 'https://cdn-media.medialabtc.it/es/agencies/md628/estates/612812/images/8788989/gallery_media.jpeg', 'https://cdn-media.medialabtc.it/es/agencies/md628/estates/612812/images/8788853/gallery_media.jpeg', 'https://cdn-media.medialabtc.it/es/agencies/md628/estates/612812/images/8788939/gallery_media.jpeg', 'https://cdn-media.medialabtc.it/es/agencies/md628/estates/612812/images/8788981/gallery_media.jpeg', 'https://cdn-media.medialabtc.it/es/agencies/md628/estates/612812/images/8788944/gallery_media.jpeg', 'https://cdn-media.medialabtc.it/es/agencies/md628/estates/612812/images/8789003/gallery_media.jpeg', 'https://cdn-media.medialabtc.it/es/agencies/md628/estates/612812/images/8788945/gallery_media.jpeg', 'https://cdn-media.medialabtc.it/es/agencies/md628/estates/612812/images/8788992/gallery_media.jpeg', 'https://cdn-media.medialabtc.it/es/agencies/md628/estates/612812/images/8788984/gallery_media.jpeg', 'https://cdn-media.medialabtc.it/es/agencies/md628/estates/612812/images/8788986/gallery_media.jpeg', 'https://cdn-media.medialabtc.it/es/agencies/md628/estates/612812/images/8789004/gallery_media.jpeg']",0,Desconocido,1,1,1,1,0,D,0,0,"['imagenes_tecnocasa\\anuncio_714\\0.jpeg', 'imagenes_tecnocasa\\anuncio_714\\1.jpeg', 'imagenes_tecnocasa\\anuncio_714\\2.jpeg', 'imagenes_tecnocasa\\anuncio_714\\3.jpeg', 'imagenes_tecnocasa\\anuncio_714\\4.jpeg', 'imagenes_tecnocasa\\anuncio_714\\5.jpeg', 'imagenes_tecnocasa\\anuncio_714\\6.jpeg', 'imagenes_tecnocasa\\anuncio_714\\7.jpeg', 'imagenes_tecnocasa\\anuncio_714\\8.jpeg', 'imagenes_tecnocasa\\anuncio_714\\9.jpeg', 'imagenes_tecnocasa\\anuncio_714\\10.jpeg', 'imagenes_tecnocasa\\anuncio_714\\11.jpeg', 'imagenes_tecnocasa\\anuncio_714\\12.jpeg', 'imagenes_tecnocasa\\anuncio_714\\13.jpeg', 'imagenes_tecnocasa\\anuncio_714\\14.jpeg', 'imagenes_tecnocasa\\anuncio_714\\15.jpeg', 'imagenes_tecnocasa\\anuncio_714\\16.jpeg', 'imagenes_tecnocasa\\anuncio_714\\17.jpeg', 'imagenes_tecnocasa\\anuncio_714\\18.jpeg', 'imagenes_tecnocasa\\anuncio_714\\19.jpeg', 'imagenes_tecnocasa\\anuncio_714\\20.jpeg', 'imagenes_tecnocasa\\anuncio_714\\21.jpeg']",1,Señorial,2001,1,0,0,casa,2,Alcalá de Henares,Alcalá De Henares,40.481954,-3.363981,714,2380.5194805194806,485.0,293.0,0.6333333333333333,0.7999999999999999,3.0,1.0,cerámica,pintura,ninguna visible,estándar (2.4-2.8m),nada,4.2,4.2,convencional,"['#A0522D', '#808000', '#008000']",regular,False,convencional,limitado,ninguno,ninguno,estándar,básica,ninguno,7.0,6.2,ninguna,5
https://www.tecnocasa.es/venta/piso/madrid/san-sebastian-de-los-reyes/618089.html,259000.0,3,93.0,1,"Agencia inmobiliaria de SAN SEBASTIÁN DE LOS REYES zona CENTRO - Oficina Tecnocasa vende en exclusiva piso para entrar a vivir en cuarta planta sin ascensor
Se distribuye como sigue:

TRES dormitorios, baño completo con plato de ducha, aseo reformado y Salón con acceso a Terraza exterior. Cocina con acceso a segunda terraza cubierta.

Calidades:
Ventanas climalit, Armario empotrado en el dormitorio principal, calefacción individual por gas natural. Muy buena ventilación. suelo TARIMA.

Muy bien comunicado con circuito de autobuses a solo unos metros de la Estación de metro ' Reyes Católicos' y del centro de Salud, rodeado por mercados y demás establecimientos. Es una de las mejores calles por su tranquilidad y cercanía a la zona nueva de San Sebastián de los Reyes y el Hospital Infanta Sofia.",1,1,1,0,0,1,1,1,1,1,"['https://cdn-media.medialabtc.it/es/agencies/md506/estates/618089/images/8919718/gallery_media.jpeg', 'https://cdn-media.medialabtc.it/es/agencies/md506/estates/618089/images/8919711/gallery_media.jpeg', 'https://cdn-media.medialabtc.it/es/agencies/md506/estates/618089/images/8919714/gallery_media.jpeg', 'https://cdn-media.medialabtc.it/es/agencies/md506/estates/618089/images/8919716/gallery_media.jpeg', 'https://cdn-media.medialabtc.it/es/agencies/md506/estates/618089/images/8919709/gallery_media.jpeg', 'https://cdn-media.medialabtc.it/es/agencies/md506/estates/618089/images/8919713/gallery_media.jpeg', 'https://cdn-media.medialabtc.it/es/agencies/md506/estates/618089/images/8919712/gallery_media.jpeg', 'https://cdn-media.medialabtc.it/es/agencies/md506/estates/618089/images/8919719/gallery_media.jpeg', 'https://cdn-media.medialabtc.it/es/agencies/md506/estates/618089/images/8919717/gallery_media.jpeg', 'https://cdn-media.medialabtc.it/es/agencies/md506/estates/618089/images/8919710/gallery_media.jpeg', 'https://cdn-media.medialabtc.it/es/agencies/md506/estates/618089/images/8919715/gallery_media.jpeg', 'https://cdn-media.medialabtc.it/es/agencies/md506/estates/618089/images/8919720/gallery_media.jpeg']",0,Reformado,0,0,0,1,0,Desconocida,0,0,"['imagenes_tecnocasa\\anuncio_715\\0.jpeg', 'imagenes_tecnocasa\\anuncio_715\\1.jpeg', 'imagenes_tecnocasa\\anuncio_715\\2.jpeg', 'imagenes_tecnocasa\\anuncio_715\\3.jpeg', 'imagenes_tecnocasa\\anuncio_715\\4.jpeg', 'imagenes_tecnocasa\\anuncio_715\\5.jpeg', 'imagenes_tecnocasa\\anuncio_715\\6.jpeg', 'imagenes_tecnocasa\\anuncio_715\\7.jpeg', 'imagenes_tecnocasa\\anuncio_715\\8.jpeg', 'imagenes_tecnocasa\\anuncio_715\\9.jpeg', 'imagenes_tecnocasa\\anuncio_715\\10.jpeg', 'imagenes_tecnocasa\\anuncio_715\\11.jpeg']",1,De época,1972,1,0,0,piso,4,San Sebastián de los Reyes,San Sebastián De Los Reyes,40.5473698,-3.6260586,715,2784.94623655914,129.0,100.0,0.05,0.4,1.0,0.0,parquet,pintura,corredera,estándar (2.4-2.8m),nada,5.2,5.4,moderno,"['#F2EBEB', '#D2B48C', '#FFFFFF']",buena,False,convencional,normal,ninguno,ninguno,estándar,parcialmente equipada,ninguno,7.6,6.6,ninguna,5
https://www.tecnocasa.es/venta/piso/madrid/fuenlabrada/620493.html,193000.0,3,68.0,1,"Inmobiliaria en El Arroyo - Tecnocasa Estudio Nuevo el Arroyo
EN VENTA EN EXCLUSIVA: Piso de 68m2 útiles compuesto por salón, cocina, tres dormitorios y un baño.
FINCA CON ASCENSOR Y PORTAL ADAPTADO PARA PERSONAS DE MOVILIDAD REDUCIDA.
El inmueble dispone de calefacción central, suelos de tarima, pintura lisa, puertas de madera de roble claro y puerta de entrada blindada. Instalación eléctrica y tuberías está situado en una zona ya consolidada con multitud de servicios alrededor (supermercados, farmacias, restaurantes, centro médico, colegios, parques…) y bien comunicada por la red de transportes del municipio Tren y metro a 5 minutos a pie. Fácil acceso a carretera M506.
No dude en llamarnos para concertar su cita para visitar el inmueble en la que además recibirá el asesoramiento gratuito de nuestro departamento financiero KÌRON. HIPOTECAS HASTA EL 100%.",1,1,1,1,1,1,0,1,1,1,"['https://cdn-media.medialabtc.it/es/agencies/md613/estates/620493/images/8974652/gallery_media.jpeg', 'https://cdn-media.medialabtc.it/es/agencies/md613/estates/620493/images/8974658/gallery_media.jpeg', 'https://cdn-media.medialabtc.it/es/agencies/md613/estates/620493/images/8975035/gallery_media.jpeg', 'https://cdn-media.medialabtc.it/es/agencies/md613/estates/620493/images/8974650/gallery_media.jpeg', 'https://cdn-media.medialabtc.it/es/agencies/md613/estates/620493/images/8974653/gallery_media.jpeg', 'https://cdn-media.medialabtc.it/es/agencies/md613/estates/620493/images/8974657/gallery_media.jpeg', 'https://cdn-media.medialabtc.it/es/agencies/md613/estates/620493/images/8975039/gallery_media.jpeg', 'https://cdn-media.medialabtc.it/es/agencies/md613/estates/620493/images/8974649/gallery_media.jpeg', 'https://cdn-media.medialabtc.it/es/agencies/md613/estates/620493/images/8975040/gallery_media.jpeg', 'https://cdn-media.medialabtc.it/es/agencies/md613/estates/620493/images/8974651/gallery_media.jpeg', 'https://cdn-media.medialabtc.it/es/agencies/md613/estates/620493/images/8975034/gallery_media.jpeg', 'https://cdn-media.medialabtc.it/es/agencies/md613/estates/620493/images/8974654/gallery_media.jpeg', 'https://cdn-media.medialabtc.it/es/agencies/md613/estates/620493/images/8974656/gallery_media.jpeg', 'https://cdn-media.medialabtc.it/es/agencies/md613/estates/620493/images/8975038/gallery_media.jpeg', 'https://cdn-media.medialabtc.it/es/agencies/md613/estates/620493/images/8974655/gallery_media.jpeg', 'https://cdn-media.medialabtc.it/es/agencies/md613/estates/620493/images/8975037/gallery_media.jpeg', 'https://cdn-media.medialabtc.it/es/agencies/md613/estates/620493/images/8975036/gallery_media.jpeg']",0,Desconocido,0,0,0,0,0,Desconocida,0,0,"['imagenes_tecnocasa\\anuncio_716\\0.jpeg', 'imagenes_tecnocasa\\anuncio_716\\1.jpeg', 'imagenes_tecnocasa\\anuncio_716\\2.jpeg', 'imagenes_tecnocasa\\anuncio_716\\3.jpeg', 'imagenes_tecnocasa\\anuncio_716\\4.jpeg', 'imagenes_tecnocasa\\anuncio_716\\5.jpeg', 'imagenes_tecnocasa\\anuncio_716\\6.jpeg', 'imagenes_tecnocasa\\anuncio_716\\7.jpeg', 'imagenes_tecnocasa\\anuncio_716\\8.jpeg', 'imagenes_tecnocasa\\anuncio_716\\9.jpeg', 'imagenes_tecnocasa\\anuncio_716\\10.jpeg', 'imagenes_tecnocasa\\anuncio_716\\11.jpeg', 'imagenes_tecnocasa\\anuncio_716\\12.jpeg', 'imagenes_tecnocasa\\anuncio_716\\13.jpeg', 'imagenes_tecnocasa\\anuncio_716\\14.jpeg', 'imagenes_tecnocasa\\anuncio_716\\15.jpeg', 'imagenes_tecnocasa\\anuncio_716\\16.jpeg']",0,Media,1978,1,0,1,piso,1,Fuenlabrada,Fuenlabrada,40.282476,-3.7923422,716,2838.235294117647,135.0,109.0,0.0,0.125,0.0,0.0,parquet,pintura,corredera,estándar (2.4-2.8m),nada,3.4,3.6,convencional,"['#D2B48C', '#A0522D', '#FFF8DC']",buena,False,convencional,limitado,ninguno,ninguno,estándar,básica,ninguno,6.8,5.8,leve,5
https://www.tecnocasa.es/venta/piso/madrid/madrid/620516.html,175000.0,3,64.0,1,"'TECNOCASA 'ESTUDIO SAN BLAS 2018 S. L. ' Vende inmueble de 64 m2 construidos en la ZONA ARCOS de SAN BLAS.
Una primera planta, completamente exterior, SIN ascensor. PARA ENTRAR A VIVIR.
Compuesto de hall-recibidor, salón muy luminoso, terraza cerrada, 3 amplios dormitorios, un baño completo y cocina independiente.
Excelente ubicación y excelentes vistas. Orientación: NORTE-SUR.
El inmueble se encuentra situado entre metro de San Blas L7 y metro Avenida de Guadalajara L2. Es una zona muy bien comunicada, con comercios, colegios, zonas verdes, polideportivo, centro comercial.
Los profesionales Kìron, gracias a un profundo conocimiento del mercado bancario, le ayudan a encontrar la solución hipotecaria que mejor se adapte a sus preferencias. '. '.
Se realizara obligatoriamente un estudio financiero antes de visitar la vivienda
Le buscamos la hipoteca hasta el 100%.",1,0,1,1,1,1,0,1,1,1,"['https://cdn-media.medialabtc.it/es/agencies/md017/estates/620516/images/8971375/gallery_media.jpeg', 'https://cdn-media.medialabtc.it/es/agencies/md017/estates/620516/images/8971372/gallery_media.jpeg', 'https://cdn-media.medialabtc.it/es/agencies/md017/estates/620516/images/8971365/gallery_media.jpeg', 'https://cdn-media.medialabtc.it/es/agencies/md017/estates/620516/images/8971368/gallery_media.jpeg', 'https://cdn-media.medialabtc.it/es/agencies/md017/estates/620516/images/8971367/gallery_media.jpeg', 'https://cdn-media.medialabtc.it/es/agencies/md017/estates/620516/images/8971374/gallery_media.jpeg', 'https://cdn-media.medialabtc.it/es/agencies/md017/estates/620516/images/8971380/gallery_media.jpeg', 'https://cdn-media.medialabtc.it/es/agencies/md017/estates/620516/images/8971363/gallery_media.jpeg', 'https://cdn-media.medialabtc.it/es/agencies/md017/estates/620516/images/8971373/gallery_media.jpeg', 'https://cdn-media.medialabtc.it/es/agencies/md017/estates/620516/images/8971377/gallery_media.jpeg', 'https://cdn-media.medialabtc.it/es/agencies/md017/estates/620516/images/8971379/gallery_media.jpeg', 'https://cdn-media.medialabtc.it/es/agencies/md017/estates/620516/images/8971364/gallery_media.jpeg', 'https://cdn-media.medialabtc.it/es/agencies/md017/estates/620516/images/8971366/gallery_media.jpeg', 'https://cdn-media.medialabtc.it/es/agencies/md017/estates/620516/images/8971376/gallery_media.jpeg', 'https://cdn-media.medialabtc.it/es/agencies/md017/estates/620516/images/8971369/gallery_media.jpeg', 'https://cdn-media.medialabtc.it/es/agencies/md017/estates/620516/images/8971370/gallery_media.jpeg', 'https://cdn-media.medialabtc.it/es/agencies/md017/estates/620516/images/8971378/gallery_media.jpeg']",0,Desconocido,0,0,0,1,0,Desconocida,0,0,"['imagenes_tecnocasa\\anuncio_718\\0.jpeg', 'imagenes_tecnocasa\\anuncio_718\\1.jpeg', 'imagenes_tecnocasa\\anuncio_718\\2.jpeg', 'imagenes_tecnocasa\\anuncio_718\\3.jpeg', 'imagenes_tecnocasa\\anuncio_718\\4.jpeg', 'imagenes_tecnocasa\\anuncio_718\\5.jpeg', 'imagenes_tecnocasa\\anuncio_718\\6.jpeg', 'imagenes_tecnocasa\\anuncio_718\\7.jpeg', 'imagenes_tecnocasa\\anuncio_718\\8.jpeg', 'imagenes_tecnocasa\\anuncio_718\\9.jpeg', 'imagenes_tecnocasa\\anuncio_718\\10.jpeg', 'imagenes_tecnocasa\\anuncio_718\\11.jpeg', 'imagenes_tecnocasa\\anuncio_718\\12.jpeg', 'imagenes_tecnocasa\\anuncio_718\\13.jpeg', 'imagenes_tecnocasa\\anuncio_718\\14.jpeg', 'imagenes_tecnocasa\\anuncio_718\\15.jpeg', 'imagenes_tecnocasa\\anuncio_718\\16.jpeg']",1,Popular,1960,1,0,0,piso,1,Madrid,"Simancas, Madrid",40.4167047,-3.7035825,718,2734.375,132.0,112.0,0.0,0.0,2.0,0.0,otro,pintura,corredera,estándar (2.4-2.8m),nada,2.4,3.6,convencional,"['#FFFFFF', '#D2691E', '#A0522D']",regular,False,convencional,limitado,ninguno,ninguno,básico,básica,ninguno,5.4,6.0,ninguna,5
https://www.tecnocasa.es/venta/piso/madrid/madrid/514926.html,220000.0,1,32.0,1,"Agencia inmobiliaria de MADRID - ZONA SALAMANCA - FUENTE DEL BERRO - GOYA- Vende vivienda en Calle Rufino Blanco.
Vivienda recién reformada compuesta de salón con cocina americana, un dormitorio independiente y baño con plato de ducha.
Con acceso a patio compartido. Dispone de aire acondicionado.
Ubicada a escasos metros de la calle Alcalá y la plaza de Manuel Becerra, cuenta con todo tipo de servicios en los alrededores, como, farmacias, colegios, supermercados, hospitales, zonas ajardinadas, centros deportivos, culturales y una gran red de transporte público.
Tecnocasa dispone de un servicio financiero de consulta gratuita para nuestros clientes.",1,1,1,1,1,1,1,1,1,1,"['https://cdn-media.medialabtc.it/es/agencies/mdas1/estates/514926/images/8913764/gallery_media.jpeg', 'https://cdn-media.medialabtc.it/es/agencies/mdas1/estates/514926/images/8911821/gallery_media.jpeg', 'https://cdn-media.medialabtc.it/es/agencies/mdas1/estates/514926/images/8912353/gallery_media.jpeg', 'https://cdn-media.medialabtc.it/es/agencies/mdas1/estates/514926/images/8913765/gallery_media.jpeg', 'https://cdn-media.medialabtc.it/es/agencies/mdas1/estates/514926/images/8912352/gallery_media.jpeg', 'https://cdn-media.medialabtc.it/es/agencies/mdas1/estates/514926/images/8912354/gallery_media.jpeg', 'https://cdn-media.medialabtc.it/es/agencies/mdas1/estates/514926/images/8911823/gallery_media.jpeg', 'https://cdn-media.medialabtc.it/es/agencies/mdas1/estates/514926/images/8913716/gallery_media.jpeg', 'https://cdn-media.medialabtc.it/es/agencies/mdas1/estates/514926/images/8913718/gallery_media.jpeg', 'https://cdn-media.medialabtc.it/es/agencies/mdas1/estates/514926/images/8913720/gallery_media.jpeg', 'https://cdn-media.medialabtc.it/es/agencies/mdas1/estates/514926/images/8911820/gallery_media.jpeg', 'https://cdn-media.medialabtc.it/es/agencies/mdas1/estates/514926/images/8912355/gallery_media.jpeg', 'https://cdn-media.medialabtc.it/es/agencies/mdas1/estates/514926/images/8913766/gallery_media.jpeg', 'https://cdn-media.medialabtc.it/es/agencies/mdas1/estates/514926/images/8911822/gallery_media.jpeg', 'https://cdn-media.medialabtc.it/es/agencies/mdas1/estates/514926/images/8913717/gallery_media.jpeg', 'https://cdn-media.medialabtc.it/es/agencies/mdas1/estates/514926/images/8913715/gallery_media.jpeg', 'https://cdn-media.medialabtc.it/es/agencies/mdas1/estates/514926/images/8913762/gallery_media.jpeg', 'https://cdn-media.medialabtc.it/es/agencies/mdas1/estates/514926/images/8913719/gallery_media.jpeg', 'https://cdn-media.medialabtc.it/es/agencies/mdas1/estates/514926/images/8913763/gallery_media.jpeg', 'https://cdn-media.medialabtc.it/es/agencies/mdas1/estates/514926/images/8913721/gallery_media.jpeg']",0,Desconocido,0,0,0,0,0,E,0,0,"['imagenes_tecnocasa\\anuncio_720\\0.jpeg', 'imagenes_tecnocasa\\anuncio_720\\1.jpeg', 'imagenes_tecnocasa\\anuncio_720\\2.jpeg', 'imagenes_tecnocasa\\anuncio_720\\3.jpeg', 'imagenes_tecnocasa\\anuncio_720\\4.jpeg', 'imagenes_tecnocasa\\anuncio_720\\5.jpeg', 'imagenes_tecnocasa\\anuncio_720\\6.jpeg', 'imagenes_tecnocasa\\anuncio_720\\7.jpeg', 'imagenes_tecnocasa\\anuncio_720\\8.jpeg', 'imagenes_tecnocasa\\anuncio_720\\9.jpeg', 'imagenes_tecnocasa\\anuncio_720\\10.jpeg', 'imagenes_tecnocasa\\anuncio_720\\11.jpeg', 'imagenes_tecnocasa\\anuncio_720\\12.jpeg', 'imagenes_tecnocasa\\anuncio_720\\13.jpeg', 'imagenes_tecnocasa\\anuncio_720\\14.jpeg', 'imagenes_tecnocasa\\anuncio_720\\15.jpeg', 'imagenes_tecnocasa\\anuncio_720\\16.jpeg', 'imagenes_tecnocasa\\anuncio_720\\17.jpeg', 'imagenes_tecnocasa\\anuncio_720\\18.jpeg', 'imagenes_tecnocasa\\anuncio_720\\19.jpeg']",0,Popular,1928,1,0,0,piso,1,Fuente del Berro,"Fuente Del Berro, Madrid",40.424977,-3.6636998,720,6875.0,98.0,79.0,0.0,0.0,0.0,0.0,otro,otro,otro,estándar (2.4-2.8m),nada,2.4,3.4,moderno,"['#000000', '#000000', '#000000']",regular,False,otro,otro,ninguno,ninguno,otro,otro,ninguno,5.8,5.6,ninguna,5
https://www.tecnocasa.es/venta/atico/madrid/madrid/579369.html,469000.0,1,60.0,1,"Este espectacular ático en venta junto a Manuel Becerra ha sido recién reformado para que lo estrenes tú. Con techos abuhardillados y encantadores detalles de vigas y ladrillo visto, este espacio combina lo moderno con lo rústico de manera perfecta.
El ático cuenta con un amplio dormitorio con armario empotrado y balcón, ideal para disfrutar de tus momentos de tranquilidad. El salón comedor con cocina americana completamente equipada es el lugar perfecto para tus reuniones y cenas. Además, dispone de un baño completo con plato de ducha y luces indirectas añade un toque de modernidad y confort.
Pero lo que realmente te enamorará es su gran terraza con suelo de tarima sintética y vistas inmejorables, donde podrás relajarte y disfrutar del aire libre. Ubicado a tan solo 100 metros de la plaza de Manuel Becerra, tendrás a tu alcance numerosos servicios como hospitales, colegios, farmacias, supermercados y transporte público.
Con una superficie de 50 m² útiles, calefacción, aire acondicionado por conductos en toda la vivienda y ascensor, este ático en la última planta es una oportunidad única. Además, ofrecemos un servicio financiero de consulta gratuita para clientes de Tecnocasa. ¡No dejes pasar esta oportunidad y ven a visitarlo!",1,1,1,1,1,1,1,1,1,1,"['https://cdn-media.medialabtc.it/es/agencies/mdas1/estates/579369/images/8475938/gallery_media.jpeg', 'https://cdn-media.medialabtc.it/es/agencies/mdas1/estates/579369/images/8475931/gallery_media.jpeg', 'https://cdn-media.medialabtc.it/es/agencies/mdas1/estates/579369/images/8475936/gallery_media.jpeg', 'https://cdn-media.medialabtc.it/es/agencies/mdas1/estates/579369/images/8475934/gallery_media.jpeg', 'https://cdn-media.medialabtc.it/es/agencies/mdas1/estates/579369/images/8475939/gallery_media.jpeg', 'https://cdn-media.medialabtc.it/es/agencies/mdas1/estates/579369/images/8976069/gallery_media.jpeg', 'https://cdn-media.medialabtc.it/es/agencies/mdas1/estates/579369/images/8475940/gallery_media.jpeg', 'https://cdn-media.medialabtc.it/es/agencies/mdas1/estates/579369/images/8475941/gallery_media.jpeg', 'https://cdn-media.medialabtc.it/es/agencies/mdas1/estates/579369/images/8475935/gallery_media.jpeg', 'https://cdn-media.medialabtc.it/es/agencies/mdas1/estates/579369/images/8417691/gallery_media.jpeg', 'https://cdn-media.medialabtc.it/es/agencies/mdas1/estates/579369/images/8475937/gallery_media.jpeg', 'https://cdn-media.medialabtc.it/es/agencies/mdas1/estates/579369/images/8475932/gallery_media.jpeg', 'https://cdn-media.medialabtc.it/es/agencies/mdas1/estates/579369/images/8475933/gallery_media.jpeg', 'https://cdn-media.medialabtc.it/es/agencies/mdas1/estates/579369/images/8475942/gallery_media.jpeg', 'https://cdn-media.medialabtc.it/es/agencies/mdas1/estates/579369/images/8417692/gallery_media.jpeg']",1,Reformado,0,0,0,1,0,E,0,0,"['imagenes_tecnocasa\\anuncio_721\\0.jpeg', 'imagenes_tecnocasa\\anuncio_721\\1.jpeg', 'imagenes_tecnocasa\\anuncio_721\\2.jpeg', 'imagenes_tecnocasa\\anuncio_721\\3.jpeg', 'imagenes_tecnocasa\\anuncio_721\\4.jpeg', 'imagenes_tecnocasa\\anuncio_721\\5.jpeg', 'imagenes_tecnocasa\\anuncio_721\\6.jpeg', 'imagenes_tecnocasa\\anuncio_721\\7.jpeg', 'imagenes_tecnocasa\\anuncio_721\\8.jpeg', 'imagenes_tecnocasa\\anuncio_721\\9.jpeg', 'imagenes_tecnocasa\\anuncio_721\\10.jpeg', 'imagenes_tecnocasa\\anuncio_721\\11.jpeg', 'imagenes_tecnocasa\\anuncio_721\\12.jpeg', 'imagenes_tecnocasa\\anuncio_721\\13.jpeg', 'imagenes_tecnocasa\\anuncio_721\\14.jpeg']",1,Media,1928,0,0,1,atico,4,Fuente del Berro,"Fuente Del Berro, Madrid",40.424977,-3.6636998,721,7816.666666666667,198.0,140.0,1.0,1.0,3.0,1.0,otro,pintura,no visible,alto (>2.8m),vigas,5.8,6.4,moderno,"['#F2F2F2', '#E0D6B6', '#FFFFFF']",buena,False,eficiente,normal,ninguno,ninguno,estándar,básica,ninguno,8.0,7.0,ninguna,5
https://www.tecnocasa.es/venta/piso/madrid/madrid/612188.html,625000.0,3,124.0,2,"Agencia inmobiliaria de MADRID - ZONA SALAMANCA - FUENTE DEL BERRO - GOYA- Vende vivienda en Calle Rufino Blanco.

Magnífica vivienda compuesta por un salón con gran balcón a la calle Rufino Blanco, tres dormitorios amplios + zona de servicio, cocina comedor, dos cuartos de baño completos y un gran hall recibidor. Todas las estancias cuentan con ventana. La vivienda cuenta con calefacción central, dos ascensores y videoportero.
Ubicada a escasos 200 metros de la plaza de Manuel Becerra, cuenta con todo tipo de servicios en los alrededores, como, farmacias, colegios, supermercados, hospitales, zonas ajardinadas, centros deportivos, culturales y una gran red de transporte público.
Tecnocasa dispone de un servicio financiero de consulta gratuita para nuestros clientes.",1,1,1,1,1,1,1,1,1,1,"['https://cdn-media.medialabtc.it/es/agencies/mdas1/estates/612188/images/8774138/gallery_media.jpeg', 'https://cdn-media.medialabtc.it/es/agencies/mdas1/estates/612188/images/8774121/gallery_media.jpeg', 'https://cdn-media.medialabtc.it/es/agencies/mdas1/estates/612188/images/8774167/gallery_media.jpeg', 'https://cdn-media.medialabtc.it/es/agencies/mdas1/estates/612188/images/8774136/gallery_media.jpeg', 'https://cdn-media.medialabtc.it/es/agencies/mdas1/estates/612188/images/8774132/gallery_media.jpeg', 'https://cdn-media.medialabtc.it/es/agencies/mdas1/estates/612188/images/8774117/gallery_media.jpeg', 'https://cdn-media.medialabtc.it/es/agencies/mdas1/estates/612188/images/8774129/gallery_media.jpeg', 'https://cdn-media.medialabtc.it/es/agencies/mdas1/estates/612188/images/8976068/gallery_media.jpeg', 'https://cdn-media.medialabtc.it/es/agencies/mdas1/estates/612188/images/8774170/gallery_media.jpeg', 'https://cdn-media.medialabtc.it/es/agencies/mdas1/estates/612188/images/8774119/gallery_media.jpeg', 'https://cdn-media.medialabtc.it/es/agencies/mdas1/estates/612188/images/8774134/gallery_media.jpeg', 'https://cdn-media.medialabtc.it/es/agencies/mdas1/estates/612188/images/8774130/gallery_media.jpeg', 'https://cdn-media.medialabtc.it/es/agencies/mdas1/estates/612188/images/8774120/gallery_media.jpeg', 'https://cdn-media.medialabtc.it/es/agencies/mdas1/estates/612188/images/8774165/gallery_media.jpeg', 'https://cdn-media.medialabtc.it/es/agencies/mdas1/estates/612188/images/8774131/gallery_media.jpeg', 'https://cdn-media.medialabtc.it/es/agencies/mdas1/estates/612188/images/8774163/gallery_media.jpeg', 'https://cdn-media.medialabtc.it/es/agencies/mdas1/estates/612188/images/8774142/gallery_media.jpeg', 'https://cdn-media.medialabtc.it/es/agencies/mdas1/estates/612188/images/8774135/gallery_media.jpeg', 'https://cdn-media.medialabtc.it/es/agencies/mdas1/estates/612188/images/8774118/gallery_media.jpeg', 'https://cdn-media.medialabtc.it/es/agencies/mdas1/estates/612188/images/8774171/gallery_media.jpeg', 'https://cdn-media.medialabtc.it/es/agencies/mdas1/estates/612188/images/8774137/gallery_media.jpeg', 'https://cdn-media.medialabtc.it/es/agencies/mdas1/estates/612188/images/8774169/gallery_media.jpeg', 'https://cdn-media.medialabtc.it/es/agencies/mdas1/estates/612188/images/8774140/gallery_media.jpeg', 'https://cdn-media.medialabtc.it/es/agencies/mdas1/estates/612188/images/8774139/gallery_media.jpeg', 'https://cdn-media.medialabtc.it/es/agencies/mdas1/estates/612188/images/8774133/gallery_media.jpeg', 'https://cdn-media.medialabtc.it/es/agencies/mdas1/estates/612188/images/8774162/gallery_media.jpeg', 'https://cdn-media.medialabtc.it/es/agencies/mdas1/estates/612188/images/8774141/gallery_media.jpeg', 'https://cdn-media.medialabtc.it/es/agencies/mdas1/estates/612188/images/8774166/gallery_media.jpeg']",0,Desconocido,0,0,0,1,0,D,0,0,"['imagenes_tecnocasa\\anuncio_722\\0.jpeg', 'imagenes_tecnocasa\\anuncio_722\\1.jpeg', 'imagenes_tecnocasa\\anuncio_722\\2.jpeg', 'imagenes_tecnocasa\\anuncio_722\\3.jpeg', 'imagenes_tecnocasa\\anuncio_722\\4.jpeg', 'imagenes_tecnocasa\\anuncio_722\\5.jpeg', 'imagenes_tecnocasa\\anuncio_722\\6.jpeg', 'imagenes_tecnocasa\\anuncio_722\\7.jpeg', 'imagenes_tecnocasa\\anuncio_722\\8.jpeg', 'imagenes_tecnocasa\\anuncio_722\\9.jpeg', 'imagenes_tecnocasa\\anuncio_722\\10.jpeg', 'imagenes_tecnocasa\\anuncio_722\\11.jpeg', 'imagenes_tecnocasa\\anuncio_722\\12.jpeg', 'imagenes_tecnocasa\\anuncio_722\\13.jpeg', 'imagenes_tecnocasa\\anuncio_722\\14.jpeg', 'imagenes_tecnocasa\\anuncio_722\\15.jpeg', 'imagenes_tecnocasa\\anuncio_722\\16.jpeg', 'imagenes_tecnocasa\\anuncio_722\\17.jpeg', 'imagenes_tecnocasa\\anuncio_722\\18.jpeg', 'imagenes_tecnocasa\\anuncio_722\\19.jpeg', 'imagenes_tecnocasa\\anuncio_722\\20.jpeg', 'imagenes_tecnocasa\\anuncio_722\\21.jpeg', 'imagenes_tecnocasa\\anuncio_722\\22.jpeg', 'imagenes_tecnocasa\\anuncio_722\\23.jpeg', 'imagenes_tecnocasa\\anuncio_722\\24.jpeg', 'imagenes_tecnocasa\\anuncio_722\\25.jpeg', 'imagenes_tecnocasa\\anuncio_722\\26.jpeg', 'imagenes_tecnocasa\\anuncio_722\\27.jpeg']",1,Media,1947,1,0,1,piso,2,Fuente del Berro,"Fuente Del Berro, Madrid",40.424977,-3.6636998,722,5040.322580645161,117.0,90.0,0.0,0.125,1.0,0.0,parquet,pintura,corredera,estándar (2.4-2.8m),nada,3.6,2.2,clásico,"['#A0783E', '#C0904E', '#D2B48C']",regular,False,convencional,limitado,ninguno,ninguno,estándar,básica,ninguno,5.8,6.8,ninguna,5
https://www.tecnocasa.es/venta/piso/madrid/madrid/613420.html,611000.0,3,118.0,2,"Agencia inmobiliaria de MADRID - ZONA SALAMANCA - FUENTE DEL BERRO - GOYA- Vende vivienda en Paseo Marques de Zafra.

Magnífica vivienda interior muy luminosa. Compuesta por un salón comedor, tres dormitorios amplios, cocina, dos cuartos de baño completos y un gran hall recibidor. Todas las estancias cuentan con ventana. La vivienda cuenta con calefacción central, un ascensor y portero en horario comercial.
Ubicada en la calle principqal de Fuente del Berro, a escasos metros de la plaza de Manuel Becerra, cuenta con todo tipo de servicios en los alrededores, como, farmacias, colegios, supermercados, hospitales, zonas ajardinadas, centros deportivos, culturales y una gran red de transporte público.
Tecnocasa dispone de un servicio financiero de consulta gratuita para nuestros clientes.",1,1,1,1,1,1,1,1,1,1,"['https://cdn-media.medialabtc.it/es/agencies/mdas1/estates/613420/images/8976067/gallery_media.jpeg', 'https://cdn-media.medialabtc.it/es/agencies/mdas1/estates/613420/images/8802689/gallery_media.jpeg', 'https://cdn-media.medialabtc.it/es/agencies/mdas1/estates/613420/images/8802681/gallery_media.jpeg', 'https://cdn-media.medialabtc.it/es/agencies/mdas1/estates/613420/images/8802676/gallery_media.jpeg', 'https://cdn-media.medialabtc.it/es/agencies/mdas1/estates/613420/images/8802686/gallery_media.jpeg', 'https://cdn-media.medialabtc.it/es/agencies/mdas1/estates/613420/images/8802680/gallery_media.jpeg', 'https://cdn-media.medialabtc.it/es/agencies/mdas1/estates/613420/images/8802670/gallery_media.jpeg', 'https://cdn-media.medialabtc.it/es/agencies/mdas1/estates/613420/images/8802687/gallery_media.jpeg', 'https://cdn-media.medialabtc.it/es/agencies/mdas1/estates/613420/images/8802685/gallery_media.jpeg', 'https://cdn-media.medialabtc.it/es/agencies/mdas1/estates/613420/images/8802682/gallery_media.jpeg', 'https://cdn-media.medialabtc.it/es/agencies/mdas1/estates/613420/images/8802688/gallery_media.jpeg', 'https://cdn-media.medialabtc.it/es/agencies/mdas1/estates/613420/images/8802678/gallery_media.jpeg', 'https://cdn-media.medialabtc.it/es/agencies/mdas1/estates/613420/images/8802672/gallery_media.jpeg', 'https://cdn-media.medialabtc.it/es/agencies/mdas1/estates/613420/images/8802679/gallery_media.jpeg', 'https://cdn-media.medialabtc.it/es/agencies/mdas1/estates/613420/images/8805902/gallery_media.jpeg', 'https://cdn-media.medialabtc.it/es/agencies/mdas1/estates/613420/images/8802674/gallery_media.jpeg', 'https://cdn-media.medialabtc.it/es/agencies/mdas1/estates/613420/images/8802669/gallery_media.jpeg', 'https://cdn-media.medialabtc.it/es/agencies/mdas1/estates/613420/images/8805881/gallery_media.jpeg', 'https://cdn-media.medialabtc.it/es/agencies/mdas1/estates/613420/images/8802683/gallery_media.jpeg', 'https://cdn-media.medialabtc.it/es/agencies/mdas1/estates/613420/images/8802675/gallery_media.jpeg', 'https://cdn-media.medialabtc.it/es/agencies/mdas1/estates/613420/images/8802671/gallery_media.jpeg']",0,Desconocido,0,0,0,0,1,E,0,0,"['imagenes_tecnocasa\\anuncio_723\\0.jpeg', 'imagenes_tecnocasa\\anuncio_723\\1.jpeg', 'imagenes_tecnocasa\\anuncio_723\\2.jpeg', 'imagenes_tecnocasa\\anuncio_723\\3.jpeg', 'imagenes_tecnocasa\\anuncio_723\\4.jpeg', 'imagenes_tecnocasa\\anuncio_723\\5.jpeg', 'imagenes_tecnocasa\\anuncio_723\\6.jpeg', 'imagenes_tecnocasa\\anuncio_723\\7.jpeg', 'imagenes_tecnocasa\\anuncio_723\\8.jpeg', 'imagenes_tecnocasa\\anuncio_723\\9.jpeg', 'imagenes_tecnocasa\\anuncio_723\\10.jpeg', 'imagenes_tecnocasa\\anuncio_723\\11.jpeg', 'imagenes_tecnocasa\\anuncio_723\\12.jpeg', 'imagenes_tecnocasa\\anuncio_723\\13.jpeg', 'imagenes_tecnocasa\\anuncio_723\\14.jpeg', 'imagenes_tecnocasa\\anuncio_723\\15.jpeg', 'imagenes_tecnocasa\\anuncio_723\\16.jpeg', 'imagenes_tecnocasa\\anuncio_723\\17.jpeg', 'imagenes_tecnocasa\\anuncio_723\\18.jpeg', 'imagenes_tecnocasa\\anuncio_723\\19.jpeg', 'imagenes_tecnocasa\\anuncio_723\\20.jpeg']",0,Media,1949,1,0,0,piso,2,Fuente del Berro,"Fuente Del Berro, Madrid",40.424977,-3.6636998,723,5177.966101694915,119.0,93.0,0.0,0.125,1.0,0.0,parquet,pintura,corredera,estándar (2.4-2.8m),nada,3.8,2.6,clásico,"['#F5F5DC', '#A0522D', '#FFFFFF']",buena,False,convencional,limitado,ninguno,ninguno,estándar,básica,ninguno,6.8,6.2,ninguna,5
