Enlace,Precio,Dormitorios,Superficie,Num_baños,Descripción,Metro,Renfe,Bus,Farmacia,Bar,Restaurante,Hospital,Supermercado,Tienda,Colegio,Imagenes,Vistas,Estado_conservacion,Garaje,Trastero,Piscina,Terraza_balcon,Seguridad_portero,Etiqueta,Amueblado,Calle_tranquila,Imagenes_locales,Aire acondicionado,Tipo_de_inmueble,Año_de_construccion,Calefaccion,Jardin,Ascensor,Tipo_vivienda,Planta_ordinal,distrito/ciudad,Localización_normalizada,Latitud,Longitud,announcement_id,Precio_m2,Longitud_desc,Riqueza_desc,Polaridad_desc,Subjetividad_desc,Adjetivos_positivos,Urgencia_desc,tipo_suelo,material_pared,tipo_ventana,altura_techo,elementos_estructurales_visibles,nivel_lujo,nivel_modernidad,estilo_principal,paleta_colores,calidad_iluminacion,espacio_abierto,distribucion_espacios,espacios_almacenaje,zonas_exteriores,tecnologia_visible,calidad_bano,equipamiento_cocina,defectos_visibles,nivel_foto_profesional,equilibrio_composicion,distorsion_perspectiva,num_imagenes
https://www.tecnocasa.es/venta/piso/madrid/madrid/617443.html,265000.0,3,106.0,2,"¡TU NUEVO HOGAR TE ESPERA!
AMPLIO Y LUMINOSO PISO EN MIGUEL HERNÁNDEZ – TECNOCASA
Descubre este piso de 105 m² construidos (90 m² útiles), ideal para familias o parejas que buscan amplitud, luz natural y buena ubicación. Situado en una quinta planta con ascensor, ofrece todo lo que necesitas para vivir cómodamente.
DISTRIBUCIÓN
3 dormitorios amplios, el principal con armarios empotrados.
2 baños completos bien conservados.
Salón-comedor muy luminoso, con acceso a terraza.
Cocina independiente con espacio para desayunos.
2 terrazas y un balcón adicionales para disfrutar del aire libre.
DETALLES
Orientación norte y este, mucha luz todo el día.
Calefacción individual de gas natural.
Edificio adaptado a personas con movilidad reducida.
Estado: Buen estado, listo para entrar a vivir.
FINANCIACIÓN FLEXIBLE
A través de Kiron, nuestro departamento financiero, podemos ayudarte a conseguir hasta el 80%-90% de financiación, según tu perfil.
¡Te asesoramos gratis!
UBICACIÓN
En el barrio de Miguel Hernández, con metro a pocos minutos, supermercados, colegios y parques muy cerca.
¡VEN A VISITARLO!
Espacioso, luminoso y bien comunicado:
¡Tu nuevo hogar te está esperando!
Contáctanos en Tecnocasa Miguel Hernández para más información.",1,1,1,1,1,1,0,1,1,1,"['https://cdn-media.medialabtc.it/es/agencies/md012/estates/617443/images/8894933/gallery_media.jpeg', 'https://cdn-media.medialabtc.it/es/agencies/md012/estates/617443/images/8894940/gallery_media.jpeg', 'https://cdn-media.medialabtc.it/es/agencies/md012/estates/617443/images/8895024/gallery_media.jpeg', 'https://cdn-media.medialabtc.it/es/agencies/md012/estates/617443/images/8895025/gallery_media.jpeg', 'https://cdn-media.medialabtc.it/es/agencies/md012/estates/617443/images/8894937/gallery_media.jpeg', 'https://cdn-media.medialabtc.it/es/agencies/md012/estates/617443/images/8894935/gallery_media.jpeg', 'https://cdn-media.medialabtc.it/es/agencies/md012/estates/617443/images/8894941/gallery_media.jpeg', 'https://cdn-media.medialabtc.it/es/agencies/md012/estates/617443/images/8894939/gallery_media.jpeg', 'https://cdn-media.medialabtc.it/es/agencies/md012/estates/617443/images/8895026/gallery_media.jpeg', 'https://cdn-media.medialabtc.it/es/agencies/md012/estates/617443/images/8894934/gallery_media.jpeg', 'https://cdn-media.medialabtc.it/es/agencies/md012/estates/617443/images/8894931/gallery_media.jpeg', 'https://cdn-media.medialabtc.it/es/agencies/md012/estates/617443/images/8894938/gallery_media.jpeg', 'https://cdn-media.medialabtc.it/es/agencies/md012/estates/617443/images/8894932/gallery_media.jpeg', 'https://cdn-media.medialabtc.it/es/agencies/md012/estates/617443/images/8895027/gallery_media.jpeg', 'https://cdn-media.medialabtc.it/es/agencies/md012/estates/617443/images/8895023/gallery_media.jpeg', 'https://cdn-media.medialabtc.it/es/agencies/md012/estates/617443/images/8894936/gallery_media.jpeg', 'https://cdn-media.medialabtc.it/es/agencies/md012/estates/617443/images/8894929/gallery_media.jpeg', 'https://cdn-media.medialabtc.it/es/agencies/md012/estates/617443/images/8895022/gallery_media.jpeg', 'https://cdn-media.medialabtc.it/es/agencies/md012/estates/617443/images/8894930/gallery_media.jpeg']",0,Desconocido,0,0,0,1,0,E,0,0,"['imagenes_tecnocasa\\anuncio_279\\0.jpeg', 'imagenes_tecnocasa\\anuncio_279\\1.jpeg', 'imagenes_tecnocasa\\anuncio_279\\2.jpeg', 'imagenes_tecnocasa\\anuncio_279\\3.jpeg', 'imagenes_tecnocasa\\anuncio_279\\4.jpeg', 'imagenes_tecnocasa\\anuncio_279\\5.jpeg', 'imagenes_tecnocasa\\anuncio_279\\6.jpeg', 'imagenes_tecnocasa\\anuncio_279\\7.jpeg', 'imagenes_tecnocasa\\anuncio_279\\8.jpeg', 'imagenes_tecnocasa\\anuncio_279\\9.jpeg', 'imagenes_tecnocasa\\anuncio_279\\10.jpeg', 'imagenes_tecnocasa\\anuncio_279\\11.jpeg', 'imagenes_tecnocasa\\anuncio_279\\12.jpeg', 'imagenes_tecnocasa\\anuncio_279\\13.jpeg', 'imagenes_tecnocasa\\anuncio_279\\14.jpeg', 'imagenes_tecnocasa\\anuncio_279\\15.jpeg', 'imagenes_tecnocasa\\anuncio_279\\16.jpeg', 'imagenes_tecnocasa\\anuncio_279\\17.jpeg', 'imagenes_tecnocasa\\anuncio_279\\18.jpeg']",1,Media,1994,1,0,1,piso,5,Madrid,"Palomeras - Portazgo, Madrid",40.4167047,-3.7035825,279,2500.0,184.0,149.0,0.298828125,0.5499999999999999,2.0,1.0,cerámica,pintura,corredera,estándar (2.4-2.8m),nada,3.4,4.2,convencional,"['#F2F2F2', '#FFE4E1', '#FFFFFF']",regular,False,convencional,limitado,ninguno,ninguno,estándar,básica,ninguno,6.4,7.0,ninguna,5
https://www.tecnocasa.es/venta/piso/madrid/madrid/621958.html,420000.0,2,67.0,1,"Agencia inmobiliaria de MADRID – zona PACIFICO – RETIRO – vende – piso – tecnocasa – hipoteca – alquiler – avenida CIUDAD DE BARCELONA.
Piso en buen estado en venta – Avenida de Ciudad de Barcelona, zona Pacífico (Retiro)
Ubicación excelente Buen estado 2 dormitorios Ascensor Portero físico
¡Oportunidad única para vivir en una de las zonas más demandadas del distrito Retiro!
Se vende estupendo piso interior, ubicado en una primera planta con ascensor, en Avenida de Ciudad de Barcelona, a un paso del Parque del Retiro, Metro Pacífico y Atocha.
Superficie: 66 m²
Distribución:
-2 dormitorios
-1 baño con bañera y ventana.
-Cocina amplia con espacio de almacenaje
-Salón acogedor
Estado: Buen estado, listo para entrar a vivir.
Finca bien cuidada y con buena comunidad de vecinos.
Ideal tanto para familias como para inversión gracias a su excelente ubicación y distribución.
No pierdas esta oportunidad y contáctanos para concertar una visita.",1,0,1,1,1,1,0,1,1,1,"['https://cdn-media.medialabtc.it/es/agencies/mdadd/estates/621958/images/9000110/gallery_media.jpeg', 'https://cdn-media.medialabtc.it/es/agencies/mdadd/estates/621958/images/9000127/gallery_media.jpeg', 'https://cdn-media.medialabtc.it/es/agencies/mdadd/estates/621958/images/9000158/gallery_media.jpeg', 'https://cdn-media.medialabtc.it/es/agencies/mdadd/estates/621958/images/9000112/gallery_media.jpeg', 'https://cdn-media.medialabtc.it/es/agencies/mdadd/estates/621958/images/9000119/gallery_media.jpeg', 'https://cdn-media.medialabtc.it/es/agencies/mdadd/estates/621958/images/9000107/gallery_media.jpeg', 'https://cdn-media.medialabtc.it/es/agencies/mdadd/estates/621958/images/9000126/gallery_media.jpeg', 'https://cdn-media.medialabtc.it/es/agencies/mdadd/estates/621958/images/9000111/gallery_media.jpeg', 'https://cdn-media.medialabtc.it/es/agencies/mdadd/estates/621958/images/9000123/gallery_media.jpeg', 'https://cdn-media.medialabtc.it/es/agencies/mdadd/estates/621958/images/9000101/gallery_media.jpeg', 'https://cdn-media.medialabtc.it/es/agencies/mdadd/estates/621958/images/9000118/gallery_media.jpeg', 'https://cdn-media.medialabtc.it/es/agencies/mdadd/estates/621958/images/9000128/gallery_media.jpeg', 'https://cdn-media.medialabtc.it/es/agencies/mdadd/estates/621958/images/9000108/gallery_media.jpeg', 'https://cdn-media.medialabtc.it/es/agencies/mdadd/estates/621958/images/9000113/gallery_media.jpeg', 'https://cdn-media.medialabtc.it/es/agencies/mdadd/estates/621958/images/9000117/gallery_media.jpeg', 'https://cdn-media.medialabtc.it/es/agencies/mdadd/estates/621958/images/9000114/gallery_media.jpeg', 'https://cdn-media.medialabtc.it/es/agencies/mdadd/estates/621958/images/9000120/gallery_media.jpeg', 'https://cdn-media.medialabtc.it/es/agencies/mdadd/estates/621958/images/9000125/gallery_media.jpeg', 'https://cdn-media.medialabtc.it/es/agencies/mdadd/estates/621958/images/9000106/gallery_media.jpeg', 'https://cdn-media.medialabtc.it/es/agencies/mdadd/estates/621958/images/9000122/gallery_media.jpeg', 'https://cdn-media.medialabtc.it/es/agencies/mdadd/estates/621958/images/9000129/gallery_media.jpeg', 'https://cdn-media.medialabtc.it/es/agencies/mdadd/estates/621958/images/9000124/gallery_media.jpeg', 'https://cdn-media.medialabtc.it/es/agencies/mdadd/estates/621958/images/9000116/gallery_media.jpeg', 'https://cdn-media.medialabtc.it/es/agencies/mdadd/estates/621958/images/9000109/gallery_media.jpeg', 'https://cdn-media.medialabtc.it/es/agencies/mdadd/estates/621958/images/9000115/gallery_media.jpeg']",0,Buen estado,0,0,0,0,1,Desconocida,0,0,"['imagenes_tecnocasa\\anuncio_280\\0.jpeg', 'imagenes_tecnocasa\\anuncio_280\\1.jpeg', 'imagenes_tecnocasa\\anuncio_280\\2.jpeg', 'imagenes_tecnocasa\\anuncio_280\\3.jpeg', 'imagenes_tecnocasa\\anuncio_280\\4.jpeg', 'imagenes_tecnocasa\\anuncio_280\\5.jpeg', 'imagenes_tecnocasa\\anuncio_280\\6.jpeg', 'imagenes_tecnocasa\\anuncio_280\\7.jpeg', 'imagenes_tecnocasa\\anuncio_280\\8.jpeg', 'imagenes_tecnocasa\\anuncio_280\\9.jpeg', 'imagenes_tecnocasa\\anuncio_280\\10.jpeg', 'imagenes_tecnocasa\\anuncio_280\\11.jpeg', 'imagenes_tecnocasa\\anuncio_280\\12.jpeg', 'imagenes_tecnocasa\\anuncio_280\\13.jpeg', 'imagenes_tecnocasa\\anuncio_280\\14.jpeg', 'imagenes_tecnocasa\\anuncio_280\\15.jpeg', 'imagenes_tecnocasa\\anuncio_280\\16.jpeg', 'imagenes_tecnocasa\\anuncio_280\\17.jpeg', 'imagenes_tecnocasa\\anuncio_280\\18.jpeg', 'imagenes_tecnocasa\\anuncio_280\\19.jpeg', 'imagenes_tecnocasa\\anuncio_280\\20.jpeg', 'imagenes_tecnocasa\\anuncio_280\\21.jpeg', 'imagenes_tecnocasa\\anuncio_280\\22.jpeg', 'imagenes_tecnocasa\\anuncio_280\\23.jpeg', 'imagenes_tecnocasa\\anuncio_280\\24.jpeg']",0,Popular,1963,1,0,1,piso,1,Madrid,Madrid,40.4167047,-3.7035825,280,6268.6567164179105,152.0,105.0,0.9,1.0,0.0,1.0,parquet,pintura,corredera,estándar (2.4-2.8m),nada,3.4,4.4,moderno,"['#A0522D', '#F5F5DC', '#8B4513']",regular,False,convencional,limitado,ninguno,ninguno,estándar,básica,ninguno,6.4,6.6,ninguna,5
https://www.tecnocasa.es/venta/piso/madrid/madrid/616608.html,175000.0,1,30.0,1,"Agencia inmobiliaria de MADRID – zona PACIFICO – RETIRO – vende – piso – tecnocasa – hipoteca – alquiler – calle REGALADA
¡Oportunidad única de inversión en el corazón de la ciudad!
FOTOS PROXIMAMENTE
Piso de 30 m² en finca de corrala, construida en 1914. El inmueble cuenta con un diseño tipo dúplex que alberga un acogedor dormitorio, optimizando al máximo cada metro cuadrado. Perfecto para aquellos que buscan un pequeño pero funcional hogar en una ubicación privilegiada como es el barrio de Pacifico en el distrito de Retiro.
Características del inmueble:
•Superficie: 30 m²
•Dormitorio en parte dúplex
•Baño
•Interior
• Vivienda en buen estado
•Finca señorial de corrala, construida en 1914
•Perfecto para inversión, con inquilino actual hasta 2028
•Renta mensual de 600€
•Gastos de comunidad 50 euros e IBI 115 euros

¡No dejes pasar esta excelente oportunidad de inversión! Contacta con nosotros para más detalles y para agendar tu visita.",1,1,1,1,1,1,0,1,1,1,"['https://cdn-media.medialabtc.it/es/agencies/mdadd/estates/616608/images/8875468/gallery_media.jpeg', 'https://cdn-media.medialabtc.it/es/agencies/mdadd/estates/616608/images/8874604/gallery_media.jpeg', 'https://cdn-media.medialabtc.it/es/agencies/mdadd/estates/616608/images/8874606/gallery_media.jpeg', 'https://cdn-media.medialabtc.it/es/agencies/mdadd/estates/616608/images/8874608/gallery_media.jpeg', 'https://cdn-media.medialabtc.it/es/agencies/mdadd/estates/616608/images/8874607/gallery_media.jpeg', 'https://cdn-media.medialabtc.it/es/agencies/mdadd/estates/616608/images/8875472/gallery_media.jpeg', 'https://cdn-media.medialabtc.it/es/agencies/mdadd/estates/616608/images/8874601/gallery_media.jpeg', 'https://cdn-media.medialabtc.it/es/agencies/mdadd/estates/616608/images/8875471/gallery_media.jpeg', 'https://cdn-media.medialabtc.it/es/agencies/mdadd/estates/616608/images/8874600/gallery_media.jpeg', 'https://cdn-media.medialabtc.it/es/agencies/mdadd/estates/616608/images/8874596/gallery_media.jpeg', 'https://cdn-media.medialabtc.it/es/agencies/mdadd/estates/616608/images/8874598/gallery_media.jpeg', 'https://cdn-media.medialabtc.it/es/agencies/mdadd/estates/616608/images/8874610/gallery_media.jpeg', 'https://cdn-media.medialabtc.it/es/agencies/mdadd/estates/616608/images/8875469/gallery_media.jpeg', 'https://cdn-media.medialabtc.it/es/agencies/mdadd/estates/616608/images/8875473/gallery_media.jpeg', 'https://cdn-media.medialabtc.it/es/agencies/mdadd/estates/616608/images/8874602/gallery_media.jpeg', 'https://cdn-media.medialabtc.it/es/agencies/mdadd/estates/616608/images/8875474/gallery_media.jpeg', 'https://cdn-media.medialabtc.it/es/agencies/mdadd/estates/616608/images/8875470/gallery_media.jpeg']",0,Buen estado,0,0,0,0,0,G,0,0,"['imagenes_tecnocasa\\anuncio_281\\0.jpeg', 'imagenes_tecnocasa\\anuncio_281\\1.jpeg', 'imagenes_tecnocasa\\anuncio_281\\2.jpeg', 'imagenes_tecnocasa\\anuncio_281\\3.jpeg', 'imagenes_tecnocasa\\anuncio_281\\4.jpeg', 'imagenes_tecnocasa\\anuncio_281\\5.jpeg', 'imagenes_tecnocasa\\anuncio_281\\6.jpeg', 'imagenes_tecnocasa\\anuncio_281\\7.jpeg', 'imagenes_tecnocasa\\anuncio_281\\8.jpeg', 'imagenes_tecnocasa\\anuncio_281\\9.jpeg', 'imagenes_tecnocasa\\anuncio_281\\10.jpeg', 'imagenes_tecnocasa\\anuncio_281\\11.jpeg', 'imagenes_tecnocasa\\anuncio_281\\12.jpeg', 'imagenes_tecnocasa\\anuncio_281\\13.jpeg', 'imagenes_tecnocasa\\anuncio_281\\14.jpeg', 'imagenes_tecnocasa\\anuncio_281\\15.jpeg', 'imagenes_tecnocasa\\anuncio_281\\16.jpeg']",1,Señorial,1914,0,0,1,piso,2,Madrid,Madrid,40.4167047,-3.7035825,281,5833.333333333333,153.0,113.0,0.0,0.1,0.0,1.0,otro,otro,otro,estándar (2.4-2.8m),nada,6.6,3.0,clásico,"['#D2B48C', '#A0522D', '#F5F5DC']",buena,False,convencional,normal,ninguno,ninguno,estándar,básica,ninguno,7.0,7.6,ninguna,5
https://www.tecnocasa.es/venta/piso/madrid/fuenlabrada/621003.html,369990.0,4,136.0,2,"Inmobiliaria en El Arroyo - Tecnocasa Estudio Nuevo el Arroyo
TECNOCASA - EL ARROYO- LA FUENTE VENDE EN EXCLUSIVA piso de 136 m2 construidos, 105 m2 útiles compuesto por salón, cocina, 4 dormitorios, 2 baños y trastero.
URBANIZACION CERRADA CON ZONAS COMUNES, PARQUE INFANTIL Y PISCINA.
FINCA CON ASCENSOR Y PORTAL CON DOBLE PUERTA DE ACCESO Y ADAPTADO PARA PERSONAS DE MOVILIDAD REDUCIDA.
El inmueble dispone de aire acondicionado y mosquiteras en todas las estancias excepto el salón. Cuenta con calefacción individual de gas natural, ubicándose la caldera en la terraza-tendedero.
La cocina está totalmente equipada: muebles altos y bajos, horno, campana, vitro y vinoteca.
Los suelos son de tarima en salón y habitaciones y cerámico en cocina y baños, pintura gotelé, dobles ventanas de climalit blancas, puertas de madera de roble, armarios empotrados revestidos y puerta de entrada blindada. Además está situado en una zona ya consolidada con multitud de servicios alrededor (supermercados, farmacias, restaurantes, centro médico, colegios, parques…) y bien comunicada por la red de transportes del municipio. Tren y metro a 9 minutos a pie. Fácil acceso a carretera M506.
No dude en llamarnos para concertar su cita para visitar el inmueble en la que además recibirá el asesoramiento gratuito de nuestro departamento financiero KÌRON. HIPOTECAS HASTA EL 100%.",1,1,1,1,1,1,0,1,1,1,"['https://cdn-media.medialabtc.it/es/agencies/md613/estates/621003/images/8979519/gallery_media.jpeg', 'https://cdn-media.medialabtc.it/es/agencies/md613/estates/621003/images/8979518/gallery_media.jpeg', 'https://cdn-media.medialabtc.it/es/agencies/md613/estates/621003/images/8979511/gallery_media.jpeg', 'https://cdn-media.medialabtc.it/es/agencies/md613/estates/621003/images/8979443/gallery_media.jpeg', 'https://cdn-media.medialabtc.it/es/agencies/md613/estates/621003/images/8979521/gallery_media.jpeg', 'https://cdn-media.medialabtc.it/es/agencies/md613/estates/621003/images/8979512/gallery_media.jpeg', 'https://cdn-media.medialabtc.it/es/agencies/md613/estates/621003/images/8979516/gallery_media.jpeg', 'https://cdn-media.medialabtc.it/es/agencies/md613/estates/621003/images/8987903/gallery_media.jpeg', 'https://cdn-media.medialabtc.it/es/agencies/md613/estates/621003/images/8979543/gallery_media.jpeg', 'https://cdn-media.medialabtc.it/es/agencies/md613/estates/621003/images/8979442/gallery_media.jpeg', 'https://cdn-media.medialabtc.it/es/agencies/md613/estates/621003/images/8979436/gallery_media.jpeg', 'https://cdn-media.medialabtc.it/es/agencies/md613/estates/621003/images/8979438/gallery_media.jpeg', 'https://cdn-media.medialabtc.it/es/agencies/md613/estates/621003/images/8979510/gallery_media.jpeg', 'https://cdn-media.medialabtc.it/es/agencies/md613/estates/621003/images/8979440/gallery_media.jpeg', 'https://cdn-media.medialabtc.it/es/agencies/md613/estates/621003/images/8979437/gallery_media.jpeg', 'https://cdn-media.medialabtc.it/es/agencies/md613/estates/621003/images/8979545/gallery_media.jpeg', 'https://cdn-media.medialabtc.it/es/agencies/md613/estates/621003/images/8979517/gallery_media.jpeg', 'https://cdn-media.medialabtc.it/es/agencies/md613/estates/621003/images/8979542/gallery_media.jpeg', 'https://cdn-media.medialabtc.it/es/agencies/md613/estates/621003/images/8979439/gallery_media.jpeg', 'https://cdn-media.medialabtc.it/es/agencies/md613/estates/621003/images/8979544/gallery_media.jpeg', 'https://cdn-media.medialabtc.it/es/agencies/md613/estates/621003/images/8979441/gallery_media.jpeg', 'https://cdn-media.medialabtc.it/es/agencies/md613/estates/621003/images/8979513/gallery_media.jpeg', 'https://cdn-media.medialabtc.it/es/agencies/md613/estates/621003/images/8979509/gallery_media.jpeg', 'https://cdn-media.medialabtc.it/es/agencies/md613/estates/621003/images/8979602/gallery_media.jpeg', 'https://cdn-media.medialabtc.it/es/agencies/md613/estates/621003/images/8979508/gallery_media.jpeg']",0,Desconocido,0,1,1,1,0,Desconocida,0,0,"['imagenes_tecnocasa\\anuncio_282\\0.jpeg', 'imagenes_tecnocasa\\anuncio_282\\1.jpeg', 'imagenes_tecnocasa\\anuncio_282\\2.jpeg', 'imagenes_tecnocasa\\anuncio_282\\3.jpeg', 'imagenes_tecnocasa\\anuncio_282\\4.jpeg', 'imagenes_tecnocasa\\anuncio_282\\5.jpeg', 'imagenes_tecnocasa\\anuncio_282\\6.jpeg', 'imagenes_tecnocasa\\anuncio_282\\7.jpeg', 'imagenes_tecnocasa\\anuncio_282\\8.jpeg', 'imagenes_tecnocasa\\anuncio_282\\9.jpeg', 'imagenes_tecnocasa\\anuncio_282\\10.jpeg', 'imagenes_tecnocasa\\anuncio_282\\11.jpeg', 'imagenes_tecnocasa\\anuncio_282\\12.jpeg', 'imagenes_tecnocasa\\anuncio_282\\13.jpeg', 'imagenes_tecnocasa\\anuncio_282\\14.jpeg', 'imagenes_tecnocasa\\anuncio_282\\15.jpeg', 'imagenes_tecnocasa\\anuncio_282\\16.jpeg', 'imagenes_tecnocasa\\anuncio_282\\17.jpeg', 'imagenes_tecnocasa\\anuncio_282\\18.jpeg', 'imagenes_tecnocasa\\anuncio_282\\19.jpeg', 'imagenes_tecnocasa\\anuncio_282\\20.jpeg', 'imagenes_tecnocasa\\anuncio_282\\21.jpeg', 'imagenes_tecnocasa\\anuncio_282\\22.jpeg', 'imagenes_tecnocasa\\anuncio_282\\23.jpeg', 'imagenes_tecnocasa\\anuncio_282\\24.jpeg']",1,Popular,2001,1,0,1,piso,1,Fuenlabrada,Fuenlabrada,40.282476,-3.7923422,282,2720.514705882353,212.0,162.0,0.03333333333333333,0.26666666666666666,0.0,0.0,parquet,pintura,corredera,estándar (2.4-2.8m),nada,3.4,4.4,convencional,"['#F5F5DC', '#FFF8DC', '#FFFFFF']",regular,False,convencional,limitado,ninguno,ninguno,estándar,básica,ninguno,6.6,5.4,ninguna,5
https://www.tecnocasa.es/venta/piso/madrid/collado-villalba/615115.html,229000.0,2,113.0,1,VENDIDA,0,1,1,1,1,1,0,1,1,1,"['https://cdn-media.medialabtc.it/es/agencies/md510/estates/615115/images/8887580/gallery_media.jpeg', 'https://cdn-media.medialabtc.it/es/agencies/md510/estates/615115/images/8887581/gallery_media.jpeg', 'https://cdn-media.medialabtc.it/es/agencies/md510/estates/615115/images/8887588/gallery_media.jpeg', 'https://cdn-media.medialabtc.it/es/agencies/md510/estates/615115/images/8887587/gallery_media.jpeg', 'https://cdn-media.medialabtc.it/es/agencies/md510/estates/615115/images/8887583/gallery_media.jpeg', 'https://cdn-media.medialabtc.it/es/agencies/md510/estates/615115/images/8887584/gallery_media.jpeg', 'https://cdn-media.medialabtc.it/es/agencies/md510/estates/615115/images/8887571/gallery_media.jpeg', 'https://cdn-media.medialabtc.it/es/agencies/md510/estates/615115/images/8887578/gallery_media.jpeg', 'https://cdn-media.medialabtc.it/es/agencies/md510/estates/615115/images/8887537/gallery_media.jpeg', 'https://cdn-media.medialabtc.it/es/agencies/md510/estates/615115/images/8887570/gallery_media.jpeg', 'https://cdn-media.medialabtc.it/es/agencies/md510/estates/615115/images/8887572/gallery_media.jpeg', 'https://cdn-media.medialabtc.it/es/agencies/md510/estates/615115/images/8887579/gallery_media.jpeg', 'https://cdn-media.medialabtc.it/es/agencies/md510/estates/615115/images/8887573/gallery_media.jpeg', 'https://cdn-media.medialabtc.it/es/agencies/md510/estates/615115/images/8887538/gallery_media.jpeg', 'https://cdn-media.medialabtc.it/es/agencies/md510/estates/615115/images/8887536/gallery_media.jpeg', 'https://cdn-media.medialabtc.it/es/agencies/md510/estates/615115/images/8887585/gallery_media.jpeg', 'https://cdn-media.medialabtc.it/es/agencies/md510/estates/615115/images/8887575/gallery_media.jpeg', 'https://cdn-media.medialabtc.it/es/agencies/md510/estates/615115/images/8887577/gallery_media.jpeg', 'https://cdn-media.medialabtc.it/es/agencies/md510/estates/615115/images/8887586/gallery_media.jpeg', 'https://cdn-media.medialabtc.it/es/agencies/md510/estates/615115/images/8887574/gallery_media.jpeg']",0,Desconocido,0,0,0,0,0,E,0,0,"['imagenes_tecnocasa\\anuncio_283\\0.jpeg', 'imagenes_tecnocasa\\anuncio_283\\1.jpeg', 'imagenes_tecnocasa\\anuncio_283\\2.jpeg', 'imagenes_tecnocasa\\anuncio_283\\3.jpeg', 'imagenes_tecnocasa\\anuncio_283\\4.jpeg', 'imagenes_tecnocasa\\anuncio_283\\5.jpeg', 'imagenes_tecnocasa\\anuncio_283\\6.jpeg', 'imagenes_tecnocasa\\anuncio_283\\7.jpeg', 'imagenes_tecnocasa\\anuncio_283\\8.jpeg', 'imagenes_tecnocasa\\anuncio_283\\9.jpeg', 'imagenes_tecnocasa\\anuncio_283\\10.jpeg', 'imagenes_tecnocasa\\anuncio_283\\11.jpeg', 'imagenes_tecnocasa\\anuncio_283\\12.jpeg', 'imagenes_tecnocasa\\anuncio_283\\13.jpeg', 'imagenes_tecnocasa\\anuncio_283\\14.jpeg', 'imagenes_tecnocasa\\anuncio_283\\15.jpeg', 'imagenes_tecnocasa\\anuncio_283\\16.jpeg', 'imagenes_tecnocasa\\anuncio_283\\17.jpeg', 'imagenes_tecnocasa\\anuncio_283\\18.jpeg', 'imagenes_tecnocasa\\anuncio_283\\19.jpeg']",0,De época,2008,1,0,1,piso,2,Collado Villalba,Collado Villalba,40.6431496,-3.9930128,283,2026.5486725663716,1.0,1.0,0.0,0.0,0.0,0.0,otro,pintura,otro,estándar (2.4-2.8m),nada,3.6,5.0,moderno,"['#FFFFFF', '#A9A9A9', '#1E90FF']",buena,True,convencional,normal,ninguno,ninguno,estándar,básica,ninguno,7.0,6.4,ninguna,5
https://www.tecnocasa.es/venta/piso/madrid/el-molar/621938.html,185000.0,3,96.0,1,"¡Oportunidad única! Piso en venta en una de las mejores zonas de la ciudad. Este encantador tercer piso con ascensor te ofrece todo lo que necesitas para vivir cómodamente. Con 96 m² construidos, cuenta con 3 dormitorios, 1 baño completo y un salón luminoso con salida a una gran terraza. La vivienda está lista para entrar a vivir y dispone de ventanas de climalit y suelo de tarima, garantizando un ambiente acogedor y bien aislado, calefacción de gas natural es independiente, asegurando tu confort durante todo el año.
Este piso se encuentra en buen estado, construido en 1976, y ofrece la posibilidad de financiar hasta el 95%. Además, te ofrecemos un estudio financiero gratuito con Kiron para facilitarte la compra. No dejes pasar esta oportunidad y ven a visitar tu futuro hogar. ¡Te esperamos!",0,0,1,1,0,1,1,1,1,1,"['https://cdn-media.medialabtc.it/es/agencies/md629/estates/621938/images/8999541/gallery_media.jpeg', 'https://cdn-media.medialabtc.it/es/agencies/md629/estates/621938/images/8999536/gallery_media.jpeg', 'https://cdn-media.medialabtc.it/es/agencies/md629/estates/621938/images/8999535/gallery_media.jpeg', 'https://cdn-media.medialabtc.it/es/agencies/md629/estates/621938/images/8999563/gallery_media.jpeg', 'https://cdn-media.medialabtc.it/es/agencies/md629/estates/621938/images/8999537/gallery_media.jpeg', 'https://cdn-media.medialabtc.it/es/agencies/md629/estates/621938/images/8999538/gallery_media.jpeg', 'https://cdn-media.medialabtc.it/es/agencies/md629/estates/621938/images/8999562/gallery_media.jpeg', 'https://cdn-media.medialabtc.it/es/agencies/md629/estates/621938/images/8999516/gallery_media.jpeg', 'https://cdn-media.medialabtc.it/es/agencies/md629/estates/621938/images/8999540/gallery_media.jpeg']",0,Buen estado,0,0,0,1,0,Desconocida,0,0,"['imagenes_tecnocasa\\anuncio_285\\0.jpeg', 'imagenes_tecnocasa\\anuncio_285\\1.jpeg', 'imagenes_tecnocasa\\anuncio_285\\2.jpeg', 'imagenes_tecnocasa\\anuncio_285\\3.jpeg', 'imagenes_tecnocasa\\anuncio_285\\4.jpeg', 'imagenes_tecnocasa\\anuncio_285\\5.jpeg', 'imagenes_tecnocasa\\anuncio_285\\6.jpeg', 'imagenes_tecnocasa\\anuncio_285\\7.jpeg', 'imagenes_tecnocasa\\anuncio_285\\8.jpeg']",0,Media,1976,0,0,0,piso,3,El Molar,El Molar,40.7347865,-3.584376,285,1927.0833333333333,134.0,100.0,0.125,0.4,1.0,1.0,parquet,pintura,corredera,estándar (2.4-2.8m),nada,3.6,3.2,convencional,"['#F5F5DC', '#A0522D', '#FFFFFF']",buena,False,convencional,normal,ninguno,ninguno,estándar,básica,ninguno,7.0,6.4,ninguna,5
https://www.tecnocasa.es/venta/piso/madrid/madrid/503885.html,228000.0,3,76.0,1,"TECNOCASA - Barrio de Canillejas VENDE Vivienda ubicada en la Calle San Faustino
La vivienda se distribuye de la siguiente manera: Tres habitaciones amplias y luminosas, perfectas para el descanso y la privacidad de todos los miembros de la familia, un cuarto de baño completo, una cocina moderna y espaciosa con gran capacidad de almacenaje y un espacioso salón comedor con salida a la terraza cerrada que ofrece un ambiente perfecto para reuniones familiares y entretenimiento.
La vivienda es completamente exterior, con orientación NORTE, SUR y ESTE lo que garantiza una excelente entrada de luz natural durante todo el día. Adicionalmente tiene una excelente vista al estadio Metropolitano.
Los costes de la comunidad de propietarios son bajos, lo que significa que podrás disfrutar de todas las comodidades de un hogar sin preocuparte por gastos excesivos.
Ubicada en una zona tranquila y bien comunicada, esta vivienda ofrece acceso rápido a una amplia variedad de servicios locales y áreas de recreación. Además, su proximidad a importantes vías de comunicación facilita los desplazamientos por toda la ciudad.
Esta primera planta es ideal tanto para familias que buscan un hogar acogedor y práctico, como para parejas que desean disfrutar de la vida urbana con todas las comodidades.",0,0,1,1,1,1,0,1,1,1,"['https://cdn-media.medialabtc.it/es/agencies/mdaqe/estates/503885/images/8783170/gallery_media.jpeg', 'https://cdn-media.medialabtc.it/es/agencies/mdaqe/estates/503885/images/8783168/gallery_media.jpeg', 'https://cdn-media.medialabtc.it/es/agencies/mdaqe/estates/503885/images/8783162/gallery_media.jpeg', 'https://cdn-media.medialabtc.it/es/agencies/mdaqe/estates/503885/images/8783163/gallery_media.jpeg', 'https://cdn-media.medialabtc.it/es/agencies/mdaqe/estates/503885/images/8783177/gallery_media.jpeg', 'https://cdn-media.medialabtc.it/es/agencies/mdaqe/estates/503885/images/8783164/gallery_media.jpeg', 'https://cdn-media.medialabtc.it/es/agencies/mdaqe/estates/503885/images/8783169/gallery_media.jpeg', 'https://cdn-media.medialabtc.it/es/agencies/mdaqe/estates/503885/images/8783165/gallery_media.jpeg', 'https://cdn-media.medialabtc.it/es/agencies/mdaqe/estates/503885/images/8783176/gallery_media.jpeg', 'https://cdn-media.medialabtc.it/es/agencies/mdaqe/estates/503885/images/8783171/gallery_media.jpeg', 'https://cdn-media.medialabtc.it/es/agencies/mdaqe/estates/503885/images/8783167/gallery_media.jpeg', 'https://cdn-media.medialabtc.it/es/agencies/mdaqe/estates/503885/images/8783905/gallery_media.jpeg', 'https://cdn-media.medialabtc.it/es/agencies/mdaqe/estates/503885/images/8783166/gallery_media.jpeg', 'https://cdn-media.medialabtc.it/es/agencies/mdaqe/estates/503885/images/8783160/gallery_media.jpeg', 'https://cdn-media.medialabtc.it/es/agencies/mdaqe/estates/503885/images/8783173/gallery_media.jpeg', 'https://cdn-media.medialabtc.it/es/agencies/mdaqe/estates/503885/images/8783172/gallery_media.jpeg', 'https://cdn-media.medialabtc.it/es/agencies/mdaqe/estates/503885/images/8783477/gallery_media.jpeg', 'https://cdn-media.medialabtc.it/es/agencies/mdaqe/estates/503885/images/8783161/gallery_media.jpeg']",0,Desconocido,0,0,0,1,0,E,0,1,"['imagenes_tecnocasa\\anuncio_287\\0.jpeg', 'imagenes_tecnocasa\\anuncio_287\\1.jpeg', 'imagenes_tecnocasa\\anuncio_287\\2.jpeg', 'imagenes_tecnocasa\\anuncio_287\\3.jpeg', 'imagenes_tecnocasa\\anuncio_287\\4.jpeg', 'imagenes_tecnocasa\\anuncio_287\\5.jpeg', 'imagenes_tecnocasa\\anuncio_287\\6.jpeg', 'imagenes_tecnocasa\\anuncio_287\\7.jpeg', 'imagenes_tecnocasa\\anuncio_287\\8.jpeg', 'imagenes_tecnocasa\\anuncio_287\\9.jpeg', 'imagenes_tecnocasa\\anuncio_287\\10.jpeg', 'imagenes_tecnocasa\\anuncio_287\\11.jpeg', 'imagenes_tecnocasa\\anuncio_287\\12.jpeg', 'imagenes_tecnocasa\\anuncio_287\\13.jpeg', 'imagenes_tecnocasa\\anuncio_287\\14.jpeg', 'imagenes_tecnocasa\\anuncio_287\\15.jpeg', 'imagenes_tecnocasa\\anuncio_287\\16.jpeg', 'imagenes_tecnocasa\\anuncio_287\\17.jpeg']",0,Media,1965,1,0,0,piso,1,Madrid,"San Blas, Canillejas, Madrid",40.4167047,-3.7035825,287,3000.0,203.0,138.0,0.5,0.7,0.0,0.0,cerámica,pintura,corredera,estándar (2.4-2.8m),nada,3.6,3.6,moderno,"['#FF0000', '#FFFFFF', '#D3D3D3']",buena,False,convencional,limitado,ninguno,ninguno,estándar,básica,ninguno,7.4,6.4,ninguna,5
https://www.tecnocasa.es/venta/casa/madrid/rivas-vaciamadrid/620650.html,609900.0,4,200.0,2,"Inmobiliaria en Zona Centro - Tecnocasa Oficina Rivas Centro S. L. U

VENDE Exclusivo Chalet ADOSADO de 199 m2 construidos sobre parcela total de 200m2, su diseño, construcción y calidades hacen de esta imponente vivienda una de las casas más exclusivas de la zona.

-En el jardín delantero encontramos el acceso al garaje de unos 30m2.

-En su planta baja se localiza un amplio salón, con entrada al patio exterior, un aseo, la cocina y 1 habitación en planta, 3 habitaciones en la segunda planta, uno de ellos principal con otro baño en suite y terraza hacia el jardín, todas las estancias listas para entrar a vivir.

-El salón cuenta con muchísima luz solar y tiene acceso directo a un magnífico jardín con una piscina.

-En la buhardilla nos encontramos con acceso a una de sus terrazas.

-Vivienda TOTALMENTE REFORMADA.

-Dispone de todos los servicios cerca, colegios, centros médicos, restaurantes, farmacias, parques, etc.

LA ZONA

Vivir en Rivas Vaciamadrid tiene numerosos beneficios que hacen de esta ciudad un lugar especial para establecer un hogar. Rodeada de naturaleza, Rivas Vaciamadrid ofrece un entorno tranquilo y agradable para las familias, con extensas zonas verdes, parques y espacios naturales donde se puede disfrutar de actividades al aire libre.

La ciudad cuenta con una amplia oferta educativa, desde escuelas infantiles hasta institutos, lo que la convierte en un lugar ideal para criar a los niños. Además, Rivas Vaciamadrid se caracteriza por su ambiente seguro y acogedor, lo que brinda tranquilidad a sus residentes.

En cuanto a la movilidad, la ciudad está bien conectada con Madrid a través de transporte público, lo que facilita el desplazamiento hacia la capital y otras zonas cercanas. Además, cuenta con una variedad de servicios comerciales, restaurantes y opciones de entretenimiento que satisfacen las necesidades de sus habitantes.

En resumen, vivir en Rivas Vaciamadrid ofrece la combinación perfecta entre naturaleza, comodidad y calidad de vida, convirtiéndola en una excelente opción para aquellos que buscan un lugar apacible para establecerse.

POSIBILIDAD DE MEJORAR TUS CONDICIONES HIPOTECARIAS CON NUESTRO DEPARTAMENTO FINANCIERO KIRON.
Publicidad",0,0,1,1,0,1,0,0,1,1,"['https://cdn-media.medialabtc.it/es/agencies/md550/estates/620650/images/8973361/gallery_media.jpeg', 'https://cdn-media.medialabtc.it/es/agencies/md550/estates/620650/images/8973411/gallery_media.jpeg', 'https://cdn-media.medialabtc.it/es/agencies/md550/estates/620650/images/8973413/gallery_media.jpeg', 'https://cdn-media.medialabtc.it/es/agencies/md550/estates/620650/images/8973358/gallery_media.jpeg', 'https://cdn-media.medialabtc.it/es/agencies/md550/estates/620650/images/8973425/gallery_media.jpeg', 'https://cdn-media.medialabtc.it/es/agencies/md550/estates/620650/images/8973422/gallery_media.jpeg', 'https://cdn-media.medialabtc.it/es/agencies/md550/estates/620650/images/8973423/gallery_media.jpeg', 'https://cdn-media.medialabtc.it/es/agencies/md550/estates/620650/images/8973412/gallery_media.jpeg', 'https://cdn-media.medialabtc.it/es/agencies/md550/estates/620650/images/8973417/gallery_media.jpeg', 'https://cdn-media.medialabtc.it/es/agencies/md550/estates/620650/images/8973406/gallery_media.jpeg', 'https://cdn-media.medialabtc.it/es/agencies/md550/estates/620650/images/8973405/gallery_media.jpeg', 'https://cdn-media.medialabtc.it/es/agencies/md550/estates/620650/images/8973424/gallery_media.jpeg', 'https://cdn-media.medialabtc.it/es/agencies/md550/estates/620650/images/8973404/gallery_media.jpeg', 'https://cdn-media.medialabtc.it/es/agencies/md550/estates/620650/images/8973409/gallery_media.jpeg', 'https://cdn-media.medialabtc.it/es/agencies/md550/estates/620650/images/8973410/gallery_media.jpeg', 'https://cdn-media.medialabtc.it/es/agencies/md550/estates/620650/images/8973359/gallery_media.jpeg', 'https://cdn-media.medialabtc.it/es/agencies/md550/estates/620650/images/8973419/gallery_media.jpeg', 'https://cdn-media.medialabtc.it/es/agencies/md550/estates/620650/images/8973416/gallery_media.jpeg', 'https://cdn-media.medialabtc.it/es/agencies/md550/estates/620650/images/8973418/gallery_media.jpeg', 'https://cdn-media.medialabtc.it/es/agencies/md550/estates/620650/images/8973420/gallery_media.jpeg', 'https://cdn-media.medialabtc.it/es/agencies/md550/estates/620650/images/8973403/gallery_media.jpeg', 'https://cdn-media.medialabtc.it/es/agencies/md550/estates/620650/images/8973421/gallery_media.jpeg', 'https://cdn-media.medialabtc.it/es/agencies/md550/estates/620650/images/8973408/gallery_media.jpeg', 'https://cdn-media.medialabtc.it/es/agencies/md550/estates/620650/images/8973414/gallery_media.jpeg', 'https://cdn-media.medialabtc.it/es/agencies/md550/estates/620650/images/8973402/gallery_media.jpeg', 'https://cdn-media.medialabtc.it/es/agencies/md550/estates/620650/images/8973360/gallery_media.jpeg', 'https://cdn-media.medialabtc.it/es/agencies/md550/estates/620650/images/8973357/gallery_media.jpeg', 'https://cdn-media.medialabtc.it/es/agencies/md550/estates/620650/images/8973415/gallery_media.jpeg', 'https://cdn-media.medialabtc.it/es/agencies/md550/estates/620650/images/8973407/gallery_media.jpeg']",0,Desconocido,1,0,1,1,0,C,0,0,"['imagenes_tecnocasa\\anuncio_288\\0.jpeg', 'imagenes_tecnocasa\\anuncio_288\\1.jpeg', 'imagenes_tecnocasa\\anuncio_288\\2.jpeg', 'imagenes_tecnocasa\\anuncio_288\\3.jpeg', 'imagenes_tecnocasa\\anuncio_288\\4.jpeg', 'imagenes_tecnocasa\\anuncio_288\\5.jpeg', 'imagenes_tecnocasa\\anuncio_288\\6.jpeg', 'imagenes_tecnocasa\\anuncio_288\\7.jpeg', 'imagenes_tecnocasa\\anuncio_288\\8.jpeg', 'imagenes_tecnocasa\\anuncio_288\\9.jpeg', 'imagenes_tecnocasa\\anuncio_288\\10.jpeg', 'imagenes_tecnocasa\\anuncio_288\\11.jpeg', 'imagenes_tecnocasa\\anuncio_288\\12.jpeg', 'imagenes_tecnocasa\\anuncio_288\\13.jpeg', 'imagenes_tecnocasa\\anuncio_288\\14.jpeg', 'imagenes_tecnocasa\\anuncio_288\\15.jpeg', 'imagenes_tecnocasa\\anuncio_288\\16.jpeg', 'imagenes_tecnocasa\\anuncio_288\\17.jpeg', 'imagenes_tecnocasa\\anuncio_288\\18.jpeg', 'imagenes_tecnocasa\\anuncio_288\\19.jpeg', 'imagenes_tecnocasa\\anuncio_288\\20.jpeg', 'imagenes_tecnocasa\\anuncio_288\\21.jpeg', 'imagenes_tecnocasa\\anuncio_288\\22.jpeg', 'imagenes_tecnocasa\\anuncio_288\\23.jpeg', 'imagenes_tecnocasa\\anuncio_288\\24.jpeg', 'imagenes_tecnocasa\\anuncio_288\\25.jpeg', 'imagenes_tecnocasa\\anuncio_288\\26.jpeg', 'imagenes_tecnocasa\\anuncio_288\\27.jpeg', 'imagenes_tecnocasa\\anuncio_288\\28.jpeg']",1,De época,1992,1,1,0,casa,3,Rivas-Vaciamadrid,Rivas-Vaciamadrid,40.3536054,-3.5310879,288,3049.5,341.0,217.0,0.45,0.875,3.0,1.0,parquet,pintura,corredera,estándar (2.4-2.8m),nada,5.4,6.4,moderno,"['#FFFFFF', '#D3D3D3', '#E0E0E0']",buena,False,eficiente,amplio,ninguno,ninguno,estándar,ninguna,ninguno,8.4,7.4,ninguna,5
https://www.tecnocasa.es/venta/casa/madrid/rivas-vaciamadrid/613580.html,899900.0,4,431.0,5,"Inmobiliaria en Zona Centro - Tecnocasa Oficina Rivas Centro S. L. U

VENDE Exclusivo Chalet Pareado de 431m2 construidos sobre parcela total de 503m2, su diseño, construcción y calidades hacen de esta imponente vivienda una de las casas más exclusivas de la zona.

En su planta sótano nos encontramos con un amplio salón con barra de bar de 54,55m2, una habitación con sauna y plato de ducha de 8,45m2 y un garaje de 32,90m2.

-En su planta baja se localiza un amplio salón de 67m2, un aseo reformado y la cocina de 25m2, dormitorio en planta baja de 11,40m2, tendedero cerrado de 8,33m2, todas las estancias reformadas, para entrar a vivir.

-El salón esta acristalado y tiene acceso directo a un magnífico jardín con piscina.

-En la primera planta nos encontramos con 3 habitaciones, una de ellas principal y dos baños completos y reformados.

- Tiene placas solares y el sistema de calefacción del inmueble es electrico.

-Vivienda TOTALMENTE REFORMADA para entrar a vivir.

-En los alrededores hay centros comerciales como C. C Zoco Rivas, C. C Santa Mónica, C. C H2O y C. C Rivas Centro, además de cadenas de supermercados Ahorra más, Mercadona y Carrefour.

-Dispone de todos los servicios cerca, colegios (Luyfe, Jarama, Victoria Kent, José Saramago), centros médicos, restaurantes, farmacias, parques, polideportivo cerro del telégrafo, etc.

LA ZONA

Vivir en Rivas Vaciamadrid tiene numerosos beneficios que hacen de esta ciudad un lugar especial para establecer un hogar. Rodeada de naturaleza, Rivas Vaciamadrid ofrece un entorno tranquilo y agradable para las familias, con extensas zonas verdes, parques y espacios naturales donde se puede disfrutar de actividades al aire libre.

La ciudad cuenta con una amplia oferta educativa, desde escuelas infantiles hasta institutos, lo que la convierte en un lugar ideal para criar a los niños. Además, Rivas Vaciamadrid se caracteriza por su ambiente seguro y acogedor, lo que brinda tranquilidad a sus residentes.

En cuanto a la movilidad, la ciudad está bien conectada con Madrid a través de transporte público, lo que facilita el desplazamiento hacia la capital y otras zonas cercanas. Además, cuenta con una variedad de servicios comerciales, restaurantes y opciones de entretenimiento que satisfacen las necesidades de sus habitantes.

En resumen, vivir en Rivas Vaciamadrid ofrece la combinación perfecta entre naturaleza, comodidad y calidad de vida, convirtiéndola en una excelente opción para aquellos que buscan un lugar apacible para establecerse.

POSIBILIDAD DE MEJORAR TUS CONDICIONES HIPOTECARIAS CON NUESTRO DEPARTAMENTO FINANCIERO KIRON .",1,0,1,1,1,1,1,1,1,1,"['https://cdn-media.medialabtc.it/es/agencies/md550/estates/613580/images/8889561/gallery_media.jpeg', 'https://cdn-media.medialabtc.it/es/agencies/md550/estates/613580/images/8889558/gallery_media.jpeg', 'https://cdn-media.medialabtc.it/es/agencies/md550/estates/613580/images/8889619/gallery_media.jpeg', 'https://cdn-media.medialabtc.it/es/agencies/md550/estates/613580/images/8889621/gallery_media.jpeg', 'https://cdn-media.medialabtc.it/es/agencies/md550/estates/613580/images/8889613/gallery_media.jpeg', 'https://cdn-media.medialabtc.it/es/agencies/md550/estates/613580/images/8889618/gallery_media.jpeg', 'https://cdn-media.medialabtc.it/es/agencies/md550/estates/613580/images/8889559/gallery_media.jpeg', 'https://cdn-media.medialabtc.it/es/agencies/md550/estates/613580/images/8889634/gallery_media.jpeg', 'https://cdn-media.medialabtc.it/es/agencies/md550/estates/613580/images/8889560/gallery_media.jpeg', 'https://cdn-media.medialabtc.it/es/agencies/md550/estates/613580/images/8889617/gallery_media.jpeg', 'https://cdn-media.medialabtc.it/es/agencies/md550/estates/613580/images/8889630/gallery_media.jpeg', 'https://cdn-media.medialabtc.it/es/agencies/md550/estates/613580/images/8889612/gallery_media.jpeg', 'https://cdn-media.medialabtc.it/es/agencies/md550/estates/613580/images/8889633/gallery_media.jpeg', 'https://cdn-media.medialabtc.it/es/agencies/md550/estates/613580/images/8889626/gallery_media.jpeg', 'https://cdn-media.medialabtc.it/es/agencies/md550/estates/613580/images/8889629/gallery_media.jpeg', 'https://cdn-media.medialabtc.it/es/agencies/md550/estates/613580/images/8889611/gallery_media.jpeg', 'https://cdn-media.medialabtc.it/es/agencies/md550/estates/613580/images/8889620/gallery_media.jpeg', 'https://cdn-media.medialabtc.it/es/agencies/md550/estates/613580/images/8889632/gallery_media.jpeg', 'https://cdn-media.medialabtc.it/es/agencies/md550/estates/613580/images/8889625/gallery_media.jpeg', 'https://cdn-media.medialabtc.it/es/agencies/md550/estates/613580/images/8889643/gallery_media.jpeg', 'https://cdn-media.medialabtc.it/es/agencies/md550/estates/613580/images/8889614/gallery_media.jpeg', 'https://cdn-media.medialabtc.it/es/agencies/md550/estates/613580/images/8889628/gallery_media.jpeg', 'https://cdn-media.medialabtc.it/es/agencies/md550/estates/613580/images/8889627/gallery_media.jpeg', 'https://cdn-media.medialabtc.it/es/agencies/md550/estates/613580/images/8889616/gallery_media.jpeg', 'https://cdn-media.medialabtc.it/es/agencies/md550/estates/613580/images/8889615/gallery_media.jpeg', 'https://cdn-media.medialabtc.it/es/agencies/md550/estates/613580/images/8889642/gallery_media.jpeg', 'https://cdn-media.medialabtc.it/es/agencies/md550/estates/613580/images/8889631/gallery_media.jpeg', 'https://cdn-media.medialabtc.it/es/agencies/md550/estates/613580/images/8889623/gallery_media.jpeg', 'https://cdn-media.medialabtc.it/es/agencies/md550/estates/613580/images/8889622/gallery_media.jpeg', 'https://cdn-media.medialabtc.it/es/agencies/md550/estates/613580/images/8889635/gallery_media.jpeg']",0,Reformado,1,0,1,0,0,C,0,0,"['imagenes_tecnocasa\\anuncio_289\\0.jpeg', 'imagenes_tecnocasa\\anuncio_289\\1.jpeg', 'imagenes_tecnocasa\\anuncio_289\\2.jpeg', 'imagenes_tecnocasa\\anuncio_289\\3.jpeg', 'imagenes_tecnocasa\\anuncio_289\\4.jpeg', 'imagenes_tecnocasa\\anuncio_289\\5.jpeg', 'imagenes_tecnocasa\\anuncio_289\\6.jpeg', 'imagenes_tecnocasa\\anuncio_289\\7.jpeg', 'imagenes_tecnocasa\\anuncio_289\\8.jpeg', 'imagenes_tecnocasa\\anuncio_289\\9.jpeg', 'imagenes_tecnocasa\\anuncio_289\\10.jpeg', 'imagenes_tecnocasa\\anuncio_289\\11.jpeg', 'imagenes_tecnocasa\\anuncio_289\\12.jpeg', 'imagenes_tecnocasa\\anuncio_289\\13.jpeg', 'imagenes_tecnocasa\\anuncio_289\\14.jpeg', 'imagenes_tecnocasa\\anuncio_289\\15.jpeg', 'imagenes_tecnocasa\\anuncio_289\\16.jpeg', 'imagenes_tecnocasa\\anuncio_289\\17.jpeg', 'imagenes_tecnocasa\\anuncio_289\\18.jpeg', 'imagenes_tecnocasa\\anuncio_289\\19.jpeg', 'imagenes_tecnocasa\\anuncio_289\\20.jpeg', 'imagenes_tecnocasa\\anuncio_289\\21.jpeg', 'imagenes_tecnocasa\\anuncio_289\\22.jpeg', 'imagenes_tecnocasa\\anuncio_289\\23.jpeg', 'imagenes_tecnocasa\\anuncio_289\\24.jpeg', 'imagenes_tecnocasa\\anuncio_289\\25.jpeg', 'imagenes_tecnocasa\\anuncio_289\\26.jpeg', 'imagenes_tecnocasa\\anuncio_289\\27.jpeg', 'imagenes_tecnocasa\\anuncio_289\\28.jpeg', 'imagenes_tecnocasa\\anuncio_289\\29.jpeg']",1,Popular,1990,0,1,0,casa,2,Rivas-Vaciamadrid,Rivas-Vaciamadrid,40.3536054,-3.5310879,289,2087.9350348027842,408.0,255.0,0.45,0.875,4.0,1.0,cerámica,pintura,ninguna,estándar (2.4-2.8m),nada,5.8,6.2,moderno,"['#F2F2F2', '#003366', '#FFFFFF']",buena,False,convencional,limitado,ninguno,ninguno,estándar,ninguna,ninguno,8.4,7.4,ninguna,5
https://www.tecnocasa.es/venta/piso/madrid/rivas-vaciamadrid/616646.html,309900.0,2,103.0,2,"Inmobiliaria en Zona Centro - Tecnocasa Oficina Rivas Centro S. L. U. presenta:

FANTÁSTICO DUPLEX EN CALLE CACTUS PARA ENTRAR A VIVIR

Dúplex en venta en calle Cactus, en la mancomunidad de Pablo Iglesias, una de las mejores zonas en cuanto a servicios y comunicaciones de todo el municipio, la construcción del edificio es de 1982.

El dúplex se encuentra en la planta alta y consta de 100 m2 útiles más una terraza de 20m2 con acceso desde las escaleras.

Un hall de entrada, una cocina totalmente equipada, un salón comedor luminoso, invernadero, con amplios ventanales , 2 habitaciones, aseo en planta baja y baño con plato de ducha en la planta superior.

Sobre la ubicación es inmejorable, colegios, comercios, autobuses, zonas deportivas y muy cercano de la salida a la autopista (A-3).

Zonas comunes con piscina y espacios verdes.

POSIBILIDAD DE MEJORAR TUS CONDICIONES HIPOTECARIAS CON NUESTRO DEPARTAMENTO FINANCIERO KIRON.

MEJOR VER!",1,0,1,1,1,1,1,1,0,1,"['https://cdn-media.medialabtc.it/es/agencies/md550/estates/616646/images/8959389/gallery_media.jpeg', 'https://cdn-media.medialabtc.it/es/agencies/md550/estates/616646/images/8959274/gallery_media.jpeg', 'https://cdn-media.medialabtc.it/es/agencies/md550/estates/616646/images/8959265/gallery_media.jpeg', 'https://cdn-media.medialabtc.it/es/agencies/md550/estates/616646/images/8959390/gallery_media.jpeg', 'https://cdn-media.medialabtc.it/es/agencies/md550/estates/616646/images/8959386/gallery_media.jpeg', 'https://cdn-media.medialabtc.it/es/agencies/md550/estates/616646/images/8959379/gallery_media.jpeg', 'https://cdn-media.medialabtc.it/es/agencies/md550/estates/616646/images/8959269/gallery_media.jpeg', 'https://cdn-media.medialabtc.it/es/agencies/md550/estates/616646/images/8959383/gallery_media.jpeg', 'https://cdn-media.medialabtc.it/es/agencies/md550/estates/616646/images/8959374/gallery_media.jpeg', 'https://cdn-media.medialabtc.it/es/agencies/md550/estates/616646/images/8959377/gallery_media.jpeg', 'https://cdn-media.medialabtc.it/es/agencies/md550/estates/616646/images/8959273/gallery_media.jpeg', 'https://cdn-media.medialabtc.it/es/agencies/md550/estates/616646/images/8959267/gallery_media.jpeg', 'https://cdn-media.medialabtc.it/es/agencies/md550/estates/616646/images/8959387/gallery_media.jpeg', 'https://cdn-media.medialabtc.it/es/agencies/md550/estates/616646/images/8959380/gallery_media.jpeg', 'https://cdn-media.medialabtc.it/es/agencies/md550/estates/616646/images/8959272/gallery_media.jpeg', 'https://cdn-media.medialabtc.it/es/agencies/md550/estates/616646/images/8959381/gallery_media.jpeg', 'https://cdn-media.medialabtc.it/es/agencies/md550/estates/616646/images/8959373/gallery_media.jpeg', 'https://cdn-media.medialabtc.it/es/agencies/md550/estates/616646/images/8959375/gallery_media.jpeg', 'https://cdn-media.medialabtc.it/es/agencies/md550/estates/616646/images/8959270/gallery_media.jpeg', 'https://cdn-media.medialabtc.it/es/agencies/md550/estates/616646/images/8959268/gallery_media.jpeg', 'https://cdn-media.medialabtc.it/es/agencies/md550/estates/616646/images/8959378/gallery_media.jpeg', 'https://cdn-media.medialabtc.it/es/agencies/md550/estates/616646/images/8959384/gallery_media.jpeg', 'https://cdn-media.medialabtc.it/es/agencies/md550/estates/616646/images/8959271/gallery_media.jpeg', 'https://cdn-media.medialabtc.it/es/agencies/md550/estates/616646/images/8959382/gallery_media.jpeg', 'https://cdn-media.medialabtc.it/es/agencies/md550/estates/616646/images/8959385/gallery_media.jpeg', 'https://cdn-media.medialabtc.it/es/agencies/md550/estates/616646/images/8959376/gallery_media.jpeg', 'https://cdn-media.medialabtc.it/es/agencies/md550/estates/616646/images/8959266/gallery_media.jpeg']",0,Desconocido,0,0,1,1,0,E,0,0,"['imagenes_tecnocasa\\anuncio_290\\0.jpeg', 'imagenes_tecnocasa\\anuncio_290\\1.jpeg', 'imagenes_tecnocasa\\anuncio_290\\2.jpeg', 'imagenes_tecnocasa\\anuncio_290\\3.jpeg', 'imagenes_tecnocasa\\anuncio_290\\4.jpeg', 'imagenes_tecnocasa\\anuncio_290\\5.jpeg', 'imagenes_tecnocasa\\anuncio_290\\6.jpeg', 'imagenes_tecnocasa\\anuncio_290\\7.jpeg', 'imagenes_tecnocasa\\anuncio_290\\8.jpeg', 'imagenes_tecnocasa\\anuncio_290\\9.jpeg', 'imagenes_tecnocasa\\anuncio_290\\10.jpeg', 'imagenes_tecnocasa\\anuncio_290\\11.jpeg', 'imagenes_tecnocasa\\anuncio_290\\12.jpeg', 'imagenes_tecnocasa\\anuncio_290\\13.jpeg', 'imagenes_tecnocasa\\anuncio_290\\14.jpeg', 'imagenes_tecnocasa\\anuncio_290\\15.jpeg', 'imagenes_tecnocasa\\anuncio_290\\16.jpeg', 'imagenes_tecnocasa\\anuncio_290\\17.jpeg', 'imagenes_tecnocasa\\anuncio_290\\18.jpeg', 'imagenes_tecnocasa\\anuncio_290\\19.jpeg', 'imagenes_tecnocasa\\anuncio_290\\20.jpeg', 'imagenes_tecnocasa\\anuncio_290\\21.jpeg', 'imagenes_tecnocasa\\anuncio_290\\22.jpeg', 'imagenes_tecnocasa\\anuncio_290\\23.jpeg', 'imagenes_tecnocasa\\anuncio_290\\24.jpeg', 'imagenes_tecnocasa\\anuncio_290\\25.jpeg', 'imagenes_tecnocasa\\anuncio_290\\26.jpeg']",1,Popular,1982,1,0,0,piso,2,Rivas-Vaciamadrid,Rivas-Vaciamadrid,40.3536054,-3.5310879,290,3008.73786407767,153.0,116.0,0.875,0.9,2.0,0.0,parquet,pintura,ninguna visible,estándar (2.4-2.8m),nada,4.2,5.4,moderno,"['#F5F5DC', '#A0522D', '#8B4513']",buena,True,convencional,normal,ninguno,ninguno,estándar,básica,ninguno,8.0,7.0,ninguna,5
https://www.tecnocasa.es/venta/piso/madrid/madrid/621935.html,229500.0,2,57.0,1,"agencia inmobiliaria de MADRID zona SAN BLAS - CANILLEJAS Oficina Tecnocasa:
EN VENTA: Estudio Inmobiliario Canillejas Norte S, L. Vende estupendo piso en buen estado de 57 metros cuadrados en la calle Alcala, en el barrio de Canillejas, Madrid. La vivienda situada en una primera planta sin ascensor se encuentra en perfecto estado y lista para entrar a vivir. Consta de 2 habitaciones , un baño completo , cocina independiente totalmente equipada y un salón-comedor muy luminoso con salida directa a una terraza , ideal para disfrutar del aire libre,incluyendo ventanas de aluminio y sistemas de calefacción y aire acondicionado que aportan confort durante todo el año
Ubicado en una zona residencial muy tranquila pero perfectamente comunicada, a escasos metros del metro Canillejas (línea 5), a su alrededor encontrarás todos los servicios necesarios: supermercados, farmacias, centros de salud, colegios, zonas verdes y parques.
No pierdas la oportunidad de vivir en una zona con todas las comodidades a tu alcance. Consulta sobre condiciones para hipoteca a través de nuestro departamento de intermediación financiera KÍRON de forma gratuita. ¡Ven a visitarlo!",1,0,1,1,1,1,0,1,1,1,"['https://cdn-media.medialabtc.it/es/agencies/md619/estates/621935/images/9000412/gallery_media.jpeg', 'https://cdn-media.medialabtc.it/es/agencies/md619/estates/621935/images/9000405/gallery_media.jpeg', 'https://cdn-media.medialabtc.it/es/agencies/md619/estates/621935/images/9000411/gallery_media.jpeg', 'https://cdn-media.medialabtc.it/es/agencies/md619/estates/621935/images/9000416/gallery_media.jpeg', 'https://cdn-media.medialabtc.it/es/agencies/md619/estates/621935/images/9000408/gallery_media.jpeg', 'https://cdn-media.medialabtc.it/es/agencies/md619/estates/621935/images/9000409/gallery_media.jpeg', 'https://cdn-media.medialabtc.it/es/agencies/md619/estates/621935/images/9000414/gallery_media.jpeg', 'https://cdn-media.medialabtc.it/es/agencies/md619/estates/621935/images/9000420/gallery_media.jpeg', 'https://cdn-media.medialabtc.it/es/agencies/md619/estates/621935/images/9000407/gallery_media.jpeg', 'https://cdn-media.medialabtc.it/es/agencies/md619/estates/621935/images/9000419/gallery_media.jpeg', 'https://cdn-media.medialabtc.it/es/agencies/md619/estates/621935/images/9000410/gallery_media.jpeg', 'https://cdn-media.medialabtc.it/es/agencies/md619/estates/621935/images/9000406/gallery_media.jpeg', 'https://cdn-media.medialabtc.it/es/agencies/md619/estates/621935/images/9000404/gallery_media.jpeg', 'https://cdn-media.medialabtc.it/es/agencies/md619/estates/621935/images/9000418/gallery_media.jpeg', 'https://cdn-media.medialabtc.it/es/agencies/md619/estates/621935/images/9000413/gallery_media.jpeg', 'https://cdn-media.medialabtc.it/es/agencies/md619/estates/621935/images/9000415/gallery_media.jpeg', 'https://cdn-media.medialabtc.it/es/agencies/md619/estates/621935/images/9000417/gallery_media.jpeg']",0,Buen estado,0,0,0,1,0,D,0,0,"['imagenes_tecnocasa\\anuncio_292\\0.jpeg', 'imagenes_tecnocasa\\anuncio_292\\1.jpeg', 'imagenes_tecnocasa\\anuncio_292\\2.jpeg', 'imagenes_tecnocasa\\anuncio_292\\3.jpeg', 'imagenes_tecnocasa\\anuncio_292\\4.jpeg', 'imagenes_tecnocasa\\anuncio_292\\5.jpeg', 'imagenes_tecnocasa\\anuncio_292\\6.jpeg', 'imagenes_tecnocasa\\anuncio_292\\7.jpeg', 'imagenes_tecnocasa\\anuncio_292\\8.jpeg', 'imagenes_tecnocasa\\anuncio_292\\9.jpeg', 'imagenes_tecnocasa\\anuncio_292\\10.jpeg', 'imagenes_tecnocasa\\anuncio_292\\11.jpeg', 'imagenes_tecnocasa\\anuncio_292\\12.jpeg', 'imagenes_tecnocasa\\anuncio_292\\13.jpeg', 'imagenes_tecnocasa\\anuncio_292\\14.jpeg', 'imagenes_tecnocasa\\anuncio_292\\15.jpeg', 'imagenes_tecnocasa\\anuncio_292\\16.jpeg']",1,Media,1960,1,0,0,piso,1,Madrid,"Canillejas, Madrid",40.4167047,-3.7035825,292,4026.315789473684,179.0,134.0,1.0,1.0,1.0,1.0,cerámica,pintura,corredera,estándar (2.4-2.8m),nada,3.0,2.4,clásico,"['#F5F5DC', '#FFFFE0', '#FAEBD7']",regular,False,convencional,limitado,ninguno,ninguno,estándar,básica,ninguno,5.8,6.6,ninguna,5
https://www.tecnocasa.es/venta/piso/madrid/madrid/616221.html,200000.0,2,54.0,1,"Descubre esta acogedora vivienda en el corazón del municipio de Madrid. Con una superficie de 54 m², este piso ofrece un espacio funcional y bien distribuido. Ubicado en una planta alta, el inmueble cuenta con dos dormitorios que proporcionan un ambiente cómodo y tranquilo. El baño está diseñado para maximizar el espacio y la comodidad. La propiedad, construida en 1963, mantiene un encanto clásico que se complementa con las comodidades modernas. La terraza es un lugar ideal para disfrutar de momentos al aire libre, ofreciendo un respiro en medio de la ciudad. Este piso es perfecto para quienes buscan un hogar práctico en una zona popular de Madrid, con acceso a servicios y transporte. No pierdas la oportunidad de vivir en un lugar que combina ubicación y funcionalidad. Contáctanos para más información y para concertar una visita.",1,1,1,1,1,1,1,1,1,1,"['https://cdn-media.medialabtc.it/es/agencies/mdaie/estates/616221/images/8864568/gallery_media.jpeg', 'https://cdn-media.medialabtc.it/es/agencies/mdaie/estates/616221/images/8864572/gallery_media.jpeg', 'https://cdn-media.medialabtc.it/es/agencies/mdaie/estates/616221/images/8864586/gallery_media.jpeg', 'https://cdn-media.medialabtc.it/es/agencies/mdaie/estates/616221/images/8864577/gallery_media.jpeg', 'https://cdn-media.medialabtc.it/es/agencies/mdaie/estates/616221/images/8864584/gallery_media.jpeg', 'https://cdn-media.medialabtc.it/es/agencies/mdaie/estates/616221/images/8864585/gallery_media.jpeg', 'https://cdn-media.medialabtc.it/es/agencies/mdaie/estates/616221/images/8864567/gallery_media.jpeg', 'https://cdn-media.medialabtc.it/es/agencies/mdaie/estates/616221/images/8864570/gallery_media.jpeg', 'https://cdn-media.medialabtc.it/es/agencies/mdaie/estates/616221/images/8864580/gallery_media.jpeg', 'https://cdn-media.medialabtc.it/es/agencies/mdaie/estates/616221/images/8864566/gallery_media.jpeg', 'https://cdn-media.medialabtc.it/es/agencies/mdaie/estates/616221/images/8864582/gallery_media.jpeg', 'https://cdn-media.medialabtc.it/es/agencies/mdaie/estates/616221/images/8864574/gallery_media.jpeg', 'https://cdn-media.medialabtc.it/es/agencies/mdaie/estates/616221/images/8864576/gallery_media.jpeg', 'https://cdn-media.medialabtc.it/es/agencies/mdaie/estates/616221/images/8864581/gallery_media.jpeg', 'https://cdn-media.medialabtc.it/es/agencies/mdaie/estates/616221/images/8864569/gallery_media.jpeg', 'https://cdn-media.medialabtc.it/es/agencies/mdaie/estates/616221/images/8864578/gallery_media.jpeg', 'https://cdn-media.medialabtc.it/es/agencies/mdaie/estates/616221/images/8864588/gallery_media.jpeg', 'https://cdn-media.medialabtc.it/es/agencies/mdaie/estates/616221/images/8864589/gallery_media.jpeg', 'https://cdn-media.medialabtc.it/es/agencies/mdaie/estates/616221/images/8864583/gallery_media.jpeg', 'https://cdn-media.medialabtc.it/es/agencies/mdaie/estates/616221/images/8864579/gallery_media.jpeg', 'https://cdn-media.medialabtc.it/es/agencies/mdaie/estates/616221/images/8864587/gallery_media.jpeg', 'https://cdn-media.medialabtc.it/es/agencies/mdaie/estates/616221/images/8864571/gallery_media.jpeg', 'https://cdn-media.medialabtc.it/es/agencies/mdaie/estates/616221/images/8864573/gallery_media.jpeg', 'https://cdn-media.medialabtc.it/es/agencies/mdaie/estates/616221/images/8864575/gallery_media.jpeg']",0,Desconocido,0,0,0,1,0,E,0,0,"['imagenes_tecnocasa\\anuncio_293\\0.jpeg', 'imagenes_tecnocasa\\anuncio_293\\1.jpeg', 'imagenes_tecnocasa\\anuncio_293\\2.jpeg', 'imagenes_tecnocasa\\anuncio_293\\3.jpeg', 'imagenes_tecnocasa\\anuncio_293\\4.jpeg', 'imagenes_tecnocasa\\anuncio_293\\5.jpeg', 'imagenes_tecnocasa\\anuncio_293\\6.jpeg', 'imagenes_tecnocasa\\anuncio_293\\7.jpeg', 'imagenes_tecnocasa\\anuncio_293\\8.jpeg', 'imagenes_tecnocasa\\anuncio_293\\9.jpeg', 'imagenes_tecnocasa\\anuncio_293\\10.jpeg', 'imagenes_tecnocasa\\anuncio_293\\11.jpeg', 'imagenes_tecnocasa\\anuncio_293\\12.jpeg', 'imagenes_tecnocasa\\anuncio_293\\13.jpeg', 'imagenes_tecnocasa\\anuncio_293\\14.jpeg', 'imagenes_tecnocasa\\anuncio_293\\15.jpeg', 'imagenes_tecnocasa\\anuncio_293\\16.jpeg', 'imagenes_tecnocasa\\anuncio_293\\17.jpeg', 'imagenes_tecnocasa\\anuncio_293\\18.jpeg', 'imagenes_tecnocasa\\anuncio_293\\19.jpeg', 'imagenes_tecnocasa\\anuncio_293\\20.jpeg', 'imagenes_tecnocasa\\anuncio_293\\21.jpeg', 'imagenes_tecnocasa\\anuncio_293\\22.jpeg', 'imagenes_tecnocasa\\anuncio_293\\23.jpeg']",0,Popular,1963,0,0,0,piso,3,Bellas Vistas,"Bellas Vistas, Madrid",40.4526848,-3.7072396,293,3703.703703703704,137.0,96.0,0.75,0.95,1.0,1.0,cerámica,pintura,corredera,estándar (2.4-2.8m),nada,3.2,3.8,convencional,"['#F2E8CF', '#D2B48C', '#FFFFFF']",regular,False,convencional,limitado,ninguno,ninguno,estándar,básica,ninguno,6.0,6.4,ninguna,5
https://www.tecnocasa.es/venta/piso/madrid/madrid/621869.html,200000.0,3,78.0,1,"Tecnocasa Agencia inmobiliaria de MADRID - zona CIUDAD PEGASO - ALAMEDA DE OSUNA - REJAS - Oficina Tecnocasa de MADRID
Vende piso situado en Calle Colonia Occidente (Ciudad Pegaso);
3ª PLANTA SIN ASCENSOR
78 m2 construidos.
3 dormitorios, salón, cocina, baño y terraza.
Orientación Este y Oeste.
La vivienda es muy luminosa y tiene vista despejada.
La zona es muy tranquila dispone de numerosas zonas para pasear y hacer deporte al aire libre.
Autobús 77 en la puerta, a 20 minutos del Metro de El Capricho (Línea 5).
Todos los servicios muy cerca como colegios, supermercados, centro de salud, etc.
C. C. PLENILUNIO A 8 MINUTOS ANDANDO.
Conexión con m40, A2, m12, etc.
Visítelo sin ningún compromiso.
HIPOTECA 100%.
Consulte las condiciones de venta o de arrendamiento específicas para cada inmueble. La información contenida en este anuncio no tiene carácter contractual ni vinculante, ya que podría contener alguna incorreción.",1,1,1,1,1,1,0,0,1,1,"['https://cdn-media.medialabtc.it/es/agencies/md064/estates/621869/images/9000624/gallery_media.jpeg', 'https://cdn-media.medialabtc.it/es/agencies/md064/estates/621869/images/9000537/gallery_media.jpeg', 'https://cdn-media.medialabtc.it/es/agencies/md064/estates/621869/images/9000529/gallery_media.jpeg', 'https://cdn-media.medialabtc.it/es/agencies/md064/estates/621869/images/9000531/gallery_media.jpeg', 'https://cdn-media.medialabtc.it/es/agencies/md064/estates/621869/images/9000630/gallery_media.jpeg', 'https://cdn-media.medialabtc.it/es/agencies/md064/estates/621869/images/9000539/gallery_media.jpeg', 'https://cdn-media.medialabtc.it/es/agencies/md064/estates/621869/images/9000533/gallery_media.jpeg', 'https://cdn-media.medialabtc.it/es/agencies/md064/estates/621869/images/9000530/gallery_media.jpeg', 'https://cdn-media.medialabtc.it/es/agencies/md064/estates/621869/images/9000626/gallery_media.jpeg', 'https://cdn-media.medialabtc.it/es/agencies/md064/estates/621869/images/9000622/gallery_media.jpeg', 'https://cdn-media.medialabtc.it/es/agencies/md064/estates/621869/images/9000625/gallery_media.jpeg', 'https://cdn-media.medialabtc.it/es/agencies/md064/estates/621869/images/9000623/gallery_media.jpeg', 'https://cdn-media.medialabtc.it/es/agencies/md064/estates/621869/images/9000538/gallery_media.jpeg', 'https://cdn-media.medialabtc.it/es/agencies/md064/estates/621869/images/9000535/gallery_media.jpeg', 'https://cdn-media.medialabtc.it/es/agencies/md064/estates/621869/images/9000627/gallery_media.jpeg', 'https://cdn-media.medialabtc.it/es/agencies/md064/estates/621869/images/9000629/gallery_media.jpeg', 'https://cdn-media.medialabtc.it/es/agencies/md064/estates/621869/images/9000631/gallery_media.jpeg', 'https://cdn-media.medialabtc.it/es/agencies/md064/estates/621869/images/9000541/gallery_media.jpeg', 'https://cdn-media.medialabtc.it/es/agencies/md064/estates/621869/images/9000532/gallery_media.jpeg', 'https://cdn-media.medialabtc.it/es/agencies/md064/estates/621869/images/9000536/gallery_media.jpeg', 'https://cdn-media.medialabtc.it/es/agencies/md064/estates/621869/images/9000628/gallery_media.jpeg', 'https://cdn-media.medialabtc.it/es/agencies/md064/estates/621869/images/9000534/gallery_media.jpeg']",0,Desconocido,0,0,0,1,0,E,0,0,"['imagenes_tecnocasa\\anuncio_294\\0.jpeg', 'imagenes_tecnocasa\\anuncio_294\\1.jpeg', 'imagenes_tecnocasa\\anuncio_294\\2.jpeg', 'imagenes_tecnocasa\\anuncio_294\\3.jpeg', 'imagenes_tecnocasa\\anuncio_294\\4.jpeg', 'imagenes_tecnocasa\\anuncio_294\\5.jpeg', 'imagenes_tecnocasa\\anuncio_294\\6.jpeg', 'imagenes_tecnocasa\\anuncio_294\\7.jpeg', 'imagenes_tecnocasa\\anuncio_294\\8.jpeg', 'imagenes_tecnocasa\\anuncio_294\\9.jpeg', 'imagenes_tecnocasa\\anuncio_294\\10.jpeg', 'imagenes_tecnocasa\\anuncio_294\\11.jpeg', 'imagenes_tecnocasa\\anuncio_294\\12.jpeg', 'imagenes_tecnocasa\\anuncio_294\\13.jpeg', 'imagenes_tecnocasa\\anuncio_294\\14.jpeg', 'imagenes_tecnocasa\\anuncio_294\\15.jpeg', 'imagenes_tecnocasa\\anuncio_294\\16.jpeg', 'imagenes_tecnocasa\\anuncio_294\\17.jpeg', 'imagenes_tecnocasa\\anuncio_294\\18.jpeg', 'imagenes_tecnocasa\\anuncio_294\\19.jpeg', 'imagenes_tecnocasa\\anuncio_294\\20.jpeg', 'imagenes_tecnocasa\\anuncio_294\\21.jpeg']",0,Media,1960,0,0,0,piso,3,Madrid,"Rejas, Madrid",40.4167047,-3.7035825,294,2564.102564102564,149.0,123.0,0.0,0.0,0.0,0.0,otro,pintura,corredera,estándar (2.4-2.8m),nada,3.6,3.8,convencional,"['#F2E8CF', '#A0522D', '#8B4513']",regular,False,convencional,normal,ninguno,ninguno,estándar,básica,ninguno,6.0,6.2,ninguna,5
https://www.tecnocasa.es/venta/atico/madrid/madrid/620207.html,350000.0,1,64.0,1,"Agencia inmobiliaria de Madrid Zona Ciudad Lineal, Quintana Tecnocasa Oficina Quintana .
EN VENTA:
Oportunidad única: ÁTICO de 1 dormitorio en el corazón de Quintana, Ciudad Lineal.
UBICACIÓN: ¿Estás buscando el lugar perfecto para comenzar una nueva vida o invertir en inmuebles? ¡has llegado al sitio adecuado! Este ático de 1 una habitación se encuentra en una ubicación privilegiada, en plena CALLE DE ALCALÁ.
ESPACIO: Con 64 metros cuadrados catastrales, esta propiedad ofrece una distribución cómoda para vivir.
HABITACIONES: 1 dormitorio luminosos y acogedor con acceso directo a la terraza.
COCINA: 1 cocina amplia, luminosa, y totalmente equipada.
SALÓN-COMEDOR: 1 salón-comedor con luz natural que fluye a través del ventanal, siendo una estancia muy soleada. Además, tiene acceso directo a la terraza del ático.
BAÑO: La vivienda cuenta con 1 baño con ventilación natural.
COMODIDADES: El edificio cuenta CON ASCENSOR, y la finca tiene calefacción central.
TRASTERO: Dentro del precio, está incluido un trastero.
Este piso es perfecto para aquellos que deseen disfrutar de la vida urbana en su máxima expresión.
¡No pierdas la oportunidad de vivir en el corazón de Ciudad Lineal!
Contáctanos hoy mismo para programar una visita y conocer este increíble inmueble en persona.
Zona equipada con todos los servicios; supermercados, comercios, cafeterías, colegios privados y públicos, parques, polideportivo, Centros Comerciales y Zonas verdes.
En cuanto al transporte la ubicación es excepcional:
Líneas de metro: 5 (Quintana) y 7 (Pueblo Nuevo).
Bus directo a Callao, Manuel Becerra, Canillejas, Plaza Castilla y Las Rosas.
¿Busca su vivienda según esta tipología? Contacte con nuestra oficina de la calle Virgen del Sagrario 3 (Plaza de Quintana), y nuestros asesores inmobiliarios le ampliarán la información sobre esta u otras viviendas.
Además, le podemos ofrecer asesoramiento financiero y profesional de forma gratuita, ofreciéndole los productos financieros del mercado más adecuados para usted.
APROVECHE EL MOMENTO, NO PIERDA SU OPORTUNIDAD Y PASE SU PROPUESTA.",1,0,1,1,1,1,0,1,1,1,"['https://cdn-media.medialabtc.it/es/agencies/md021/estates/620207/images/8956296/gallery_media.jpeg', 'https://cdn-media.medialabtc.it/es/agencies/md021/estates/620207/images/8956294/gallery_media.jpeg', 'https://cdn-media.medialabtc.it/es/agencies/md021/estates/620207/images/8956289/gallery_media.jpeg', 'https://cdn-media.medialabtc.it/es/agencies/md021/estates/620207/images/8956295/gallery_media.jpeg', 'https://cdn-media.medialabtc.it/es/agencies/md021/estates/620207/images/9000523/gallery_media.jpeg', 'https://cdn-media.medialabtc.it/es/agencies/md021/estates/620207/images/8956298/gallery_media.jpeg', 'https://cdn-media.medialabtc.it/es/agencies/md021/estates/620207/images/8956282/gallery_media.jpeg', 'https://cdn-media.medialabtc.it/es/agencies/md021/estates/620207/images/8956283/gallery_media.jpeg', 'https://cdn-media.medialabtc.it/es/agencies/md021/estates/620207/images/8956288/gallery_media.jpeg', 'https://cdn-media.medialabtc.it/es/agencies/md021/estates/620207/images/8956285/gallery_media.jpeg', 'https://cdn-media.medialabtc.it/es/agencies/md021/estates/620207/images/8956293/gallery_media.jpeg', 'https://cdn-media.medialabtc.it/es/agencies/md021/estates/620207/images/8956299/gallery_media.jpeg', 'https://cdn-media.medialabtc.it/es/agencies/md021/estates/620207/images/8956292/gallery_media.jpeg', 'https://cdn-media.medialabtc.it/es/agencies/md021/estates/620207/images/8956291/gallery_media.jpeg', 'https://cdn-media.medialabtc.it/es/agencies/md021/estates/620207/images/8956297/gallery_media.jpeg', 'https://cdn-media.medialabtc.it/es/agencies/md021/estates/620207/images/8956290/gallery_media.jpeg', 'https://cdn-media.medialabtc.it/es/agencies/md021/estates/620207/images/8956300/gallery_media.jpeg', 'https://cdn-media.medialabtc.it/es/agencies/md021/estates/620207/images/8956287/gallery_media.jpeg', 'https://cdn-media.medialabtc.it/es/agencies/md021/estates/620207/images/8956284/gallery_media.jpeg', 'https://cdn-media.medialabtc.it/es/agencies/md021/estates/620207/images/8956286/gallery_media.jpeg']",0,Desconocido,0,1,0,1,0,E,0,0,"['imagenes_tecnocasa\\anuncio_295\\0.jpeg', 'imagenes_tecnocasa\\anuncio_295\\1.jpeg', 'imagenes_tecnocasa\\anuncio_295\\2.jpeg', 'imagenes_tecnocasa\\anuncio_295\\3.jpeg', 'imagenes_tecnocasa\\anuncio_295\\4.jpeg', 'imagenes_tecnocasa\\anuncio_295\\5.jpeg', 'imagenes_tecnocasa\\anuncio_295\\6.jpeg', 'imagenes_tecnocasa\\anuncio_295\\7.jpeg', 'imagenes_tecnocasa\\anuncio_295\\8.jpeg', 'imagenes_tecnocasa\\anuncio_295\\9.jpeg', 'imagenes_tecnocasa\\anuncio_295\\10.jpeg', 'imagenes_tecnocasa\\anuncio_295\\11.jpeg', 'imagenes_tecnocasa\\anuncio_295\\12.jpeg', 'imagenes_tecnocasa\\anuncio_295\\13.jpeg', 'imagenes_tecnocasa\\anuncio_295\\14.jpeg', 'imagenes_tecnocasa\\anuncio_295\\15.jpeg', 'imagenes_tecnocasa\\anuncio_295\\16.jpeg', 'imagenes_tecnocasa\\anuncio_295\\17.jpeg', 'imagenes_tecnocasa\\anuncio_295\\18.jpeg', 'imagenes_tecnocasa\\anuncio_295\\19.jpeg']",0,Popular,1960,1,0,1,atico,4,Madrid,"Quintana, Madrid",40.4167047,-3.7035825,295,5468.75,311.0,225.0,0.06666666666666667,0.35000000000000003,1.0,1.0,otro,pintura,corredera,estándar (2.4-2.8m),nada,5.4,5.8,moderno,"['#FFFFFF', '#D2B48C', '#808080']",excelente,False,convencional,normal,terraza,ninguno,estándar,parcialmente equipada,ninguno,7.4,6.6,ninguna,5
https://www.tecnocasa.es/venta/casa/madrid/alcala-de-henares/619539.html,513000.0,5,228.0,3,"AGENCIA INMOBILIARIA DE ALCALÁ DE HENARES, OFICINA DE TECNOCASA ZONA ENSANCHE VENDE IMPECABLE CHALET ADOSADO EN EL ENSANCHE.

La vivienda se encuentra en un INMEJORABLE ESTADO DE CONSERVACIÓN y está distribuida en cuatro plantas, se compone de:

Planta Baja: amplio salón independiente y acceso a un patio privado solado, cocina totalmente amueblada, un aseo de cortesía y acceso a las escaleras para acceder a la planta primera.

Primera planta: Recibidor con 3 amplios dormitorios uno de ellos con baño suite y otro baño completo, y armarios empotrados.

Segunda planta: Buhardilla totalmente reformada y confortable con dos habitaciones y aire acondicionado.

Suelos de tarima y grés, carpintería interior de roble, carpintería exterior de aluminio climalit.

Tenemos también garaje con espacio para dos coches y cuenta con la instalación para coche eléctrico.

La finca dispone de zonas comunes con PISCINA COMUNITARIA Y ZONAS VERDES.

La zona destaca por su cómoda accesibilidad al Centro Comercial Alcala-Magna a la Nacional A-2, además cuenta con numerosas paradas de autobús urbano e interurbano, y la estación de Alcalá de Henares a sólo 15 minutos andando.

Además la zona cuenta con una gran variedad de servicios como: Colegios ( Pablo Neruda, Alborada, Mozart.. . ) Institutos ( IES Pedro Gumiel, IES Doctor Marañón, IES Alborada. ) centro de especialidades Francisco Díaz, además de bancos, farmacias, bares y todo tipo de comercios.

No lo dude y venga a visitarlo sin compromiso, le va a sorprender su inmejorable estado.",0,1,1,1,1,1,0,1,1,1,"['https://cdn-media.medialabtc.it/es/agencies/md554/estates/619539/images/8952668/gallery_media.jpeg', 'https://cdn-media.medialabtc.it/es/agencies/md554/estates/619539/images/8952644/gallery_media.jpeg', 'https://cdn-media.medialabtc.it/es/agencies/md554/estates/619539/images/8952637/gallery_media.jpeg', 'https://cdn-media.medialabtc.it/es/agencies/md554/estates/619539/images/8952671/gallery_media.jpeg', 'https://cdn-media.medialabtc.it/es/agencies/md554/estates/619539/images/8952672/gallery_media.jpeg', 'https://cdn-media.medialabtc.it/es/agencies/md554/estates/619539/images/8952665/gallery_media.jpeg', 'https://cdn-media.medialabtc.it/es/agencies/md554/estates/619539/images/8952643/gallery_media.jpeg', 'https://cdn-media.medialabtc.it/es/agencies/md554/estates/619539/images/8952642/gallery_media.jpeg', 'https://cdn-media.medialabtc.it/es/agencies/md554/estates/619539/images/8952633/gallery_media.jpeg', 'https://cdn-media.medialabtc.it/es/agencies/md554/estates/619539/images/8952638/gallery_media.jpeg', 'https://cdn-media.medialabtc.it/es/agencies/md554/estates/619539/images/8952666/gallery_media.jpeg', 'https://cdn-media.medialabtc.it/es/agencies/md554/estates/619539/images/8952670/gallery_media.jpeg', 'https://cdn-media.medialabtc.it/es/agencies/md554/estates/619539/images/8952641/gallery_media.jpeg', 'https://cdn-media.medialabtc.it/es/agencies/md554/estates/619539/images/8952663/gallery_media.jpeg', 'https://cdn-media.medialabtc.it/es/agencies/md554/estates/619539/images/8952664/gallery_media.jpeg', 'https://cdn-media.medialabtc.it/es/agencies/md554/estates/619539/images/8952667/gallery_media.jpeg', 'https://cdn-media.medialabtc.it/es/agencies/md554/estates/619539/images/8952669/gallery_media.jpeg', 'https://cdn-media.medialabtc.it/es/agencies/md554/estates/619539/images/8952640/gallery_media.jpeg', 'https://cdn-media.medialabtc.it/es/agencies/md554/estates/619539/images/8952662/gallery_media.jpeg', 'https://cdn-media.medialabtc.it/es/agencies/md554/estates/619539/images/8952675/gallery_media.jpeg', 'https://cdn-media.medialabtc.it/es/agencies/md554/estates/619539/images/8952634/gallery_media.jpeg', 'https://cdn-media.medialabtc.it/es/agencies/md554/estates/619539/images/8952635/gallery_media.jpeg', 'https://cdn-media.medialabtc.it/es/agencies/md554/estates/619539/images/8952639/gallery_media.jpeg', 'https://cdn-media.medialabtc.it/es/agencies/md554/estates/619539/images/8952621/gallery_media.jpeg', 'https://cdn-media.medialabtc.it/es/agencies/md554/estates/619539/images/8952636/gallery_media.jpeg', 'https://cdn-media.medialabtc.it/es/agencies/md554/estates/619539/images/8952673/gallery_media.jpeg', 'https://cdn-media.medialabtc.it/es/agencies/md554/estates/619539/images/8952674/gallery_media.jpeg', 'https://cdn-media.medialabtc.it/es/agencies/md554/estates/619539/images/8952632/gallery_media.jpeg']",0,Desconocido,1,0,1,0,0,E,0,0,"['imagenes_tecnocasa\\anuncio_296\\0.jpeg', 'imagenes_tecnocasa\\anuncio_296\\1.jpeg', 'imagenes_tecnocasa\\anuncio_296\\2.jpeg', 'imagenes_tecnocasa\\anuncio_296\\3.jpeg', 'imagenes_tecnocasa\\anuncio_296\\4.jpeg', 'imagenes_tecnocasa\\anuncio_296\\5.jpeg', 'imagenes_tecnocasa\\anuncio_296\\6.jpeg', 'imagenes_tecnocasa\\anuncio_296\\7.jpeg', 'imagenes_tecnocasa\\anuncio_296\\8.jpeg', 'imagenes_tecnocasa\\anuncio_296\\9.jpeg', 'imagenes_tecnocasa\\anuncio_296\\10.jpeg', 'imagenes_tecnocasa\\anuncio_296\\11.jpeg', 'imagenes_tecnocasa\\anuncio_296\\12.jpeg', 'imagenes_tecnocasa\\anuncio_296\\13.jpeg', 'imagenes_tecnocasa\\anuncio_296\\14.jpeg', 'imagenes_tecnocasa\\anuncio_296\\15.jpeg', 'imagenes_tecnocasa\\anuncio_296\\16.jpeg', 'imagenes_tecnocasa\\anuncio_296\\17.jpeg', 'imagenes_tecnocasa\\anuncio_296\\18.jpeg', 'imagenes_tecnocasa\\anuncio_296\\19.jpeg', 'imagenes_tecnocasa\\anuncio_296\\20.jpeg', 'imagenes_tecnocasa\\anuncio_296\\21.jpeg', 'imagenes_tecnocasa\\anuncio_296\\22.jpeg', 'imagenes_tecnocasa\\anuncio_296\\23.jpeg', 'imagenes_tecnocasa\\anuncio_296\\24.jpeg', 'imagenes_tecnocasa\\anuncio_296\\25.jpeg', 'imagenes_tecnocasa\\anuncio_296\\26.jpeg', 'imagenes_tecnocasa\\anuncio_296\\27.jpeg']",1,Media,2003,1,0,0,casa,1,Alcalá de Henares,"Ensanche, Alcalá De Henares",40.481954,-3.363981,296,2250.0,240.0,174.0,0.0,0.0,1.0,0.0,cerámica,pintura,ninguna visible,estándar (2.4-2.8m),nada,4.6,4.6,convencional,"['#D2B48C', '#FFFFFF', '#966F33']",buena,False,convencional,limitado,ninguno,ninguno,estándar,básica,ninguno,6.8,6.6,ninguna,5
https://www.tecnocasa.es/venta/piso/madrid/valdemoro/618279.html,287000.0,3,100.0,2,"Agencia inmobiliaria de VALDEMORO : zona ESTACION- CENTRO- GUARDIA CIVIL- Oficina Tecnocasa VENDE piso en zona GUARDIA CIVIL
¡Descubre tu nuevo hogar en Valdemoro! Este fantástico piso en la zona de la Guardia Civil es la oportunidad perfecta para disfrutar de la comodidad y el estilo de vida que siempre has deseado. Con 110 m² construidos y 100 m² útiles, cuenta con tres amplios dormitorios ideales para toda la familia. Además, dispone de dos cuartos de baño, lo que garantiza privacidad y confort en el día a día.

La urbanización cerrada ofrece un entorno seguro y tranquilo, con conserje que se encargará de tu bienestar. En los días calurosos, podrás refrescarte en la piscina comunitaria, mientras que el aire acondicionado y la calefacción por gas natural aseguran un ambiente agradable durante todo el año. La plaza de garaje incluida en el precio es una gran ventaja en esta zona.

Construido en 2003, este piso de segunda mano se encuentra en buen estado y listo para entrar a vivir. Con ascensor y todas las comodidades que necesitas, este hogar es perfecto para disfrutar de la vida en Valdemoro. ¡No dejes pasar esta oportunidad y ven a visitarlo!
No dude en llamarnos para concertar su cita para visitar el inmueble en la que además recibirá el asesoramiento gratuito de nuestro departamento financiero KÌRON. FINANCIACION 100%",0,1,1,1,0,1,0,1,0,1,"['https://cdn-media.medialabtc.it/es/agencies/mdbe2/estates/618279/images/8929244/gallery_media.jpeg', 'https://cdn-media.medialabtc.it/es/agencies/mdbe2/estates/618279/images/8929242/gallery_media.jpeg', 'https://cdn-media.medialabtc.it/es/agencies/mdbe2/estates/618279/images/8929243/gallery_media.jpeg', 'https://cdn-media.medialabtc.it/es/agencies/mdbe2/estates/618279/images/8929200/gallery_media.jpeg', 'https://cdn-media.medialabtc.it/es/agencies/mdbe2/estates/618279/images/8929195/gallery_media.jpeg', 'https://cdn-media.medialabtc.it/es/agencies/mdbe2/estates/618279/images/8929201/gallery_media.jpeg', 'https://cdn-media.medialabtc.it/es/agencies/mdbe2/estates/618279/images/8929197/gallery_media.jpeg', 'https://cdn-media.medialabtc.it/es/agencies/mdbe2/estates/618279/images/8929194/gallery_media.jpeg', 'https://cdn-media.medialabtc.it/es/agencies/mdbe2/estates/618279/images/8929248/gallery_media.jpeg', 'https://cdn-media.medialabtc.it/es/agencies/mdbe2/estates/618279/images/8929249/gallery_media.jpeg', 'https://cdn-media.medialabtc.it/es/agencies/mdbe2/estates/618279/images/8929196/gallery_media.jpeg', 'https://cdn-media.medialabtc.it/es/agencies/mdbe2/estates/618279/images/8929252/gallery_media.jpeg', 'https://cdn-media.medialabtc.it/es/agencies/mdbe2/estates/618279/images/8929191/gallery_media.jpeg', 'https://cdn-media.medialabtc.it/es/agencies/mdbe2/estates/618279/images/8929198/gallery_media.jpeg', 'https://cdn-media.medialabtc.it/es/agencies/mdbe2/estates/618279/images/8929251/gallery_media.jpeg', 'https://cdn-media.medialabtc.it/es/agencies/mdbe2/estates/618279/images/8929246/gallery_media.jpeg', 'https://cdn-media.medialabtc.it/es/agencies/mdbe2/estates/618279/images/8929245/gallery_media.jpeg', 'https://cdn-media.medialabtc.it/es/agencies/mdbe2/estates/618279/images/8929199/gallery_media.jpeg', 'https://cdn-media.medialabtc.it/es/agencies/mdbe2/estates/618279/images/8929193/gallery_media.jpeg', 'https://cdn-media.medialabtc.it/es/agencies/mdbe2/estates/618279/images/8929247/gallery_media.jpeg', 'https://cdn-media.medialabtc.it/es/agencies/mdbe2/estates/618279/images/8929192/gallery_media.jpeg', 'https://cdn-media.medialabtc.it/es/agencies/mdbe2/estates/618279/images/8929250/gallery_media.jpeg']",0,Buen estado,1,0,1,0,1,E,0,0,"['imagenes_tecnocasa\\anuncio_298\\0.jpeg', 'imagenes_tecnocasa\\anuncio_298\\1.jpeg', 'imagenes_tecnocasa\\anuncio_298\\2.jpeg', 'imagenes_tecnocasa\\anuncio_298\\3.jpeg', 'imagenes_tecnocasa\\anuncio_298\\4.jpeg', 'imagenes_tecnocasa\\anuncio_298\\5.jpeg', 'imagenes_tecnocasa\\anuncio_298\\6.jpeg', 'imagenes_tecnocasa\\anuncio_298\\7.jpeg', 'imagenes_tecnocasa\\anuncio_298\\8.jpeg', 'imagenes_tecnocasa\\anuncio_298\\9.jpeg', 'imagenes_tecnocasa\\anuncio_298\\10.jpeg', 'imagenes_tecnocasa\\anuncio_298\\11.jpeg', 'imagenes_tecnocasa\\anuncio_298\\12.jpeg', 'imagenes_tecnocasa\\anuncio_298\\13.jpeg', 'imagenes_tecnocasa\\anuncio_298\\14.jpeg', 'imagenes_tecnocasa\\anuncio_298\\15.jpeg', 'imagenes_tecnocasa\\anuncio_298\\16.jpeg', 'imagenes_tecnocasa\\anuncio_298\\17.jpeg', 'imagenes_tecnocasa\\anuncio_298\\18.jpeg', 'imagenes_tecnocasa\\anuncio_298\\19.jpeg', 'imagenes_tecnocasa\\anuncio_298\\20.jpeg', 'imagenes_tecnocasa\\anuncio_298\\21.jpeg']",0,Media,2003,1,0,0,piso,2,Valdemoro,Valdemoro,40.1888604,-3.67143,298,2870.0,223.0,149.0,0.125,0.4,2.0,0.0,cerámica,pintura,corredera,estándar (2.4-2.8m),nada,3.2,3.4,convencional,"['#006400', '#FFFFFF', '#808080']",regular,False,convencional,limitado,ninguno,ninguno,estándar,básica,ninguno,5.2,6.0,ninguna,5
https://www.tecnocasa.es/venta/piso/madrid/valdemoro/617068.html,243500.0,3,101.0,2,"Agencia inmobiliaria de Valdemoro, Tecnocasa Estudio Las Tres Erres SL.
VENDE PISO en Valdemoro en zona centro, formado por salón-comedor, cocina totalmente equipada y espaciosa con salida a tendedero, tres dormitorios con armarios empotrados y 2 baños completos uno con ducha y otro con bañera (uno de ellos en suite).
La Vivienda además cuenta con suelos en toda la casa de tarima, armarios empotrados en todos los dormitorios y en el salón, aire acondicionado por conductos, paredes lisas, video portero, zonas comunes y piscina.
Plaza de garaje incluida en el precio.

La vivienda está en una zona en expansión, pero ya consolidada con acceso a multitud de servicios, como la facilidad de entrada y salida a la población a través de la autovía, así como bien comunicada por la red de transportes del municipio y con zonas verdes alrededor.
No dude en llamarnos para concertar su cita para visitar el inmueble en la que además recibirá el asesoramiento gratuito de nuestro departamento financiero KÌRON.",0,1,1,1,0,1,0,1,0,1,"['https://cdn-media.medialabtc.it/es/agencies/md607/estates/617068/images/8954039/gallery_media.jpeg', 'https://cdn-media.medialabtc.it/es/agencies/md607/estates/617068/images/8954064/gallery_media.jpeg', 'https://cdn-media.medialabtc.it/es/agencies/md607/estates/617068/images/8886388/gallery_media.jpeg', 'https://cdn-media.medialabtc.it/es/agencies/md607/estates/617068/images/8886391/gallery_media.jpeg', 'https://cdn-media.medialabtc.it/es/agencies/md607/estates/617068/images/8886392/gallery_media.jpeg', 'https://cdn-media.medialabtc.it/es/agencies/md607/estates/617068/images/8954040/gallery_media.jpeg', 'https://cdn-media.medialabtc.it/es/agencies/md607/estates/617068/images/8886389/gallery_media.jpeg', 'https://cdn-media.medialabtc.it/es/agencies/md607/estates/617068/images/8889692/gallery_media.jpeg', 'https://cdn-media.medialabtc.it/es/agencies/md607/estates/617068/images/8886396/gallery_media.jpeg', 'https://cdn-media.medialabtc.it/es/agencies/md607/estates/617068/images/8954117/gallery_media.jpeg', 'https://cdn-media.medialabtc.it/es/agencies/md607/estates/617068/images/8886384/gallery_media.jpeg', 'https://cdn-media.medialabtc.it/es/agencies/md607/estates/617068/images/8954063/gallery_media.jpeg', 'https://cdn-media.medialabtc.it/es/agencies/md607/estates/617068/images/8886361/gallery_media.jpeg', 'https://cdn-media.medialabtc.it/es/agencies/md607/estates/617068/images/8889690/gallery_media.jpeg', 'https://cdn-media.medialabtc.it/es/agencies/md607/estates/617068/images/8886399/gallery_media.jpeg', 'https://cdn-media.medialabtc.it/es/agencies/md607/estates/617068/images/8889693/gallery_media.jpeg', 'https://cdn-media.medialabtc.it/es/agencies/md607/estates/617068/images/8954038/gallery_media.jpeg', 'https://cdn-media.medialabtc.it/es/agencies/md607/estates/617068/images/8886397/gallery_media.jpeg', 'https://cdn-media.medialabtc.it/es/agencies/md607/estates/617068/images/8886382/gallery_media.jpeg', 'https://cdn-media.medialabtc.it/es/agencies/md607/estates/617068/images/8954041/gallery_media.jpeg', 'https://cdn-media.medialabtc.it/es/agencies/md607/estates/617068/images/8886390/gallery_media.jpeg', 'https://cdn-media.medialabtc.it/es/agencies/md607/estates/617068/images/8886359/gallery_media.jpeg', 'https://cdn-media.medialabtc.it/es/agencies/md607/estates/617068/images/8886386/gallery_media.jpeg', 'https://cdn-media.medialabtc.it/es/agencies/md607/estates/617068/images/8886360/gallery_media.jpeg', 'https://cdn-media.medialabtc.it/es/agencies/md607/estates/617068/images/8954037/gallery_media.jpeg', 'https://cdn-media.medialabtc.it/es/agencies/md607/estates/617068/images/8889691/gallery_media.jpeg']",0,Desconocido,1,0,1,0,1,Desconocida,0,0,"['imagenes_tecnocasa\\anuncio_299\\0.jpeg', 'imagenes_tecnocasa\\anuncio_299\\1.jpeg', 'imagenes_tecnocasa\\anuncio_299\\2.jpeg', 'imagenes_tecnocasa\\anuncio_299\\3.jpeg', 'imagenes_tecnocasa\\anuncio_299\\4.jpeg', 'imagenes_tecnocasa\\anuncio_299\\5.jpeg', 'imagenes_tecnocasa\\anuncio_299\\6.jpeg', 'imagenes_tecnocasa\\anuncio_299\\7.jpeg', 'imagenes_tecnocasa\\anuncio_299\\8.jpeg', 'imagenes_tecnocasa\\anuncio_299\\9.jpeg', 'imagenes_tecnocasa\\anuncio_299\\10.jpeg', 'imagenes_tecnocasa\\anuncio_299\\11.jpeg', 'imagenes_tecnocasa\\anuncio_299\\12.jpeg', 'imagenes_tecnocasa\\anuncio_299\\13.jpeg', 'imagenes_tecnocasa\\anuncio_299\\14.jpeg', 'imagenes_tecnocasa\\anuncio_299\\15.jpeg', 'imagenes_tecnocasa\\anuncio_299\\16.jpeg', 'imagenes_tecnocasa\\anuncio_299\\17.jpeg', 'imagenes_tecnocasa\\anuncio_299\\18.jpeg', 'imagenes_tecnocasa\\anuncio_299\\19.jpeg', 'imagenes_tecnocasa\\anuncio_299\\20.jpeg', 'imagenes_tecnocasa\\anuncio_299\\21.jpeg', 'imagenes_tecnocasa\\anuncio_299\\22.jpeg', 'imagenes_tecnocasa\\anuncio_299\\23.jpeg', 'imagenes_tecnocasa\\anuncio_299\\24.jpeg', 'imagenes_tecnocasa\\anuncio_299\\25.jpeg']",1,Media,2013,1,0,0,piso,2,Valdemoro,Valdemoro,40.1888604,-3.67143,299,2410.891089108911,164.0,111.0,0.0,0.0,0.0,0.0,parquet,pintura,corredera,estándar (2.4-2.8m),nada,4.2,5.8,moderno,"['#FFFFFF', '#333333', '#D2B48C']",buena,True,convencional,limitado,ninguno,ninguno,estándar,parcialmente equipada,ninguno,6.2,7.0,ninguna,5
https://www.tecnocasa.es/venta/piso/madrid/madrid/617438.html,400000.0,1,60.0,1,"'Agencia inmobiliaria de MADRID zona TIRSO DE MOLINA - HUERTAS Oficina Tecnocasa
VENDE en EXCLUSIVA! Precioso ÁTICO con TERRAZA. Piso excepcionalmente luminoso con increíbles vistas. Reforma de diseño para optimizar el espacio. Salón-comedor con cocina americana, amplio dormitorio con baño en suite y vestidor. AIRE ACONDICOIONADO. Ventanas en todas las estancias. ASCENSOR en proceso de instalación. No dudes visitarlo sin compromiso. Te va a encantar!
La vivienda dispone de 34m2 útiles distribuidos para aprovechar al máximo cada rincón, y una espectacular terraza de 34m2 útiles ideales para disfrutar al aire libre, organizar reuniones y relajarte con vistas privilegiadas.
Muy bien comunicado: metro Tirso de Molina (L1) a 3 metro Sol (L1, 2,3 y cercanías) a 10 min, Atocha Renfe a 10 min.
¡Excelente zona! Situado entre Antón Martín y Huertas, el piso se encuentra en una de las zonas con mayor demanda inmobiliaria de Madrid. De orígenes medievales, el barrio goza hoy de un ambiente multicultural donde conviven centenares de negocios típicos y exóticos. Centros culturales, teatros y museos, así como mercados, restaurantes y bares, ofrecen a visitantes y locales una variada propuesta cultural, de ocio y gastronómica.
Quiere conocer el valor real de su inmueble? Ofrecemos a nuestros vecinos VALORACIONES GRATUITAS y sin ningún compromiso de viviendas, locales y plazas de garaje.
Nos avalan 20 años de experiencia en la zona, formando parte de esta gran empresa, líder en España y Europa en el sector de la intermediación inmobiliaria.
Asesoramiento y gestión en: COMPRAVENTA, ARRENDAMIENTO, CAMBIO de VIVIENDA, HERENCIA, VENTA DE NUDA PROPIEDAD, VENTA DE PROINDIVISO, CAMBIO de USO, CERTIFICADO ENERGÉTICO.
Nuestro departamento KIRON, expertos en intermediación financiera, le ayudarán a encontrar la solución hipotecaria que mejor se adapte a sus necesidades.
Estamos a su disposición para cualquier consulta. '.",1,1,1,1,1,1,0,1,1,1,"['https://cdn-media.medialabtc.it/es/agencies/md029/estates/617438/images/8899176/gallery_media.jpeg', 'https://cdn-media.medialabtc.it/es/agencies/md029/estates/617438/images/8899171/gallery_media.jpeg', 'https://cdn-media.medialabtc.it/es/agencies/md029/estates/617438/images/8899172/gallery_media.jpeg', 'https://cdn-media.medialabtc.it/es/agencies/md029/estates/617438/images/8899173/gallery_media.jpeg', 'https://cdn-media.medialabtc.it/es/agencies/md029/estates/617438/images/8899174/gallery_media.jpeg', 'https://cdn-media.medialabtc.it/es/agencies/md029/estates/617438/images/8899178/gallery_media.jpeg', 'https://cdn-media.medialabtc.it/es/agencies/md029/estates/617438/images/8899180/gallery_media.jpeg', 'https://cdn-media.medialabtc.it/es/agencies/md029/estates/617438/images/8899175/gallery_media.jpeg', 'https://cdn-media.medialabtc.it/es/agencies/md029/estates/617438/images/8899179/gallery_media.jpeg']",1,Desconocido,1,0,0,1,0,G,0,0,"['imagenes_tecnocasa\\anuncio_300\\0.jpeg', 'imagenes_tecnocasa\\anuncio_300\\1.jpeg', 'imagenes_tecnocasa\\anuncio_300\\2.jpeg', 'imagenes_tecnocasa\\anuncio_300\\3.jpeg', 'imagenes_tecnocasa\\anuncio_300\\4.jpeg', 'imagenes_tecnocasa\\anuncio_300\\5.jpeg', 'imagenes_tecnocasa\\anuncio_300\\6.jpeg', 'imagenes_tecnocasa\\anuncio_300\\7.jpeg', 'imagenes_tecnocasa\\anuncio_300\\8.jpeg']",1,Popular,1880,0,0,0,piso,5,Embajadores,"Lavapiés - Embajadores, Madrid",40.4095856,-3.7029851,300,6666.666666666667,291.0,212.0,0.15000000000000002,0.2,2.0,0.0,otro,pintura,corredera,estándar (2.4-2.8m),nada,5.6,7.8,moderno,"['#FFFFFF', '#000000', '#808080']",buena,True,eficiente,limitado,ninguno,electrodomésticos premium,estándar,totalmente equipada,ninguno,7.6,7.0,ninguna,5
https://www.tecnocasa.es/venta/piso/madrid/valdemoro/618926.html,254800.0,3,119.0,2,"Agencia inmobiliaria de Valdemoro, Tecnocasa Estudio Las Tres Erres SL.
VENDE PISO en Valdemoro en zona centro, formado por salón-comedor que da acceso a una terraza acristalada, cocina totalmente equipada y espaciosa con salida a tendedero, cuarto de despensa, tres dormitorios que cuentan con un pequeño balcón y dos baños completos uno con ducha y otro con bañera (uno de ellos en suite).
La vivienda además cuenta con suelos de gres, armarios empotrados en todos los dormitorios y aire acondicionado en todas las estancias.

Plaza de garaje amplia y trastero incluido en el precio.
La urbanizacion cuenta con piscina y zonas verdes
La vivienda está en la zona centro con acceso a multitud de servicios, como la facilidad de entrada y salida a la población a través de la autovía, así como bien comunicada por la red de transportes del municipio y con zonas verdes alrededor.
No dude en llamarnos para concertar su cita para visitar el inmueble en la que además recibirá el asesoramiento gratuito de nuestro departamento financiero KÌRON.",0,1,1,1,0,1,0,1,0,1,"['https://cdn-media.medialabtc.it/es/agencies/md607/estates/618926/images/8935858/gallery_media.jpeg', 'https://cdn-media.medialabtc.it/es/agencies/md607/estates/618926/images/8935801/gallery_media.jpeg', 'https://cdn-media.medialabtc.it/es/agencies/md607/estates/618926/images/8935851/gallery_media.jpeg', 'https://cdn-media.medialabtc.it/es/agencies/md607/estates/618926/images/8935800/gallery_media.jpeg', 'https://cdn-media.medialabtc.it/es/agencies/md607/estates/618926/images/8935859/gallery_media.jpeg', 'https://cdn-media.medialabtc.it/es/agencies/md607/estates/618926/images/8935845/gallery_media.jpeg', 'https://cdn-media.medialabtc.it/es/agencies/md607/estates/618926/images/8935844/gallery_media.jpeg', 'https://cdn-media.medialabtc.it/es/agencies/md607/estates/618926/images/8935843/gallery_media.jpeg', 'https://cdn-media.medialabtc.it/es/agencies/md607/estates/618926/images/8935860/gallery_media.jpeg', 'https://cdn-media.medialabtc.it/es/agencies/md607/estates/618926/images/8935852/gallery_media.jpeg', 'https://cdn-media.medialabtc.it/es/agencies/md607/estates/618926/images/8935857/gallery_media.jpeg', 'https://cdn-media.medialabtc.it/es/agencies/md607/estates/618926/images/8935853/gallery_media.jpeg', 'https://cdn-media.medialabtc.it/es/agencies/md607/estates/618926/images/8935861/gallery_media.jpeg', 'https://cdn-media.medialabtc.it/es/agencies/md607/estates/618926/images/8935863/gallery_media.jpeg', 'https://cdn-media.medialabtc.it/es/agencies/md607/estates/618926/images/8936052/gallery_media.jpeg', 'https://cdn-media.medialabtc.it/es/agencies/md607/estates/618926/images/8935854/gallery_media.jpeg', 'https://cdn-media.medialabtc.it/es/agencies/md607/estates/618926/images/8935856/gallery_media.jpeg', 'https://cdn-media.medialabtc.it/es/agencies/md607/estates/618926/images/8935842/gallery_media.jpeg', 'https://cdn-media.medialabtc.it/es/agencies/md607/estates/618926/images/8935846/gallery_media.jpeg', 'https://cdn-media.medialabtc.it/es/agencies/md607/estates/618926/images/8935849/gallery_media.jpeg', 'https://cdn-media.medialabtc.it/es/agencies/md607/estates/618926/images/8936051/gallery_media.jpeg', 'https://cdn-media.medialabtc.it/es/agencies/md607/estates/618926/images/8935797/gallery_media.jpeg', 'https://cdn-media.medialabtc.it/es/agencies/md607/estates/618926/images/8935798/gallery_media.jpeg', 'https://cdn-media.medialabtc.it/es/agencies/md607/estates/618926/images/8935847/gallery_media.jpeg', 'https://cdn-media.medialabtc.it/es/agencies/md607/estates/618926/images/8935855/gallery_media.jpeg', 'https://cdn-media.medialabtc.it/es/agencies/md607/estates/618926/images/8935799/gallery_media.jpeg', 'https://cdn-media.medialabtc.it/es/agencies/md607/estates/618926/images/8935850/gallery_media.jpeg']",0,Desconocido,1,1,1,1,0,Desconocida,0,0,"['imagenes_tecnocasa\\anuncio_301\\0.jpeg', 'imagenes_tecnocasa\\anuncio_301\\1.jpeg', 'imagenes_tecnocasa\\anuncio_301\\2.jpeg', 'imagenes_tecnocasa\\anuncio_301\\3.jpeg', 'imagenes_tecnocasa\\anuncio_301\\4.jpeg', 'imagenes_tecnocasa\\anuncio_301\\5.jpeg', 'imagenes_tecnocasa\\anuncio_301\\6.jpeg', 'imagenes_tecnocasa\\anuncio_301\\7.jpeg', 'imagenes_tecnocasa\\anuncio_301\\8.jpeg', 'imagenes_tecnocasa\\anuncio_301\\9.jpeg', 'imagenes_tecnocasa\\anuncio_301\\10.jpeg', 'imagenes_tecnocasa\\anuncio_301\\11.jpeg', 'imagenes_tecnocasa\\anuncio_301\\12.jpeg', 'imagenes_tecnocasa\\anuncio_301\\13.jpeg', 'imagenes_tecnocasa\\anuncio_301\\14.jpeg', 'imagenes_tecnocasa\\anuncio_301\\15.jpeg', 'imagenes_tecnocasa\\anuncio_301\\16.jpeg', 'imagenes_tecnocasa\\anuncio_301\\17.jpeg', 'imagenes_tecnocasa\\anuncio_301\\18.jpeg', 'imagenes_tecnocasa\\anuncio_301\\19.jpeg', 'imagenes_tecnocasa\\anuncio_301\\20.jpeg', 'imagenes_tecnocasa\\anuncio_301\\21.jpeg', 'imagenes_tecnocasa\\anuncio_301\\22.jpeg', 'imagenes_tecnocasa\\anuncio_301\\23.jpeg', 'imagenes_tecnocasa\\anuncio_301\\24.jpeg', 'imagenes_tecnocasa\\anuncio_301\\25.jpeg', 'imagenes_tecnocasa\\anuncio_301\\26.jpeg']",0,Media,1996,0,0,0,piso,4,Valdemoro,Valdemoro,40.1888604,-3.67143,301,2141.176470588235,171.0,113.0,0.0,0.0,0.0,0.0,cerámica,pintura,corredera,estándar (2.4-2.8m),nada,3.2,3.2,convencional,"['#F2E2D5', '#A0522D', '#800000']",regular,False,convencional,limitado,ninguno,ninguno,estándar,básica,ninguno,5.8,4.8,ninguna,5
https://www.tecnocasa.es/venta/casa/madrid/valdemoro/616214.html,404150.0,3,187.0,3,"Agencia inmobiliaria de Valdemoro, Tecnocasa Estudio Las Tres Erres SL.
FANTÁSTICO Chalet en la zona Hispanoamérica.
La vivienda dispone de 3 plantas:
Planta baja formada por patio delantero con porche acristalado, entrada, aseo con ventana, salón-comedor independiente con aire acondicionado y acceso a patio, cocina totalmente amueblada.
Primera planta formada por tres habitaciones, baño completo con bañera. Habitación principal, con aire acondicionado, armario empotrado y con baño en suite completo con ventana.
Incluye una amplia plaza de garaje ubicada en el sótano de la vivienda, zonas comunes y piscina.
La vivienda tiene muy buenas calidades. Es muy luminosa gracias a los grandes ventanales. Dispone de aire acondicionado en salón y dos habitaciones, suelos de tarima y armarios empotrados en todas las habitaciones.
La vivienda está en una zona ya consolidada con acceso a multitud de servicios, como la facilidad de entrada y salida a la población a través de la autovía, así como bien comunicada por la red de transportes del municipio y con zonas verdes alrededor.
No dude en llamarnos para concertar su cita para visitar el inmueble en la que además recibirá el asesoramiento gratuito de nuestro departamento financiero KÌRON.",0,1,1,1,1,1,0,1,0,1,"['https://cdn-media.medialabtc.it/es/agencies/md607/estates/616214/images/8880805/gallery_media.jpeg', 'https://cdn-media.medialabtc.it/es/agencies/md607/estates/616214/images/8880808/gallery_media.jpeg', 'https://cdn-media.medialabtc.it/es/agencies/md607/estates/616214/images/8880780/gallery_media.jpeg', 'https://cdn-media.medialabtc.it/es/agencies/md607/estates/616214/images/8880776/gallery_media.jpeg', 'https://cdn-media.medialabtc.it/es/agencies/md607/estates/616214/images/8880779/gallery_media.jpeg', 'https://cdn-media.medialabtc.it/es/agencies/md607/estates/616214/images/8880800/gallery_media.jpeg', 'https://cdn-media.medialabtc.it/es/agencies/md607/estates/616214/images/8880793/gallery_media.jpeg', 'https://cdn-media.medialabtc.it/es/agencies/md607/estates/616214/images/8880778/gallery_media.jpeg', 'https://cdn-media.medialabtc.it/es/agencies/md607/estates/616214/images/8880773/gallery_media.jpeg', 'https://cdn-media.medialabtc.it/es/agencies/md607/estates/616214/images/8880801/gallery_media.jpeg', 'https://cdn-media.medialabtc.it/es/agencies/md607/estates/616214/images/8880794/gallery_media.jpeg', 'https://cdn-media.medialabtc.it/es/agencies/md607/estates/616214/images/8880796/gallery_media.jpeg', 'https://cdn-media.medialabtc.it/es/agencies/md607/estates/616214/images/8880781/gallery_media.jpeg', 'https://cdn-media.medialabtc.it/es/agencies/md607/estates/616214/images/8880784/gallery_media.jpeg', 'https://cdn-media.medialabtc.it/es/agencies/md607/estates/616214/images/8880791/gallery_media.jpeg', 'https://cdn-media.medialabtc.it/es/agencies/md607/estates/616214/images/8880788/gallery_media.jpeg', 'https://cdn-media.medialabtc.it/es/agencies/md607/estates/616214/images/8880783/gallery_media.jpeg', 'https://cdn-media.medialabtc.it/es/agencies/md607/estates/616214/images/8880787/gallery_media.jpeg', 'https://cdn-media.medialabtc.it/es/agencies/md607/estates/616214/images/8880809/gallery_media.jpeg', 'https://cdn-media.medialabtc.it/es/agencies/md607/estates/616214/images/8880803/gallery_media.jpeg', 'https://cdn-media.medialabtc.it/es/agencies/md607/estates/616214/images/8880797/gallery_media.jpeg', 'https://cdn-media.medialabtc.it/es/agencies/md607/estates/616214/images/8880795/gallery_media.jpeg', 'https://cdn-media.medialabtc.it/es/agencies/md607/estates/616214/images/8880786/gallery_media.jpeg', 'https://cdn-media.medialabtc.it/es/agencies/md607/estates/616214/images/8880775/gallery_media.jpeg', 'https://cdn-media.medialabtc.it/es/agencies/md607/estates/616214/images/8880806/gallery_media.jpeg', 'https://cdn-media.medialabtc.it/es/agencies/md607/estates/616214/images/8880790/gallery_media.jpeg', 'https://cdn-media.medialabtc.it/es/agencies/md607/estates/616214/images/8880799/gallery_media.jpeg', 'https://cdn-media.medialabtc.it/es/agencies/md607/estates/616214/images/8880792/gallery_media.jpeg', 'https://cdn-media.medialabtc.it/es/agencies/md607/estates/616214/images/8880798/gallery_media.jpeg', 'https://cdn-media.medialabtc.it/es/agencies/md607/estates/616214/images/8880774/gallery_media.jpeg']",0,Desconocido,1,0,1,0,0,Desconocida,0,0,"['imagenes_tecnocasa\\anuncio_302\\0.jpeg', 'imagenes_tecnocasa\\anuncio_302\\1.jpeg', 'imagenes_tecnocasa\\anuncio_302\\2.jpeg', 'imagenes_tecnocasa\\anuncio_302\\3.jpeg', 'imagenes_tecnocasa\\anuncio_302\\4.jpeg', 'imagenes_tecnocasa\\anuncio_302\\5.jpeg', 'imagenes_tecnocasa\\anuncio_302\\6.jpeg', 'imagenes_tecnocasa\\anuncio_302\\7.jpeg', 'imagenes_tecnocasa\\anuncio_302\\8.jpeg', 'imagenes_tecnocasa\\anuncio_302\\9.jpeg', 'imagenes_tecnocasa\\anuncio_302\\10.jpeg', 'imagenes_tecnocasa\\anuncio_302\\11.jpeg', 'imagenes_tecnocasa\\anuncio_302\\12.jpeg', 'imagenes_tecnocasa\\anuncio_302\\13.jpeg', 'imagenes_tecnocasa\\anuncio_302\\14.jpeg', 'imagenes_tecnocasa\\anuncio_302\\15.jpeg', 'imagenes_tecnocasa\\anuncio_302\\16.jpeg', 'imagenes_tecnocasa\\anuncio_302\\17.jpeg', 'imagenes_tecnocasa\\anuncio_302\\18.jpeg', 'imagenes_tecnocasa\\anuncio_302\\19.jpeg', 'imagenes_tecnocasa\\anuncio_302\\20.jpeg', 'imagenes_tecnocasa\\anuncio_302\\21.jpeg', 'imagenes_tecnocasa\\anuncio_302\\22.jpeg', 'imagenes_tecnocasa\\anuncio_302\\23.jpeg', 'imagenes_tecnocasa\\anuncio_302\\24.jpeg', 'imagenes_tecnocasa\\anuncio_302\\25.jpeg', 'imagenes_tecnocasa\\anuncio_302\\26.jpeg', 'imagenes_tecnocasa\\anuncio_302\\27.jpeg', 'imagenes_tecnocasa\\anuncio_302\\28.jpeg', 'imagenes_tecnocasa\\anuncio_302\\29.jpeg']",0,Media,1999,1,0,0,casa,2,Valdemoro,Valdemoro,40.1888604,-3.67143,302,2161.229946524064,192.0,129.0,0.0,0.0,0.0,0.0,parquet,pintura,corredera,estándar (2.4-2.8m),nada,4.2,3.8,convencional,"['#F2E8CF', '#A0522D', '#8B4513']",buena,False,convencional,limitado,ninguno,ninguno,estándar,parcialmente equipada,ninguno,6.4,5.8,ninguna,5
https://www.tecnocasa.es/venta/piso/madrid/getafe/620346.html,320000.0,3,107.0,2,"Agencia inmobiliaria Tecnocasa - zona El Bercial - vende piso con TRASTERO, TERRAZA y participación en el COMPLEJO DEPORTIVO SAN JORGE con PISCINA y PISTAS DEPORTIVAS en una de las mejores zonas de GETAFE.
La vivienda se distribuye en salón de 20m2 con acceso a terraza, cocina amplia con tendedero anexo, tres amplios dormitorios y dos cuartos de baño, ambos con bañera. Orientación sur.
La mancomunidad a la que pertenece esta vivienda, va a disfrutar de una rehabilitación completa de los edificios, que va a suponer la instalación de AEROTERMIA y PLACAS DE SOLARES (Sistema de regeneración de energía híbrido que reducirá un 20% el consumo), revestimiento COMPLETO y TOTAL de las fachadas, CUBIERTAS de los tejados rehechas por completo (Impermeabilizadas y con aislamiento), BAJANTES pluviales y fecales renovadas, RETIRADA de la uralita de los edificios y RENOVACIÓN COMPLETA de las tuberías generales de agua caliente.
En la zona encontrarás todo tipo de servicios, colegios e institutos, transporte público (línea 12 de MetroSur, línea C-4 de Cercanías Renfe y líneas de autobús), zonas comerciales, fácil acceso a carreteras A-42 y M-45.",1,1,1,0,1,1,0,1,1,1,"['https://cdn-media.medialabtc.it/es/agencies/md576/estates/620346/images/8980572/gallery_media.jpeg', 'https://cdn-media.medialabtc.it/es/agencies/md576/estates/620346/images/8980571/gallery_media.jpeg', 'https://cdn-media.medialabtc.it/es/agencies/md576/estates/620346/images/8980582/gallery_media.jpeg', 'https://cdn-media.medialabtc.it/es/agencies/md576/estates/620346/images/8980565/gallery_media.jpeg', 'https://cdn-media.medialabtc.it/es/agencies/md576/estates/620346/images/8980568/gallery_media.jpeg', 'https://cdn-media.medialabtc.it/es/agencies/md576/estates/620346/images/8980569/gallery_media.jpeg', 'https://cdn-media.medialabtc.it/es/agencies/md576/estates/620346/images/8980567/gallery_media.jpeg', 'https://cdn-media.medialabtc.it/es/agencies/md576/estates/620346/images/8980576/gallery_media.jpeg', 'https://cdn-media.medialabtc.it/es/agencies/md576/estates/620346/images/8980566/gallery_media.jpeg', 'https://cdn-media.medialabtc.it/es/agencies/md576/estates/620346/images/8980574/gallery_media.jpeg', 'https://cdn-media.medialabtc.it/es/agencies/md576/estates/620346/images/8980584/gallery_media.jpeg', 'https://cdn-media.medialabtc.it/es/agencies/md576/estates/620346/images/8980564/gallery_media.jpeg', 'https://cdn-media.medialabtc.it/es/agencies/md576/estates/620346/images/8980578/gallery_media.jpeg', 'https://cdn-media.medialabtc.it/es/agencies/md576/estates/620346/images/8980577/gallery_media.jpeg', 'https://cdn-media.medialabtc.it/es/agencies/md576/estates/620346/images/8980562/gallery_media.jpeg', 'https://cdn-media.medialabtc.it/es/agencies/md576/estates/620346/images/8980583/gallery_media.jpeg', 'https://cdn-media.medialabtc.it/es/agencies/md576/estates/620346/images/8980575/gallery_media.jpeg', 'https://cdn-media.medialabtc.it/es/agencies/md576/estates/620346/images/8980561/gallery_media.jpeg', 'https://cdn-media.medialabtc.it/es/agencies/md576/estates/620346/images/8980563/gallery_media.jpeg', 'https://cdn-media.medialabtc.it/es/agencies/md576/estates/620346/images/8980570/gallery_media.jpeg', 'https://cdn-media.medialabtc.it/es/agencies/md576/estates/620346/images/8980586/gallery_media.jpeg', 'https://cdn-media.medialabtc.it/es/agencies/md576/estates/620346/images/8980579/gallery_media.jpeg', 'https://cdn-media.medialabtc.it/es/agencies/md576/estates/620346/images/8980581/gallery_media.jpeg', 'https://cdn-media.medialabtc.it/es/agencies/md576/estates/620346/images/8980573/gallery_media.jpeg', 'https://cdn-media.medialabtc.it/es/agencies/md576/estates/620346/images/8980585/gallery_media.jpeg']",0,Desconocido,0,1,1,1,0,Desconocida,0,0,"['imagenes_tecnocasa\\anuncio_304\\0.jpeg', 'imagenes_tecnocasa\\anuncio_304\\1.jpeg', 'imagenes_tecnocasa\\anuncio_304\\2.jpeg', 'imagenes_tecnocasa\\anuncio_304\\3.jpeg', 'imagenes_tecnocasa\\anuncio_304\\4.jpeg', 'imagenes_tecnocasa\\anuncio_304\\5.jpeg', 'imagenes_tecnocasa\\anuncio_304\\6.jpeg', 'imagenes_tecnocasa\\anuncio_304\\7.jpeg', 'imagenes_tecnocasa\\anuncio_304\\8.jpeg', 'imagenes_tecnocasa\\anuncio_304\\9.jpeg', 'imagenes_tecnocasa\\anuncio_304\\10.jpeg', 'imagenes_tecnocasa\\anuncio_304\\11.jpeg', 'imagenes_tecnocasa\\anuncio_304\\12.jpeg', 'imagenes_tecnocasa\\anuncio_304\\13.jpeg', 'imagenes_tecnocasa\\anuncio_304\\14.jpeg', 'imagenes_tecnocasa\\anuncio_304\\15.jpeg', 'imagenes_tecnocasa\\anuncio_304\\16.jpeg', 'imagenes_tecnocasa\\anuncio_304\\17.jpeg', 'imagenes_tecnocasa\\anuncio_304\\18.jpeg', 'imagenes_tecnocasa\\anuncio_304\\19.jpeg', 'imagenes_tecnocasa\\anuncio_304\\20.jpeg', 'imagenes_tecnocasa\\anuncio_304\\21.jpeg', 'imagenes_tecnocasa\\anuncio_304\\22.jpeg', 'imagenes_tecnocasa\\anuncio_304\\23.jpeg', 'imagenes_tecnocasa\\anuncio_304\\24.jpeg']",0,Popular,1980,1,0,1,piso,3,Getafe,"El Bercial, Getafe",40.3070639,-3.7331808,304,2990.654205607477,181.0,126.0,0.0,0.75,1.0,0.0,cerámica,pintura,corredera,estándar (2.4-2.8m),nada,2.8,2.0,convencional,"['#D2B48C', '#A0522D', '#FFFFE0']",regular,False,convencional,limitado,ninguno,ninguno,estándar,básica,ninguno,5.6,6.2,ninguna,5
https://www.tecnocasa.es/venta/piso/madrid/madrid/620470.html,240000.0,2,57.0,1,"Inmobiliaria en Virgen de Begoña-Fuencarral Madrid - Tecnocasa Estudio Virgen De Begoña-Fuencarral Sl (REGISTRO DE AGENTES PROFESIONALES INMOBILIARIOS; RAIN Nº752/22).
Vende vivienda en la calle San Dacio, compuesta por 2 dormitorios (anteriormente 3), 1 cuarto de baño amplio, cocina amplia y salón.
Ubicado en la cuarta planta del edificio, sin ascensor. MUY LUMINOSO. Para entrar a vivir. (Posibilidad de hacer ascensor)
La finca cuenta con calefacción individual de gas natural.
Está muy bien situado al norte de Madrid, cercano al centro comercial La Vaguada y con buenas comunicaciones para vehículo propio, con acceso a M-30 por la calle San Modesto, cercano a la Avenida ilustración y M-11; transporte público con varias líneas de autobús (137, 124, 175, 178, N24,), metro línea 10 (BEGOÑA) y estación renfe cercanías Ramon y Cajal.",1,1,1,1,1,1,1,1,1,1,"['https://cdn-media.medialabtc.it/es/agencies/md072/estates/620470/images/8999726/gallery_media.jpeg', 'https://cdn-media.medialabtc.it/es/agencies/md072/estates/620470/images/8999722/gallery_media.jpeg', 'https://cdn-media.medialabtc.it/es/agencies/md072/estates/620470/images/8999661/gallery_media.jpeg', 'https://cdn-media.medialabtc.it/es/agencies/md072/estates/620470/images/8999483/gallery_media.jpeg', 'https://cdn-media.medialabtc.it/es/agencies/md072/estates/620470/images/8999723/gallery_media.jpeg', 'https://cdn-media.medialabtc.it/es/agencies/md072/estates/620470/images/8999475/gallery_media.jpeg', 'https://cdn-media.medialabtc.it/es/agencies/md072/estates/620470/images/8999474/gallery_media.jpeg', 'https://cdn-media.medialabtc.it/es/agencies/md072/estates/620470/images/8999476/gallery_media.jpeg', 'https://cdn-media.medialabtc.it/es/agencies/md072/estates/620470/images/8999481/gallery_media.jpeg', 'https://cdn-media.medialabtc.it/es/agencies/md072/estates/620470/images/8999482/gallery_media.jpeg', 'https://cdn-media.medialabtc.it/es/agencies/md072/estates/620470/images/8999725/gallery_media.jpeg', 'https://cdn-media.medialabtc.it/es/agencies/md072/estates/620470/images/8999724/gallery_media.jpeg', 'https://cdn-media.medialabtc.it/es/agencies/md072/estates/620470/images/8999480/gallery_media.jpeg', 'https://cdn-media.medialabtc.it/es/agencies/md072/estates/620470/images/8999477/gallery_media.jpeg', 'https://cdn-media.medialabtc.it/es/agencies/md072/estates/620470/images/8999728/gallery_media.jpeg', 'https://cdn-media.medialabtc.it/es/agencies/md072/estates/620470/images/8999727/gallery_media.jpeg', 'https://cdn-media.medialabtc.it/es/agencies/md072/estates/620470/images/8999485/gallery_media.jpeg']",0,Desconocido,0,0,0,0,0,Desconocida,0,0,"['imagenes_tecnocasa\\anuncio_305\\0.jpeg', 'imagenes_tecnocasa\\anuncio_305\\1.jpeg', 'imagenes_tecnocasa\\anuncio_305\\2.jpeg', 'imagenes_tecnocasa\\anuncio_305\\3.jpeg', 'imagenes_tecnocasa\\anuncio_305\\4.jpeg', 'imagenes_tecnocasa\\anuncio_305\\5.jpeg', 'imagenes_tecnocasa\\anuncio_305\\6.jpeg', 'imagenes_tecnocasa\\anuncio_305\\7.jpeg', 'imagenes_tecnocasa\\anuncio_305\\8.jpeg', 'imagenes_tecnocasa\\anuncio_305\\9.jpeg', 'imagenes_tecnocasa\\anuncio_305\\10.jpeg', 'imagenes_tecnocasa\\anuncio_305\\11.jpeg', 'imagenes_tecnocasa\\anuncio_305\\12.jpeg', 'imagenes_tecnocasa\\anuncio_305\\13.jpeg', 'imagenes_tecnocasa\\anuncio_305\\14.jpeg', 'imagenes_tecnocasa\\anuncio_305\\15.jpeg', 'imagenes_tecnocasa\\anuncio_305\\16.jpeg']",0,Popular,1960,0,0,0,piso,4,Fuencarral,"Fuencarral - Tres Olivos - Virgen De Begoña, Madrid",40.426213,-3.7009931,305,4210.526315789473,130.0,103.0,0.05,0.4,2.0,0.0,parquet,pintura,corredera,estándar (2.4-2.8m),nada,3.6,4.6,convencional,"['#F5F5DC', '#FFF8DC', '#FAEBD7']",buena,False,convencional,normal,ninguno,ninguno,estándar,básica,ninguno,6.6,6.4,ninguna,5
https://www.tecnocasa.es/venta/piso/madrid/madrid/586668.html,58000.0,2,45.0,1,"Agencia inmobiliaria de Madrid - Vallecas - Área San Diego VENDE la NUDA PROPIEDAD de una vivienda actualmente alquilada.
Existe la posibilidad de hacerse con el USUFRUCTO y consecuentemente del pleno dominio de la vivienda.
Para más información llame al 911 52 56 10",1,1,1,1,1,1,0,1,0,1,"['https://cdn-media.medialabtc.it/es/agencies/mdadc/estates/586668/images/8199000/gallery_media.jpeg', 'https://cdn-media.medialabtc.it/es/agencies/mdadc/estates/586668/images/8199004/gallery_media.jpeg', 'https://cdn-media.medialabtc.it/es/agencies/mdadc/estates/586668/images/8198999/gallery_media.jpeg', 'https://cdn-media.medialabtc.it/es/agencies/mdadc/estates/586668/images/8199011/gallery_media.jpeg', 'https://cdn-media.medialabtc.it/es/agencies/mdadc/estates/586668/images/8198998/gallery_media.jpeg', 'https://cdn-media.medialabtc.it/es/agencies/mdadc/estates/586668/images/8199009/gallery_media.jpeg', 'https://cdn-media.medialabtc.it/es/agencies/mdadc/estates/586668/images/8199005/gallery_media.jpeg', 'https://cdn-media.medialabtc.it/es/agencies/mdadc/estates/586668/images/8199010/gallery_media.jpeg', 'https://cdn-media.medialabtc.it/es/agencies/mdadc/estates/586668/images/8199006/gallery_media.jpeg', 'https://cdn-media.medialabtc.it/es/agencies/mdadc/estates/586668/images/8199003/gallery_media.jpeg', 'https://cdn-media.medialabtc.it/es/agencies/mdadc/estates/586668/images/8199002/gallery_media.jpeg', 'https://cdn-media.medialabtc.it/es/agencies/mdadc/estates/586668/images/8199001/gallery_media.jpeg', 'https://cdn-media.medialabtc.it/es/agencies/mdadc/estates/586668/images/8199007/gallery_media.jpeg', 'https://cdn-media.medialabtc.it/es/agencies/mdadc/estates/586668/images/8199008/gallery_media.jpeg']",0,Desconocido,0,0,0,0,0,Desconocida,0,0,"['imagenes_tecnocasa\\anuncio_306\\0.jpeg', 'imagenes_tecnocasa\\anuncio_306\\1.jpeg', 'imagenes_tecnocasa\\anuncio_306\\2.jpeg', 'imagenes_tecnocasa\\anuncio_306\\3.jpeg', 'imagenes_tecnocasa\\anuncio_306\\4.jpeg', 'imagenes_tecnocasa\\anuncio_306\\5.jpeg', 'imagenes_tecnocasa\\anuncio_306\\6.jpeg', 'imagenes_tecnocasa\\anuncio_306\\7.jpeg', 'imagenes_tecnocasa\\anuncio_306\\8.jpeg', 'imagenes_tecnocasa\\anuncio_306\\9.jpeg', 'imagenes_tecnocasa\\anuncio_306\\10.jpeg', 'imagenes_tecnocasa\\anuncio_306\\11.jpeg', 'imagenes_tecnocasa\\anuncio_306\\12.jpeg', 'imagenes_tecnocasa\\anuncio_306\\13.jpeg']",0,Popular,1955,0,0,0,piso,2,Madrid,"San Diego, Madrid",40.4167047,-3.7035825,306,1288.888888888889,44.0,38.0,0.0,0.0,0.0,0.0,cerámica,pintura,corredera,estándar (2.4-2.8m),nada,3.0,3.0,convencional,"['#F5F5DC', '#FFFFFF', '#D3D3D3']",regular,False,convencional,limitado,ninguno,ninguno,estándar,básica,ninguno,6.6,6.4,ninguna,5
https://www.tecnocasa.es/venta/piso/madrid/mostoles/618795.html,159000.0,2,57.0,1,"Agencia inmobiliaria de MÓSTOLES zona MÓSTOLES PRADILLO - CALLE LAS PALMAS - CORONEL DE PALMA - PAU Oficina Tecnocasa.
EN VENTA: ZONA Céntrico piso IDEAL PARA INVERSORES, actualmente alquilado. Su ubicación es ideal, con fácil acceso a servicios esenciales, transporte público, ya que la estación de Metro Pradillo se encuentra a escasos 50 metros y hay varias paradas de autobuses urbanos e interurbanos muy próximas, y zonas comerciales, lo que la convierte en una opción atractiva para invertir. La reforma realizada garantiza un espacio funcional y listo para habitar, lo que facilita su alquiler en un mercado siempre en demanda. Esta propiedad es una oportunidad para quienes buscan un hogar práctico y bien situado en Móstoles. Además, el edificio tiene la FACHADA REHABILITADA con sistema SATE.
La vivienda se distribuye en recibidor con puerta blindada, cocina REFORMADA, amplio salón, 2 dormitorios con armarios empotrados y cuarto de baño REFORMADO con plato de ducha. Todas las estancias tienen suelos de gres, calefacción y ventanas de aluminio dobles, incluyendo aire acondicionado en el salón y en el dormitorio principal.
Destaca por su privilegiada ubicación y su luminosidad. No dejes pasar la ocasión de conocer este piso que ofrece comodidad y conveniencia en un entorno urbano dinámico.",1,1,1,1,1,1,1,1,1,1,"['https://cdn-media.medialabtc.it/es/agencies/mdbm7/estates/618795/images/8924155/gallery_media.jpeg', 'https://cdn-media.medialabtc.it/es/agencies/mdbm7/estates/618795/images/8924157/gallery_media.jpeg', 'https://cdn-media.medialabtc.it/es/agencies/mdbm7/estates/618795/images/8958715/gallery_media.jpeg', 'https://cdn-media.medialabtc.it/es/agencies/mdbm7/estates/618795/images/8924150/gallery_media.jpeg', 'https://cdn-media.medialabtc.it/es/agencies/mdbm7/estates/618795/images/8924151/gallery_media.jpeg', 'https://cdn-media.medialabtc.it/es/agencies/mdbm7/estates/618795/images/8924156/gallery_media.jpeg', 'https://cdn-media.medialabtc.it/es/agencies/mdbm7/estates/618795/images/8924149/gallery_media.jpeg', 'https://cdn-media.medialabtc.it/es/agencies/mdbm7/estates/618795/images/8924159/gallery_media.jpeg', 'https://cdn-media.medialabtc.it/es/agencies/mdbm7/estates/618795/images/8924147/gallery_media.jpeg', 'https://cdn-media.medialabtc.it/es/agencies/mdbm7/estates/618795/images/8924144/gallery_media.jpeg', 'https://cdn-media.medialabtc.it/es/agencies/mdbm7/estates/618795/images/8958712/gallery_media.jpeg', 'https://cdn-media.medialabtc.it/es/agencies/mdbm7/estates/618795/images/8958714/gallery_media.jpeg', 'https://cdn-media.medialabtc.it/es/agencies/mdbm7/estates/618795/images/8958716/gallery_media.jpeg', 'https://cdn-media.medialabtc.it/es/agencies/mdbm7/estates/618795/images/8958713/gallery_media.jpeg', 'https://cdn-media.medialabtc.it/es/agencies/mdbm7/estates/618795/images/8924153/gallery_media.jpeg', 'https://cdn-media.medialabtc.it/es/agencies/mdbm7/estates/618795/images/8924145/gallery_media.jpeg', 'https://cdn-media.medialabtc.it/es/agencies/mdbm7/estates/618795/images/8924158/gallery_media.jpeg', 'https://cdn-media.medialabtc.it/es/agencies/mdbm7/estates/618795/images/8924146/gallery_media.jpeg', 'https://cdn-media.medialabtc.it/es/agencies/mdbm7/estates/618795/images/8924152/gallery_media.jpeg', 'https://cdn-media.medialabtc.it/es/agencies/mdbm7/estates/618795/images/8958711/gallery_media.jpeg']",0,Reformado,0,0,0,0,0,G,0,0,"['imagenes_tecnocasa\\anuncio_308\\0.jpeg', 'imagenes_tecnocasa\\anuncio_308\\1.jpeg', 'imagenes_tecnocasa\\anuncio_308\\2.jpeg', 'imagenes_tecnocasa\\anuncio_308\\3.jpeg', 'imagenes_tecnocasa\\anuncio_308\\4.jpeg', 'imagenes_tecnocasa\\anuncio_308\\5.jpeg', 'imagenes_tecnocasa\\anuncio_308\\6.jpeg', 'imagenes_tecnocasa\\anuncio_308\\7.jpeg', 'imagenes_tecnocasa\\anuncio_308\\8.jpeg', 'imagenes_tecnocasa\\anuncio_308\\9.jpeg', 'imagenes_tecnocasa\\anuncio_308\\10.jpeg', 'imagenes_tecnocasa\\anuncio_308\\11.jpeg', 'imagenes_tecnocasa\\anuncio_308\\12.jpeg', 'imagenes_tecnocasa\\anuncio_308\\13.jpeg', 'imagenes_tecnocasa\\anuncio_308\\14.jpeg', 'imagenes_tecnocasa\\anuncio_308\\15.jpeg', 'imagenes_tecnocasa\\anuncio_308\\16.jpeg', 'imagenes_tecnocasa\\anuncio_308\\17.jpeg', 'imagenes_tecnocasa\\anuncio_308\\18.jpeg', 'imagenes_tecnocasa\\anuncio_308\\19.jpeg']",1,Popular,1968,1,0,0,piso,1,Móstoles,Móstoles,40.3238525,-3.8649214,308,2789.4736842105262,204.0,152.0,0.9,1.0,3.0,1.0,otro,pintura,otro,estándar (2.4-2.8m),nada,2.4,3.2,convencional,"['#FFFFFF', '#A0A0A0', '#F0E68C']",regular,False,convencional,limitado,ninguno,ninguno,estándar,básica,ninguno,5.8,5.6,ninguna,5
https://www.tecnocasa.es/venta/piso/madrid/madrid/621302.html,420000.0,3,110.0,2,.,1,0,1,1,1,1,0,1,1,1,"['https://cdn-media.medialabtc.it/es/agencies/md046/estates/621302/images/8998918/gallery_media.jpeg', 'https://cdn-media.medialabtc.it/es/agencies/md046/estates/621302/images/8998908/gallery_media.jpeg', 'https://cdn-media.medialabtc.it/es/agencies/md046/estates/621302/images/8998929/gallery_media.jpeg', 'https://cdn-media.medialabtc.it/es/agencies/md046/estates/621302/images/8998920/gallery_media.jpeg', 'https://cdn-media.medialabtc.it/es/agencies/md046/estates/621302/images/8998906/gallery_media.jpeg', 'https://cdn-media.medialabtc.it/es/agencies/md046/estates/621302/images/8998907/gallery_media.jpeg', 'https://cdn-media.medialabtc.it/es/agencies/md046/estates/621302/images/8998923/gallery_media.jpeg', 'https://cdn-media.medialabtc.it/es/agencies/md046/estates/621302/images/8998922/gallery_media.jpeg', 'https://cdn-media.medialabtc.it/es/agencies/md046/estates/621302/images/8998917/gallery_media.jpeg', 'https://cdn-media.medialabtc.it/es/agencies/md046/estates/621302/images/8998915/gallery_media.jpeg', 'https://cdn-media.medialabtc.it/es/agencies/md046/estates/621302/images/8998910/gallery_media.jpeg', 'https://cdn-media.medialabtc.it/es/agencies/md046/estates/621302/images/8998921/gallery_media.jpeg', 'https://cdn-media.medialabtc.it/es/agencies/md046/estates/621302/images/8998905/gallery_media.jpeg', 'https://cdn-media.medialabtc.it/es/agencies/md046/estates/621302/images/8998925/gallery_media.jpeg', 'https://cdn-media.medialabtc.it/es/agencies/md046/estates/621302/images/8998927/gallery_media.jpeg', 'https://cdn-media.medialabtc.it/es/agencies/md046/estates/621302/images/8998919/gallery_media.jpeg', 'https://cdn-media.medialabtc.it/es/agencies/md046/estates/621302/images/8998904/gallery_media.jpeg', 'https://cdn-media.medialabtc.it/es/agencies/md046/estates/621302/images/8998912/gallery_media.jpeg', 'https://cdn-media.medialabtc.it/es/agencies/md046/estates/621302/images/8998909/gallery_media.jpeg', 'https://cdn-media.medialabtc.it/es/agencies/md046/estates/621302/images/8998916/gallery_media.jpeg', 'https://cdn-media.medialabtc.it/es/agencies/md046/estates/621302/images/8998913/gallery_media.jpeg', 'https://cdn-media.medialabtc.it/es/agencies/md046/estates/621302/images/8998930/gallery_media.jpeg', 'https://cdn-media.medialabtc.it/es/agencies/md046/estates/621302/images/8998914/gallery_media.jpeg', 'https://cdn-media.medialabtc.it/es/agencies/md046/estates/621302/images/8998928/gallery_media.jpeg', 'https://cdn-media.medialabtc.it/es/agencies/md046/estates/621302/images/8998924/gallery_media.jpeg', 'https://cdn-media.medialabtc.it/es/agencies/md046/estates/621302/images/8998911/gallery_media.jpeg', 'https://cdn-media.medialabtc.it/es/agencies/md046/estates/621302/images/8998926/gallery_media.jpeg']",0,Desconocido,0,0,0,0,0,E,0,0,"['imagenes_tecnocasa\\anuncio_309\\0.jpeg', 'imagenes_tecnocasa\\anuncio_309\\1.jpeg', 'imagenes_tecnocasa\\anuncio_309\\2.jpeg', 'imagenes_tecnocasa\\anuncio_309\\3.jpeg', 'imagenes_tecnocasa\\anuncio_309\\4.jpeg', 'imagenes_tecnocasa\\anuncio_309\\5.jpeg', 'imagenes_tecnocasa\\anuncio_309\\6.jpeg', 'imagenes_tecnocasa\\anuncio_309\\7.jpeg', 'imagenes_tecnocasa\\anuncio_309\\8.jpeg', 'imagenes_tecnocasa\\anuncio_309\\9.jpeg', 'imagenes_tecnocasa\\anuncio_309\\10.jpeg', 'imagenes_tecnocasa\\anuncio_309\\11.jpeg', 'imagenes_tecnocasa\\anuncio_309\\12.jpeg', 'imagenes_tecnocasa\\anuncio_309\\13.jpeg', 'imagenes_tecnocasa\\anuncio_309\\14.jpeg', 'imagenes_tecnocasa\\anuncio_309\\15.jpeg', 'imagenes_tecnocasa\\anuncio_309\\16.jpeg', 'imagenes_tecnocasa\\anuncio_309\\17.jpeg', 'imagenes_tecnocasa\\anuncio_309\\18.jpeg', 'imagenes_tecnocasa\\anuncio_309\\19.jpeg', 'imagenes_tecnocasa\\anuncio_309\\20.jpeg', 'imagenes_tecnocasa\\anuncio_309\\21.jpeg', 'imagenes_tecnocasa\\anuncio_309\\22.jpeg', 'imagenes_tecnocasa\\anuncio_309\\23.jpeg', 'imagenes_tecnocasa\\anuncio_309\\24.jpeg', 'imagenes_tecnocasa\\anuncio_309\\25.jpeg', 'imagenes_tecnocasa\\anuncio_309\\26.jpeg']",1,Popular,1970,0,0,1,piso,7,Madrid,Madrid,40.4167047,-3.7035825,309,3818.181818181818,1.0,1.0,0.0,0.0,0.0,0.0,parquet,pintura,ninguna,estándar (2.4-2.8m),nada,5.0,5.0,convencional,"['#FFFFFF', '#F2F2F2', '#E0E0E0']",buena,False,convencional,normal,ninguno,ninguno,estándar,parcialmente equipada,ninguno,8.0,7.0,ninguna,5
https://www.tecnocasa.es/venta/piso/madrid/alcala-de-henares/614303.html,315000.0,2,149.0,2,"AGENCIA INMOBILIARIA DE ALCALÁ DE HENARES, OFICINA DE TECNOCASA, VENDE EXCELENTE VIVIENDA EN CIUDAD 10.

¡Descubre tu nuevo hogar en una ubicación inmejorable!
Este magnífico piso de 149 m² construidos de los cuales 90 m² de vivienda, se encuentra en una zona que te ofrece todos los servicios a tu alcance, con acceso directo a la nacional A2 y paradas de autobús cercanas. La vivienda, ubicada en la planta 1 y con orientación Sur-Oeste, está diseñada para proporcionar el máximo confort y funcionalidad.

Al entrar, te recibirá un hall acogedor que da paso a un luminoso salón, perfecto para disfrutar de momentos en familia con acceso a una maravillosa terraza con vistas a las zonas comunes de la urbanización.
La cocina está completamente amueblada y equipada, lista para que prepares tus mejores recetas.
Dispone de dos dormitorios con armarios empotrados, ideales para mantener todo en orden, y dos cuartos de baño uno de estos en la suite principal.
El piso incluye una plaza de garaje y un trastero, ofreciendo espacio adicional para almacenamiento.
Las zonas comunes son un verdadero lujo: disfruta de la piscina comunitaria, las áreas ajardinadas y la pista de pádel.
El edificio cuenta con ascensor y es apto para personas con movilidad reducida, garantizando accesibilidad para todos.

Además, te ofrecemos la posibilidad de financiación hasta el 100% a través del departamento de intermediación financiera KIRON.

No pierdas la oportunidad de visitar este maravilloso piso sin compromiso. ¡Tu nuevo hogar te espera!",0,1,1,1,1,1,1,1,0,1,"['https://cdn-media.medialabtc.it/es/agencies/md582/estates/614303/images/8884880/gallery_media.jpeg', 'https://cdn-media.medialabtc.it/es/agencies/md582/estates/614303/images/8884889/gallery_media.jpeg', 'https://cdn-media.medialabtc.it/es/agencies/md582/estates/614303/images/8884895/gallery_media.jpeg', 'https://cdn-media.medialabtc.it/es/agencies/md582/estates/614303/images/8884893/gallery_media.jpeg', 'https://cdn-media.medialabtc.it/es/agencies/md582/estates/614303/images/8884879/gallery_media.jpeg', 'https://cdn-media.medialabtc.it/es/agencies/md582/estates/614303/images/8884872/gallery_media.jpeg', 'https://cdn-media.medialabtc.it/es/agencies/md582/estates/614303/images/8884874/gallery_media.jpeg', 'https://cdn-media.medialabtc.it/es/agencies/md582/estates/614303/images/8884884/gallery_media.jpeg', 'https://cdn-media.medialabtc.it/es/agencies/md582/estates/614303/images/8884877/gallery_media.jpeg', 'https://cdn-media.medialabtc.it/es/agencies/md582/estates/614303/images/8884878/gallery_media.jpeg', 'https://cdn-media.medialabtc.it/es/agencies/md582/estates/614303/images/8884876/gallery_media.jpeg', 'https://cdn-media.medialabtc.it/es/agencies/md582/estates/614303/images/8884888/gallery_media.jpeg', 'https://cdn-media.medialabtc.it/es/agencies/md582/estates/614303/images/8884894/gallery_media.jpeg', 'https://cdn-media.medialabtc.it/es/agencies/md582/estates/614303/images/8884892/gallery_media.jpeg', 'https://cdn-media.medialabtc.it/es/agencies/md582/estates/614303/images/8884882/gallery_media.jpeg', 'https://cdn-media.medialabtc.it/es/agencies/md582/estates/614303/images/8884886/gallery_media.jpeg', 'https://cdn-media.medialabtc.it/es/agencies/md582/estates/614303/images/8884891/gallery_media.jpeg', 'https://cdn-media.medialabtc.it/es/agencies/md582/estates/614303/images/8884890/gallery_media.jpeg', 'https://cdn-media.medialabtc.it/es/agencies/md582/estates/614303/images/8884881/gallery_media.jpeg', 'https://cdn-media.medialabtc.it/es/agencies/md582/estates/614303/images/8884883/gallery_media.jpeg', 'https://cdn-media.medialabtc.it/es/agencies/md582/estates/614303/images/8884870/gallery_media.jpeg', 'https://cdn-media.medialabtc.it/es/agencies/md582/estates/614303/images/8884873/gallery_media.jpeg', 'https://cdn-media.medialabtc.it/es/agencies/md582/estates/614303/images/8884885/gallery_media.jpeg', 'https://cdn-media.medialabtc.it/es/agencies/md582/estates/614303/images/8884887/gallery_media.jpeg', 'https://cdn-media.medialabtc.it/es/agencies/md582/estates/614303/images/8884875/gallery_media.jpeg', 'https://cdn-media.medialabtc.it/es/agencies/md582/estates/614303/images/8884871/gallery_media.jpeg']",1,Desconocido,1,1,1,1,0,E,0,0,"['imagenes_tecnocasa\\anuncio_310\\0.jpeg', 'imagenes_tecnocasa\\anuncio_310\\1.jpeg', 'imagenes_tecnocasa\\anuncio_310\\2.jpeg', 'imagenes_tecnocasa\\anuncio_310\\3.jpeg', 'imagenes_tecnocasa\\anuncio_310\\4.jpeg', 'imagenes_tecnocasa\\anuncio_310\\5.jpeg', 'imagenes_tecnocasa\\anuncio_310\\6.jpeg', 'imagenes_tecnocasa\\anuncio_310\\7.jpeg', 'imagenes_tecnocasa\\anuncio_310\\8.jpeg', 'imagenes_tecnocasa\\anuncio_310\\9.jpeg', 'imagenes_tecnocasa\\anuncio_310\\10.jpeg', 'imagenes_tecnocasa\\anuncio_310\\11.jpeg', 'imagenes_tecnocasa\\anuncio_310\\12.jpeg', 'imagenes_tecnocasa\\anuncio_310\\13.jpeg', 'imagenes_tecnocasa\\anuncio_310\\14.jpeg', 'imagenes_tecnocasa\\anuncio_310\\15.jpeg', 'imagenes_tecnocasa\\anuncio_310\\16.jpeg', 'imagenes_tecnocasa\\anuncio_310\\17.jpeg', 'imagenes_tecnocasa\\anuncio_310\\18.jpeg', 'imagenes_tecnocasa\\anuncio_310\\19.jpeg', 'imagenes_tecnocasa\\anuncio_310\\20.jpeg', 'imagenes_tecnocasa\\anuncio_310\\21.jpeg', 'imagenes_tecnocasa\\anuncio_310\\22.jpeg', 'imagenes_tecnocasa\\anuncio_310\\23.jpeg', 'imagenes_tecnocasa\\anuncio_310\\24.jpeg', 'imagenes_tecnocasa\\anuncio_310\\25.jpeg']",1,Señorial,2004,1,0,1,piso,2,Alcalá de Henares,"Ciudad 10, Alcalá De Henares",40.481954,-3.363981,310,2114.0939597315437,244.0,164.0,0.0,0.0,1.0,0.0,parquet,pintura,corredera,estándar (2.4-2.8m),nada,5.0,5.0,moderno,"['#F2E8CF', '#A0522D', '#8B4513']",buena,False,convencional,normal,ninguno,ninguno,estándar,parcialmente equipada,ninguno,7.2,7.2,ninguna,5
https://www.tecnocasa.es/venta/casa/madrid/getafe/609110.html,539000.0,4,252.0,3,"Agencia inmobiliaria Tecnocasa de Getafe - zona Norte - vende CHALET PAREADO con PISCINA PRIVADA. La vivienda se distribuye en cuatro plantas. Una planta sótano con garaje para TRES vehículos y lavandería. En la planta baja se encuentra un amplio salón independiente con salida a la terraza y al patio de 40m2 donde se encuentra la piscina, cocina con zona office y aseo. En la primera planta tenemos cuatro amplios dormitorios con armarios empotrados, dos cuartos de baño completos, uno de ellos en suite. Por último, la vivienda cuenta con una buhardilla de 34m2 con armarios empotrados a ambos lados. Dobles ventanas correderas de aluminio blanco con cristal climalit y rejas, suelos en gres en planta baja, parquet en primera planta y tarima en buhardilla. Cuenta con A/A en toda la vivienda y calefacción por gas natural. En la zona encontrarás todo tipo de servicios, colegios e institutos, transporte público (línea 12 de MetroSur y líneas de autobús), centro comercial, fácil acceso a carreteras M-45, M-402 y A-42.",1,1,1,0,1,0,1,1,0,1,"['https://cdn-media.medialabtc.it/es/agencies/mdbw6/estates/609110/images/8996387/gallery_media.jpeg', 'https://cdn-media.medialabtc.it/es/agencies/mdbw6/estates/609110/images/8996347/gallery_media.jpeg', 'https://cdn-media.medialabtc.it/es/agencies/mdbw6/estates/609110/images/8996353/gallery_media.jpeg', 'https://cdn-media.medialabtc.it/es/agencies/mdbw6/estates/609110/images/8996384/gallery_media.jpeg', 'https://cdn-media.medialabtc.it/es/agencies/mdbw6/estates/609110/images/8996355/gallery_media.jpeg', 'https://cdn-media.medialabtc.it/es/agencies/mdbw6/estates/609110/images/8996380/gallery_media.jpeg', 'https://cdn-media.medialabtc.it/es/agencies/mdbw6/estates/609110/images/8996383/gallery_media.jpeg', 'https://cdn-media.medialabtc.it/es/agencies/mdbw6/estates/609110/images/8996348/gallery_media.jpeg', 'https://cdn-media.medialabtc.it/es/agencies/mdbw6/estates/609110/images/8996345/gallery_media.jpeg', 'https://cdn-media.medialabtc.it/es/agencies/mdbw6/estates/609110/images/8996381/gallery_media.jpeg', 'https://cdn-media.medialabtc.it/es/agencies/mdbw6/estates/609110/images/8996388/gallery_media.jpeg', 'https://cdn-media.medialabtc.it/es/agencies/mdbw6/estates/609110/images/8996350/gallery_media.jpeg', 'https://cdn-media.medialabtc.it/es/agencies/mdbw6/estates/609110/images/8996378/gallery_media.jpeg', 'https://cdn-media.medialabtc.it/es/agencies/mdbw6/estates/609110/images/8996385/gallery_media.jpeg', 'https://cdn-media.medialabtc.it/es/agencies/mdbw6/estates/609110/images/8996352/gallery_media.jpeg', 'https://cdn-media.medialabtc.it/es/agencies/mdbw6/estates/609110/images/8996354/gallery_media.jpeg', 'https://cdn-media.medialabtc.it/es/agencies/mdbw6/estates/609110/images/8996379/gallery_media.jpeg', 'https://cdn-media.medialabtc.it/es/agencies/mdbw6/estates/609110/images/8996344/gallery_media.jpeg', 'https://cdn-media.medialabtc.it/es/agencies/mdbw6/estates/609110/images/8996349/gallery_media.jpeg', 'https://cdn-media.medialabtc.it/es/agencies/mdbw6/estates/609110/images/8996346/gallery_media.jpeg', 'https://cdn-media.medialabtc.it/es/agencies/mdbw6/estates/609110/images/8996343/gallery_media.jpeg', 'https://cdn-media.medialabtc.it/es/agencies/mdbw6/estates/609110/images/8996356/gallery_media.jpeg', 'https://cdn-media.medialabtc.it/es/agencies/mdbw6/estates/609110/images/8996351/gallery_media.jpeg', 'https://cdn-media.medialabtc.it/es/agencies/mdbw6/estates/609110/images/8996357/gallery_media.jpeg', 'https://cdn-media.medialabtc.it/es/agencies/mdbw6/estates/609110/images/8996386/gallery_media.jpeg', 'https://cdn-media.medialabtc.it/es/agencies/mdbw6/estates/609110/images/8996382/gallery_media.jpeg']",0,Desconocido,1,0,1,1,0,E,0,0,"['imagenes_tecnocasa\\anuncio_311\\0.jpeg', 'imagenes_tecnocasa\\anuncio_311\\1.jpeg', 'imagenes_tecnocasa\\anuncio_311\\2.jpeg', 'imagenes_tecnocasa\\anuncio_311\\3.jpeg', 'imagenes_tecnocasa\\anuncio_311\\4.jpeg', 'imagenes_tecnocasa\\anuncio_311\\5.jpeg', 'imagenes_tecnocasa\\anuncio_311\\6.jpeg', 'imagenes_tecnocasa\\anuncio_311\\7.jpeg', 'imagenes_tecnocasa\\anuncio_311\\8.jpeg', 'imagenes_tecnocasa\\anuncio_311\\9.jpeg', 'imagenes_tecnocasa\\anuncio_311\\10.jpeg', 'imagenes_tecnocasa\\anuncio_311\\11.jpeg', 'imagenes_tecnocasa\\anuncio_311\\12.jpeg', 'imagenes_tecnocasa\\anuncio_311\\13.jpeg', 'imagenes_tecnocasa\\anuncio_311\\14.jpeg', 'imagenes_tecnocasa\\anuncio_311\\15.jpeg', 'imagenes_tecnocasa\\anuncio_311\\16.jpeg', 'imagenes_tecnocasa\\anuncio_311\\17.jpeg', 'imagenes_tecnocasa\\anuncio_311\\18.jpeg', 'imagenes_tecnocasa\\anuncio_311\\19.jpeg', 'imagenes_tecnocasa\\anuncio_311\\20.jpeg', 'imagenes_tecnocasa\\anuncio_311\\21.jpeg', 'imagenes_tecnocasa\\anuncio_311\\22.jpeg', 'imagenes_tecnocasa\\anuncio_311\\23.jpeg', 'imagenes_tecnocasa\\anuncio_311\\24.jpeg', 'imagenes_tecnocasa\\anuncio_311\\25.jpeg']",1,Popular,2000,1,0,0,casa,2,Getafe,"Getafe Norte, Getafe",40.3070639,-3.7331808,311,2138.8888888888887,168.0,114.0,0.1,0.4,1.0,0.0,cerámica,pintura,otro,estándar (2.4-2.8m),nada,3.4,3.6,clásico,"['#D2B48C', '#966F33', '#F5F5DC']",regular,False,convencional,normal,ninguno,ninguno,estándar,básica,ninguno,6.6,6.4,ninguna,5
https://www.tecnocasa.es/venta/piso/madrid/san-sebastian-de-los-reyes/619106.html,355000.0,2,65.0,2,"Agencia inmobiliaria de San Sebastián De Los Reyes zona Centro Tecnocasa ESTUDIO INMOBILIARIO MONUMENTO A LOS TOROS SL. , ofrece en exclusiva en zona de LA DEHESA VIEJA:


Piso con ASCENSOR en venta muy luminoso en el exclusivo barrio de la Dehesa Vieja próximo al metro de INFANTA SOFIA; San Sebastián de los Reyes; consta de dos (2) dormitorios, un (1) baño, cocina independiente, un amplio salón, una terraza tendedero, trastero y garaje.
La vivienda cuenta con un cómodo pasillo distribuidor con armario empotrado, a la izquierda de este encontraremos el cuarto de baño con bañera y el dormitorio principal con armario empotrado y vistas al exterior, seguidamente tenemos una amplia cocina que nos da paso una terraza tendedero, para ir finalizando a la derecha del mismo pasillo hayamos el segundo dormitorio con armario empotrado y para terminar tenemos un amplio salón que goza de una magnifica luz.
Entre las calidades de la vivienda se encuentran: La gran Luminosidad de la vivienda, recibiendo luz natural en todas las estancias, ventanas de PVC Climalit, suelos de tarima, calefacción independiente por gas natural, plaza de Garaje y trastero, entre otras.
Ubicado en una excelente zona con todos los comercios y servicios básicos muy próximos, como supermercados, restaurantes, el polideportivo de la Dehesa Boyal, estaciones de autobuses, próximo a la estación de metro de Infanta Sofía (Final de la Línea 10) y Renfe de Alcobendas-San Sebastián de los Reyes.

Consulte nuestras posibilidades de hipotecas al 100% con nuestro departamento financiero Kìron.",1,1,1,1,1,1,1,1,0,1,"['https://cdn-media.medialabtc.it/es/agencies/md535/estates/619106/images/8942015/gallery_media.jpeg', 'https://cdn-media.medialabtc.it/es/agencies/md535/estates/619106/images/8942022/gallery_media.jpeg', 'https://cdn-media.medialabtc.it/es/agencies/md535/estates/619106/images/8942009/gallery_media.jpeg', 'https://cdn-media.medialabtc.it/es/agencies/md535/estates/619106/images/8942008/gallery_media.jpeg', 'https://cdn-media.medialabtc.it/es/agencies/md535/estates/619106/images/8942023/gallery_media.jpeg', 'https://cdn-media.medialabtc.it/es/agencies/md535/estates/619106/images/8942010/gallery_media.jpeg', 'https://cdn-media.medialabtc.it/es/agencies/md535/estates/619106/images/8942012/gallery_media.jpeg', 'https://cdn-media.medialabtc.it/es/agencies/md535/estates/619106/images/8942020/gallery_media.jpeg', 'https://cdn-media.medialabtc.it/es/agencies/md535/estates/619106/images/8942025/gallery_media.jpeg', 'https://cdn-media.medialabtc.it/es/agencies/md535/estates/619106/images/8942006/gallery_media.jpeg', 'https://cdn-media.medialabtc.it/es/agencies/md535/estates/619106/images/8942021/gallery_media.jpeg', 'https://cdn-media.medialabtc.it/es/agencies/md535/estates/619106/images/8942013/gallery_media.jpeg', 'https://cdn-media.medialabtc.it/es/agencies/md535/estates/619106/images/8942016/gallery_media.jpeg', 'https://cdn-media.medialabtc.it/es/agencies/md535/estates/619106/images/8942007/gallery_media.jpeg', 'https://cdn-media.medialabtc.it/es/agencies/md535/estates/619106/images/8942026/gallery_media.jpeg', 'https://cdn-media.medialabtc.it/es/agencies/md535/estates/619106/images/8942018/gallery_media.jpeg', 'https://cdn-media.medialabtc.it/es/agencies/md535/estates/619106/images/8942011/gallery_media.jpeg', 'https://cdn-media.medialabtc.it/es/agencies/md535/estates/619106/images/8942024/gallery_media.jpeg', 'https://cdn-media.medialabtc.it/es/agencies/md535/estates/619106/images/8942014/gallery_media.jpeg', 'https://cdn-media.medialabtc.it/es/agencies/md535/estates/619106/images/8942017/gallery_media.jpeg', 'https://cdn-media.medialabtc.it/es/agencies/md535/estates/619106/images/8942019/gallery_media.jpeg']",1,Desconocido,1,1,0,1,0,Desconocida,0,0,"['imagenes_tecnocasa\\anuncio_312\\0.jpeg', 'imagenes_tecnocasa\\anuncio_312\\1.jpeg', 'imagenes_tecnocasa\\anuncio_312\\2.jpeg', 'imagenes_tecnocasa\\anuncio_312\\3.jpeg', 'imagenes_tecnocasa\\anuncio_312\\4.jpeg', 'imagenes_tecnocasa\\anuncio_312\\5.jpeg', 'imagenes_tecnocasa\\anuncio_312\\6.jpeg', 'imagenes_tecnocasa\\anuncio_312\\7.jpeg', 'imagenes_tecnocasa\\anuncio_312\\8.jpeg', 'imagenes_tecnocasa\\anuncio_312\\9.jpeg', 'imagenes_tecnocasa\\anuncio_312\\10.jpeg', 'imagenes_tecnocasa\\anuncio_312\\11.jpeg', 'imagenes_tecnocasa\\anuncio_312\\12.jpeg', 'imagenes_tecnocasa\\anuncio_312\\13.jpeg', 'imagenes_tecnocasa\\anuncio_312\\14.jpeg', 'imagenes_tecnocasa\\anuncio_312\\15.jpeg', 'imagenes_tecnocasa\\anuncio_312\\16.jpeg', 'imagenes_tecnocasa\\anuncio_312\\17.jpeg', 'imagenes_tecnocasa\\anuncio_312\\18.jpeg', 'imagenes_tecnocasa\\anuncio_312\\19.jpeg', 'imagenes_tecnocasa\\anuncio_312\\20.jpeg']",0,Popular,2007,0,0,0,piso,3,San Sebastián de los Reyes,San Sebastián De Los Reyes,40.5473698,-3.6260586,312,5461.538461538462,248.0,161.0,0.06666666666666667,0.6,3.0,0.0,cerámica,pintura,otro,estándar (2.4-2.8m),nada,2.8,3.6,convencional,"['#F5F5DC', '#FFF8DC', '#FAEBD7']",regular,False,convencional,limitado,ninguno,ninguno,estándar,básica,ninguno,6.0,6.2,ninguna,5
https://www.tecnocasa.es/venta/piso/madrid/san-sebastian-de-los-reyes/619260.html,215000.0,2,47.0,1,"Agencia inmobiliaria de SAN SEBASTIÁN DE LOS REYES zona CENTRO - Oficina Tecnocasa

¡Descubre tu nuevo hogar en este encantador piso en planta baja! Con una superficie de 47 m² construidos, este inmueble ofrece un espacio ideal para disfrutar de la comodidad y tranquilidad que buscas. Cuenta con dos dormitorios, siendo el principal de 12 m², El salón exterior es independiente y está diseñado para aprovechar al máximo la luz natural, creando un ambiente cálido y acogedor.

El baño completo, equipado con bañera. Además, este piso incluye un práctico trastero en la misma finca de 14m2, lo que proporciona un espacio adicional para almacenamiento. La buena ventilación y el suelo de parquet añaden un toque especial a cada rincón de la vivienda.

Ubicado en una de las mejores calles de la zona, disfrutarás de la tranquilidad que ofrece, sin renunciar a la cercanía con todo lo que necesitas. A solo unos pasos de la estación de metro 'Reyes Católicos' y bien comunicado con varias líneas de autobuses, la movilidad es excelente. También estarás cerca del centro de salud y rodeado de mercados y establecimientos, lo que facilita tu día a día.

No pierdas la oportunidad de visitar este piso que, aunque requiere algunas reformas, tiene un gran potencial y se encuentra en una ubicación privilegiada, muy cerca del Hospital Infanta Sofía y la nueva zona de San Sebastián de los Reyes. ¡Ven a verlo y hazlo tuyo!

Posibilidad de financiación 100% con nuestro departamento financiero KIRON. '.",1,1,1,0,0,1,0,1,1,1,"['https://cdn-media.medialabtc.it/es/agencies/md506/estates/619260/images/8980608/gallery_media.jpeg', 'https://cdn-media.medialabtc.it/es/agencies/md506/estates/619260/images/8980610/gallery_media.jpeg', 'https://cdn-media.medialabtc.it/es/agencies/md506/estates/619260/images/8980613/gallery_media.jpeg', 'https://cdn-media.medialabtc.it/es/agencies/md506/estates/619260/images/8980606/gallery_media.jpeg', 'https://cdn-media.medialabtc.it/es/agencies/md506/estates/619260/images/8980611/gallery_media.jpeg', 'https://cdn-media.medialabtc.it/es/agencies/md506/estates/619260/images/8980612/gallery_media.jpeg', 'https://cdn-media.medialabtc.it/es/agencies/md506/estates/619260/images/8980605/gallery_media.jpeg', 'https://cdn-media.medialabtc.it/es/agencies/md506/estates/619260/images/8980607/gallery_media.jpeg', 'https://cdn-media.medialabtc.it/es/agencies/md506/estates/619260/images/8980604/gallery_media.jpeg', 'https://cdn-media.medialabtc.it/es/agencies/md506/estates/619260/images/8980609/gallery_media.jpeg']",0,Desconocido,0,1,0,0,0,G,1,0,"['imagenes_tecnocasa\\anuncio_314\\0.jpeg', 'imagenes_tecnocasa\\anuncio_314\\1.jpeg', 'imagenes_tecnocasa\\anuncio_314\\2.jpeg', 'imagenes_tecnocasa\\anuncio_314\\3.jpeg', 'imagenes_tecnocasa\\anuncio_314\\4.jpeg', 'imagenes_tecnocasa\\anuncio_314\\5.jpeg', 'imagenes_tecnocasa\\anuncio_314\\6.jpeg', 'imagenes_tecnocasa\\anuncio_314\\7.jpeg', 'imagenes_tecnocasa\\anuncio_314\\8.jpeg', 'imagenes_tecnocasa\\anuncio_314\\9.jpeg']",0,Popular,1970,0,0,0,piso,3,San Sebastián de los Reyes,San Sebastián De Los Reyes,40.5473698,-3.6260586,314,4574.468085106383,247.0,170.0,0.5125,0.7,0.0,1.0,cerámica,pintura,corredera,estándar (2.4-2.8m),nada,3.8,4.8,convencional,"['#F5F5DC', '#A0522D', '#808080']",buena,False,convencional,normal,ninguno,ninguno,estándar,básica,ninguno,7.0,6.4,ninguna,5
https://www.tecnocasa.es/venta/casa/madrid/becerril-de-la-sierra/609252.html,499000.0,4,269.0,5,"Agencia inmobiliaria Tecnocasa de Becerril de la Sierra vende en exclusiva - fabuloso chalet de esquina en la prestigiosa urbanización Montellano. Este chalet pareado te ofrece una localización excepcional ya que tiene entrada por dos calles, con orientación sur-este y vistas espectaculares a La Maliciosa y Bola del Mundo.
Es una vivienda con mucho encanto y cada rincón sorprende más de lo que se puede mostrar en fotos. Una casa que hay que experimentar.

La vivienda consta de 3 plantas. En la planta baja encontramos una zona de servicio independiente dotada con 1 dormitorio y 1 cuarto de baño completo. También cuenta con una cocina amplia y totalmente equipada, un aseo para dar servicio a los invitados y un amplio y luminoso salón con chimenea y acceso al jardín.
En la primera planta encontramos el dormitorio principal con baño en suite y armarios empotrados, 2 dormitorios amplios ambos con armarios empotrados y un baño completo.
En la segunda planta nos encontramos con una fabulosa bohardilla con chimenea que está siendo usada de home cinema, con muchas posibilidades que se puede usar como dormitorio.
En la parte de fuera tenemos un amplio jardín con porche y una estancia de 50m muy espaciosa, acristalada, con barra de bar, chimenea y un aseo independiente ideal para organizar fiestas y eventos con toda la familia.
La urbanización es privada y cuenta con seguridad 24 horas, zonas verdes comunitarias, club social con Bar/Restaurante, piscina e instalaciones deportivas, pistas de tenis, pistas de pádel y campo de fútbol, parque infantil, así como acceso a la Sierra de Guadarrama, proporcionando un entorno seguro y natural para toda la familia, ideal para desconectar de la ciudad.
POSIBILIDAD DE FINANCIACIÓN AL 100% DE TU PRÉSTAMO HIPOTECARIO",0,0,1,0,0,0,0,0,0,0,"['https://cdn-media.medialabtc.it/es/agencies/md634/estates/609252/images/8732873/gallery_media.jpeg', 'https://cdn-media.medialabtc.it/es/agencies/md634/estates/609252/images/8732897/gallery_media.jpeg', 'https://cdn-media.medialabtc.it/es/agencies/md634/estates/609252/images/8732877/gallery_media.jpeg', 'https://cdn-media.medialabtc.it/es/agencies/md634/estates/609252/images/8732864/gallery_media.jpeg', 'https://cdn-media.medialabtc.it/es/agencies/md634/estates/609252/images/8732870/gallery_media.jpeg', 'https://cdn-media.medialabtc.it/es/agencies/md634/estates/609252/images/8707786/gallery_media.jpeg', 'https://cdn-media.medialabtc.it/es/agencies/md634/estates/609252/images/8732895/gallery_media.jpeg', 'https://cdn-media.medialabtc.it/es/agencies/md634/estates/609252/images/8732884/gallery_media.jpeg', 'https://cdn-media.medialabtc.it/es/agencies/md634/estates/609252/images/8707784/gallery_media.jpeg', 'https://cdn-media.medialabtc.it/es/agencies/md634/estates/609252/images/8732894/gallery_media.jpeg', 'https://cdn-media.medialabtc.it/es/agencies/md634/estates/609252/images/8732878/gallery_media.jpeg', 'https://cdn-media.medialabtc.it/es/agencies/md634/estates/609252/images/8732868/gallery_media.jpeg', 'https://cdn-media.medialabtc.it/es/agencies/md634/estates/609252/images/8732872/gallery_media.jpeg', 'https://cdn-media.medialabtc.it/es/agencies/md634/estates/609252/images/8732888/gallery_media.jpeg', 'https://cdn-media.medialabtc.it/es/agencies/md634/estates/609252/images/8732874/gallery_media.jpeg', 'https://cdn-media.medialabtc.it/es/agencies/md634/estates/609252/images/8732887/gallery_media.jpeg', 'https://cdn-media.medialabtc.it/es/agencies/md634/estates/609252/images/8732882/gallery_media.jpeg', 'https://cdn-media.medialabtc.it/es/agencies/md634/estates/609252/images/8732880/gallery_media.jpeg', 'https://cdn-media.medialabtc.it/es/agencies/md634/estates/609252/images/8732892/gallery_media.jpeg', 'https://cdn-media.medialabtc.it/es/agencies/md634/estates/609252/images/8707783/gallery_media.jpeg', 'https://cdn-media.medialabtc.it/es/agencies/md634/estates/609252/images/8732891/gallery_media.jpeg', 'https://cdn-media.medialabtc.it/es/agencies/md634/estates/609252/images/8732875/gallery_media.jpeg', 'https://cdn-media.medialabtc.it/es/agencies/md634/estates/609252/images/8732886/gallery_media.jpeg', 'https://cdn-media.medialabtc.it/es/agencies/md634/estates/609252/images/8707789/gallery_media.jpeg', 'https://cdn-media.medialabtc.it/es/agencies/md634/estates/609252/images/8732883/gallery_media.jpeg', 'https://cdn-media.medialabtc.it/es/agencies/md634/estates/609252/images/8732879/gallery_media.jpeg', 'https://cdn-media.medialabtc.it/es/agencies/md634/estates/609252/images/8732893/gallery_media.jpeg', 'https://cdn-media.medialabtc.it/es/agencies/md634/estates/609252/images/8732876/gallery_media.jpeg', 'https://cdn-media.medialabtc.it/es/agencies/md634/estates/609252/images/8732896/gallery_media.jpeg']",1,Desconocido,0,0,1,0,1,E,0,0,"['imagenes_tecnocasa\\anuncio_317\\0.jpeg', 'imagenes_tecnocasa\\anuncio_317\\1.jpeg', 'imagenes_tecnocasa\\anuncio_317\\2.jpeg', 'imagenes_tecnocasa\\anuncio_317\\3.jpeg', 'imagenes_tecnocasa\\anuncio_317\\4.jpeg', 'imagenes_tecnocasa\\anuncio_317\\5.jpeg', 'imagenes_tecnocasa\\anuncio_317\\6.jpeg', 'imagenes_tecnocasa\\anuncio_317\\7.jpeg', 'imagenes_tecnocasa\\anuncio_317\\8.jpeg', 'imagenes_tecnocasa\\anuncio_317\\9.jpeg', 'imagenes_tecnocasa\\anuncio_317\\10.jpeg', 'imagenes_tecnocasa\\anuncio_317\\11.jpeg', 'imagenes_tecnocasa\\anuncio_317\\12.jpeg', 'imagenes_tecnocasa\\anuncio_317\\13.jpeg', 'imagenes_tecnocasa\\anuncio_317\\14.jpeg', 'imagenes_tecnocasa\\anuncio_317\\15.jpeg', 'imagenes_tecnocasa\\anuncio_317\\16.jpeg', 'imagenes_tecnocasa\\anuncio_317\\17.jpeg', 'imagenes_tecnocasa\\anuncio_317\\18.jpeg', 'imagenes_tecnocasa\\anuncio_317\\19.jpeg', 'imagenes_tecnocasa\\anuncio_317\\20.jpeg', 'imagenes_tecnocasa\\anuncio_317\\21.jpeg', 'imagenes_tecnocasa\\anuncio_317\\22.jpeg', 'imagenes_tecnocasa\\anuncio_317\\23.jpeg', 'imagenes_tecnocasa\\anuncio_317\\24.jpeg', 'imagenes_tecnocasa\\anuncio_317\\25.jpeg', 'imagenes_tecnocasa\\anuncio_317\\26.jpeg', 'imagenes_tecnocasa\\anuncio_317\\27.jpeg', 'imagenes_tecnocasa\\anuncio_317\\28.jpeg']",0,Señorial,1988,0,1,0,casa,2,Becerril de la Sierra,Becerril De La Sierra,40.7163374,-3.9890681,317,1855.018587360595,287.0,177.0,0.4833333333333334,0.6166666666666667,2.0,1.0,cerámica,pintura,otro,estándar (2.4-2.8m),nada,3.6,4.8,convencional,"['#F5F5DC', '#FFE4C4', '#FAEBD7']",buena,False,convencional,limitado,ninguno,ninguno,estándar,básica,ninguno,7.0,6.4,leve,5
https://www.tecnocasa.es/venta/piso/madrid/mostoles/620146.html,315000.0,4,107.0,2,"Agencia Inmobiliaria TECNOCASA ZONA LIBERTAD, vende PISO PARA ENTRAR A VIVIR EN LA ZONA ESTORIL I, 107 m2 construidos fuente catastro, SEGUNDA PLANTA CON ASCENSOR. Compuesta por entrada, salón con acceso a terraza, cocina, 4 dormitorios, 2 baños con PLATO DE DUCHA Y PISCINA COMUNITARIA

VIVIENDA de RENTA LIBRE. EDIFICIO CON ASCENSOR DE 1974.

CALEFACCION CENTRAL (INCLUIDA EN LAS CUOTAS DE COMUNIDAD)

Piso REFORMADO EN TOTALIDAD, suelos de TARIMA, ventanas CLIMALIT con rotura de puente térmico, VIVIENDA CON MUCHA CLARIDAD.

La vivienda está situada en una zona ya consolidada con multitud de servicios como farmacias, colegios, institutos, supermercados, parques, hospitales.. . etc alrededor y bien comunicada por la red de transportes del municipio como paradas de autobús, RENFE MOSTOLES-EL SOTO y línea de metro 12.

No dude en llamarnos para concertar su cita para visitar el inmueble en la que además recibirá el asesoramiento gratuito de nuestro departamento financiero KÌRON. FINANCIACION 100%.",1,1,1,1,0,1,0,1,1,1,"['https://cdn-media.medialabtc.it/es/agencies/md587/estates/620146/images/8972090/gallery_media.jpeg', 'https://cdn-media.medialabtc.it/es/agencies/md587/estates/620146/images/8972082/gallery_media.jpeg', 'https://cdn-media.medialabtc.it/es/agencies/md587/estates/620146/images/8972084/gallery_media.jpeg', 'https://cdn-media.medialabtc.it/es/agencies/md587/estates/620146/images/8972018/gallery_media.jpeg', 'https://cdn-media.medialabtc.it/es/agencies/md587/estates/620146/images/8972085/gallery_media.jpeg', 'https://cdn-media.medialabtc.it/es/agencies/md587/estates/620146/images/8972019/gallery_media.jpeg', 'https://cdn-media.medialabtc.it/es/agencies/md587/estates/620146/images/8972087/gallery_media.jpeg', 'https://cdn-media.medialabtc.it/es/agencies/md587/estates/620146/images/8972091/gallery_media.jpeg', 'https://cdn-media.medialabtc.it/es/agencies/md587/estates/620146/images/8972092/gallery_media.jpeg', 'https://cdn-media.medialabtc.it/es/agencies/md587/estates/620146/images/8972089/gallery_media.jpeg', 'https://cdn-media.medialabtc.it/es/agencies/md587/estates/620146/images/8972093/gallery_media.jpeg', 'https://cdn-media.medialabtc.it/es/agencies/md587/estates/620146/images/8972088/gallery_media.jpeg', 'https://cdn-media.medialabtc.it/es/agencies/md587/estates/620146/images/8972086/gallery_media.jpeg', 'https://cdn-media.medialabtc.it/es/agencies/md587/estates/620146/images/8972020/gallery_media.jpeg', 'https://cdn-media.medialabtc.it/es/agencies/md587/estates/620146/images/8972021/gallery_media.jpeg', 'https://cdn-media.medialabtc.it/es/agencies/md587/estates/620146/images/8972017/gallery_media.jpeg', 'https://cdn-media.medialabtc.it/es/agencies/md587/estates/620146/images/8972083/gallery_media.jpeg']",0,Reformado,0,0,1,1,0,Desconocida,0,0,"['imagenes_tecnocasa\\anuncio_320\\0.jpeg', 'imagenes_tecnocasa\\anuncio_320\\1.jpeg', 'imagenes_tecnocasa\\anuncio_320\\2.jpeg', 'imagenes_tecnocasa\\anuncio_320\\3.jpeg', 'imagenes_tecnocasa\\anuncio_320\\4.jpeg', 'imagenes_tecnocasa\\anuncio_320\\5.jpeg', 'imagenes_tecnocasa\\anuncio_320\\6.jpeg', 'imagenes_tecnocasa\\anuncio_320\\7.jpeg', 'imagenes_tecnocasa\\anuncio_320\\8.jpeg', 'imagenes_tecnocasa\\anuncio_320\\9.jpeg', 'imagenes_tecnocasa\\anuncio_320\\10.jpeg', 'imagenes_tecnocasa\\anuncio_320\\11.jpeg', 'imagenes_tecnocasa\\anuncio_320\\12.jpeg', 'imagenes_tecnocasa\\anuncio_320\\13.jpeg', 'imagenes_tecnocasa\\anuncio_320\\14.jpeg', 'imagenes_tecnocasa\\anuncio_320\\15.jpeg', 'imagenes_tecnocasa\\anuncio_320\\16.jpeg']",0,Popular,1974,1,0,0,piso,2,Móstoles,"Norte, Móstoles",40.3238525,-3.8649214,320,2943.92523364486,152.0,126.0,0.0,0.125,1.0,0.0,parquet,pintura,corredera,estándar (2.4-2.8m),nada,3.8,5.6,moderno,"['#FFFFFF', '#D3D3D3', '#000000']",regular,True,convencional,limitado,ninguno,ninguno,estándar,básica,ninguno,6.4,6.6,leve,5
https://www.tecnocasa.es/venta/piso/madrid/parla/607125.html,180000.0,3,77.0,1,"Agencia inmobiliaria de PARLA - Oficina Tecnocasa VENDE PISO TOTALMENTE REFORMADO, situado C/Jaime I El Conquistador, zona Reyes, cercano a al Tranvía, supermercados, colegios e institutos.
+ Fachadas del edificio revestidas con monocapa
+ Situado en una 3ª planta
+ Amplio salón con paso a la terraza
+ Terraza cerrada
+ Cocina/comedor con paso al tendedero
+ Baño con plato de ducha y ventana
+ 3 dormitorios (principal con armario empotrado)
+ Suelos de tarima y gres
+ Calefacción gas natural en toda la vivienda
+ Aire acondicionado en el salón
REFORMA INTEGRAL 2023
+ Tuberías y electricidad actualizadas
+ Ventanas y puertas cambiadas
+ Suelos
+ Paredes en liso
+ Molduras de escayola en el salón
+ Cocina actualizada totalmente con encimera de mármol
El piso se caracteriza por su buena distribución, excelente ubicación y sobre todo por su AMPLITUD.
ZONA REYES - LAS AMÉRICAS
El piso en venta se ubica en zona de Reyes, rodeada de una amplia variedad de comercios, tales como galerías de alimentación, restauración y textil. También cuenta con colegios e institutos cercanos.
El inmueble tiene cerca paradas de autobuses y el Tranvía de Parla.
TECNOCASA, red inmobiliaria líder en el sector con más de 30 años de experiencia, presente en más de 11 países, 900 oficinas a nivel nacional y con 400 oficinas en la Comunidad de Madrid.
Realizamos valoraciones de su hogar totalmente gratuitas; gestionamos el proceso de post-venta (tanto para comprador como para el vendedor); además, les daremos toda la información que necesiten sobre hipotecas, les ayudaremos a tramitar herencias, certificados, cambios de titularidad, plusvalías, permiso de venta, etc.
Contamos con la colaboración del departamento de financiación de KÍRON, su experto intermediario que le asesorará gratuitamente sin ningún compromiso.
Nuestros servicios:
- Hipoteca “primera vivienda”.
- Hipoteca “cambio de vivienda”.
- Hipoteca 100%.
Disponemos de las mejores viviendas del mercado.
NO DUDE EN VISITARNOS.",0,0,1,1,1,1,0,1,1,1,"['https://cdn-media.medialabtc.it/es/agencies/md621/estates/607125/images/8690268/gallery_media.jpeg', 'https://cdn-media.medialabtc.it/es/agencies/md621/estates/607125/images/8690329/gallery_media.jpeg', 'https://cdn-media.medialabtc.it/es/agencies/md621/estates/607125/images/8690324/gallery_media.jpeg', 'https://cdn-media.medialabtc.it/es/agencies/md621/estates/607125/images/8690326/gallery_media.jpeg', 'https://cdn-media.medialabtc.it/es/agencies/md621/estates/607125/images/8690333/gallery_media.jpeg', 'https://cdn-media.medialabtc.it/es/agencies/md621/estates/607125/images/8690335/gallery_media.jpeg', 'https://cdn-media.medialabtc.it/es/agencies/md621/estates/607125/images/8690336/gallery_media.jpeg', 'https://cdn-media.medialabtc.it/es/agencies/md621/estates/607125/images/8690274/gallery_media.jpeg', 'https://cdn-media.medialabtc.it/es/agencies/md621/estates/607125/images/8690276/gallery_media.jpeg', 'https://cdn-media.medialabtc.it/es/agencies/md621/estates/607125/images/8690267/gallery_media.jpeg', 'https://cdn-media.medialabtc.it/es/agencies/md621/estates/607125/images/8690330/gallery_media.jpeg', 'https://cdn-media.medialabtc.it/es/agencies/md621/estates/607125/images/8690332/gallery_media.jpeg', 'https://cdn-media.medialabtc.it/es/agencies/md621/estates/607125/images/8690323/gallery_media.jpeg', 'https://cdn-media.medialabtc.it/es/agencies/md621/estates/607125/images/8690334/gallery_media.jpeg', 'https://cdn-media.medialabtc.it/es/agencies/md621/estates/607125/images/8690322/gallery_media.jpeg', 'https://cdn-media.medialabtc.it/es/agencies/md621/estates/607125/images/8690325/gallery_media.jpeg', 'https://cdn-media.medialabtc.it/es/agencies/md621/estates/607125/images/8690328/gallery_media.jpeg', 'https://cdn-media.medialabtc.it/es/agencies/md621/estates/607125/images/8690331/gallery_media.jpeg', 'https://cdn-media.medialabtc.it/es/agencies/md621/estates/607125/images/8690273/gallery_media.jpeg', 'https://cdn-media.medialabtc.it/es/agencies/md621/estates/607125/images/8690271/gallery_media.jpeg', 'https://cdn-media.medialabtc.it/es/agencies/md621/estates/607125/images/8690277/gallery_media.jpeg', 'https://cdn-media.medialabtc.it/es/agencies/md621/estates/607125/images/8690278/gallery_media.jpeg', 'https://cdn-media.medialabtc.it/es/agencies/md621/estates/607125/images/8690280/gallery_media.jpeg', 'https://cdn-media.medialabtc.it/es/agencies/md621/estates/607125/images/8690327/gallery_media.jpeg', 'https://cdn-media.medialabtc.it/es/agencies/md621/estates/607125/images/8690272/gallery_media.jpeg', 'https://cdn-media.medialabtc.it/es/agencies/md621/estates/607125/images/8690269/gallery_media.jpeg', 'https://cdn-media.medialabtc.it/es/agencies/md621/estates/607125/images/8690270/gallery_media.jpeg', 'https://cdn-media.medialabtc.it/es/agencies/md621/estates/607125/images/8690279/gallery_media.jpeg']",0,Reformado,0,0,0,1,0,E,0,0,"['imagenes_tecnocasa\\anuncio_322\\0.jpeg', 'imagenes_tecnocasa\\anuncio_322\\1.jpeg', 'imagenes_tecnocasa\\anuncio_322\\2.jpeg', 'imagenes_tecnocasa\\anuncio_322\\3.jpeg', 'imagenes_tecnocasa\\anuncio_322\\4.jpeg', 'imagenes_tecnocasa\\anuncio_322\\5.jpeg', 'imagenes_tecnocasa\\anuncio_322\\6.jpeg', 'imagenes_tecnocasa\\anuncio_322\\7.jpeg', 'imagenes_tecnocasa\\anuncio_322\\8.jpeg', 'imagenes_tecnocasa\\anuncio_322\\9.jpeg', 'imagenes_tecnocasa\\anuncio_322\\10.jpeg', 'imagenes_tecnocasa\\anuncio_322\\11.jpeg', 'imagenes_tecnocasa\\anuncio_322\\12.jpeg', 'imagenes_tecnocasa\\anuncio_322\\13.jpeg', 'imagenes_tecnocasa\\anuncio_322\\14.jpeg', 'imagenes_tecnocasa\\anuncio_322\\15.jpeg', 'imagenes_tecnocasa\\anuncio_322\\16.jpeg', 'imagenes_tecnocasa\\anuncio_322\\17.jpeg', 'imagenes_tecnocasa\\anuncio_322\\18.jpeg', 'imagenes_tecnocasa\\anuncio_322\\19.jpeg', 'imagenes_tecnocasa\\anuncio_322\\20.jpeg', 'imagenes_tecnocasa\\anuncio_322\\21.jpeg', 'imagenes_tecnocasa\\anuncio_322\\22.jpeg', 'imagenes_tecnocasa\\anuncio_322\\23.jpeg', 'imagenes_tecnocasa\\anuncio_322\\24.jpeg', 'imagenes_tecnocasa\\anuncio_322\\25.jpeg', 'imagenes_tecnocasa\\anuncio_322\\26.jpeg', 'imagenes_tecnocasa\\anuncio_322\\27.jpeg']",1,Señorial,1975,1,0,0,piso,3,Parla,Parla,40.2373952,-3.7718902,322,2337.6623376623374,312.0,200.0,0.05,0.2,2.0,0.0,parquet,pintura,corredera,estándar (2.4-2.8m),nada,4.0,4.8,convencional,"['#F2E9E1', '#A0A0A0', '#595959']",buena,True,convencional,limitado,ninguno,ninguno,estándar,básica,ninguno,6.4,6.6,ninguna,5
https://www.tecnocasa.es/venta/piso/madrid/parla/618882.html,161000.0,3,72.0,1,"Agencia inmobiliaria de PARLA - Oficina Parla Reyes - Centro - La Laguna Oficina Tecnocasa VENDE PISO REFORMADO CON ASCENSOR, se encuentra en zona de Reyes, cercano al centro de salud 'Isabel II', colegios e institutos y centro comercial 'El Ferial'.
+ Situado en una 2ª planta CON ASCENSOR
+ Estado: REFORMADO
+ Salón con terraza añadida
+ Cocina con paso al lavadero/tendedero
+ 3 dormitorios
+ Baño actualizado completo con ventana
+ Aire acondicionado en el salón (bomba calor/frio)
+ Calefacción eléctrica
REFORMA
+ Puertas cambiadas
+ Tuberías e instalación eléctrica actualizada
+ Suelo nuevos en la mitad de la vivienda
+ Paredes en liso en casi la totalidad del piso
+ Termo eléctrico nuevo
El piso se caracteriza por su buena distribución y excelente ubicación.
ZONA REYES
El piso en venta se ubica en zona de Reyes, rodeada de una amplia variedad de comercios, tales como galerías de alimentación, restauración y textil. También está cercano al centro de salud, farmacias, biblioteca municipal “Gloria Fuertes” bancos y cajeros, colegios, institutos, y grandes zonas verdes con parques infantiles.
TECNOCASA, red inmobiliaria líder en el sector con más de 30 años de experiencia, presente en más de 11 países, 900 oficinas a nivel nacional y con 400 oficinas en la Comunidad de Madrid.
Realizamos valoraciones de su hogar totalmente gratuitas; gestionamos el proceso de post-venta (tanto para comprador como para el vendedor); además, les daremos toda la información que necesiten sobre hipotecas, les ayudaremos a tramitar herencias, certificados, cambios de titularidad, plusvalías, permiso de venta, etc.
Contamos con la colaboración del departamento de financiación de KÍRON, su experto intermediario que le asesorará gratuitamente sin ningún compromiso.
Nuestros servicios:
- Hipoteca “primera vivienda”.
- Hipoteca “cambio de vivienda”.
- Hipoteca 100%.
Disponemos de las mejores viviendas del mercado.
NO DUDE EN VISITARNOS.",0,1,1,1,1,1,0,1,1,1,"['https://cdn-media.medialabtc.it/es/agencies/md621/estates/618882/images/8996656/gallery_media.jpeg', 'https://cdn-media.medialabtc.it/es/agencies/md621/estates/618882/images/8996661/gallery_media.jpeg', 'https://cdn-media.medialabtc.it/es/agencies/md621/estates/618882/images/8996654/gallery_media.jpeg', 'https://cdn-media.medialabtc.it/es/agencies/md621/estates/618882/images/8996665/gallery_media.jpeg', 'https://cdn-media.medialabtc.it/es/agencies/md621/estates/618882/images/8996649/gallery_media.jpeg', 'https://cdn-media.medialabtc.it/es/agencies/md621/estates/618882/images/8996644/gallery_media.jpeg', 'https://cdn-media.medialabtc.it/es/agencies/md621/estates/618882/images/8996648/gallery_media.jpeg', 'https://cdn-media.medialabtc.it/es/agencies/md621/estates/618882/images/8996662/gallery_media.jpeg', 'https://cdn-media.medialabtc.it/es/agencies/md621/estates/618882/images/8996642/gallery_media.jpeg', 'https://cdn-media.medialabtc.it/es/agencies/md621/estates/618882/images/8996653/gallery_media.jpeg', 'https://cdn-media.medialabtc.it/es/agencies/md621/estates/618882/images/8996660/gallery_media.jpeg', 'https://cdn-media.medialabtc.it/es/agencies/md621/estates/618882/images/8996658/gallery_media.jpeg', 'https://cdn-media.medialabtc.it/es/agencies/md621/estates/618882/images/8996647/gallery_media.jpeg', 'https://cdn-media.medialabtc.it/es/agencies/md621/estates/618882/images/8996657/gallery_media.jpeg', 'https://cdn-media.medialabtc.it/es/agencies/md621/estates/618882/images/8996619/gallery_media.jpeg', 'https://cdn-media.medialabtc.it/es/agencies/md621/estates/618882/images/8996645/gallery_media.jpeg', 'https://cdn-media.medialabtc.it/es/agencies/md621/estates/618882/images/8996659/gallery_media.jpeg', 'https://cdn-media.medialabtc.it/es/agencies/md621/estates/618882/images/8996646/gallery_media.jpeg', 'https://cdn-media.medialabtc.it/es/agencies/md621/estates/618882/images/8996620/gallery_media.jpeg', 'https://cdn-media.medialabtc.it/es/agencies/md621/estates/618882/images/8996663/gallery_media.jpeg', 'https://cdn-media.medialabtc.it/es/agencies/md621/estates/618882/images/8996643/gallery_media.jpeg', 'https://cdn-media.medialabtc.it/es/agencies/md621/estates/618882/images/8996652/gallery_media.jpeg', 'https://cdn-media.medialabtc.it/es/agencies/md621/estates/618882/images/8996664/gallery_media.jpeg', 'https://cdn-media.medialabtc.it/es/agencies/md621/estates/618882/images/8996621/gallery_media.jpeg', 'https://cdn-media.medialabtc.it/es/agencies/md621/estates/618882/images/8996650/gallery_media.jpeg', 'https://cdn-media.medialabtc.it/es/agencies/md621/estates/618882/images/8996651/gallery_media.jpeg']",0,Reformado,0,0,0,1,0,E,0,0,"['imagenes_tecnocasa\\anuncio_323\\0.jpeg', 'imagenes_tecnocasa\\anuncio_323\\1.jpeg', 'imagenes_tecnocasa\\anuncio_323\\2.jpeg', 'imagenes_tecnocasa\\anuncio_323\\3.jpeg', 'imagenes_tecnocasa\\anuncio_323\\4.jpeg', 'imagenes_tecnocasa\\anuncio_323\\5.jpeg', 'imagenes_tecnocasa\\anuncio_323\\6.jpeg', 'imagenes_tecnocasa\\anuncio_323\\7.jpeg', 'imagenes_tecnocasa\\anuncio_323\\8.jpeg', 'imagenes_tecnocasa\\anuncio_323\\9.jpeg', 'imagenes_tecnocasa\\anuncio_323\\10.jpeg', 'imagenes_tecnocasa\\anuncio_323\\11.jpeg', 'imagenes_tecnocasa\\anuncio_323\\12.jpeg', 'imagenes_tecnocasa\\anuncio_323\\13.jpeg', 'imagenes_tecnocasa\\anuncio_323\\14.jpeg', 'imagenes_tecnocasa\\anuncio_323\\15.jpeg', 'imagenes_tecnocasa\\anuncio_323\\16.jpeg', 'imagenes_tecnocasa\\anuncio_323\\17.jpeg', 'imagenes_tecnocasa\\anuncio_323\\18.jpeg', 'imagenes_tecnocasa\\anuncio_323\\19.jpeg', 'imagenes_tecnocasa\\anuncio_323\\20.jpeg', 'imagenes_tecnocasa\\anuncio_323\\21.jpeg', 'imagenes_tecnocasa\\anuncio_323\\22.jpeg', 'imagenes_tecnocasa\\anuncio_323\\23.jpeg', 'imagenes_tecnocasa\\anuncio_323\\24.jpeg', 'imagenes_tecnocasa\\anuncio_323\\25.jpeg']",1,Señorial,1974,1,0,1,piso,2,Parla,Parla,40.2373952,-3.7718902,323,2236.1111111111113,300.0,201.0,0.0,0.0,1.0,0.0,parquet,pintura,corredera,estándar (2.4-2.8m),nada,4.0,4.6,convencional,"['#FFFFFF', '#F2E0D3', '#FFD700']",buena,False,convencional,normal,ninguno,ninguno,estándar,básica,ninguno,6.4,6.6,ninguna,5
https://www.tecnocasa.es/venta/piso/madrid/coslada/621885.html,172000.0,3,68.0,1,"Agencia inmobiliaria Tecnocasa Coslada zona Coslada Pueblo, Barrio Del Puerto Tecnocasa Estudio Nuevo Coslada Pueblo
EN VENTA: Descubre esta acogedora vivienda con una ubicación inmejorable a pocos minutos de la estación de renfe de COSLADA PUEBLO. La vivienda se encuentra en la calle Travesía del Curtidor. Ideal para quienes buscan un hogar cómodo y bien ubicado. Este piso de 68 m2 ofrece un espacio funcional con TRES dormitorios luminosos, perfecto para familias o para quienes necesitan espacio adicional para una oficina en casa. La propiedad cuenta con un baño completo con PLATO DE DUCHA y ventana. Cocina totalmente EQUIPADA. Cuenta con un gran SALÓN-COMEDOR muy luminoso con unas vistas inmejorables y salida a TERRAZA cerrada acristalada. Cuenta con ASCENSOR y AIRE ACONDICIONADO en el salón y la habitación principal. Cuenta con calefacción ELÉCTRICA y el agua por TERMO.
Este hogar combina el encanto de su época con las comodidades modernas. La distribución del piso permite aprovechar al máximo cada metro cuadrado, ofreciendo un ambiente cálido y acogedor. Su ubicación en Coslada proporciona fácil acceso a servicios, transporte público y áreas comerciales, haciendo de esta propiedad una opción práctica para el día a día. No pierdas la oportunidad de visitar este piso y descubrir todo lo que tiene para ofrecer. Contáctanos para más información y para agendar una visita.
¡No dejes pasar esta oportunidad de tener tu propio hogar en una ubicación privilegiada!",1,0,1,1,1,1,0,1,1,1,"['https://cdn-media.medialabtc.it/es/agencies/md615/estates/621885/images/8998403/gallery_media.jpeg', 'https://cdn-media.medialabtc.it/es/agencies/md615/estates/621885/images/8998381/gallery_media.jpeg', 'https://cdn-media.medialabtc.it/es/agencies/md615/estates/621885/images/8998394/gallery_media.jpeg', 'https://cdn-media.medialabtc.it/es/agencies/md615/estates/621885/images/8998393/gallery_media.jpeg', 'https://cdn-media.medialabtc.it/es/agencies/md615/estates/621885/images/8998398/gallery_media.jpeg', 'https://cdn-media.medialabtc.it/es/agencies/md615/estates/621885/images/8998390/gallery_media.jpeg', 'https://cdn-media.medialabtc.it/es/agencies/md615/estates/621885/images/8998402/gallery_media.jpeg', 'https://cdn-media.medialabtc.it/es/agencies/md615/estates/621885/images/8998391/gallery_media.jpeg', 'https://cdn-media.medialabtc.it/es/agencies/md615/estates/621885/images/8998389/gallery_media.jpeg', 'https://cdn-media.medialabtc.it/es/agencies/md615/estates/621885/images/8998387/gallery_media.jpeg', 'https://cdn-media.medialabtc.it/es/agencies/md615/estates/621885/images/8998396/gallery_media.jpeg', 'https://cdn-media.medialabtc.it/es/agencies/md615/estates/621885/images/8998382/gallery_media.jpeg', 'https://cdn-media.medialabtc.it/es/agencies/md615/estates/621885/images/8998383/gallery_media.jpeg', 'https://cdn-media.medialabtc.it/es/agencies/md615/estates/621885/images/8998404/gallery_media.jpeg', 'https://cdn-media.medialabtc.it/es/agencies/md615/estates/621885/images/8998392/gallery_media.jpeg', 'https://cdn-media.medialabtc.it/es/agencies/md615/estates/621885/images/8998399/gallery_media.jpeg', 'https://cdn-media.medialabtc.it/es/agencies/md615/estates/621885/images/8998401/gallery_media.jpeg', 'https://cdn-media.medialabtc.it/es/agencies/md615/estates/621885/images/8998395/gallery_media.jpeg', 'https://cdn-media.medialabtc.it/es/agencies/md615/estates/621885/images/8998385/gallery_media.jpeg', 'https://cdn-media.medialabtc.it/es/agencies/md615/estates/621885/images/8998397/gallery_media.jpeg', 'https://cdn-media.medialabtc.it/es/agencies/md615/estates/621885/images/8998384/gallery_media.jpeg', 'https://cdn-media.medialabtc.it/es/agencies/md615/estates/621885/images/8998388/gallery_media.jpeg', 'https://cdn-media.medialabtc.it/es/agencies/md615/estates/621885/images/8998400/gallery_media.jpeg', 'https://cdn-media.medialabtc.it/es/agencies/md615/estates/621885/images/8998386/gallery_media.jpeg']",1,Desconocido,0,0,0,1,0,E,0,0,"['imagenes_tecnocasa\\anuncio_324\\0.jpeg', 'imagenes_tecnocasa\\anuncio_324\\1.jpeg', 'imagenes_tecnocasa\\anuncio_324\\2.jpeg', 'imagenes_tecnocasa\\anuncio_324\\3.jpeg', 'imagenes_tecnocasa\\anuncio_324\\4.jpeg', 'imagenes_tecnocasa\\anuncio_324\\5.jpeg', 'imagenes_tecnocasa\\anuncio_324\\6.jpeg', 'imagenes_tecnocasa\\anuncio_324\\7.jpeg', 'imagenes_tecnocasa\\anuncio_324\\8.jpeg', 'imagenes_tecnocasa\\anuncio_324\\9.jpeg', 'imagenes_tecnocasa\\anuncio_324\\10.jpeg', 'imagenes_tecnocasa\\anuncio_324\\11.jpeg', 'imagenes_tecnocasa\\anuncio_324\\12.jpeg', 'imagenes_tecnocasa\\anuncio_324\\13.jpeg', 'imagenes_tecnocasa\\anuncio_324\\14.jpeg', 'imagenes_tecnocasa\\anuncio_324\\15.jpeg', 'imagenes_tecnocasa\\anuncio_324\\16.jpeg', 'imagenes_tecnocasa\\anuncio_324\\17.jpeg', 'imagenes_tecnocasa\\anuncio_324\\18.jpeg', 'imagenes_tecnocasa\\anuncio_324\\19.jpeg', 'imagenes_tecnocasa\\anuncio_324\\20.jpeg', 'imagenes_tecnocasa\\anuncio_324\\21.jpeg', 'imagenes_tecnocasa\\anuncio_324\\22.jpeg', 'imagenes_tecnocasa\\anuncio_324\\23.jpeg']",1,Señorial,1970,1,0,1,piso,1,Coslada,Coslada,40.423802,-3.5552882,324,2529.4117647058824,232.0,157.0,1.0,1.0,1.0,1.0,cerámica,pintura,ninguna visible,estándar (2.4-2.8m),nada,2.8,3.8,convencional,"['#FFFFFF', '#F2F2F2', '#D3D3D3']",regular,False,convencional,limitado,ninguno,ninguno,estándar,básica,ninguno,6.2,6.4,ninguna,5
https://www.tecnocasa.es/venta/piso/madrid/madrid/620208.html,185000.0,1,35.0,1,"Agencia inmobiliaria de Madrid zona Lavapies – Embajadores – Tirso De Molina Tecnocasa ESTUDIO REAL DE LAVAPIES SL VENDE

¿Buscas un piso en una de las zonas más vibrantes de Madrid? ¡Este es tu lugar! Tecnocasa te presenta este acogedor piso de 35 m2 en la segunda planta de un edificio con ASCENSOR.

La vivienda cuenta con salón con cocina americana y baño completo.

A REFORMAR.

La ubicación es inmejorable, en pleno corazón de Lavapies - Embajadores - Tirso De Molina, con una excelente comunicación gracias a las estaciones de metro L5 La Latina, L3-Lavapies y Embajadores-L3-L5, así como la estación de Renfe Embajadores a solo 5 minutos a pie. La estación de Atocha también está a solo 10 minutos en metro desde la estación de Tirso de Molina, línea L1.

Además, tendrás acceso a una amplia red de autobuses para moverte por la ciudad. ¿Te interesa conocer más detalles sobre la financiación? Uno de nuestros asesores financieros de Kiron estará encantado de informarte.

No pierdas la oportunidad de vivir en una de las zonas más emblemáticas de Madrid. ¡Contáctanos sin compromiso y concertaremos una visita para que puedas verlo en persona!",1,1,1,1,1,1,0,1,1,1,"['https://cdn-media.medialabtc.it/es/agencies/md059/estates/620208/images/8991879/gallery_media.jpeg', 'https://cdn-media.medialabtc.it/es/agencies/md059/estates/620208/images/8991905/gallery_media.jpeg', 'https://cdn-media.medialabtc.it/es/agencies/md059/estates/620208/images/8991876/gallery_media.jpeg', 'https://cdn-media.medialabtc.it/es/agencies/md059/estates/620208/images/8991903/gallery_media.jpeg', 'https://cdn-media.medialabtc.it/es/agencies/md059/estates/620208/images/8991906/gallery_media.jpeg', 'https://cdn-media.medialabtc.it/es/agencies/md059/estates/620208/images/8991872/gallery_media.jpeg', 'https://cdn-media.medialabtc.it/es/agencies/md059/estates/620208/images/8991875/gallery_media.jpeg', 'https://cdn-media.medialabtc.it/es/agencies/md059/estates/620208/images/8991902/gallery_media.jpeg', 'https://cdn-media.medialabtc.it/es/agencies/md059/estates/620208/images/8991907/gallery_media.jpeg', 'https://cdn-media.medialabtc.it/es/agencies/md059/estates/620208/images/8991881/gallery_media.jpeg', 'https://cdn-media.medialabtc.it/es/agencies/md059/estates/620208/images/8991871/gallery_media.jpeg', 'https://cdn-media.medialabtc.it/es/agencies/md059/estates/620208/images/8991904/gallery_media.jpeg', 'https://cdn-media.medialabtc.it/es/agencies/md059/estates/620208/images/8991873/gallery_media.jpeg', 'https://cdn-media.medialabtc.it/es/agencies/md059/estates/620208/images/8991880/gallery_media.jpeg', 'https://cdn-media.medialabtc.it/es/agencies/md059/estates/620208/images/8991878/gallery_media.jpeg', 'https://cdn-media.medialabtc.it/es/agencies/md059/estates/620208/images/8991877/gallery_media.jpeg']",0,A reformar,0,0,0,0,0,E,0,0,"['imagenes_tecnocasa\\anuncio_325\\0.jpeg', 'imagenes_tecnocasa\\anuncio_325\\1.jpeg', 'imagenes_tecnocasa\\anuncio_325\\2.jpeg', 'imagenes_tecnocasa\\anuncio_325\\3.jpeg', 'imagenes_tecnocasa\\anuncio_325\\4.jpeg', 'imagenes_tecnocasa\\anuncio_325\\5.jpeg', 'imagenes_tecnocasa\\anuncio_325\\6.jpeg', 'imagenes_tecnocasa\\anuncio_325\\7.jpeg', 'imagenes_tecnocasa\\anuncio_325\\8.jpeg', 'imagenes_tecnocasa\\anuncio_325\\9.jpeg', 'imagenes_tecnocasa\\anuncio_325\\10.jpeg', 'imagenes_tecnocasa\\anuncio_325\\11.jpeg', 'imagenes_tecnocasa\\anuncio_325\\12.jpeg', 'imagenes_tecnocasa\\anuncio_325\\13.jpeg', 'imagenes_tecnocasa\\anuncio_325\\14.jpeg', 'imagenes_tecnocasa\\anuncio_325\\15.jpeg']",0,Popular,1900,0,0,1,piso,2,Embajadores,"Lavapiés - Embajadores, Madrid",40.4095856,-3.7029851,325,5285.714285714285,192.0,125.0,0.125,0.15000000000000002,0.0,0.0,parquet,pintura,corredera,estándar (2.4-2.8m),nada,3.0,2.0,convencional,"['#FFF8DC', '#F5F5DC', '#FFFFE0']",regular,False,convencional,limitado,ninguno,ninguno,básico,básica,ninguno,5.8,5.0,ninguna,5
https://www.tecnocasa.es/venta/piso/madrid/madrid/608199.html,160000.0,1,34.0,1,"Agencia inmobiliaria de Madrid zona Lavapies – Embajadores – Tirso De Molina Tecnocasa ESTUDIO REAL DE LAVAPIES SL VENDE piso de 34 m2, estudio distribuido en salón con cocina americana francesa, y 1 baño.

Primera planta cercana a estaciones de metro L5 La Latina, L1- Tirso de Molina y Embajadores-L3-L5.
Buena comunicación con autobuses y a escasos 5 minutos de Renfe Embajadores. Para más información contacta con nosotros sin ningún tipo de compromiso y concierta una cita en la que además de conocer la vivienda te informará sobre las condiciones de financiación actuales, uno de nuestros asesores financieros de Kiron.",1,1,1,1,1,1,1,1,1,1,"['https://cdn-media.medialabtc.it/es/agencies/md059/estates/608199/images/8685733/gallery_media.jpeg', 'https://cdn-media.medialabtc.it/es/agencies/md059/estates/608199/images/8685770/gallery_media.jpeg', 'https://cdn-media.medialabtc.it/es/agencies/md059/estates/608199/images/8685776/gallery_media.jpeg', 'https://cdn-media.medialabtc.it/es/agencies/md059/estates/608199/images/8685732/gallery_media.jpeg', 'https://cdn-media.medialabtc.it/es/agencies/md059/estates/608199/images/8685769/gallery_media.jpeg', 'https://cdn-media.medialabtc.it/es/agencies/md059/estates/608199/images/8685772/gallery_media.jpeg', 'https://cdn-media.medialabtc.it/es/agencies/md059/estates/608199/images/8685775/gallery_media.jpeg', 'https://cdn-media.medialabtc.it/es/agencies/md059/estates/608199/images/8685780/gallery_media.jpeg', 'https://cdn-media.medialabtc.it/es/agencies/md059/estates/608199/images/8685773/gallery_media.jpeg', 'https://cdn-media.medialabtc.it/es/agencies/md059/estates/608199/images/8685774/gallery_media.jpeg', 'https://cdn-media.medialabtc.it/es/agencies/md059/estates/608199/images/8685781/gallery_media.jpeg', 'https://cdn-media.medialabtc.it/es/agencies/md059/estates/608199/images/8685783/gallery_media.jpeg', 'https://cdn-media.medialabtc.it/es/agencies/md059/estates/608199/images/8685778/gallery_media.jpeg', 'https://cdn-media.medialabtc.it/es/agencies/md059/estates/608199/images/8685731/gallery_media.jpeg', 'https://cdn-media.medialabtc.it/es/agencies/md059/estates/608199/images/8685779/gallery_media.jpeg', 'https://cdn-media.medialabtc.it/es/agencies/md059/estates/608199/images/8685782/gallery_media.jpeg', 'https://cdn-media.medialabtc.it/es/agencies/md059/estates/608199/images/8685777/gallery_media.jpeg', 'https://cdn-media.medialabtc.it/es/agencies/md059/estates/608199/images/8685771/gallery_media.jpeg']",0,Desconocido,0,0,0,0,0,E,0,0,"['imagenes_tecnocasa\\anuncio_326\\0.jpeg', 'imagenes_tecnocasa\\anuncio_326\\1.jpeg', 'imagenes_tecnocasa\\anuncio_326\\2.jpeg', 'imagenes_tecnocasa\\anuncio_326\\3.jpeg', 'imagenes_tecnocasa\\anuncio_326\\4.jpeg', 'imagenes_tecnocasa\\anuncio_326\\5.jpeg', 'imagenes_tecnocasa\\anuncio_326\\6.jpeg', 'imagenes_tecnocasa\\anuncio_326\\7.jpeg', 'imagenes_tecnocasa\\anuncio_326\\8.jpeg', 'imagenes_tecnocasa\\anuncio_326\\9.jpeg', 'imagenes_tecnocasa\\anuncio_326\\10.jpeg', 'imagenes_tecnocasa\\anuncio_326\\11.jpeg', 'imagenes_tecnocasa\\anuncio_326\\12.jpeg', 'imagenes_tecnocasa\\anuncio_326\\13.jpeg', 'imagenes_tecnocasa\\anuncio_326\\14.jpeg', 'imagenes_tecnocasa\\anuncio_326\\15.jpeg', 'imagenes_tecnocasa\\anuncio_326\\16.jpeg', 'imagenes_tecnocasa\\anuncio_326\\17.jpeg']",0,Popular,1900,0,0,0,piso,1,Embajadores,"Lavapiés - Embajadores, Madrid",40.4095856,-3.7029851,326,4705.882352941177,100.0,80.0,0.2,0.30000000000000004,0.0,0.0,otro,pintura,corredera,estándar (2.4-2.8m),nada,4.0,4.4,moderno,"['#F2F2F2', '#555555', '#A0A0A0']",buena,False,convencional,limitado,ninguno,ninguno,estándar,básica,ninguno,7.0,6.8,ninguna,5
https://www.tecnocasa.es/venta/piso/madrid/madrid/497335.html,250000.0,2,59.0,2,"Agencia inmobiliaria de Madrid zona Lavapies – Embajadores – Tirso De Molina Tecnocasa ESTUDIO REAL DE LAVAPIES SL VENDE piso de 59 m2, piso distribuido en amplio salón, cocina, con dos dormitorios y baño completo

Planta baja interior con ASCENSOR, cercana a estaciones de metro L5 La Latina, L1- Tirso de Molina y Embajadores-L3-L5.
Buena comunicación con autobuses y a escasos 5 minutos de Renfe Embajadores.
Para más información contacta con nosotros sin ningún tipo de compromiso y concierta una cita en la que además de conocer la vivienda te informará sobre las condiciones de financiación actuales, uno de nuestros asesores financieros de Kiron.",1,1,1,1,1,1,0,1,1,1,"['https://cdn-media.medialabtc.it/es/agencies/md059/estates/497335/images/8967796/gallery_media.jpeg', 'https://cdn-media.medialabtc.it/es/agencies/md059/estates/497335/images/8967800/gallery_media.jpeg', 'https://cdn-media.medialabtc.it/es/agencies/md059/estates/497335/images/8967822/gallery_media.jpeg', 'https://cdn-media.medialabtc.it/es/agencies/md059/estates/497335/images/8967797/gallery_media.jpeg', 'https://cdn-media.medialabtc.it/es/agencies/md059/estates/497335/images/8967789/gallery_media.jpeg', 'https://cdn-media.medialabtc.it/es/agencies/md059/estates/497335/images/8967792/gallery_media.jpeg', 'https://cdn-media.medialabtc.it/es/agencies/md059/estates/497335/images/8967793/gallery_media.jpeg', 'https://cdn-media.medialabtc.it/es/agencies/md059/estates/497335/images/8967811/gallery_media.jpeg', 'https://cdn-media.medialabtc.it/es/agencies/md059/estates/497335/images/8967810/gallery_media.jpeg', 'https://cdn-media.medialabtc.it/es/agencies/md059/estates/497335/images/8967795/gallery_media.jpeg', 'https://cdn-media.medialabtc.it/es/agencies/md059/estates/497335/images/8967791/gallery_media.jpeg', 'https://cdn-media.medialabtc.it/es/agencies/md059/estates/497335/images/8967794/gallery_media.jpeg', 'https://cdn-media.medialabtc.it/es/agencies/md059/estates/497335/images/8967785/gallery_media.jpeg', 'https://cdn-media.medialabtc.it/es/agencies/md059/estates/497335/images/8967790/gallery_media.jpeg', 'https://cdn-media.medialabtc.it/es/agencies/md059/estates/497335/images/8967786/gallery_media.jpeg', 'https://cdn-media.medialabtc.it/es/agencies/md059/estates/497335/images/8967787/gallery_media.jpeg', 'https://cdn-media.medialabtc.it/es/agencies/md059/estates/497335/images/8967784/gallery_media.jpeg', 'https://cdn-media.medialabtc.it/es/agencies/md059/estates/497335/images/8967788/gallery_media.jpeg', 'https://cdn-media.medialabtc.it/es/agencies/md059/estates/497335/images/8967799/gallery_media.jpeg', 'https://cdn-media.medialabtc.it/es/agencies/md059/estates/497335/images/8967809/gallery_media.jpeg', 'https://cdn-media.medialabtc.it/es/agencies/md059/estates/497335/images/8967798/gallery_media.jpeg', 'https://cdn-media.medialabtc.it/es/agencies/md059/estates/497335/images/8967801/gallery_media.jpeg']",0,Desconocido,0,0,0,0,0,E,0,0,"['imagenes_tecnocasa\\anuncio_327\\0.jpeg', 'imagenes_tecnocasa\\anuncio_327\\1.jpeg', 'imagenes_tecnocasa\\anuncio_327\\2.jpeg', 'imagenes_tecnocasa\\anuncio_327\\3.jpeg', 'imagenes_tecnocasa\\anuncio_327\\4.jpeg', 'imagenes_tecnocasa\\anuncio_327\\5.jpeg', 'imagenes_tecnocasa\\anuncio_327\\6.jpeg', 'imagenes_tecnocasa\\anuncio_327\\7.jpeg', 'imagenes_tecnocasa\\anuncio_327\\8.jpeg', 'imagenes_tecnocasa\\anuncio_327\\9.jpeg', 'imagenes_tecnocasa\\anuncio_327\\10.jpeg', 'imagenes_tecnocasa\\anuncio_327\\11.jpeg', 'imagenes_tecnocasa\\anuncio_327\\12.jpeg', 'imagenes_tecnocasa\\anuncio_327\\13.jpeg', 'imagenes_tecnocasa\\anuncio_327\\14.jpeg', 'imagenes_tecnocasa\\anuncio_327\\15.jpeg', 'imagenes_tecnocasa\\anuncio_327\\16.jpeg', 'imagenes_tecnocasa\\anuncio_327\\17.jpeg', 'imagenes_tecnocasa\\anuncio_327\\18.jpeg', 'imagenes_tecnocasa\\anuncio_327\\19.jpeg', 'imagenes_tecnocasa\\anuncio_327\\20.jpeg', 'imagenes_tecnocasa\\anuncio_327\\21.jpeg']",0,Popular,1920,0,0,1,piso,2,Embajadores,"Lavapiés - Embajadores, Madrid",40.4095856,-3.7029851,327,4237.28813559322,104.0,82.0,0.2,0.30000000000000004,1.0,0.0,otro,pintura,otro,estándar (2.4-2.8m),nada,5.6,6.8,moderno,"['#ffffff', '#000000', '#004f8d']",buena,True,convencional,limitado,ninguno,ninguno,estándar,básica,ninguno,7.6,7.0,ninguna,5
https://www.tecnocasa.es/venta/piso/madrid/coslada/618901.html,212400.0,3,73.0,2,"Agencia inmobiliaria Tecnocasa Coslada zona Coslada Pueblo, Barrio Del Puerto Tecnocasa Estudio Nuevo Coslada Pueblo
RESERVADO: Descubre esta acogedora vivienda con una ubicación inmejorable a pocos minutos de la estación de renfe de SAN FERNANDO. La vivienda se encuentra en la avenida SAN PABLO. Ideal para quienes buscan un hogar cómodo y bien ubicado. Este piso de 73 m2 ofrece un espacio funcional con tres dormitorios luminosos, perfecto para familias o para quienes necesitan espacio adicional para una oficina en casa. La propiedad cuenta con un baño completo con bañera y ventana; y un aseo. Cocina totalmente EQUIPADA. Cuenta con un gran SALÓN-COMEDOR muy luminoso con unas vistas inmejorables y salida a TERRAZA cerrada. Para entrar a vivir, reformada hace 4 años con pared lisa y suelo de tarima. Cuenta con ASCENSOR y calefacción individual de GAS NATURAL. Cuenta con AIRE ACONDICIONADO en el saón y en la habitación de matrimonio.
Este hogar combina el encanto de su época con las comodidades modernas. La distribución del piso permite aprovechar al máximo cada metro cuadrado, ofreciendo un ambiente cálido y acogedor. Su ubicación en Coslada proporciona fácil acceso a servicios, transporte público y áreas comerciales, haciendo de esta propiedad una opción práctica para el día a día. No pierdas la oportunidad de visitar este piso y descubrir todo lo que tiene para ofrecer. Contáctanos para más información y para agendar una visita.
¡No dejes pasar esta oportunidad de tener tu propio hogar en una ubicación privilegiada!",1,1,1,1,1,1,1,0,1,1,"['https://cdn-media.medialabtc.it/es/agencies/md615/estates/618901/images/8925197/gallery_media.jpeg', 'https://cdn-media.medialabtc.it/es/agencies/md615/estates/618901/images/8925246/gallery_media.jpeg', 'https://cdn-media.medialabtc.it/es/agencies/md615/estates/618901/images/8925245/gallery_media.jpeg', 'https://cdn-media.medialabtc.it/es/agencies/md615/estates/618901/images/8925194/gallery_media.jpeg', 'https://cdn-media.medialabtc.it/es/agencies/md615/estates/618901/images/8944681/gallery_media.jpeg', 'https://cdn-media.medialabtc.it/es/agencies/md615/estates/618901/images/8925256/gallery_media.jpeg', 'https://cdn-media.medialabtc.it/es/agencies/md615/estates/618901/images/8925198/gallery_media.jpeg', 'https://cdn-media.medialabtc.it/es/agencies/md615/estates/618901/images/8925252/gallery_media.jpeg', 'https://cdn-media.medialabtc.it/es/agencies/md615/estates/618901/images/8925257/gallery_media.jpeg', 'https://cdn-media.medialabtc.it/es/agencies/md615/estates/618901/images/8925258/gallery_media.jpeg', 'https://cdn-media.medialabtc.it/es/agencies/md615/estates/618901/images/8925196/gallery_media.jpeg', 'https://cdn-media.medialabtc.it/es/agencies/md615/estates/618901/images/8925199/gallery_media.jpeg', 'https://cdn-media.medialabtc.it/es/agencies/md615/estates/618901/images/8925248/gallery_media.jpeg', 'https://cdn-media.medialabtc.it/es/agencies/md615/estates/618901/images/8925247/gallery_media.jpeg', 'https://cdn-media.medialabtc.it/es/agencies/md615/estates/618901/images/8925250/gallery_media.jpeg', 'https://cdn-media.medialabtc.it/es/agencies/md615/estates/618901/images/8925244/gallery_media.jpeg', 'https://cdn-media.medialabtc.it/es/agencies/md615/estates/618901/images/8925254/gallery_media.jpeg', 'https://cdn-media.medialabtc.it/es/agencies/md615/estates/618901/images/8925251/gallery_media.jpeg', 'https://cdn-media.medialabtc.it/es/agencies/md615/estates/618901/images/8925192/gallery_media.jpeg', 'https://cdn-media.medialabtc.it/es/agencies/md615/estates/618901/images/8925255/gallery_media.jpeg', 'https://cdn-media.medialabtc.it/es/agencies/md615/estates/618901/images/8944680/gallery_media.jpeg', 'https://cdn-media.medialabtc.it/es/agencies/md615/estates/618901/images/8925191/gallery_media.jpeg', 'https://cdn-media.medialabtc.it/es/agencies/md615/estates/618901/images/8925193/gallery_media.jpeg', 'https://cdn-media.medialabtc.it/es/agencies/md615/estates/618901/images/8925190/gallery_media.jpeg', 'https://cdn-media.medialabtc.it/es/agencies/md615/estates/618901/images/8925249/gallery_media.jpeg', 'https://cdn-media.medialabtc.it/es/agencies/md615/estates/618901/images/8925253/gallery_media.jpeg']",1,Desconocido,0,0,0,1,0,E,0,0,"['imagenes_tecnocasa\\anuncio_330\\0.jpeg', 'imagenes_tecnocasa\\anuncio_330\\1.jpeg', 'imagenes_tecnocasa\\anuncio_330\\2.jpeg', 'imagenes_tecnocasa\\anuncio_330\\3.jpeg', 'imagenes_tecnocasa\\anuncio_330\\4.jpeg', 'imagenes_tecnocasa\\anuncio_330\\5.jpeg', 'imagenes_tecnocasa\\anuncio_330\\6.jpeg', 'imagenes_tecnocasa\\anuncio_330\\7.jpeg', 'imagenes_tecnocasa\\anuncio_330\\8.jpeg', 'imagenes_tecnocasa\\anuncio_330\\9.jpeg', 'imagenes_tecnocasa\\anuncio_330\\10.jpeg', 'imagenes_tecnocasa\\anuncio_330\\11.jpeg', 'imagenes_tecnocasa\\anuncio_330\\12.jpeg', 'imagenes_tecnocasa\\anuncio_330\\13.jpeg', 'imagenes_tecnocasa\\anuncio_330\\14.jpeg', 'imagenes_tecnocasa\\anuncio_330\\15.jpeg', 'imagenes_tecnocasa\\anuncio_330\\16.jpeg', 'imagenes_tecnocasa\\anuncio_330\\17.jpeg', 'imagenes_tecnocasa\\anuncio_330\\18.jpeg', 'imagenes_tecnocasa\\anuncio_330\\19.jpeg', 'imagenes_tecnocasa\\anuncio_330\\20.jpeg', 'imagenes_tecnocasa\\anuncio_330\\21.jpeg', 'imagenes_tecnocasa\\anuncio_330\\22.jpeg', 'imagenes_tecnocasa\\anuncio_330\\23.jpeg', 'imagenes_tecnocasa\\anuncio_330\\24.jpeg', 'imagenes_tecnocasa\\anuncio_330\\25.jpeg']",1,Señorial,1979,1,0,0,piso,1,Coslada,Coslada,40.423802,-3.5552882,330,2909.5890410958905,245.0,163.0,0.3416666666666666,0.6,1.0,1.0,otro,pintura,corredera,estándar (2.4-2.8m),nada,3.6,4.8,convencional,"['#FFFFFF', '#EEEEEE', '#D3D3D3']",buena,True,convencional,limitado,ninguno,ninguno,estándar,parcialmente equipada,ninguno,6.4,6.6,ninguna,5
https://www.tecnocasa.es/venta/piso/madrid/madrid/612752.html,615000.0,2,110.0,1,"Agencia inmobiliaria de MADRID - zona SALAMANCA - FUENTE DEL BERRO - GUINDALERA - Vende piso en Calle Elvira
Fantástica vivienda compuesta de dos amplios dormitorios, salón doble, cocina totalmente equipada y espaciosa independiente y baño completo con bañera.
Totalmente exterior salvo cocina y baño, todas las estancias con ventanas y muy luminosas.
Calefacción central con individualizadores y agua por gas natural.
Ubicado entre el parque de la fuente del berro, la glorieta de O´donnell y la plaza de Manuel Becerra, dispone de todo tipo de servicios en los alrededores, como, colegios, hospitales, farmacias, supermercados, parques y una gran red de transporte público.
Tecnocasa dispone de un servicio financiero de consulta gratuita para nuestros clientes. Para mas información acerca de la propiedad y el arrendamiento no dude en consultarnos.",1,1,1,1,1,1,1,1,1,1,"['https://cdn-media.medialabtc.it/es/agencies/md097/estates/612752/images/8819421/gallery_media.jpeg', 'https://cdn-media.medialabtc.it/es/agencies/md097/estates/612752/images/8819452/gallery_media.jpeg', 'https://cdn-media.medialabtc.it/es/agencies/md097/estates/612752/images/8819451/gallery_media.jpeg', 'https://cdn-media.medialabtc.it/es/agencies/md097/estates/612752/images/8819448/gallery_media.jpeg', 'https://cdn-media.medialabtc.it/es/agencies/md097/estates/612752/images/8819444/gallery_media.jpeg', 'https://cdn-media.medialabtc.it/es/agencies/md097/estates/612752/images/8819380/gallery_media.jpeg', 'https://cdn-media.medialabtc.it/es/agencies/md097/estates/612752/images/8819420/gallery_media.jpeg', 'https://cdn-media.medialabtc.it/es/agencies/md097/estates/612752/images/8819454/gallery_media.jpeg', 'https://cdn-media.medialabtc.it/es/agencies/md097/estates/612752/images/8819447/gallery_media.jpeg', 'https://cdn-media.medialabtc.it/es/agencies/md097/estates/612752/images/8819381/gallery_media.jpeg', 'https://cdn-media.medialabtc.it/es/agencies/md097/estates/612752/images/8819449/gallery_media.jpeg', 'https://cdn-media.medialabtc.it/es/agencies/md097/estates/612752/images/8819425/gallery_media.jpeg', 'https://cdn-media.medialabtc.it/es/agencies/md097/estates/612752/images/8819457/gallery_media.jpeg', 'https://cdn-media.medialabtc.it/es/agencies/md097/estates/612752/images/8819446/gallery_media.jpeg', 'https://cdn-media.medialabtc.it/es/agencies/md097/estates/612752/images/8819422/gallery_media.jpeg', 'https://cdn-media.medialabtc.it/es/agencies/md097/estates/612752/images/8819423/gallery_media.jpeg', 'https://cdn-media.medialabtc.it/es/agencies/md097/estates/612752/images/8819426/gallery_media.jpeg', 'https://cdn-media.medialabtc.it/es/agencies/md097/estates/612752/images/8819445/gallery_media.jpeg', 'https://cdn-media.medialabtc.it/es/agencies/md097/estates/612752/images/8819442/gallery_media.jpeg', 'https://cdn-media.medialabtc.it/es/agencies/md097/estates/612752/images/8819443/gallery_media.jpeg', 'https://cdn-media.medialabtc.it/es/agencies/md097/estates/612752/images/8819424/gallery_media.jpeg', 'https://cdn-media.medialabtc.it/es/agencies/md097/estates/612752/images/8819450/gallery_media.jpeg', 'https://cdn-media.medialabtc.it/es/agencies/md097/estates/612752/images/8819455/gallery_media.jpeg', 'https://cdn-media.medialabtc.it/es/agencies/md097/estates/612752/images/8819453/gallery_media.jpeg', 'https://cdn-media.medialabtc.it/es/agencies/md097/estates/612752/images/8819379/gallery_media.jpeg', 'https://cdn-media.medialabtc.it/es/agencies/md097/estates/612752/images/8819458/gallery_media.jpeg']",0,Desconocido,0,0,0,0,0,D,0,0,"['imagenes_tecnocasa\\anuncio_334\\0.jpeg', 'imagenes_tecnocasa\\anuncio_334\\1.jpeg', 'imagenes_tecnocasa\\anuncio_334\\2.jpeg', 'imagenes_tecnocasa\\anuncio_334\\3.jpeg', 'imagenes_tecnocasa\\anuncio_334\\4.jpeg', 'imagenes_tecnocasa\\anuncio_334\\5.jpeg', 'imagenes_tecnocasa\\anuncio_334\\6.jpeg', 'imagenes_tecnocasa\\anuncio_334\\7.jpeg', 'imagenes_tecnocasa\\anuncio_334\\8.jpeg', 'imagenes_tecnocasa\\anuncio_334\\9.jpeg', 'imagenes_tecnocasa\\anuncio_334\\10.jpeg', 'imagenes_tecnocasa\\anuncio_334\\11.jpeg', 'imagenes_tecnocasa\\anuncio_334\\12.jpeg', 'imagenes_tecnocasa\\anuncio_334\\13.jpeg', 'imagenes_tecnocasa\\anuncio_334\\14.jpeg', 'imagenes_tecnocasa\\anuncio_334\\15.jpeg', 'imagenes_tecnocasa\\anuncio_334\\16.jpeg', 'imagenes_tecnocasa\\anuncio_334\\17.jpeg', 'imagenes_tecnocasa\\anuncio_334\\18.jpeg', 'imagenes_tecnocasa\\anuncio_334\\19.jpeg', 'imagenes_tecnocasa\\anuncio_334\\20.jpeg', 'imagenes_tecnocasa\\anuncio_334\\21.jpeg', 'imagenes_tecnocasa\\anuncio_334\\22.jpeg', 'imagenes_tecnocasa\\anuncio_334\\23.jpeg', 'imagenes_tecnocasa\\anuncio_334\\24.jpeg', 'imagenes_tecnocasa\\anuncio_334\\25.jpeg']",0,Media,1947,1,0,0,piso,2,Fuente del Berro,"Fuente Del Berro, Madrid",40.424977,-3.6636998,334,5590.909090909091,129.0,99.0,0.03333333333333333,0.21666666666666667,1.0,0.0,cerámica,pintura,corredera,estándar (2.4-2.8m),nada,3.8,4.2,clásico,"['#F2F2F2', '#D3D3D3', '#A0522D']",regular,False,convencional,normal,ninguno,ninguno,estándar,parcialmente equipada,ninguno,6.2,6.6,ninguna,5
https://www.tecnocasa.es/venta/piso/madrid/madrid/605332.html,589900.0,3,79.0,3,"Agencia inmobiliaria de Madrid zona Arganzuela-Santa María de la cabeza - Chopera esta VENDE encantadora propiedad de época en el municipio de Madrid, ideal para quienes buscan un hogar con carácter y comodidad.
Con 80 m², este piso totalmente exterior ofrece luz natural durante todo el día, creando un ambiente cálido y acogedor. La vivienda cuenta con tres dormitorios y tres baños, en proceso de reforma completa y de calidad, garantizando un espacio moderno y funcional.
Además, la propiedad incluye un garaje, proporcionando comodidad y seguridad para tu vehículo. El edificio dispone de ascensor, facilitando el acceso a todas las plantas. Su ubicación es inmejorable, bien comunicado con el resto de la ciudad y rodeado de zonas verdes, ideales para pasear y disfrutar de la naturaleza. A 2 minutos de Matadero y de la nueva línea de metro.
¡No pierdas la oportunidad de conocer este hogar que equilibra tradición y modernidad!",1,0,1,1,1,1,0,1,1,1,"['https://cdn-media.medialabtc.it/es/agencies/md110/estates/605332/images/8842767/gallery_media.jpeg', 'https://cdn-media.medialabtc.it/es/agencies/md110/estates/605332/images/8842766/gallery_media.jpeg', 'https://cdn-media.medialabtc.it/es/agencies/md110/estates/605332/images/8842769/gallery_media.jpeg']",0,Desconocido,1,0,0,0,1,D,0,0,"['imagenes_tecnocasa\\anuncio_336\\0.jpeg', 'imagenes_tecnocasa\\anuncio_336\\1.jpeg', 'imagenes_tecnocasa\\anuncio_336\\2.jpeg']",0,De época,1966,1,0,1,piso,4,Acacias,"Acacias - Legazpi, Madrid",40.4040749,-3.7059572,336,7467.088607594937,151.0,109.0,0.5125,0.7,1.0,1.0,otro,otro,otro,otro,nada,2.33,4.0,otro,"['#D2B48C', '#A0522D', '#8B4513']",buena,False,otro,otro,ninguno,ninguno,otro,otro,ninguno,7.0,6.0,ninguna,3
https://www.tecnocasa.es/venta/piso/madrid/valdemoro/611122.html,164300.0,3,72.0,1,"Agencia inmobiliaria de VALDEMORO zona CENTRO-CARACOL-HOSPITAL Oficina Tecnocasa de VALDEMORO:

VENDE piso sito en ZONA CENTRO compuesto por entrada, salón, cocina con tendedero, tres dormitorios, baño y TERRAZA.
DOS TRASTEROS INCLUIDOS EN EL PRECIO.

LA FINCA NO DISPONE DE ASCENSOR.

La vivienda está situada en una de las MEJORES ZONAS DE VALDEMORO, a escasos metros de colegios, institutos, parques, supermercados y muy cerca de la red de transportes del municipio.

No dude en llamarnos para concertar su cita para visitar el inmueble en la que además recibirá el asesoramiento gratuito de nuestro departamento financiero KÌRON. ¡HIPOTECA HASTA EL 100%!",0,1,1,1,0,1,0,1,0,1,"['https://cdn-media.medialabtc.it/es/agencies/md607/estates/611122/images/8755864/gallery_media.jpeg', 'https://cdn-media.medialabtc.it/es/agencies/md607/estates/611122/images/8755858/gallery_media.jpeg', 'https://cdn-media.medialabtc.it/es/agencies/md607/estates/611122/images/8755854/gallery_media.jpeg', 'https://cdn-media.medialabtc.it/es/agencies/md607/estates/611122/images/8755859/gallery_media.jpeg', 'https://cdn-media.medialabtc.it/es/agencies/md607/estates/611122/images/8755866/gallery_media.jpeg', 'https://cdn-media.medialabtc.it/es/agencies/md607/estates/611122/images/8755855/gallery_media.jpeg', 'https://cdn-media.medialabtc.it/es/agencies/md607/estates/611122/images/8755853/gallery_media.jpeg', 'https://cdn-media.medialabtc.it/es/agencies/md607/estates/611122/images/8755863/gallery_media.jpeg', 'https://cdn-media.medialabtc.it/es/agencies/md607/estates/611122/images/8755865/gallery_media.jpeg', 'https://cdn-media.medialabtc.it/es/agencies/md607/estates/611122/images/8755856/gallery_media.jpeg', 'https://cdn-media.medialabtc.it/es/agencies/md607/estates/611122/images/8755857/gallery_media.jpeg', 'https://cdn-media.medialabtc.it/es/agencies/md607/estates/611122/images/8755869/gallery_media.jpeg', 'https://cdn-media.medialabtc.it/es/agencies/md607/estates/611122/images/8755867/gallery_media.jpeg', 'https://cdn-media.medialabtc.it/es/agencies/md607/estates/611122/images/8755868/gallery_media.jpeg', 'https://cdn-media.medialabtc.it/es/agencies/md607/estates/611122/images/8755861/gallery_media.jpeg', 'https://cdn-media.medialabtc.it/es/agencies/md607/estates/611122/images/8755862/gallery_media.jpeg', 'https://cdn-media.medialabtc.it/es/agencies/md607/estates/611122/images/8755871/gallery_media.jpeg']",0,Desconocido,0,0,0,1,0,G,0,0,"['imagenes_tecnocasa\\anuncio_337\\0.jpeg', 'imagenes_tecnocasa\\anuncio_337\\1.jpeg', 'imagenes_tecnocasa\\anuncio_337\\2.jpeg', 'imagenes_tecnocasa\\anuncio_337\\3.jpeg', 'imagenes_tecnocasa\\anuncio_337\\4.jpeg', 'imagenes_tecnocasa\\anuncio_337\\5.jpeg', 'imagenes_tecnocasa\\anuncio_337\\6.jpeg', 'imagenes_tecnocasa\\anuncio_337\\7.jpeg', 'imagenes_tecnocasa\\anuncio_337\\8.jpeg', 'imagenes_tecnocasa\\anuncio_337\\9.jpeg', 'imagenes_tecnocasa\\anuncio_337\\10.jpeg', 'imagenes_tecnocasa\\anuncio_337\\11.jpeg', 'imagenes_tecnocasa\\anuncio_337\\12.jpeg', 'imagenes_tecnocasa\\anuncio_337\\13.jpeg', 'imagenes_tecnocasa\\anuncio_337\\14.jpeg', 'imagenes_tecnocasa\\anuncio_337\\15.jpeg', 'imagenes_tecnocasa\\anuncio_337\\16.jpeg']",0,Media,1976,0,0,0,piso,2,Valdemoro,Valdemoro,40.1888604,-3.67143,337,2281.9444444444443,99.0,84.0,0.0,0.0,0.0,0.0,otro,pintura,corredera,estándar (2.4-2.8m),nada,2.6,2.6,convencional,"['#BDBDBD', '#FFFF00', '#FFFFFF']",regular,False,convencional,limitado,balcón,ninguno,estándar,básica,ninguno,6.0,6.2,ninguna,5
https://www.tecnocasa.es/venta/piso/madrid/torrejon-de-ardoz/618055.html,230000.0,3,88.0,1,"Agencia inmobiliaria de TORREJÓN DE ARDOZ, dentro del distrito NORESTE, zona - PARQUE DEL AGUA -PARQUE GRANADA - PARQUE DE LAS VERDEILLAS - PARQUE DE LOS GIRASOLES, perteneciente al GRUPO TECNOCASA.
Descubre este acogedor piso en el municipio de Torrejón de Ardoz, ideal para quienes buscan comodidad y funcionalidad. Con una superficie de 88 m², esta vivienda ofrece tres dormitorios bien distribuidos, perfectos para familias o para quienes necesitan espacio adicional para trabajar desde casa. El salón es amplio y luminoso, con acceso directo a una terraza donde podrás disfrutar de momentos al aire libre. La cocina está equipada y lista para su uso, mientras que el baño, renovado en 2005, ofrece un diseño moderno y práctico. La propiedad se encuentra en una planta alta, lo que garantiza tranquilidad y vistas despejadas. Además, cuenta con ascensor para mayor comodidad. El aire acondicionado asegura un ambiente agradable durante todo el año. Construido en 1974 y renovado en 2005, este piso combina lo mejor de la construcción sólida con actualizaciones modernas. Una oportunidad única en una ubicación estratégica.
¿Quieres comprar y necesitas financiación? Consulte con nuestro departamento financiero KIRON, y vea las posibilidades reales que tiene de financiar. Conseguimos la financiación hasta el 100% de la compraventa.
Infórmese en nuestra oficina o llamando al teléfono indicado.",0,1,1,1,1,1,1,1,1,1,"['https://cdn-media.medialabtc.it/es/agencies/md548/estates/618055/images/8926653/gallery_media.jpeg', 'https://cdn-media.medialabtc.it/es/agencies/md548/estates/618055/images/8926650/gallery_media.jpeg', 'https://cdn-media.medialabtc.it/es/agencies/md548/estates/618055/images/8926706/gallery_media.jpeg', 'https://cdn-media.medialabtc.it/es/agencies/md548/estates/618055/images/8926645/gallery_media.jpeg', 'https://cdn-media.medialabtc.it/es/agencies/md548/estates/618055/images/8926703/gallery_media.jpeg', 'https://cdn-media.medialabtc.it/es/agencies/md548/estates/618055/images/8926704/gallery_media.jpeg', 'https://cdn-media.medialabtc.it/es/agencies/md548/estates/618055/images/8926646/gallery_media.jpeg', 'https://cdn-media.medialabtc.it/es/agencies/md548/estates/618055/images/8926701/gallery_media.jpeg', 'https://cdn-media.medialabtc.it/es/agencies/md548/estates/618055/images/8926699/gallery_media.jpeg', 'https://cdn-media.medialabtc.it/es/agencies/md548/estates/618055/images/8926702/gallery_media.jpeg', 'https://cdn-media.medialabtc.it/es/agencies/md548/estates/618055/images/8926648/gallery_media.jpeg', 'https://cdn-media.medialabtc.it/es/agencies/md548/estates/618055/images/8926700/gallery_media.jpeg', 'https://cdn-media.medialabtc.it/es/agencies/md548/estates/618055/images/8926705/gallery_media.jpeg', 'https://cdn-media.medialabtc.it/es/agencies/md548/estates/618055/images/8926649/gallery_media.jpeg', 'https://cdn-media.medialabtc.it/es/agencies/md548/estates/618055/images/8926698/gallery_media.jpeg', 'https://cdn-media.medialabtc.it/es/agencies/md548/estates/618055/images/8926555/gallery_media.jpeg', 'https://cdn-media.medialabtc.it/es/agencies/md548/estates/618055/images/8926647/gallery_media.jpeg', 'https://cdn-media.medialabtc.it/es/agencies/md548/estates/618055/images/8926652/gallery_media.jpeg', 'https://cdn-media.medialabtc.it/es/agencies/md548/estates/618055/images/8926644/gallery_media.jpeg', 'https://cdn-media.medialabtc.it/es/agencies/md548/estates/618055/images/8926651/gallery_media.jpeg']",1,Desconocido,0,0,0,1,0,E,0,0,"['imagenes_tecnocasa\\anuncio_339\\0.jpeg', 'imagenes_tecnocasa\\anuncio_339\\1.jpeg', 'imagenes_tecnocasa\\anuncio_339\\2.jpeg', 'imagenes_tecnocasa\\anuncio_339\\3.jpeg', 'imagenes_tecnocasa\\anuncio_339\\4.jpeg', 'imagenes_tecnocasa\\anuncio_339\\5.jpeg', 'imagenes_tecnocasa\\anuncio_339\\6.jpeg', 'imagenes_tecnocasa\\anuncio_339\\7.jpeg', 'imagenes_tecnocasa\\anuncio_339\\8.jpeg', 'imagenes_tecnocasa\\anuncio_339\\9.jpeg', 'imagenes_tecnocasa\\anuncio_339\\10.jpeg', 'imagenes_tecnocasa\\anuncio_339\\11.jpeg', 'imagenes_tecnocasa\\anuncio_339\\12.jpeg', 'imagenes_tecnocasa\\anuncio_339\\13.jpeg', 'imagenes_tecnocasa\\anuncio_339\\14.jpeg', 'imagenes_tecnocasa\\anuncio_339\\15.jpeg', 'imagenes_tecnocasa\\anuncio_339\\16.jpeg', 'imagenes_tecnocasa\\anuncio_339\\17.jpeg', 'imagenes_tecnocasa\\anuncio_339\\18.jpeg', 'imagenes_tecnocasa\\anuncio_339\\19.jpeg']",1,Media,1978,1,0,1,piso,3,Torrejón de Ardoz,Torrejón De Ardoz,40.4587767,-3.4793343,339,2613.6363636363635,214.0,156.0,0.9,1.0,3.0,1.0,parquet,pintura,corredera,estándar (2.4-2.8m),nada,3.6,4.2,convencional,"['#DDA0DD', '#FFC0CB', '#FFFFFF']",buena,False,convencional,limitado,ninguno,ninguno,estándar,básica,ninguno,6.0,6.6,ninguna,5
https://www.tecnocasa.es/venta/piso/madrid/madrid/616655.html,192000.0,3,60.0,1,"Agencia inmobiliaria de Madrid zona Usera, Almendrales Tecnocasa Estudio Almendrales Sl, Vende, Vivienda en una planta baja. Compuesta de 3 Dormitorios, Salón-comedor, Cocina, Baño completo, A/A en Salón, Armarios, suelo de parquet y calefacción individual por gas natural con radiadores de Aluminio. La vivienda se encuentra para entrar a vivir.
No dude en concretar una visita sin compromiso.

Usera es un barrio consolidado con una ubicación inmejorable dentro Madrid con el Parque Madrid Rio, Centro Comercial Plaza Rio 2 Metro (Línea 6 y 3) y conexiones con las principales carreteras como M-30, M-40, A-42 y A4.

Con más de 25 años en el Barrio ofreciendo el mejor servicio y profesionalidad siendo especialistas en:

- COMPRAVENTA Y ALQUILERES
- VIVIENDA DE PROTECCIÓN OFICIAL (VPO) - HERENCIAS Y VENTA DE LA NUDA PROPIEDAD
- VALORACION GRATUITA DE SU INMUEBLE
- ASESORAMIENTO PERSONALIZADO PARA VENDEDORES Y COMPRADORES

Si quieres vender, comprar o alquilar en el barrio confié en Tecnocasa calle Marcelo Usera 42, Local.

AVISO LEGAL: Recordamos a nuestros Señores clientes que la información facilitada no constituye una auténtica oferta vinculante ni contractual. Este anuncio publicitario es provisional, y las fotografías y datos en él incluidos están sujetos a posibles modificaciones, consecuencia de exigencias comerciales, jurídicas, técnicas o por mandato expreso de la propiedad. La información aquí contenida procura reflejar una orientación sobre los inmuebles a la fecha de su publicación. La totalidad del contenido que aparece tiene carácter meramente informativo y aproximado, no teniendo, en modo alguno, carácter contractual. Tanto los datos, como las imágenes y planos pueden estar sujetos a cambios, por lo que le invitamos a que, si precisa una información más exacta y detallada, contacte con nosotros y le atenderemos a la mayor brevedad posible. Los contenidos tienen únicamente finalidad informativa y bajo ninguna circunstancia deben usarse ni considerarse como oferta de venta o financiación, solicitud de una oferta de compra o financiación, ni recomendación para realizar cualquier otra transacción, salvo que así se indique expresamente. La información y documentación a ofrecer de acuerdo con lo dispuesto en el Real Decreto 515/1989 (de 21 de abril, relativa a la protección de los consumidores en cuanto a la información a suministrar en la compraventa y arrendamiento de viviendas), será puesta a disposición de los potenciales compradores en las respectivas delegaciones territoriales gestoras del inmueble.",1,1,1,1,1,1,1,1,1,1,"['https://cdn-media.medialabtc.it/es/agencies/mdak1/estates/616655/images/8906252/gallery_media.jpeg', 'https://cdn-media.medialabtc.it/es/agencies/mdak1/estates/616655/images/8899995/gallery_media.jpeg', 'https://cdn-media.medialabtc.it/es/agencies/mdak1/estates/616655/images/8899994/gallery_media.jpeg', 'https://cdn-media.medialabtc.it/es/agencies/mdak1/estates/616655/images/8899988/gallery_media.jpeg', 'https://cdn-media.medialabtc.it/es/agencies/mdak1/estates/616655/images/8875955/gallery_media.jpeg', 'https://cdn-media.medialabtc.it/es/agencies/mdak1/estates/616655/images/8899987/gallery_media.jpeg', 'https://cdn-media.medialabtc.it/es/agencies/mdak1/estates/616655/images/8899990/gallery_media.jpeg', 'https://cdn-media.medialabtc.it/es/agencies/mdak1/estates/616655/images/8899985/gallery_media.jpeg', 'https://cdn-media.medialabtc.it/es/agencies/mdak1/estates/616655/images/8899992/gallery_media.jpeg', 'https://cdn-media.medialabtc.it/es/agencies/mdak1/estates/616655/images/8899989/gallery_media.jpeg', 'https://cdn-media.medialabtc.it/es/agencies/mdak1/estates/616655/images/8899993/gallery_media.jpeg', 'https://cdn-media.medialabtc.it/es/agencies/mdak1/estates/616655/images/8899996/gallery_media.jpeg', 'https://cdn-media.medialabtc.it/es/agencies/mdak1/estates/616655/images/8899991/gallery_media.jpeg', 'https://cdn-media.medialabtc.it/es/agencies/mdak1/estates/616655/images/8899986/gallery_media.jpeg']",0,Desconocido,0,0,0,0,0,E,0,0,"['imagenes_tecnocasa\\anuncio_342\\0.jpeg', 'imagenes_tecnocasa\\anuncio_342\\1.jpeg', 'imagenes_tecnocasa\\anuncio_342\\2.jpeg', 'imagenes_tecnocasa\\anuncio_342\\3.jpeg', 'imagenes_tecnocasa\\anuncio_342\\4.jpeg', 'imagenes_tecnocasa\\anuncio_342\\5.jpeg', 'imagenes_tecnocasa\\anuncio_342\\6.jpeg', 'imagenes_tecnocasa\\anuncio_342\\7.jpeg', 'imagenes_tecnocasa\\anuncio_342\\8.jpeg', 'imagenes_tecnocasa\\anuncio_342\\9.jpeg', 'imagenes_tecnocasa\\anuncio_342\\10.jpeg', 'imagenes_tecnocasa\\anuncio_342\\11.jpeg', 'imagenes_tecnocasa\\anuncio_342\\12.jpeg', 'imagenes_tecnocasa\\anuncio_342\\13.jpeg']",1,Popular,1963,1,0,0,piso,1,Almendrales,"Almendrales - Pradolongo, Madrid",40.3843762,-3.6992931,342,3200.0,384.0,260.0,0.1,0.26,0.0,0.0,otro,pintura,abatible,estándar (2.4-2.8m),nada,3.6,3.4,clásico,"['#FFFFFF', '#005784', '#D3D3D3']",regular,False,convencional,limitado,ninguno,ninguno,estándar,básica,ninguno,6.6,6.4,leve,5
https://www.tecnocasa.es/venta/piso/madrid/madrid/619176.html,380000.0,3,91.0,1,"Agencia inmobiliaria de MADRID zona ANTONIO LOPEZ - COMILLAS oficina Tecnocasa en venta piso a escasos pasos del parque de Madrid Rio, uno de los mejores parques que nos podemos encontrar en todo Madrid. Cabe destacar la tranquilidad, la consolidación, el buen ambiente que tiene el barrio y la comunicación de la zona a nivel de comercios y de los distintos medios de transporte que hay en la zona. El metro de Marqués de Vadillo (línea 5) y a sólo unos pasos, de la línea de la EMT (23, NT15).
Descubre esta magnífica propiedad en el corazón del barrio Marqués de Vadillo - Comillas, en el distrito de Carabanchel, Madrid. Con una ubicación privilegiada en la calle principal, este piso de 91 m² ofrece un entorno cómodo y accesible. La vivienda cuenta con tres dormitorios, ideales para familias o para quienes buscan espacio adicional. Su diseño permite grandes posibilidades de distribución, adaptándose a tus necesidades y estilo de vida. El edificio, construido en 1969, mantiene su carácter señorial y dispone de ascensor, facilitando el acceso a todas las plantas. Además, cuenta con servicio de conserje, brindando seguridad y comodidad a sus residentes. El amplio salón y las generosas habitaciones ofrecen un ambiente acogedor y funcional. No pierdas la oportunidad de vivir en una zona con excelentes conexiones y servicios, donde cada detalle está pensado para tu bienestar. Ven a conocer tu futuro hogar.",1,1,1,1,1,1,1,1,1,1,"['https://cdn-media.medialabtc.it/es/agencies/md011/estates/619176/images/8992101/gallery_media.jpeg', 'https://cdn-media.medialabtc.it/es/agencies/md011/estates/619176/images/8992103/gallery_media.jpeg', 'https://cdn-media.medialabtc.it/es/agencies/md011/estates/619176/images/8992084/gallery_media.jpeg', 'https://cdn-media.medialabtc.it/es/agencies/md011/estates/619176/images/8992088/gallery_media.jpeg', 'https://cdn-media.medialabtc.it/es/agencies/md011/estates/619176/images/8992098/gallery_media.jpeg', 'https://cdn-media.medialabtc.it/es/agencies/md011/estates/619176/images/8992089/gallery_media.jpeg', 'https://cdn-media.medialabtc.it/es/agencies/md011/estates/619176/images/8992085/gallery_media.jpeg', 'https://cdn-media.medialabtc.it/es/agencies/md011/estates/619176/images/8992099/gallery_media.jpeg', 'https://cdn-media.medialabtc.it/es/agencies/md011/estates/619176/images/8992107/gallery_media.jpeg', 'https://cdn-media.medialabtc.it/es/agencies/md011/estates/619176/images/8992021/gallery_media.jpeg', 'https://cdn-media.medialabtc.it/es/agencies/md011/estates/619176/images/8992093/gallery_media.jpeg', 'https://cdn-media.medialabtc.it/es/agencies/md011/estates/619176/images/8992087/gallery_media.jpeg', 'https://cdn-media.medialabtc.it/es/agencies/md011/estates/619176/images/8992091/gallery_media.jpeg', 'https://cdn-media.medialabtc.it/es/agencies/md011/estates/619176/images/8992097/gallery_media.jpeg', 'https://cdn-media.medialabtc.it/es/agencies/md011/estates/619176/images/8992096/gallery_media.jpeg', 'https://cdn-media.medialabtc.it/es/agencies/md011/estates/619176/images/8992095/gallery_media.jpeg', 'https://cdn-media.medialabtc.it/es/agencies/md011/estates/619176/images/8992104/gallery_media.jpeg', 'https://cdn-media.medialabtc.it/es/agencies/md011/estates/619176/images/8992086/gallery_media.jpeg', 'https://cdn-media.medialabtc.it/es/agencies/md011/estates/619176/images/8992106/gallery_media.jpeg', 'https://cdn-media.medialabtc.it/es/agencies/md011/estates/619176/images/8992083/gallery_media.jpeg', 'https://cdn-media.medialabtc.it/es/agencies/md011/estates/619176/images/8992092/gallery_media.jpeg', 'https://cdn-media.medialabtc.it/es/agencies/md011/estates/619176/images/8992109/gallery_media.jpeg', 'https://cdn-media.medialabtc.it/es/agencies/md011/estates/619176/images/8992108/gallery_media.jpeg', 'https://cdn-media.medialabtc.it/es/agencies/md011/estates/619176/images/8992102/gallery_media.jpeg', 'https://cdn-media.medialabtc.it/es/agencies/md011/estates/619176/images/8992100/gallery_media.jpeg', 'https://cdn-media.medialabtc.it/es/agencies/md011/estates/619176/images/8992082/gallery_media.jpeg', 'https://cdn-media.medialabtc.it/es/agencies/md011/estates/619176/images/8992090/gallery_media.jpeg', 'https://cdn-media.medialabtc.it/es/agencies/md011/estates/619176/images/8992094/gallery_media.jpeg']",0,Desconocido,0,0,0,0,1,Desconocida,0,0,"['imagenes_tecnocasa\\anuncio_343\\0.jpeg', 'imagenes_tecnocasa\\anuncio_343\\1.jpeg', 'imagenes_tecnocasa\\anuncio_343\\2.jpeg', 'imagenes_tecnocasa\\anuncio_343\\3.jpeg', 'imagenes_tecnocasa\\anuncio_343\\4.jpeg', 'imagenes_tecnocasa\\anuncio_343\\5.jpeg', 'imagenes_tecnocasa\\anuncio_343\\6.jpeg', 'imagenes_tecnocasa\\anuncio_343\\7.jpeg', 'imagenes_tecnocasa\\anuncio_343\\8.jpeg', 'imagenes_tecnocasa\\anuncio_343\\9.jpeg', 'imagenes_tecnocasa\\anuncio_343\\10.jpeg', 'imagenes_tecnocasa\\anuncio_343\\11.jpeg', 'imagenes_tecnocasa\\anuncio_343\\12.jpeg', 'imagenes_tecnocasa\\anuncio_343\\13.jpeg', 'imagenes_tecnocasa\\anuncio_343\\14.jpeg', 'imagenes_tecnocasa\\anuncio_343\\15.jpeg', 'imagenes_tecnocasa\\anuncio_343\\16.jpeg', 'imagenes_tecnocasa\\anuncio_343\\17.jpeg', 'imagenes_tecnocasa\\anuncio_343\\18.jpeg', 'imagenes_tecnocasa\\anuncio_343\\19.jpeg', 'imagenes_tecnocasa\\anuncio_343\\20.jpeg', 'imagenes_tecnocasa\\anuncio_343\\21.jpeg', 'imagenes_tecnocasa\\anuncio_343\\22.jpeg', 'imagenes_tecnocasa\\anuncio_343\\23.jpeg', 'imagenes_tecnocasa\\anuncio_343\\24.jpeg', 'imagenes_tecnocasa\\anuncio_343\\25.jpeg', 'imagenes_tecnocasa\\anuncio_343\\26.jpeg', 'imagenes_tecnocasa\\anuncio_343\\27.jpeg']",0,Señorial,1969,1,0,1,piso,4,Carabanchel,"Carabanchel, Marque De Vadillo - Comillas, Madrid",40.3742112,-3.744676,343,4175.824175824176,233.0,157.0,0.0,0.0,1.0,0.0,otro,pintura,corredera,estándar (2.4-2.8m),nada,3.2,3.0,convencional,"['#F5F5DC', '#A0522D', '#FFF8DC']",regular,False,convencional,normal,ninguno,ninguno,estándar,básica,ninguno,6.2,6.4,ninguna,5
https://www.tecnocasa.es/venta/piso/madrid/madrid/616499.html,248000.0,3,65.0,1,"Esteban Collantes: Planta 5ª con ascensor, para entrar a vivir. Terraza exterior. Calefacción de G/Natural y A/Acond. en el salón. Baño con ventana. Cerca del metro.
El inmueble está en venta exclusivamente para clientes que financien por el grupo Tecnocasa.
C/ Esteban Collantes
El salón es muy luminoso, el suelo es de tarima flotante y dispone de aire acondicionado con bomba de calor.
La cocina está equipada con vitrocerámica, horno encastrado, campana extraible e integrada en el mobiliario. Los muebles tienen gran capacidad de almacenaje y el microondas está colgado con soporte para que no ocupe espacio en la encimera.
El dormitorio principal tiene un gran armario hecho a medida y espacio suficiente para un segundo armario. La orientación es noroeste.
El segundo dormitorio es de buen tamaño y tiene acceso a la terraza.
El tercer dormitorio individual tiene un buen tamaño con bastante espacio.
El baño cuenta con plato de ducha, wc, toallero calefactable y ventana para su ventilación natural
La terraza exterior está equipada con cerramiento acristalado, cuenta con calefacción, y está acomodada como zona de estudio - teletrabajo.

El edificio está equipado con asesor tiene la fachada enfoscada y está bien conservado. La ITE está pasada del año 2015.
El inmueble está muy bien ubicado, cercano a supermercados (Mercadona, Ahorramas, Dia, etc..) y hay varias líneas de autobús y de metro, las más cercanas son las de Ciudad Lineal (L-5), Pueblo Nuevo (L-5 y L-7) y Ascao (L-7).
Realizamos valoraciones gratuitas de viviendas, locales, garajes, etc. por si usted está interesado en vender o alquilar alguna propiedad.
Consulte sin compromiso a los líderes del mercado.
Si usted financia, le sugerimos un estudio financiero de forma gratuita con Kìron, los expertos en intermediación bancaria que pertenecen al grupo Tecnocasa. Financiación hasta 100 %.
Pregúntanos cómo conseguir la mejor hipoteca del mercado, infórmese sin compromiso.
El inmueble está en venta exclusivamente para clientes que financien por el grupo Tecnocasa.
Si desea concertar una visita o ampliar información puede contactarnos y le responderemos lo antes posible, estaremos encantados de atenderle.
Muchas gracias por su confianza.
La información de este anuncio, se muestra a título informativo, no es contractual ni vinculante y puede contener errores.
¡Contáctenos y gestionaremos su visita!
Puede encontrarnos en C/ EMILIO FERRARI Nº 33, <M> Pueblo Nuevo (L-5 y L-7)
Teléfono fijo (+34) 91 377 19 79 / Móvil y whatsapp (+34) 635 603 345.",1,0,1,1,1,1,1,1,1,1,"['https://cdn-media.medialabtc.it/es/agencies/mdaq3/estates/616499/images/8872553/gallery_media.jpeg', 'https://cdn-media.medialabtc.it/es/agencies/mdaq3/estates/616499/images/8872386/gallery_media.jpeg', 'https://cdn-media.medialabtc.it/es/agencies/mdaq3/estates/616499/images/8872883/gallery_media.jpeg', 'https://cdn-media.medialabtc.it/es/agencies/mdaq3/estates/616499/images/8872558/gallery_media.jpeg', 'https://cdn-media.medialabtc.it/es/agencies/mdaq3/estates/616499/images/8872882/gallery_media.jpeg', 'https://cdn-media.medialabtc.it/es/agencies/mdaq3/estates/616499/images/8872559/gallery_media.jpeg', 'https://cdn-media.medialabtc.it/es/agencies/mdaq3/estates/616499/images/8872560/gallery_media.jpeg', 'https://cdn-media.medialabtc.it/es/agencies/mdaq3/estates/616499/images/8872390/gallery_media.jpeg', 'https://cdn-media.medialabtc.it/es/agencies/mdaq3/estates/616499/images/8872563/gallery_media.jpeg', 'https://cdn-media.medialabtc.it/es/agencies/mdaq3/estates/616499/images/8872562/gallery_media.jpeg', 'https://cdn-media.medialabtc.it/es/agencies/mdaq3/estates/616499/images/8872552/gallery_media.jpeg', 'https://cdn-media.medialabtc.it/es/agencies/mdaq3/estates/616499/images/8872550/gallery_media.jpeg', 'https://cdn-media.medialabtc.it/es/agencies/mdaq3/estates/616499/images/8872385/gallery_media.jpeg', 'https://cdn-media.medialabtc.it/es/agencies/mdaq3/estates/616499/images/8872387/gallery_media.jpeg', 'https://cdn-media.medialabtc.it/es/agencies/mdaq3/estates/616499/images/8872564/gallery_media.jpeg', 'https://cdn-media.medialabtc.it/es/agencies/mdaq3/estates/616499/images/8872392/gallery_media.jpeg', 'https://cdn-media.medialabtc.it/es/agencies/mdaq3/estates/616499/images/8872556/gallery_media.jpeg', 'https://cdn-media.medialabtc.it/es/agencies/mdaq3/estates/616499/images/8872565/gallery_media.jpeg', 'https://cdn-media.medialabtc.it/es/agencies/mdaq3/estates/616499/images/8872384/gallery_media.jpeg']",0,Desconocido,0,0,0,1,0,E,1,0,"['imagenes_tecnocasa\\anuncio_345\\0.jpeg', 'imagenes_tecnocasa\\anuncio_345\\1.jpeg', 'imagenes_tecnocasa\\anuncio_345\\2.jpeg', 'imagenes_tecnocasa\\anuncio_345\\3.jpeg', 'imagenes_tecnocasa\\anuncio_345\\4.jpeg', 'imagenes_tecnocasa\\anuncio_345\\5.jpeg', 'imagenes_tecnocasa\\anuncio_345\\6.jpeg', 'imagenes_tecnocasa\\anuncio_345\\7.jpeg', 'imagenes_tecnocasa\\anuncio_345\\8.jpeg', 'imagenes_tecnocasa\\anuncio_345\\9.jpeg', 'imagenes_tecnocasa\\anuncio_345\\10.jpeg', 'imagenes_tecnocasa\\anuncio_345\\11.jpeg', 'imagenes_tecnocasa\\anuncio_345\\12.jpeg', 'imagenes_tecnocasa\\anuncio_345\\13.jpeg', 'imagenes_tecnocasa\\anuncio_345\\14.jpeg', 'imagenes_tecnocasa\\anuncio_345\\15.jpeg', 'imagenes_tecnocasa\\anuncio_345\\16.jpeg', 'imagenes_tecnocasa\\anuncio_345\\17.jpeg', 'imagenes_tecnocasa\\anuncio_345\\18.jpeg']",1,Señorial,1965,0,0,1,piso,3,Madrid,"Pueblo Nuevo, Madrid",40.4167047,-3.7035825,345,3815.3846153846152,398.0,251.0,0.0625,0.4,1.0,0.0,otro,pintura,corredera,estándar (2.4-2.8m),nada,3.6,5.0,convencional,"['#FFFFFF', '#A9A9A9', '#808080']",regular,False,convencional,limitado,ninguno,ninguno,estándar,básica,ninguno,6.2,6.4,ninguna,5
https://www.tecnocasa.es/venta/piso/madrid/villalbilla/616806.html,222900.0,2,115.0,1,"AGENCIA INMOBILIARIA TECNOCASA VILLALBILLA VENDE FANTÁSTICO BAJO REFORMADO CON JARDÍN PRIVADO
Si estás buscando un hogar acogedor, reformado y listo para entrar a vivir, ¡este espectacular bajo exterior en El Viso es para ti!
Características destacadas:
Luminoso y exterior: Disfruta de luz natural durante todo el día gracias a su excelente orientación.
Espacios bien distribuidos: Cuenta con un salón ideal, una cocina completamente equipada, dos acogedoras habitaciones y un baño moderno y funcional.
Zona exterior privada: Relájate o disfruta de su encantador patio-jardín
Totalmente reformado: El inmueble ha sido renovado con gusto y materiales de calidad, lo que garantiza confort y durabilidad.
Ubicación inmejorable: Situado en una zona tranquila de El Viso, con fácil acceso a servicios, colegios, transporte y zonas verdes.
NO DUDES EN VENIR A VISITARLA.
CONSULTA CON NUESTRO DEPARTAMENTO FINANCIERO KIRON EL 100% DE TU HIPOTECA.",0,0,1,1,1,1,0,1,0,0,"['https://cdn-media.medialabtc.it/es/agencies/md553/estates/616806/images/8885786/gallery_media.jpeg', 'https://cdn-media.medialabtc.it/es/agencies/md553/estates/616806/images/8885782/gallery_media.jpeg', 'https://cdn-media.medialabtc.it/es/agencies/md553/estates/616806/images/8885797/gallery_media.jpeg', 'https://cdn-media.medialabtc.it/es/agencies/md553/estates/616806/images/8885796/gallery_media.jpeg', 'https://cdn-media.medialabtc.it/es/agencies/md553/estates/616806/images/8885783/gallery_media.jpeg', 'https://cdn-media.medialabtc.it/es/agencies/md553/estates/616806/images/8885802/gallery_media.jpeg', 'https://cdn-media.medialabtc.it/es/agencies/md553/estates/616806/images/8885785/gallery_media.jpeg', 'https://cdn-media.medialabtc.it/es/agencies/md553/estates/616806/images/8885804/gallery_media.jpeg', 'https://cdn-media.medialabtc.it/es/agencies/md553/estates/616806/images/8885803/gallery_media.jpeg', 'https://cdn-media.medialabtc.it/es/agencies/md553/estates/616806/images/8885794/gallery_media.jpeg', 'https://cdn-media.medialabtc.it/es/agencies/md553/estates/616806/images/8885791/gallery_media.jpeg', 'https://cdn-media.medialabtc.it/es/agencies/md553/estates/616806/images/8885799/gallery_media.jpeg', 'https://cdn-media.medialabtc.it/es/agencies/md553/estates/616806/images/8885789/gallery_media.jpeg', 'https://cdn-media.medialabtc.it/es/agencies/md553/estates/616806/images/8885793/gallery_media.jpeg', 'https://cdn-media.medialabtc.it/es/agencies/md553/estates/616806/images/8885795/gallery_media.jpeg', 'https://cdn-media.medialabtc.it/es/agencies/md553/estates/616806/images/8885805/gallery_media.jpeg', 'https://cdn-media.medialabtc.it/es/agencies/md553/estates/616806/images/8885784/gallery_media.jpeg', 'https://cdn-media.medialabtc.it/es/agencies/md553/estates/616806/images/8885806/gallery_media.jpeg', 'https://cdn-media.medialabtc.it/es/agencies/md553/estates/616806/images/8885798/gallery_media.jpeg', 'https://cdn-media.medialabtc.it/es/agencies/md553/estates/616806/images/8885787/gallery_media.jpeg', 'https://cdn-media.medialabtc.it/es/agencies/md553/estates/616806/images/8885792/gallery_media.jpeg', 'https://cdn-media.medialabtc.it/es/agencies/md553/estates/616806/images/8885800/gallery_media.jpeg', 'https://cdn-media.medialabtc.it/es/agencies/md553/estates/616806/images/8885950/gallery_media.jpeg', 'https://cdn-media.medialabtc.it/es/agencies/md553/estates/616806/images/8885790/gallery_media.jpeg']",0,Reformado,0,0,0,0,0,F,0,1,"['imagenes_tecnocasa\\anuncio_346\\0.jpeg', 'imagenes_tecnocasa\\anuncio_346\\1.jpeg', 'imagenes_tecnocasa\\anuncio_346\\2.jpeg', 'imagenes_tecnocasa\\anuncio_346\\3.jpeg', 'imagenes_tecnocasa\\anuncio_346\\4.jpeg', 'imagenes_tecnocasa\\anuncio_346\\5.jpeg', 'imagenes_tecnocasa\\anuncio_346\\6.jpeg', 'imagenes_tecnocasa\\anuncio_346\\7.jpeg', 'imagenes_tecnocasa\\anuncio_346\\8.jpeg', 'imagenes_tecnocasa\\anuncio_346\\9.jpeg', 'imagenes_tecnocasa\\anuncio_346\\10.jpeg', 'imagenes_tecnocasa\\anuncio_346\\11.jpeg', 'imagenes_tecnocasa\\anuncio_346\\12.jpeg', 'imagenes_tecnocasa\\anuncio_346\\13.jpeg', 'imagenes_tecnocasa\\anuncio_346\\14.jpeg', 'imagenes_tecnocasa\\anuncio_346\\15.jpeg', 'imagenes_tecnocasa\\anuncio_346\\16.jpeg', 'imagenes_tecnocasa\\anuncio_346\\17.jpeg', 'imagenes_tecnocasa\\anuncio_346\\18.jpeg', 'imagenes_tecnocasa\\anuncio_346\\19.jpeg', 'imagenes_tecnocasa\\anuncio_346\\20.jpeg', 'imagenes_tecnocasa\\anuncio_346\\21.jpeg', 'imagenes_tecnocasa\\anuncio_346\\22.jpeg', 'imagenes_tecnocasa\\anuncio_346\\23.jpeg']",0,De época,2009,0,0,0,piso,1,Villalbilla,Villalbilla,40.4323665,-3.2987815,346,1938.2608695652175,139.0,116.0,0.5,0.7,3.0,0.0,cerámica,pintura,no visible,estándar (2.4-2.8m),nada,3.6,4.8,moderno,"['#FFFFFF', '#D3D3D3', '#A9A9A9']",regular,False,convencional,normal,ninguno,ninguno,estándar,parcialmente equipada,ninguno,6.6,6.4,ninguna,5
https://www.tecnocasa.es/venta/piso/madrid/madrid/612384.html,580000.0,4,180.0,2,"Tecnocasa Agencia inmobiliaria de MADRID - zona CIUDAD PEGASO - ALAMEDA DE OSUNA - REJAS - Oficina Tecnocasa de MADRID
Vende piso situado en Calle Alcalá; (URBANIZACIÓN LAS NOGUERAS)
1ª PLANTA CON ASCENSOR.
200 m2.
5 dormitorios, gran salón, cocina, 2 baños, terraza y plaza de garaje directa desde ascensor.
Es completamente exterior, dispone de mucha luz y está en una ubicación privilegiada por su tranquilidad.
Se encuentra en una finca cerrada que dispone de conserje, bosque privado, parque infantil, sala polivalente, piscina y gimnasio.
La vivienda es luminosa, tiene vista despejada hacia jardín privado y calle secundaria.
La finca dispone también de numerosos jardines ornamentales.
La zona es muy tranquila dispone de numerosas zonas para pasear y hacer deporte al aire libre.
A 5 minutos del Metro de El Capricho (Línea 5).
Todos los servicios muy cerca como colegios, comercios de proximidad, mercado de Alameda de Osuna, supermercados grandes, centro de salud, etc.
Cerca del C. C. PLENILUNIO.
Muy buena conexión con Aeropuerto y Avenida de América, así como carreteras m40, A2, m12, m30, etc.
Visítelo sin ningún compromiso.
HIPOTECA 100%.
Consulte las condiciones de venta o de arrendamiento específicas para cada inmueble. La información contenida en este anuncio no tiene carácter contractual ni vinculante, ya que podría contener alguna incorreción.",1,0,1,1,1,1,0,1,1,1,"['https://cdn-media.medialabtc.it/es/agencies/md064/estates/612384/images/8802018/gallery_media.jpeg', 'https://cdn-media.medialabtc.it/es/agencies/md064/estates/612384/images/8802015/gallery_media.jpeg', 'https://cdn-media.medialabtc.it/es/agencies/md064/estates/612384/images/8802008/gallery_media.jpeg', 'https://cdn-media.medialabtc.it/es/agencies/md064/estates/612384/images/8802026/gallery_media.jpeg', 'https://cdn-media.medialabtc.it/es/agencies/md064/estates/612384/images/8795606/gallery_media.jpeg', 'https://cdn-media.medialabtc.it/es/agencies/md064/estates/612384/images/8802017/gallery_media.jpeg', 'https://cdn-media.medialabtc.it/es/agencies/md064/estates/612384/images/8802010/gallery_media.jpeg', 'https://cdn-media.medialabtc.it/es/agencies/md064/estates/612384/images/8795603/gallery_media.jpeg', 'https://cdn-media.medialabtc.it/es/agencies/md064/estates/612384/images/8795604/gallery_media.jpeg', 'https://cdn-media.medialabtc.it/es/agencies/md064/estates/612384/images/8802012/gallery_media.jpeg', 'https://cdn-media.medialabtc.it/es/agencies/md064/estates/612384/images/8802024/gallery_media.jpeg', 'https://cdn-media.medialabtc.it/es/agencies/md064/estates/612384/images/8795612/gallery_media.jpeg', 'https://cdn-media.medialabtc.it/es/agencies/md064/estates/612384/images/8802009/gallery_media.jpeg', 'https://cdn-media.medialabtc.it/es/agencies/md064/estates/612384/images/8795607/gallery_media.jpeg', 'https://cdn-media.medialabtc.it/es/agencies/md064/estates/612384/images/8802025/gallery_media.jpeg', 'https://cdn-media.medialabtc.it/es/agencies/md064/estates/612384/images/8802014/gallery_media.jpeg', 'https://cdn-media.medialabtc.it/es/agencies/md064/estates/612384/images/8802027/gallery_media.jpeg', 'https://cdn-media.medialabtc.it/es/agencies/md064/estates/612384/images/8795610/gallery_media.jpeg', 'https://cdn-media.medialabtc.it/es/agencies/md064/estates/612384/images/8802011/gallery_media.jpeg', 'https://cdn-media.medialabtc.it/es/agencies/md064/estates/612384/images/8802023/gallery_media.jpeg', 'https://cdn-media.medialabtc.it/es/agencies/md064/estates/612384/images/8802028/gallery_media.jpeg', 'https://cdn-media.medialabtc.it/es/agencies/md064/estates/612384/images/8802022/gallery_media.jpeg', 'https://cdn-media.medialabtc.it/es/agencies/md064/estates/612384/images/8802000/gallery_media.jpeg', 'https://cdn-media.medialabtc.it/es/agencies/md064/estates/612384/images/8795615/gallery_media.jpeg', 'https://cdn-media.medialabtc.it/es/agencies/md064/estates/612384/images/8795609/gallery_media.jpeg', 'https://cdn-media.medialabtc.it/es/agencies/md064/estates/612384/images/8795605/gallery_media.jpeg', 'https://cdn-media.medialabtc.it/es/agencies/md064/estates/612384/images/8802001/gallery_media.jpeg', 'https://cdn-media.medialabtc.it/es/agencies/md064/estates/612384/images/8802016/gallery_media.jpeg', 'https://cdn-media.medialabtc.it/es/agencies/md064/estates/612384/images/8802013/gallery_media.jpeg', 'https://cdn-media.medialabtc.it/es/agencies/md064/estates/612384/images/8795616/gallery_media.jpeg']",0,Desconocido,1,0,1,1,1,E,0,0,"['imagenes_tecnocasa\\anuncio_347\\0.jpeg', 'imagenes_tecnocasa\\anuncio_347\\1.jpeg', 'imagenes_tecnocasa\\anuncio_347\\2.jpeg', 'imagenes_tecnocasa\\anuncio_347\\3.jpeg', 'imagenes_tecnocasa\\anuncio_347\\4.jpeg', 'imagenes_tecnocasa\\anuncio_347\\5.jpeg', 'imagenes_tecnocasa\\anuncio_347\\6.jpeg', 'imagenes_tecnocasa\\anuncio_347\\7.jpeg', 'imagenes_tecnocasa\\anuncio_347\\8.jpeg', 'imagenes_tecnocasa\\anuncio_347\\9.jpeg', 'imagenes_tecnocasa\\anuncio_347\\10.jpeg', 'imagenes_tecnocasa\\anuncio_347\\11.jpeg', 'imagenes_tecnocasa\\anuncio_347\\12.jpeg', 'imagenes_tecnocasa\\anuncio_347\\13.jpeg', 'imagenes_tecnocasa\\anuncio_347\\14.jpeg', 'imagenes_tecnocasa\\anuncio_347\\15.jpeg', 'imagenes_tecnocasa\\anuncio_347\\16.jpeg', 'imagenes_tecnocasa\\anuncio_347\\17.jpeg', 'imagenes_tecnocasa\\anuncio_347\\18.jpeg', 'imagenes_tecnocasa\\anuncio_347\\19.jpeg', 'imagenes_tecnocasa\\anuncio_347\\20.jpeg', 'imagenes_tecnocasa\\anuncio_347\\21.jpeg', 'imagenes_tecnocasa\\anuncio_347\\22.jpeg', 'imagenes_tecnocasa\\anuncio_347\\23.jpeg', 'imagenes_tecnocasa\\anuncio_347\\24.jpeg', 'imagenes_tecnocasa\\anuncio_347\\25.jpeg', 'imagenes_tecnocasa\\anuncio_347\\26.jpeg', 'imagenes_tecnocasa\\anuncio_347\\27.jpeg', 'imagenes_tecnocasa\\anuncio_347\\28.jpeg', 'imagenes_tecnocasa\\anuncio_347\\29.jpeg']",0,Señorial,1977,1,0,0,piso,1,Madrid,"Rejas, Madrid",40.4167047,-3.7035825,347,3222.222222222222,212.0,166.0,0.0,0.0,0.0,0.0,otro,otro,otro,estándar (2.4-2.8m),nada,4.4,2.8,clásico,"['#D2B48C', '#A0522D', '#808080']",regular,False,convencional,limitado,ninguno,ninguno,estándar,básica,ninguno,6.0,6.2,ninguna,5
https://www.tecnocasa.es/venta/casa/madrid/villalbilla/619751.html,475000.0,7,318.0,3,"AGENCIA INMOBILIARIA DE VILLALBILLA, OFICINA DE TECNOCASA VENDE CHALET INDIVIDUAL EN VILLALBILLA.

Espectacular vivienda en 2 plantas (cada planta puede ser una vivienda independiente), en excelente entrado de conservación.

Planta Baja: Amplio salón con cocina americana y chimenea de leña con cassette, 3 dormitorios (todos ellos con armario), 1 baño completo, 2 armarios trasteros y un amplísimo comedor, muy luminosos y con armarios con puertas motorizadas.

Primera Planta: Amplio salón independiente con chimenea de leña, cocina independiente, 4 dormitorios todos ellos con espaciosos armarios empotrados, 2 baños completos y salida a una acogedora y amplia TERRAZA cubierta y con vistas panorámicas.

Parcela: en la que encontramos una PISCINA de grandes dimensiones, zona chill out, zona de huerto, numerosos arboles frutales, BARBACO y zona de cenador, garaje cubierto para un vehículo y abierto para otros 4 vehículos, y un amplio trastero.

Ubicado en una zona tranquila, con zonas verdes para pasear, y todos los servicios que necesitamos en el día a día.

¡No pierdas la oportunidad de visitarlo!

CONSULTE SU MEJOR HIPOTECA CON NUESTRO DEPARTAMENTO FINANCIERO KIRON.",0,0,1,0,0,0,0,0,0,1,"['https://cdn-media.medialabtc.it/es/agencies/md553/estates/619751/images/8969445/gallery_media.jpeg', 'https://cdn-media.medialabtc.it/es/agencies/md553/estates/619751/images/8969438/gallery_media.jpeg', 'https://cdn-media.medialabtc.it/es/agencies/md553/estates/619751/images/8969432/gallery_media.jpeg', 'https://cdn-media.medialabtc.it/es/agencies/md553/estates/619751/images/8969451/gallery_media.jpeg', 'https://cdn-media.medialabtc.it/es/agencies/md553/estates/619751/images/8969441/gallery_media.jpeg', 'https://cdn-media.medialabtc.it/es/agencies/md553/estates/619751/images/8969430/gallery_media.jpeg', 'https://cdn-media.medialabtc.it/es/agencies/md553/estates/619751/images/8969448/gallery_media.jpeg', 'https://cdn-media.medialabtc.it/es/agencies/md553/estates/619751/images/8969446/gallery_media.jpeg', 'https://cdn-media.medialabtc.it/es/agencies/md553/estates/619751/images/8969435/gallery_media.jpeg', 'https://cdn-media.medialabtc.it/es/agencies/md553/estates/619751/images/8969447/gallery_media.jpeg', 'https://cdn-media.medialabtc.it/es/agencies/md553/estates/619751/images/8969442/gallery_media.jpeg', 'https://cdn-media.medialabtc.it/es/agencies/md553/estates/619751/images/8969439/gallery_media.jpeg', 'https://cdn-media.medialabtc.it/es/agencies/md553/estates/619751/images/8969433/gallery_media.jpeg', 'https://cdn-media.medialabtc.it/es/agencies/md553/estates/619751/images/8969452/gallery_media.jpeg', 'https://cdn-media.medialabtc.it/es/agencies/md553/estates/619751/images/8969440/gallery_media.jpeg', 'https://cdn-media.medialabtc.it/es/agencies/md553/estates/619751/images/8969431/gallery_media.jpeg', 'https://cdn-media.medialabtc.it/es/agencies/md553/estates/619751/images/8969436/gallery_media.jpeg', 'https://cdn-media.medialabtc.it/es/agencies/md553/estates/619751/images/8969453/gallery_media.jpeg', 'https://cdn-media.medialabtc.it/es/agencies/md553/estates/619751/images/8969437/gallery_media.jpeg', 'https://cdn-media.medialabtc.it/es/agencies/md553/estates/619751/images/8969443/gallery_media.jpeg', 'https://cdn-media.medialabtc.it/es/agencies/md553/estates/619751/images/8969450/gallery_media.jpeg', 'https://cdn-media.medialabtc.it/es/agencies/md553/estates/619751/images/8969434/gallery_media.jpeg', 'https://cdn-media.medialabtc.it/es/agencies/md553/estates/619751/images/8969454/gallery_media.jpeg', 'https://cdn-media.medialabtc.it/es/agencies/md553/estates/619751/images/8969444/gallery_media.jpeg', 'https://cdn-media.medialabtc.it/es/agencies/md553/estates/619751/images/8969449/gallery_media.jpeg']",1,Desconocido,1,1,1,1,0,E,0,1,"['imagenes_tecnocasa\\anuncio_348\\0.jpeg', 'imagenes_tecnocasa\\anuncio_348\\1.jpeg', 'imagenes_tecnocasa\\anuncio_348\\2.jpeg', 'imagenes_tecnocasa\\anuncio_348\\3.jpeg', 'imagenes_tecnocasa\\anuncio_348\\4.jpeg', 'imagenes_tecnocasa\\anuncio_348\\5.jpeg', 'imagenes_tecnocasa\\anuncio_348\\6.jpeg', 'imagenes_tecnocasa\\anuncio_348\\7.jpeg', 'imagenes_tecnocasa\\anuncio_348\\8.jpeg', 'imagenes_tecnocasa\\anuncio_348\\9.jpeg', 'imagenes_tecnocasa\\anuncio_348\\10.jpeg', 'imagenes_tecnocasa\\anuncio_348\\11.jpeg', 'imagenes_tecnocasa\\anuncio_348\\12.jpeg', 'imagenes_tecnocasa\\anuncio_348\\13.jpeg', 'imagenes_tecnocasa\\anuncio_348\\14.jpeg', 'imagenes_tecnocasa\\anuncio_348\\15.jpeg', 'imagenes_tecnocasa\\anuncio_348\\16.jpeg', 'imagenes_tecnocasa\\anuncio_348\\17.jpeg', 'imagenes_tecnocasa\\anuncio_348\\18.jpeg', 'imagenes_tecnocasa\\anuncio_348\\19.jpeg', 'imagenes_tecnocasa\\anuncio_348\\20.jpeg', 'imagenes_tecnocasa\\anuncio_348\\21.jpeg', 'imagenes_tecnocasa\\anuncio_348\\22.jpeg', 'imagenes_tecnocasa\\anuncio_348\\23.jpeg', 'imagenes_tecnocasa\\anuncio_348\\24.jpeg']",1,Media,1982,1,0,0,casa,1,Villalbilla,Villalbilla,40.4323665,-3.2987815,348,1493.7106918238994,176.0,122.0,0.0,0.4,2.0,0.0,otro,pintura,corredera,estándar (2.4-2.8m),nada,4.6,4.0,clásico,"['#A0522D', '#8B4513', '#DEB887']",buena,True,convencional,amplio,ninguno,ninguno,estándar,parcialmente equipada,ninguno,6.8,6.4,ninguna,5
https://www.tecnocasa.es/venta/piso/madrid/madrid/616979.html,185000.0,3,75.0,1,"Tecnocasa Agencia Inmobiliaria
Agencia inmobiliaria de MADRID, zona VILLAVERDE BAJO – LOS ROSALES.
EN VENTA: Magnífico piso de 3 dormitorios en una 2ª planta sin ascensor, piso exterior con distribución independiente. Para entrar a vivir
Situada en el barrio de Villaverde Bajo la vivienda cuenta con la cercanía de todos los servicios necesarios para la vida cotidiana: supermercados, colegios, farmacias, centro de salud, varias líneas de autobús, línea 3 de metro, cercanías, así como las típicas tiendas de barrio, etc..",1,1,1,1,1,1,0,1,1,1,"['https://cdn-media.medialabtc.it/es/agencies/md093/estates/616979/images/8936785/gallery_media.jpeg', 'https://cdn-media.medialabtc.it/es/agencies/md093/estates/616979/images/8936802/gallery_media.jpeg', 'https://cdn-media.medialabtc.it/es/agencies/md093/estates/616979/images/8936788/gallery_media.jpeg', 'https://cdn-media.medialabtc.it/es/agencies/md093/estates/616979/images/8936787/gallery_media.jpeg', 'https://cdn-media.medialabtc.it/es/agencies/md093/estates/616979/images/8936789/gallery_media.jpeg', 'https://cdn-media.medialabtc.it/es/agencies/md093/estates/616979/images/8936795/gallery_media.jpeg', 'https://cdn-media.medialabtc.it/es/agencies/md093/estates/616979/images/8936804/gallery_media.jpeg', 'https://cdn-media.medialabtc.it/es/agencies/md093/estates/616979/images/8936781/gallery_media.jpeg', 'https://cdn-media.medialabtc.it/es/agencies/md093/estates/616979/images/8936790/gallery_media.jpeg', 'https://cdn-media.medialabtc.it/es/agencies/md093/estates/616979/images/8936794/gallery_media.jpeg', 'https://cdn-media.medialabtc.it/es/agencies/md093/estates/616979/images/8936803/gallery_media.jpeg', 'https://cdn-media.medialabtc.it/es/agencies/md093/estates/616979/images/8936793/gallery_media.jpeg', 'https://cdn-media.medialabtc.it/es/agencies/md093/estates/616979/images/8936780/gallery_media.jpeg', 'https://cdn-media.medialabtc.it/es/agencies/md093/estates/616979/images/8936786/gallery_media.jpeg', 'https://cdn-media.medialabtc.it/es/agencies/md093/estates/616979/images/8936791/gallery_media.jpeg', 'https://cdn-media.medialabtc.it/es/agencies/md093/estates/616979/images/8936779/gallery_media.jpeg', 'https://cdn-media.medialabtc.it/es/agencies/md093/estates/616979/images/8936792/gallery_media.jpeg']",0,Desconocido,0,0,0,0,0,G,0,0,"['imagenes_tecnocasa\\anuncio_351\\0.jpeg', 'imagenes_tecnocasa\\anuncio_351\\1.jpeg', 'imagenes_tecnocasa\\anuncio_351\\2.jpeg', 'imagenes_tecnocasa\\anuncio_351\\3.jpeg', 'imagenes_tecnocasa\\anuncio_351\\4.jpeg', 'imagenes_tecnocasa\\anuncio_351\\5.jpeg', 'imagenes_tecnocasa\\anuncio_351\\6.jpeg', 'imagenes_tecnocasa\\anuncio_351\\7.jpeg', 'imagenes_tecnocasa\\anuncio_351\\8.jpeg', 'imagenes_tecnocasa\\anuncio_351\\9.jpeg', 'imagenes_tecnocasa\\anuncio_351\\10.jpeg', 'imagenes_tecnocasa\\anuncio_351\\11.jpeg', 'imagenes_tecnocasa\\anuncio_351\\12.jpeg', 'imagenes_tecnocasa\\anuncio_351\\13.jpeg', 'imagenes_tecnocasa\\anuncio_351\\14.jpeg', 'imagenes_tecnocasa\\anuncio_351\\15.jpeg', 'imagenes_tecnocasa\\anuncio_351\\16.jpeg']",1,Media,1967,1,0,0,piso,3,Madrid,"Villaverde Bajo - Oroquieta - Espinillo, Madrid",40.4167047,-3.7035825,351,2466.6666666666665,80.0,66.0,0.0,0.0,0.0,0.0,otro,pintura,corredera,estándar (2.4-2.8m),nada,3.2,3.8,convencional,"['#FFB3BA', '#F2E9E4', '#FFA500']",regular,False,convencional,limitado,ninguno,ninguno,estándar,básica,ninguno,5.4,6.4,ninguna,5
https://www.tecnocasa.es/venta/piso/madrid/madrid/617927.html,142000.0,2,42.0,1,"Tecnocasa Agencia Inmobiliaria
Agencia inmobiliaria de MADRID, zona VILLAVERDE BAJO – LOS ROSALES.
EN VENTA: Piso de 2 dormitorios en una 2ª planta sin ascensor, piso exterior con terraza. En una de las mejores calles del barrio.
Situada en el barrio de Villaverde Bajo la vivienda cuenta con la cercanía de todos los servicios necesarios para la vida cotidiana: supermercados, colegios, farmacias, centro de salud, varias líneas de autobús, línea 3 de metro, cercanías, así como las típicas tiendas de barrio, etc..",1,1,1,1,1,1,0,1,1,1,"['https://cdn-media.medialabtc.it/es/agencies/md093/estates/617927/images/8930278/gallery_media.jpeg', 'https://cdn-media.medialabtc.it/es/agencies/md093/estates/617927/images/8930273/gallery_media.jpeg', 'https://cdn-media.medialabtc.it/es/agencies/md093/estates/617927/images/8930302/gallery_media.jpeg', 'https://cdn-media.medialabtc.it/es/agencies/md093/estates/617927/images/8930276/gallery_media.jpeg', 'https://cdn-media.medialabtc.it/es/agencies/md093/estates/617927/images/8930280/gallery_media.jpeg', 'https://cdn-media.medialabtc.it/es/agencies/md093/estates/617927/images/8930305/gallery_media.jpeg', 'https://cdn-media.medialabtc.it/es/agencies/md093/estates/617927/images/8930304/gallery_media.jpeg', 'https://cdn-media.medialabtc.it/es/agencies/md093/estates/617927/images/8930281/gallery_media.jpeg', 'https://cdn-media.medialabtc.it/es/agencies/md093/estates/617927/images/8930277/gallery_media.jpeg', 'https://cdn-media.medialabtc.it/es/agencies/md093/estates/617927/images/8930279/gallery_media.jpeg', 'https://cdn-media.medialabtc.it/es/agencies/md093/estates/617927/images/8930275/gallery_media.jpeg', 'https://cdn-media.medialabtc.it/es/agencies/md093/estates/617927/images/8930306/gallery_media.jpeg', 'https://cdn-media.medialabtc.it/es/agencies/md093/estates/617927/images/8930303/gallery_media.jpeg', 'https://cdn-media.medialabtc.it/es/agencies/md093/estates/617927/images/8930274/gallery_media.jpeg']",0,Desconocido,0,0,0,1,0,E,0,0,"['imagenes_tecnocasa\\anuncio_352\\0.jpeg', 'imagenes_tecnocasa\\anuncio_352\\1.jpeg', 'imagenes_tecnocasa\\anuncio_352\\2.jpeg', 'imagenes_tecnocasa\\anuncio_352\\3.jpeg', 'imagenes_tecnocasa\\anuncio_352\\4.jpeg', 'imagenes_tecnocasa\\anuncio_352\\5.jpeg', 'imagenes_tecnocasa\\anuncio_352\\6.jpeg', 'imagenes_tecnocasa\\anuncio_352\\7.jpeg', 'imagenes_tecnocasa\\anuncio_352\\8.jpeg', 'imagenes_tecnocasa\\anuncio_352\\9.jpeg', 'imagenes_tecnocasa\\anuncio_352\\10.jpeg', 'imagenes_tecnocasa\\anuncio_352\\11.jpeg', 'imagenes_tecnocasa\\anuncio_352\\12.jpeg', 'imagenes_tecnocasa\\anuncio_352\\13.jpeg']",0,Media,1968,0,0,0,piso,2,Madrid,"Villaverde Bajo - Oroquieta - Espinillo, Madrid",40.4167047,-3.7035825,352,3380.9523809523807,82.0,67.0,0.0,0.0,0.0,0.0,cerámica,pintura,corredera,estándar (2.4-2.8m),nada,3.2,3.8,convencional,"['#FFFFFF', '#B30000', '#D2691E']",regular,False,convencional,limitado,ninguno,ninguno,estándar,básica,ninguno,5.2,6.2,ninguna,5
https://www.tecnocasa.es/venta/piso/madrid/madrid/616200.html,180000.0,3,55.0,1,"¡Descubre tu nuevo hogar en Villaverde Alto! Este magnífico piso de 55 m² es la oportunidad que estabas esperando. Con 3 habitaciones luminosas y un salón acogedor que se abre a una terraza interior, este espacio ofrece comodidad y tranquilidad. La cocina, ubicada en el exterior, es perfecta para disfrutar de momentos culinarios. Además, cuenta con un baño equipado con plato de ducha y calefacción de gas natural en todas las estancias, asegurando un ambiente cálido en invierno.

El aire acondicionado en el salón y el dormitorio principal te permitirá disfrutar de un clima agradable durante los meses más calurosos. La vivienda se encuentra en una calle residencial y tranquila, ideal para quienes buscan paz sin alejarse de la ciudad. Su estado de conservación es apto para entrar a vivir, aunque también ofrece la posibilidad de transformarla en la vivienda de ensueño que siempre imaginaste.

Incluye una plaza de garaje en el mismo edificio, lo que añade un gran valor a esta propiedad. Además, la ubicación es inmejorable: a pocos pasos de paradas de autobuses y cerca de la estación 'Puente Alcocer' del C-5 de Renfe Cercanías, así como de la línea 3 de Metro de Madrid en 'Villaverde Alto'. No pierdas la oportunidad de visitar este encantador piso y convertirlo en tu nuevo hogar. ¡Contáctanos para más información!",1,1,1,1,1,1,0,1,1,1,"['https://cdn-media.medialabtc.it/es/agencies/md091/estates/616200/images/8868557/gallery_media.jpeg', 'https://cdn-media.medialabtc.it/es/agencies/md091/estates/616200/images/8868564/gallery_media.jpeg', 'https://cdn-media.medialabtc.it/es/agencies/md091/estates/616200/images/8868547/gallery_media.jpeg', 'https://cdn-media.medialabtc.it/es/agencies/md091/estates/616200/images/8868553/gallery_media.jpeg', 'https://cdn-media.medialabtc.it/es/agencies/md091/estates/616200/images/8868560/gallery_media.jpeg', 'https://cdn-media.medialabtc.it/es/agencies/md091/estates/616200/images/8868548/gallery_media.jpeg', 'https://cdn-media.medialabtc.it/es/agencies/md091/estates/616200/images/8868565/gallery_media.jpeg', 'https://cdn-media.medialabtc.it/es/agencies/md091/estates/616200/images/8868550/gallery_media.jpeg', 'https://cdn-media.medialabtc.it/es/agencies/md091/estates/616200/images/8868563/gallery_media.jpeg', 'https://cdn-media.medialabtc.it/es/agencies/md091/estates/616200/images/8868555/gallery_media.jpeg', 'https://cdn-media.medialabtc.it/es/agencies/md091/estates/616200/images/8868546/gallery_media.jpeg', 'https://cdn-media.medialabtc.it/es/agencies/md091/estates/616200/images/8868561/gallery_media.jpeg', 'https://cdn-media.medialabtc.it/es/agencies/md091/estates/616200/images/8868544/gallery_media.jpeg', 'https://cdn-media.medialabtc.it/es/agencies/md091/estates/616200/images/8868554/gallery_media.jpeg', 'https://cdn-media.medialabtc.it/es/agencies/md091/estates/616200/images/8868558/gallery_media.jpeg', 'https://cdn-media.medialabtc.it/es/agencies/md091/estates/616200/images/8868556/gallery_media.jpeg', 'https://cdn-media.medialabtc.it/es/agencies/md091/estates/616200/images/8868551/gallery_media.jpeg', 'https://cdn-media.medialabtc.it/es/agencies/md091/estates/616200/images/8868543/gallery_media.jpeg', 'https://cdn-media.medialabtc.it/es/agencies/md091/estates/616200/images/8868552/gallery_media.jpeg', 'https://cdn-media.medialabtc.it/es/agencies/md091/estates/616200/images/8868545/gallery_media.jpeg', 'https://cdn-media.medialabtc.it/es/agencies/md091/estates/616200/images/8868559/gallery_media.jpeg', 'https://cdn-media.medialabtc.it/es/agencies/md091/estates/616200/images/8868549/gallery_media.jpeg', 'https://cdn-media.medialabtc.it/es/agencies/md091/estates/616200/images/8868566/gallery_media.jpeg', 'https://cdn-media.medialabtc.it/es/agencies/md091/estates/616200/images/8868562/gallery_media.jpeg', 'https://cdn-media.medialabtc.it/es/agencies/md091/estates/616200/images/8868567/gallery_media.jpeg']",0,Desconocido,1,0,0,1,0,E,1,0,"['imagenes_tecnocasa\\anuncio_354\\0.jpeg', 'imagenes_tecnocasa\\anuncio_354\\1.jpeg', 'imagenes_tecnocasa\\anuncio_354\\2.jpeg', 'imagenes_tecnocasa\\anuncio_354\\3.jpeg', 'imagenes_tecnocasa\\anuncio_354\\4.jpeg', 'imagenes_tecnocasa\\anuncio_354\\5.jpeg', 'imagenes_tecnocasa\\anuncio_354\\6.jpeg', 'imagenes_tecnocasa\\anuncio_354\\7.jpeg', 'imagenes_tecnocasa\\anuncio_354\\8.jpeg', 'imagenes_tecnocasa\\anuncio_354\\9.jpeg', 'imagenes_tecnocasa\\anuncio_354\\10.jpeg', 'imagenes_tecnocasa\\anuncio_354\\11.jpeg', 'imagenes_tecnocasa\\anuncio_354\\12.jpeg', 'imagenes_tecnocasa\\anuncio_354\\13.jpeg', 'imagenes_tecnocasa\\anuncio_354\\14.jpeg', 'imagenes_tecnocasa\\anuncio_354\\15.jpeg', 'imagenes_tecnocasa\\anuncio_354\\16.jpeg', 'imagenes_tecnocasa\\anuncio_354\\17.jpeg', 'imagenes_tecnocasa\\anuncio_354\\18.jpeg', 'imagenes_tecnocasa\\anuncio_354\\19.jpeg', 'imagenes_tecnocasa\\anuncio_354\\20.jpeg', 'imagenes_tecnocasa\\anuncio_354\\21.jpeg', 'imagenes_tecnocasa\\anuncio_354\\22.jpeg', 'imagenes_tecnocasa\\anuncio_354\\23.jpeg', 'imagenes_tecnocasa\\anuncio_354\\24.jpeg']",0,Señorial,1974,1,0,0,piso,1,Madrid,"Villaverde Alto, Madrid",40.4167047,-3.7035825,354,3272.7272727272725,219.0,144.0,0.55,0.7,0.0,1.0,otro,pintura,corredera,estándar (2.4-2.8m),nada,2.4,3.2,otro,"['#D2B48C', '#FFFFFF', '#A0522D']",regular,False,convencional,limitado,ninguno,ninguno,básico,básica,ninguno,5.4,4.6,ninguna,5
https://www.tecnocasa.es/venta/piso/madrid/madrid/620507.html,146000.0,2,45.0,1,"Agencia inmobiliaria de MADRID - Zona VILLAVERDE ALTO – PASEO ALBERTO PALACIOS Tecnocasa. Piso en venta – Segunda planta en finca de tres alturas
Se ofrece estupendo piso de 46 metros ubicado en la segunda planta de un edificio de tan solo tres alturas, ideal para quienes buscan tranquilidad y buena distribución.
La vivienda cuenta con:
Dos dormitorios amplios y luminosos, perfectos para descanso o para adaptar uno como despacho.Cocina independiente equipada con caldera de gas natural y ventana al exterior, lo que garantiza buena ventilación y luz natural.Baño completo con plato de ducha y ventana, cómodo y funcional.Suelos de tarima que aportan calidez al hogar.Paredes lisas y puertas de roble, que ofrecen un acabado moderno y de calidad.
Se encuentra en el centro del barrio, cerca de las paradas de los autobuses números 130, 22, 86, 131, 79. A pocos minutos del C-5 de Renfe Cercanías parada 'Puente Alcocer' y de la línea 3 de Metro de Madrid, Parada 'Villaverde Alto' y línea C-5 y C-4 de Renfe Cercanías parada 'Villaverde Alto'. Villaverde Alto es un barrio situado en el distrito de Villaverde.",1,1,1,1,1,1,0,1,1,1,"['https://cdn-media.medialabtc.it/es/agencies/md091/estates/620507/images/8974052/gallery_media.jpeg', 'https://cdn-media.medialabtc.it/es/agencies/md091/estates/620507/images/8974053/gallery_media.jpeg', 'https://cdn-media.medialabtc.it/es/agencies/md091/estates/620507/images/8974054/gallery_media.jpeg', 'https://cdn-media.medialabtc.it/es/agencies/md091/estates/620507/images/8974066/gallery_media.jpeg', 'https://cdn-media.medialabtc.it/es/agencies/md091/estates/620507/images/8974067/gallery_media.jpeg', 'https://cdn-media.medialabtc.it/es/agencies/md091/estates/620507/images/8974056/gallery_media.jpeg', 'https://cdn-media.medialabtc.it/es/agencies/md091/estates/620507/images/8974063/gallery_media.jpeg', 'https://cdn-media.medialabtc.it/es/agencies/md091/estates/620507/images/8974051/gallery_media.jpeg', 'https://cdn-media.medialabtc.it/es/agencies/md091/estates/620507/images/8974049/gallery_media.jpeg', 'https://cdn-media.medialabtc.it/es/agencies/md091/estates/620507/images/8974068/gallery_media.jpeg', 'https://cdn-media.medialabtc.it/es/agencies/md091/estates/620507/images/8974047/gallery_media.jpeg', 'https://cdn-media.medialabtc.it/es/agencies/md091/estates/620507/images/8974058/gallery_media.jpeg', 'https://cdn-media.medialabtc.it/es/agencies/md091/estates/620507/images/8974061/gallery_media.jpeg', 'https://cdn-media.medialabtc.it/es/agencies/md091/estates/620507/images/8974044/gallery_media.jpeg', 'https://cdn-media.medialabtc.it/es/agencies/md091/estates/620507/images/8974060/gallery_media.jpeg', 'https://cdn-media.medialabtc.it/es/agencies/md091/estates/620507/images/8974046/gallery_media.jpeg', 'https://cdn-media.medialabtc.it/es/agencies/md091/estates/620507/images/8974055/gallery_media.jpeg', 'https://cdn-media.medialabtc.it/es/agencies/md091/estates/620507/images/8974064/gallery_media.jpeg', 'https://cdn-media.medialabtc.it/es/agencies/md091/estates/620507/images/8974062/gallery_media.jpeg', 'https://cdn-media.medialabtc.it/es/agencies/md091/estates/620507/images/8974057/gallery_media.jpeg', 'https://cdn-media.medialabtc.it/es/agencies/md091/estates/620507/images/8974045/gallery_media.jpeg', 'https://cdn-media.medialabtc.it/es/agencies/md091/estates/620507/images/8974048/gallery_media.jpeg', 'https://cdn-media.medialabtc.it/es/agencies/md091/estates/620507/images/8974059/gallery_media.jpeg', 'https://cdn-media.medialabtc.it/es/agencies/md091/estates/620507/images/8974065/gallery_media.jpeg', 'https://cdn-media.medialabtc.it/es/agencies/md091/estates/620507/images/8974050/gallery_media.jpeg']",0,Desconocido,0,0,0,0,0,E,0,0,"['imagenes_tecnocasa\\anuncio_355\\0.jpeg', 'imagenes_tecnocasa\\anuncio_355\\1.jpeg', 'imagenes_tecnocasa\\anuncio_355\\2.jpeg', 'imagenes_tecnocasa\\anuncio_355\\3.jpeg', 'imagenes_tecnocasa\\anuncio_355\\4.jpeg', 'imagenes_tecnocasa\\anuncio_355\\5.jpeg', 'imagenes_tecnocasa\\anuncio_355\\6.jpeg', 'imagenes_tecnocasa\\anuncio_355\\7.jpeg', 'imagenes_tecnocasa\\anuncio_355\\8.jpeg', 'imagenes_tecnocasa\\anuncio_355\\9.jpeg', 'imagenes_tecnocasa\\anuncio_355\\10.jpeg', 'imagenes_tecnocasa\\anuncio_355\\11.jpeg', 'imagenes_tecnocasa\\anuncio_355\\12.jpeg', 'imagenes_tecnocasa\\anuncio_355\\13.jpeg', 'imagenes_tecnocasa\\anuncio_355\\14.jpeg', 'imagenes_tecnocasa\\anuncio_355\\15.jpeg', 'imagenes_tecnocasa\\anuncio_355\\16.jpeg', 'imagenes_tecnocasa\\anuncio_355\\17.jpeg', 'imagenes_tecnocasa\\anuncio_355\\18.jpeg', 'imagenes_tecnocasa\\anuncio_355\\19.jpeg', 'imagenes_tecnocasa\\anuncio_355\\20.jpeg', 'imagenes_tecnocasa\\anuncio_355\\21.jpeg', 'imagenes_tecnocasa\\anuncio_355\\22.jpeg', 'imagenes_tecnocasa\\anuncio_355\\23.jpeg', 'imagenes_tecnocasa\\anuncio_355\\24.jpeg']",0,Media,1959,0,0,0,piso,2,Madrid,"Villaverde Alto, Madrid",40.4167047,-3.7035825,355,3244.4444444444443,184.0,131.0,0.5,0.7,3.0,1.0,otro,pintura,corredera,estándar (2.4-2.8m),nada,3.2,4.0,moderno,"['#A0D200', '#D2691E', '#FFFFFF']",buena,False,convencional,limitado,ninguno,ninguno,estándar,básica,ninguno,7.4,6.4,ninguna,5
https://www.tecnocasa.es/venta/piso/madrid/madrid/617670.html,235000.0,1,53.0,1,"'TECNOCASA - BARAJAS CASCO HISTORICO - MADRID vende piso en Calle Autogiro, zona Timón.

Vivienda exterior distribuida en un dormitorio muy amplio con mucha luminosidad, un salón amplio, cocina, cuarto de baño completamente equipado con plato de ducha.
Además incluida una plaza de garaje.
Finca muy tranquila, con pocos vecinos.
Cerca tiene todos los servicios como la parada de metro, restaurantes, farmacias, colegios y el centro de salud.
El inmueble se localiza en la zona de Timón, con muy buenas comunicaciones tales como paradas de Autobús (Líneas 101, 105, 115, 151, 166, 212 y 827) y parada de metro (Línea 8).
Financiación de hasta el 100% con nuestro departamento financiero, Kiron. Asesoramiento gratuito y sin compromiso, no dude en consultarnos.
30 años en Madrid, ¡Gracias por la confianza'. '.",1,1,1,1,1,1,0,1,1,1,"['https://cdn-media.medialabtc.it/es/agencies/md051/estates/617670/images/8899417/gallery_media.jpeg', 'https://cdn-media.medialabtc.it/es/agencies/md051/estates/617670/images/8899413/gallery_media.jpeg', 'https://cdn-media.medialabtc.it/es/agencies/md051/estates/617670/images/8899412/gallery_media.jpeg', 'https://cdn-media.medialabtc.it/es/agencies/md051/estates/617670/images/8899425/gallery_media.jpeg', 'https://cdn-media.medialabtc.it/es/agencies/md051/estates/617670/images/8899427/gallery_media.jpeg', 'https://cdn-media.medialabtc.it/es/agencies/md051/estates/617670/images/8899422/gallery_media.jpeg', 'https://cdn-media.medialabtc.it/es/agencies/md051/estates/617670/images/8899409/gallery_media.jpeg', 'https://cdn-media.medialabtc.it/es/agencies/md051/estates/617670/images/8899407/gallery_media.jpeg', 'https://cdn-media.medialabtc.it/es/agencies/md051/estates/617670/images/8899420/gallery_media.jpeg', 'https://cdn-media.medialabtc.it/es/agencies/md051/estates/617670/images/8899410/gallery_media.jpeg', 'https://cdn-media.medialabtc.it/es/agencies/md051/estates/617670/images/8899424/gallery_media.jpeg', 'https://cdn-media.medialabtc.it/es/agencies/md051/estates/617670/images/8899415/gallery_media.jpeg', 'https://cdn-media.medialabtc.it/es/agencies/md051/estates/617670/images/8899423/gallery_media.jpeg', 'https://cdn-media.medialabtc.it/es/agencies/md051/estates/617670/images/8899408/gallery_media.jpeg', 'https://cdn-media.medialabtc.it/es/agencies/md051/estates/617670/images/8899416/gallery_media.jpeg', 'https://cdn-media.medialabtc.it/es/agencies/md051/estates/617670/images/8899406/gallery_media.jpeg', 'https://cdn-media.medialabtc.it/es/agencies/md051/estates/617670/images/8899426/gallery_media.jpeg', 'https://cdn-media.medialabtc.it/es/agencies/md051/estates/617670/images/8899418/gallery_media.jpeg', 'https://cdn-media.medialabtc.it/es/agencies/md051/estates/617670/images/8899421/gallery_media.jpeg', 'https://cdn-media.medialabtc.it/es/agencies/md051/estates/617670/images/8899419/gallery_media.jpeg', 'https://cdn-media.medialabtc.it/es/agencies/md051/estates/617670/images/8899411/gallery_media.jpeg', 'https://cdn-media.medialabtc.it/es/agencies/md051/estates/617670/images/8899428/gallery_media.jpeg', 'https://cdn-media.medialabtc.it/es/agencies/md051/estates/617670/images/8899414/gallery_media.jpeg']",0,Desconocido,1,0,0,0,0,D,1,0,"['imagenes_tecnocasa\\anuncio_358\\0.jpeg', 'imagenes_tecnocasa\\anuncio_358\\1.jpeg', 'imagenes_tecnocasa\\anuncio_358\\2.jpeg', 'imagenes_tecnocasa\\anuncio_358\\3.jpeg', 'imagenes_tecnocasa\\anuncio_358\\4.jpeg', 'imagenes_tecnocasa\\anuncio_358\\5.jpeg', 'imagenes_tecnocasa\\anuncio_358\\6.jpeg', 'imagenes_tecnocasa\\anuncio_358\\7.jpeg', 'imagenes_tecnocasa\\anuncio_358\\8.jpeg', 'imagenes_tecnocasa\\anuncio_358\\9.jpeg', 'imagenes_tecnocasa\\anuncio_358\\10.jpeg', 'imagenes_tecnocasa\\anuncio_358\\11.jpeg', 'imagenes_tecnocasa\\anuncio_358\\12.jpeg', 'imagenes_tecnocasa\\anuncio_358\\13.jpeg', 'imagenes_tecnocasa\\anuncio_358\\14.jpeg', 'imagenes_tecnocasa\\anuncio_358\\15.jpeg', 'imagenes_tecnocasa\\anuncio_358\\16.jpeg', 'imagenes_tecnocasa\\anuncio_358\\17.jpeg', 'imagenes_tecnocasa\\anuncio_358\\18.jpeg', 'imagenes_tecnocasa\\anuncio_358\\19.jpeg', 'imagenes_tecnocasa\\anuncio_358\\20.jpeg', 'imagenes_tecnocasa\\anuncio_358\\21.jpeg', 'imagenes_tecnocasa\\anuncio_358\\22.jpeg']",0,De época,1989,0,0,0,piso,1,Madrid,"Alameda De Osuna, Madrid",40.4167047,-3.7035825,358,4433.962264150943,129.0,100.0,0.5,1.0,1.0,0.0,parquet,pintura,corredera,estándar (2.4-2.8m),nada,3.6,3.0,clásico,"['#F5F5DC', '#A0522D', '#FFFFFF']",buena,False,convencional,limitado,ninguno,ninguno,estándar,básica,ninguno,6.2,6.0,ninguna,5
https://www.tecnocasa.es/venta/piso/madrid/madrid/616465.html,570000.0,2,101.0,2,"'Agencia inmobiliaria de MADRID zona TIRSO DE MOLINA - HUERTAS Oficina Tecnocasa
VENDE! Bonito piso reformado en finca represerntativa del corazón de Madrid. Diseño actual donde destacan los TECHOS MUY ALTOS y cuyo protagonista indiscutible es su JARDÍN, que resulta un verdadero oasis de frescor y tranquilidad en el centro de la ciudad. Se distribuye en: amplio salón comedor de 40mts. con cocina americana, dos dormitorios dobles, uno de ellos en suite y con amplio vestidor, y baño completo. Ventanas en todas las estancias. CALEFACCIÓN.
Inmejorable ubicación: a 200 metros de la Plaza Mayor. No dudes visitarlo sin compromiso. Te va a encantar!
Muy bien comunicado: metro Tirso de Molina (L1) a 3 metro Sol (L1, 2,3 y cercanías) a 5 min.
¡Excelente zona! Situado entre Palacio y Huertas, el piso se encuentra en una de las zonas con mayor demanda inmobiliaria de Madrid. De orígenes medievales, el barrio goza hoy de un ambiente multicultural donde conviven centenares de negocios típicos y exóticos. Centros culturales, teatros y museos, así como mercados, restaurantes y bares, ofrecen a visitantes y locales una variada propuesta cultural, de ocio y gastronómica.
Quiere conocer el valor real de su inmueble? Ofrecemos a nuestros vecinos VALORACIONES GRATUITAS y sin ningún compromiso de viviendas, locales y plazas de garaje.
Nos avalan 20 años de experiencia en la zona, formando parte de esta gran empresa, líder en España y Europa en el sector de la intermediación inmobiliaria. Asesoramiento y gestión en: COMPRAVENTA, ARRENDAMIENTO, CAMBIO de VIVIENDA, HERENCIA, VENTA DE NUDA PROPIEDAD, VENTA DE PROINDIVISO, CAMBIO de USO, CERTIFICADO ENERGÉTICO.
Nuestro departamento KIRON, expertos en intermediación financiera, le ayudarán a encontrar la solución hipotecaria que mejor se adapte a sus necesidades.
Estamos a su disposición para cualquier consulta'.",1,1,1,1,1,1,0,1,1,1,"['https://cdn-media.medialabtc.it/es/agencies/md029/estates/616465/images/8881039/gallery_media.jpeg', 'https://cdn-media.medialabtc.it/es/agencies/md029/estates/616465/images/8881041/gallery_media.jpeg', 'https://cdn-media.medialabtc.it/es/agencies/md029/estates/616465/images/8881049/gallery_media.jpeg', 'https://cdn-media.medialabtc.it/es/agencies/md029/estates/616465/images/8881062/gallery_media.jpeg', 'https://cdn-media.medialabtc.it/es/agencies/md029/estates/616465/images/8881055/gallery_media.jpeg', 'https://cdn-media.medialabtc.it/es/agencies/md029/estates/616465/images/8881064/gallery_media.jpeg', 'https://cdn-media.medialabtc.it/es/agencies/md029/estates/616465/images/8881065/gallery_media.jpeg', 'https://cdn-media.medialabtc.it/es/agencies/md029/estates/616465/images/8881038/gallery_media.jpeg', 'https://cdn-media.medialabtc.it/es/agencies/md029/estates/616465/images/8881054/gallery_media.jpeg', 'https://cdn-media.medialabtc.it/es/agencies/md029/estates/616465/images/8881050/gallery_media.jpeg', 'https://cdn-media.medialabtc.it/es/agencies/md029/estates/616465/images/8881048/gallery_media.jpeg', 'https://cdn-media.medialabtc.it/es/agencies/md029/estates/616465/images/8881042/gallery_media.jpeg', 'https://cdn-media.medialabtc.it/es/agencies/md029/estates/616465/images/8881066/gallery_media.jpeg', 'https://cdn-media.medialabtc.it/es/agencies/md029/estates/616465/images/8881059/gallery_media.jpeg', 'https://cdn-media.medialabtc.it/es/agencies/md029/estates/616465/images/8881040/gallery_media.jpeg', 'https://cdn-media.medialabtc.it/es/agencies/md029/estates/616465/images/8881056/gallery_media.jpeg', 'https://cdn-media.medialabtc.it/es/agencies/md029/estates/616465/images/8881058/gallery_media.jpeg', 'https://cdn-media.medialabtc.it/es/agencies/md029/estates/616465/images/8881053/gallery_media.jpeg', 'https://cdn-media.medialabtc.it/es/agencies/md029/estates/616465/images/8881067/gallery_media.jpeg', 'https://cdn-media.medialabtc.it/es/agencies/md029/estates/616465/images/8881044/gallery_media.jpeg', 'https://cdn-media.medialabtc.it/es/agencies/md029/estates/616465/images/8881057/gallery_media.jpeg', 'https://cdn-media.medialabtc.it/es/agencies/md029/estates/616465/images/8881045/gallery_media.jpeg', 'https://cdn-media.medialabtc.it/es/agencies/md029/estates/616465/images/8881047/gallery_media.jpeg']",0,Reformado,1,0,0,0,0,E,0,0,"['imagenes_tecnocasa\\anuncio_359\\0.jpeg', 'imagenes_tecnocasa\\anuncio_359\\1.jpeg', 'imagenes_tecnocasa\\anuncio_359\\2.jpeg', 'imagenes_tecnocasa\\anuncio_359\\3.jpeg', 'imagenes_tecnocasa\\anuncio_359\\4.jpeg', 'imagenes_tecnocasa\\anuncio_359\\5.jpeg', 'imagenes_tecnocasa\\anuncio_359\\6.jpeg', 'imagenes_tecnocasa\\anuncio_359\\7.jpeg', 'imagenes_tecnocasa\\anuncio_359\\8.jpeg', 'imagenes_tecnocasa\\anuncio_359\\9.jpeg', 'imagenes_tecnocasa\\anuncio_359\\10.jpeg', 'imagenes_tecnocasa\\anuncio_359\\11.jpeg', 'imagenes_tecnocasa\\anuncio_359\\12.jpeg', 'imagenes_tecnocasa\\anuncio_359\\13.jpeg', 'imagenes_tecnocasa\\anuncio_359\\14.jpeg', 'imagenes_tecnocasa\\anuncio_359\\15.jpeg', 'imagenes_tecnocasa\\anuncio_359\\16.jpeg', 'imagenes_tecnocasa\\anuncio_359\\17.jpeg', 'imagenes_tecnocasa\\anuncio_359\\18.jpeg', 'imagenes_tecnocasa\\anuncio_359\\19.jpeg', 'imagenes_tecnocasa\\anuncio_359\\20.jpeg', 'imagenes_tecnocasa\\anuncio_359\\21.jpeg', 'imagenes_tecnocasa\\anuncio_359\\22.jpeg']",1,Señorial,1900,1,0,0,piso,2,Madrid,"Palacio, Madrid",40.4167047,-3.7035825,359,5643.564356435643,289.0,208.0,0.10000000000000002,0.16666666666666666,2.0,0.0,cerámica,pintura,corredera,estándar (2.4-2.8m),nada,5.6,4.8,clásico,"['#FFFFFF', '#D3D3D3', '#A0522D']",buena,True,convencional,normal,ninguno,ninguno,estándar,básica,ninguno,8.2,7.2,ninguna,5
https://www.tecnocasa.es/venta/piso/madrid/madrid/620669.html,190000.0,2,69.0,2,"Agencia inmobiliaria de MADRID - zona CARABANCHEL SAN ISIDRO -VISTALEGRE – CARPETANA
Vende vivienda situada en la segunda planta para entrar a vivir en Calle Postal de 69m2, compuesta por 2 Dormitorios, Salón, Cocina, 1 Baño y 1 Aseo.
Tiene varios puntos a destacar:
- Totalmente exterior.
- Muy luminoso.
- Vivienda para entrar a vivir.
- La cercanía del metro Carpetana.
- La cercanía a General Ricardos a 5 minutos.
Zona perfecta para las familias con zonas verdes en el entorno, bloque muy tranquilo
A 15 MINUTOS A PIE DE MADRID RÍO.
Fácil acceso a A42, M40, M30 Calle de Antonio López, Avenida de Andalucía, Hospital 12 de octubre, a 10 minutos del metro Carpetana y Urgel.
Esta cercano a las calles comerciales como la Avenida de Nuestra Señora de Valvanera, calle Oca, Calle Laguna, calle General Ricardos y Via Carpetana, pero también rodeado de zonas verdes como es el parque de la Cuña Verde y el parque de San Isidro.
PROXIMAMENTE TOUR VIRTUAL.
AVISO LEGAL: Recordamos a nuestros Señores clientes que la información facilitada no constituye una auténtica oferta vinculante ni contractual. Este anuncio publicitario es provisional, y las fotografías y datos en él incluidos están sujetos a posibles modificaciones, consecuencia de exigencias comerciales, jurídicas, técnicas o por mandato expreso de la propiedad. La información aquí contenida procura reflejar una orientación sobre los inmuebles a la fecha de su publicación. La totalidad del contenido que aparece tiene carácter meramente informativo y aproximado, no teniendo, en modo alguno, carácter contractual. Tanto los datos, como las imágenes y planos pueden estar sujetos a cambios, por lo que le invitamos a que, si precisa una información más exacta y detallada, contacte con nosotros y le atenderemos a la mayor brevedad posible. Los contenidos tienen únicamente finalidad informativa y bajo ninguna circunstancia deben usarse ni considerarse como oferta de venta o financiación, solicitud de una oferta de compra o financiación, ni recomendación para realizar cualquier otra transacción, salvo que así se indique expresamente. La información y documentación a ofrecer de acuerdo con lo dispuesto en el Real Decreto 515/1989 (de 21 de abril, relativa a la protección de los consumidores en cuanto a la información a suministrar en la compraventa y arrendamiento de viviendas), será puesta a disposición de los potenciales compradores en las respectivas delegaciones territoriales gestoras del inmueble. .",1,1,1,1,1,1,0,1,1,1,"['https://cdn-media.medialabtc.it/es/agencies/mdaxa/estates/620669/images/8976856/gallery_media.jpeg', 'https://cdn-media.medialabtc.it/es/agencies/mdaxa/estates/620669/images/8976740/gallery_media.jpeg', 'https://cdn-media.medialabtc.it/es/agencies/mdaxa/estates/620669/images/8976859/gallery_media.jpeg', 'https://cdn-media.medialabtc.it/es/agencies/mdaxa/estates/620669/images/8976847/gallery_media.jpeg', 'https://cdn-media.medialabtc.it/es/agencies/mdaxa/estates/620669/images/8976844/gallery_media.jpeg', 'https://cdn-media.medialabtc.it/es/agencies/mdaxa/estates/620669/images/8976849/gallery_media.jpeg', 'https://cdn-media.medialabtc.it/es/agencies/mdaxa/estates/620669/images/8976855/gallery_media.jpeg', 'https://cdn-media.medialabtc.it/es/agencies/mdaxa/estates/620669/images/8976850/gallery_media.jpeg', 'https://cdn-media.medialabtc.it/es/agencies/mdaxa/estates/620669/images/8976858/gallery_media.jpeg', 'https://cdn-media.medialabtc.it/es/agencies/mdaxa/estates/620669/images/8976852/gallery_media.jpeg', 'https://cdn-media.medialabtc.it/es/agencies/mdaxa/estates/620669/images/8976853/gallery_media.jpeg', 'https://cdn-media.medialabtc.it/es/agencies/mdaxa/estates/620669/images/8976851/gallery_media.jpeg', 'https://cdn-media.medialabtc.it/es/agencies/mdaxa/estates/620669/images/8976846/gallery_media.jpeg', 'https://cdn-media.medialabtc.it/es/agencies/mdaxa/estates/620669/images/8976848/gallery_media.jpeg', 'https://cdn-media.medialabtc.it/es/agencies/mdaxa/estates/620669/images/8976842/gallery_media.jpeg', 'https://cdn-media.medialabtc.it/es/agencies/mdaxa/estates/620669/images/8976854/gallery_media.jpeg', 'https://cdn-media.medialabtc.it/es/agencies/mdaxa/estates/620669/images/8976843/gallery_media.jpeg']",0,Desconocido,0,0,0,0,0,E,0,0,"['imagenes_tecnocasa\\anuncio_360\\0.jpeg', 'imagenes_tecnocasa\\anuncio_360\\1.jpeg', 'imagenes_tecnocasa\\anuncio_360\\2.jpeg', 'imagenes_tecnocasa\\anuncio_360\\3.jpeg', 'imagenes_tecnocasa\\anuncio_360\\4.jpeg', 'imagenes_tecnocasa\\anuncio_360\\5.jpeg', 'imagenes_tecnocasa\\anuncio_360\\6.jpeg', 'imagenes_tecnocasa\\anuncio_360\\7.jpeg', 'imagenes_tecnocasa\\anuncio_360\\8.jpeg', 'imagenes_tecnocasa\\anuncio_360\\9.jpeg', 'imagenes_tecnocasa\\anuncio_360\\10.jpeg', 'imagenes_tecnocasa\\anuncio_360\\11.jpeg', 'imagenes_tecnocasa\\anuncio_360\\12.jpeg', 'imagenes_tecnocasa\\anuncio_360\\13.jpeg', 'imagenes_tecnocasa\\anuncio_360\\14.jpeg', 'imagenes_tecnocasa\\anuncio_360\\15.jpeg', 'imagenes_tecnocasa\\anuncio_360\\16.jpeg']",1,Popular,1958,1,0,0,piso,2,Madrid,"San Isidro, Madrid",40.4167047,-3.7035825,360,2753.623188405797,389.0,251.0,0.125,0.375,2.0,0.0,parquet,pintura,corredera,estándar (2.4-2.8m),nada,4.4,3.6,clásico,"['#F5F5DC', '#FFE4C4', '#8B4513']",buena,False,convencional,limitado,ninguno,ninguno,estándar,básica,ninguno,7.0,7.0,ninguna,5
https://www.tecnocasa.es/venta/piso/madrid/torrejon-de-ardoz/620541.html,179900.0,3,78.0,1,"Agencia inmobiliaria de Torrejón De Ardoz zona Zarzuela Tecnocasa Estudio Barrio Zarzuela Slu VENDE PISO CON TERRAZA EN LA ZONA DE VEREDILLAS
La vivienda cuenta con una superficie construida de 78m2 distribuidos en:
Salón con aire acondicionado, tres amplias habitaciones, un baño completo con bañera y cocina.
Además, la vivienda está equipada con diversas comodidades:
Ventanas de aluminio, pintura gota, calefacción gas natural y la puerta de entrada blindada.
¡LA FINCA NO DISPONE DE ASCENSOR!
LA VIVIENDA SE ENCUENTRA ACTUALMENTE ALQUILADA.
El inmueble está situado en una zona ya consolidada con multitud de servicios alrededor y bien comunicada por la red de transportes del municipio. Parques y zonas infantiles cercanas.
No dude en llamarnos para concertar su cita para visitar el inmueble en la que además recibirá el asesoramiento gratuito de nuestro departamento financiero KÌRON. FINANCIACION 100%.",0,1,1,1,1,1,1,1,1,1,"['https://cdn-media.medialabtc.it/es/agencies/md536/estates/620541/images/8966650/gallery_media.jpeg', 'https://cdn-media.medialabtc.it/es/agencies/md536/estates/620541/images/8966649/gallery_media.jpeg', 'https://cdn-media.medialabtc.it/es/agencies/md536/estates/620541/images/8966645/gallery_media.jpeg', 'https://cdn-media.medialabtc.it/es/agencies/md536/estates/620541/images/8966648/gallery_media.jpeg', 'https://cdn-media.medialabtc.it/es/agencies/md536/estates/620541/images/8966647/gallery_media.jpeg', 'https://cdn-media.medialabtc.it/es/agencies/md536/estates/620541/images/8966651/gallery_media.jpeg', 'https://cdn-media.medialabtc.it/es/agencies/md536/estates/620541/images/8966646/gallery_media.jpeg']",0,Desconocido,0,0,0,1,0,Desconocida,0,0,"['imagenes_tecnocasa\\anuncio_362\\0.jpeg', 'imagenes_tecnocasa\\anuncio_362\\1.jpeg', 'imagenes_tecnocasa\\anuncio_362\\2.jpeg', 'imagenes_tecnocasa\\anuncio_362\\3.jpeg', 'imagenes_tecnocasa\\anuncio_362\\4.jpeg', 'imagenes_tecnocasa\\anuncio_362\\5.jpeg', 'imagenes_tecnocasa\\anuncio_362\\6.jpeg']",1,Popular,1978,1,0,0,piso,4,Torrejón de Ardoz,Torrejón De Ardoz,40.4587767,-3.4793343,362,2306.4102564102564,137.0,109.0,0.0625,0.2,0.0,0.0,otro,pintura,corredera,estándar (2.4-2.8m),nada,3.4,4.4,convencional,"['#D2B48C', '#A0522D', '#808080']",buena,False,convencional,normal,ninguno,ninguno,estándar,básica,ninguno,6.6,6.4,ninguna,5
https://www.tecnocasa.es/venta/piso/madrid/torrejon-de-ardoz/612971.html,199900.0,3,82.0,1,"Agencia inmobiliaria de Torrejón De Ardoz zona Zarzuela Tecnocasa Estudio Barrio Zarzuela Slu VENDE excelente piso con terraza en la zona de Veredillas
La vivienda cuenta con una superficie construida de 82m2 distribuidos en:
Recibidor, espacioso salón con terraza, tres amplias habitaciones, un baño con bañera y cocina amueblada con terraza tendedero.
Además, la vivienda está equipada con diversas comodidades:
Ventanas de aluminio, pintura gota, calefacción gas natural, suelo de cerámica y la puerta de entrada blindada.
El inmueble está situado en una zona ya consolidada con multitud de servicios alrededor y bien comunicada por la red de transportes del municipio. Parques y zonas infantiles cercanas.
No dude en llamarnos para concertar su cita para visitar el inmueble en la que además recibirá el asesoramiento gratuito de nuestro departamento financiero KÌRON. FINANCIACION 100%.",0,1,1,1,1,1,1,1,1,1,"['https://cdn-media.medialabtc.it/es/agencies/md536/estates/612971/images/8797882/gallery_media.jpeg', 'https://cdn-media.medialabtc.it/es/agencies/md536/estates/612971/images/8797872/gallery_media.jpeg', 'https://cdn-media.medialabtc.it/es/agencies/md536/estates/612971/images/8797881/gallery_media.jpeg', 'https://cdn-media.medialabtc.it/es/agencies/md536/estates/612971/images/8797879/gallery_media.jpeg', 'https://cdn-media.medialabtc.it/es/agencies/md536/estates/612971/images/8797885/gallery_media.jpeg', 'https://cdn-media.medialabtc.it/es/agencies/md536/estates/612971/images/8797880/gallery_media.jpeg', 'https://cdn-media.medialabtc.it/es/agencies/md536/estates/612971/images/8797870/gallery_media.jpeg', 'https://cdn-media.medialabtc.it/es/agencies/md536/estates/612971/images/8797867/gallery_media.jpeg', 'https://cdn-media.medialabtc.it/es/agencies/md536/estates/612971/images/8797871/gallery_media.jpeg', 'https://cdn-media.medialabtc.it/es/agencies/md536/estates/612971/images/8797869/gallery_media.jpeg', 'https://cdn-media.medialabtc.it/es/agencies/md536/estates/612971/images/8797876/gallery_media.jpeg', 'https://cdn-media.medialabtc.it/es/agencies/md536/estates/612971/images/8797863/gallery_media.jpeg', 'https://cdn-media.medialabtc.it/es/agencies/md536/estates/612971/images/8797884/gallery_media.jpeg', 'https://cdn-media.medialabtc.it/es/agencies/md536/estates/612971/images/8797874/gallery_media.jpeg', 'https://cdn-media.medialabtc.it/es/agencies/md536/estates/612971/images/8797866/gallery_media.jpeg', 'https://cdn-media.medialabtc.it/es/agencies/md536/estates/612971/images/8797864/gallery_media.jpeg', 'https://cdn-media.medialabtc.it/es/agencies/md536/estates/612971/images/8797865/gallery_media.jpeg', 'https://cdn-media.medialabtc.it/es/agencies/md536/estates/612971/images/8797877/gallery_media.jpeg']",0,Desconocido,0,0,0,1,0,Desconocida,0,0,"['imagenes_tecnocasa\\anuncio_363\\0.jpeg', 'imagenes_tecnocasa\\anuncio_363\\1.jpeg', 'imagenes_tecnocasa\\anuncio_363\\2.jpeg', 'imagenes_tecnocasa\\anuncio_363\\3.jpeg', 'imagenes_tecnocasa\\anuncio_363\\4.jpeg', 'imagenes_tecnocasa\\anuncio_363\\5.jpeg', 'imagenes_tecnocasa\\anuncio_363\\6.jpeg', 'imagenes_tecnocasa\\anuncio_363\\7.jpeg', 'imagenes_tecnocasa\\anuncio_363\\8.jpeg', 'imagenes_tecnocasa\\anuncio_363\\9.jpeg', 'imagenes_tecnocasa\\anuncio_363\\10.jpeg', 'imagenes_tecnocasa\\anuncio_363\\11.jpeg', 'imagenes_tecnocasa\\anuncio_363\\12.jpeg', 'imagenes_tecnocasa\\anuncio_363\\13.jpeg', 'imagenes_tecnocasa\\anuncio_363\\14.jpeg', 'imagenes_tecnocasa\\anuncio_363\\15.jpeg', 'imagenes_tecnocasa\\anuncio_363\\16.jpeg', 'imagenes_tecnocasa\\anuncio_363\\17.jpeg']",0,Popular,1971,1,0,0,piso,3,Torrejón de Ardoz,Torrejón De Ardoz,40.4587767,-3.4793343,363,2437.8048780487807,133.0,99.0,0.05,0.2,0.0,0.0,cerámica,pintura,corredera,estándar (2.4-2.8m),nada,3.6,3.0,convencional,"['#F5F5DC', '#A0522D', '#8B4513']",buena,False,convencional,limitado,ninguno,ninguno,estándar,básica,ninguno,6.6,6.0,leve,5
https://www.tecnocasa.es/venta/piso/madrid/torrejon-de-ardoz/609044.html,196192.0,1,99.0,1,"Agencia inmobiliaria de Torrejón De Ardoz zona Zarzuela Tecnocasa Estudio Barrio Zarzuela Slu VENDE Excelente piso con terraza
La vivienda cuenta con una superficie construida de 99 m², distribuidos en un amplio salón, 1 dormitorio, baño completo y cocina amueblada.
Equipada con todas las comodidades para una vida confortable:
-Ventanas de aluminio climalit-Pintura lisa-Calefacción por gas natural-Suelo de tarima-Puerta de entrada blindada-Garaje-Trastero
La urbanización ofrece una serie de comodidades adicionales: Piscina-Zonas verdes y ajardinadas.
La vivienda se encuentra actualmente alquilada.
El inmueble está situado en una zona ya consolidada con multitud de servicios alrededor y bien comunicada por la red de transportes del municipio. Parques y zonas infantiles cercanas.
No dude en llamarnos para concertar su cita para visitar el inmueble en la que además recibirá el asesoramiento gratuito de nuestro departamento financiero KÌRON. FINANCIACION 100%.",0,1,1,1,1,1,0,1,1,1,"['https://cdn-media.medialabtc.it/es/agencies/md536/estates/609044/images/8915075/gallery_media.jpeg', 'https://cdn-media.medialabtc.it/es/agencies/md536/estates/609044/images/8915074/gallery_media.jpeg', 'https://cdn-media.medialabtc.it/es/agencies/md536/estates/609044/images/8915073/gallery_media.jpeg', 'https://cdn-media.medialabtc.it/es/agencies/md536/estates/609044/images/8915076/gallery_media.jpeg', 'https://cdn-media.medialabtc.it/es/agencies/md536/estates/609044/images/8915077/gallery_media.jpeg']",0,Desconocido,1,1,1,1,0,Desconocida,0,0,"['imagenes_tecnocasa\\anuncio_364\\0.jpeg', 'imagenes_tecnocasa\\anuncio_364\\1.jpeg', 'imagenes_tecnocasa\\anuncio_364\\2.jpeg', 'imagenes_tecnocasa\\anuncio_364\\3.jpeg', 'imagenes_tecnocasa\\anuncio_364\\4.jpeg']",0,Señorial,2002,1,0,0,piso,4,Torrejón de Ardoz,Torrejón De Ardoz,40.4587767,-3.4793343,364,1981.7373737373737,136.0,104.0,0.0,0.0,1.0,0.0,otro,pintura,corredera,estándar (2.4-2.8m),nada,4.0,5.2,convencional,"['#C87B53', '#D2B48C', '#FFFFFF']",buena,False,convencional,normal,ninguno,ninguno,estándar,básica,ninguno,7.0,6.4,ninguna,5
https://www.tecnocasa.es/venta/piso/madrid/arganda-del-rey/621447.html,280000.0,3,177.0,2,"Agencia Inmobiliaria de ARGANDA DEL REY - Oficina TECNOCASA, vende exclusivo Piso de 118 m2 construidos y 96m2 útiles.

El edificio es de construcción 2006 y dispone de ascensor y acceso para personas de movilidad reducida.

La vivienda se distribuye en 3 dormitorios (con armarios empotrados en 2 de ellos), 2 baños completos (uno en suite), salón y cocina. Además cuenta con una terraza accesible desde el salón y la cocina y también un patio interior.

Con la venta de la vivienda se incluye 2 PLAZA DE GARAJES y UN TRASTERO.

Tiene una excelente ubicación por la cercanía al metro, farmacias, supermercados, colegio y polideportivos.

No dudes en venir a verlo porque puede ser lo que estas buscando y además te recordamos que te ayudamos con la financiación de la vivienda gracias a nuestro departamento financiero KIRON.

INFÓRMESE SIN NINGÚN TIPO DE COMPROMISO.",1,0,1,1,1,1,0,1,1,1,"['https://cdn-media.medialabtc.it/es/agencies/md574/estates/621447/images/8995998/gallery_media.jpeg', 'https://cdn-media.medialabtc.it/es/agencies/md574/estates/621447/images/8996049/gallery_media.jpeg', 'https://cdn-media.medialabtc.it/es/agencies/md574/estates/621447/images/8995992/gallery_media.jpeg', 'https://cdn-media.medialabtc.it/es/agencies/md574/estates/621447/images/8996051/gallery_media.jpeg', 'https://cdn-media.medialabtc.it/es/agencies/md574/estates/621447/images/8996043/gallery_media.jpeg', 'https://cdn-media.medialabtc.it/es/agencies/md574/estates/621447/images/8996046/gallery_media.jpeg', 'https://cdn-media.medialabtc.it/es/agencies/md574/estates/621447/images/8996053/gallery_media.jpeg', 'https://cdn-media.medialabtc.it/es/agencies/md574/estates/621447/images/8996052/gallery_media.jpeg', 'https://cdn-media.medialabtc.it/es/agencies/md574/estates/621447/images/8995993/gallery_media.jpeg', 'https://cdn-media.medialabtc.it/es/agencies/md574/estates/621447/images/8996000/gallery_media.jpeg', 'https://cdn-media.medialabtc.it/es/agencies/md574/estates/621447/images/8996050/gallery_media.jpeg', 'https://cdn-media.medialabtc.it/es/agencies/md574/estates/621447/images/8996055/gallery_media.jpeg', 'https://cdn-media.medialabtc.it/es/agencies/md574/estates/621447/images/8995994/gallery_media.jpeg', 'https://cdn-media.medialabtc.it/es/agencies/md574/estates/621447/images/8996054/gallery_media.jpeg', 'https://cdn-media.medialabtc.it/es/agencies/md574/estates/621447/images/8996047/gallery_media.jpeg', 'https://cdn-media.medialabtc.it/es/agencies/md574/estates/621447/images/8996044/gallery_media.jpeg', 'https://cdn-media.medialabtc.it/es/agencies/md574/estates/621447/images/8996059/gallery_media.jpeg', 'https://cdn-media.medialabtc.it/es/agencies/md574/estates/621447/images/8996057/gallery_media.jpeg', 'https://cdn-media.medialabtc.it/es/agencies/md574/estates/621447/images/8995995/gallery_media.jpeg', 'https://cdn-media.medialabtc.it/es/agencies/md574/estates/621447/images/8996048/gallery_media.jpeg', 'https://cdn-media.medialabtc.it/es/agencies/md574/estates/621447/images/8996045/gallery_media.jpeg', 'https://cdn-media.medialabtc.it/es/agencies/md574/estates/621447/images/8995996/gallery_media.jpeg', 'https://cdn-media.medialabtc.it/es/agencies/md574/estates/621447/images/8996056/gallery_media.jpeg', 'https://cdn-media.medialabtc.it/es/agencies/md574/estates/621447/images/8995990/gallery_media.jpeg', 'https://cdn-media.medialabtc.it/es/agencies/md574/estates/621447/images/8996001/gallery_media.jpeg', 'https://cdn-media.medialabtc.it/es/agencies/md574/estates/621447/images/8995999/gallery_media.jpeg', 'https://cdn-media.medialabtc.it/es/agencies/md574/estates/621447/images/8995997/gallery_media.jpeg', 'https://cdn-media.medialabtc.it/es/agencies/md574/estates/621447/images/8996042/gallery_media.jpeg', 'https://cdn-media.medialabtc.it/es/agencies/md574/estates/621447/images/8995991/gallery_media.jpeg', 'https://cdn-media.medialabtc.it/es/agencies/md574/estates/621447/images/8996058/gallery_media.jpeg']",0,Desconocido,0,1,0,1,0,Desconocida,0,0,"['imagenes_tecnocasa\\anuncio_365\\0.jpeg', 'imagenes_tecnocasa\\anuncio_365\\1.jpeg', 'imagenes_tecnocasa\\anuncio_365\\2.jpeg', 'imagenes_tecnocasa\\anuncio_365\\3.jpeg', 'imagenes_tecnocasa\\anuncio_365\\4.jpeg', 'imagenes_tecnocasa\\anuncio_365\\5.jpeg', 'imagenes_tecnocasa\\anuncio_365\\6.jpeg', 'imagenes_tecnocasa\\anuncio_365\\7.jpeg', 'imagenes_tecnocasa\\anuncio_365\\8.jpeg', 'imagenes_tecnocasa\\anuncio_365\\9.jpeg', 'imagenes_tecnocasa\\anuncio_365\\10.jpeg', 'imagenes_tecnocasa\\anuncio_365\\11.jpeg', 'imagenes_tecnocasa\\anuncio_365\\12.jpeg', 'imagenes_tecnocasa\\anuncio_365\\13.jpeg', 'imagenes_tecnocasa\\anuncio_365\\14.jpeg', 'imagenes_tecnocasa\\anuncio_365\\15.jpeg', 'imagenes_tecnocasa\\anuncio_365\\16.jpeg', 'imagenes_tecnocasa\\anuncio_365\\17.jpeg', 'imagenes_tecnocasa\\anuncio_365\\18.jpeg', 'imagenes_tecnocasa\\anuncio_365\\19.jpeg', 'imagenes_tecnocasa\\anuncio_365\\20.jpeg', 'imagenes_tecnocasa\\anuncio_365\\21.jpeg', 'imagenes_tecnocasa\\anuncio_365\\22.jpeg', 'imagenes_tecnocasa\\anuncio_365\\23.jpeg', 'imagenes_tecnocasa\\anuncio_365\\24.jpeg', 'imagenes_tecnocasa\\anuncio_365\\25.jpeg', 'imagenes_tecnocasa\\anuncio_365\\26.jpeg', 'imagenes_tecnocasa\\anuncio_365\\27.jpeg', 'imagenes_tecnocasa\\anuncio_365\\28.jpeg', 'imagenes_tecnocasa\\anuncio_365\\29.jpeg']",0,Media,2005,1,0,1,piso,1,Arganda del Rey,Arganda Del Rey,40.3007708,-3.4380688,365,1581.9209039548023,143.0,108.0,0.0,0.0,1.0,0.0,cerámica,pintura,corredera,estándar (2.4-2.8m),nada,3.4,4.0,convencional,"['#F5F5DC', '#A0522D', '#DEB887']",regular,False,convencional,limitado,ninguno,ninguno,estándar,no visible,ninguno,6.4,5.4,leve,5
https://www.tecnocasa.es/venta/piso/madrid/arganda-del-rey/598983.html,890000.0,5,283.0,3,"Agencia Inmobiliaria de ARGANDA DEL REY - Oficina TECNOCASA, VENDE MAGNIFICO CHALET con una superficie construida de 442 M2

Está ubicada en el centro del municipio, cerca del metro, farmacias, colegios, supermercados, etc.. .

La vivienda consta de 442 M2 divididos en 4 plantas, las cuales su distribución es la siguiente:

SÓTANO, distribuido en salón, bodega, cocina, cuarto de baño completo, cuarto de calderas y trastero. A través del sótano se accede al patio, que tiene un porche de 23 m2 y un patio de 228 m2. En dicho patio se encuentra jardín con césped natural y riego automático y piscina con cúpula para su climatización.

PLANTA BAJA, de 152m2 distribuidos en salón-comedor, habitación que actualmente se destina a cuarto de plancha, cuarto de baño completo, cocina con terraza, habitación destinada a despacho, garaje y entrada del portal con vestíbulo.

PLANTA PRIMERA, 120M2 distribuidos dormitorio principal con terraza, vestidor y cuarto de baño completo con plato de ducha, 3 dormitorios dobles, cuarto de baño completo y terraza acristalada con persianas electrónicas de 32 m2 que se sitúa encima del garaje de la planta baja.

BUHARDILLA, de 25 m2 destinada a trastero.

Toda la vivienda está comunicada con escaleras de mármol en su interior. La casa está dotada de de todos los servicios necesarios para su vida cotidiana (electricidad, agua, desagüe y calefacción).

No dudes en venir a verla porque puede ser lo que estés buscando.

Además te recordamos que te ayudamos con la financiación de la vivienda gracias a nuestro departamento financiero KIRON.

INFÓRMESE SIN NINGÚN TIPO DE COMPROMISO.",1,0,1,1,1,1,0,1,1,1,"['https://cdn-media.medialabtc.it/es/agencies/md574/estates/598983/images/8714347/gallery_media.jpeg', 'https://cdn-media.medialabtc.it/es/agencies/md574/estates/598983/images/8714351/gallery_media.jpeg', 'https://cdn-media.medialabtc.it/es/agencies/md574/estates/598983/images/8714358/gallery_media.jpeg', 'https://cdn-media.medialabtc.it/es/agencies/md574/estates/598983/images/8714370/gallery_media.jpeg', 'https://cdn-media.medialabtc.it/es/agencies/md574/estates/598983/images/8714345/gallery_media.jpeg', 'https://cdn-media.medialabtc.it/es/agencies/md574/estates/598983/images/8714348/gallery_media.jpeg', 'https://cdn-media.medialabtc.it/es/agencies/md574/estates/598983/images/8714367/gallery_media.jpeg', 'https://cdn-media.medialabtc.it/es/agencies/md574/estates/598983/images/8714343/gallery_media.jpeg', 'https://cdn-media.medialabtc.it/es/agencies/md574/estates/598983/images/8714344/gallery_media.jpeg', 'https://cdn-media.medialabtc.it/es/agencies/md574/estates/598983/images/8714355/gallery_media.jpeg', 'https://cdn-media.medialabtc.it/es/agencies/md574/estates/598983/images/8714350/gallery_media.jpeg', 'https://cdn-media.medialabtc.it/es/agencies/md574/estates/598983/images/8714352/gallery_media.jpeg', 'https://cdn-media.medialabtc.it/es/agencies/md574/estates/598983/images/8714354/gallery_media.jpeg', 'https://cdn-media.medialabtc.it/es/agencies/md574/estates/598983/images/8714361/gallery_media.jpeg', 'https://cdn-media.medialabtc.it/es/agencies/md574/estates/598983/images/8714356/gallery_media.jpeg', 'https://cdn-media.medialabtc.it/es/agencies/md574/estates/598983/images/8714366/gallery_media.jpeg', 'https://cdn-media.medialabtc.it/es/agencies/md574/estates/598983/images/8714369/gallery_media.jpeg', 'https://cdn-media.medialabtc.it/es/agencies/md574/estates/598983/images/8714360/gallery_media.jpeg', 'https://cdn-media.medialabtc.it/es/agencies/md574/estates/598983/images/8714368/gallery_media.jpeg', 'https://cdn-media.medialabtc.it/es/agencies/md574/estates/598983/images/8714359/gallery_media.jpeg', 'https://cdn-media.medialabtc.it/es/agencies/md574/estates/598983/images/8714365/gallery_media.jpeg', 'https://cdn-media.medialabtc.it/es/agencies/md574/estates/598983/images/8714341/gallery_media.jpeg', 'https://cdn-media.medialabtc.it/es/agencies/md574/estates/598983/images/8714363/gallery_media.jpeg', 'https://cdn-media.medialabtc.it/es/agencies/md574/estates/598983/images/8714342/gallery_media.jpeg', 'https://cdn-media.medialabtc.it/es/agencies/md574/estates/598983/images/8714353/gallery_media.jpeg', 'https://cdn-media.medialabtc.it/es/agencies/md574/estates/598983/images/8714357/gallery_media.jpeg', 'https://cdn-media.medialabtc.it/es/agencies/md574/estates/598983/images/8714362/gallery_media.jpeg', 'https://cdn-media.medialabtc.it/es/agencies/md574/estates/598983/images/8714364/gallery_media.jpeg', 'https://cdn-media.medialabtc.it/es/agencies/md574/estates/598983/images/8714346/gallery_media.jpeg', 'https://cdn-media.medialabtc.it/es/agencies/md574/estates/598983/images/8714349/gallery_media.jpeg']",0,Desconocido,1,1,1,1,0,Desconocida,0,0,"['imagenes_tecnocasa\\anuncio_366\\0.jpeg', 'imagenes_tecnocasa\\anuncio_366\\1.jpeg', 'imagenes_tecnocasa\\anuncio_366\\2.jpeg', 'imagenes_tecnocasa\\anuncio_366\\3.jpeg', 'imagenes_tecnocasa\\anuncio_366\\4.jpeg', 'imagenes_tecnocasa\\anuncio_366\\5.jpeg', 'imagenes_tecnocasa\\anuncio_366\\6.jpeg', 'imagenes_tecnocasa\\anuncio_366\\7.jpeg', 'imagenes_tecnocasa\\anuncio_366\\8.jpeg', 'imagenes_tecnocasa\\anuncio_366\\9.jpeg', 'imagenes_tecnocasa\\anuncio_366\\10.jpeg', 'imagenes_tecnocasa\\anuncio_366\\11.jpeg', 'imagenes_tecnocasa\\anuncio_366\\12.jpeg', 'imagenes_tecnocasa\\anuncio_366\\13.jpeg', 'imagenes_tecnocasa\\anuncio_366\\14.jpeg', 'imagenes_tecnocasa\\anuncio_366\\15.jpeg', 'imagenes_tecnocasa\\anuncio_366\\16.jpeg', 'imagenes_tecnocasa\\anuncio_366\\17.jpeg', 'imagenes_tecnocasa\\anuncio_366\\18.jpeg', 'imagenes_tecnocasa\\anuncio_366\\19.jpeg', 'imagenes_tecnocasa\\anuncio_366\\20.jpeg', 'imagenes_tecnocasa\\anuncio_366\\21.jpeg', 'imagenes_tecnocasa\\anuncio_366\\22.jpeg', 'imagenes_tecnocasa\\anuncio_366\\23.jpeg', 'imagenes_tecnocasa\\anuncio_366\\24.jpeg', 'imagenes_tecnocasa\\anuncio_366\\25.jpeg', 'imagenes_tecnocasa\\anuncio_366\\26.jpeg', 'imagenes_tecnocasa\\anuncio_366\\27.jpeg', 'imagenes_tecnocasa\\anuncio_366\\28.jpeg', 'imagenes_tecnocasa\\anuncio_366\\29.jpeg']",1,Señorial,1985,1,0,0,piso,1,Arganda del Rey,Arganda Del Rey,40.3007708,-3.4380688,366,3144.8763250883394,259.0,168.0,0.1,0.4,0.0,0.0,cerámica,pintura,corredera,estándar (2.4-2.8m),nada,5.2,4.0,clásico,"['#FFFFFF', '#A7D1AB', '#006400']",buena,False,convencional,normal,ninguno,ninguno,estándar,parcialmente equipada,ninguno,7.4,6.8,ninguna,5
https://www.tecnocasa.es/venta/piso/madrid/arganda-del-rey/538523.html,298000.0,3,150.0,2,"Agencia Inmobiliaria de ARGANDA DEL REY - Oficina TECNOCASA, vende exclusivo Piso de 108 m2 en la ZONA DEL HOSPITAL.
El edificio es de contrucción 2015 y dispone de ascensor y acceso para minusvalidos.
La vivienda se distribuye en 3 dormitorios (con armarios empotrados), 2 baños completos (uno en suite), salón, cocina reformada y patio de 20m2.
Con la venta de la vivienda se incluye PLAZA DE GARAJE y TRASTERO.
Excelente ubicación por la cercania al metro, hospital, farmacias, supermercados y colegios.
No dudes en venir a verlo porque puede ser lo que estas buscando y además te recordamos que te ayudamos con la financiación de la vivienda gracias a nuestro departamento financiero KIRON.
INFÓRMESE SIN NINGÚN TIPO DE COMPROMISO.",1,0,1,1,1,1,1,1,1,1,"['https://cdn-media.medialabtc.it/es/agencies/md574/estates/538523/images/8919905/gallery_media.jpeg', 'https://cdn-media.medialabtc.it/es/agencies/md574/estates/538523/images/8919885/gallery_media.jpeg', 'https://cdn-media.medialabtc.it/es/agencies/md574/estates/538523/images/8919818/gallery_media.jpeg', 'https://cdn-media.medialabtc.it/es/agencies/md574/estates/538523/images/8919819/gallery_media.jpeg', 'https://cdn-media.medialabtc.it/es/agencies/md574/estates/538523/images/8919889/gallery_media.jpeg', 'https://cdn-media.medialabtc.it/es/agencies/md574/estates/538523/images/8919906/gallery_media.jpeg', 'https://cdn-media.medialabtc.it/es/agencies/md574/estates/538523/images/8919820/gallery_media.jpeg', 'https://cdn-media.medialabtc.it/es/agencies/md574/estates/538523/images/8919900/gallery_media.jpeg', 'https://cdn-media.medialabtc.it/es/agencies/md574/estates/538523/images/8919891/gallery_media.jpeg', 'https://cdn-media.medialabtc.it/es/agencies/md574/estates/538523/images/8919901/gallery_media.jpeg', 'https://cdn-media.medialabtc.it/es/agencies/md574/estates/538523/images/8919896/gallery_media.jpeg', 'https://cdn-media.medialabtc.it/es/agencies/md574/estates/538523/images/8919894/gallery_media.jpeg', 'https://cdn-media.medialabtc.it/es/agencies/md574/estates/538523/images/8919821/gallery_media.jpeg', 'https://cdn-media.medialabtc.it/es/agencies/md574/estates/538523/images/8919902/gallery_media.jpeg', 'https://cdn-media.medialabtc.it/es/agencies/md574/estates/538523/images/8919892/gallery_media.jpeg', 'https://cdn-media.medialabtc.it/es/agencies/md574/estates/538523/images/8919897/gallery_media.jpeg', 'https://cdn-media.medialabtc.it/es/agencies/md574/estates/538523/images/8919895/gallery_media.jpeg', 'https://cdn-media.medialabtc.it/es/agencies/md574/estates/538523/images/8919904/gallery_media.jpeg', 'https://cdn-media.medialabtc.it/es/agencies/md574/estates/538523/images/8919893/gallery_media.jpeg', 'https://cdn-media.medialabtc.it/es/agencies/md574/estates/538523/images/8919898/gallery_media.jpeg', 'https://cdn-media.medialabtc.it/es/agencies/md574/estates/538523/images/8919899/gallery_media.jpeg', 'https://cdn-media.medialabtc.it/es/agencies/md574/estates/538523/images/8919882/gallery_media.jpeg', 'https://cdn-media.medialabtc.it/es/agencies/md574/estates/538523/images/8919883/gallery_media.jpeg', 'https://cdn-media.medialabtc.it/es/agencies/md574/estates/538523/images/8919888/gallery_media.jpeg', 'https://cdn-media.medialabtc.it/es/agencies/md574/estates/538523/images/8919890/gallery_media.jpeg', 'https://cdn-media.medialabtc.it/es/agencies/md574/estates/538523/images/8919884/gallery_media.jpeg', 'https://cdn-media.medialabtc.it/es/agencies/md574/estates/538523/images/8919886/gallery_media.jpeg', 'https://cdn-media.medialabtc.it/es/agencies/md574/estates/538523/images/8919907/gallery_media.jpeg', 'https://cdn-media.medialabtc.it/es/agencies/md574/estates/538523/images/8919903/gallery_media.jpeg']",0,Desconocido,1,1,0,0,0,Desconocida,0,0,"['imagenes_tecnocasa\\anuncio_367\\0.jpeg', 'imagenes_tecnocasa\\anuncio_367\\1.jpeg', 'imagenes_tecnocasa\\anuncio_367\\2.jpeg', 'imagenes_tecnocasa\\anuncio_367\\3.jpeg', 'imagenes_tecnocasa\\anuncio_367\\4.jpeg', 'imagenes_tecnocasa\\anuncio_367\\5.jpeg', 'imagenes_tecnocasa\\anuncio_367\\6.jpeg', 'imagenes_tecnocasa\\anuncio_367\\7.jpeg', 'imagenes_tecnocasa\\anuncio_367\\8.jpeg', 'imagenes_tecnocasa\\anuncio_367\\9.jpeg', 'imagenes_tecnocasa\\anuncio_367\\10.jpeg', 'imagenes_tecnocasa\\anuncio_367\\11.jpeg', 'imagenes_tecnocasa\\anuncio_367\\12.jpeg', 'imagenes_tecnocasa\\anuncio_367\\13.jpeg', 'imagenes_tecnocasa\\anuncio_367\\14.jpeg', 'imagenes_tecnocasa\\anuncio_367\\15.jpeg', 'imagenes_tecnocasa\\anuncio_367\\16.jpeg', 'imagenes_tecnocasa\\anuncio_367\\17.jpeg', 'imagenes_tecnocasa\\anuncio_367\\18.jpeg', 'imagenes_tecnocasa\\anuncio_367\\19.jpeg', 'imagenes_tecnocasa\\anuncio_367\\20.jpeg', 'imagenes_tecnocasa\\anuncio_367\\21.jpeg', 'imagenes_tecnocasa\\anuncio_367\\22.jpeg', 'imagenes_tecnocasa\\anuncio_367\\23.jpeg', 'imagenes_tecnocasa\\anuncio_367\\24.jpeg', 'imagenes_tecnocasa\\anuncio_367\\25.jpeg', 'imagenes_tecnocasa\\anuncio_367\\26.jpeg', 'imagenes_tecnocasa\\anuncio_367\\27.jpeg', 'imagenes_tecnocasa\\anuncio_367\\28.jpeg']",1,Media,1995,1,0,1,piso,1,Arganda del Rey,Arganda Del Rey,40.3007708,-3.4380688,367,1986.6666666666667,120.0,93.0,0.0,0.0,1.0,0.0,parquet,pintura,corredera,estándar (2.4-2.8m),nada,4.0,5.2,moderno,"['#D2B48C', '#A0522D', '#F5F5DC']",buena,False,convencional,limitado,ninguno,ninguno,estándar,básica,ninguno,7.0,6.0,ninguna,5
https://www.tecnocasa.es/venta/piso/madrid/galapagar/618944.html,239500.0,3,82.0,2,"POSIBILIDAD DE FINANCIACIÓN AL 100% DE SU PRÉSTAMO HIPOTECARIO.
Agencia inmobiliaria: TECNOCASA GALAPAGAR VENDE EN EXCLUSIVA:
Descubre este acogedor piso en el municipio de Galapagar, ideal para quienes buscan comodidad y funcionalidad. Con una superficie de 80 m², esta propiedad ofrece tres dormitorios, uno de ellos en la planta baja y dos en planta alta con un baño completo con plato de ducha, en la planta baja cuenta con cocina independiente y luminosa, baño completo con bañera y armario empotrado. La vivienda, construida en 1998, cuenta con un diseño práctico y moderno. El edificio dispone de ascensor, facilitando el acceso a todas las plantas. Además, podrás disfrutar de piscina comunitaria, ideal para relajarse durante los meses de verano.
La vivienda se encuentra cercana a todos los servicios como son; transporte publico el cual dispone de 8 autobuses hacia Madrid con una frecuencia de 5 a 10 minutos, parada de tren a 15 minutos en autobús de la vivienda ( Galapagar - La Navata ), así como también el Centro de Salud, colegios, supermercados, bancos, bares y restaurantes.",0,0,1,1,1,1,0,1,1,1,"['https://cdn-media.medialabtc.it/es/agencies/md618/estates/618944/images/8927019/gallery_media.jpeg', 'https://cdn-media.medialabtc.it/es/agencies/md618/estates/618944/images/8927054/gallery_media.jpeg', 'https://cdn-media.medialabtc.it/es/agencies/md618/estates/618944/images/8927020/gallery_media.jpeg', 'https://cdn-media.medialabtc.it/es/agencies/md618/estates/618944/images/8927050/gallery_media.jpeg', 'https://cdn-media.medialabtc.it/es/agencies/md618/estates/618944/images/8927049/gallery_media.jpeg', 'https://cdn-media.medialabtc.it/es/agencies/md618/estates/618944/images/8927056/gallery_media.jpeg', 'https://cdn-media.medialabtc.it/es/agencies/md618/estates/618944/images/8927058/gallery_media.jpeg', 'https://cdn-media.medialabtc.it/es/agencies/md618/estates/618944/images/8927044/gallery_media.jpeg', 'https://cdn-media.medialabtc.it/es/agencies/md618/estates/618944/images/8927021/gallery_media.jpeg', 'https://cdn-media.medialabtc.it/es/agencies/md618/estates/618944/images/8927048/gallery_media.jpeg', 'https://cdn-media.medialabtc.it/es/agencies/md618/estates/618944/images/8927059/gallery_media.jpeg', 'https://cdn-media.medialabtc.it/es/agencies/md618/estates/618944/images/8927051/gallery_media.jpeg', 'https://cdn-media.medialabtc.it/es/agencies/md618/estates/618944/images/8927055/gallery_media.jpeg', 'https://cdn-media.medialabtc.it/es/agencies/md618/estates/618944/images/8927052/gallery_media.jpeg', 'https://cdn-media.medialabtc.it/es/agencies/md618/estates/618944/images/8927043/gallery_media.jpeg', 'https://cdn-media.medialabtc.it/es/agencies/md618/estates/618944/images/8927053/gallery_media.jpeg', 'https://cdn-media.medialabtc.it/es/agencies/md618/estates/618944/images/8927042/gallery_media.jpeg', 'https://cdn-media.medialabtc.it/es/agencies/md618/estates/618944/images/8927061/gallery_media.jpeg', 'https://cdn-media.medialabtc.it/es/agencies/md618/estates/618944/images/8927060/gallery_media.jpeg', 'https://cdn-media.medialabtc.it/es/agencies/md618/estates/618944/images/8927057/gallery_media.jpeg', 'https://cdn-media.medialabtc.it/es/agencies/md618/estates/618944/images/8927045/gallery_media.jpeg']",0,Desconocido,0,0,1,0,0,Desconocida,0,0,"['imagenes_tecnocasa\\anuncio_370\\0.jpeg', 'imagenes_tecnocasa\\anuncio_370\\1.jpeg', 'imagenes_tecnocasa\\anuncio_370\\2.jpeg', 'imagenes_tecnocasa\\anuncio_370\\3.jpeg', 'imagenes_tecnocasa\\anuncio_370\\4.jpeg', 'imagenes_tecnocasa\\anuncio_370\\5.jpeg', 'imagenes_tecnocasa\\anuncio_370\\6.jpeg', 'imagenes_tecnocasa\\anuncio_370\\7.jpeg', 'imagenes_tecnocasa\\anuncio_370\\8.jpeg', 'imagenes_tecnocasa\\anuncio_370\\9.jpeg', 'imagenes_tecnocasa\\anuncio_370\\10.jpeg', 'imagenes_tecnocasa\\anuncio_370\\11.jpeg', 'imagenes_tecnocasa\\anuncio_370\\12.jpeg', 'imagenes_tecnocasa\\anuncio_370\\13.jpeg', 'imagenes_tecnocasa\\anuncio_370\\14.jpeg', 'imagenes_tecnocasa\\anuncio_370\\15.jpeg', 'imagenes_tecnocasa\\anuncio_370\\16.jpeg', 'imagenes_tecnocasa\\anuncio_370\\17.jpeg', 'imagenes_tecnocasa\\anuncio_370\\18.jpeg', 'imagenes_tecnocasa\\anuncio_370\\19.jpeg', 'imagenes_tecnocasa\\anuncio_370\\20.jpeg']",0,Media,1998,1,0,0,piso,3,Galapagar,Galapagar,40.5774992,-4.0037748,370,2920.731707317073,177.0,126.0,0.9,1.0,1.0,1.0,cerámica,pintura,corredera,estándar (2.4-2.8m),nada,4.2,5.2,convencional,"['#FFFFFF', '#F2F2F2', '#FFE87C']",buena,False,convencional,limitado,ninguno,ninguno,estándar,básica,ninguno,7.2,6.2,ninguna,5
https://www.tecnocasa.es/venta/piso/madrid/madrid/610663.html,169900.0,3,63.0,1,"Descubre esta encantadora propiedad ubicada en el corazón del municipio de Madrid. Con una superficie de 63 m², este piso ofrece un ambiente acogedor y funcional. La vivienda cuenta con tres dormitorios bien distribuidos, ideales para familias o para quienes buscan espacio adicional para una oficina o estudio. El baño está diseñado para ofrecer comodidad y practicidad. Este inmueble refleja un estilo señorial que se mantiene en el tiempo, ofreciendo una atmósfera clásica y elegante. El aire acondicionado instalado garantiza un ambiente agradable durante todo el año, adaptándose a las necesidades de cada estación. La ubicación es inmejorable, con acceso a servicios, transporte público y zonas de ocio, lo que facilita el día a día y ofrece una calidad de vida excepcional. Esta propiedad es una oportunidad única para quienes buscan un hogar en una de las áreas más deseadas de Madrid.",1,1,1,1,1,1,0,1,1,1,"['https://cdn-media.medialabtc.it/es/agencies/md630/estates/610663/images/8996625/gallery_media.jpeg', 'https://cdn-media.medialabtc.it/es/agencies/md630/estates/610663/images/8996626/gallery_media.jpeg', 'https://cdn-media.medialabtc.it/es/agencies/md630/estates/610663/images/8996623/gallery_media.jpeg', 'https://cdn-media.medialabtc.it/es/agencies/md630/estates/610663/images/8996628/gallery_media.jpeg', 'https://cdn-media.medialabtc.it/es/agencies/md630/estates/610663/images/8996627/gallery_media.jpeg', 'https://cdn-media.medialabtc.it/es/agencies/md630/estates/610663/images/8996622/gallery_media.jpeg', 'https://cdn-media.medialabtc.it/es/agencies/md630/estates/610663/images/8996561/gallery_media.jpeg', 'https://cdn-media.medialabtc.it/es/agencies/md630/estates/610663/images/8996624/gallery_media.jpeg']",0,Desconocido,0,0,0,0,0,E,0,0,"['imagenes_tecnocasa\\anuncio_371\\0.jpeg', 'imagenes_tecnocasa\\anuncio_371\\1.jpeg', 'imagenes_tecnocasa\\anuncio_371\\2.jpeg', 'imagenes_tecnocasa\\anuncio_371\\3.jpeg', 'imagenes_tecnocasa\\anuncio_371\\4.jpeg', 'imagenes_tecnocasa\\anuncio_371\\5.jpeg', 'imagenes_tecnocasa\\anuncio_371\\6.jpeg', 'imagenes_tecnocasa\\anuncio_371\\7.jpeg']",1,Señorial,1964,1,0,0,piso,3,Madrid,"Palomeras - Portazgo, Madrid",40.4167047,-3.7035825,371,2696.8253968253966,142.0,99.0,0.0,0.0,0.0,1.0,cerámica,pintura,corredera,estándar (2.4-2.8m),nada,3.4,4.0,convencional,"['#F2F2F2', '#C0C0C0', '#E0E0E0']",buena,False,convencional,limitado,ninguno,ninguno,estándar,parcialmente equipada,ninguno,6.6,6.4,ninguna,5
https://www.tecnocasa.es/venta/piso/madrid/madrid/618398.html,695000.0,4,135.0,2,"Agencia inmobiliaria de MADRID - zona Avenida de la Ilustración - Barrio del Pilar - Peñagrande - Oficina Tecnocasa.

VENDE: amplio inmueble situado en la calle Santiago de Compostela, dentro de urbanización cerrada con piscina, zonas verdes y plaza de garaje. La vivienda consta de hall recibidor, 4 dormitorios, 2 baños completos, amplia cocina independiente con tendedero, y un gran salón comedor con acceso a terraza orientada al sur, lo que garantiza una excelente luminosidad durante todo el día.

Plaza de garaje de acceso directo en la misma finca. La finca fue construida en 1991, dispone de portero físico 24 horas y sistema cerrado de videovigilancia en portales, garaje y zonas comunes.

Muy buenas comunicaciones mediante transporte público: metro (Herrera Oria, Avda. Ilustración y Peñagrande) y varias líneas de EMT a menos de 50 metros del portal. Próximo al centro deportivo Go-Fit. Zona rodeada de todos los servicios locales: supermercados, farmacias, bancos, restaurantes, colegios, centro comercial La Vaguada y excelentes accesos por carretera (M-607, M-30 y M-40).

Financiación de hasta el 100% con nuestro departamento financiero, Kíron.
Asesoramiento gratuito y sin compromiso, no dude en consultarnos.

Visítenos también en nuestras redes sociales para más información:
Facebook: Tecnocasa Estudio Isla de Arosa. @tecnocasaisladearosa
Instagram: @tecnocasa_isla_arosa

TECNOCASA, 25 años a su servicio, ¡Gracias por su confianza!
Agente inmobiliario inscrito en el RAIN Nº 000159/18.",1,1,1,1,1,1,1,1,1,1,"['https://cdn-media.medialabtc.it/es/agencies/mdal6/estates/618398/images/8916896/gallery_media.jpeg', 'https://cdn-media.medialabtc.it/es/agencies/mdal6/estates/618398/images/8916867/gallery_media.jpeg', 'https://cdn-media.medialabtc.it/es/agencies/mdal6/estates/618398/images/8916889/gallery_media.jpeg', 'https://cdn-media.medialabtc.it/es/agencies/mdal6/estates/618398/images/8916800/gallery_media.jpeg', 'https://cdn-media.medialabtc.it/es/agencies/mdal6/estates/618398/images/8916883/gallery_media.jpeg', 'https://cdn-media.medialabtc.it/es/agencies/mdal6/estates/618398/images/8916899/gallery_media.jpeg', 'https://cdn-media.medialabtc.it/es/agencies/mdal6/estates/618398/images/8916863/gallery_media.jpeg', 'https://cdn-media.medialabtc.it/es/agencies/mdal6/estates/618398/images/8916884/gallery_media.jpeg', 'https://cdn-media.medialabtc.it/es/agencies/mdal6/estates/618398/images/8916894/gallery_media.jpeg', 'https://cdn-media.medialabtc.it/es/agencies/mdal6/estates/618398/images/8916897/gallery_media.jpeg', 'https://cdn-media.medialabtc.it/es/agencies/mdal6/estates/618398/images/8916895/gallery_media.jpeg', 'https://cdn-media.medialabtc.it/es/agencies/mdal6/estates/618398/images/8916865/gallery_media.jpeg', 'https://cdn-media.medialabtc.it/es/agencies/mdal6/estates/618398/images/8916864/gallery_media.jpeg', 'https://cdn-media.medialabtc.it/es/agencies/mdal6/estates/618398/images/8916891/gallery_media.jpeg', 'https://cdn-media.medialabtc.it/es/agencies/mdal6/estates/618398/images/8916887/gallery_media.jpeg', 'https://cdn-media.medialabtc.it/es/agencies/mdal6/estates/618398/images/8916797/gallery_media.jpeg', 'https://cdn-media.medialabtc.it/es/agencies/mdal6/estates/618398/images/8916866/gallery_media.jpeg', 'https://cdn-media.medialabtc.it/es/agencies/mdal6/estates/618398/images/8916888/gallery_media.jpeg', 'https://cdn-media.medialabtc.it/es/agencies/mdal6/estates/618398/images/8916892/gallery_media.jpeg', 'https://cdn-media.medialabtc.it/es/agencies/mdal6/estates/618398/images/8916801/gallery_media.jpeg', 'https://cdn-media.medialabtc.it/es/agencies/mdal6/estates/618398/images/8916882/gallery_media.jpeg', 'https://cdn-media.medialabtc.it/es/agencies/mdal6/estates/618398/images/8916886/gallery_media.jpeg', 'https://cdn-media.medialabtc.it/es/agencies/mdal6/estates/618398/images/8916799/gallery_media.jpeg', 'https://cdn-media.medialabtc.it/es/agencies/mdal6/estates/618398/images/8916898/gallery_media.jpeg', 'https://cdn-media.medialabtc.it/es/agencies/mdal6/estates/618398/images/8916890/gallery_media.jpeg', 'https://cdn-media.medialabtc.it/es/agencies/mdal6/estates/618398/images/8916798/gallery_media.jpeg', 'https://cdn-media.medialabtc.it/es/agencies/mdal6/estates/618398/images/8916862/gallery_media.jpeg', 'https://cdn-media.medialabtc.it/es/agencies/mdal6/estates/618398/images/8916893/gallery_media.jpeg', 'https://cdn-media.medialabtc.it/es/agencies/mdal6/estates/618398/images/8916885/gallery_media.jpeg']",0,Desconocido,1,0,1,1,1,E,0,0,"['imagenes_tecnocasa\\anuncio_372\\0.jpeg', 'imagenes_tecnocasa\\anuncio_372\\1.jpeg', 'imagenes_tecnocasa\\anuncio_372\\2.jpeg', 'imagenes_tecnocasa\\anuncio_372\\3.jpeg', 'imagenes_tecnocasa\\anuncio_372\\4.jpeg', 'imagenes_tecnocasa\\anuncio_372\\5.jpeg', 'imagenes_tecnocasa\\anuncio_372\\6.jpeg', 'imagenes_tecnocasa\\anuncio_372\\7.jpeg', 'imagenes_tecnocasa\\anuncio_372\\8.jpeg', 'imagenes_tecnocasa\\anuncio_372\\9.jpeg', 'imagenes_tecnocasa\\anuncio_372\\10.jpeg', 'imagenes_tecnocasa\\anuncio_372\\11.jpeg', 'imagenes_tecnocasa\\anuncio_372\\12.jpeg', 'imagenes_tecnocasa\\anuncio_372\\13.jpeg', 'imagenes_tecnocasa\\anuncio_372\\14.jpeg', 'imagenes_tecnocasa\\anuncio_372\\15.jpeg', 'imagenes_tecnocasa\\anuncio_372\\16.jpeg', 'imagenes_tecnocasa\\anuncio_372\\17.jpeg', 'imagenes_tecnocasa\\anuncio_372\\18.jpeg', 'imagenes_tecnocasa\\anuncio_372\\19.jpeg', 'imagenes_tecnocasa\\anuncio_372\\20.jpeg', 'imagenes_tecnocasa\\anuncio_372\\21.jpeg', 'imagenes_tecnocasa\\anuncio_372\\22.jpeg', 'imagenes_tecnocasa\\anuncio_372\\23.jpeg', 'imagenes_tecnocasa\\anuncio_372\\24.jpeg', 'imagenes_tecnocasa\\anuncio_372\\25.jpeg', 'imagenes_tecnocasa\\anuncio_372\\26.jpeg', 'imagenes_tecnocasa\\anuncio_372\\27.jpeg', 'imagenes_tecnocasa\\anuncio_372\\28.jpeg']",0,Señorial,1991,1,0,0,piso,1,Madrid,"Peñagrande, Madrid",40.4167047,-3.7035825,372,5148.148148148148,222.0,171.0,0.0,0.0,1.0,0.0,parquet,pintura,corredera,estándar (2.4-2.8m),nada,5.2,3.6,clásico,"['#A0A0A0', '#8B4513', '#FFFFE0']",buena,False,convencional,normal,ninguno,ninguno,estándar,básica,ninguno,7.2,6.4,ninguna,5
https://www.tecnocasa.es/venta/piso/madrid/getafe/621778.html,190000.0,3,73.0,1,"Somos la Agencia inmobiliaria de Getafe zona calle Toledo Estudio Villa De Getafe S. L. U.
En venta piso en Getafe en zona de San Isidro, de 73 m² de vivienda.
Vivienda para entrar a vivir
Piso con electricidad y fontanería actualizado en una de las calles mas tranquilas de Getafe, a escasos metros de la A-42 con una incorporación cercana, junto a el metro de Alonso de Mendoza, cerca de paradas de autobús que conecta con la lineal Madrid-Sur, muy cerca de calle Toledo.
La vivienda cuenta con las siguientes estancias:
- Tres dormitorios.
- Cuarto de baño con bañera.
- Salón muy luminoso.
- Cocina totalmente amueblada y equipada.
- 3 Patios de luces.
- Hall recibidor.
Las calidades de las que dispone son:
- Suelo parquet.
- Ventanas de aluminio y calefaccion en todas las estancias.
- Caldera de gas con un mes de antiguedad y ascensor recien instalado.
vivienda de 73 metros cuadrados, compuesto por un amplio salón, cocina, 3 dormitorios, baño completo, ascensor y calefaccion.
Excelente conexión con la A-42, a escasos metros del metro Alonso de Mendoza y Getafe central, parada de autobús de calle Toledo, uno de los barrios distinguidos de Getafe con todos los servicios esenciales y de ocio a escasos metros, como parque, colegios, supermercados, centro de salud, farmacia, tiendas, bares, restaurantes y una estupenda comunicación con la línea de autobuses urbanos que comunica con tod",1,1,1,1,1,1,1,1,1,1,"['https://cdn-media.medialabtc.it/es/agencies/md560/estates/621778/images/8995651/gallery_media.jpeg', 'https://cdn-media.medialabtc.it/es/agencies/md560/estates/621778/images/8995653/gallery_media.jpeg', 'https://cdn-media.medialabtc.it/es/agencies/md560/estates/621778/images/8995649/gallery_media.jpeg', 'https://cdn-media.medialabtc.it/es/agencies/md560/estates/621778/images/8995645/gallery_media.jpeg', 'https://cdn-media.medialabtc.it/es/agencies/md560/estates/621778/images/8995648/gallery_media.jpeg', 'https://cdn-media.medialabtc.it/es/agencies/md560/estates/621778/images/8995647/gallery_media.jpeg', 'https://cdn-media.medialabtc.it/es/agencies/md560/estates/621778/images/8995657/gallery_media.jpeg', 'https://cdn-media.medialabtc.it/es/agencies/md560/estates/621778/images/8995655/gallery_media.jpeg', 'https://cdn-media.medialabtc.it/es/agencies/md560/estates/621778/images/8995644/gallery_media.jpeg', 'https://cdn-media.medialabtc.it/es/agencies/md560/estates/621778/images/8995654/gallery_media.jpeg', 'https://cdn-media.medialabtc.it/es/agencies/md560/estates/621778/images/8995656/gallery_media.jpeg', 'https://cdn-media.medialabtc.it/es/agencies/md560/estates/621778/images/8995650/gallery_media.jpeg', 'https://cdn-media.medialabtc.it/es/agencies/md560/estates/621778/images/8995652/gallery_media.jpeg', 'https://cdn-media.medialabtc.it/es/agencies/md560/estates/621778/images/8995646/gallery_media.jpeg']",0,Desconocido,0,0,0,0,0,Desconocida,0,0,"['imagenes_tecnocasa\\anuncio_374\\0.jpeg', 'imagenes_tecnocasa\\anuncio_374\\1.jpeg', 'imagenes_tecnocasa\\anuncio_374\\2.jpeg', 'imagenes_tecnocasa\\anuncio_374\\3.jpeg', 'imagenes_tecnocasa\\anuncio_374\\4.jpeg', 'imagenes_tecnocasa\\anuncio_374\\5.jpeg', 'imagenes_tecnocasa\\anuncio_374\\6.jpeg', 'imagenes_tecnocasa\\anuncio_374\\7.jpeg', 'imagenes_tecnocasa\\anuncio_374\\8.jpeg', 'imagenes_tecnocasa\\anuncio_374\\9.jpeg', 'imagenes_tecnocasa\\anuncio_374\\10.jpeg', 'imagenes_tecnocasa\\anuncio_374\\11.jpeg', 'imagenes_tecnocasa\\anuncio_374\\12.jpeg', 'imagenes_tecnocasa\\anuncio_374\\13.jpeg']",1,Señorial,1971,1,0,1,piso,2,Getafe,"San Isidro, Getafe",40.3070639,-3.7331808,374,2602.7397260273974,235.0,144.0,0.0,0.25,2.0,0.0,parquet,pintura,corredera,estándar (2.4-2.8m),nada,3.6,4.2,moderno,"['#A0522D', '#8B4513', '#FFF8DC']",buena,False,convencional,normal,ninguno,ninguno,estándar,parcialmente equipada,ninguno,6.4,6.6,ninguna,5
https://www.tecnocasa.es/venta/piso/madrid/madrid/621704.html,630000.0,2,125.0,2,"Inmobiliaria en Chamartín, Prosperidad Madrid - Tecnocasa Oficina Prosperidad 2019 Sl VENDE Exclusiva vivienda con excelentes prestaciones en finca moderna con piscina y garaje
Presentamos esta magnífica oportunidad de adquirir un piso amplio y luminoso, situado en una finca contemporánea construida en 2005. La propiedad destaca por su diseño funcional, sus comodidades y los espacios comunes que ofrece, lo que la convierte en una excelente opción tanto para familias como para quienes buscan una inversión segura y de calidad.
La vivienda cuenta con dos dormitorios bien distribuidos, ideales tanto para uso familiar como para despacho o habitación de invitados. Dispone de dos baños completos, uno de ellos en suite, lo que aporta comodidad e independencia.
El edificio está equipado con ascensor y cuenta con elementos comunes de gran valor añadido, entre ellos una piscina comunitaria ubicada en la azotea, que ofrece un espacio ideal para el ocio y la desconexión durante los meses de verano. Además, en la parte posterior de la finca se encuentra un patio comunitario con bancos, perfecto para leer, relajarse o disfrutar al aire libre sin salir de casa.
El piso se vende con dos amplias plazas de garaje en el mismo edificio, lo que facilita el acceso y añade comodidad al día a día, así como con un trastero privado, ideal para almacenamiento adicional.
La ubicación de la finca combina tranquilidad y buena comunicación, con acceso a todos los servicios necesarios: transporte público, zonas verdes, comercios, centros educativos y sanitarios.
Una vivienda completa, moderna y lista para entrar a vivir, con todas las facilidades que necesitas para disfrutar del máximo confort.
No dejes pasar esta oportunidad. Contáctanos para más información o concertar una visita.",1,1,1,1,1,1,0,1,1,1,"['https://cdn-media.medialabtc.it/es/agencies/md038/estates/621704/images/8994917/gallery_media.jpeg', 'https://cdn-media.medialabtc.it/es/agencies/md038/estates/621704/images/8994916/gallery_media.jpeg', 'https://cdn-media.medialabtc.it/es/agencies/md038/estates/621704/images/8994914/gallery_media.jpeg', 'https://cdn-media.medialabtc.it/es/agencies/md038/estates/621704/images/8994908/gallery_media.jpeg', 'https://cdn-media.medialabtc.it/es/agencies/md038/estates/621704/images/8994965/gallery_media.jpeg', 'https://cdn-media.medialabtc.it/es/agencies/md038/estates/621704/images/8994963/gallery_media.jpeg', 'https://cdn-media.medialabtc.it/es/agencies/md038/estates/621704/images/8994910/gallery_media.jpeg', 'https://cdn-media.medialabtc.it/es/agencies/md038/estates/621704/images/8994969/gallery_media.jpeg', 'https://cdn-media.medialabtc.it/es/agencies/md038/estates/621704/images/8994907/gallery_media.jpeg', 'https://cdn-media.medialabtc.it/es/agencies/md038/estates/621704/images/8994964/gallery_media.jpeg', 'https://cdn-media.medialabtc.it/es/agencies/md038/estates/621704/images/8994921/gallery_media.jpeg', 'https://cdn-media.medialabtc.it/es/agencies/md038/estates/621704/images/8994970/gallery_media.jpeg', 'https://cdn-media.medialabtc.it/es/agencies/md038/estates/621704/images/8994911/gallery_media.jpeg', 'https://cdn-media.medialabtc.it/es/agencies/md038/estates/621704/images/8994962/gallery_media.jpeg', 'https://cdn-media.medialabtc.it/es/agencies/md038/estates/621704/images/8994966/gallery_media.jpeg', 'https://cdn-media.medialabtc.it/es/agencies/md038/estates/621704/images/8994967/gallery_media.jpeg', 'https://cdn-media.medialabtc.it/es/agencies/md038/estates/621704/images/8994971/gallery_media.jpeg', 'https://cdn-media.medialabtc.it/es/agencies/md038/estates/621704/images/8994905/gallery_media.jpeg', 'https://cdn-media.medialabtc.it/es/agencies/md038/estates/621704/images/8994913/gallery_media.jpeg', 'https://cdn-media.medialabtc.it/es/agencies/md038/estates/621704/images/8994968/gallery_media.jpeg', 'https://cdn-media.medialabtc.it/es/agencies/md038/estates/621704/images/8994906/gallery_media.jpeg', 'https://cdn-media.medialabtc.it/es/agencies/md038/estates/621704/images/8994915/gallery_media.jpeg', 'https://cdn-media.medialabtc.it/es/agencies/md038/estates/621704/images/8994972/gallery_media.jpeg', 'https://cdn-media.medialabtc.it/es/agencies/md038/estates/621704/images/8994920/gallery_media.jpeg', 'https://cdn-media.medialabtc.it/es/agencies/md038/estates/621704/images/8994918/gallery_media.jpeg', 'https://cdn-media.medialabtc.it/es/agencies/md038/estates/621704/images/8994919/gallery_media.jpeg']",0,Desconocido,1,1,1,0,0,E,1,0,"['imagenes_tecnocasa\\anuncio_375\\0.jpeg', 'imagenes_tecnocasa\\anuncio_375\\1.jpeg', 'imagenes_tecnocasa\\anuncio_375\\2.jpeg', 'imagenes_tecnocasa\\anuncio_375\\3.jpeg', 'imagenes_tecnocasa\\anuncio_375\\4.jpeg', 'imagenes_tecnocasa\\anuncio_375\\5.jpeg', 'imagenes_tecnocasa\\anuncio_375\\6.jpeg', 'imagenes_tecnocasa\\anuncio_375\\7.jpeg', 'imagenes_tecnocasa\\anuncio_375\\8.jpeg', 'imagenes_tecnocasa\\anuncio_375\\9.jpeg', 'imagenes_tecnocasa\\anuncio_375\\10.jpeg', 'imagenes_tecnocasa\\anuncio_375\\11.jpeg', 'imagenes_tecnocasa\\anuncio_375\\12.jpeg', 'imagenes_tecnocasa\\anuncio_375\\13.jpeg', 'imagenes_tecnocasa\\anuncio_375\\14.jpeg', 'imagenes_tecnocasa\\anuncio_375\\15.jpeg', 'imagenes_tecnocasa\\anuncio_375\\16.jpeg', 'imagenes_tecnocasa\\anuncio_375\\17.jpeg', 'imagenes_tecnocasa\\anuncio_375\\18.jpeg', 'imagenes_tecnocasa\\anuncio_375\\19.jpeg', 'imagenes_tecnocasa\\anuncio_375\\20.jpeg', 'imagenes_tecnocasa\\anuncio_375\\21.jpeg', 'imagenes_tecnocasa\\anuncio_375\\22.jpeg', 'imagenes_tecnocasa\\anuncio_375\\23.jpeg', 'imagenes_tecnocasa\\anuncio_375\\24.jpeg', 'imagenes_tecnocasa\\anuncio_375\\25.jpeg']",1,Popular,2005,0,0,1,piso,1,Ciudad Jardín,"Ciudad Jardín, Madrid",40.4487115,-3.6738706,375,5040.0,279.0,179.0,0.725,0.8333333333333334,2.0,1.0,parquet,pintura,ninguna visible,estándar (2.4-2.8m),nada,4.8,5.6,moderno,"['#8B4513', '#A0522D', '#D2691E']",buena,False,convencional,normal,ninguno,ninguno,estándar,ninguna visible,ninguno,7.0,6.4,ninguna,5
https://www.tecnocasa.es/venta/casa/madrid/ciempozuelos/618906.html,249000.0,5,147.0,1,"Agencia inmobiliaria de Ciempozuelos, Tecnocasa Estudio Ciempozuelos SL.

¡VENDE CASA de 147 m2 CONSTRUIDOS!.
Distribuida en 2 plantas: en la planta baja encontramos la cocina que da salida a un amplio patio, un baño completo, un salón-comedor y 2 dormitorios. La parte superior de la vivienda consta de un hall y 3 habitaciones.

La vivienda está situada en una de las MEJORES ZONAS DE CIEMPOZUELOS; es una zona tranquila, a 10 minutos de la plaza del pueblo, ya consolidada con multitud de servicios alrededor y bien comunicada por la red de transportes del municipio.

No dude en llamarnos para concertar su cita para visitar el inmueble en la que además recibirá el estudio gratuito de nuestro departamento financiero KÌRON.",0,1,1,0,1,0,1,1,0,1,"['https://cdn-media.medialabtc.it/es/agencies/mdbe6/estates/618906/images/8927588/gallery_media.jpeg', 'https://cdn-media.medialabtc.it/es/agencies/mdbe6/estates/618906/images/8927590/gallery_media.jpeg', 'https://cdn-media.medialabtc.it/es/agencies/mdbe6/estates/618906/images/8927606/gallery_media.jpeg', 'https://cdn-media.medialabtc.it/es/agencies/mdbe6/estates/618906/images/8927611/gallery_media.jpeg', 'https://cdn-media.medialabtc.it/es/agencies/mdbe6/estates/618906/images/8927583/gallery_media.jpeg', 'https://cdn-media.medialabtc.it/es/agencies/mdbe6/estates/618906/images/8927589/gallery_media.jpeg', 'https://cdn-media.medialabtc.it/es/agencies/mdbe6/estates/618906/images/8927591/gallery_media.jpeg', 'https://cdn-media.medialabtc.it/es/agencies/mdbe6/estates/618906/images/8927586/gallery_media.jpeg', 'https://cdn-media.medialabtc.it/es/agencies/mdbe6/estates/618906/images/8927593/gallery_media.jpeg', 'https://cdn-media.medialabtc.it/es/agencies/mdbe6/estates/618906/images/8927585/gallery_media.jpeg', 'https://cdn-media.medialabtc.it/es/agencies/mdbe6/estates/618906/images/8927584/gallery_media.jpeg', 'https://cdn-media.medialabtc.it/es/agencies/mdbe6/estates/618906/images/8927607/gallery_media.jpeg', 'https://cdn-media.medialabtc.it/es/agencies/mdbe6/estates/618906/images/8927602/gallery_media.jpeg', 'https://cdn-media.medialabtc.it/es/agencies/mdbe6/estates/618906/images/8927580/gallery_media.jpeg', 'https://cdn-media.medialabtc.it/es/agencies/mdbe6/estates/618906/images/8927581/gallery_media.jpeg', 'https://cdn-media.medialabtc.it/es/agencies/mdbe6/estates/618906/images/8927592/gallery_media.jpeg', 'https://cdn-media.medialabtc.it/es/agencies/mdbe6/estates/618906/images/8927612/gallery_media.jpeg', 'https://cdn-media.medialabtc.it/es/agencies/mdbe6/estates/618906/images/8927613/gallery_media.jpeg', 'https://cdn-media.medialabtc.it/es/agencies/mdbe6/estates/618906/images/8927604/gallery_media.jpeg', 'https://cdn-media.medialabtc.it/es/agencies/mdbe6/estates/618906/images/8927587/gallery_media.jpeg', 'https://cdn-media.medialabtc.it/es/agencies/mdbe6/estates/618906/images/8927603/gallery_media.jpeg', 'https://cdn-media.medialabtc.it/es/agencies/mdbe6/estates/618906/images/8927610/gallery_media.jpeg', 'https://cdn-media.medialabtc.it/es/agencies/mdbe6/estates/618906/images/8927609/gallery_media.jpeg', 'https://cdn-media.medialabtc.it/es/agencies/mdbe6/estates/618906/images/8927582/gallery_media.jpeg', 'https://cdn-media.medialabtc.it/es/agencies/mdbe6/estates/618906/images/8927608/gallery_media.jpeg', 'https://cdn-media.medialabtc.it/es/agencies/mdbe6/estates/618906/images/8927595/gallery_media.jpeg']",0,Desconocido,0,0,0,0,0,Desconocida,0,1,"['imagenes_tecnocasa\\anuncio_376\\0.jpeg', 'imagenes_tecnocasa\\anuncio_376\\1.jpeg', 'imagenes_tecnocasa\\anuncio_376\\2.jpeg', 'imagenes_tecnocasa\\anuncio_376\\3.jpeg', 'imagenes_tecnocasa\\anuncio_376\\4.jpeg', 'imagenes_tecnocasa\\anuncio_376\\5.jpeg', 'imagenes_tecnocasa\\anuncio_376\\6.jpeg', 'imagenes_tecnocasa\\anuncio_376\\7.jpeg', 'imagenes_tecnocasa\\anuncio_376\\8.jpeg', 'imagenes_tecnocasa\\anuncio_376\\9.jpeg', 'imagenes_tecnocasa\\anuncio_376\\10.jpeg', 'imagenes_tecnocasa\\anuncio_376\\11.jpeg', 'imagenes_tecnocasa\\anuncio_376\\12.jpeg', 'imagenes_tecnocasa\\anuncio_376\\13.jpeg', 'imagenes_tecnocasa\\anuncio_376\\14.jpeg', 'imagenes_tecnocasa\\anuncio_376\\15.jpeg', 'imagenes_tecnocasa\\anuncio_376\\16.jpeg', 'imagenes_tecnocasa\\anuncio_376\\17.jpeg', 'imagenes_tecnocasa\\anuncio_376\\18.jpeg', 'imagenes_tecnocasa\\anuncio_376\\19.jpeg', 'imagenes_tecnocasa\\anuncio_376\\20.jpeg', 'imagenes_tecnocasa\\anuncio_376\\21.jpeg', 'imagenes_tecnocasa\\anuncio_376\\22.jpeg', 'imagenes_tecnocasa\\anuncio_376\\23.jpeg', 'imagenes_tecnocasa\\anuncio_376\\24.jpeg', 'imagenes_tecnocasa\\anuncio_376\\25.jpeg']",0,Popular,1968,0,0,0,casa,2,Ciempozuelos,Ciempozuelos,40.1580087,-3.6205514,376,1693.8775510204082,119.0,88.0,0.35,0.45,1.0,0.0,cerámica,pintura,corredera,estándar (2.4-2.8m),nada,3.4,3.6,convencional,"['#F5F5DC', '#A0522D', '#FFFFFF']",regular,False,convencional,limitado,ninguno,ninguno,estándar,básica,ninguno,6.0,6.2,ninguna,5
https://www.tecnocasa.es/venta/piso/madrid/ciempozuelos/616605.html,225000.0,3,107.0,2,"Agencia inmobiliaria de Ciempozuelos-zona Ciempozuelos-oficina Tecnocasa

¡VENDE Piso en CIEMPOZUELOS con 107 m2 CONSTRUIDOS y 99 m2 ÚTILES!

La vivienda se encuentra distribuida en recibidor, amplio salón-comedor con aire acondicionado, cocina con acceso a una terraza exterior desde el pasillo accedemos a 3 habitaciones con armarios empotrados, y a dos baños completos con bañera. Incluye plaza de garaje.
La comunidad cuenta con piscina comunitaria.

Ubicado en una de las mejores zonas de Ciempozuelos, este piso te brinda la tranquilidad de un barrio consolidado y todos los servicios a tu alcance. A pocos minutos andando de la plaza del pueblo y perfectamente comunicado por transporte público, tendrás todo lo que necesitas a tu alrededor.

No dude en llamarnos para concretar su cita para visitar el inmueble, en la que además recibirá el asesoramiento gratuito de nuestro departamento financiero Kiron.",0,1,1,0,1,0,1,1,0,1,"['https://cdn-media.medialabtc.it/es/agencies/mdbe6/estates/616605/images/8898835/gallery_media.jpeg', 'https://cdn-media.medialabtc.it/es/agencies/mdbe6/estates/616605/images/8898824/gallery_media.jpeg', 'https://cdn-media.medialabtc.it/es/agencies/mdbe6/estates/616605/images/8898838/gallery_media.jpeg', 'https://cdn-media.medialabtc.it/es/agencies/mdbe6/estates/616605/images/8898844/gallery_media.jpeg', 'https://cdn-media.medialabtc.it/es/agencies/mdbe6/estates/616605/images/8898827/gallery_media.jpeg', 'https://cdn-media.medialabtc.it/es/agencies/mdbe6/estates/616605/images/8898832/gallery_media.jpeg', 'https://cdn-media.medialabtc.it/es/agencies/mdbe6/estates/616605/images/8898834/gallery_media.jpeg', 'https://cdn-media.medialabtc.it/es/agencies/mdbe6/estates/616605/images/8898825/gallery_media.jpeg', 'https://cdn-media.medialabtc.it/es/agencies/mdbe6/estates/616605/images/8898823/gallery_media.jpeg', 'https://cdn-media.medialabtc.it/es/agencies/mdbe6/estates/616605/images/8898829/gallery_media.jpeg', 'https://cdn-media.medialabtc.it/es/agencies/mdbe6/estates/616605/images/8898837/gallery_media.jpeg', 'https://cdn-media.medialabtc.it/es/agencies/mdbe6/estates/616605/images/8898833/gallery_media.jpeg', 'https://cdn-media.medialabtc.it/es/agencies/mdbe6/estates/616605/images/8898822/gallery_media.jpeg', 'https://cdn-media.medialabtc.it/es/agencies/mdbe6/estates/616605/images/8898840/gallery_media.jpeg', 'https://cdn-media.medialabtc.it/es/agencies/mdbe6/estates/616605/images/8898831/gallery_media.jpeg', 'https://cdn-media.medialabtc.it/es/agencies/mdbe6/estates/616605/images/8898828/gallery_media.jpeg', 'https://cdn-media.medialabtc.it/es/agencies/mdbe6/estates/616605/images/8898845/gallery_media.jpeg', 'https://cdn-media.medialabtc.it/es/agencies/mdbe6/estates/616605/images/8898843/gallery_media.jpeg', 'https://cdn-media.medialabtc.it/es/agencies/mdbe6/estates/616605/images/8898839/gallery_media.jpeg', 'https://cdn-media.medialabtc.it/es/agencies/mdbe6/estates/616605/images/8898842/gallery_media.jpeg', 'https://cdn-media.medialabtc.it/es/agencies/mdbe6/estates/616605/images/8898826/gallery_media.jpeg', 'https://cdn-media.medialabtc.it/es/agencies/mdbe6/estates/616605/images/8898846/gallery_media.jpeg', 'https://cdn-media.medialabtc.it/es/agencies/mdbe6/estates/616605/images/8898841/gallery_media.jpeg', 'https://cdn-media.medialabtc.it/es/agencies/mdbe6/estates/616605/images/8898836/gallery_media.jpeg', 'https://cdn-media.medialabtc.it/es/agencies/mdbe6/estates/616605/images/8898830/gallery_media.jpeg']",0,Desconocido,1,0,1,1,0,Desconocida,0,0,"['imagenes_tecnocasa\\anuncio_377\\0.jpeg', 'imagenes_tecnocasa\\anuncio_377\\1.jpeg', 'imagenes_tecnocasa\\anuncio_377\\2.jpeg', 'imagenes_tecnocasa\\anuncio_377\\3.jpeg', 'imagenes_tecnocasa\\anuncio_377\\4.jpeg', 'imagenes_tecnocasa\\anuncio_377\\5.jpeg', 'imagenes_tecnocasa\\anuncio_377\\6.jpeg', 'imagenes_tecnocasa\\anuncio_377\\7.jpeg', 'imagenes_tecnocasa\\anuncio_377\\8.jpeg', 'imagenes_tecnocasa\\anuncio_377\\9.jpeg', 'imagenes_tecnocasa\\anuncio_377\\10.jpeg', 'imagenes_tecnocasa\\anuncio_377\\11.jpeg', 'imagenes_tecnocasa\\anuncio_377\\12.jpeg', 'imagenes_tecnocasa\\anuncio_377\\13.jpeg', 'imagenes_tecnocasa\\anuncio_377\\14.jpeg', 'imagenes_tecnocasa\\anuncio_377\\15.jpeg', 'imagenes_tecnocasa\\anuncio_377\\16.jpeg', 'imagenes_tecnocasa\\anuncio_377\\17.jpeg', 'imagenes_tecnocasa\\anuncio_377\\18.jpeg', 'imagenes_tecnocasa\\anuncio_377\\19.jpeg', 'imagenes_tecnocasa\\anuncio_377\\20.jpeg', 'imagenes_tecnocasa\\anuncio_377\\21.jpeg', 'imagenes_tecnocasa\\anuncio_377\\22.jpeg', 'imagenes_tecnocasa\\anuncio_377\\23.jpeg', 'imagenes_tecnocasa\\anuncio_377\\24.jpeg']",0,Media,1998,0,0,0,piso,2,Ciempozuelos,Ciempozuelos,40.1580087,-3.6205514,377,2102.803738317757,138.0,105.0,0.0,0.0,1.0,0.0,cerámica,pintura,corredera,estándar (2.4-2.8m),nada,3.6,3.8,convencional,"['#D2B48C', '#A0522D', '#FFF8DC']",regular,False,convencional,normal,ninguno,ninguno,estándar,parcialmente equipada,ninguno,5.8,6.4,ninguna,5
https://www.tecnocasa.es/venta/casa/madrid/getafe/616008.html,435000.0,3,222.0,4,"Agencia inmobiliaria Tecnocasa de Getafe - zona Norte - vende CHALET EN EXCELENTE ESTADO en PERALES DEL RÍO con PISCINA COMUNITARIA. La vivienda se distribuye en cuatro plantas. Una planta sótano con garaje para TRES vehículos, almacén y lavandería. En la planta baja se encuentra un aseo en la entrada, amplio salón independiente con aire acondicionado, cocina en buen estado de origen con comedor, el cual da acceso a el patio exterior. En la primera planta tenemos tres dormitorios, en el principal con aire acondicionado, en dos de ellos con armarios empotrados, dos cuartos de baño completos con plato de ducha, uno de ellos en suite. Por último, la vivienda cuenta con una buhardilla de 45m2 con aire acondicionado, con armarios empotrados a ambos lados y un aseo. Ventanas de aluminio con cristal climalit correderas con rejas, suelos en tarima y parquet. Cuenta con calefacción por gas natural con la caldera cambiada. En la zona encontrarás todo tipo de servicios, colegios, transporte público (líneas de autobuses), centro comercial, supermercado y fácil acceso a carreteras M-45 y M-50.",0,0,1,0,0,0,0,0,0,0,"['https://cdn-media.medialabtc.it/es/agencies/mdbw6/estates/616008/images/8859029/gallery_media.jpeg', 'https://cdn-media.medialabtc.it/es/agencies/mdbw6/estates/616008/images/8859037/gallery_media.jpeg', 'https://cdn-media.medialabtc.it/es/agencies/mdbw6/estates/616008/images/8859022/gallery_media.jpeg', 'https://cdn-media.medialabtc.it/es/agencies/mdbw6/estates/616008/images/8859038/gallery_media.jpeg', 'https://cdn-media.medialabtc.it/es/agencies/mdbw6/estates/616008/images/8859026/gallery_media.jpeg', 'https://cdn-media.medialabtc.it/es/agencies/mdbw6/estates/616008/images/8859020/gallery_media.jpeg', 'https://cdn-media.medialabtc.it/es/agencies/mdbw6/estates/616008/images/8859025/gallery_media.jpeg', 'https://cdn-media.medialabtc.it/es/agencies/mdbw6/estates/616008/images/8859028/gallery_media.jpeg', 'https://cdn-media.medialabtc.it/es/agencies/mdbw6/estates/616008/images/8859031/gallery_media.jpeg', 'https://cdn-media.medialabtc.it/es/agencies/mdbw6/estates/616008/images/8859023/gallery_media.jpeg', 'https://cdn-media.medialabtc.it/es/agencies/mdbw6/estates/616008/images/8859035/gallery_media.jpeg', 'https://cdn-media.medialabtc.it/es/agencies/mdbw6/estates/616008/images/8859033/gallery_media.jpeg', 'https://cdn-media.medialabtc.it/es/agencies/mdbw6/estates/616008/images/8859036/gallery_media.jpeg', 'https://cdn-media.medialabtc.it/es/agencies/mdbw6/estates/616008/images/8859014/gallery_media.jpeg', 'https://cdn-media.medialabtc.it/es/agencies/mdbw6/estates/616008/images/8859034/gallery_media.jpeg', 'https://cdn-media.medialabtc.it/es/agencies/mdbw6/estates/616008/images/8859032/gallery_media.jpeg', 'https://cdn-media.medialabtc.it/es/agencies/mdbw6/estates/616008/images/8859015/gallery_media.jpeg', 'https://cdn-media.medialabtc.it/es/agencies/mdbw6/estates/616008/images/8859024/gallery_media.jpeg', 'https://cdn-media.medialabtc.it/es/agencies/mdbw6/estates/616008/images/8859030/gallery_media.jpeg', 'https://cdn-media.medialabtc.it/es/agencies/mdbw6/estates/616008/images/8859018/gallery_media.jpeg', 'https://cdn-media.medialabtc.it/es/agencies/mdbw6/estates/616008/images/8859016/gallery_media.jpeg', 'https://cdn-media.medialabtc.it/es/agencies/mdbw6/estates/616008/images/8859039/gallery_media.jpeg', 'https://cdn-media.medialabtc.it/es/agencies/mdbw6/estates/616008/images/8859017/gallery_media.jpeg', 'https://cdn-media.medialabtc.it/es/agencies/mdbw6/estates/616008/images/8859021/gallery_media.jpeg', 'https://cdn-media.medialabtc.it/es/agencies/mdbw6/estates/616008/images/8859027/gallery_media.jpeg', 'https://cdn-media.medialabtc.it/es/agencies/mdbw6/estates/616008/images/8859019/gallery_media.jpeg']",0,Buen estado,1,1,1,1,0,Desconocida,0,0,"['imagenes_tecnocasa\\anuncio_382\\0.jpeg', 'imagenes_tecnocasa\\anuncio_382\\1.jpeg', 'imagenes_tecnocasa\\anuncio_382\\2.jpeg', 'imagenes_tecnocasa\\anuncio_382\\3.jpeg', 'imagenes_tecnocasa\\anuncio_382\\4.jpeg', 'imagenes_tecnocasa\\anuncio_382\\5.jpeg', 'imagenes_tecnocasa\\anuncio_382\\6.jpeg', 'imagenes_tecnocasa\\anuncio_382\\7.jpeg', 'imagenes_tecnocasa\\anuncio_382\\8.jpeg', 'imagenes_tecnocasa\\anuncio_382\\9.jpeg', 'imagenes_tecnocasa\\anuncio_382\\10.jpeg', 'imagenes_tecnocasa\\anuncio_382\\11.jpeg', 'imagenes_tecnocasa\\anuncio_382\\12.jpeg', 'imagenes_tecnocasa\\anuncio_382\\13.jpeg', 'imagenes_tecnocasa\\anuncio_382\\14.jpeg', 'imagenes_tecnocasa\\anuncio_382\\15.jpeg', 'imagenes_tecnocasa\\anuncio_382\\16.jpeg', 'imagenes_tecnocasa\\anuncio_382\\17.jpeg', 'imagenes_tecnocasa\\anuncio_382\\18.jpeg', 'imagenes_tecnocasa\\anuncio_382\\19.jpeg', 'imagenes_tecnocasa\\anuncio_382\\20.jpeg', 'imagenes_tecnocasa\\anuncio_382\\21.jpeg', 'imagenes_tecnocasa\\anuncio_382\\22.jpeg', 'imagenes_tecnocasa\\anuncio_382\\23.jpeg', 'imagenes_tecnocasa\\anuncio_382\\24.jpeg', 'imagenes_tecnocasa\\anuncio_382\\25.jpeg']",1,Popular,1994,1,0,0,casa,2,Getafe,"Getafe Norte, Getafe",40.3070639,-3.7331808,382,1959.4594594594594,177.0,118.0,0.1,0.4,1.0,0.0,parquet,pintura,ninguna,estándar (2.4-2.8m),nada,5.0,3.8,clásico,"['#FFFFFF', '#A0A0A0', '#8B4513']",buena,False,convencional,amplio,ninguno,ninguno,estándar,básica,ninguno,7.4,6.8,ninguna,5
https://www.tecnocasa.es/venta/piso/madrid/aranjuez/613191.html,139500.0,1,50.0,1,"Inmobiliaria en Aranjuez - Tecnocasa Houseland Aranjuez Slu
¡Descubre tu nuevo hogar en el corazón del pueblo! Este encantador piso de 50 m² te ofrece la comodidad y el estilo que buscas. Con una ubicación inmejorable, estarás a solo pasos de todos los servicios esenciales. El piso cuenta con un acogedor dormitorio con armarios empotrados, un baño moderno con plato de ducha y un salón luminoso con cocina abierta, ideal para disfrutar de momentos únicos. Equipado con bomba de frío y calor, garantiza tu confort durante todo el año. Además, el edificio dispone de ascensor para tu comodidad. Construido en 2003 y en excelente estado, este piso es perfecto para quienes buscan calidad de vida en una zona céntrica. ¡No dejes pasar esta oportunidad! Ven a visitarlo y enamórate de tu futuro hogar.",0,1,1,1,1,1,0,1,1,1,"['https://cdn-media.medialabtc.it/es/agencies/mdbr5/estates/613191/images/8829408/gallery_media.jpeg', 'https://cdn-media.medialabtc.it/es/agencies/mdbr5/estates/613191/images/8829392/gallery_media.jpeg', 'https://cdn-media.medialabtc.it/es/agencies/mdbr5/estates/613191/images/8829393/gallery_media.jpeg', 'https://cdn-media.medialabtc.it/es/agencies/mdbr5/estates/613191/images/8829385/gallery_media.jpeg', 'https://cdn-media.medialabtc.it/es/agencies/mdbr5/estates/613191/images/8829394/gallery_media.jpeg', 'https://cdn-media.medialabtc.it/es/agencies/mdbr5/estates/613191/images/8829386/gallery_media.jpeg', 'https://cdn-media.medialabtc.it/es/agencies/mdbr5/estates/613191/images/8829407/gallery_media.jpeg', 'https://cdn-media.medialabtc.it/es/agencies/mdbr5/estates/613191/images/8829388/gallery_media.jpeg', 'https://cdn-media.medialabtc.it/es/agencies/mdbr5/estates/613191/images/8829404/gallery_media.jpeg', 'https://cdn-media.medialabtc.it/es/agencies/mdbr5/estates/613191/images/8829390/gallery_media.jpeg', 'https://cdn-media.medialabtc.it/es/agencies/mdbr5/estates/613191/images/8829405/gallery_media.jpeg', 'https://cdn-media.medialabtc.it/es/agencies/mdbr5/estates/613191/images/8829402/gallery_media.jpeg', 'https://cdn-media.medialabtc.it/es/agencies/mdbr5/estates/613191/images/8829391/gallery_media.jpeg', 'https://cdn-media.medialabtc.it/es/agencies/mdbr5/estates/613191/images/8829409/gallery_media.jpeg', 'https://cdn-media.medialabtc.it/es/agencies/mdbr5/estates/613191/images/8829406/gallery_media.jpeg', 'https://cdn-media.medialabtc.it/es/agencies/mdbr5/estates/613191/images/8829384/gallery_media.jpeg', 'https://cdn-media.medialabtc.it/es/agencies/mdbr5/estates/613191/images/8829387/gallery_media.jpeg', 'https://cdn-media.medialabtc.it/es/agencies/mdbr5/estates/613191/images/8829403/gallery_media.jpeg', 'https://cdn-media.medialabtc.it/es/agencies/mdbr5/estates/613191/images/8829389/gallery_media.jpeg']",0,Desconocido,0,0,0,0,0,Desconocida,1,0,"['imagenes_tecnocasa\\anuncio_384\\0.jpeg', 'imagenes_tecnocasa\\anuncio_384\\1.jpeg', 'imagenes_tecnocasa\\anuncio_384\\2.jpeg', 'imagenes_tecnocasa\\anuncio_384\\3.jpeg', 'imagenes_tecnocasa\\anuncio_384\\4.jpeg', 'imagenes_tecnocasa\\anuncio_384\\5.jpeg', 'imagenes_tecnocasa\\anuncio_384\\6.jpeg', 'imagenes_tecnocasa\\anuncio_384\\7.jpeg', 'imagenes_tecnocasa\\anuncio_384\\8.jpeg', 'imagenes_tecnocasa\\anuncio_384\\9.jpeg', 'imagenes_tecnocasa\\anuncio_384\\10.jpeg', 'imagenes_tecnocasa\\anuncio_384\\11.jpeg', 'imagenes_tecnocasa\\anuncio_384\\12.jpeg', 'imagenes_tecnocasa\\anuncio_384\\13.jpeg', 'imagenes_tecnocasa\\anuncio_384\\14.jpeg', 'imagenes_tecnocasa\\anuncio_384\\15.jpeg', 'imagenes_tecnocasa\\anuncio_384\\16.jpeg', 'imagenes_tecnocasa\\anuncio_384\\17.jpeg', 'imagenes_tecnocasa\\anuncio_384\\18.jpeg']",0,Media,2003,0,0,1,piso,1,Aranjuez,Aranjuez,40.03221,-3.6039604,384,2790.0,133.0,99.0,1.0,1.0,2.0,1.0,parquet,pintura,corredera,estándar (2.4-2.8m),nada,4.4,4.2,convencional,"['#F2F2F2', '#545454', '#A7A7A7']",regular,True,convencional,limitado,ninguno,ninguno,estándar,básica,ninguno,6.8,7.2,ninguna,5
https://www.tecnocasa.es/venta/piso/madrid/madrid/617856.html,160000.0,1,66.0,1,"¡Descubre este increíble estudio en venta, ideal para quienes buscan un espacio versátil y bien ubicado! Situado a escasos metros de la emblemática calle Alcalá, este inmueble totalmente reformado ofrece la posibilidad de ser utilizado como oficina o apartamento, adaptándose a tus necesidades. Con una superficie de 67 m² construidos y 60 m² útiles, este espacio en la primera planta es perfecto para invertir o vivir.

La cercanía al metro de Suanzes y a una variedad de servicios como supermercados, bares y restaurantes, hace que la ubicación sea inmejorable. Aunque necesita la instalación de cocina y baño, contamos con asesoramiento en diseño y una oferta de visualización en 3D para que puedas imaginar el potencial de tu nuevo hogar o lugar de trabajo. Además, incluye plaza de garaje y cuenta con calefacción eléctrica y aire acondicionado, garantizando tu comodidad durante todo el año.

No dejes pasar esta oportunidad única de adquirir un espacio que se adapta a tu estilo de vida. ¡Contáctanos para más información y ven a verlo!",1,0,1,1,1,1,1,1,1,1,"['https://cdn-media.medialabtc.it/es/agencies/md069/estates/617856/images/8949446/gallery_media.jpeg', 'https://cdn-media.medialabtc.it/es/agencies/md069/estates/617856/images/8949467/gallery_media.jpeg', 'https://cdn-media.medialabtc.it/es/agencies/md069/estates/617856/images/8949401/gallery_media.jpeg', 'https://cdn-media.medialabtc.it/es/agencies/md069/estates/617856/images/8949442/gallery_media.jpeg', 'https://cdn-media.medialabtc.it/es/agencies/md069/estates/617856/images/8949400/gallery_media.jpeg', 'https://cdn-media.medialabtc.it/es/agencies/md069/estates/617856/images/8949399/gallery_media.jpeg', 'https://cdn-media.medialabtc.it/es/agencies/md069/estates/617856/images/8949444/gallery_media.jpeg', 'https://cdn-media.medialabtc.it/es/agencies/md069/estates/617856/images/8949445/gallery_media.jpeg', 'https://cdn-media.medialabtc.it/es/agencies/md069/estates/617856/images/8949443/gallery_media.jpeg', 'https://cdn-media.medialabtc.it/es/agencies/md069/estates/617856/images/8949465/gallery_media.jpeg', 'https://cdn-media.medialabtc.it/es/agencies/md069/estates/617856/images/8949466/gallery_media.jpeg', 'https://cdn-media.medialabtc.it/es/agencies/md069/estates/617856/images/8949462/gallery_media.jpeg', 'https://cdn-media.medialabtc.it/es/agencies/md069/estates/617856/images/8949463/gallery_media.jpeg', 'https://cdn-media.medialabtc.it/es/agencies/md069/estates/617856/images/8949464/gallery_media.jpeg']",0,Reformado,1,0,0,0,0,Desconocida,0,0,"['imagenes_tecnocasa\\anuncio_385\\0.jpeg', 'imagenes_tecnocasa\\anuncio_385\\1.jpeg', 'imagenes_tecnocasa\\anuncio_385\\2.jpeg', 'imagenes_tecnocasa\\anuncio_385\\3.jpeg', 'imagenes_tecnocasa\\anuncio_385\\4.jpeg', 'imagenes_tecnocasa\\anuncio_385\\5.jpeg', 'imagenes_tecnocasa\\anuncio_385\\6.jpeg', 'imagenes_tecnocasa\\anuncio_385\\7.jpeg', 'imagenes_tecnocasa\\anuncio_385\\8.jpeg', 'imagenes_tecnocasa\\anuncio_385\\9.jpeg', 'imagenes_tecnocasa\\anuncio_385\\10.jpeg', 'imagenes_tecnocasa\\anuncio_385\\11.jpeg', 'imagenes_tecnocasa\\anuncio_385\\12.jpeg', 'imagenes_tecnocasa\\anuncio_385\\13.jpeg']",1,Popular,2016,1,0,1,piso,2,Madrid,"Simancas, Madrid",40.4167047,-3.7035825,385,2424.242424242424,169.0,119.0,1.0,1.0,1.0,1.0,otro,pintura,otro,estándar (2.4-2.8m),nada,4.6,4.0,otro,"['#808080', '#D3D3D3', '#FF0000']",regular,False,convencional,limitado,ninguno,ninguno,otro,básica,ninguno,6.8,7.0,ninguna,5
https://www.tecnocasa.es/venta/piso/madrid/madrid/618274.html,340000.0,1,91.0,1,"¡Descubre tu nuevo hogar en esta encantadora urbanización privada! Este piso de 91 metros cuadrados construidos se sitúa en una tercera planta con ascensor, ofreciendo un luminoso salón que te hará sentir en casa desde el primer momento. La cocina independiente ha sido completamente reformada y cuenta con un pequeño balcón integrado.

El piso dispone de un acogedor dormitorio con armarios empotrados y un baño moderno. Además, incluye una plaza de garaje y un trastero, lo que te brinda el espacio adicional que necesitas. La urbanización ofrece excelentes comodidades como gimnasio, lavandería comunitaria y zonas comunes perfectas para relajarte.

Con video vigilancia y conserje, la seguridad está garantizada. La ubicación es inmejorable, con supermercados, bancos, farmacias y parques infantiles a pocos pasos. Y si deseas explorar el centro de Madrid, ¡solo te llevará 24 minutos en coche! No dejes pasar la oportunidad de vivir en un lugar donde cada detalle ha sido pensado para tu comodidad. ¡Ven a visitarlo!",1,0,1,1,1,1,1,1,1,1,"['https://cdn-media.medialabtc.it/es/agencies/md069/estates/618274/images/8946983/gallery_media.jpeg', 'https://cdn-media.medialabtc.it/es/agencies/md069/estates/618274/images/8946971/gallery_media.jpeg', 'https://cdn-media.medialabtc.it/es/agencies/md069/estates/618274/images/8946982/gallery_media.jpeg', 'https://cdn-media.medialabtc.it/es/agencies/md069/estates/618274/images/8946951/gallery_media.jpeg', 'https://cdn-media.medialabtc.it/es/agencies/md069/estates/618274/images/8946970/gallery_media.jpeg', 'https://cdn-media.medialabtc.it/es/agencies/md069/estates/618274/images/8946966/gallery_media.jpeg', 'https://cdn-media.medialabtc.it/es/agencies/md069/estates/618274/images/8946957/gallery_media.jpeg', 'https://cdn-media.medialabtc.it/es/agencies/md069/estates/618274/images/8946958/gallery_media.jpeg', 'https://cdn-media.medialabtc.it/es/agencies/md069/estates/618274/images/8946959/gallery_media.jpeg', 'https://cdn-media.medialabtc.it/es/agencies/md069/estates/618274/images/8946953/gallery_media.jpeg', 'https://cdn-media.medialabtc.it/es/agencies/md069/estates/618274/images/8946976/gallery_media.jpeg', 'https://cdn-media.medialabtc.it/es/agencies/md069/estates/618274/images/8946974/gallery_media.jpeg', 'https://cdn-media.medialabtc.it/es/agencies/md069/estates/618274/images/8946972/gallery_media.jpeg', 'https://cdn-media.medialabtc.it/es/agencies/md069/estates/618274/images/8946962/gallery_media.jpeg', 'https://cdn-media.medialabtc.it/es/agencies/md069/estates/618274/images/8946969/gallery_media.jpeg', 'https://cdn-media.medialabtc.it/es/agencies/md069/estates/618274/images/8946964/gallery_media.jpeg', 'https://cdn-media.medialabtc.it/es/agencies/md069/estates/618274/images/8946955/gallery_media.jpeg', 'https://cdn-media.medialabtc.it/es/agencies/md069/estates/618274/images/8946960/gallery_media.jpeg', 'https://cdn-media.medialabtc.it/es/agencies/md069/estates/618274/images/8946950/gallery_media.jpeg', 'https://cdn-media.medialabtc.it/es/agencies/md069/estates/618274/images/8946956/gallery_media.jpeg', 'https://cdn-media.medialabtc.it/es/agencies/md069/estates/618274/images/8946985/gallery_media.jpeg', 'https://cdn-media.medialabtc.it/es/agencies/md069/estates/618274/images/8946981/gallery_media.jpeg', 'https://cdn-media.medialabtc.it/es/agencies/md069/estates/618274/images/8946980/gallery_media.jpeg', 'https://cdn-media.medialabtc.it/es/agencies/md069/estates/618274/images/8946954/gallery_media.jpeg', 'https://cdn-media.medialabtc.it/es/agencies/md069/estates/618274/images/8946978/gallery_media.jpeg', 'https://cdn-media.medialabtc.it/es/agencies/md069/estates/618274/images/8946967/gallery_media.jpeg', 'https://cdn-media.medialabtc.it/es/agencies/md069/estates/618274/images/8946961/gallery_media.jpeg', 'https://cdn-media.medialabtc.it/es/agencies/md069/estates/618274/images/8946963/gallery_media.jpeg', 'https://cdn-media.medialabtc.it/es/agencies/md069/estates/618274/images/8946984/gallery_media.jpeg', 'https://cdn-media.medialabtc.it/es/agencies/md069/estates/618274/images/8946975/gallery_media.jpeg']",0,Desconocido,1,1,0,1,1,C,0,0,"['imagenes_tecnocasa\\anuncio_386\\0.jpeg', 'imagenes_tecnocasa\\anuncio_386\\1.jpeg', 'imagenes_tecnocasa\\anuncio_386\\2.jpeg', 'imagenes_tecnocasa\\anuncio_386\\3.jpeg', 'imagenes_tecnocasa\\anuncio_386\\4.jpeg', 'imagenes_tecnocasa\\anuncio_386\\5.jpeg', 'imagenes_tecnocasa\\anuncio_386\\6.jpeg', 'imagenes_tecnocasa\\anuncio_386\\7.jpeg', 'imagenes_tecnocasa\\anuncio_386\\8.jpeg', 'imagenes_tecnocasa\\anuncio_386\\9.jpeg', 'imagenes_tecnocasa\\anuncio_386\\10.jpeg', 'imagenes_tecnocasa\\anuncio_386\\11.jpeg', 'imagenes_tecnocasa\\anuncio_386\\12.jpeg', 'imagenes_tecnocasa\\anuncio_386\\13.jpeg', 'imagenes_tecnocasa\\anuncio_386\\14.jpeg', 'imagenes_tecnocasa\\anuncio_386\\15.jpeg', 'imagenes_tecnocasa\\anuncio_386\\16.jpeg', 'imagenes_tecnocasa\\anuncio_386\\17.jpeg', 'imagenes_tecnocasa\\anuncio_386\\18.jpeg', 'imagenes_tecnocasa\\anuncio_386\\19.jpeg', 'imagenes_tecnocasa\\anuncio_386\\20.jpeg', 'imagenes_tecnocasa\\anuncio_386\\21.jpeg', 'imagenes_tecnocasa\\anuncio_386\\22.jpeg', 'imagenes_tecnocasa\\anuncio_386\\23.jpeg', 'imagenes_tecnocasa\\anuncio_386\\24.jpeg', 'imagenes_tecnocasa\\anuncio_386\\25.jpeg', 'imagenes_tecnocasa\\anuncio_386\\26.jpeg', 'imagenes_tecnocasa\\anuncio_386\\27.jpeg', 'imagenes_tecnocasa\\anuncio_386\\28.jpeg', 'imagenes_tecnocasa\\anuncio_386\\29.jpeg']",1,Media,2010,1,0,0,piso,3,Madrid,"Simancas, Madrid",40.4167047,-3.7035825,386,3736.263736263736,159.0,121.0,0.0,0.0,2.0,0.0,otro,pintura,corredera,estándar (2.4-2.8m),nada,4.2,5.4,moderno,"['#F2F2F2', '#CCCCCC', '#A0A0A0']",buena,False,convencional,limitado,ninguno,ninguno,estándar,parcialmente equipada,ninguno,7.6,6.4,ninguna,5
https://www.tecnocasa.es/venta/piso/madrid/madrid/621759.html,350000.0,1,50.0,1,"Agencia inmobiliaria de MADRID zona VENTAS - GUINDALERA - Oficina Tecnocasa: EN VENTA:

Piso en calle Martínez Izquierdo. La vivienda es totalmente exterior y muy luminosa. Costa de salón comedor con cocina tipo americana y acceso a terraza cerrada de mas de 6m2; un dormitorio doble con armario empotrado y un baño independiente con plato de ducha.
Finca actualizada con ascensor. TRASTERO incluido en el precio.
Rodeado de zonas verdes, a 200 metros del metro de Ventas (línea 2) y a 500m de la plaza de Manuel Becerra (líneas 2 y 6), innumerables líneas de autobús. Zona consolidada con todos los servicios que cualquier persona pueda necesitar; supermercados, colegios, médicos, polideportivos, biblioteca etc, y con fácil acceso a la m30, m40 y A2.
OPORTUNIDAD, MEJOR VER.",1,1,1,1,1,1,1,1,1,1,"['https://cdn-media.medialabtc.it/es/agencies/md101/estates/621759/images/8995223/gallery_media.jpeg', 'https://cdn-media.medialabtc.it/es/agencies/md101/estates/621759/images/8995221/gallery_media.jpeg', 'https://cdn-media.medialabtc.it/es/agencies/md101/estates/621759/images/8995215/gallery_media.jpeg', 'https://cdn-media.medialabtc.it/es/agencies/md101/estates/621759/images/8995222/gallery_media.jpeg', 'https://cdn-media.medialabtc.it/es/agencies/md101/estates/621759/images/8995242/gallery_media.jpeg', 'https://cdn-media.medialabtc.it/es/agencies/md101/estates/621759/images/8995213/gallery_media.jpeg', 'https://cdn-media.medialabtc.it/es/agencies/md101/estates/621759/images/8995226/gallery_media.jpeg', 'https://cdn-media.medialabtc.it/es/agencies/md101/estates/621759/images/8995212/gallery_media.jpeg', 'https://cdn-media.medialabtc.it/es/agencies/md101/estates/621759/images/8995224/gallery_media.jpeg', 'https://cdn-media.medialabtc.it/es/agencies/md101/estates/621759/images/8995214/gallery_media.jpeg', 'https://cdn-media.medialabtc.it/es/agencies/md101/estates/621759/images/8995200/gallery_media.jpeg', 'https://cdn-media.medialabtc.it/es/agencies/md101/estates/621759/images/8995216/gallery_media.jpeg', 'https://cdn-media.medialabtc.it/es/agencies/md101/estates/621759/images/8995217/gallery_media.jpeg', 'https://cdn-media.medialabtc.it/es/agencies/md101/estates/621759/images/8995244/gallery_media.jpeg', 'https://cdn-media.medialabtc.it/es/agencies/md101/estates/621759/images/8995219/gallery_media.jpeg', 'https://cdn-media.medialabtc.it/es/agencies/md101/estates/621759/images/8995218/gallery_media.jpeg', 'https://cdn-media.medialabtc.it/es/agencies/md101/estates/621759/images/8995243/gallery_media.jpeg', 'https://cdn-media.medialabtc.it/es/agencies/md101/estates/621759/images/8995225/gallery_media.jpeg', 'https://cdn-media.medialabtc.it/es/agencies/md101/estates/621759/images/8995201/gallery_media.jpeg', 'https://cdn-media.medialabtc.it/es/agencies/md101/estates/621759/images/8995220/gallery_media.jpeg']",0,Desconocido,0,1,0,1,0,E,0,0,"['imagenes_tecnocasa\\anuncio_387\\0.jpeg', 'imagenes_tecnocasa\\anuncio_387\\1.jpeg', 'imagenes_tecnocasa\\anuncio_387\\2.jpeg', 'imagenes_tecnocasa\\anuncio_387\\3.jpeg', 'imagenes_tecnocasa\\anuncio_387\\4.jpeg', 'imagenes_tecnocasa\\anuncio_387\\5.jpeg', 'imagenes_tecnocasa\\anuncio_387\\6.jpeg', 'imagenes_tecnocasa\\anuncio_387\\7.jpeg', 'imagenes_tecnocasa\\anuncio_387\\8.jpeg', 'imagenes_tecnocasa\\anuncio_387\\9.jpeg', 'imagenes_tecnocasa\\anuncio_387\\10.jpeg', 'imagenes_tecnocasa\\anuncio_387\\11.jpeg', 'imagenes_tecnocasa\\anuncio_387\\12.jpeg', 'imagenes_tecnocasa\\anuncio_387\\13.jpeg', 'imagenes_tecnocasa\\anuncio_387\\14.jpeg', 'imagenes_tecnocasa\\anuncio_387\\15.jpeg', 'imagenes_tecnocasa\\anuncio_387\\16.jpeg', 'imagenes_tecnocasa\\anuncio_387\\17.jpeg', 'imagenes_tecnocasa\\anuncio_387\\18.jpeg', 'imagenes_tecnocasa\\anuncio_387\\19.jpeg']",1,Popular,1936,1,0,1,piso,2,Guindalera,"Guindalera, Madrid",40.436356,-3.6680189,387,7000.0,126.0,98.0,0.0,0.0,0.0,0.0,otro,pintura,corredera,estándar (2.4-2.8m),nada,4.2,3.6,convencional,"['#D2B48C', '#FFFFFF', '#A0522D']",buena,True,convencional,normal,balcón,ninguno,estándar,parcialmente equipada,ninguno,7.4,6.8,ninguna,5
https://www.tecnocasa.es/venta/piso/madrid/parla/620590.html,180000.0,3,74.0,1,"Agencia inmobiliaria de PARLA zona REYES - LAS AMÉRICAS. Oficina Tecnocasa VENDE PISO, situado en zona de Reyes, cercano al centro de salud 'Isabel II', colegios e institutos y centro comercial 'El Ferial'.
+ Situado en una 3ª planta
+ REFORMADO ENTERO
+ Piso con gran luminosidad por su situación alta, sin edificios en frente
+ Amplio salón comedor de paso, con acceso a terraza cerrada
+ Cocina amueblada con paso a tendedero
+ Baño con plató de ducha
+ Aire por conducto y calefacción de gas natural
+ Ventanas de climalit oscilobatientes
+ Gran aparcamiento público cerca de la vivienda
+ Orientación sur
+ Variedad de servicios y/o puntos de interés cercanos
El piso se caracteriza por su buena distribución, excelente ubicación y sobre todo por su AMPLITUD.
ZONA REYES - LAS AMÉRICAS
El piso en venta se ubica en zona de Reyes, rodeada de una amplia variedad de comercios, tales como galerías de alimentación, restauración y textil. También está cercano al centro de salud, farmacias, biblioteca municipal “Gloria Fuertes” bancos y cajeros, colegios, institutos, y grandes zonas verdes con parques infantiles.
TECNOCASA, red inmobiliaria líder en el sector con más de 30 años de experiencia, presente en más de 11 países, 900 oficinas a nivel nacional y con 400 oficinas en la Comunidad de Madrid.
Realizamos valoraciones de su hogar totalmente gratuitas; gestionamos el proceso de post-venta (tanto para comprador como para el vendedor); además, les daremos toda la información que necesiten sobre hipotecas, les ayudaremos a tramitar herencias, certificados, cambios de titularidad, plusvalías, permiso de venta, etc.
Contamos con la colaboración del departamento de financiación de KÍRON, su experto intermediario que le asesorará gratuitamente sin ningún compromiso.
Nuestros servicios:
- Hipoteca “primera vivienda”.
- Hipoteca “cambio de vivienda”.
- Hipoteca 100%.
Disponemos de las mejores viviendas del mercado.
NO DUDE EN VISITARNOS.",0,1,1,1,1,1,0,1,1,1,"['https://cdn-media.medialabtc.it/es/agencies/mdbp7/estates/620590/images/8968294/gallery_media.jpeg', 'https://cdn-media.medialabtc.it/es/agencies/mdbp7/estates/620590/images/8968298/gallery_media.jpeg', 'https://cdn-media.medialabtc.it/es/agencies/mdbp7/estates/620590/images/8968311/gallery_media.jpeg', 'https://cdn-media.medialabtc.it/es/agencies/mdbp7/estates/620590/images/8968299/gallery_media.jpeg', 'https://cdn-media.medialabtc.it/es/agencies/mdbp7/estates/620590/images/8968301/gallery_media.jpeg', 'https://cdn-media.medialabtc.it/es/agencies/mdbp7/estates/620590/images/8968289/gallery_media.jpeg', 'https://cdn-media.medialabtc.it/es/agencies/mdbp7/estates/620590/images/8968309/gallery_media.jpeg', 'https://cdn-media.medialabtc.it/es/agencies/mdbp7/estates/620590/images/8968290/gallery_media.jpeg', 'https://cdn-media.medialabtc.it/es/agencies/mdbp7/estates/620590/images/8968292/gallery_media.jpeg', 'https://cdn-media.medialabtc.it/es/agencies/mdbp7/estates/620590/images/8968296/gallery_media.jpeg', 'https://cdn-media.medialabtc.it/es/agencies/mdbp7/estates/620590/images/8968295/gallery_media.jpeg', 'https://cdn-media.medialabtc.it/es/agencies/mdbp7/estates/620590/images/8968293/gallery_media.jpeg', 'https://cdn-media.medialabtc.it/es/agencies/mdbp7/estates/620590/images/8968302/gallery_media.jpeg', 'https://cdn-media.medialabtc.it/es/agencies/mdbp7/estates/620590/images/8968306/gallery_media.jpeg', 'https://cdn-media.medialabtc.it/es/agencies/mdbp7/estates/620590/images/8968307/gallery_media.jpeg', 'https://cdn-media.medialabtc.it/es/agencies/mdbp7/estates/620590/images/8968310/gallery_media.jpeg', 'https://cdn-media.medialabtc.it/es/agencies/mdbp7/estates/620590/images/8968308/gallery_media.jpeg', 'https://cdn-media.medialabtc.it/es/agencies/mdbp7/estates/620590/images/8968304/gallery_media.jpeg', 'https://cdn-media.medialabtc.it/es/agencies/mdbp7/estates/620590/images/8968305/gallery_media.jpeg', 'https://cdn-media.medialabtc.it/es/agencies/mdbp7/estates/620590/images/8968297/gallery_media.jpeg', 'https://cdn-media.medialabtc.it/es/agencies/mdbp7/estates/620590/images/8968291/gallery_media.jpeg', 'https://cdn-media.medialabtc.it/es/agencies/mdbp7/estates/620590/images/8968300/gallery_media.jpeg']",0,Reformado,1,0,0,1,0,Desconocida,0,0,"['imagenes_tecnocasa\\anuncio_388\\0.jpeg', 'imagenes_tecnocasa\\anuncio_388\\1.jpeg', 'imagenes_tecnocasa\\anuncio_388\\2.jpeg', 'imagenes_tecnocasa\\anuncio_388\\3.jpeg', 'imagenes_tecnocasa\\anuncio_388\\4.jpeg', 'imagenes_tecnocasa\\anuncio_388\\5.jpeg', 'imagenes_tecnocasa\\anuncio_388\\6.jpeg', 'imagenes_tecnocasa\\anuncio_388\\7.jpeg', 'imagenes_tecnocasa\\anuncio_388\\8.jpeg', 'imagenes_tecnocasa\\anuncio_388\\9.jpeg', 'imagenes_tecnocasa\\anuncio_388\\10.jpeg', 'imagenes_tecnocasa\\anuncio_388\\11.jpeg', 'imagenes_tecnocasa\\anuncio_388\\12.jpeg', 'imagenes_tecnocasa\\anuncio_388\\13.jpeg', 'imagenes_tecnocasa\\anuncio_388\\14.jpeg', 'imagenes_tecnocasa\\anuncio_388\\15.jpeg', 'imagenes_tecnocasa\\anuncio_388\\16.jpeg', 'imagenes_tecnocasa\\anuncio_388\\17.jpeg', 'imagenes_tecnocasa\\anuncio_388\\18.jpeg', 'imagenes_tecnocasa\\anuncio_388\\19.jpeg', 'imagenes_tecnocasa\\anuncio_388\\20.jpeg', 'imagenes_tecnocasa\\anuncio_388\\21.jpeg']",1,Popular,1981,1,0,0,piso,2,Parla,Parla,40.2373952,-3.7718902,388,2432.4324324324325,305.0,204.0,0.05,0.2,2.0,0.0,cerámica,pintura,corredera,estándar (2.4-2.8m),nada,3.2,4.4,convencional,"['#808080', '#D3D3D3', '#000000']",buena,False,convencional,limitado,ninguno,ninguno,estándar,parcialmente equipada,ninguno,6.2,6.4,ninguna,5
https://www.tecnocasa.es/venta/piso/madrid/mostoles/564911.html,208500.0,3,84.0,1,"Agencia inmobiliaria Tecnocasa - MÓSTOLES-zona MÓSTOLES EL SOTO-AZORIN. Vende magnifico piso en calle Azorín de 84 metros cuadrados construidos, situado en una quinta planta en un edificio de ocho alturas, exterior con ascensor. Muy luminoso, dispone de 3 dormitorios, 1 baño, amplio salón-comedor con la terraza abierta orientación SUR y cocina amplia con tendedero, cuadra con ventanas al interior, Orientación ESTE. PISO A REFORMAR CON GRANDES POSIBILIDADES

Excelente ubicación, rodeado de zona comercial, parques, colegios e institutos, junto a 'Parque Finca Liana' y unas excelentes comunicaciones por transporte público, con varias líneas de autobús a menos de un minuto (519 526 y el nocturno N501) y Renfe Móstoles- El Soto y Móstoles. Los accesos en vehículo son excelentes encontrando la A-5 y M-50.

Próximo a zonas verdes, colegios, instalaciones deportivas y con excelentes comunicaciones.

NO TE PIERDAS ESTA GRAN OPORTUNIDAD y llámanos para concertar visita.

Te ofrecemos un servicio profesional de asesoramiento, con nuestro departamento financiero Kiron.

Te asesoramos en la financiación con las mejores condiciones del mercado.",1,1,1,1,1,1,1,1,1,1,"['https://cdn-media.medialabtc.it/es/agencies/mdbmb/estates/564911/images/8848282/gallery_media.jpeg', 'https://cdn-media.medialabtc.it/es/agencies/mdbmb/estates/564911/images/8848275/gallery_media.jpeg', 'https://cdn-media.medialabtc.it/es/agencies/mdbmb/estates/564911/images/8848296/gallery_media.jpeg', 'https://cdn-media.medialabtc.it/es/agencies/mdbmb/estates/564911/images/8848273/gallery_media.jpeg', 'https://cdn-media.medialabtc.it/es/agencies/mdbmb/estates/564911/images/8848278/gallery_media.jpeg', 'https://cdn-media.medialabtc.it/es/agencies/mdbmb/estates/564911/images/8848274/gallery_media.jpeg', 'https://cdn-media.medialabtc.it/es/agencies/mdbmb/estates/564911/images/8848284/gallery_media.jpeg', 'https://cdn-media.medialabtc.it/es/agencies/mdbmb/estates/564911/images/8848294/gallery_media.jpeg', 'https://cdn-media.medialabtc.it/es/agencies/mdbmb/estates/564911/images/8848289/gallery_media.jpeg', 'https://cdn-media.medialabtc.it/es/agencies/mdbmb/estates/564911/images/8876965/gallery_media.jpeg', 'https://cdn-media.medialabtc.it/es/agencies/mdbmb/estates/564911/images/8848293/gallery_media.jpeg', 'https://cdn-media.medialabtc.it/es/agencies/mdbmb/estates/564911/images/8848298/gallery_media.jpeg', 'https://cdn-media.medialabtc.it/es/agencies/mdbmb/estates/564911/images/8848286/gallery_media.jpeg', 'https://cdn-media.medialabtc.it/es/agencies/mdbmb/estates/564911/images/8848290/gallery_media.jpeg', 'https://cdn-media.medialabtc.it/es/agencies/mdbmb/estates/564911/images/8848287/gallery_media.jpeg', 'https://cdn-media.medialabtc.it/es/agencies/mdbmb/estates/564911/images/8848288/gallery_media.jpeg', 'https://cdn-media.medialabtc.it/es/agencies/mdbmb/estates/564911/images/8848291/gallery_media.jpeg', 'https://cdn-media.medialabtc.it/es/agencies/mdbmb/estates/564911/images/8848272/gallery_media.jpeg', 'https://cdn-media.medialabtc.it/es/agencies/mdbmb/estates/564911/images/8848292/gallery_media.jpeg', 'https://cdn-media.medialabtc.it/es/agencies/mdbmb/estates/564911/images/8848295/gallery_media.jpeg', 'https://cdn-media.medialabtc.it/es/agencies/mdbmb/estates/564911/images/8848279/gallery_media.jpeg', 'https://cdn-media.medialabtc.it/es/agencies/mdbmb/estates/564911/images/8848285/gallery_media.jpeg', 'https://cdn-media.medialabtc.it/es/agencies/mdbmb/estates/564911/images/8848297/gallery_media.jpeg', 'https://cdn-media.medialabtc.it/es/agencies/mdbmb/estates/564911/images/8848283/gallery_media.jpeg', 'https://cdn-media.medialabtc.it/es/agencies/mdbmb/estates/564911/images/8848280/gallery_media.jpeg', 'https://cdn-media.medialabtc.it/es/agencies/mdbmb/estates/564911/images/8848276/gallery_media.jpeg', 'https://cdn-media.medialabtc.it/es/agencies/mdbmb/estates/564911/images/8848277/gallery_media.jpeg']",0,A reformar,0,0,0,1,0,E,0,0,"['imagenes_tecnocasa\\anuncio_390\\0.jpeg', 'imagenes_tecnocasa\\anuncio_390\\1.jpeg', 'imagenes_tecnocasa\\anuncio_390\\2.jpeg', 'imagenes_tecnocasa\\anuncio_390\\3.jpeg', 'imagenes_tecnocasa\\anuncio_390\\4.jpeg', 'imagenes_tecnocasa\\anuncio_390\\5.jpeg', 'imagenes_tecnocasa\\anuncio_390\\6.jpeg', 'imagenes_tecnocasa\\anuncio_390\\7.jpeg', 'imagenes_tecnocasa\\anuncio_390\\8.jpeg', 'imagenes_tecnocasa\\anuncio_390\\9.jpeg', 'imagenes_tecnocasa\\anuncio_390\\10.jpeg', 'imagenes_tecnocasa\\anuncio_390\\11.jpeg', 'imagenes_tecnocasa\\anuncio_390\\12.jpeg', 'imagenes_tecnocasa\\anuncio_390\\13.jpeg', 'imagenes_tecnocasa\\anuncio_390\\14.jpeg', 'imagenes_tecnocasa\\anuncio_390\\15.jpeg', 'imagenes_tecnocasa\\anuncio_390\\16.jpeg', 'imagenes_tecnocasa\\anuncio_390\\17.jpeg', 'imagenes_tecnocasa\\anuncio_390\\18.jpeg', 'imagenes_tecnocasa\\anuncio_390\\19.jpeg', 'imagenes_tecnocasa\\anuncio_390\\20.jpeg', 'imagenes_tecnocasa\\anuncio_390\\21.jpeg', 'imagenes_tecnocasa\\anuncio_390\\22.jpeg', 'imagenes_tecnocasa\\anuncio_390\\23.jpeg', 'imagenes_tecnocasa\\anuncio_390\\24.jpeg', 'imagenes_tecnocasa\\anuncio_390\\25.jpeg', 'imagenes_tecnocasa\\anuncio_390\\26.jpeg']",0,Media,1984,1,0,1,piso,2,Móstoles,"Soto, Móstoles",40.3238525,-3.8649214,390,2482.1428571428573,168.0,135.0,0.0,0.0,2.0,0.0,parquet,pintura,corredera,estándar (2.4-2.8m),nada,3.2,2.6,clásico,"['#FFFFFF', '#F2F2F2', '#D3D3D3']",regular,True,convencional,limitado,ninguno,ninguno,estándar,básica,ninguno,5.8,6.8,ninguna,5
https://www.tecnocasa.es/venta/piso/madrid/leganes/621053.html,170000.0,2,54.0,1,"Agencia inmobiliaria de MADRID - zona LEGANÉS - Oficina Tecnocasa VENDE.
3ª planta exterior en magnífica ubicación, cercana a 3 grandes avenidas de Leganés.
La vivienda se distribuye del siguiente modo: Amplio salón independiente con aire acondicionado y salida a una maravillosa terraza cerrada, 2 dormitorios muy luminosos y amplios, cocina totalmente amueblada, cuarto de baño con ventana y calefacción independiente de aire acondicionado.
Orientación SUR por lo que no le falta luz a ninguna de sus estancias, actualmente con ascensor.
Muy bien comunicado, con rápido acceso por carretera, Cercanías línea C-5 (18 minutos a Atocha), Metro sur parada Casa del reloj a menos de 500m, Leganés central y Autobuses interurbanos directos a Aluche, Oporto entre otros. Cercano a la Universidad Carlos III y rodeado de Colegios, tanto de primaria como de secundaria. Zonas verdes. Cuenta con un Centro de Salud cercano.
No dude en ponerse en contacto con nuestros asesores para más información o para concertar una cita para ver la vivienda.
¡PREGUNTA POR LA FINANCIACIÓN CON KIRON!
NO SE REFLEJA DIRECCIÓN EXACTA DE LA VIVIENDA POR PRIVACIDAD, LA DIRECCIÓN REFLEJADA EN EL ANUNCIO ESTA A ESCASOS METROS DE ELLA PARA QUE PUEDAN TENER UN PUNTO DE REFERENCIA DE DONDE SE UBICA EXACTAMENTE.",1,1,1,1,1,1,0,1,1,1,"['https://cdn-media.medialabtc.it/es/agencies/md503/estates/621053/images/8995172/gallery_media.jpeg', 'https://cdn-media.medialabtc.it/es/agencies/md503/estates/621053/images/8995161/gallery_media.jpeg', 'https://cdn-media.medialabtc.it/es/agencies/md503/estates/621053/images/8995157/gallery_media.jpeg', 'https://cdn-media.medialabtc.it/es/agencies/md503/estates/621053/images/8995174/gallery_media.jpeg', 'https://cdn-media.medialabtc.it/es/agencies/md503/estates/621053/images/8995170/gallery_media.jpeg', 'https://cdn-media.medialabtc.it/es/agencies/md503/estates/621053/images/8995158/gallery_media.jpeg', 'https://cdn-media.medialabtc.it/es/agencies/md503/estates/621053/images/8995159/gallery_media.jpeg', 'https://cdn-media.medialabtc.it/es/agencies/md503/estates/621053/images/8995160/gallery_media.jpeg', 'https://cdn-media.medialabtc.it/es/agencies/md503/estates/621053/images/8995173/gallery_media.jpeg', 'https://cdn-media.medialabtc.it/es/agencies/md503/estates/621053/images/8995182/gallery_media.jpeg', 'https://cdn-media.medialabtc.it/es/agencies/md503/estates/621053/images/8995171/gallery_media.jpeg']",0,Desconocido,0,0,0,1,0,Desconocida,0,0,"['imagenes_tecnocasa\\anuncio_391\\0.jpeg', 'imagenes_tecnocasa\\anuncio_391\\1.jpeg', 'imagenes_tecnocasa\\anuncio_391\\2.jpeg', 'imagenes_tecnocasa\\anuncio_391\\3.jpeg', 'imagenes_tecnocasa\\anuncio_391\\4.jpeg', 'imagenes_tecnocasa\\anuncio_391\\5.jpeg', 'imagenes_tecnocasa\\anuncio_391\\6.jpeg', 'imagenes_tecnocasa\\anuncio_391\\7.jpeg', 'imagenes_tecnocasa\\anuncio_391\\8.jpeg', 'imagenes_tecnocasa\\anuncio_391\\9.jpeg', 'imagenes_tecnocasa\\anuncio_391\\10.jpeg']",0,Popular,1966,0,0,1,piso,3,Leganés,"Batallas, Leganés",40.3281942,-3.76527,391,3148.1481481481483,204.0,161.0,0.0,0.25,2.0,0.0,cerámica,pintura,corredera,estándar (2.4-2.8m),nada,3.4,2.8,convencional,"['#A0785A', '#F2F2F2', '#FFFFFF']",regular,False,convencional,limitado,ninguno,ninguno,estándar,básica,ninguno,5.8,6.8,ninguna,5
https://www.tecnocasa.es/venta/piso/madrid/madrid/621574.html,176000.0,2,59.0,1,"'Inmobiliaria Tecnocasa Villa de Vallecas, Madrid, Vallecas vende. Estupendo piso exterior en segunda planta sin ascensor en pleno casco histórico de Villa de Vallecas. Piso completamente exterior y con muy buena distribución que consta de 2 dormitorios salón con terraza abierta, cocina con terraza cerrada y baño. Aire acondicionado con bomba calor. ITE EN ESTADO FAVORABLE
El piso tiene una ubicación envidiable a menos de 300 metros de la estación de metro de villa de vallecas y a la Renfe de Sierra de Guadalupe. La comunicación por autobuses seria en las lineas 54, 142 y N9. La comunicación en coche seria: A3, M45, M50 Y M40. Muy cercano a todos los servicios ( Farmacias, colegios, supermercados, etc )
FINANCIAMOS HASTA EL 100 % LLÁMENOS Y VENGA A VISITARLO'. '. '. '.",1,1,1,1,1,1,1,1,1,1,"['https://cdn-media.medialabtc.it/es/agencies/md014/estates/621574/images/8995491/gallery_media.jpeg', 'https://cdn-media.medialabtc.it/es/agencies/md014/estates/621574/images/8995486/gallery_media.jpeg', 'https://cdn-media.medialabtc.it/es/agencies/md014/estates/621574/images/8995493/gallery_media.jpeg', 'https://cdn-media.medialabtc.it/es/agencies/md014/estates/621574/images/8995490/gallery_media.jpeg', 'https://cdn-media.medialabtc.it/es/agencies/md014/estates/621574/images/8995495/gallery_media.jpeg', 'https://cdn-media.medialabtc.it/es/agencies/md014/estates/621574/images/8995494/gallery_media.jpeg', 'https://cdn-media.medialabtc.it/es/agencies/md014/estates/621574/images/8995497/gallery_media.jpeg', 'https://cdn-media.medialabtc.it/es/agencies/md014/estates/621574/images/8995496/gallery_media.jpeg', 'https://cdn-media.medialabtc.it/es/agencies/md014/estates/621574/images/8995499/gallery_media.jpeg', 'https://cdn-media.medialabtc.it/es/agencies/md014/estates/621574/images/8995485/gallery_media.jpeg', 'https://cdn-media.medialabtc.it/es/agencies/md014/estates/621574/images/8995482/gallery_media.jpeg', 'https://cdn-media.medialabtc.it/es/agencies/md014/estates/621574/images/8995498/gallery_media.jpeg', 'https://cdn-media.medialabtc.it/es/agencies/md014/estates/621574/images/8995500/gallery_media.jpeg', 'https://cdn-media.medialabtc.it/es/agencies/md014/estates/621574/images/8995484/gallery_media.jpeg', 'https://cdn-media.medialabtc.it/es/agencies/md014/estates/621574/images/8995481/gallery_media.jpeg', 'https://cdn-media.medialabtc.it/es/agencies/md014/estates/621574/images/8995487/gallery_media.jpeg', 'https://cdn-media.medialabtc.it/es/agencies/md014/estates/621574/images/8995483/gallery_media.jpeg', 'https://cdn-media.medialabtc.it/es/agencies/md014/estates/621574/images/8995489/gallery_media.jpeg', 'https://cdn-media.medialabtc.it/es/agencies/md014/estates/621574/images/8995488/gallery_media.jpeg', 'https://cdn-media.medialabtc.it/es/agencies/md014/estates/621574/images/8995492/gallery_media.jpeg']",0,Desconocido,0,0,0,1,0,Desconocida,0,0,"['imagenes_tecnocasa\\anuncio_392\\0.jpeg', 'imagenes_tecnocasa\\anuncio_392\\1.jpeg', 'imagenes_tecnocasa\\anuncio_392\\2.jpeg', 'imagenes_tecnocasa\\anuncio_392\\3.jpeg', 'imagenes_tecnocasa\\anuncio_392\\4.jpeg', 'imagenes_tecnocasa\\anuncio_392\\5.jpeg', 'imagenes_tecnocasa\\anuncio_392\\6.jpeg', 'imagenes_tecnocasa\\anuncio_392\\7.jpeg', 'imagenes_tecnocasa\\anuncio_392\\8.jpeg', 'imagenes_tecnocasa\\anuncio_392\\9.jpeg', 'imagenes_tecnocasa\\anuncio_392\\10.jpeg', 'imagenes_tecnocasa\\anuncio_392\\11.jpeg', 'imagenes_tecnocasa\\anuncio_392\\12.jpeg', 'imagenes_tecnocasa\\anuncio_392\\13.jpeg', 'imagenes_tecnocasa\\anuncio_392\\14.jpeg', 'imagenes_tecnocasa\\anuncio_392\\15.jpeg', 'imagenes_tecnocasa\\anuncio_392\\16.jpeg', 'imagenes_tecnocasa\\anuncio_392\\17.jpeg', 'imagenes_tecnocasa\\anuncio_392\\18.jpeg', 'imagenes_tecnocasa\\anuncio_392\\19.jpeg']",0,Señorial,1965,1,0,0,piso,2,Madrid,"Villa De Vallecas, Casco Histórico De Vallecas, Madrid",40.4167047,-3.7035825,392,2983.0508474576272,131.0,100.0,0.0,0.0,0.0,0.0,cerámica,pintura,corredera,estándar (2.4-2.8m),nada,3.4,3.4,convencional,"['#F2F2F2', '#A9A9A9', '#4682B4']",buena,False,convencional,limitado,ninguno,ninguno,estándar,básica,ninguno,6.8,6.0,ninguna,5
https://www.tecnocasa.es/venta/piso/madrid/madrid/621128.html,429000.0,3,146.0,2,"Agencia inmobiliaria de MADRID - zona VALLECAS - PORTAZGO - BUENOS AIRES - Oficina Tecnocasa vende CASA UNIFAMILIAR en la calle Javier de Miguel de 150 m2 distribuidos en: hall, salón comedor de 20m2, 3 dormitorios, 1 cuarto de baño con plato de ducha, 1 aseo, cocina con acceso a tendedero, y patio privado de 70m2.

El inmueble se encuentra PARA ACTUALIZAR. Dispone de doble orientación ESTE Y OESTE.

Ubicada a escasos metros de la estación de metro de Portago. Zona rodeada de todo tipo de comercios y dotada de todos los servicios públicos. Para más información contacte con nosotros sin ningún tipo de compromiso, en el teléfono 633 208 471 o bien enviando un email a MDBW8 @ TECNOCASA. ES; y concierte una visita para conocer el inmueble en la que además podrá informarle de las condiciones de financiación actuales uno de nuestros asesores financieros KIRON.",1,1,1,1,1,1,0,1,1,1,"['https://cdn-media.medialabtc.it/es/agencies/mdbw8/estates/621128/images/8995035/gallery_media.jpeg', 'https://cdn-media.medialabtc.it/es/agencies/mdbw8/estates/621128/images/8995029/gallery_media.jpeg', 'https://cdn-media.medialabtc.it/es/agencies/mdbw8/estates/621128/images/8995033/gallery_media.jpeg', 'https://cdn-media.medialabtc.it/es/agencies/mdbw8/estates/621128/images/8995030/gallery_media.jpeg', 'https://cdn-media.medialabtc.it/es/agencies/mdbw8/estates/621128/images/8995053/gallery_media.jpeg', 'https://cdn-media.medialabtc.it/es/agencies/mdbw8/estates/621128/images/8995036/gallery_media.jpeg', 'https://cdn-media.medialabtc.it/es/agencies/mdbw8/estates/621128/images/8995031/gallery_media.jpeg', 'https://cdn-media.medialabtc.it/es/agencies/mdbw8/estates/621128/images/8995032/gallery_media.jpeg', 'https://cdn-media.medialabtc.it/es/agencies/mdbw8/estates/621128/images/8995037/gallery_media.jpeg', 'https://cdn-media.medialabtc.it/es/agencies/mdbw8/estates/621128/images/8995056/gallery_media.jpeg', 'https://cdn-media.medialabtc.it/es/agencies/mdbw8/estates/621128/images/8995054/gallery_media.jpeg', 'https://cdn-media.medialabtc.it/es/agencies/mdbw8/estates/621128/images/8995038/gallery_media.jpeg', 'https://cdn-media.medialabtc.it/es/agencies/mdbw8/estates/621128/images/8995034/gallery_media.jpeg', 'https://cdn-media.medialabtc.it/es/agencies/mdbw8/estates/621128/images/8995055/gallery_media.jpeg']",0,Desconocido,0,0,0,0,0,D,0,0,"['imagenes_tecnocasa\\anuncio_394\\0.jpeg', 'imagenes_tecnocasa\\anuncio_394\\1.jpeg', 'imagenes_tecnocasa\\anuncio_394\\2.jpeg', 'imagenes_tecnocasa\\anuncio_394\\3.jpeg', 'imagenes_tecnocasa\\anuncio_394\\4.jpeg', 'imagenes_tecnocasa\\anuncio_394\\5.jpeg', 'imagenes_tecnocasa\\anuncio_394\\6.jpeg', 'imagenes_tecnocasa\\anuncio_394\\7.jpeg', 'imagenes_tecnocasa\\anuncio_394\\8.jpeg', 'imagenes_tecnocasa\\anuncio_394\\9.jpeg', 'imagenes_tecnocasa\\anuncio_394\\10.jpeg', 'imagenes_tecnocasa\\anuncio_394\\11.jpeg', 'imagenes_tecnocasa\\anuncio_394\\12.jpeg', 'imagenes_tecnocasa\\anuncio_394\\13.jpeg']",1,Media,1993,1,0,0,piso,2,Madrid,"Palomeras - Portazgo, Madrid",40.4167047,-3.7035825,394,2938.3561643835615,147.0,113.0,0.0,0.0,0.0,0.0,cerámica,pintura,corredera,estándar (2.4-2.8m),nada,3.6,3.8,convencional,"['#A7D1AB', '#7A8B8B', '#594A3D']",regular,False,convencional,normal,ninguno,ninguno,estándar,básica,ninguno,6.0,6.6,ninguna,5
https://www.tecnocasa.es/venta/piso/madrid/madrid/620973.html,189000.0,2,57.0,1,"Agencia inmobiliaria de MADRID - zona VALLECAS - PORTAZGO - BUENOS AIRES - Oficina Tecnocasa vende piso en Avenida Buenos Aires de 58 m2 distribuidos en: salón con acceso a terraza abierta, dos dormitorios, baño con plato de ducha y cocina.

El inmueble se encuentra para ENTRAR A VIVIR. Se trata de una segunda planta con doble orientación, sur y norte.

Ubicada a escasos metros de la avenida de Palomeras, así como de la estación de metro de Buenos Aires. Zona rodeada de todo tipo de comercios y dotada de todos los servicios públicos. Para más información contacte con nosotros sin ningún tipo de compromiso, en el teléfono 633 208 432 o bien enviando un email a MDBW8 @ TECNOCASA. ES; y concierte una visita para conocer el inmueble en la que además podrá informarle de las condiciones de financiación actuales uno de nuestros asesores financieros KIRON.",1,1,1,1,1,1,0,1,1,1,"['https://cdn-media.medialabtc.it/es/agencies/mdbw8/estates/620973/images/8994978/gallery_media.jpeg', 'https://cdn-media.medialabtc.it/es/agencies/mdbw8/estates/620973/images/8995043/gallery_media.jpeg', 'https://cdn-media.medialabtc.it/es/agencies/mdbw8/estates/620973/images/8994980/gallery_media.jpeg', 'https://cdn-media.medialabtc.it/es/agencies/mdbw8/estates/620973/images/8995050/gallery_media.jpeg', 'https://cdn-media.medialabtc.it/es/agencies/mdbw8/estates/620973/images/8995045/gallery_media.jpeg', 'https://cdn-media.medialabtc.it/es/agencies/mdbw8/estates/620973/images/8995051/gallery_media.jpeg', 'https://cdn-media.medialabtc.it/es/agencies/mdbw8/estates/620973/images/8995052/gallery_media.jpeg', 'https://cdn-media.medialabtc.it/es/agencies/mdbw8/estates/620973/images/8995049/gallery_media.jpeg', 'https://cdn-media.medialabtc.it/es/agencies/mdbw8/estates/620973/images/8995046/gallery_media.jpeg', 'https://cdn-media.medialabtc.it/es/agencies/mdbw8/estates/620973/images/8995042/gallery_media.jpeg', 'https://cdn-media.medialabtc.it/es/agencies/mdbw8/estates/620973/images/8994979/gallery_media.jpeg', 'https://cdn-media.medialabtc.it/es/agencies/mdbw8/estates/620973/images/8994977/gallery_media.jpeg', 'https://cdn-media.medialabtc.it/es/agencies/mdbw8/estates/620973/images/8995048/gallery_media.jpeg', 'https://cdn-media.medialabtc.it/es/agencies/mdbw8/estates/620973/images/8995047/gallery_media.jpeg', 'https://cdn-media.medialabtc.it/es/agencies/mdbw8/estates/620973/images/8995044/gallery_media.jpeg', 'https://cdn-media.medialabtc.it/es/agencies/mdbw8/estates/620973/images/8994981/gallery_media.jpeg']",0,Desconocido,0,0,0,1,0,E,0,0,"['imagenes_tecnocasa\\anuncio_395\\0.jpeg', 'imagenes_tecnocasa\\anuncio_395\\1.jpeg', 'imagenes_tecnocasa\\anuncio_395\\2.jpeg', 'imagenes_tecnocasa\\anuncio_395\\3.jpeg', 'imagenes_tecnocasa\\anuncio_395\\4.jpeg', 'imagenes_tecnocasa\\anuncio_395\\5.jpeg', 'imagenes_tecnocasa\\anuncio_395\\6.jpeg', 'imagenes_tecnocasa\\anuncio_395\\7.jpeg', 'imagenes_tecnocasa\\anuncio_395\\8.jpeg', 'imagenes_tecnocasa\\anuncio_395\\9.jpeg', 'imagenes_tecnocasa\\anuncio_395\\10.jpeg', 'imagenes_tecnocasa\\anuncio_395\\11.jpeg', 'imagenes_tecnocasa\\anuncio_395\\12.jpeg', 'imagenes_tecnocasa\\anuncio_395\\13.jpeg', 'imagenes_tecnocasa\\anuncio_395\\14.jpeg', 'imagenes_tecnocasa\\anuncio_395\\15.jpeg']",0,Popular,1965,0,0,0,piso,2,Madrid,"Palomeras - Portazgo, Madrid",40.4167047,-3.7035825,395,3315.7894736842104,147.0,111.0,0.0,0.0,0.0,0.0,otro,pintura,corredera,estándar (2.4-2.8m),nada,3.6,4.4,convencional,"['#F2D7B9', '#D2691E', '#8B4513']",regular,True,convencional,limitado,ninguno,ninguno,estándar,básica,ninguno,6.2,6.2,ninguna,5
https://www.tecnocasa.es/venta/casa/madrid/leganes/606087.html,520000.0,3,163.0,3,"Agencia inmobiliaria de Leganés zona La Fortuna Tecnocasa Estudio Inmobiliario La Fortuna:
EN VENTA: Te presentamos este magnífico Chalet en la zona nueva del Barrio de La Fortuna.
Disfruta de la comodidad y el estilo en este chalet construido en 2003. Con 163m², 3 habitaciones con armarios empotrados, 2 baños completos y un aseo, garaje cubierto, calefacción individual por gas,este hogar tiene todo lo que necesitas. ¡no te olvides del acogedor patio!
Detalles del Inmueble:
Superficie: 163 metros cuadrados
Año de Construcción: 2003
Habitaciones: 3 habitaciones todas con armarios empotrados
Baños: 2 completos
Aseos: 1
Garaje: Cubierto con capacidad para un choche
Sistema de Climatización: Calefaccion individual por gas
Escalera: Diseño moderno
Amplio Patio
No pierdas la oportunidad de vivir en esta magnífica propiedad, lista para ser tu nuevo hogar.
Para más información y concertar una visita, contacta con nosotros. ¡No dejes pasar esta op",1,1,1,1,1,1,0,1,1,1,"['https://cdn-media.medialabtc.it/es/agencies/md522/estates/606087/images/8691082/gallery_media.jpeg', 'https://cdn-media.medialabtc.it/es/agencies/md522/estates/606087/images/8691085/gallery_media.jpeg', 'https://cdn-media.medialabtc.it/es/agencies/md522/estates/606087/images/8691050/gallery_media.jpeg', 'https://cdn-media.medialabtc.it/es/agencies/md522/estates/606087/images/8691056/gallery_media.jpeg', 'https://cdn-media.medialabtc.it/es/agencies/md522/estates/606087/images/8691055/gallery_media.jpeg', 'https://cdn-media.medialabtc.it/es/agencies/md522/estates/606087/images/8696916/gallery_media.jpeg', 'https://cdn-media.medialabtc.it/es/agencies/md522/estates/606087/images/8691083/gallery_media.jpeg', 'https://cdn-media.medialabtc.it/es/agencies/md522/estates/606087/images/8691058/gallery_media.jpeg', 'https://cdn-media.medialabtc.it/es/agencies/md522/estates/606087/images/8691047/gallery_media.jpeg', 'https://cdn-media.medialabtc.it/es/agencies/md522/estates/606087/images/8691054/gallery_media.jpeg', 'https://cdn-media.medialabtc.it/es/agencies/md522/estates/606087/images/8691052/gallery_media.jpeg', 'https://cdn-media.medialabtc.it/es/agencies/md522/estates/606087/images/8691051/gallery_media.jpeg', 'https://cdn-media.medialabtc.it/es/agencies/md522/estates/606087/images/8691061/gallery_media.jpeg', 'https://cdn-media.medialabtc.it/es/agencies/md522/estates/606087/images/8691060/gallery_media.jpeg', 'https://cdn-media.medialabtc.it/es/agencies/md522/estates/606087/images/8691049/gallery_media.jpeg', 'https://cdn-media.medialabtc.it/es/agencies/md522/estates/606087/images/8696917/gallery_media.jpeg', 'https://cdn-media.medialabtc.it/es/agencies/md522/estates/606087/images/8691057/gallery_media.jpeg', 'https://cdn-media.medialabtc.it/es/agencies/md522/estates/606087/images/8691086/gallery_media.jpeg', 'https://cdn-media.medialabtc.it/es/agencies/md522/estates/606087/images/8696918/gallery_media.jpeg', 'https://cdn-media.medialabtc.it/es/agencies/md522/estates/606087/images/8691084/gallery_media.jpeg', 'https://cdn-media.medialabtc.it/es/agencies/md522/estates/606087/images/8691048/gallery_media.jpeg', 'https://cdn-media.medialabtc.it/es/agencies/md522/estates/606087/images/8691059/gallery_media.jpeg', 'https://cdn-media.medialabtc.it/es/agencies/md522/estates/606087/images/8696915/gallery_media.jpeg', 'https://cdn-media.medialabtc.it/es/agencies/md522/estates/606087/images/8696914/gallery_media.jpeg', 'https://cdn-media.medialabtc.it/es/agencies/md522/estates/606087/images/8691053/gallery_media.jpeg']",0,Desconocido,1,0,0,0,0,E,0,0,"['imagenes_tecnocasa\\anuncio_396\\0.jpeg', 'imagenes_tecnocasa\\anuncio_396\\1.jpeg', 'imagenes_tecnocasa\\anuncio_396\\2.jpeg', 'imagenes_tecnocasa\\anuncio_396\\3.jpeg', 'imagenes_tecnocasa\\anuncio_396\\4.jpeg', 'imagenes_tecnocasa\\anuncio_396\\5.jpeg', 'imagenes_tecnocasa\\anuncio_396\\6.jpeg', 'imagenes_tecnocasa\\anuncio_396\\7.jpeg', 'imagenes_tecnocasa\\anuncio_396\\8.jpeg', 'imagenes_tecnocasa\\anuncio_396\\9.jpeg', 'imagenes_tecnocasa\\anuncio_396\\10.jpeg', 'imagenes_tecnocasa\\anuncio_396\\11.jpeg', 'imagenes_tecnocasa\\anuncio_396\\12.jpeg', 'imagenes_tecnocasa\\anuncio_396\\13.jpeg', 'imagenes_tecnocasa\\anuncio_396\\14.jpeg', 'imagenes_tecnocasa\\anuncio_396\\15.jpeg', 'imagenes_tecnocasa\\anuncio_396\\16.jpeg', 'imagenes_tecnocasa\\anuncio_396\\17.jpeg', 'imagenes_tecnocasa\\anuncio_396\\18.jpeg', 'imagenes_tecnocasa\\anuncio_396\\19.jpeg', 'imagenes_tecnocasa\\anuncio_396\\20.jpeg', 'imagenes_tecnocasa\\anuncio_396\\21.jpeg', 'imagenes_tecnocasa\\anuncio_396\\22.jpeg', 'imagenes_tecnocasa\\anuncio_396\\23.jpeg', 'imagenes_tecnocasa\\anuncio_396\\24.jpeg']",0,Popular,2003,0,0,0,casa,1,Leganés,Leganés,40.3281942,-3.76527,396,3190.1840490797545,145.0,114.0,0.16666666666666666,0.6,2.0,0.0,cerámica,pintura,corredera,estándar (2.4-2.8m),nada,4.4,4.0,convencional,"['#FFFFFF', '#D3D3D3', '#A0522D']",buena,False,convencional,limitado,ninguno,ninguno,estándar,básica,ninguno,8.0,7.0,ninguna,5
https://www.tecnocasa.es/venta/piso/madrid/parla/620937.html,208000.0,2,65.0,1,"Agencia inmobiliaria de PARLA - Oficina Tecnocasa. vende Piso en Parla, situado en la zona de Fuentebella.
Piso a la venta situado en la zona sur de Parla.
Perteneciente a la urbanización Fuentebella. Conjunto de edificios que comparten unas zonas comunes, tales como: tres pistas (tenis, padel y baloncesto) y dos piscinas semi-olímpicas.
Descubre esta acogedora vivienda en el municipio de Parla, ideal para quienes buscan un hogar funcional y bien ubicado. Con una superficie de 65 m2, este piso ofrece tres dormitorios que se adaptan a las necesidades de una familia o de quienes desean contar con un espacio adicional para oficina o visitas. Construido en 1979, el inmueble mantiene un diseño práctico y cómodo. La propiedad se encuentra en una comunidad que cuenta con piscina, perfecta para disfrutar de momentos de ocio y relajación durante los meses más cálidos. La ubicación en Parla proporciona acceso a una variedad de servicios y comercios, así como a conexiones de transporte que facilitan el desplazamiento hacia otras áreas. Esta es una oportunidad para adquirir una vivienda que combina comodidad y conveniencia en un entorno agradable. No pierdas la oportunidad de conocer este espacio que puede convertirse en tu próximo hogar.
Vivienda REFORMADA ubicada en 2ª planta sin ascensor.
Consta de 3 dormitorios
Baño con plato de ducha y ventana.
Cocina con tendedero
Salón con terraza incorporada
Suelos de gres y tarima en todo el inmueble
Ventanas de climalit
Calefacción centralizada de gas natural.
Puertas actualizadas.
Aire acondicionado con bomba de calor y frio en salón
Cuota mensual de comunidad de 150 (incluye calefaccion central, agua caliente y fria y zonas comunes)
Zona tranquila, bien comunicada con el transporte público, colegios, supermercados, carreteras de largo recorrido, zonas infantiles y del hospital Infanta Cristina de Parla.",0,1,1,1,0,1,0,1,1,1,"['https://cdn-media.medialabtc.it/es/agencies/mdbp3/estates/620937/images/8976592/gallery_media.jpeg', 'https://cdn-media.medialabtc.it/es/agencies/mdbp3/estates/620937/images/8976591/gallery_media.jpeg', 'https://cdn-media.medialabtc.it/es/agencies/mdbp3/estates/620937/images/8976593/gallery_media.jpeg', 'https://cdn-media.medialabtc.it/es/agencies/mdbp3/estates/620937/images/8976596/gallery_media.jpeg', 'https://cdn-media.medialabtc.it/es/agencies/mdbp3/estates/620937/images/8976586/gallery_media.jpeg', 'https://cdn-media.medialabtc.it/es/agencies/mdbp3/estates/620937/images/8976594/gallery_media.jpeg', 'https://cdn-media.medialabtc.it/es/agencies/mdbp3/estates/620937/images/8976585/gallery_media.jpeg', 'https://cdn-media.medialabtc.it/es/agencies/mdbp3/estates/620937/images/8976590/gallery_media.jpeg', 'https://cdn-media.medialabtc.it/es/agencies/mdbp3/estates/620937/images/8976589/gallery_media.jpeg', 'https://cdn-media.medialabtc.it/es/agencies/mdbp3/estates/620937/images/8976595/gallery_media.jpeg', 'https://cdn-media.medialabtc.it/es/agencies/mdbp3/estates/620937/images/8976588/gallery_media.jpeg', 'https://cdn-media.medialabtc.it/es/agencies/mdbp3/estates/620937/images/8976573/gallery_media.jpeg', 'https://cdn-media.medialabtc.it/es/agencies/mdbp3/estates/620937/images/8976587/gallery_media.jpeg']",0,Desconocido,0,0,1,1,0,Desconocida,0,1,"['imagenes_tecnocasa\\anuncio_397\\0.jpeg', 'imagenes_tecnocasa\\anuncio_397\\1.jpeg', 'imagenes_tecnocasa\\anuncio_397\\2.jpeg', 'imagenes_tecnocasa\\anuncio_397\\3.jpeg', 'imagenes_tecnocasa\\anuncio_397\\4.jpeg', 'imagenes_tecnocasa\\anuncio_397\\5.jpeg', 'imagenes_tecnocasa\\anuncio_397\\6.jpeg', 'imagenes_tecnocasa\\anuncio_397\\7.jpeg', 'imagenes_tecnocasa\\anuncio_397\\8.jpeg', 'imagenes_tecnocasa\\anuncio_397\\9.jpeg', 'imagenes_tecnocasa\\anuncio_397\\10.jpeg', 'imagenes_tecnocasa\\anuncio_397\\11.jpeg', 'imagenes_tecnocasa\\anuncio_397\\12.jpeg']",0,Popular,1979,0,0,0,piso,3,Parla,Parla,40.2373952,-3.7718902,397,3200.0,293.0,192.0,0.3333333333333333,0.5499999999999999,0.0,1.0,parquet,pintura,corredera,estándar (2.4-2.8m),nada,4.6,5.2,moderno,"['#F2F2F2', '#A9A9A9', '#FFFFFF']",buena,False,convencional,normal,ninguno,ninguno,estándar,básica,ninguno,6.8,6.4,ninguna,5
https://www.tecnocasa.es/venta/piso/madrid/parla/615366.html,175000.0,3,82.0,1,"Agencia inmobiliaria de PARLA - Oficina Tecnocasa. vende Piso en Parla, situado en la zona de Fuentebella.
Piso a la venta situado en la zona sur de Parla.
Perteneciente a la urbanización Fuentebella. Conjunto de edificios que comparten unas zonas comunes, tales como: tres pistas (tenis, padel y baloncesto) y dos piscinas semi-olímpicas.
Vivienda reformada ubicada en 3ª planta sin ascensor.
Consta de 3 dormitorios
Baño con plato de ducha y ventana.
Cocina con tendedero
Salón con acceso a terraza
Suelos de gres
Ventanas de climalit
Calefacción centralizada de gas natural.
Puertas actualizadas.
Aire acondicionado con bomba de calor y frio en salón y dormitorio principal.
Cuota mensual de comunidad de 180 (incluye calefaccion central, agua caliente y fria y zonas comunes)
Zona tranquila, bien comunicada con el transporte público, colegios, supermercados, carreteras de largo recorrido, zonas infantiles y del hospital Infanta Cristina de Parla.",0,1,1,1,0,1,0,1,1,1,"['https://cdn-media.medialabtc.it/es/agencies/mdbp3/estates/615366/images/8848077/gallery_media.jpeg', 'https://cdn-media.medialabtc.it/es/agencies/mdbp3/estates/615366/images/8848066/gallery_media.jpeg', 'https://cdn-media.medialabtc.it/es/agencies/mdbp3/estates/615366/images/8848080/gallery_media.jpeg', 'https://cdn-media.medialabtc.it/es/agencies/mdbp3/estates/615366/images/8848122/gallery_media.jpeg', 'https://cdn-media.medialabtc.it/es/agencies/mdbp3/estates/615366/images/8848124/gallery_media.jpeg', 'https://cdn-media.medialabtc.it/es/agencies/mdbp3/estates/615366/images/8848125/gallery_media.jpeg', 'https://cdn-media.medialabtc.it/es/agencies/mdbp3/estates/615366/images/8848081/gallery_media.jpeg', 'https://cdn-media.medialabtc.it/es/agencies/mdbp3/estates/615366/images/8848076/gallery_media.jpeg', 'https://cdn-media.medialabtc.it/es/agencies/mdbp3/estates/615366/images/8848079/gallery_media.jpeg', 'https://cdn-media.medialabtc.it/es/agencies/mdbp3/estates/615366/images/8848065/gallery_media.jpeg', 'https://cdn-media.medialabtc.it/es/agencies/mdbp3/estates/615366/images/8848078/gallery_media.jpeg', 'https://cdn-media.medialabtc.it/es/agencies/mdbp3/estates/615366/images/8848067/gallery_media.jpeg', 'https://cdn-media.medialabtc.it/es/agencies/mdbp3/estates/615366/images/8848068/gallery_media.jpeg']",0,Desconocido,0,0,0,1,0,Desconocida,0,1,"['imagenes_tecnocasa\\anuncio_398\\0.jpeg', 'imagenes_tecnocasa\\anuncio_398\\1.jpeg', 'imagenes_tecnocasa\\anuncio_398\\2.jpeg', 'imagenes_tecnocasa\\anuncio_398\\3.jpeg', 'imagenes_tecnocasa\\anuncio_398\\4.jpeg', 'imagenes_tecnocasa\\anuncio_398\\5.jpeg', 'imagenes_tecnocasa\\anuncio_398\\6.jpeg', 'imagenes_tecnocasa\\anuncio_398\\7.jpeg', 'imagenes_tecnocasa\\anuncio_398\\8.jpeg', 'imagenes_tecnocasa\\anuncio_398\\9.jpeg', 'imagenes_tecnocasa\\anuncio_398\\10.jpeg', 'imagenes_tecnocasa\\anuncio_398\\11.jpeg', 'imagenes_tecnocasa\\anuncio_398\\12.jpeg']",0,Popular,1979,0,0,0,piso,3,Parla,Parla,40.2373952,-3.7718902,398,2134.1463414634145,145.0,105.0,0.05,0.325,0.0,0.0,cerámica,pintura,corredera,estándar (2.4-2.8m),nada,4.2,4.2,convencional,"['#A0522D', '#DEB887', '#FFE4C4']",regular,False,convencional,limitado,ninguno,ninguno,estándar,básica,ninguno,6.4,6.2,ninguna,5
https://www.tecnocasa.es/venta/piso/madrid/parla/619792.html,180000.0,2,65.0,1,"Agencia inmobiliaria de PARLA - Oficina Tecnocasa. vende Piso en Parla, situado en la zona de Fuentebella.
Piso a la venta situado en la zona sur de Parla.
Perteneciente a la urbanización Fuentebella. Conjunto de edificios que comparten unas zonas comunes, tales como: tres pistas (tenis, padel y baloncesto) y dos piscinas semi-olímpicas.
Vivienda TOTALMENTE REFORMADA ubicada en 1ª planta sin ascensor.
Consta de 3 dormitorios
Baño con pcon bañera y ventana.
Cocina americana con tendedero
Salón con acceso a terraza
Suelos de tarima
Ventanas de climalit
Calefacción centralizada de gas natural.
Puertas actualizadas.
Aire acondicionado con bomba de calor y frio en salón.
Cuota mensual de comunidad de 165 (incluye calefaccion central, agua caliente y fria y zonas comunes)
Zona tranquila, bien comunicada con el transporte público, colegios, supermercados, carreteras de largo recorrido, zonas infantiles y del hospital Infanta Cristina de Parla.",0,1,1,1,0,1,0,1,1,1,"['https://cdn-media.medialabtc.it/es/agencies/mdbp3/estates/619792/images/8995273/gallery_media.jpeg', 'https://cdn-media.medialabtc.it/es/agencies/mdbp3/estates/619792/images/8981385/gallery_media.jpeg', 'https://cdn-media.medialabtc.it/es/agencies/mdbp3/estates/619792/images/8981356/gallery_media.jpeg', 'https://cdn-media.medialabtc.it/es/agencies/mdbp3/estates/619792/images/8981384/gallery_media.jpeg', 'https://cdn-media.medialabtc.it/es/agencies/mdbp3/estates/619792/images/8981358/gallery_media.jpeg', 'https://cdn-media.medialabtc.it/es/agencies/mdbp3/estates/619792/images/8995270/gallery_media.jpeg', 'https://cdn-media.medialabtc.it/es/agencies/mdbp3/estates/619792/images/8981386/gallery_media.jpeg', 'https://cdn-media.medialabtc.it/es/agencies/mdbp3/estates/619792/images/8981382/gallery_media.jpeg', 'https://cdn-media.medialabtc.it/es/agencies/mdbp3/estates/619792/images/8981383/gallery_media.jpeg', 'https://cdn-media.medialabtc.it/es/agencies/mdbp3/estates/619792/images/8981357/gallery_media.jpeg', 'https://cdn-media.medialabtc.it/es/agencies/mdbp3/estates/619792/images/8995271/gallery_media.jpeg', 'https://cdn-media.medialabtc.it/es/agencies/mdbp3/estates/619792/images/8981389/gallery_media.jpeg', 'https://cdn-media.medialabtc.it/es/agencies/mdbp3/estates/619792/images/8981387/gallery_media.jpeg', 'https://cdn-media.medialabtc.it/es/agencies/mdbp3/estates/619792/images/8981361/gallery_media.jpeg', 'https://cdn-media.medialabtc.it/es/agencies/mdbp3/estates/619792/images/8981359/gallery_media.jpeg', 'https://cdn-media.medialabtc.it/es/agencies/mdbp3/estates/619792/images/8981360/gallery_media.jpeg', 'https://cdn-media.medialabtc.it/es/agencies/mdbp3/estates/619792/images/8995272/gallery_media.jpeg', 'https://cdn-media.medialabtc.it/es/agencies/mdbp3/estates/619792/images/8981388/gallery_media.jpeg']",0,Desconocido,0,0,0,1,0,Desconocida,0,1,"['imagenes_tecnocasa\\anuncio_399\\0.jpeg', 'imagenes_tecnocasa\\anuncio_399\\1.jpeg', 'imagenes_tecnocasa\\anuncio_399\\2.jpeg', 'imagenes_tecnocasa\\anuncio_399\\3.jpeg', 'imagenes_tecnocasa\\anuncio_399\\4.jpeg', 'imagenes_tecnocasa\\anuncio_399\\5.jpeg', 'imagenes_tecnocasa\\anuncio_399\\6.jpeg', 'imagenes_tecnocasa\\anuncio_399\\7.jpeg', 'imagenes_tecnocasa\\anuncio_399\\8.jpeg', 'imagenes_tecnocasa\\anuncio_399\\9.jpeg', 'imagenes_tecnocasa\\anuncio_399\\10.jpeg', 'imagenes_tecnocasa\\anuncio_399\\11.jpeg', 'imagenes_tecnocasa\\anuncio_399\\12.jpeg', 'imagenes_tecnocasa\\anuncio_399\\13.jpeg', 'imagenes_tecnocasa\\anuncio_399\\14.jpeg', 'imagenes_tecnocasa\\anuncio_399\\15.jpeg', 'imagenes_tecnocasa\\anuncio_399\\16.jpeg', 'imagenes_tecnocasa\\anuncio_399\\17.jpeg']",0,Popular,1979,0,0,0,piso,3,Parla,Parla,40.2373952,-3.7718902,399,2769.230769230769,143.0,105.0,0.05,0.325,0.0,0.0,otro,pintura,corredera,estándar (2.4-2.8m),nada,4.0,5.2,moderno,"['#8B4513', '#D2B48C', '#F5F5DC']",buena,True,eficiente,normal,ninguno,ninguno,estándar,básica,ninguno,6.8,6.8,ninguna,5
https://www.tecnocasa.es/venta/piso/madrid/parla/609661.html,245000.0,3,95.0,2,"Agencia inmobiliaria de PARLA - zona PARLA LA ERMITA. Piso a la venta en Parla, situado en la zona de Parla La Ermita.

Vivienda exterior situada en urbanización cerrada con piscina, zona ajardinada y parque infantil. Situada junto a colegios, restaurantes, gimnasio, supermercados, parada de tranvía y bus, comercios y servicios de la zona.

Dispone de hall/recibidor, cocina amueblada, tendedero cerrado, tres dormitorios, salón, dos baños, plaza de garaje y trastero.

TECNOCASA, red inmobiliaria líder en el sector con más de 30 años de experiencia, presente con mas 900 oficinas a nivel nacional y 7 oficinas en Parla. Realizamos valoraciones de su hogar totalmente gratuitas; gestionamos el proceso de post-venta (tanto para comprador como para el vendedor); además, les daremos toda la información que necesiten sobre hipotecas, les ayudaremos a tramitar herencias, certificados, cambios de titularidad, plusvalías, permiso de venta, etc. Contamos con la colaboración del departamento de financiación de KÍRON, su experto intermediario que le asesorará gratuitamente sin ningún compromiso. Nuestros servicios: -Hipoteca ´primera vivienda´. - Hipoteca ´cambio de vivienda´. - Hipoteca 100%. Disponemos de las mejores viviendas del mercado.",0,1,1,1,0,0,0,1,0,1,"['https://cdn-media.medialabtc.it/es/agencies/md609/estates/609661/images/8762378/gallery_media.jpeg', 'https://cdn-media.medialabtc.it/es/agencies/md609/estates/609661/images/8762363/gallery_media.jpeg', 'https://cdn-media.medialabtc.it/es/agencies/md609/estates/609661/images/8762379/gallery_media.jpeg', 'https://cdn-media.medialabtc.it/es/agencies/md609/estates/609661/images/8762364/gallery_media.jpeg', 'https://cdn-media.medialabtc.it/es/agencies/md609/estates/609661/images/8762373/gallery_media.jpeg', 'https://cdn-media.medialabtc.it/es/agencies/md609/estates/609661/images/8762372/gallery_media.jpeg', 'https://cdn-media.medialabtc.it/es/agencies/md609/estates/609661/images/8762362/gallery_media.jpeg', 'https://cdn-media.medialabtc.it/es/agencies/md609/estates/609661/images/8762383/gallery_media.jpeg', 'https://cdn-media.medialabtc.it/es/agencies/md609/estates/609661/images/8762280/gallery_media.jpeg', 'https://cdn-media.medialabtc.it/es/agencies/md609/estates/609661/images/8762367/gallery_media.jpeg', 'https://cdn-media.medialabtc.it/es/agencies/md609/estates/609661/images/8762380/gallery_media.jpeg', 'https://cdn-media.medialabtc.it/es/agencies/md609/estates/609661/images/8762370/gallery_media.jpeg', 'https://cdn-media.medialabtc.it/es/agencies/md609/estates/609661/images/8762366/gallery_media.jpeg', 'https://cdn-media.medialabtc.it/es/agencies/md609/estates/609661/images/8762375/gallery_media.jpeg', 'https://cdn-media.medialabtc.it/es/agencies/md609/estates/609661/images/8762368/gallery_media.jpeg', 'https://cdn-media.medialabtc.it/es/agencies/md609/estates/609661/images/8762381/gallery_media.jpeg', 'https://cdn-media.medialabtc.it/es/agencies/md609/estates/609661/images/8762365/gallery_media.jpeg', 'https://cdn-media.medialabtc.it/es/agencies/md609/estates/609661/images/8762386/gallery_media.jpeg', 'https://cdn-media.medialabtc.it/es/agencies/md609/estates/609661/images/8762385/gallery_media.jpeg', 'https://cdn-media.medialabtc.it/es/agencies/md609/estates/609661/images/8762388/gallery_media.jpeg', 'https://cdn-media.medialabtc.it/es/agencies/md609/estates/609661/images/8762376/gallery_media.jpeg', 'https://cdn-media.medialabtc.it/es/agencies/md609/estates/609661/images/8762281/gallery_media.jpeg', 'https://cdn-media.medialabtc.it/es/agencies/md609/estates/609661/images/8762371/gallery_media.jpeg', 'https://cdn-media.medialabtc.it/es/agencies/md609/estates/609661/images/8762387/gallery_media.jpeg', 'https://cdn-media.medialabtc.it/es/agencies/md609/estates/609661/images/8762369/gallery_media.jpeg', 'https://cdn-media.medialabtc.it/es/agencies/md609/estates/609661/images/8762384/gallery_media.jpeg']",0,Desconocido,1,1,1,0,0,E,0,0,"['imagenes_tecnocasa\\anuncio_401\\0.jpeg', 'imagenes_tecnocasa\\anuncio_401\\1.jpeg', 'imagenes_tecnocasa\\anuncio_401\\2.jpeg', 'imagenes_tecnocasa\\anuncio_401\\3.jpeg', 'imagenes_tecnocasa\\anuncio_401\\4.jpeg', 'imagenes_tecnocasa\\anuncio_401\\5.jpeg', 'imagenes_tecnocasa\\anuncio_401\\6.jpeg', 'imagenes_tecnocasa\\anuncio_401\\7.jpeg', 'imagenes_tecnocasa\\anuncio_401\\8.jpeg', 'imagenes_tecnocasa\\anuncio_401\\9.jpeg', 'imagenes_tecnocasa\\anuncio_401\\10.jpeg', 'imagenes_tecnocasa\\anuncio_401\\11.jpeg', 'imagenes_tecnocasa\\anuncio_401\\12.jpeg', 'imagenes_tecnocasa\\anuncio_401\\13.jpeg', 'imagenes_tecnocasa\\anuncio_401\\14.jpeg', 'imagenes_tecnocasa\\anuncio_401\\15.jpeg', 'imagenes_tecnocasa\\anuncio_401\\16.jpeg', 'imagenes_tecnocasa\\anuncio_401\\17.jpeg', 'imagenes_tecnocasa\\anuncio_401\\18.jpeg', 'imagenes_tecnocasa\\anuncio_401\\19.jpeg', 'imagenes_tecnocasa\\anuncio_401\\20.jpeg', 'imagenes_tecnocasa\\anuncio_401\\21.jpeg', 'imagenes_tecnocasa\\anuncio_401\\22.jpeg', 'imagenes_tecnocasa\\anuncio_401\\23.jpeg', 'imagenes_tecnocasa\\anuncio_401\\24.jpeg', 'imagenes_tecnocasa\\anuncio_401\\25.jpeg']",0,Popular,2004,0,0,0,piso,3,Parla,Parla,40.2373952,-3.7718902,401,2578.9473684210525,181.0,132.0,0.0,0.0,0.0,0.0,parquet,pintura,corredera,estándar (2.4-2.8m),nada,4.4,4.0,convencional,"['#A7C4BC', '#D2BEA4', '#FFFFFF']",buena,True,convencional,normal,ninguno,ninguno,estándar,parcialmente equipada,ninguno,6.8,6.4,ninguna,5
https://www.tecnocasa.es/venta/piso/madrid/aranjuez/621683.html,255000.0,3,131.0,2,"Inmobiliaria en Aranjuez - Tecnocasa Houseland Aranjuez Slu
Descubre esta acogedora vivienda en el encantador municipio de Aranjuez. Con una superficie de 131 m², esta propiedad ofrece un espacio ideal para familias o parejas que buscan comodidad y funcionalidad. La casa cuenta con tres dormitorios bien distribuidos, perfectos para el descanso y la privacidad. Además, dispone de dos baños completos que facilitan la rutina diaria. Construida en 2001, la propiedad se encuentra en buen estado y lista para ser habitada. La cocina es práctica y se integra perfectamente con el resto de la vivienda, ofreciendo un ambiente cálido y acogedor. El salón es amplio y luminoso, ideal para disfrutar de momentos en familia o con amigos. Para mayor comodidad, la propiedad incluye una plaza de aparcamiento, lo que facilita el acceso y la seguridad de tu vehículo. No pierdas la oportunidad de vivir en un entorno tranquilo y bien comunicado. ¡Contáctanos para más información!
Este piso esta ubicado en una urbanizacion privada con piscina comunitaria y zonas comunes.
No se preocupe por la financiacion nuestros compañeros de KIRON se encargara de buscar la hipoteca a su medida. LLamenos sin compromiso y cuadramos una visita.",0,1,1,1,1,1,0,1,1,1,"['https://cdn-media.medialabtc.it/es/agencies/mdbr5/estates/621683/images/8994030/gallery_media.jpeg', 'https://cdn-media.medialabtc.it/es/agencies/mdbr5/estates/621683/images/8994113/gallery_media.jpeg', 'https://cdn-media.medialabtc.it/es/agencies/mdbr5/estates/621683/images/8994032/gallery_media.jpeg', 'https://cdn-media.medialabtc.it/es/agencies/mdbr5/estates/621683/images/8994028/gallery_media.jpeg', 'https://cdn-media.medialabtc.it/es/agencies/mdbr5/estates/621683/images/8994120/gallery_media.jpeg', 'https://cdn-media.medialabtc.it/es/agencies/mdbr5/estates/621683/images/8994143/gallery_media.jpeg', 'https://cdn-media.medialabtc.it/es/agencies/mdbr5/estates/621683/images/8994034/gallery_media.jpeg', 'https://cdn-media.medialabtc.it/es/agencies/mdbr5/estates/621683/images/8994031/gallery_media.jpeg', 'https://cdn-media.medialabtc.it/es/agencies/mdbr5/estates/621683/images/8994041/gallery_media.jpeg', 'https://cdn-media.medialabtc.it/es/agencies/mdbr5/estates/621683/images/8994142/gallery_media.jpeg', 'https://cdn-media.medialabtc.it/es/agencies/mdbr5/estates/621683/images/8994121/gallery_media.jpeg', 'https://cdn-media.medialabtc.it/es/agencies/mdbr5/estates/621683/images/8994117/gallery_media.jpeg', 'https://cdn-media.medialabtc.it/es/agencies/mdbr5/estates/621683/images/8994124/gallery_media.jpeg', 'https://cdn-media.medialabtc.it/es/agencies/mdbr5/estates/621683/images/8994118/gallery_media.jpeg', 'https://cdn-media.medialabtc.it/es/agencies/mdbr5/estates/621683/images/8994036/gallery_media.jpeg', 'https://cdn-media.medialabtc.it/es/agencies/mdbr5/estates/621683/images/8994116/gallery_media.jpeg', 'https://cdn-media.medialabtc.it/es/agencies/mdbr5/estates/621683/images/8994119/gallery_media.jpeg', 'https://cdn-media.medialabtc.it/es/agencies/mdbr5/estates/621683/images/8994038/gallery_media.jpeg', 'https://cdn-media.medialabtc.it/es/agencies/mdbr5/estates/621683/images/8994037/gallery_media.jpeg', 'https://cdn-media.medialabtc.it/es/agencies/mdbr5/estates/621683/images/8994040/gallery_media.jpeg', 'https://cdn-media.medialabtc.it/es/agencies/mdbr5/estates/621683/images/8994122/gallery_media.jpeg', 'https://cdn-media.medialabtc.it/es/agencies/mdbr5/estates/621683/images/8994029/gallery_media.jpeg', 'https://cdn-media.medialabtc.it/es/agencies/mdbr5/estates/621683/images/8994111/gallery_media.jpeg', 'https://cdn-media.medialabtc.it/es/agencies/mdbr5/estates/621683/images/8994114/gallery_media.jpeg', 'https://cdn-media.medialabtc.it/es/agencies/mdbr5/estates/621683/images/8994035/gallery_media.jpeg', 'https://cdn-media.medialabtc.it/es/agencies/mdbr5/estates/621683/images/8994115/gallery_media.jpeg', 'https://cdn-media.medialabtc.it/es/agencies/mdbr5/estates/621683/images/8994033/gallery_media.jpeg', 'https://cdn-media.medialabtc.it/es/agencies/mdbr5/estates/621683/images/8994123/gallery_media.jpeg', 'https://cdn-media.medialabtc.it/es/agencies/mdbr5/estates/621683/images/8994112/gallery_media.jpeg', 'https://cdn-media.medialabtc.it/es/agencies/mdbr5/estates/621683/images/8994039/gallery_media.jpeg']",0,Buen estado,1,0,1,0,1,Desconocida,0,0,"['imagenes_tecnocasa\\anuncio_402\\0.jpeg', 'imagenes_tecnocasa\\anuncio_402\\1.jpeg', 'imagenes_tecnocasa\\anuncio_402\\2.jpeg', 'imagenes_tecnocasa\\anuncio_402\\3.jpeg', 'imagenes_tecnocasa\\anuncio_402\\4.jpeg', 'imagenes_tecnocasa\\anuncio_402\\5.jpeg', 'imagenes_tecnocasa\\anuncio_402\\6.jpeg', 'imagenes_tecnocasa\\anuncio_402\\7.jpeg', 'imagenes_tecnocasa\\anuncio_402\\8.jpeg', 'imagenes_tecnocasa\\anuncio_402\\9.jpeg', 'imagenes_tecnocasa\\anuncio_402\\10.jpeg', 'imagenes_tecnocasa\\anuncio_402\\11.jpeg', 'imagenes_tecnocasa\\anuncio_402\\12.jpeg', 'imagenes_tecnocasa\\anuncio_402\\13.jpeg', 'imagenes_tecnocasa\\anuncio_402\\14.jpeg', 'imagenes_tecnocasa\\anuncio_402\\15.jpeg', 'imagenes_tecnocasa\\anuncio_402\\16.jpeg', 'imagenes_tecnocasa\\anuncio_402\\17.jpeg', 'imagenes_tecnocasa\\anuncio_402\\18.jpeg', 'imagenes_tecnocasa\\anuncio_402\\19.jpeg', 'imagenes_tecnocasa\\anuncio_402\\20.jpeg', 'imagenes_tecnocasa\\anuncio_402\\21.jpeg', 'imagenes_tecnocasa\\anuncio_402\\22.jpeg', 'imagenes_tecnocasa\\anuncio_402\\23.jpeg', 'imagenes_tecnocasa\\anuncio_402\\24.jpeg', 'imagenes_tecnocasa\\anuncio_402\\25.jpeg', 'imagenes_tecnocasa\\anuncio_402\\26.jpeg', 'imagenes_tecnocasa\\anuncio_402\\27.jpeg', 'imagenes_tecnocasa\\anuncio_402\\28.jpeg', 'imagenes_tecnocasa\\anuncio_402\\29.jpeg']",0,Popular,2001,0,0,0,piso,1,Aranjuez,Aranjuez,40.03221,-3.6039604,402,1946.5648854961833,194.0,131.0,0.95,1.0,3.0,1.0,otro,pintura,otro,estándar (2.4-2.8m),nada,3.8,5.0,convencional,"['#D2B48C', '#A0522D', '#808080']",regular,False,convencional,normal,ninguno,ninguno,estándar,básica,ninguno,6.4,6.6,ninguna,5
https://www.tecnocasa.es/venta/piso/madrid/parla/616153.html,279000.0,3,110.0,2,"Agencia inmobiliaria de PARLA - zona PARLA ESTE.

Piso a la venta en Parla, zona de Parla Este.

Situada en el centro de Parla Este, con excelentes vistas al parque del universo, Próximo a comercios y servicios de la zona, Parada de tranvía y bus y nuevo centro de salud.

Urbanización cerrada con amplias zonas ajardinadas, parque infantil, pista deportiva y piscina de reciente construcción (Opcional)

Vivienda de 3 dormitorios compuesta por un amplio hall/recibidor con armario empotrado, cocina de diseño con horno, campana y microondas, tendedero cerrado con caldera de condensación, amplio salón independiente y dormitorio principal ambos con aire acondicionado y excelentes vistas al parque del universo. Pintura lisa, suelo de tarima, gres en cocina y baño, 2 plazas de garaje juntas y trastero.

TECNOCASA, red inmobiliaria líder en el sector con más de 30 años de experiencia, presente con mas 900 oficinas a nivel nacional y 7 oficinas en Parla.",0,1,1,1,1,1,0,1,1,1,"['https://cdn-media.medialabtc.it/es/agencies/mdbp6/estates/616153/images/8995265/gallery_media.jpeg', 'https://cdn-media.medialabtc.it/es/agencies/mdbp6/estates/616153/images/8995249/gallery_media.jpeg', 'https://cdn-media.medialabtc.it/es/agencies/mdbp6/estates/616153/images/8995262/gallery_media.jpeg', 'https://cdn-media.medialabtc.it/es/agencies/mdbp6/estates/616153/images/8995259/gallery_media.jpeg', 'https://cdn-media.medialabtc.it/es/agencies/mdbp6/estates/616153/images/8995269/gallery_media.jpeg', 'https://cdn-media.medialabtc.it/es/agencies/mdbp6/estates/616153/images/8995267/gallery_media.jpeg', 'https://cdn-media.medialabtc.it/es/agencies/mdbp6/estates/616153/images/8995247/gallery_media.jpeg', 'https://cdn-media.medialabtc.it/es/agencies/mdbp6/estates/616153/images/8995252/gallery_media.jpeg', 'https://cdn-media.medialabtc.it/es/agencies/mdbp6/estates/616153/images/8995254/gallery_media.jpeg', 'https://cdn-media.medialabtc.it/es/agencies/mdbp6/estates/616153/images/8995264/gallery_media.jpeg', 'https://cdn-media.medialabtc.it/es/agencies/mdbp6/estates/616153/images/8995266/gallery_media.jpeg', 'https://cdn-media.medialabtc.it/es/agencies/mdbp6/estates/616153/images/8995255/gallery_media.jpeg', 'https://cdn-media.medialabtc.it/es/agencies/mdbp6/estates/616153/images/8995256/gallery_media.jpeg', 'https://cdn-media.medialabtc.it/es/agencies/mdbp6/estates/616153/images/8995257/gallery_media.jpeg', 'https://cdn-media.medialabtc.it/es/agencies/mdbp6/estates/616153/images/8995246/gallery_media.jpeg', 'https://cdn-media.medialabtc.it/es/agencies/mdbp6/estates/616153/images/8995260/gallery_media.jpeg', 'https://cdn-media.medialabtc.it/es/agencies/mdbp6/estates/616153/images/8995253/gallery_media.jpeg', 'https://cdn-media.medialabtc.it/es/agencies/mdbp6/estates/616153/images/8995248/gallery_media.jpeg', 'https://cdn-media.medialabtc.it/es/agencies/mdbp6/estates/616153/images/8995250/gallery_media.jpeg', 'https://cdn-media.medialabtc.it/es/agencies/mdbp6/estates/616153/images/8995251/gallery_media.jpeg', 'https://cdn-media.medialabtc.it/es/agencies/mdbp6/estates/616153/images/8995263/gallery_media.jpeg', 'https://cdn-media.medialabtc.it/es/agencies/mdbp6/estates/616153/images/8995258/gallery_media.jpeg', 'https://cdn-media.medialabtc.it/es/agencies/mdbp6/estates/616153/images/8995261/gallery_media.jpeg', 'https://cdn-media.medialabtc.it/es/agencies/mdbp6/estates/616153/images/8995268/gallery_media.jpeg']",1,Desconocido,1,1,1,0,0,C,0,0,"['imagenes_tecnocasa\\anuncio_406\\0.jpeg', 'imagenes_tecnocasa\\anuncio_406\\1.jpeg', 'imagenes_tecnocasa\\anuncio_406\\2.jpeg', 'imagenes_tecnocasa\\anuncio_406\\3.jpeg', 'imagenes_tecnocasa\\anuncio_406\\4.jpeg', 'imagenes_tecnocasa\\anuncio_406\\5.jpeg', 'imagenes_tecnocasa\\anuncio_406\\6.jpeg', 'imagenes_tecnocasa\\anuncio_406\\7.jpeg', 'imagenes_tecnocasa\\anuncio_406\\8.jpeg', 'imagenes_tecnocasa\\anuncio_406\\9.jpeg', 'imagenes_tecnocasa\\anuncio_406\\10.jpeg', 'imagenes_tecnocasa\\anuncio_406\\11.jpeg', 'imagenes_tecnocasa\\anuncio_406\\12.jpeg', 'imagenes_tecnocasa\\anuncio_406\\13.jpeg', 'imagenes_tecnocasa\\anuncio_406\\14.jpeg', 'imagenes_tecnocasa\\anuncio_406\\15.jpeg', 'imagenes_tecnocasa\\anuncio_406\\16.jpeg', 'imagenes_tecnocasa\\anuncio_406\\17.jpeg', 'imagenes_tecnocasa\\anuncio_406\\18.jpeg', 'imagenes_tecnocasa\\anuncio_406\\19.jpeg', 'imagenes_tecnocasa\\anuncio_406\\20.jpeg', 'imagenes_tecnocasa\\anuncio_406\\21.jpeg', 'imagenes_tecnocasa\\anuncio_406\\22.jpeg', 'imagenes_tecnocasa\\anuncio_406\\23.jpeg']",1,Señorial,1987,1,0,1,piso,2,Parla,Parla,40.2373952,-3.7718902,406,2536.3636363636365,153.0,102.0,0.0,0.0,1.0,0.0,parquet,pintura,corredera,estándar (2.4-2.8m),nada,3.4,4.4,convencional,"['#000000', '#000000', '#000000']",buena,False,convencional,limitado,ninguno,ninguno,estándar,básica,ninguno,7.0,7.2,ninguna,5
https://www.tecnocasa.es/venta/piso/madrid/leganes/619060.html,215000.0,3,69.0,1,"Agencia inmobiliaria de MADRID - zona LEGANÉS - Oficina Tecnocasa VENDE.
4ª planta exterior con ascensor en magnífica ubicación, cercana a 3 grandes avenidas de Leganés.
La vivienda se distribuye del siguiente modo: Amplio salón independiente y salida a una maravillosa terraza cerrada, 3 dormitorios muy luminosos y amplios, cocina y cuarto de baño.
Orientación SUR por lo que no le falta luz a ninguna de sus estancias
Le brindamos la opción de compra plaza de garaje en un parking cercano a la finca desde 5.000 €.
Muy bien comunicado, con rápido acceso por carretera, Cercanías línea C-5 (18 minutos a Atocha), Metro sur parada Casa del reloj a menos de 500m, Leganés central y Autobuses interurbanos directos a Aluche, Oporto entre otros. Cercano a la Universidad Carlos III y rodeado de Colegios, tanto de primaria como de secundaria. Zonas verdes. Cuenta con un Centro de Salud cercano.
No dude en ponerse en contacto con nuestros asesores para más información o para concertar una cita para ver la vivienda.
¡PREGUNTA POR LA FINANCIACIÓN CON KIRON!
NO SE REFLEJA DIRECCIÓN EXACTA DE LA VIVIENDA POR PRIVACIDAD, LA DIRECCIÓN REFLEJADA EN EL ANUNCIO ESTA A ESCASOS METROS DE ELLA PARA QUE PUEDAN TENER UN PUNTO DE REFERENCIA DE DONDE SE UBICA EXACTAMENTE.",1,1,1,1,1,1,0,1,1,1,"['https://cdn-media.medialabtc.it/es/agencies/md503/estates/619060/images/8937011/gallery_media.jpeg', 'https://cdn-media.medialabtc.it/es/agencies/md503/estates/619060/images/8937019/gallery_media.jpeg', 'https://cdn-media.medialabtc.it/es/agencies/md503/estates/619060/images/8937021/gallery_media.jpeg', 'https://cdn-media.medialabtc.it/es/agencies/md503/estates/619060/images/8937018/gallery_media.jpeg', 'https://cdn-media.medialabtc.it/es/agencies/md503/estates/619060/images/8937012/gallery_media.jpeg', 'https://cdn-media.medialabtc.it/es/agencies/md503/estates/619060/images/8937017/gallery_media.jpeg', 'https://cdn-media.medialabtc.it/es/agencies/md503/estates/619060/images/8937015/gallery_media.jpeg', 'https://cdn-media.medialabtc.it/es/agencies/md503/estates/619060/images/8937023/gallery_media.jpeg', 'https://cdn-media.medialabtc.it/es/agencies/md503/estates/619060/images/8937020/gallery_media.jpeg', 'https://cdn-media.medialabtc.it/es/agencies/md503/estates/619060/images/8937022/gallery_media.jpeg', 'https://cdn-media.medialabtc.it/es/agencies/md503/estates/619060/images/8937013/gallery_media.jpeg', 'https://cdn-media.medialabtc.it/es/agencies/md503/estates/619060/images/8937014/gallery_media.jpeg']",0,Desconocido,1,0,0,1,0,G,0,0,"['imagenes_tecnocasa\\anuncio_407\\0.jpeg', 'imagenes_tecnocasa\\anuncio_407\\1.jpeg', 'imagenes_tecnocasa\\anuncio_407\\2.jpeg', 'imagenes_tecnocasa\\anuncio_407\\3.jpeg', 'imagenes_tecnocasa\\anuncio_407\\4.jpeg', 'imagenes_tecnocasa\\anuncio_407\\5.jpeg', 'imagenes_tecnocasa\\anuncio_407\\6.jpeg', 'imagenes_tecnocasa\\anuncio_407\\7.jpeg', 'imagenes_tecnocasa\\anuncio_407\\8.jpeg', 'imagenes_tecnocasa\\anuncio_407\\9.jpeg', 'imagenes_tecnocasa\\anuncio_407\\10.jpeg', 'imagenes_tecnocasa\\anuncio_407\\11.jpeg']",0,Popular,1970,0,0,0,piso,3,Leganés,"Santos, Leganés",40.3281942,-3.76527,407,3115.942028985507,210.0,164.0,0.0,0.25,2.0,0.0,cerámica,pintura,corredera,estándar (2.4-2.8m),nada,3.6,3.4,convencional,"['#F2D7D5', '#D2B48C', '#FFFFFF']",regular,False,convencional,limitado,ninguno,ninguno,estándar,básica,ninguno,6.2,6.8,ninguna,5
https://www.tecnocasa.es/venta/piso/madrid/leganes/619404.html,229000.0,3,82.0,1,"Agencia inmobiliaria de MADRID - zona LEGANÉS - Oficina Tecnocasa VENDE.
1ª planta exterior en magnífica ubicación, cercana a 3 grandes avenidas de Leganés.
La vivienda se distribuye del siguiente modo: Amplio salón independiente con aire acondicionado y salida a una maravillosa terraza abierta con doble acceso, 3 dormitorios muy luminosos y amplios, cocina ycuarto de baño y calefacción independiente de gas en toda la vivienda.
Orientación oeste por lo que no le falta luz a ninguna de sus estancias, actualmente sin ascensor.
Le brindamos la opción de compra plaza de garaje en un parking cercano a la finca desde 5.000 €.
Muy bien comunicado, con rápido acceso por carretera, Cercanías línea C-5 (18 minutos a Atocha), Metro sur parada Casa del reloj a menos de 500m, Leganés central y Autobuses interurbanos directos a Aluche, Oporto entre otros. Cercano a la Universidad Carlos III y rodeado de Colegios, tanto de primaria como de secundaria. Zonas verdes. Cuenta con un Centro de Salud cercano.
No dude en ponerse en contacto con nuestros asesores para más información o para concertar una cita para ver la vivienda.
¡PREGUNTA POR LA FINANCIACIÓN CON KIRON!
NO SE REFLEJA DIRECCIÓN EXACTA DE LA VIVIENDA POR PRIVACIDAD, LA DIRECCIÓN REFLEJADA EN EL ANUNCIO ESTA A ESCASOS METROS DE ELLA PARA QUE PUEDAN TENER UN PUNTO DE REFERENCIA DE DONDE SE UBICA EXACTAMENTE.",1,1,1,1,1,1,0,1,1,1,"['https://cdn-media.medialabtc.it/es/agencies/md503/estates/619404/images/8941620/gallery_media.jpeg', 'https://cdn-media.medialabtc.it/es/agencies/md503/estates/619404/images/8941631/gallery_media.jpeg', 'https://cdn-media.medialabtc.it/es/agencies/md503/estates/619404/images/8941627/gallery_media.jpeg', 'https://cdn-media.medialabtc.it/es/agencies/md503/estates/619404/images/8941625/gallery_media.jpeg', 'https://cdn-media.medialabtc.it/es/agencies/md503/estates/619404/images/8941630/gallery_media.jpeg', 'https://cdn-media.medialabtc.it/es/agencies/md503/estates/619404/images/8941629/gallery_media.jpeg', 'https://cdn-media.medialabtc.it/es/agencies/md503/estates/619404/images/8941623/gallery_media.jpeg', 'https://cdn-media.medialabtc.it/es/agencies/md503/estates/619404/images/8941622/gallery_media.jpeg', 'https://cdn-media.medialabtc.it/es/agencies/md503/estates/619404/images/8941628/gallery_media.jpeg', 'https://cdn-media.medialabtc.it/es/agencies/md503/estates/619404/images/8941624/gallery_media.jpeg', 'https://cdn-media.medialabtc.it/es/agencies/md503/estates/619404/images/8941632/gallery_media.jpeg', 'https://cdn-media.medialabtc.it/es/agencies/md503/estates/619404/images/8941621/gallery_media.jpeg', 'https://cdn-media.medialabtc.it/es/agencies/md503/estates/619404/images/8941626/gallery_media.jpeg', 'https://cdn-media.medialabtc.it/es/agencies/md503/estates/619404/images/8941619/gallery_media.jpeg']",0,Desconocido,1,0,0,1,0,E,0,0,"['imagenes_tecnocasa\\anuncio_408\\0.jpeg', 'imagenes_tecnocasa\\anuncio_408\\1.jpeg', 'imagenes_tecnocasa\\anuncio_408\\2.jpeg', 'imagenes_tecnocasa\\anuncio_408\\3.jpeg', 'imagenes_tecnocasa\\anuncio_408\\4.jpeg', 'imagenes_tecnocasa\\anuncio_408\\5.jpeg', 'imagenes_tecnocasa\\anuncio_408\\6.jpeg', 'imagenes_tecnocasa\\anuncio_408\\7.jpeg', 'imagenes_tecnocasa\\anuncio_408\\8.jpeg', 'imagenes_tecnocasa\\anuncio_408\\9.jpeg', 'imagenes_tecnocasa\\anuncio_408\\10.jpeg', 'imagenes_tecnocasa\\anuncio_408\\11.jpeg', 'imagenes_tecnocasa\\anuncio_408\\12.jpeg', 'imagenes_tecnocasa\\anuncio_408\\13.jpeg']",0,Popular,1977,0,0,0,piso,3,Leganés,"Santos, Leganés",40.3281942,-3.76527,408,2792.682926829268,225.0,173.0,0.0,0.25,2.0,0.0,otro,pintura,corredera,estándar (2.4-2.8m),nada,3.0,3.6,convencional,"['#FFFFFF', '#D3D3D3', '#808080']",regular,False,convencional,limitado,ninguno,ninguno,estándar,básica,ninguno,6.0,6.6,ninguna,5
https://www.tecnocasa.es/venta/piso/madrid/paracuellos-de-jarama/621435.html,189900.0,1,120.0,1,"Agencia inmobiliaria de Paracuellos de Jarama zona PARACUELLOS DE JARAMA - MIRAMADRID - ALTOS DE JARAMA Oficina Tecnocasa situada en C/ Callejón de la Iglesia 3 (PARACUELLOS DE JARAMA ):
EN VENTA: ESPECTACULAR PISO DUPLEX EN CASCO URBANO. Rodeado de todo tipo de servicios a su alrededor como supermercado, transporte público, rápida salida a la M-50 y autovía A2, bancos, pequeños comercios, colegio, farmacia, centro de salud, zonas verdes, parking, etc.
Se encuentra a 8 minutos de Aeropuerto de Barajas y a 15 minutos de Madrid por lo que su ubicación es excelente.
La vivienda está situada en el núcleo del pueblo de Paracuellos de Jarama, estando a disposición todos los servicios necesarios como Centro de Salud, farmacias y sitios de ocio.
VIVIENDA CON INQUILINO DENTRO , SE VENDE SIN EL INQUILINO O CON INQUILINO DENTRO CONTRATO EN VIGOR .
El piso está compuesto por 1 dormitorio, con armario empotrados, 1 baño completo con plato de ducha, vivienda en perfecto estado de conservación, piso duplex, y cocina totalmente amueblada.
Cabe destacar que el estado de la vivienda es bueno , una vivienda exclusiva al alcance de todo el mundo.
¡OPORTUNIDAD!
¡No dudes en venir a verla porque puede ser lo que estas buscando!
Además te recordamos que te ayudamos con la financiación de la vivienda gracias a nuestro departamento financiero KIRON. Hasta el 100% de la hipoteca.
INFÓRMATE SIN NINGÚN TIPO DE COMPROMISO EN NUESTRA OFICINA O LLÁMANOS AL TELÉFONO QUE APARECE EN EL ANUNCIO.",0,0,1,1,1,1,1,1,1,1,"['https://cdn-media.medialabtc.it/es/agencies/md626/estates/621435/images/8994668/gallery_media.jpeg', 'https://cdn-media.medialabtc.it/es/agencies/md626/estates/621435/images/8994666/gallery_media.jpeg', 'https://cdn-media.medialabtc.it/es/agencies/md626/estates/621435/images/8994662/gallery_media.jpeg', 'https://cdn-media.medialabtc.it/es/agencies/md626/estates/621435/images/8994659/gallery_media.jpeg', 'https://cdn-media.medialabtc.it/es/agencies/md626/estates/621435/images/8994665/gallery_media.jpeg', 'https://cdn-media.medialabtc.it/es/agencies/md626/estates/621435/images/8994667/gallery_media.jpeg', 'https://cdn-media.medialabtc.it/es/agencies/md626/estates/621435/images/8994661/gallery_media.jpeg', 'https://cdn-media.medialabtc.it/es/agencies/md626/estates/621435/images/8994660/gallery_media.jpeg', 'https://cdn-media.medialabtc.it/es/agencies/md626/estates/621435/images/8994663/gallery_media.jpeg', 'https://cdn-media.medialabtc.it/es/agencies/md626/estates/621435/images/8994669/gallery_media.jpeg']",0,Desconocido,1,0,0,0,0,Desconocida,0,0,"['imagenes_tecnocasa\\anuncio_409\\0.jpeg', 'imagenes_tecnocasa\\anuncio_409\\1.jpeg', 'imagenes_tecnocasa\\anuncio_409\\2.jpeg', 'imagenes_tecnocasa\\anuncio_409\\3.jpeg', 'imagenes_tecnocasa\\anuncio_409\\4.jpeg', 'imagenes_tecnocasa\\anuncio_409\\5.jpeg', 'imagenes_tecnocasa\\anuncio_409\\6.jpeg', 'imagenes_tecnocasa\\anuncio_409\\7.jpeg', 'imagenes_tecnocasa\\anuncio_409\\8.jpeg', 'imagenes_tecnocasa\\anuncio_409\\9.jpeg']",0,De época,2007,1,0,0,piso,2,Paracuellos de Jarama,Paracuellos De Jarama,40.5048527,-3.5317621,409,1582.5,245.0,165.0,0.0,0.0,0.0,0.0,parquet,pintura,corredera,estándar (2.4-2.8m),nada,3.4,4.4,convencional,"['#FFF8DC', '#FFFFE0', '#FAFAD2']",buena,False,convencional,limitado,ninguno,ninguno,estándar,básica,ninguno,6.8,6.2,ninguna,5
https://www.tecnocasa.es/venta/piso/madrid/madrid/618614.html,310000.0,3,55.0,2,"Vivienda tipo dúplex de 3 dormitorios, salón, cocina independiente, baño y aseo.
La casa tiene acceso directo a un patio comunitario amplio y luminoso (privativo para 4 vecinos)
Cuenta con la ITE favorable, perfecto para inversión, una pareja o familia.
Cerca tiene todos los servicios como la parada de metro, restaurantes y farmacias.
El inmueble se encuentra a escasos metros de Bravo Murillo y la rotonda de Cuatro Caminos. Cuenta con excelentes comunicaciones tales como paradas de Autobús (Líneas 149, C1, C2.3, 37,45, N23) y parada de metro (Línea 1,2, 6 y Nuevos ministerios).
Financiación de hasta el 100% con nuestro departamento financiero, Kiron. Asesoramiento gratuito y sin compromiso, no dude en consultarnos.
30 años en Madrid, ¡Gracias por la confianza!.",1,1,1,1,1,1,1,1,1,1,"['https://cdn-media.medialabtc.it/es/agencies/mdai3/estates/618614/images/8932647/gallery_media.jpeg', 'https://cdn-media.medialabtc.it/es/agencies/mdai3/estates/618614/images/8932651/gallery_media.jpeg', 'https://cdn-media.medialabtc.it/es/agencies/mdai3/estates/618614/images/8932644/gallery_media.jpeg', 'https://cdn-media.medialabtc.it/es/agencies/mdai3/estates/618614/images/8932637/gallery_media.jpeg', 'https://cdn-media.medialabtc.it/es/agencies/mdai3/estates/618614/images/8932635/gallery_media.jpeg', 'https://cdn-media.medialabtc.it/es/agencies/mdai3/estates/618614/images/8932640/gallery_media.jpeg', 'https://cdn-media.medialabtc.it/es/agencies/mdai3/estates/618614/images/8932646/gallery_media.jpeg', 'https://cdn-media.medialabtc.it/es/agencies/mdai3/estates/618614/images/8932638/gallery_media.jpeg', 'https://cdn-media.medialabtc.it/es/agencies/mdai3/estates/618614/images/8932634/gallery_media.jpeg', 'https://cdn-media.medialabtc.it/es/agencies/mdai3/estates/618614/images/8932639/gallery_media.jpeg', 'https://cdn-media.medialabtc.it/es/agencies/mdai3/estates/618614/images/8932649/gallery_media.jpeg', 'https://cdn-media.medialabtc.it/es/agencies/mdai3/estates/618614/images/8932641/gallery_media.jpeg', 'https://cdn-media.medialabtc.it/es/agencies/mdai3/estates/618614/images/8932632/gallery_media.jpeg', 'https://cdn-media.medialabtc.it/es/agencies/mdai3/estates/618614/images/8932648/gallery_media.jpeg', 'https://cdn-media.medialabtc.it/es/agencies/mdai3/estates/618614/images/8932636/gallery_media.jpeg', 'https://cdn-media.medialabtc.it/es/agencies/mdai3/estates/618614/images/8932653/gallery_media.jpeg', 'https://cdn-media.medialabtc.it/es/agencies/mdai3/estates/618614/images/8932650/gallery_media.jpeg', 'https://cdn-media.medialabtc.it/es/agencies/mdai3/estates/618614/images/8932631/gallery_media.jpeg', 'https://cdn-media.medialabtc.it/es/agencies/mdai3/estates/618614/images/8932630/gallery_media.jpeg', 'https://cdn-media.medialabtc.it/es/agencies/mdai3/estates/618614/images/8932633/gallery_media.jpeg', 'https://cdn-media.medialabtc.it/es/agencies/mdai3/estates/618614/images/8932629/gallery_media.jpeg']",0,Desconocido,0,0,0,0,0,Desconocida,0,0,"['imagenes_tecnocasa\\anuncio_412\\0.jpeg', 'imagenes_tecnocasa\\anuncio_412\\1.jpeg', 'imagenes_tecnocasa\\anuncio_412\\2.jpeg', 'imagenes_tecnocasa\\anuncio_412\\3.jpeg', 'imagenes_tecnocasa\\anuncio_412\\4.jpeg', 'imagenes_tecnocasa\\anuncio_412\\5.jpeg', 'imagenes_tecnocasa\\anuncio_412\\6.jpeg', 'imagenes_tecnocasa\\anuncio_412\\7.jpeg', 'imagenes_tecnocasa\\anuncio_412\\8.jpeg', 'imagenes_tecnocasa\\anuncio_412\\9.jpeg', 'imagenes_tecnocasa\\anuncio_412\\10.jpeg', 'imagenes_tecnocasa\\anuncio_412\\11.jpeg', 'imagenes_tecnocasa\\anuncio_412\\12.jpeg', 'imagenes_tecnocasa\\anuncio_412\\13.jpeg', 'imagenes_tecnocasa\\anuncio_412\\14.jpeg', 'imagenes_tecnocasa\\anuncio_412\\15.jpeg', 'imagenes_tecnocasa\\anuncio_412\\16.jpeg', 'imagenes_tecnocasa\\anuncio_412\\17.jpeg', 'imagenes_tecnocasa\\anuncio_412\\18.jpeg', 'imagenes_tecnocasa\\anuncio_412\\19.jpeg', 'imagenes_tecnocasa\\anuncio_412\\20.jpeg']",0,Señorial,1960,1,0,0,piso,1,Castillejos,"Cuzco - Castillejos, Madrid",40.4598788,-3.694067,412,5636.363636363636,121.0,97.0,0.0,0.0,2.0,0.0,parquet,pintura,abatible,bajo (<2.4m),vigas,4.0,3.4,rústico,"['#D3D3D3', '#FFFFFF', '#A9A9A9']",regular,False,convencional,limitado,ninguno,ninguno,estándar,básica,ninguno,8.0,7.0,ninguna,5
https://www.tecnocasa.es/venta/piso/madrid/madrid/594022.html,420000.0,4,99.0,1,"Vivienda distribuida en 4 dormitorios, cocina tipo americana y cuarto de baño.
La vivienda se encuentra totalmente reformada y se encuentra en buena rentabilidad.
Con una orientación Norte-Sur, el piso es luminoso, además de que cuenta con ventanas en todas las habitaciones del piso.
Cerca tiene todos los servicios como la parada de metro, restaurantes y farmacias.
El inmueble se localiza en la zona de Cuatro caminos, a cuatro minutos caminando de la estación de metro mas cercana y con muy buenas comunicaciones tales como paradas de Autobús (Líneas 149, C1, C2.3, 37,45, N23) y parada de metro (Línea 1, 2, 6 y Nuevos ministerios).
Excelente oportunidad de inversión!
Financiación de hasta el 100% con nuestro departamento financiero, Kiron. Asesoramiento gratuito y sin compromiso, no dude en consultarnos.
30 años en Madrid, ¡Gracias por la confianza!.",1,1,1,1,1,1,1,1,1,1,"['https://cdn-media.medialabtc.it/es/agencies/mdai3/estates/594022/images/8367348/gallery_media.jpeg', 'https://cdn-media.medialabtc.it/es/agencies/mdai3/estates/594022/images/8367344/gallery_media.jpeg', 'https://cdn-media.medialabtc.it/es/agencies/mdai3/estates/594022/images/8367342/gallery_media.jpeg', 'https://cdn-media.medialabtc.it/es/agencies/mdai3/estates/594022/images/8367376/gallery_media.jpeg', 'https://cdn-media.medialabtc.it/es/agencies/mdai3/estates/594022/images/8367341/gallery_media.jpeg', 'https://cdn-media.medialabtc.it/es/agencies/mdai3/estates/594022/images/8367347/gallery_media.jpeg', 'https://cdn-media.medialabtc.it/es/agencies/mdai3/estates/594022/images/8367340/gallery_media.jpeg', 'https://cdn-media.medialabtc.it/es/agencies/mdai3/estates/594022/images/8367380/gallery_media.jpeg', 'https://cdn-media.medialabtc.it/es/agencies/mdai3/estates/594022/images/8367339/gallery_media.jpeg', 'https://cdn-media.medialabtc.it/es/agencies/mdai3/estates/594022/images/8367318/gallery_media.jpeg', 'https://cdn-media.medialabtc.it/es/agencies/mdai3/estates/594022/images/8367377/gallery_media.jpeg', 'https://cdn-media.medialabtc.it/es/agencies/mdai3/estates/594022/images/8367343/gallery_media.jpeg', 'https://cdn-media.medialabtc.it/es/agencies/mdai3/estates/594022/images/8367375/gallery_media.jpeg', 'https://cdn-media.medialabtc.it/es/agencies/mdai3/estates/594022/images/8367321/gallery_media.jpeg', 'https://cdn-media.medialabtc.it/es/agencies/mdai3/estates/594022/images/8367379/gallery_media.jpeg', 'https://cdn-media.medialabtc.it/es/agencies/mdai3/estates/594022/images/8367319/gallery_media.jpeg', 'https://cdn-media.medialabtc.it/es/agencies/mdai3/estates/594022/images/8367345/gallery_media.jpeg', 'https://cdn-media.medialabtc.it/es/agencies/mdai3/estates/594022/images/8367346/gallery_media.jpeg', 'https://cdn-media.medialabtc.it/es/agencies/mdai3/estates/594022/images/8367320/gallery_media.jpeg', 'https://cdn-media.medialabtc.it/es/agencies/mdai3/estates/594022/images/8367378/gallery_media.jpeg']",0,Desconocido,0,0,0,0,0,Desconocida,0,0,"['imagenes_tecnocasa\\anuncio_413\\0.jpeg', 'imagenes_tecnocasa\\anuncio_413\\1.jpeg', 'imagenes_tecnocasa\\anuncio_413\\2.jpeg', 'imagenes_tecnocasa\\anuncio_413\\3.jpeg', 'imagenes_tecnocasa\\anuncio_413\\4.jpeg', 'imagenes_tecnocasa\\anuncio_413\\5.jpeg', 'imagenes_tecnocasa\\anuncio_413\\6.jpeg', 'imagenes_tecnocasa\\anuncio_413\\7.jpeg', 'imagenes_tecnocasa\\anuncio_413\\8.jpeg', 'imagenes_tecnocasa\\anuncio_413\\9.jpeg', 'imagenes_tecnocasa\\anuncio_413\\10.jpeg', 'imagenes_tecnocasa\\anuncio_413\\11.jpeg', 'imagenes_tecnocasa\\anuncio_413\\12.jpeg', 'imagenes_tecnocasa\\anuncio_413\\13.jpeg', 'imagenes_tecnocasa\\anuncio_413\\14.jpeg', 'imagenes_tecnocasa\\anuncio_413\\15.jpeg', 'imagenes_tecnocasa\\anuncio_413\\16.jpeg', 'imagenes_tecnocasa\\anuncio_413\\17.jpeg', 'imagenes_tecnocasa\\anuncio_413\\18.jpeg', 'imagenes_tecnocasa\\anuncio_413\\19.jpeg']",1,Popular,1930,1,0,0,piso,1,Castillejos,"Cuzco - Castillejos, Madrid",40.4598788,-3.694067,413,4242.424242424242,136.0,104.0,0.0,0.0,1.0,0.0,otro,pintura,abatible,estándar (2.4-2.8m),vigas,3.6,5.2,moderno,"['#F5F5DC', '#FFF8DC', '#A0522D']",regular,False,convencional,limitado,ninguno,ninguno,estándar,básica,ninguno,6.4,5.4,ninguna,5
https://www.tecnocasa.es/venta/piso/madrid/madrid/610530.html,225000.0,2,52.0,1,"Vivienda Duplex con 2 dormitorios totalmente reformada ubicada a menos de 50 metros del famoso Mercado de las Maravillas.
La vivienda está distribuida en su primera planta en Salon, cocina y cuarto de baño, en su segunda planta se encuentran los 2 dormitorios y un hall con un armario empotrado perfecto para zona de estudio o de trabajo.
Cerca tiene todos los servicios como la parada de metro, restaurantes y farmacias.
Lista para entrar a vivir
El inmueble se localiza en la zona de Cuatro caminos, con muy buenas comunicaciones tales como paradas de Autobús (Líneas 149, C1, C2.3, 37,45, N23) y parada de metro (Línea 1,2, 6 y Nuevos ministerios).
Financiación de hasta el 100% con nuestro departamento financiero, Kiron. Asesoramiento gratuito y sin compromiso, no dude en consultarnos.
30 años en Madrid, ¡Gracias por la confianza!",1,1,1,1,1,1,1,1,1,1,"['https://cdn-media.medialabtc.it/es/agencies/mdai3/estates/610530/images/8745978/gallery_media.jpeg', 'https://cdn-media.medialabtc.it/es/agencies/mdai3/estates/610530/images/8745970/gallery_media.jpeg', 'https://cdn-media.medialabtc.it/es/agencies/mdai3/estates/610530/images/8745972/gallery_media.jpeg', 'https://cdn-media.medialabtc.it/es/agencies/mdai3/estates/610530/images/8745979/gallery_media.jpeg', 'https://cdn-media.medialabtc.it/es/agencies/mdai3/estates/610530/images/8881690/gallery_media.jpeg', 'https://cdn-media.medialabtc.it/es/agencies/mdai3/estates/610530/images/8745974/gallery_media.jpeg', 'https://cdn-media.medialabtc.it/es/agencies/mdai3/estates/610530/images/8881694/gallery_media.jpeg', 'https://cdn-media.medialabtc.it/es/agencies/mdai3/estates/610530/images/8745971/gallery_media.jpeg', 'https://cdn-media.medialabtc.it/es/agencies/mdai3/estates/610530/images/8881693/gallery_media.jpeg', 'https://cdn-media.medialabtc.it/es/agencies/mdai3/estates/610530/images/8881689/gallery_media.jpeg', 'https://cdn-media.medialabtc.it/es/agencies/mdai3/estates/610530/images/8745975/gallery_media.jpeg', 'https://cdn-media.medialabtc.it/es/agencies/mdai3/estates/610530/images/8745973/gallery_media.jpeg', 'https://cdn-media.medialabtc.it/es/agencies/mdai3/estates/610530/images/8881692/gallery_media.jpeg', 'https://cdn-media.medialabtc.it/es/agencies/mdai3/estates/610530/images/8745976/gallery_media.jpeg', 'https://cdn-media.medialabtc.it/es/agencies/mdai3/estates/610530/images/8881691/gallery_media.jpeg', 'https://cdn-media.medialabtc.it/es/agencies/mdai3/estates/610530/images/8745977/gallery_media.jpeg']",0,Desconocido,0,0,0,0,0,Desconocida,0,0,"['imagenes_tecnocasa\\anuncio_414\\0.jpeg', 'imagenes_tecnocasa\\anuncio_414\\1.jpeg', 'imagenes_tecnocasa\\anuncio_414\\2.jpeg', 'imagenes_tecnocasa\\anuncio_414\\3.jpeg', 'imagenes_tecnocasa\\anuncio_414\\4.jpeg', 'imagenes_tecnocasa\\anuncio_414\\5.jpeg', 'imagenes_tecnocasa\\anuncio_414\\6.jpeg', 'imagenes_tecnocasa\\anuncio_414\\7.jpeg', 'imagenes_tecnocasa\\anuncio_414\\8.jpeg', 'imagenes_tecnocasa\\anuncio_414\\9.jpeg', 'imagenes_tecnocasa\\anuncio_414\\10.jpeg', 'imagenes_tecnocasa\\anuncio_414\\11.jpeg', 'imagenes_tecnocasa\\anuncio_414\\12.jpeg', 'imagenes_tecnocasa\\anuncio_414\\13.jpeg', 'imagenes_tecnocasa\\anuncio_414\\14.jpeg', 'imagenes_tecnocasa\\anuncio_414\\15.jpeg']",0,Señorial,1935,0,0,1,piso,1,Castillejos,"Cuzco - Castillejos, Madrid",40.4598788,-3.694067,414,4326.923076923077,138.0,102.0,0.0,0.0,0.0,0.0,cerámica,pintura,otro,estándar (2.4-2.8m),nada,3.4,4.2,convencional,"['#FFFFFF', '#D3D3D3', '#C0C0C0']",regular,False,convencional,limitado,ninguno,ninguno,estándar,básica,ninguno,6.2,6.4,ninguna,5
https://www.tecnocasa.es/venta/piso/madrid/madrid/621649.html,360000.0,1,76.0,2,"TECNOCASA Estudio Inmobiliario Torre Arias S. L. VENDE
¡TU NUEVO LOFT TE ESPERA!
Descubre este exclusivo dúplex tipo loft, ideal para quienes buscan diseño, funcionalidad y ubicación en un solo en una urbanización con vigilancia 24 horas, este inmueble se encuentra en perfecto estado y listo para entrar.
Características destacadas:
•76 m² construidos
•Dormitorio en planta superior con armario empotrado
•Baño completo con plato de ducha + aseo adicional
•Cocina americana integrada, moderna y funcional
•terraza
•Plaza de garaje incluida en el precio
Perfecto tanto para relax o teletrabajo
Ubicación privilegiada:
A tan solo 6 minutos andando del metro Torre Arias y rodeado de todos los servicios: supermercados, comercios, cafeterías, bares, colegios, gimnasios y amplias zonas verdes.
Consulta gratuita sobre condiciones hipotecarias a través de nuestro departamento de intermediación financiera KÍRON.
Ven a visitarlo y déjate enamorar por su encanto. ¡No dejes pasar esta oportunidad!",1,0,1,1,1,1,0,1,1,1,"['https://cdn-media.medialabtc.it/es/agencies/md086/estates/621649/images/8993922/gallery_media.jpeg', 'https://cdn-media.medialabtc.it/es/agencies/md086/estates/621649/images/8993926/gallery_media.jpeg', 'https://cdn-media.medialabtc.it/es/agencies/md086/estates/621649/images/8993928/gallery_media.jpeg', 'https://cdn-media.medialabtc.it/es/agencies/md086/estates/621649/images/8993924/gallery_media.jpeg', 'https://cdn-media.medialabtc.it/es/agencies/md086/estates/621649/images/8993940/gallery_media.jpeg', 'https://cdn-media.medialabtc.it/es/agencies/md086/estates/621649/images/8993927/gallery_media.jpeg', 'https://cdn-media.medialabtc.it/es/agencies/md086/estates/621649/images/8993938/gallery_media.jpeg', 'https://cdn-media.medialabtc.it/es/agencies/md086/estates/621649/images/8993934/gallery_media.jpeg', 'https://cdn-media.medialabtc.it/es/agencies/md086/estates/621649/images/8993821/gallery_media.jpeg', 'https://cdn-media.medialabtc.it/es/agencies/md086/estates/621649/images/8993937/gallery_media.jpeg', 'https://cdn-media.medialabtc.it/es/agencies/md086/estates/621649/images/8993929/gallery_media.jpeg', 'https://cdn-media.medialabtc.it/es/agencies/md086/estates/621649/images/8993819/gallery_media.jpeg', 'https://cdn-media.medialabtc.it/es/agencies/md086/estates/621649/images/8993931/gallery_media.jpeg', 'https://cdn-media.medialabtc.it/es/agencies/md086/estates/621649/images/8993925/gallery_media.jpeg', 'https://cdn-media.medialabtc.it/es/agencies/md086/estates/621649/images/8993939/gallery_media.jpeg', 'https://cdn-media.medialabtc.it/es/agencies/md086/estates/621649/images/8993923/gallery_media.jpeg', 'https://cdn-media.medialabtc.it/es/agencies/md086/estates/621649/images/8993930/gallery_media.jpeg', 'https://cdn-media.medialabtc.it/es/agencies/md086/estates/621649/images/8993820/gallery_media.jpeg', 'https://cdn-media.medialabtc.it/es/agencies/md086/estates/621649/images/8993935/gallery_media.jpeg', 'https://cdn-media.medialabtc.it/es/agencies/md086/estates/621649/images/8993818/gallery_media.jpeg', 'https://cdn-media.medialabtc.it/es/agencies/md086/estates/621649/images/8993936/gallery_media.jpeg', 'https://cdn-media.medialabtc.it/es/agencies/md086/estates/621649/images/8993932/gallery_media.jpeg']",0,Desconocido,1,0,0,1,1,E,0,0,"['imagenes_tecnocasa\\anuncio_416\\0.jpeg', 'imagenes_tecnocasa\\anuncio_416\\1.jpeg', 'imagenes_tecnocasa\\anuncio_416\\2.jpeg', 'imagenes_tecnocasa\\anuncio_416\\3.jpeg', 'imagenes_tecnocasa\\anuncio_416\\4.jpeg', 'imagenes_tecnocasa\\anuncio_416\\5.jpeg', 'imagenes_tecnocasa\\anuncio_416\\6.jpeg', 'imagenes_tecnocasa\\anuncio_416\\7.jpeg', 'imagenes_tecnocasa\\anuncio_416\\8.jpeg', 'imagenes_tecnocasa\\anuncio_416\\9.jpeg', 'imagenes_tecnocasa\\anuncio_416\\10.jpeg', 'imagenes_tecnocasa\\anuncio_416\\11.jpeg', 'imagenes_tecnocasa\\anuncio_416\\12.jpeg', 'imagenes_tecnocasa\\anuncio_416\\13.jpeg', 'imagenes_tecnocasa\\anuncio_416\\14.jpeg', 'imagenes_tecnocasa\\anuncio_416\\15.jpeg', 'imagenes_tecnocasa\\anuncio_416\\16.jpeg', 'imagenes_tecnocasa\\anuncio_416\\17.jpeg', 'imagenes_tecnocasa\\anuncio_416\\18.jpeg', 'imagenes_tecnocasa\\anuncio_416\\19.jpeg', 'imagenes_tecnocasa\\anuncio_416\\20.jpeg', 'imagenes_tecnocasa\\anuncio_416\\21.jpeg']",1,Media,1989,1,0,1,piso,3,Madrid,"Canillejas, Madrid",40.4167047,-3.7035825,416,4736.8421052631575,145.0,123.0,0.8875,0.95,1.0,1.0,otro,pintura,grandes ventanales,estándar (2.4-2.8m),nada,5.8,7.0,moderno,"['#D3D3D3', '#808080', '#000000']",buena,True,convencional,limitado,ninguno,ninguno,estándar,parcialmente equipada,ninguno,7.4,7.2,ninguna,5
https://www.tecnocasa.es/venta/piso/madrid/madrid/620673.html,595000.0,3,77.0,2,"Agencia inmobiliaria de MADRID - zona SALAMANCA - FUENTE DEL BERRO - GUINDALERA - Vende piso en Calle Peñascales
Estupenda vivienda muy luminosa en la última planta del bloque, interior a un gran patio de manzana. Compuesta de salón, cocina independiente, tres dormitorios, un baño y un aseo. Todas las estancias con ventanas.
Cuenta con calefacción central con individualizadores y agua por termo eléctrico.
Finca con ascensor y portero físico.
Ubicado entre el parque de la fuente del berro, la glorieta de O´donnell y la plaza de Manuel Becerra, dispone de todo tipo de servicios en los alrededores, como, colegios, hospitales, farmacias, supermercados, parques y una gran red de transporte público.
Tecnocasa dispone de un servicio financiero de consulta gratuita para nuestros clientes. Para mas información acerca de la propiedad y el arrendamiento no dude en consultarnos.",1,1,1,1,1,1,1,1,1,1,"['https://cdn-media.medialabtc.it/es/agencies/md097/estates/620673/images/8970632/gallery_media.jpeg', 'https://cdn-media.medialabtc.it/es/agencies/md097/estates/620673/images/8970708/gallery_media.jpeg', 'https://cdn-media.medialabtc.it/es/agencies/md097/estates/620673/images/8970705/gallery_media.jpeg', 'https://cdn-media.medialabtc.it/es/agencies/md097/estates/620673/images/8970637/gallery_media.jpeg', 'https://cdn-media.medialabtc.it/es/agencies/md097/estates/620673/images/8970709/gallery_media.jpeg', 'https://cdn-media.medialabtc.it/es/agencies/md097/estates/620673/images/8970706/gallery_media.jpeg', 'https://cdn-media.medialabtc.it/es/agencies/md097/estates/620673/images/8970633/gallery_media.jpeg', 'https://cdn-media.medialabtc.it/es/agencies/md097/estates/620673/images/8970636/gallery_media.jpeg', 'https://cdn-media.medialabtc.it/es/agencies/md097/estates/620673/images/8970703/gallery_media.jpeg', 'https://cdn-media.medialabtc.it/es/agencies/md097/estates/620673/images/8970702/gallery_media.jpeg', 'https://cdn-media.medialabtc.it/es/agencies/md097/estates/620673/images/8970711/gallery_media.jpeg', 'https://cdn-media.medialabtc.it/es/agencies/md097/estates/620673/images/8970640/gallery_media.jpeg', 'https://cdn-media.medialabtc.it/es/agencies/md097/estates/620673/images/8970635/gallery_media.jpeg', 'https://cdn-media.medialabtc.it/es/agencies/md097/estates/620673/images/8970638/gallery_media.jpeg', 'https://cdn-media.medialabtc.it/es/agencies/md097/estates/620673/images/8970704/gallery_media.jpeg', 'https://cdn-media.medialabtc.it/es/agencies/md097/estates/620673/images/8970641/gallery_media.jpeg', 'https://cdn-media.medialabtc.it/es/agencies/md097/estates/620673/images/8970710/gallery_media.jpeg', 'https://cdn-media.medialabtc.it/es/agencies/md097/estates/620673/images/8973708/gallery_media.jpeg', 'https://cdn-media.medialabtc.it/es/agencies/md097/estates/620673/images/8970634/gallery_media.jpeg', 'https://cdn-media.medialabtc.it/es/agencies/md097/estates/620673/images/8970639/gallery_media.jpeg', 'https://cdn-media.medialabtc.it/es/agencies/md097/estates/620673/images/8970707/gallery_media.jpeg']",0,Desconocido,0,0,0,0,1,E,0,0,"['imagenes_tecnocasa\\anuncio_417\\0.jpeg', 'imagenes_tecnocasa\\anuncio_417\\1.jpeg', 'imagenes_tecnocasa\\anuncio_417\\2.jpeg', 'imagenes_tecnocasa\\anuncio_417\\3.jpeg', 'imagenes_tecnocasa\\anuncio_417\\4.jpeg', 'imagenes_tecnocasa\\anuncio_417\\5.jpeg', 'imagenes_tecnocasa\\anuncio_417\\6.jpeg', 'imagenes_tecnocasa\\anuncio_417\\7.jpeg', 'imagenes_tecnocasa\\anuncio_417\\8.jpeg', 'imagenes_tecnocasa\\anuncio_417\\9.jpeg', 'imagenes_tecnocasa\\anuncio_417\\10.jpeg', 'imagenes_tecnocasa\\anuncio_417\\11.jpeg', 'imagenes_tecnocasa\\anuncio_417\\12.jpeg', 'imagenes_tecnocasa\\anuncio_417\\13.jpeg', 'imagenes_tecnocasa\\anuncio_417\\14.jpeg', 'imagenes_tecnocasa\\anuncio_417\\15.jpeg', 'imagenes_tecnocasa\\anuncio_417\\16.jpeg', 'imagenes_tecnocasa\\anuncio_417\\17.jpeg', 'imagenes_tecnocasa\\anuncio_417\\18.jpeg', 'imagenes_tecnocasa\\anuncio_417\\19.jpeg', 'imagenes_tecnocasa\\anuncio_417\\20.jpeg']",0,Media,1959,1,0,1,piso,3,Fuente del Berro,"Fuente Del Berro, Madrid",40.424977,-3.6636998,417,7727.272727272727,137.0,101.0,0.0,0.125,0.0,0.0,otro,pintura,otro,estándar (2.4-2.8m),nada,4.2,3.6,clásico,"['#A08A73', '#D2B4A0', '#967D68']",buena,False,convencional,limitado,ninguno,ninguno,estándar,básica,ninguno,6.6,7.2,ninguna,5
https://www.tecnocasa.es/venta/piso/madrid/madrid/524220.html,366000.0,2,78.0,2,"Agencia inmobiliaria de Madrid zona Cuatro caminos Tecnocasa CONSULTING CUATRO CAMINOS - 2022 SL vende LOCAL Comercial ideal Para cambio de uso a VIVIENDA ubicado a 210 metros de Bravo Murillo, siendo esta una de las calles principales y mas concurridas de la zona. El local consta con 78 metros construidos distribuidos en dos plantas y cuenta con:

- 2 habitaciones
- 1 salón
- 2 Baño
- 1 sótano

El local es muy luminoso cuenta con una excelente ubicación, hace esquina esto lo hace muy atractivo teniendo así doble orientación y 2 entradas independiente, también cuenta con 2 aires acondicionados

Zona muy tranquila, cuenta con todo tipo de comercios, farmacias y supermercados a su alrededor, comunicación excelente con autobuses, líneas de metro, entre ellas, Cuatro Caminos, Alvarado y Estrecho (líneas 1, 2 y 6) a tan solo 3 min andando. No dudes en venir a visitarlo.",1,1,1,1,1,1,1,1,1,1,['https://www.tecnocasa.es/img/home-hero/es/tecnocasa/residential/desktop_6.jpg'],0,Desconocido,0,0,0,0,0,E,0,0,['imagenes_tecnocasa\\anuncio_418\\0.jpg'],1,Popular,1930,0,0,0,piso,2,Bellas Vistas,"Bellas Vistas, Madrid",40.4526848,-3.7072396,418,4692.307692307692,147.0,106.0,0.225,0.25,1.0,1.0,otro,otro,otro,otro,nada,0.0,0.0,otro,"['#007FFF', '#FFFFFF', '#808080']",otro,False,otro,otro,ninguno,ninguno,otro,otro,ninguno,8.0,7.0,ninguna,1
https://www.tecnocasa.es/venta/casa/madrid/torrelodones/611032.html,770000.0,5,332.0,5,"TECNOCASA TORRELODONES VENDE EN EXCLUSIVA:

Espectacular chalet con jardín privado y amplias estancias, ubicado en una de las urbanizaciones más exclusivas de Torrelodones.

Con 332 m2 construidos sobre una parcela de 526 m2, esta vivienda destaca por su distribución funcional y sus espacios amplios, ideales para una vida familiar cómoda y tranquila.

Distribución de la vivienda:

PLANTA BAJA: Al acceder a la casa, un gran salón con chimenea y luminosidad natural se abre hacia un espacioso porche, que conecta directamente con el jardín y la parcela. La planta baja también alberga una cocina independiente, un despacho/dormitorio, un baño completo que da servicio a esta zona, y el garaje, con capacidad para dos coches.

PLANTA ALTA: En esta planta se encuentran los 4 dormitorios, todos ellos de gran tamaño y con armarios empotrados. Dos de ellos cuentan con baño en suite, ofreciendo privacidad y confort. Además, la planta dispone de una sauna para relajarse, y dos habitaciones tienen acceso a terrazas privadas con vistas al entorno natural. Un baño adicional completa esta planta.

ZONA EXTERIOR: El jardín, de fácil mantenimiento cuenta con un porche perfecto para disfrutar del aire libre. El espacio exterior es ideal para reuniones familiares o de amigos, con total privacidad.

La urbanización tiene una única entrada y cámaras de seguridad en todo su perímetro, cuenta con un servicio de vigilancia las 24 horas, con un control estricto de acceso que garantiza la seguridad y tranquilidad de sus residentes. Las zonas comunes cuentan con extensos espacios verdes, una piscina para adultos y otra para niños, vestuarios y una pista de tenis. Además, se encuentra estratégicamente ubicada, cerca de paradas de autobús a Madrid y de la estación de Renfe. Torrelodones cuenta con prestigiosos colegios, todo tipo de servicios, restaurantes y áreas comerciales.

¡No deje pasar esta oportunidad única de vivir en un entorno privilegiado, con total seguridad y a pocos minutos de todos los servicios!

Posibilidad de financiación hasta el 100%, consulten condiciones y no dudes en venir a visitarlo.

'La información que se detalla en este anuncio, se muestra a título informativo, no es contractual ni vinculante y puede contener errores'.",0,1,1,0,1,1,0,0,1,1,"['https://cdn-media.medialabtc.it/es/agencies/md601/estates/611032/images/8746665/gallery_media.jpeg', 'https://cdn-media.medialabtc.it/es/agencies/md601/estates/611032/images/8746677/gallery_media.jpeg', 'https://cdn-media.medialabtc.it/es/agencies/md601/estates/611032/images/8746669/gallery_media.jpeg', 'https://cdn-media.medialabtc.it/es/agencies/md601/estates/611032/images/8746638/gallery_media.jpeg', 'https://cdn-media.medialabtc.it/es/agencies/md601/estates/611032/images/8746675/gallery_media.jpeg', 'https://cdn-media.medialabtc.it/es/agencies/md601/estates/611032/images/8746637/gallery_media.jpeg', 'https://cdn-media.medialabtc.it/es/agencies/md601/estates/611032/images/8746672/gallery_media.jpeg', 'https://cdn-media.medialabtc.it/es/agencies/md601/estates/611032/images/8746673/gallery_media.jpeg', 'https://cdn-media.medialabtc.it/es/agencies/md601/estates/611032/images/8746674/gallery_media.jpeg', 'https://cdn-media.medialabtc.it/es/agencies/md601/estates/611032/images/8746663/gallery_media.jpeg', 'https://cdn-media.medialabtc.it/es/agencies/md601/estates/611032/images/8746676/gallery_media.jpeg', 'https://cdn-media.medialabtc.it/es/agencies/md601/estates/611032/images/8746680/gallery_media.jpeg', 'https://cdn-media.medialabtc.it/es/agencies/md601/estates/611032/images/8746664/gallery_media.jpeg', 'https://cdn-media.medialabtc.it/es/agencies/md601/estates/611032/images/8746639/gallery_media.jpeg', 'https://cdn-media.medialabtc.it/es/agencies/md601/estates/611032/images/8746641/gallery_media.jpeg', 'https://cdn-media.medialabtc.it/es/agencies/md601/estates/611032/images/8746667/gallery_media.jpeg', 'https://cdn-media.medialabtc.it/es/agencies/md601/estates/611032/images/8746634/gallery_media.jpeg', 'https://cdn-media.medialabtc.it/es/agencies/md601/estates/611032/images/8746633/gallery_media.jpeg', 'https://cdn-media.medialabtc.it/es/agencies/md601/estates/611032/images/8746662/gallery_media.jpeg', 'https://cdn-media.medialabtc.it/es/agencies/md601/estates/611032/images/8746666/gallery_media.jpeg', 'https://cdn-media.medialabtc.it/es/agencies/md601/estates/611032/images/8746640/gallery_media.jpeg', 'https://cdn-media.medialabtc.it/es/agencies/md601/estates/611032/images/8746636/gallery_media.jpeg', 'https://cdn-media.medialabtc.it/es/agencies/md601/estates/611032/images/8746635/gallery_media.jpeg', 'https://cdn-media.medialabtc.it/es/agencies/md601/estates/611032/images/8746668/gallery_media.jpeg', 'https://cdn-media.medialabtc.it/es/agencies/md601/estates/611032/images/8746681/gallery_media.jpeg', 'https://cdn-media.medialabtc.it/es/agencies/md601/estates/611032/images/8746671/gallery_media.jpeg', 'https://cdn-media.medialabtc.it/es/agencies/md601/estates/611032/images/8746679/gallery_media.jpeg', 'https://cdn-media.medialabtc.it/es/agencies/md601/estates/611032/images/8746678/gallery_media.jpeg', 'https://cdn-media.medialabtc.it/es/agencies/md601/estates/611032/images/8746670/gallery_media.jpeg']",1,Desconocido,1,0,1,0,1,E,0,0,"['imagenes_tecnocasa\\anuncio_421\\0.jpeg', 'imagenes_tecnocasa\\anuncio_421\\1.jpeg', 'imagenes_tecnocasa\\anuncio_421\\2.jpeg', 'imagenes_tecnocasa\\anuncio_421\\3.jpeg', 'imagenes_tecnocasa\\anuncio_421\\4.jpeg', 'imagenes_tecnocasa\\anuncio_421\\5.jpeg', 'imagenes_tecnocasa\\anuncio_421\\6.jpeg', 'imagenes_tecnocasa\\anuncio_421\\7.jpeg', 'imagenes_tecnocasa\\anuncio_421\\8.jpeg', 'imagenes_tecnocasa\\anuncio_421\\9.jpeg', 'imagenes_tecnocasa\\anuncio_421\\10.jpeg', 'imagenes_tecnocasa\\anuncio_421\\11.jpeg', 'imagenes_tecnocasa\\anuncio_421\\12.jpeg', 'imagenes_tecnocasa\\anuncio_421\\13.jpeg', 'imagenes_tecnocasa\\anuncio_421\\14.jpeg', 'imagenes_tecnocasa\\anuncio_421\\15.jpeg', 'imagenes_tecnocasa\\anuncio_421\\16.jpeg', 'imagenes_tecnocasa\\anuncio_421\\17.jpeg', 'imagenes_tecnocasa\\anuncio_421\\18.jpeg', 'imagenes_tecnocasa\\anuncio_421\\19.jpeg', 'imagenes_tecnocasa\\anuncio_421\\20.jpeg', 'imagenes_tecnocasa\\anuncio_421\\21.jpeg', 'imagenes_tecnocasa\\anuncio_421\\22.jpeg', 'imagenes_tecnocasa\\anuncio_421\\23.jpeg', 'imagenes_tecnocasa\\anuncio_421\\24.jpeg', 'imagenes_tecnocasa\\anuncio_421\\25.jpeg', 'imagenes_tecnocasa\\anuncio_421\\26.jpeg', 'imagenes_tecnocasa\\anuncio_421\\27.jpeg', 'imagenes_tecnocasa\\anuncio_421\\28.jpeg']",1,Señorial,1993,0,0,0,casa,1,Torrelodones,Torrelodones,40.5762809,-3.928603,421,2319.277108433735,354.0,223.0,0.24583333333333335,0.6333333333333333,1.0,1.0,cerámica,pintura,corredera,estándar (2.4-2.8m),nada,5.0,4.8,convencional,"['#FFFFFF', '#EEEEEE', '#F2F2F2']",buena,False,convencional,limitado,ninguno,ninguno,estándar,básica,ninguno,7.6,6.6,ninguna,5
https://www.tecnocasa.es/venta/piso/madrid/madrid/619553.html,1100000.0,4,173.0,3,"'TECNOCASA GUZMAN EL BUENO (REGISTRO DE AGENTES PROFESIONALES INMOBILIARIOS; RAIN Nº00792/23) 'Protección de consumidores y usuarios' VENDE: 4 HABITACIONES Y 3 BAÑOS.

VIVIENDA EN ZONA EMBLEMÁTICA, EN PLENA ARTERIA DE MADRID.
UBICADA EN EL BOULEVAR DE LA AVENIDA REINA VICTORIA A UN PASO DEL CENTRO DE MADRID Y CIUDAD UNIVERSITARIA.

- Gran iluminación debido a sus ventanas al exterior de gran tamaño y Orientación Este.

- Consta de 4 dormitorios todas orientadas al exterior y 3 baños. Salón comedor de unos 30 m2 aprox.

- Amplia terraza/balcón en esquina.

- Habitaciones con ventanales amplios y buen tamaño de cada una de las
habitaciones.

- Portal señorial con portero físico.

Con todos los servicios; colegios, supermercados, bancos, farmacias, centro de salud. Muy bien ubicado con el centro de la capital, Ciudad Universitaria y Moncloa. Comunicación mediante transporte público con tres estaciones de metro próximas (Guzmán el Bueno L6 - L7, Vicente Aleixandre L6, Cuatro Caminos L1 - L2 y L6) y múltiples líneas de autobús en las cercanías (2, 44, 45, 64, 127, 132, C, F)

¡OPORTUNIDAD! Con KÌRON y sus consejeros de crédito podrás encontrar la hipoteca que mejor se adapte a tus necesidades de financiación, valorando todas las ofertas que ofrecen las entidades bancarias de nuestro país con la posibilidad de financiación hasta 100 x 100, asesórate gratis y sin compromiso-. '.

¡MÁS DE 30 AÑOS NOS AVALAN EN EL BARRIO!

-Reserva tu visita. -.",1,1,1,1,1,1,1,1,1,1,"['https://cdn-media.medialabtc.it/es/agencies/md088/estates/619553/images/8957097/gallery_media.jpeg', 'https://cdn-media.medialabtc.it/es/agencies/md088/estates/619553/images/8957061/gallery_media.jpeg', 'https://cdn-media.medialabtc.it/es/agencies/md088/estates/619553/images/8957086/gallery_media.jpeg', 'https://cdn-media.medialabtc.it/es/agencies/md088/estates/619553/images/8957089/gallery_media.jpeg', 'https://cdn-media.medialabtc.it/es/agencies/md088/estates/619553/images/8957074/gallery_media.jpeg', 'https://cdn-media.medialabtc.it/es/agencies/md088/estates/619553/images/8957085/gallery_media.jpeg', 'https://cdn-media.medialabtc.it/es/agencies/md088/estates/619553/images/8957088/gallery_media.jpeg', 'https://cdn-media.medialabtc.it/es/agencies/md088/estates/619553/images/8957106/gallery_media.jpeg', 'https://cdn-media.medialabtc.it/es/agencies/md088/estates/619553/images/8957090/gallery_media.jpeg', 'https://cdn-media.medialabtc.it/es/agencies/md088/estates/619553/images/8957091/gallery_media.jpeg', 'https://cdn-media.medialabtc.it/es/agencies/md088/estates/619553/images/8957087/gallery_media.jpeg', 'https://cdn-media.medialabtc.it/es/agencies/md088/estates/619553/images/8957095/gallery_media.jpeg', 'https://cdn-media.medialabtc.it/es/agencies/md088/estates/619553/images/8957082/gallery_media.jpeg', 'https://cdn-media.medialabtc.it/es/agencies/md088/estates/619553/images/8957077/gallery_media.jpeg', 'https://cdn-media.medialabtc.it/es/agencies/md088/estates/619553/images/8957081/gallery_media.jpeg', 'https://cdn-media.medialabtc.it/es/agencies/md088/estates/619553/images/8957100/gallery_media.jpeg', 'https://cdn-media.medialabtc.it/es/agencies/md088/estates/619553/images/8957093/gallery_media.jpeg', 'https://cdn-media.medialabtc.it/es/agencies/md088/estates/619553/images/8957104/gallery_media.jpeg', 'https://cdn-media.medialabtc.it/es/agencies/md088/estates/619553/images/8957092/gallery_media.jpeg', 'https://cdn-media.medialabtc.it/es/agencies/md088/estates/619553/images/8957080/gallery_media.jpeg', 'https://cdn-media.medialabtc.it/es/agencies/md088/estates/619553/images/8957079/gallery_media.jpeg', 'https://cdn-media.medialabtc.it/es/agencies/md088/estates/619553/images/8957078/gallery_media.jpeg', 'https://cdn-media.medialabtc.it/es/agencies/md088/estates/619553/images/8957060/gallery_media.jpeg', 'https://cdn-media.medialabtc.it/es/agencies/md088/estates/619553/images/8957099/gallery_media.jpeg', 'https://cdn-media.medialabtc.it/es/agencies/md088/estates/619553/images/8957103/gallery_media.jpeg', 'https://cdn-media.medialabtc.it/es/agencies/md088/estates/619553/images/8957076/gallery_media.jpeg', 'https://cdn-media.medialabtc.it/es/agencies/md088/estates/619553/images/8957075/gallery_media.jpeg', 'https://cdn-media.medialabtc.it/es/agencies/md088/estates/619553/images/8957107/gallery_media.jpeg', 'https://cdn-media.medialabtc.it/es/agencies/md088/estates/619553/images/8957105/gallery_media.jpeg']",0,Desconocido,0,0,0,1,1,E,0,0,"['imagenes_tecnocasa\\anuncio_422\\0.jpeg', 'imagenes_tecnocasa\\anuncio_422\\1.jpeg', 'imagenes_tecnocasa\\anuncio_422\\2.jpeg', 'imagenes_tecnocasa\\anuncio_422\\3.jpeg', 'imagenes_tecnocasa\\anuncio_422\\4.jpeg', 'imagenes_tecnocasa\\anuncio_422\\5.jpeg', 'imagenes_tecnocasa\\anuncio_422\\6.jpeg', 'imagenes_tecnocasa\\anuncio_422\\7.jpeg', 'imagenes_tecnocasa\\anuncio_422\\8.jpeg', 'imagenes_tecnocasa\\anuncio_422\\9.jpeg', 'imagenes_tecnocasa\\anuncio_422\\10.jpeg', 'imagenes_tecnocasa\\anuncio_422\\11.jpeg', 'imagenes_tecnocasa\\anuncio_422\\12.jpeg', 'imagenes_tecnocasa\\anuncio_422\\13.jpeg', 'imagenes_tecnocasa\\anuncio_422\\14.jpeg', 'imagenes_tecnocasa\\anuncio_422\\15.jpeg', 'imagenes_tecnocasa\\anuncio_422\\16.jpeg', 'imagenes_tecnocasa\\anuncio_422\\17.jpeg', 'imagenes_tecnocasa\\anuncio_422\\18.jpeg', 'imagenes_tecnocasa\\anuncio_422\\19.jpeg', 'imagenes_tecnocasa\\anuncio_422\\20.jpeg', 'imagenes_tecnocasa\\anuncio_422\\21.jpeg', 'imagenes_tecnocasa\\anuncio_422\\22.jpeg', 'imagenes_tecnocasa\\anuncio_422\\23.jpeg', 'imagenes_tecnocasa\\anuncio_422\\24.jpeg', 'imagenes_tecnocasa\\anuncio_422\\25.jpeg', 'imagenes_tecnocasa\\anuncio_422\\26.jpeg', 'imagenes_tecnocasa\\anuncio_422\\27.jpeg', 'imagenes_tecnocasa\\anuncio_422\\28.jpeg']",1,Señorial,1971,1,0,0,piso,4,Madrid,Madrid,40.4167047,-3.7035825,422,6358.381502890174,236.0,176.0,0.0,0.0,1.0,0.0,cerámica,pintura,corredera,estándar (2.4-2.8m),nada,5.0,4.4,convencional,"['#D2B48C', '#F5F5DC', '#8B4513']",buena,False,convencional,normal,ninguno,ninguno,estándar,no visible,ninguno,7.8,6.8,ninguna,5
https://www.tecnocasa.es/venta/piso/madrid/alcorcon/621161.html,210000.0,3,88.0,1,"Agencia inmobiliaria de ALCORCÓN zona METRO PARQUE LISBOA - MAYESI - CANTARRANAS Oficina Tecnocasa de ALCORCÓN vende 5ª planta de esquina con ascensor a 300 metros del Metro-sur Parque Lisboa.
Se trata de una vivienda de 85 m2 construidos que se distribuyen en entrada, dormitorio principal, pasillo, cocina con acceso a terraza abierta, amplio baño con bañera grande, salón con acceso a terraza abierta y dos amplios dormitorios.
La vivienda tiene sol de mañana y al ser de esquina es muy luminosa. Se encuentra rodeada de todos los servicios, (supermercados, centro de salud, farmacia, colegios,....) en una de las zonas más demandadas de Alcorcón.
El estado de la vivienda es para actualizar.",1,1,1,1,1,1,1,1,1,1,"['https://cdn-media.medialabtc.it/es/agencies/mdbl2/estates/621161/images/8982440/gallery_media.jpeg', 'https://cdn-media.medialabtc.it/es/agencies/mdbl2/estates/621161/images/8982431/gallery_media.jpeg', 'https://cdn-media.medialabtc.it/es/agencies/mdbl2/estates/621161/images/8982439/gallery_media.jpeg', 'https://cdn-media.medialabtc.it/es/agencies/mdbl2/estates/621161/images/8982436/gallery_media.jpeg', 'https://cdn-media.medialabtc.it/es/agencies/mdbl2/estates/621161/images/8982437/gallery_media.jpeg', 'https://cdn-media.medialabtc.it/es/agencies/mdbl2/estates/621161/images/8982422/gallery_media.jpeg', 'https://cdn-media.medialabtc.it/es/agencies/mdbl2/estates/621161/images/8982429/gallery_media.jpeg', 'https://cdn-media.medialabtc.it/es/agencies/mdbl2/estates/621161/images/8982424/gallery_media.jpeg', 'https://cdn-media.medialabtc.it/es/agencies/mdbl2/estates/621161/images/8982423/gallery_media.jpeg', 'https://cdn-media.medialabtc.it/es/agencies/mdbl2/estates/621161/images/8982442/gallery_media.jpeg', 'https://cdn-media.medialabtc.it/es/agencies/mdbl2/estates/621161/images/8982426/gallery_media.jpeg', 'https://cdn-media.medialabtc.it/es/agencies/mdbl2/estates/621161/images/8982438/gallery_media.jpeg', 'https://cdn-media.medialabtc.it/es/agencies/mdbl2/estates/621161/images/8982441/gallery_media.jpeg', 'https://cdn-media.medialabtc.it/es/agencies/mdbl2/estates/621161/images/8982435/gallery_media.jpeg', 'https://cdn-media.medialabtc.it/es/agencies/mdbl2/estates/621161/images/8982443/gallery_media.jpeg', 'https://cdn-media.medialabtc.it/es/agencies/mdbl2/estates/621161/images/8982432/gallery_media.jpeg', 'https://cdn-media.medialabtc.it/es/agencies/mdbl2/estates/621161/images/8982444/gallery_media.jpeg', 'https://cdn-media.medialabtc.it/es/agencies/mdbl2/estates/621161/images/8982430/gallery_media.jpeg', 'https://cdn-media.medialabtc.it/es/agencies/mdbl2/estates/621161/images/8982433/gallery_media.jpeg', 'https://cdn-media.medialabtc.it/es/agencies/mdbl2/estates/621161/images/8982445/gallery_media.jpeg', 'https://cdn-media.medialabtc.it/es/agencies/mdbl2/estates/621161/images/8982427/gallery_media.jpeg', 'https://cdn-media.medialabtc.it/es/agencies/mdbl2/estates/621161/images/8982428/gallery_media.jpeg', 'https://cdn-media.medialabtc.it/es/agencies/mdbl2/estates/621161/images/8982425/gallery_media.jpeg']",0,Desconocido,0,0,0,1,0,Desconocida,0,0,"['imagenes_tecnocasa\\anuncio_423\\0.jpeg', 'imagenes_tecnocasa\\anuncio_423\\1.jpeg', 'imagenes_tecnocasa\\anuncio_423\\2.jpeg', 'imagenes_tecnocasa\\anuncio_423\\3.jpeg', 'imagenes_tecnocasa\\anuncio_423\\4.jpeg', 'imagenes_tecnocasa\\anuncio_423\\5.jpeg', 'imagenes_tecnocasa\\anuncio_423\\6.jpeg', 'imagenes_tecnocasa\\anuncio_423\\7.jpeg', 'imagenes_tecnocasa\\anuncio_423\\8.jpeg', 'imagenes_tecnocasa\\anuncio_423\\9.jpeg', 'imagenes_tecnocasa\\anuncio_423\\10.jpeg', 'imagenes_tecnocasa\\anuncio_423\\11.jpeg', 'imagenes_tecnocasa\\anuncio_423\\12.jpeg', 'imagenes_tecnocasa\\anuncio_423\\13.jpeg', 'imagenes_tecnocasa\\anuncio_423\\14.jpeg', 'imagenes_tecnocasa\\anuncio_423\\15.jpeg', 'imagenes_tecnocasa\\anuncio_423\\16.jpeg', 'imagenes_tecnocasa\\anuncio_423\\17.jpeg', 'imagenes_tecnocasa\\anuncio_423\\18.jpeg', 'imagenes_tecnocasa\\anuncio_423\\19.jpeg', 'imagenes_tecnocasa\\anuncio_423\\20.jpeg', 'imagenes_tecnocasa\\anuncio_423\\21.jpeg', 'imagenes_tecnocasa\\anuncio_423\\22.jpeg']",0,Media,1972,0,0,1,piso,3,Alcorcón,"Torres Bellas, Alcorcón",40.3492998,-3.8284295,423,2386.3636363636365,112.0,84.0,0.0,0.0,1.0,0.0,otro,pintura,corredera,estándar (2.4-2.8m),nada,3.0,2.4,convencional,"['#F5F5DC', '#FFE4E1', '#A0522D']",regular,False,convencional,limitado,ninguno,ninguno,estándar,básica,ninguno,5.8,6.8,ninguna,5
https://www.tecnocasa.es/venta/piso/madrid/villanueva-del-pardillo/618598.html,549000.0,4,179.0,3,"TECNOCASA Villanueva del Pardillo ofrece, en exclusiva esta propiedad para que usted compre con seguridad y tranquilidad, sin más agencias y otros compradores. Confíe en la inmobiliaria líder en España.

Gestionamos cambios de vivienda, valoración inmobiliaria gratuita. Financiación hasta el 100% en esta propiedad. Consúltenos condiciones.

Exclusivo Dúplex en Villanueva del Pardillo – 4 Dormitorios, 3 Baños y Vistas Incomparables

Te presentamos este precioso dúplex ubicado en una urbanización privada, tranquila y familiar, a la entrada de Villanueva del Pardillo. La vivienda destaca por su excelente distribución, sus calidades de primera y dos terrazas con vistas de ensueño que enamoran a primera vista.

Dispone de cuatro amplios dormitorios con armarios empotrados (el principal en suite), tres baños completos con acabados elegantes, y un salón-comedor luminoso y espacioso, ideal para crear varios ambientes y disfrutar en familia o con amigos. Toda la vivienda cuenta con aire acondicionado en salón y dormitorios.

La cocina está completamente equipada, con encimeras de piedra, electrodomésticos integrados y una práctica barra para desayunos. Además, tiene un tendedero independiente con espacio para lavadora y secadora.

Uno de los mayores atractivos son sus dos terrazas privadas, una en cada planta. La terraza superior, accesible tanto desde un dormitorio como desde el pasillo, ofrece un espacio íntimo y relajante con unas vistas espectaculares que invitan a desconectar.

La propiedad cuenta con carpintería exterior de PVC oscilobatiente, puertas lacadas en blanco, paredes de pintura lisa y suelo de tarima de alta calidad, todo en un estado impecable. El edificio dispone de ascensor, rampas y accesos sin barreras arquitectónicas.

PLAZA DE GARAJE Y TRASTERO INCLUIDOS EN EL PRECIO.

Ubicada en una de las zonas más demandadas del municipio, esta vivienda combina comodidad, diseño y una calidad de vida excepcional.

TECNOCASA inmobiliaria líder en España con más de 950 puntos de venta, más de 30 años de experiencia en territorio nacional.

Agencia Inmobiliaria Tecnocasa Villanueva del Pardillo, Natura, Villafranca del castillo, Las Vegas, Santa María.",0,0,1,1,1,1,0,1,0,1,"['https://cdn-media.medialabtc.it/es/agencies/md593/estates/618598/images/8920315/gallery_media.jpeg', 'https://cdn-media.medialabtc.it/es/agencies/md593/estates/618598/images/8920326/gallery_media.jpeg', 'https://cdn-media.medialabtc.it/es/agencies/md593/estates/618598/images/8920314/gallery_media.jpeg', 'https://cdn-media.medialabtc.it/es/agencies/md593/estates/618598/images/8919861/gallery_media.jpeg', 'https://cdn-media.medialabtc.it/es/agencies/md593/estates/618598/images/8919862/gallery_media.jpeg', 'https://cdn-media.medialabtc.it/es/agencies/md593/estates/618598/images/8920319/gallery_media.jpeg', 'https://cdn-media.medialabtc.it/es/agencies/md593/estates/618598/images/8920321/gallery_media.jpeg', 'https://cdn-media.medialabtc.it/es/agencies/md593/estates/618598/images/8920312/gallery_media.jpeg', 'https://cdn-media.medialabtc.it/es/agencies/md593/estates/618598/images/8919857/gallery_media.jpeg', 'https://cdn-media.medialabtc.it/es/agencies/md593/estates/618598/images/8920318/gallery_media.jpeg', 'https://cdn-media.medialabtc.it/es/agencies/md593/estates/618598/images/8919860/gallery_media.jpeg', 'https://cdn-media.medialabtc.it/es/agencies/md593/estates/618598/images/8920344/gallery_media.jpeg', 'https://cdn-media.medialabtc.it/es/agencies/md593/estates/618598/images/8920310/gallery_media.jpeg', 'https://cdn-media.medialabtc.it/es/agencies/md593/estates/618598/images/8919865/gallery_media.jpeg', 'https://cdn-media.medialabtc.it/es/agencies/md593/estates/618598/images/8920343/gallery_media.jpeg', 'https://cdn-media.medialabtc.it/es/agencies/md593/estates/618598/images/8920327/gallery_media.jpeg', 'https://cdn-media.medialabtc.it/es/agencies/md593/estates/618598/images/8920325/gallery_media.jpeg', 'https://cdn-media.medialabtc.it/es/agencies/md593/estates/618598/images/8919864/gallery_media.jpeg', 'https://cdn-media.medialabtc.it/es/agencies/md593/estates/618598/images/8919859/gallery_media.jpeg', 'https://cdn-media.medialabtc.it/es/agencies/md593/estates/618598/images/8919856/gallery_media.jpeg', 'https://cdn-media.medialabtc.it/es/agencies/md593/estates/618598/images/8920342/gallery_media.jpeg', 'https://cdn-media.medialabtc.it/es/agencies/md593/estates/618598/images/8920317/gallery_media.jpeg', 'https://cdn-media.medialabtc.it/es/agencies/md593/estates/618598/images/8920316/gallery_media.jpeg', 'https://cdn-media.medialabtc.it/es/agencies/md593/estates/618598/images/8919858/gallery_media.jpeg', 'https://cdn-media.medialabtc.it/es/agencies/md593/estates/618598/images/8920311/gallery_media.jpeg', 'https://cdn-media.medialabtc.it/es/agencies/md593/estates/618598/images/8919863/gallery_media.jpeg', 'https://cdn-media.medialabtc.it/es/agencies/md593/estates/618598/images/8920320/gallery_media.jpeg', 'https://cdn-media.medialabtc.it/es/agencies/md593/estates/618598/images/8920313/gallery_media.jpeg']",1,Desconocido,1,1,0,1,1,E,0,0,"['imagenes_tecnocasa\\anuncio_426\\0.jpeg', 'imagenes_tecnocasa\\anuncio_426\\1.jpeg', 'imagenes_tecnocasa\\anuncio_426\\2.jpeg', 'imagenes_tecnocasa\\anuncio_426\\3.jpeg', 'imagenes_tecnocasa\\anuncio_426\\4.jpeg', 'imagenes_tecnocasa\\anuncio_426\\5.jpeg', 'imagenes_tecnocasa\\anuncio_426\\6.jpeg', 'imagenes_tecnocasa\\anuncio_426\\7.jpeg', 'imagenes_tecnocasa\\anuncio_426\\8.jpeg', 'imagenes_tecnocasa\\anuncio_426\\9.jpeg', 'imagenes_tecnocasa\\anuncio_426\\10.jpeg', 'imagenes_tecnocasa\\anuncio_426\\11.jpeg', 'imagenes_tecnocasa\\anuncio_426\\12.jpeg', 'imagenes_tecnocasa\\anuncio_426\\13.jpeg', 'imagenes_tecnocasa\\anuncio_426\\14.jpeg', 'imagenes_tecnocasa\\anuncio_426\\15.jpeg', 'imagenes_tecnocasa\\anuncio_426\\16.jpeg', 'imagenes_tecnocasa\\anuncio_426\\17.jpeg', 'imagenes_tecnocasa\\anuncio_426\\18.jpeg', 'imagenes_tecnocasa\\anuncio_426\\19.jpeg', 'imagenes_tecnocasa\\anuncio_426\\20.jpeg', 'imagenes_tecnocasa\\anuncio_426\\21.jpeg', 'imagenes_tecnocasa\\anuncio_426\\22.jpeg', 'imagenes_tecnocasa\\anuncio_426\\23.jpeg', 'imagenes_tecnocasa\\anuncio_426\\24.jpeg', 'imagenes_tecnocasa\\anuncio_426\\25.jpeg', 'imagenes_tecnocasa\\anuncio_426\\26.jpeg', 'imagenes_tecnocasa\\anuncio_426\\27.jpeg']",1,Señorial,1991,1,0,1,piso,1,Villanueva del Pardillo,Villanueva Del Pardillo,40.4949232,-3.9600065,426,3067.0391061452515,323.0,217.0,0.6583333333333333,0.7999999999999999,3.0,1.0,cerámica,pintura,corredera,estándar (2.4-2.8m),nada,5.6,6.4,moderno,"['#D2691E', '#8B4513', '#F5F5DC']",buena,True,convencional,limitado,balcón,ninguno,estándar,básica,ninguno,7.6,6.6,ninguna,5
https://www.tecnocasa.es/venta/piso/madrid/leganes/621581.html,183000.0,3,80.0,1,"INMOBILIARIA EN SAN NICASIO - TECNOCASA ESTUDIO RÍO DUERO S. L
¡PISO EN TERCERA PLANTA EN BUEN ESTADO EN SAN NICASIO! Esta situado en muy buena zona cerca de metrosur San Nicasio, Renfe Leganés-Central, universidad Carlos III y centro de Leganés. Piso muy amplio que consta de entrada, salón, cocina, baño, 3 dormitorios y terraza.
DETALLE DE CALIDADES - Cocina amueblada - Suelos de parquet - ventanas de aluminio - Puerta blindada - baño con plato de ducha y ventana.
Asesoramiento financiero sin compromiso, te ayudamos a conseguir las mejores condiciones con las entidades bancarias.",1,1,1,1,1,1,0,1,1,1,"['https://cdn-media.medialabtc.it/es/agencies/mdbc5/estates/621581/images/8990870/gallery_media.jpeg', 'https://cdn-media.medialabtc.it/es/agencies/mdbc5/estates/621581/images/8990873/gallery_media.jpeg', 'https://cdn-media.medialabtc.it/es/agencies/mdbc5/estates/621581/images/8990865/gallery_media.jpeg', 'https://cdn-media.medialabtc.it/es/agencies/mdbc5/estates/621581/images/8990864/gallery_media.jpeg', 'https://cdn-media.medialabtc.it/es/agencies/mdbc5/estates/621581/images/8990863/gallery_media.jpeg', 'https://cdn-media.medialabtc.it/es/agencies/mdbc5/estates/621581/images/8990868/gallery_media.jpeg', 'https://cdn-media.medialabtc.it/es/agencies/mdbc5/estates/621581/images/8990877/gallery_media.jpeg', 'https://cdn-media.medialabtc.it/es/agencies/mdbc5/estates/621581/images/8990879/gallery_media.jpeg', 'https://cdn-media.medialabtc.it/es/agencies/mdbc5/estates/621581/images/8990880/gallery_media.jpeg', 'https://cdn-media.medialabtc.it/es/agencies/mdbc5/estates/621581/images/8990876/gallery_media.jpeg', 'https://cdn-media.medialabtc.it/es/agencies/mdbc5/estates/621581/images/8990874/gallery_media.jpeg', 'https://cdn-media.medialabtc.it/es/agencies/mdbc5/estates/621581/images/8990881/gallery_media.jpeg', 'https://cdn-media.medialabtc.it/es/agencies/mdbc5/estates/621581/images/8990867/gallery_media.jpeg', 'https://cdn-media.medialabtc.it/es/agencies/mdbc5/estates/621581/images/8990869/gallery_media.jpeg', 'https://cdn-media.medialabtc.it/es/agencies/mdbc5/estates/621581/images/8990875/gallery_media.jpeg', 'https://cdn-media.medialabtc.it/es/agencies/mdbc5/estates/621581/images/8990866/gallery_media.jpeg', 'https://cdn-media.medialabtc.it/es/agencies/mdbc5/estates/621581/images/8990884/gallery_media.jpeg', 'https://cdn-media.medialabtc.it/es/agencies/mdbc5/estates/621581/images/8990878/gallery_media.jpeg', 'https://cdn-media.medialabtc.it/es/agencies/mdbc5/estates/621581/images/8990871/gallery_media.jpeg', 'https://cdn-media.medialabtc.it/es/agencies/mdbc5/estates/621581/images/8990883/gallery_media.jpeg', 'https://cdn-media.medialabtc.it/es/agencies/mdbc5/estates/621581/images/8990882/gallery_media.jpeg', 'https://cdn-media.medialabtc.it/es/agencies/mdbc5/estates/621581/images/8993046/gallery_media.jpeg', 'https://cdn-media.medialabtc.it/es/agencies/mdbc5/estates/621581/images/8990872/gallery_media.jpeg']",0,Buen estado,0,0,0,1,0,Desconocida,0,0,"['imagenes_tecnocasa\\anuncio_427\\0.jpeg', 'imagenes_tecnocasa\\anuncio_427\\1.jpeg', 'imagenes_tecnocasa\\anuncio_427\\2.jpeg', 'imagenes_tecnocasa\\anuncio_427\\3.jpeg', 'imagenes_tecnocasa\\anuncio_427\\4.jpeg', 'imagenes_tecnocasa\\anuncio_427\\5.jpeg', 'imagenes_tecnocasa\\anuncio_427\\6.jpeg', 'imagenes_tecnocasa\\anuncio_427\\7.jpeg', 'imagenes_tecnocasa\\anuncio_427\\8.jpeg', 'imagenes_tecnocasa\\anuncio_427\\9.jpeg', 'imagenes_tecnocasa\\anuncio_427\\10.jpeg', 'imagenes_tecnocasa\\anuncio_427\\11.jpeg', 'imagenes_tecnocasa\\anuncio_427\\12.jpeg', 'imagenes_tecnocasa\\anuncio_427\\13.jpeg', 'imagenes_tecnocasa\\anuncio_427\\14.jpeg', 'imagenes_tecnocasa\\anuncio_427\\15.jpeg', 'imagenes_tecnocasa\\anuncio_427\\16.jpeg', 'imagenes_tecnocasa\\anuncio_427\\17.jpeg', 'imagenes_tecnocasa\\anuncio_427\\18.jpeg', 'imagenes_tecnocasa\\anuncio_427\\19.jpeg', 'imagenes_tecnocasa\\anuncio_427\\20.jpeg', 'imagenes_tecnocasa\\anuncio_427\\21.jpeg', 'imagenes_tecnocasa\\anuncio_427\\22.jpeg']",0,Señorial,1970,0,0,0,piso,2,Leganés,"San Nicasio, Leganés",40.3281942,-3.76527,427,2287.5,95.0,76.0,0.0,0.0,1.0,0.0,parquet,pintura,corredera,estándar (2.4-2.8m),nada,3.0,3.2,convencional,"['#A0522D', '#DEB887', '#F5F5DC']",buena,False,convencional,normal,ninguno,ninguno,estándar,básica,ninguno,6.6,6.2,ninguna,5
